{
"type": "FeatureCollection",
"name": "Energia_linea_de_transmision",
"crs": { "type": "name", "properties": { "name": "urn:ogc:def:crs:OGC:1.3:CRS84" } },
"features": [
{ "type": "Feature", "properties": { "fid": 1, "OBJECTID": 1046, "ID_LIN_TRANS": 905, "SUBTIPO": 100, "NOMBRE": "NUEVA MAITENCILLO - NUEVA PAN DE AZUCAR 500KV", "CIRCUITO": "C1 - C2", "TIPO": "NACIONAL", "F_OPERACIO": "2018-05-30T20:00:00", "LONG_KM": 216.00599096, "TRAMO": "NUEVA MAITENCILLO - NUEVA PAN DE AZUCAR", "PROPIEDAD": "INTERCHILE S.A.", "TENSION_KV": 500.0, "RCA": "S/I", "SIST_ELECT": "SEN", "ESTADO": "EN OPERACION", "REGION": "ATACAMA-COQUIMBO", "PROVINCIA": "HUASCO-ELQUI", "COMUNA": "LA SERENA-FREIRINA-COQUIMBO-LA HIGUERA-VALLENAR", "FUENTE_BAS": "CEN", "FECH_CREA": "2019-04-25T20:00:00", "FECH_ACT": "2024-04-29T20:00:00", "Shape__Length": 2.0331535691204681, "Origen de la Data": "Visor de Capas del Ministerio de Energia, IDE Energia, disponible en https://ide-energia.minenergia.cl/portal/apps/webappviewer/index.html?id=5c526a138b1449458e0667b2235d2b19" }, "geometry": { "type": "MultiLineString", "coordinates": [ [ [ -70.928434895999942, -28.54343188799993 ], [ -70.927934040999958, -28.543520937999972 ], [ -70.926258306999955, -28.543819050999957 ], [ -70.924506465999968, -28.54600193899995 ], [ -70.921909803999938, -28.549237395999967 ], [ -70.91967587299996, -28.552020636999941 ], [ -70.916338830999962, -28.55752782999997 ], [ -70.914807338999935, -28.560055087999956 ], [ -70.911117948999959, -28.566142583999977 ], [ -70.908451167999942, -28.570542412999941 ], [ -70.904483813999946, -28.573621325999966 ], [ -70.899829448999981, -28.577233044999957 ], [ -70.897168571999941, -28.579297580999935 ], [ -70.893744627999979, -28.581954130999975 ], [ -70.890364269999964, -28.584576512999945 ], [ -70.886623044999965, -28.587478701999942 ], [ -70.88290088399998, -28.591255481999951 ], [ -70.879835169999978, -28.59436594999994 ], [ -70.876782032999984, -28.597463454999968 ], [ -70.873582673999977, -28.600708923999946 ], [ -70.870501849999982, -28.60383393099994 ], [ -70.867480614999977, -28.606898314999967 ], [ -70.864306204999934, -28.610117696999964 ], [ -70.861546221999959, -28.612916670999937 ], [ -70.857750543999941, -28.616765645999976 ], [ -70.854163885999981, -28.620402216999935 ], [ -70.850760370999978, -28.623852921999969 ], [ -70.847027520999973, -28.627637049999976 ], [ -70.843562134999956, -28.631149701999959 ], [ -70.839723945999935, -28.635040021999941 ], [ -70.836963772999979, -28.637837356999967 ], [ -70.832381568999949, -28.638138552999976 ], [ -70.82696653499994, -28.638494324999954 ], [ -70.823477285999957, -28.638723442999947 ], [ -70.821167417999959, -28.640848529999971 ], [ -70.817977689999964, -28.643782840999961 ], [ -70.814792116999968, -28.646713234999936 ], [ -70.811180780999962, -28.650034937999976 ], [ -70.808163822999973, -28.652809611999942 ], [ -70.805641431999959, -28.655129407999937 ], [ -70.802972479999937, -28.65758376399998 ], [ -70.799778616999959, -28.660520522999946 ], [ -70.795694298999933, -28.664275951999969 ], [ -70.792096568999966, -28.667583548999971 ], [ -70.789354953999975, -28.670103857999948 ], [ -70.787936598999977, -28.671139786999959 ], [ -70.785548356999982, -28.672884160999956 ], [ -70.780786487999933, -28.676361767999936 ], [ -70.776771305999944, -28.679293838999968 ], [ -70.775210070999947, -28.68043384899994 ], [ -70.774285230999965, -28.681885402999967 ], [ -70.771036379999941, -28.686984132999953 ], [ -70.767170602999954, -28.693050558999971 ], [ -70.765489288999959, -28.695688491999931 ], [ -70.762941588999979, -28.69968580099993 ], [ -70.761621894999962, -28.701756416999956 ], [ -70.759709225999984, -28.704756903999964 ], [ -70.760258575999956, -28.706078457999979 ], [ -70.763078290999943, -28.712861289999978 ], [ -70.764007581999977, -28.715096606999964 ], [ -70.765473150999981, -28.717218792999972 ], [ -70.767923595999946, -28.720766965999928 ], [ -70.769421331999979, -28.722935516999939 ], [ -70.772041418999947, -28.72672873199997 ], [ -70.774409726999977, -28.730157104999932 ], [ -70.776337087999934, -28.73294709399994 ], [ -70.777341716999956, -28.736707623999962 ], [ -70.778516733999936, -28.741104976999964 ], [ -70.779483926999944, -28.744724838999957 ], [ -70.780393458999981, -28.748128334999933 ], [ -70.781432408999933, -28.752015782999933 ], [ -70.782625521999933, -28.756479528999932 ], [ -70.78396300299994, -28.761483057999953 ], [ -70.784909169999935, -28.765022554999973 ], [ -70.785259598999971, -28.769569133999937 ], [ -70.785519864999969, -28.772944694999978 ], [ -70.785808178999957, -28.776684719999935 ], [ -70.791047903999981, -28.78829809299998 ], [ -70.795651223999982, -28.793301947999964 ], [ -70.798200131999977, -28.795898830999931 ], [ -70.801540853999938, -28.799448479999967 ], [ -70.804950891999965, -28.803071465999949 ], [ -70.807024676999959, -28.808629091999933 ], [ -70.807818975999965, -28.810757455999976 ], [ -70.808368827999971, -28.812131721999947 ], [ -70.809360638999976, -28.814610617999961 ], [ -70.811583987999938, -28.820167137999931 ], [ -70.812925868999969, -28.823520213999927 ], [ -70.814320542999951, -28.827005030999942 ], [ -70.815238421999936, -28.829298523999967 ], [ -70.817002741999943, -28.833706422999967 ], [ -70.818779218999964, -28.838144266999961 ], [ -70.819943835999936, -28.841053146999968 ], [ -70.821553958999971, -28.845074937999982 ], [ -70.823147812999935, -28.849055504999967 ], [ -70.825613567999937, -28.85401197799996 ], [ -70.827520968999977, -28.857845657999974 ], [ -70.828151172999981, -28.859112339999967 ], [ -70.829195057999982, -28.861459585999967 ], [ -70.831421918999979, -28.866466361999983 ], [ -70.832404806999989, -28.868676072999961 ], [ -70.834120108999969, -28.872532099999944 ], [ -70.835900759999959, -28.876534564999929 ], [ -70.837252649999982, -28.879573166999933 ], [ -70.838524985999982, -28.882432725999934 ], [ -70.84205271999997, -28.886431542999958 ], [ -70.844150970999976, -28.888809703999982 ], [ -70.847315638999987, -28.892396355999949 ], [ -70.850858391999964, -28.896411221999983 ], [ -70.854217443999971, -28.900217361999978 ], [ -70.856911645999958, -28.90326990799997 ], [ -70.85938056599997, -28.90606706899996 ], [ -70.86169962799994, -28.908694083999933 ], [ -70.864680246999967, -28.91207049999997 ], [ -70.86758453799996, -28.915360103999944 ], [ -70.87099277599998, -28.919220137999957 ], [ -70.873865955999975, -28.922473837999974 ], [ -70.875617654999985, -28.92445734599994 ], [ -70.878039217999969, -28.927199290999965 ], [ -70.880045521999989, -28.929470819999949 ], [ -70.881814110999983, -28.931473222999955 ], [ -70.885139197999933, -28.934703550999984 ], [ -70.88841019299997, -28.937880948999975 ], [ -70.892582786999981, -28.941933755999969 ], [ -70.89471238699997, -28.94400199699993 ], [ -70.897808621999957, -28.947008896999932 ], [ -70.90099057599997, -28.950098785999955 ], [ -70.904500897999981, -28.953507249999973 ], [ -70.905809463999958, -28.957164291999959 ], [ -70.907307052999954, -28.961349387999974 ], [ -70.908571601999938, -28.964883035999947 ], [ -70.910411432999979, -28.970023580999964 ], [ -70.912069402999975, -28.974655416999951 ], [ -70.913549682999985, -28.978790404999984 ], [ -70.915235547999941, -28.983499480999967 ], [ -70.914844690999985, -28.987232842999958 ], [ -70.914463930999943, -28.99086914999998 ], [ -70.913981472999978, -28.995476363999956 ], [ -70.913552574999983, -28.999571824999975 ], [ -70.913136408999947, -29.003546189999952 ], [ -70.912630296999964, -29.008378411999956 ], [ -70.912145619999933, -29.013005226999951 ], [ -70.911665558999971, -29.017588931999967 ], [ -70.911281492999933, -29.021255045999965 ], [ -70.911562505999939, -29.023140336999973 ], [ -70.911950819999959, -29.025744606999979 ], [ -70.912759043999984, -29.031165004999934 ], [ -70.913413998999943, -29.035557302999962 ], [ -70.914034338999954, -29.039717286999974 ], [ -70.914645121999968, -29.04381243399996 ], [ -70.91513699099994, -29.04710954199993 ], [ -70.915783984999962, -29.051446974999976 ], [ -70.916402326999957, -29.055592072999957 ], [ -70.916968077999968, -29.059383755999932 ], [ -70.917445592999968, -29.062583778999965 ], [ -70.918379379999976, -29.066007006999939 ], [ -70.919576158999973, -29.07039392799993 ], [ -70.92086474499996, -29.07511707499998 ], [ -70.922126458999969, -29.079741332999959 ], [ -70.923338909999984, -29.084184281999967 ], [ -70.92463812699998, -29.088944936999951 ], [ -70.925858868999967, -29.093417598999963 ], [ -70.927006844999937, -29.097623211999974 ], [ -70.928302111999983, -29.102769065999951 ], [ -70.929383385999984, -29.106328287999929 ], [ -70.932702975999973, -29.109837200999948 ], [ -70.935984637999979, -29.113305785999955 ], [ -70.93926935199994, -29.116777214999956 ], [ -70.942255392999982, -29.119932745999961 ], [ -70.948410364999972, -29.126436184999932 ], [ -70.956079435999982, -29.133065913999928 ], [ -70.959302000999969, -29.135851418999948 ], [ -70.962153691999958, -29.138316180999936 ], [ -70.966322803999958, -29.141919103999953 ], [ -70.969949826999937, -29.14505326699998 ], [ -70.974804456999948, -29.149247829999979 ], [ -70.977039592999972, -29.151296085999945 ], [ -70.980703526999946, -29.154653334999978 ], [ -70.986627700999975, -29.160080919999928 ], [ -70.99157108299994, -29.163347577999957 ], [ -70.99254915399996, -29.163993861999984 ], [ -70.998258403999955, -29.167766047999976 ], [ -71.001868770999977, -29.170151166999972 ], [ -71.006740929999978, -29.173369569999977 ], [ -71.013487131999966, -29.177825324999958 ], [ -71.014974801999983, -29.178807716999984 ], [ -71.01991161899997, -29.182067762999964 ], [ -71.022291357999961, -29.185104617999968 ], [ -71.025110821999988, -29.188702120999949 ], [ -71.024194344999955, -29.197080783999979 ], [ -71.021160330999976, -29.20281539299998 ], [ -71.019303806999972, -29.206323856999973 ], [ -71.019118048999985, -29.211865805999935 ], [ -71.018947257999969, -29.216959636999945 ], [ -71.018792938999979, -29.221561387999941 ], [ -71.018683144999954, -29.224836035999942 ], [ -71.01746301299994, -29.228486362999945 ], [ -71.016004925999937, -29.232848098999966 ], [ -71.014184027999988, -29.236465319999979 ], [ -71.013399318999973, -29.240642204999972 ], [ -71.012791519999951, -29.242460050999966 ], [ -71.012153084999966, -29.244369393999932 ], [ -71.012607745999958, -29.246231783999974 ], [ -71.013394739999967, -29.249454840999931 ], [ -71.013890612999944, -29.251485597999931 ], [ -71.015072601999975, -29.256325597999933 ], [ -71.017199729999959, -29.261533426999961 ], [ -71.017931198999975, -29.263324119999936 ], [ -71.019925991999969, -29.268207359999963 ], [ -71.023542043999953, -29.271009570999979 ], [ -71.026697207999973, -29.273454335999929 ], [ -71.029010066999945, -29.275246398999968 ], [ -71.032085224999946, -29.277628901999947 ], [ -71.03629738799998, -29.280892019999953 ], [ -71.043922518999977, -29.286798207999936 ], [ -71.045511330999943, -29.288028649999944 ], [ -71.050140847999955, -29.291650315999959 ], [ -71.056091902999981, -29.296305205999943 ], [ -71.058172959999979, -29.297932833999937 ], [ -71.061379111999941, -29.300440168999955 ], [ -71.068817792999937, -29.306256932999929 ], [ -71.070233732999952, -29.307363962999943 ], [ -71.077588891999937, -29.313114006999967 ], [ -71.081076024999959, -29.31583976099995 ], [ -71.086640588999956, -29.320188831999928 ], [ -71.093465855999966, -29.325522431999957 ], [ -71.097048947999951, -29.327929994999977 ], [ -71.104127310999957, -29.332500429999982 ], [ -71.105019972999969, -29.333285185999955 ], [ -71.097048947999951, -29.327929994999977 ], [ -71.103927108999983, -29.332729145999963 ], [ -71.105019972999969, -29.333285185999955 ], [ -71.110699996999983, -29.337100480999936 ], [ -71.112929374999965, -29.338597806999928 ], [ -71.119057650999935, -29.342713371999935 ], [ -71.121623739999961, -29.344436523999946 ], [ -71.124344994999944, -29.346263704999956 ], [ -71.128266642999961, -29.348896759999946 ], [ -71.13171943499998, -29.351214732999949 ], [ -71.13340207899995, -29.355261989999974 ], [ -71.134893588999944, -29.358848988999966 ], [ -71.136632994999957, -29.363031879999937 ], [ -71.138326791999987, -29.367104859999984 ], [ -71.140247411999951, -29.371722808999948 ], [ -71.142761503999964, -29.374475953999934 ], [ -71.146548504999942, -29.378622683999936 ], [ -71.150495244999945, -29.38294381999998 ], [ -71.153820004999943, -29.388160039999946 ], [ -71.155887821999954, -29.391403882999953 ], [ -71.158640080999987, -29.395721054999967 ], [ -71.16125233799994, -29.399818127999936 ], [ -71.163826874999984, -29.403855845999942 ], [ -71.166295994999984, -29.407727679999937 ], [ -71.168560654999965, -29.411278626999945 ], [ -71.171043898999983, -29.415171958999963 ], [ -71.173527339999964, -29.419065233999959 ], [ -71.175450927999975, -29.422080646999973 ], [ -71.17773447999997, -29.425659970999959 ], [ -71.179596689999983, -29.428578517999938 ], [ -71.182705281999972, -29.433450253999979 ], [ -71.184937852999951, -29.436948797999946 ], [ -71.187491292999937, -29.440949688999979 ], [ -71.189774974999978, -29.444527591999929 ], [ -71.192190776999951, -29.448312219999934 ], [ -71.194689331999939, -29.452225977999944 ], [ -71.197329453999942, -29.456361355999945 ], [ -71.199701448999974, -29.460076174999983 ], [ -71.202477396999939, -29.46442318499993 ], [ -71.205187857999988, -29.468667370999981 ], [ -71.207853086999933, -29.472840246999965 ], [ -71.210407751999981, -29.476839603999963 ], [ -71.213179630999946, -29.481178476999958 ], [ -71.215873402999989, -29.485394803999952 ], [ -71.218552350999971, -29.489587405999941 ], [ -71.22071294999995, -29.492968521999956 ], [ -71.225117800999953, -29.49551398899996 ], [ -71.229327542999954, -29.497946371999944 ], [ -71.233456114999967, -29.500331710999944 ], [ -71.236100938999982, -29.501859646999947 ], [ -71.238542560999974, -29.503270057999941 ], [ -71.239587438999934, -29.506705427999975 ], [ -71.24080218499995, -29.510698801999979 ], [ -71.242279928999949, -29.515556419999939 ], [ -71.243538955999952, -29.519694708999964 ], [ -71.244573198999944, -29.523093932999984 ], [ -71.245745106999948, -29.526944968999942 ], [ -71.246846812999934, -29.530565228999933 ], [ -71.248029595999981, -29.534451505999982 ], [ -71.248663301999954, -29.536533532999954 ], [ -71.249678311999958, -29.541632337999943 ], [ -71.250521163999963, -29.545866436999972 ], [ -71.251427942999953, -29.550420520999978 ], [ -71.251969859999974, -29.553142356999956 ], [ -71.252510057999984, -29.555854924999949 ], [ -71.253257252999958, -29.559607144999973 ], [ -71.254352833999974, -29.565107780999938 ], [ -71.255581182999947, -29.570539564999933 ], [ -71.256306614999971, -29.573747218999983 ], [ -71.257461590999981, -29.57885327799994 ], [ -71.257915038999954, -29.580858004999982 ], [ -71.258336674999953, -29.582721812999978 ], [ -71.259939009999982, -29.589804061999928 ], [ -71.261538123999969, -29.595606445999977 ], [ -71.262986684999987, -29.600861685999973 ], [ -71.263623859999939, -29.603173315999982 ], [ -71.264319705999981, -29.605697478999957 ], [ -71.26394541999997, -29.607944361999955 ], [ -71.263586243999953, -29.610101130999965 ], [ -71.260204192999936, -29.626769311999965 ], [ -71.259171515999981, -29.63185735899998 ], [ -71.258370328999945, -29.635805015999949 ], [ -71.257660734999945, -29.63930120699996 ], [ -71.256810411999936, -29.643490295999982 ], [ -71.256101092999984, -29.64626213799994 ], [ -71.255083548999949, -29.650237907999951 ], [ -71.254468012999951, -29.652642955999966 ], [ -71.253890640999941, -29.654898497999966 ], [ -71.252582667999945, -29.660008410999978 ], [ -71.251771057999974, -29.663487993999979 ], [ -71.250577031999967, -29.668606687999954 ], [ -71.249282367999967, -29.674156051999944 ], [ -71.24717598899997, -29.678086200999928 ], [ -71.245651952999935, -29.680929640999977 ], [ -71.242700988999957, -29.682501029999969 ], [ -71.239611673999946, -29.684146055999975 ], [ -71.236482530999979, -29.685812072999965 ], [ -71.230648483999971, -29.689144238999972 ], [ -71.226391387999968, -29.691575465999961 ], [ -71.222872982999945, -29.693992719999983 ], [ -71.218484683999975, -29.697007256999939 ], [ -71.215662700999985, -29.698945611999932 ], [ -71.214604946999941, -29.700450604999958 ], [ -71.212595566999937, -29.703309306999984 ], [ -71.210091702999989, -29.706871169999943 ], [ -71.208026449999977, -29.709808867999982 ], [ -71.208142310999961, -29.713491525999927 ], [ -71.208298259999935, -29.718446996999944 ], [ -71.211834708999959, -29.722146135999935 ], [ -71.213299629999938, -29.723678219999954 ], [ -71.217335701999957, -29.727899394999952 ], [ -71.220977990999984, -29.731708174999937 ], [ -71.224527760999933, -29.735419882999963 ], [ -71.225669912999933, -29.736613972999976 ], [ -71.228551552999988, -29.744692095999937 ], [ -71.229483116999972, -29.747303356999964 ], [ -71.229495377999967, -29.74822153599996 ], [ -71.229607130999966, -29.756560620999949 ], [ -71.229657182999972, -29.760300340999947 ], [ -71.229980215999944, -29.764119173999973 ], [ -71.230436000999987, -29.769507749999946 ], [ -71.230757454999946, -29.773307565999971 ], [ -71.231087354999943, -29.777206922999937 ], [ -71.231438585999967, -29.78135752399993 ], [ -71.231852110999966, -29.786244117999956 ], [ -71.232386529999985, -29.792557562999946 ], [ -71.232680269999946, -29.796027011999968 ], [ -71.233048814999961, -29.800380642999983 ], [ -71.233357636999983, -29.804027822999956 ], [ -71.232835708999971, -29.806086754999967 ], [ -71.23205021299998, -29.809185252999953 ], [ -71.231290448999971, -29.812182001999929 ], [ -71.230095471999959, -29.816895467999984 ], [ -71.228915134999966, -29.821550488999947 ], [ -71.227954850999936, -29.825337358999946 ], [ -71.226797427999941, -29.827432340999962 ], [ -71.224493481999957, -29.831602065999959 ], [ -71.22272598099994, -29.834800684999948 ], [ -71.220752722999976, -29.838371356999971 ], [ -71.219333136999978, -29.840940072999956 ], [ -71.218414370999938, -29.84260255099997 ], [ -71.215141389999985, -29.845344806999947 ], [ -71.211299619999977, -29.848563375999959 ], [ -71.208026452999945, -29.851305379999928 ], [ -71.204700972999944, -29.854090853999935 ], [ -71.20010739099996, -29.857938196999953 ], [ -71.195843877999948, -29.861508714999957 ], [ -71.192369016999976, -29.864418531999945 ], [ -71.18838965499998, -29.865744345999929 ], [ -71.185033117999978, -29.866862520999973 ], [ -71.179402437999954, -29.868738110999971 ], [ -71.173879439999951, -29.870577501999946 ], [ -71.169771193999964, -29.871945488999984 ], [ -71.16558248299998, -29.873494470999958 ], [ -71.160656066999934, -29.874980259999973 ], [ -71.169771193999964, -29.871945488999984 ], [ -71.155521983999961, -29.87668920699997 ], [ -71.153152114999955, -29.877477959999965 ], [ -71.15109683299994, -29.877810013999976 ], [ -71.14447243099994, -29.878880018999951 ], [ -71.138244955999937, -29.879885614999978 ], [ -71.133342200999948, -29.882445124999947 ], [ -71.129321189999985, -29.884544198999947 ], [ -71.125121836999938, -29.886736155999984 ], [ -71.123531619999937, -29.887566135999975 ], [ -71.121535829999971, -29.890228148999938 ], [ -71.119672451999975, -29.892713527999945 ], [ -71.117691570999966, -29.895355489999929 ], [ -71.116207523999947, -29.89973811599998 ], [ -71.114786807999963, -29.903933323999979 ], [ -71.113072775999967, -29.908994062999966 ], [ -71.111914533999936, -29.912413595999965 ], [ -71.110514746999968, -29.916546267999934 ], [ -71.109539731999973, -29.919424437999965 ], [ -71.109006329999943, -29.920998767999947 ], [ -71.107941687999983, -29.923849311999959 ], [ -71.110574490999966, -29.925924278999958 ], [ -71.111993079999934, -29.927041433999932 ], [ -71.115512772999978, -29.928608507999968 ], [ -71.11792391299997, -29.929681960999972 ], [ -71.122367921999967, -29.93166025499994 ], [ -71.126013930999989, -29.933283100999972 ], [ -71.127382804999968, -29.93479620599993 ], [ -71.129441019999945, -29.937071122999953 ], [ -71.128517522999971, -29.940268304999961 ], [ -71.127828414999954, -29.942654087999983 ], [ -71.129518590999965, -29.947696250999968 ], [ -71.130164226999966, -29.949622373999944 ], [ -71.131994835999933, -29.953985336999949 ], [ -71.133140525999977, -29.956715642999939 ], [ -71.134044782999979, -29.957860708999931 ], [ -71.137422948999983, -29.962138591999974 ], [ -71.139550971999938, -29.96483303499997 ], [ -71.141919711999947, -29.967832148999946 ], [ -71.145275024999933, -29.972079860999941 ], [ -71.146520110999973, -29.973656094999967 ], [ -71.149332047999962, -29.974913097999945 ], [ -71.153674171999967, -29.976853828999936 ], [ -71.158509396999989, -29.97901474899993 ], [ -71.168028611999944, -29.983268155999951 ], [ -71.170620785999972, -29.984426180999947 ], [ -71.178541137999957, -29.987964133999981 ], [ -71.181553845999986, -29.989309653999953 ], [ -71.182112790999952, -29.990439059999972 ], [ -71.185937915999943, -29.998166388999948 ], [ -71.186997457999951, -30.000306499999965 ], [ -71.188147152999989, -30.006164037999952 ], [ -71.189416528999971, -30.012630394999974 ], [ -71.190608353999949, -30.01870099599995 ], [ -71.19178306699996, -30.024683542999981 ], [ -71.193258272999969, -30.030561463999959 ], [ -71.195494356999973, -30.039469606999944 ], [ -71.195726932999946, -30.040395901999943 ], [ -71.197044388999984, -30.044036419999941 ], [ -71.200402370999939, -30.05331377899995 ], [ -71.203280274999941, -30.061263572999962 ], [ -71.204425174999983, -30.063928353999984 ], [ -71.206377030999988, -30.068471584999941 ], [ -71.209708779999971, -30.076225118999957 ], [ -71.211505698999986, -30.080406401999937 ], [ -71.211340764999989, -30.085435029999928 ], [ -71.211712576999957, -30.08709055199995 ], [ -71.212924132999945, -30.092484169999977 ], [ -71.213664767999944, -30.095780722999962 ], [ -71.214919072999976, -30.101363572999958 ], [ -71.214315319999969, -30.104088022999974 ], [ -71.213514411999938, -30.107701574999965 ], [ -71.212830741999937, -30.110786313999938 ], [ -71.211958942999956, -30.114719585999978 ], [ -71.213113331999978, -30.116469527999982 ], [ -71.214225014999954, -30.118154503999961 ], [ -71.215751027999943, -30.11912594599994 ], [ -71.216327461999981, -30.119330284999933 ] ] ] } },
{ "type": "Feature", "properties": { "fid": 2, "OBJECTID": 1107, "ID_LIN_TRANS": 195, "SUBTIPO": 101, "NOMBRE": "PAN DE AZUCAR - PUNTA COLORADA 220KV", "CIRCUITO": "C1-C2", "TIPO": "NACIONAL", "F_OPERACIO": "1979-12-31T21:00:00", "LONG_KM": 88.4883741, "TRAMO": "PAN DE AZUCAR - PUNTA COLORADA 220KV C1 Y C2", "PROPIEDAD": "TRANSELEC S.A.", "TENSION_KV": 220.0, "RCA": "S/I", "SIST_ELECT": "SEN", "ESTADO": "EN OPERACION", "REGION": "COQUIMBO", "PROVINCIA": "ELQUI", "COMUNA": "LA SERENA-COQUIMBO-LA HIGUERA", "FUENTE_BAS": "CEN", "FECH_CREA": "2017-12-19T21:00:00", "FECH_ACT": "2024-04-29T20:00:00", "Shape__Length": 0.83232368663084844, "Origen de la Data": "Visor de Capas del Ministerio de Energia, IDE Energia, disponible en https://ide-energia.minenergia.cl/portal/apps/webappviewer/index.html?id=5c526a138b1449458e0667b2235d2b19" }, "geometry": { "type": "MultiLineString", "coordinates": [ [ [ -71.277078692999964, -29.976595869999983 ], [ -71.27610778199994, -29.976086462999945 ], [ -71.272075078999933, -29.976153507999982 ], [ -71.267922473999988, -29.976220329999933 ], [ -71.264554113999964, -29.976276871999971 ], [ -71.262212085999977, -29.976315332999945 ], [ -71.258996933999981, -29.975812136999934 ], [ -71.255595064999966, -29.975280213999952 ], [ -71.251618250999968, -29.974656007999954 ], [ -71.247812250999971, -29.974059886999953 ], [ -71.244828250999944, -29.973591723999959 ], [ -71.241860287999941, -29.973126014999934 ], [ -71.239622784999938, -29.970035463999977 ], [ -71.237078400999962, -29.966518147999977 ], [ -71.235589785999935, -29.964460797999948 ], [ -71.233548188999976, -29.961639059999982 ], [ -71.233182651999982, -29.95871968199998 ], [ -71.232546982999963, -29.953660267999965 ], [ -71.23216671299997, -29.95061600799994 ], [ -71.231753151999953, -29.947308979999946 ], [ -71.232149369999945, -29.944860580999944 ], [ -71.232556855999974, -29.942346947999965 ], [ -71.232941910999955, -29.939965853999979 ], [ -71.232123231999935, -29.93694335999993 ], [ -71.231455340999958, -29.934478974999934 ], [ -71.230764946999955, -29.931932781999933 ], [ -71.229995325999937, -29.929087876999972 ], [ -71.227189814999974, -29.926437335999935 ], [ -71.224864729999979, -29.924240417999954 ], [ -71.222548974999938, -29.922053219999952 ], [ -71.219752049999954, -29.919412192999971 ], [ -71.218110497999987, -29.917861010999957 ], [ -71.217588697999986, -29.915667059999976 ], [ -71.217060876999938, -29.913438563999932 ], [ -71.218359099999986, -29.912152746999936 ], [ -71.21998496599997, -29.910542046999979 ], [ -71.220753722999973, -29.908139084999959 ], [ -71.221062683999946, -29.903449205999948 ], [ -71.221328944999982, -29.899406600999953 ], [ -71.221510618999957, -29.896642927999949 ], [ -71.221705662999966, -29.893688858999951 ], [ -71.221922581999934, -29.890381777999949 ], [ -71.221331045999989, -29.888348502999975 ], [ -71.220442654999943, -29.885298646999956 ], [ -71.219269656999984, -29.881273040999929 ], [ -71.220514673999958, -29.878170849999947 ], [ -71.221854414999939, -29.874834211999939 ], [ -71.223203928999965, -29.871475203999978 ], [ -71.224169878999987, -29.869068268999968 ], [ -71.225388445999954, -29.866032157999939 ], [ -71.227165087999936, -29.861605902999941 ], [ -71.228694667999946, -29.857795265999982 ], [ -71.229939876999936, -29.854688752999948 ], [ -71.231838144999983, -29.849959525999964 ], [ -71.233091857999966, -29.846833987999958 ], [ -71.234289507999961, -29.843847504999928 ], [ -71.235690634999969, -29.840354898999976 ], [ -71.236821765999935, -29.837533349999944 ], [ -71.237831621999987, -29.835015791999979 ], [ -71.238670972999955, -29.832923046999952 ], [ -71.239641220999943, -29.830498346999946 ], [ -71.239949922999983, -29.82480677999996 ], [ -71.240134285999943, -29.821393584999953 ], [ -71.240312813999935, -29.818094607999967 ], [ -71.240511144999971, -29.814412878999974 ], [ -71.240758009999979, -29.809837119999941 ], [ -71.240918785999952, -29.806874574999938 ], [ -71.24111843999998, -29.80321582299996 ], [ -71.241301654999972, -29.799831236999978 ], [ -71.241453579999984, -29.79703356899995 ], [ -71.241593946999956, -29.794436641999937 ], [ -71.241727749999939, -29.791972168999962 ], [ -71.241909569999962, -29.788632437999979 ], [ -71.242069225999956, -29.785681091999948 ], [ -71.242211282999961, -29.783058421999954 ], [ -71.242348844999981, -29.780521890999978 ], [ -71.242513272999986, -29.777497387999972 ], [ -71.242288196999937, -29.776154402999964 ], [ -71.242435832999945, -29.773295003999976 ], [ -71.242596764999973, -29.770146152999928 ], [ -71.242778482999938, -29.766607764999947 ], [ -71.243072048999977, -29.76088763599995 ], [ -71.242222884999933, -29.759134112999959 ], [ -71.241706387999955, -29.758073471999978 ], [ -71.240041424999959, -29.754647384999942 ], [ -71.238854199999935, -29.750522684999964 ], [ -71.235743477999961, -29.749746508999976 ], [ -71.23320406299996, -29.74911325599993 ], [ -71.232737311999983, -29.748554858999967 ], [ -71.231708630999947, -29.745512142999928 ], [ -71.230426048999959, -29.741718960999947 ], [ -71.228737482999975, -29.736722820999944 ], [ -71.228096224999945, -29.73482278299997 ], [ -71.227711648999957, -29.733689303999938 ], [ -71.225370861999977, -29.732097161999945 ], [ -71.222986492999951, -29.73047530499997 ], [ -71.218613833999939, -29.727502673999936 ], [ -71.217084439999951, -29.726461964999942 ], [ -71.215389649999963, -29.72312369499997 ], [ -71.214572066999949, -29.721513412999968 ], [ -71.214110889999972, -29.720604992999938 ], [ -71.211763409999946, -29.715979202999961 ], [ -71.21008222599994, -29.712664707999977 ], [ -71.208618889999968, -29.709779046999984 ], [ -71.211040020999974, -29.706661639999936 ], [ -71.21382958099997, -29.703071887999954 ], [ -71.216549906999944, -29.699570840999968 ], [ -71.220252813999934, -29.697088762999954 ], [ -71.222920298999952, -29.695301312999959 ], [ -71.226364290999982, -29.692993746999946 ], [ -71.227575037999941, -29.692182284999944 ], [ -71.229979501999935, -29.691114801999959 ], [ -71.233874282999977, -29.689385855999944 ], [ -71.236618820999979, -29.688167904999943 ], [ -71.239904693999961, -29.686708168999928 ], [ -71.244343268999955, -29.684736159999943 ], [ -71.247675232999939, -29.683254707999936 ], [ -71.248951400999943, -29.680434759999969 ], [ -71.250946006999982, -29.676024106999932 ], [ -71.252140261999955, -29.673383607999938 ], [ -71.252798565999967, -29.671926270999961 ], [ -71.253593055999943, -29.670165567999959 ], [ -71.254187884999965, -29.667161309999983 ], [ -71.254758866999964, -29.664251637999939 ], [ -71.255344875999981, -29.66128983599998 ], [ -71.255702652999958, -29.659469614999978 ], [ -71.254732519999948, -29.657690490999983 ], [ -71.251334228999951, -29.651458391999938 ], [ -71.249561766999989, -29.648207727999932 ], [ -71.251854572999946, -29.643295730999967 ], [ -71.253221661999987, -29.640367751999975 ], [ -71.253953430999957, -29.638800633999949 ], [ -71.256179651999958, -29.634032513999955 ], [ -71.257647460999976, -29.630885361999958 ], [ -71.257360010999946, -29.629933163999965 ], [ -71.256239695999966, -29.626226076999956 ], [ -71.255512156999941, -29.623821679999935 ], [ -71.254889160999937, -29.621765533999962 ], [ -71.25399015499994, -29.618793517999961 ], [ -71.252700085999948, -29.61452569599993 ], [ -71.253051738999943, -29.608075180999947 ], [ -71.253251751999983, -29.60441525799996 ], [ -71.253528949999975, -29.599338540999952 ], [ -71.253277194999953, -29.598355406999929 ], [ -71.251894644999936, -29.592952588999935 ], [ -71.251201693999974, -29.590247229999932 ], [ -71.249969078999982, -29.584073375999935 ], [ -71.249264934999985, -29.580494718999944 ], [ -71.24883099699997, -29.578286909999974 ], [ -71.248140736999972, -29.574780990999955 ], [ -71.247540898999944, -29.571734447999972 ], [ -71.246757450999951, -29.567753120999953 ], [ -71.245873530999972, -29.56325275599994 ], [ -71.245355200999938, -29.559233004999953 ], [ -71.245272902999943, -29.558596115999933 ], [ -71.245052124999972, -29.556890790999944 ], [ -71.244695590999982, -29.554136738999944 ], [ -71.243382849999989, -29.550862053999936 ], [ -71.24254543099994, -29.548773791999963 ], [ -71.241314488999933, -29.545706458999973 ], [ -71.240178498999967, -29.542870899999969 ], [ -71.239046197999983, -29.54004509799995 ], [ -71.237983640999971, -29.537394302999928 ], [ -71.236681309999938, -29.534144793999928 ], [ -71.235680643999956, -29.531647111999973 ], [ -71.234622447999982, -29.529003063999937 ], [ -71.23707832499997, -29.524606601999949 ], [ -71.236737857999969, -29.522072814999945 ], [ -71.236344785999961, -29.51915360199996 ], [ -71.235607997999978, -29.513670333999983 ], [ -71.235094953999976, -29.509854927999982 ], [ -71.234523674999934, -29.50560239999993 ], [ -71.23408182999998, -29.502314729999966 ], [ -71.233633951999934, -29.498971402999928 ], [ -71.233208590999936, -29.495801903999961 ], [ -71.232788436999954, -29.492666054999972 ], [ -71.232305297999972, -29.489050129999953 ], [ -71.231808636999972, -29.485332842999981 ], [ -71.231306311999958, -29.481576129999951 ], [ -71.230879885999968, -29.478392012999961 ], [ -71.230507533999969, -29.475603944999932 ], [ -71.230131024999935, -29.472789689999956 ], [ -71.227710634999937, -29.469811737999976 ], [ -71.22537760299997, -29.466942069999959 ], [ -71.22326581699997, -29.464345266999942 ], [ -71.221086963999937, -29.461665100999937 ], [ -71.218908351999971, -29.458985791999964 ], [ -71.216575847999934, -29.45611693099994 ], [ -71.214281165999978, -29.453293585999972 ], [ -71.212218354999948, -29.450756032999948 ], [ -71.209782214999962, -29.447757851999938 ], [ -71.207099389999939, -29.444456334999984 ], [ -71.204362639999943, -29.441088435999973 ], [ -71.201984792999951, -29.438161752999974 ], [ -71.199892957999964, -29.43558729199998 ], [ -71.197544190999963, -29.432696936999946 ], [ -71.195276842999988, -29.429905696999981 ], [ -71.193290040999955, -29.427459661999933 ], [ -71.191308300999935, -29.425019284999962 ], [ -71.188910915999941, -29.422068206999938 ], [ -71.186526986999979, -29.419132465999951 ], [ -71.183937783999966, -29.41594417999994 ], [ -71.181535000999986, -29.412985189999972 ], [ -71.179064294999989, -29.409941281999977 ], [ -71.176804965999963, -29.406863552999937 ], [ -71.174698475999946, -29.403993948999982 ], [ -71.172594661999938, -29.401128142999937 ], [ -71.170355760999939, -29.398076388999982 ], [ -71.167758421999963, -29.394536735999964 ], [ -71.165523349999944, -29.39149114099996 ], [ -71.163236187999985, -29.389000483999951 ], [ -71.160900982999976, -29.386458866999931 ], [ -71.158856782999976, -29.384233043999984 ], [ -71.157088280999972, -29.382307311999966 ], [ -71.154788154999949, -29.37980235699996 ], [ -71.152837642999941, -29.377678670999956 ], [ -71.149843029999943, -29.376069007999945 ], [ -71.147195316999955, -29.37464513599997 ], [ -71.144290254999987, -29.373083068999961 ], [ -71.140724191999936, -29.371165792999932 ], [ -71.137654512999973, -29.369514460999937 ], [ -71.134072852999964, -29.367588224999963 ], [ -71.129872188999968, -29.365329473999964 ], [ -71.127640183999972, -29.366945625999961 ], [ -71.123624275999987, -29.36985292199995 ], [ -71.119997096999953, -29.372477570999934 ], [ -71.115258590999986, -29.375903800999936 ], [ -71.111864003999983, -29.376608853999983 ], [ -71.108326144999978, -29.377342071999976 ], [ -71.104803120999975, -29.378072978999967 ], [ -71.101118163999956, -29.37883666099998 ], [ -71.097867865999945, -29.379510307999965 ], [ -71.094910678999952, -29.380122789999973 ], [ -71.090740448999952, -29.380986114999928 ], [ -71.086201162999942, -29.378720279999982 ], [ -71.082108911999967, -29.376676197999984 ], [ -71.079235313999959, -29.375240665999968 ], [ -71.075001911999948, -29.373125655999957 ], [ -71.071259852999958, -29.37125703199996 ], [ -71.070342405999952, -29.371038956999939 ], [ -71.064196921999951, -29.369583033999959 ], [ -71.060285458999942, -29.368656577999957 ], [ -71.056910671999958, -29.367856791999941 ], [ -71.053504697999983, -29.367050450999955 ], [ -71.050729752999985, -29.366475305999984 ], [ -71.049035683999989, -29.367086278999977 ], [ -71.04854850299995, -29.366989284999931 ] ] ] } },
{ "type": "Feature", "properties": { "fid": 3, "OBJECTID": 1111, "ID_LIN_TRANS": 207, "SUBTIPO": 101, "NOMBRE": "207_PUNTA COLORADA - MAITENCILLO 220KV", "CIRCUITO": "C1 - C2", "TIPO": "NACIONAL", "F_OPERACIO": "2013-04-04T21:00:00", "LONG_KM": 109.0098829, "TRAMO": "MAITENCILLO - CASERONES", "PROPIEDAD": "S/I", "TENSION_KV": 220.0, "RCA": "S/I", "SIST_ELECT": "SEN", "ESTADO": "EN OPERACION", "REGION": "ATACAMA-COQUIMBO", "PROVINCIA": "HUASCO-ELQUI", "COMUNA": "FREIRINA-LA HIGUERA-VALLENAR", "FUENTE_BAS": "CEN", "FECH_CREA": "2019-04-25T20:00:00", "FECH_ACT": "2024-04-29T20:00:00", "Shape__Length": 1.0198033667308615, "Origen de la Data": "Visor de Capas del Ministerio de Energia, IDE Energia, disponible en https://ide-energia.minenergia.cl/portal/apps/webappviewer/index.html?id=5c526a138b1449458e0667b2235d2b19" }, "geometry": { "type": "MultiLineString", "coordinates": [ [ [ -70.924006879999979, -28.53698481999993 ], [ -70.916739459999974, -28.544336489999978 ], [ -70.915421889999948, -28.544328849999943 ], [ -70.90811365999997, -28.545147489999977 ], [ -70.897535239999968, -28.554268299999933 ], [ -70.869060599999955, -28.579182549999928 ], [ -70.863827619999938, -28.583901869999977 ], [ -70.854238989999942, -28.597021869999935 ], [ -70.821521109999935, -28.642735309999978 ], [ -70.809244059999969, -28.654222809999965 ], [ -70.790915459999951, -28.670960289999982 ], [ -70.769068839999989, -28.680086649999964 ], [ -70.757215779999967, -28.705786329999967 ], [ -70.762170899999944, -28.715084179999963 ], [ -70.766731, -28.721503149999933 ], [ -70.769915069999968, -28.726137489999928 ], [ -70.772345519999988, -28.729627519999951 ], [ -70.775013719999947, -28.733339289999947 ], [ -70.775529089999964, -28.735237789999928 ], [ -70.776302299999941, -28.738129499999957 ], [ -70.777267159999951, -28.741805169999964 ], [ -70.778117389999977, -28.745169399999952 ], [ -70.781128149999972, -28.756224429999975 ], [ -70.782099909999943, -28.75994234999996 ], [ -70.782752759999937, -28.762278589999937 ], [ -70.783822939999936, -28.768656939999971 ], [ -70.784258639999962, -28.780409519999978 ], [ -70.78445929999998, -28.784844749999934 ], [ -70.78957835999995, -28.789943899999969 ], [ -70.792284639999934, -28.79260727999997 ], [ -70.794410179999943, -28.794712539999978 ], [ -70.798170889999938, -28.798336509999956 ], [ -70.802677449999976, -28.802946059999954 ], [ -70.803966159999959, -28.80676509999995 ], [ -70.806426839999972, -28.813923169999953 ], [ -70.807980629999975, -28.818412139999964 ], [ -70.812716619999946, -28.82894024999996 ], [ -70.81875051999998, -28.842316399999959 ], [ -70.826639269999987, -28.859606929999984 ], [ -70.832490609999979, -28.872328979999963 ], [ -70.836845269999969, -28.881830729999933 ], [ -70.838509019999947, -28.885623969999983 ], [ -70.850131319999946, -28.899357489999943 ], [ -70.856782169999974, -28.907091179999952 ], [ -70.872494209999957, -28.925598529999945 ], [ -70.881231779999951, -28.935904909999977 ], [ -70.880442389999985, -28.939515529999937 ], [ -70.881346389999976, -28.94460319999996 ], [ -70.882048379999958, -28.948379919999979 ], [ -70.882941399999936, -28.954132029999982 ], [ -70.883881249999945, -28.959297079999942 ], [ -70.886996899999986, -28.964175639999951 ], [ -70.890709409999943, -28.970277689999932 ], [ -70.896677219999958, -28.980056009999942 ], [ -70.90290183999997, -28.99004618999993 ], [ -70.901162979999981, -28.99838122999995 ], [ -70.894875959999979, -29.03013550999998 ], [ -70.893354, -29.037429699999961 ], [ -70.895686069999954, -29.039800919999948 ], [ -70.896548339999981, -29.042424239999946 ], [ -70.89985747999998, -29.052193249999959 ], [ -70.902810669999951, -29.061137049999957 ], [ -70.90479111999997, -29.066838589999975 ], [ -70.910325249999971, -29.083351099999959 ], [ -70.912695679999956, -29.090659449999976 ], [ -70.919478069999968, -29.110737229999984 ], [ -70.926047819999951, -29.11793978999998 ], [ -70.935537269999941, -29.128203579999933 ], [ -70.951385029999983, -29.145562569999981 ], [ -70.968993089999969, -29.154151269999943 ], [ -70.973867049999967, -29.156508319999944 ], [ -70.980198899999948, -29.159309899999982 ], [ -70.986090729999944, -29.163084499999968 ], [ -70.987246449999986, -29.16509788999997 ], [ -70.988764519999961, -29.168508969999948 ], [ -70.991692549999982, -29.171622809999974 ], [ -70.993754949999982, -29.172488139999928 ], [ -70.999407799999972, -29.174955849999947 ], [ -71.003193899999985, -29.176540769999974 ], [ -71.008779509999954, -29.178920149999954 ], [ -71.01315515999994, -29.183229879999942 ], [ -71.017775829999948, -29.187799309999946 ], [ -71.020669399999974, -29.190601289999961 ], [ -71.020647869999948, -29.193841019999979 ], [ -71.017434369999933, -29.198930709999956 ], [ -71.014685509999936, -29.20323572999996 ], [ -71.013502569999957, -29.206950469999981 ], [ -71.012332459999982, -29.211365559999933 ], [ -71.010655329999963, -29.215215169999965 ], [ -71.007381649999957, -29.22277854999993 ], [ -71.006368309999971, -29.226307769999949 ], [ -71.007721759999981, -29.229356269999982 ], [ -71.009221829999944, -29.232505519999961 ], [ -71.011125259999972, -29.236456339999961 ], [ -71.01442185999997, -29.243656919999978 ], [ -71.026460469999961, -29.258291649999933 ], [ -71.027079989999947, -29.266321859999948 ], [ -71.028657089999967, -29.284658799999931 ], [ -71.02982867999998, -29.298878029999969 ], [ -71.030092839999952, -29.302468049999959 ], [ -71.03044387999995, -29.306038479999984 ], [ -71.033746039999983, -29.306899109999961 ], [ -71.03591130999996, -29.316225449999934 ], [ -71.039734399999986, -29.33280340999994 ], [ -71.043416359999981, -29.349041409999984 ], [ -71.045724509999957, -29.358644 ], [ -71.047070219999966, -29.365273929999944 ], [ -71.047329119999972, -29.36564704999995 ], [ -71.046865699999955, -29.366696119999972 ], [ -71.047416259999977, -29.366837759999953 ] ] ] } },
{ "type": "Feature", "properties": { "fid": 4, "OBJECTID": 1160, "ID_LIN_TRANS": 902, "SUBTIPO": 101, "NOMBRE": "PUNTA COLORADA - PARQUE EOLICO SAN JUAN 220KV", "CIRCUITO": "C1", "TIPO": "DEDICADO", "F_OPERACIO": "2005-06-10T20:00:00", "LONG_KM": 83.89375746, "TRAMO": "PARQUE EOLICO SAN JUAN - PUNTA COLORADA", "PROPIEDAD": "SAN JUAN S.A.", "TENSION_KV": 220.0, "RCA": "S/I", "SIST_ELECT": "SEN", "ESTADO": "EN OPERACION", "REGION": "ATACAMA-COQUIMBO", "PROVINCIA": "HUASCO-ELQUI", "COMUNA": "FREIRINA-LA HIGUERA-VALLENAR", "FUENTE_BAS": "CEN", "FECH_CREA": "2019-04-25T20:00:00", "FECH_ACT": "2024-04-29T20:00:00", "Shape__Length": 0.80394355603212975, "Origen de la Data": "Visor de Capas del Ministerio de Energia, IDE Energia, disponible en https://ide-energia.minenergia.cl/portal/apps/webappviewer/index.html?id=5c526a138b1449458e0667b2235d2b19" }, "geometry": { "type": "MultiLineString", "coordinates": [ [ [ -71.462917863999962, -28.878579013999968 ], [ -71.462544737999963, -28.878864429999965 ], [ -71.460276355999952, -28.880950249999955 ], [ -71.458111729999985, -28.882950262999941 ], [ -71.455646946999934, -28.885192685999982 ], [ -71.452840268999978, -28.887796056999946 ], [ -71.450531273999957, -28.88992937699993 ], [ -71.445419438999977, -28.894633957999929 ], [ -71.442877375999956, -28.896975710999982 ], [ -71.440038735999963, -28.89955447899996 ], [ -71.437594667999974, -28.901816670999949 ], [ -71.434505631999969, -28.903056767999942 ], [ -71.431150113999934, -28.904384901999947 ], [ -71.427638651999985, -28.905758817999981 ], [ -71.424100282999973, -28.907138655999972 ], [ -71.420568234999962, -28.908536728999934 ], [ -71.41716446199996, -28.909850190999975 ], [ -71.413566574999948, -28.911278839999966 ], [ -71.413560514999972, -28.914442056999974 ], [ -71.413538352999979, -28.917820690999974 ], [ -71.413521647999971, -28.921149674999981 ], [ -71.413486557999988, -28.924371571999984 ], [ -71.413483729999939, -28.927505033999978 ], [ -71.413454169999966, -28.930673818999935 ], [ -71.413440734999938, -28.933936539999934 ], [ -71.413429880999956, -28.934426662999954 ], [ -71.413422013999934, -28.936852341999952 ], [ -71.413401053999962, -28.939301710999928 ], [ -71.41339249899994, -28.939966568999978 ], [ -71.412432200999945, -28.941713969999967 ], [ -71.411071180999954, -28.944157367999935 ], [ -71.409785410999973, -28.946513177999975 ], [ -71.408129908999967, -28.949709707999943 ], [ -71.407747600999983, -28.950458813999944 ], [ -71.406485599999939, -28.952431263999983 ], [ -71.404691404999937, -28.955667073999962 ], [ -71.403012693999983, -28.958748217999982 ], [ -71.401202386999955, -28.961988911999981 ], [ -71.399426891999951, -28.965181240999982 ], [ -71.39835353999996, -28.967092579999928 ], [ -71.396585825999978, -28.970294699999954 ], [ -71.395061359999943, -28.973012917999938 ], [ -71.393349653999962, -28.976115976999949 ], [ -71.391612754999983, -28.979259712999976 ], [ -71.389830239999981, -28.98247088599993 ], [ -71.388045132999935, -28.985694179999939 ], [ -71.386525312999936, -28.988450575999934 ], [ -71.384714655999971, -28.991684343999964 ], [ -71.383522754999944, -28.993865113999959 ], [ -71.381927953999934, -28.996750223999982 ], [ -71.380329124999946, -28.99960436799995 ], [ -71.37856813999997, -29.002806651999947 ], [ -71.376923737999959, -29.005741223999962 ], [ -71.375203228999965, -29.008841899999936 ], [ -71.37354044999995, -29.011822242999983 ], [ -71.371798351999985, -29.01497005899995 ], [ -71.370228582999971, -29.017821965999929 ], [ -71.368677651999974, -29.020586647999949 ], [ -71.36716662699996, -29.023314407999976 ], [ -71.365638254999965, -29.026045249999981 ], [ -71.363863188999971, -29.029281611999977 ], [ -71.362194934999934, -29.03225761799996 ], [ -71.361151924999945, -29.034156017999976 ], [ -71.358950693999986, -29.037111205999963 ], [ -71.35709600499996, -29.039601106999953 ], [ -71.354927707999934, -29.042527309999969 ], [ -71.352693622999936, -29.045541671999956 ], [ -71.350566648999973, -29.048388131999957 ], [ -71.348422816999971, -29.051269647999959 ], [ -71.346532934999971, -29.053833536999946 ], [ -71.344555545999981, -29.056452073999935 ], [ -71.342595294999967, -29.059111903999963 ], [ -71.340566108999951, -29.061839383999938 ], [ -71.338694547999978, -29.064330780999967 ], [ -71.336994411999967, -29.066631434999977 ], [ -71.33475436699996, -29.069649244999937 ], [ -71.332505427999934, -29.072646778999967 ], [ -71.33026661599996, -29.075670358999957 ], [ -71.32955515499998, -29.076628414999959 ], [ -71.327288960999965, -29.079641265999953 ], [ -71.32556227799995, -29.081996728999968 ], [ -71.323640277999971, -29.084565359999942 ], [ -71.321406026999966, -29.087554600999965 ], [ -71.319361780999941, -29.090298917999974 ], [ -71.317130181999971, -29.093312544999947 ], [ -71.315300745999934, -29.095784563999928 ], [ -71.313803206999978, -29.097806662999972 ], [ -71.312231563999944, -29.099896709999939 ], [ -71.310364493999941, -29.102396575999933 ], [ -71.308761130999983, -29.103105808999942 ], [ -71.305327939999984, -29.104617301999951 ], [ -71.301616115999934, -29.106219715999941 ], [ -71.298354088999986, -29.107653440999968 ], [ -71.295325265999963, -29.108999067999946 ], [ -71.291635914999972, -29.110616480999965 ], [ -71.288047579999954, -29.112192637999954 ], [ -71.285326334999979, -29.113375618999953 ], [ -71.282457940999961, -29.114649571999962 ], [ -71.27878071899994, -29.11624405699996 ], [ -71.277395858999967, -29.116857216999961 ], [ -71.273567879999973, -29.11855411199997 ], [ -71.272140041999933, -29.119173341999954 ], [ -71.269968560999985, -29.120130420999942 ], [ -71.267104846999985, -29.120893954999929 ], [ -71.263528530999963, -29.121824844999935 ], [ -71.259995797999977, -29.122731630999965 ], [ -71.256343842999968, -29.123612178999963 ], [ -71.253114040999947, -29.124486148999949 ], [ -71.249580623999975, -29.125376697999968 ], [ -71.245840788999942, -29.126373516999934 ], [ -71.242715506999957, -29.127161385999955 ], [ -71.239679755999987, -29.127959300999976 ], [ -71.23681372599998, -29.128054737999946 ], [ -71.233996746999935, -29.127805406999983 ], [ -71.231501908999974, -29.127595634999977 ], [ -71.227526660999956, -29.127247251999961 ], [ -71.22415932399997, -29.126956534999977 ], [ -71.22020351599997, -29.126603355999976 ], [ -71.216518568999959, -29.126256462999947 ], [ -71.213854930999958, -29.126053811999952 ], [ -71.209949956999935, -29.125717445999953 ], [ -71.206222892999961, -29.125391930999967 ], [ -71.202498396999943, -29.125066052999955 ], [ -71.199021069999958, -29.124767659999975 ], [ -71.195265927999969, -29.12444030599994 ], [ -71.192228394999972, -29.124168667999982 ], [ -71.188987518999966, -29.123891557999968 ], [ -71.18548921699994, -29.123607891999939 ], [ -71.184515282999939, -29.123520089999943 ], [ -71.180445672999952, -29.12317408399997 ], [ -71.176835379999943, -29.122839058999944 ], [ -71.173846955999977, -29.122562348999963 ], [ -71.170880033999936, -29.122320358999957 ], [ -71.166900866999981, -29.121966374999943 ], [ -71.165600274999974, -29.121841728999982 ], [ -71.161706815999935, -29.121515553999984 ], [ -71.161144115999946, -29.121469745999946 ], [ -71.158975447999978, -29.121275447999949 ], [ -71.155679433999978, -29.120984395999983 ], [ -71.153061130999959, -29.12078091099994 ], [ -71.150567702999979, -29.120536562999973 ], [ -71.146494322999956, -29.120199354999954 ], [ -71.14421692999997, -29.119990516999962 ], [ -71.140308088999973, -29.119644495999978 ], [ -71.137579603999939, -29.119428157999948 ], [ -71.136632884999983, -29.119313224999928 ], [ -71.132557574999964, -29.119007624999938 ], [ -71.128455082999949, -29.118592812999964 ], [ -71.126793570999951, -29.11845169999998 ], [ -71.124820505999935, -29.118281539999941 ], [ -71.123900852999952, -29.118176622999954 ], [ -71.119901787999936, -29.117863514999954 ], [ -71.116748270999949, -29.118565355999976 ], [ -71.112608622999971, -29.11944858399994 ], [ -71.108928723999952, -29.120309901999974 ], [ -71.105532424999979, -29.120969978999938 ], [ -71.101542089999953, -29.121857726999963 ], [ -71.09971977899994, -29.12226624699997 ], [ -71.099061301999939, -29.122367861999976 ], [ -71.095074649999958, -29.123232877999953 ], [ -71.092559207999955, -29.123814673999959 ], [ -71.09001593399995, -29.124372366999978 ], [ -71.08926004999995, -29.124551099999962 ], [ -71.085268513999949, -29.125369817999967 ], [ -71.084324761999937, -29.125593735999928 ], [ -71.081878901999971, -29.126153232999968 ], [ -71.078215710999984, -29.126956596999946 ], [ -71.072043749999978, -29.12820206799995 ], [ -71.070479251999984, -29.128535265999972 ], [ -71.06658321599997, -29.129395648999946 ], [ -71.066038730999935, -29.129528371999982 ], [ -71.064264846999947, -29.132386504999943 ], [ -71.062482599999953, -29.135395303999928 ], [ -71.060634633999939, -29.138389348999965 ], [ -71.059461978999934, -29.140254840999944 ], [ -71.058238607999954, -29.142283809999981 ], [ -71.056276188999959, -29.145441147999975 ], [ -71.054934547999949, -29.147658763999971 ], [ -71.054148206999969, -29.148965481999937 ], [ -71.052752875999943, -29.151249003999965 ], [ -71.051250029999949, -29.153745886999957 ], [ -71.049516491999952, -29.156588109999973 ], [ -71.047604140999965, -29.159711000999948 ], [ -71.045759645999965, -29.162815667999951 ], [ -71.045051240999953, -29.163873807999948 ], [ -71.043676320999964, -29.166184757999929 ], [ -71.042106219999937, -29.168725187999939 ], [ -71.03957253599998, -29.172852578999937 ], [ -71.039257039999939, -29.173382748999984 ], [ -71.037482927999974, -29.176289450999946 ], [ -71.036628244999974, -29.177715377999959 ], [ -71.034861461999981, -29.180619916999945 ], [ -71.033108224999978, -29.183461290999958 ], [ -71.032525215999954, -29.184428182999966 ], [ -71.030839828999945, -29.187181514999963 ], [ -71.029279104999944, -29.189708893999978 ], [ -71.028647691999936, -29.190760731999944 ], [ -71.02647822299997, -29.192812645999936 ], [ -71.024293521999937, -29.194847906999939 ], [ -71.022196892999943, -29.196794176999958 ], [ -71.021114166999951, -29.197770705999972 ], [ -71.019967082999983, -29.198878030999936 ], [ -71.019368570999973, -29.200406690999955 ], [ -71.018988357999945, -29.201423862999945 ], [ -71.019713691999982, -29.203662977999954 ], [ -71.020462006999935, -29.205915726999933 ], [ -71.020824139999945, -29.206961969999952 ], [ -71.021863035999957, -29.210077690999981 ], [ -71.020590806999962, -29.21148887399994 ], [ -71.019398498999976, -29.212870130999931 ], [ -71.016601367999954, -29.214306747999956 ], [ -71.015349217999983, -29.21499387199998 ], [ -71.01518200199996, -29.216823759999954 ], [ -71.015056540999979, -29.219632389999958 ], [ -71.014897342999973, -29.222436445999961 ], [ -71.015206551999938, -29.22338777799996 ], [ -71.015935901999967, -29.225440809999952 ], [ -71.017024516999982, -29.228669644999968 ], [ -71.017733316999966, -29.231483331999982 ], [ -71.018687317999934, -29.235234522999974 ], [ -71.019130574999963, -29.237040419999971 ], [ -71.01988135199997, -29.239830022999968 ], [ -71.020598764999988, -29.24236990199995 ], [ -71.022642230999963, -29.245092722999971 ], [ -71.023393667999983, -29.247246420999943 ], [ -71.024209328999973, -29.248701852999943 ], [ -71.02431342899996, -29.250422174999983 ], [ -71.025160340999946, -29.251713302999974 ], [ -71.026728058999936, -29.254100333999929 ], [ -71.028457455999956, -29.25672498299997 ], [ -71.029680454999948, -29.25859077299998 ], [ -71.031068352999966, -29.261042931999953 ], [ -71.032105104999971, -29.263060118999931 ], [ -71.033268337999971, -29.265464984999937 ], [ -71.033792256999959, -29.266321440999945 ], [ -71.034993888999963, -29.268356601999983 ], [ -71.036206595999943, -29.270373502999973 ], [ -71.036915103999945, -29.272565558999929 ], [ -71.037631853999983, -29.274856843999942 ], [ -71.039379278999945, -29.27710923799998 ], [ -71.041096580999977, -29.279341990999967 ], [ -71.042807806999974, -29.281573870999978 ], [ -71.043169263999971, -29.282282983999949 ], [ -71.044984309999961, -29.285780636999959 ], [ -71.045782318999954, -29.28732755599998 ], [ -71.04618626499996, -29.288109956999961 ], [ -71.046124302999942, -29.291486988999964 ], [ -71.046007523999947, -29.295070711999983 ], [ -71.046293376999984, -29.297672167999963 ], [ -71.046672925999985, -29.301324177999959 ], [ -71.047026668999933, -29.304817968999942 ], [ -71.04709093699995, -29.305497534999972 ], [ -71.047308129999976, -29.307597794999936 ], [ -71.047675537999964, -29.311214890999963 ], [ -71.048037459999989, -29.314794666999944 ], [ -71.048188458999959, -29.316253275999941 ], [ -71.048460799999987, -29.318819617999964 ], [ -71.048819904999959, -29.322327149999978 ], [ -71.049246839999967, -29.326478366999936 ], [ -71.049960298999963, -29.329145297999958 ], [ -71.050740107999957, -29.33205380499993 ], [ -71.051680192999982, -29.335464698999942 ], [ -71.051825927999971, -29.335961290999933 ], [ -71.052675832999967, -29.339121557999931 ], [ -71.054712989999985, -29.341653715999939 ], [ -71.056729804999975, -29.344160288999944 ], [ -71.055763160999959, -29.345581575999972 ], [ -71.054827932999956, -29.346969684999976 ], [ -71.053609953999967, -29.348851375999971 ], [ -71.051934757999959, -29.351524721999965 ], [ -71.051453865999974, -29.352313632999937 ], [ -71.050008223999953, -29.354597869999964 ], [ -71.050403832999962, -29.357121940999946 ], [ -71.049567328999956, -29.359110922999946 ], [ -71.048238269999956, -29.362170470999956 ], [ -71.050446618999956, -29.364604390999943 ], [ -71.050405099999978, -29.366337631999954 ], [ -71.050594112999988, -29.366747449999934 ], [ -71.04962392799996, -29.367770354999948 ], [ -71.048772203999988, -29.367718587999946 ], [ -71.048419969999941, -29.367581281999946 ] ] ] } },
{ "type": "Feature", "properties": { "fid": 5, "OBJECTID": 1167, "ID_LIN_TRANS": 972, "SUBTIPO": 101, "NOMBRE": "DON HECTOR - MAITENCILLO 220KV", "CIRCUITO": "C1-C2", "TIPO": "NACIONAL", "F_OPERACIO": "1979-12-31T21:00:00", "LONG_KM": 76.99819886, "TRAMO": "2 TRAMOS DON HECTOR – MAITENCILLOS 220KV C1 / DON HECTOR – MAITENCILLOS 220KV C2", "PROPIEDAD": "TRANSELEC S.A.", "TENSION_KV": 220.0, "RCA": "S/I", "SIST_ELECT": "SEN", "ESTADO": "EN OPERACION", "REGION": "ATACAMA", "PROVINCIA": "HUASCO", "COMUNA": "FREIRINA-VALLENAR", "FUENTE_BAS": "CEN", "FECH_CREA": "2021-09-14T21:00:00", "FECH_ACT": "2024-04-29T20:00:00", "Shape__Length": 0.7197471681549763, "Origen de la Data": "Visor de Capas del Ministerio de Energia, IDE Energia, disponible en https://ide-energia.minenergia.cl/portal/apps/webappviewer/index.html?id=5c526a138b1449458e0667b2235d2b19" }, "geometry": { "type": "MultiLineString", "coordinates": [ [ [ -70.932923628999959, -29.126086017999967 ], [ -70.933131318999983, -29.125976178999963 ], [ -70.932335676999969, -29.125128601999961 ], [ -70.929870509999944, -29.122432833999937 ], [ -70.927701813999988, -29.120061463999946 ], [ -70.925856531999955, -29.118045339999981 ], [ -70.923476509999944, -29.115445036999972 ], [ -70.921316833999981, -29.113083978999953 ], [ -70.919220278999944, -29.110791276999976 ], [ -70.917980874999955, -29.107099782999967 ], [ -70.916896036999958, -29.103865520999932 ], [ -70.915764673999945, -29.100494940999965 ], [ -70.914656713999989, -29.097191144999954 ], [ -70.913806217999934, -29.094656044999965 ], [ -70.912486659999956, -29.090723711999942 ], [ -70.911476923999942, -29.087714438999967 ], [ -70.910040042999981, -29.083431388999941 ], [ -70.908861896999952, -29.079920629999947 ], [ -70.907687479999936, -29.076418015999934 ], [ -70.906598179999946, -29.073171248999984 ], [ -70.905571326999961, -29.070110181999951 ], [ -70.904504635999956, -29.066928939999968 ], [ -70.903396556999951, -29.063626457999931 ], [ -70.902594835999935, -29.061237284999947 ], [ -70.901152610999986, -29.056938565999928 ], [ -70.899581015999956, -29.052252934999956 ], [ -70.898305870999934, -29.04845007299997 ], [ -70.89713609599994, -29.044962421999969 ], [ -70.89630673299996, -29.042487593999965 ], [ -70.895429386999979, -29.039873936999982 ], [ -70.893154682999977, -29.03749193799996 ], [ -70.893962679999959, -29.033507766999946 ], [ -70.894634690999965, -29.030203700999948 ], [ -70.895255392999957, -29.027150300999949 ], [ -70.895880681999984, -29.02406868099996 ], [ -70.896641737999971, -29.020323190999932 ], [ -70.897499843999981, -29.016099533999977 ], [ -70.898269312999957, -29.01231439299994 ], [ -70.898972048999951, -29.008856654999931 ], [ -70.899677448999967, -29.005384076999974 ], [ -70.900607898999965, -29.000800880999975 ], [ -70.901098218999948, -28.99839013299993 ], [ -70.902354031999948, -28.992205102999947 ], [ -70.902795785999956, -28.990026755999963 ], [ -70.900349152999979, -28.986073416999943 ], [ -70.898476998999968, -28.983047905999967 ], [ -70.896639248999975, -28.98007944699998 ], [ -70.895097116999978, -28.977588007999941 ], [ -70.893149180999956, -28.974440668999932 ], [ -70.890569168999946, -28.970271263999962 ], [ -70.886740151999959, -28.964083109999933 ], [ -70.885161636999953, -28.961532672999965 ], [ -70.883791231999965, -28.959314247999941 ], [ -70.882884300999933, -28.954106898999953 ], [ -70.881881647999933, -28.948348641999928 ], [ -70.881225443999938, -28.944577089999939 ], [ -70.880859654999938, -28.942477937999968 ], [ -70.880347743999948, -28.939534606999928 ], [ -70.881162615999983, -28.935944788999961 ], [ -70.879393972999935, -28.933863606999978 ], [ -70.876499186999979, -28.93046344499993 ], [ -70.874240145999977, -28.927806558999976 ], [ -70.872357097999952, -28.925593137999954 ], [ -70.869905011999947, -28.92271173499995 ], [ -70.868566002999955, -28.921136958999966 ], [ -70.86694741599996, -28.919233709999958 ], [ -70.86399757099997, -28.915764979999949 ], [ -70.861285729999963, -28.912576495999929 ], [ -70.857900011999959, -28.908595238999965 ], [ -70.856590390999941, -28.907054754999933 ], [ -70.853266629999951, -28.903146234999952 ], [ -70.850033608999979, -28.899344298999949 ], [ -70.84813339699997, -28.897109798999963 ], [ -70.846016620999933, -28.894621155999971 ], [ -70.844169657999942, -28.892448216999981 ], [ -70.84209986999997, -28.890014084999962 ], [ -70.840416088999973, -28.888032503999966 ], [ -70.838334413999974, -28.885582768999939 ], [ -70.836621325999943, -28.881828479999967 ], [ -70.835346048999952, -28.87903147399993 ], [ -70.834152166999957, -28.876410930999953 ], [ -70.832272795999984, -28.872287872999948 ], [ -70.829986509999969, -28.867269835999934 ], [ -70.829463569999973, -28.866121002999932 ], [ -70.826530711999965, -28.859646040999962 ], [ -70.824277796999979, -28.854674261999946 ], [ -70.822457561999954, -28.850656438999977 ], [ -70.821083766999948, -28.84762372299997 ], [ -70.819834789999959, -28.844867955999973 ], [ -70.818707441999948, -28.842377907999946 ], [ -70.817528212999946, -28.839771237999969 ], [ -70.815389168999957, -28.835049227999946 ], [ -70.814296238999987, -28.832634017999965 ], [ -70.812609306999946, -28.828905610999982 ], [ -70.811750127999971, -28.827009980999946 ], [ -70.80977534799996, -28.822647593999932 ], [ -70.807881127999963, -28.818460326999968 ], [ -70.806353813999976, -28.81394316799998 ], [ -70.805429850999985, -28.811211484999944 ], [ -70.803935158999934, -28.806784539999967 ], [ -70.802637644999947, -28.802942840999947 ], [ -70.800785945999962, -28.801111177999928 ], [ -70.797934894999969, -28.798290974999929 ], [ -70.794289453999966, -28.794686716999934 ], [ -70.792224261999934, -28.79264552199993 ], [ -70.789517186999944, -28.789969037999981 ], [ -70.788509516999966, -28.788972528999977 ], [ -70.784381067999959, -28.784887988999969 ], [ -70.784210548999965, -28.780479631999981 ], [ -70.784077965999984, -28.777004925999961 ], [ -70.78391531699998, -28.772785600999953 ], [ -70.783756553999979, -28.768679020999969 ], [ -70.783651402999965, -28.765941018999968 ], [ -70.782677643999989, -28.76227057899996 ], [ -70.782063206999965, -28.759956918999933 ], [ -70.781076965999944, -28.756243671999982 ], [ -70.780262852999954, -28.75317741899994 ], [ -70.779280434999976, -28.749476012999935 ], [ -70.778150252999978, -28.745219490999943 ], [ -70.777239784999949, -28.741784854999935 ], [ -70.776259964999952, -28.73809601399995 ], [ -70.775494321999986, -28.735207662999983 ], [ -70.774981516999958, -28.733277310999938 ], [ -70.772372816999962, -28.729568840999946 ], [ -70.769908931999964, -28.726065246999951 ], [ -70.766694320999989, -28.721495930999936 ], [ -70.76451769099998, -28.718402762999972 ], [ -70.762180158999968, -28.715076755999974 ], [ -70.761102885999946, -28.71304873899993 ], [ -70.758785641999964, -28.708675970999934 ], [ -70.757104807999951, -28.705502488999969 ], [ -70.758445263999988, -28.702627329999927 ], [ -70.759392059999982, -28.700598953999929 ], [ -70.76084684999995, -28.697480981999945 ], [ -70.762630883999975, -28.69365365799996 ], [ -70.76411918499997, -28.690463837999971 ], [ -70.765972979999958, -28.686489463999976 ], [ -70.767511012999933, -28.683189137999932 ], [ -70.769014199999958, -28.679970196999932 ], [ -70.773210498999958, -28.67825629999993 ], [ -70.778351504999989, -28.676159158999951 ], [ -70.781877617999953, -28.67471956299994 ], [ -70.785898023999948, -28.673079159999929 ], [ -70.788399836999986, -28.672057455999948 ], [ -70.790685162999978, -28.671124209999959 ], [ -70.793463949999989, -28.668570083999953 ], [ -70.796168042999966, -28.666083582999931 ], [ -70.799725175999981, -28.662811704999967 ], [ -70.801826154999958, -28.660880508999981 ], [ -70.805050041999948, -28.657913613999938 ], [ -70.809279305999951, -28.654024140999979 ], [ -70.811745104999943, -28.651757015999976 ], [ -70.816765539999949, -28.647136892999981 ], [ -70.819066186999976, -28.645021744999951 ], [ -70.821556314999953, -28.64273048299998 ], [ -70.823700340999949, -28.639732567999943 ], [ -70.826004542999954, -28.636511015999929 ], [ -70.828133951999973, -28.633533717999967 ], [ -70.830279211999937, -28.630533524999976 ], [ -70.832421563999958, -28.62753767199996 ], [ -70.834417606999978, -28.624745182999959 ], [ -70.836402168999939, -28.621968884999944 ], [ -70.838559963999955, -28.61895134699995 ], [ -70.840668826999945, -28.61600230099998 ], [ -70.842961608999985, -28.612793451999949 ], [ -70.845279726999934, -28.609550021999951 ], [ -70.847249652999949, -28.606792907999932 ], [ -70.849166992999983, -28.604110029999958 ], [ -70.851416953999944, -28.600960198999928 ], [ -70.854322637999985, -28.596892656999955 ], [ -70.85634807699995, -28.594056694999949 ], [ -70.858312067999975, -28.591307996999944 ], [ -70.860365569999942, -28.588434416999974 ], [ -70.862044558999969, -28.586081757999978 ], [ -70.863739704999944, -28.583710268999937 ], [ -70.866359154999941, -28.58142034499997 ], [ -70.868993836999948, -28.579119424999931 ], [ -70.871882178999954, -28.576596216999974 ], [ -70.875020738999979, -28.573854542999982 ], [ -70.878155297999967, -28.571115472999963 ], [ -70.881127969999966, -28.568518991999952 ], [ -70.884047560999988, -28.565969117999941 ], [ -70.887061597999946, -28.563335482999946 ], [ -70.889713074999975, -28.561017887999981 ], [ -70.891647115999945, -28.559327479999979 ], [ -70.894184997999957, -28.557109926999942 ], [ -70.897500590999982, -28.554211074999955 ], [ -70.90054323399994, -28.551551311999958 ], [ -70.903024279999954, -28.549382044999959 ], [ -70.905070872999943, -28.547592059999943 ], [ -70.907865152999989, -28.545150034999949 ], [ -70.915477830999976, -28.54445203299997 ], [ -70.916762714999948, -28.544334001999971 ], [ -70.918218166999964, -28.542846440999938 ], [ -70.919363075999968, -28.541677374999949 ], [ -70.921867048999957, -28.539116455999931 ], [ -70.92394595899998, -28.536991050999973 ], [ -70.924423894999961, -28.536204710999982 ] ] ] } },
{ "type": "Feature", "properties": { "fid": 6, "OBJECTID": 1168, "ID_LIN_TRANS": 973, "SUBTIPO": 101, "NOMBRE": "PUNTA COLORADA - DON HECTOR 220KV", "CIRCUITO": "C1 - C2", "TIPO": "NACIONAL", "F_OPERACIO": "1979-12-31T21:00:00", "LONG_KM": 32.24819684, "TRAMO": "PUNTA COLORADA - DON HECTOR", "PROPIEDAD": "TRANSELEC S.A.", "TENSION_KV": 220.0, "RCA": "S/I", "SIST_ELECT": "SEN", "ESTADO": "EN OPERACION", "REGION": "ATACAMA-COQUIMBO", "PROVINCIA": "HUASCO-ELQUI", "COMUNA": "LA HIGUERA-VALLENAR", "FUENTE_BAS": "CEN", "FECH_CREA": "2023-04-09T20:00:00", "FECH_ACT": "2024-04-29T20:00:00", "Shape__Length": 0.30250650948553875, "Origen de la Data": "Visor de Capas del Ministerio de Energia, IDE Energia, disponible en https://ide-energia.minenergia.cl/portal/apps/webappviewer/index.html?id=5c526a138b1449458e0667b2235d2b19" }, "geometry": { "type": "MultiLineString", "coordinates": [ [ [ -71.047454315999971, -29.366772862999937 ], [ -71.046836773999985, -29.366584932999956 ], [ -71.047030610999968, -29.365148287999943 ], [ -71.046299685999941, -29.361330191999969 ], [ -71.045670643999983, -29.358581762999961 ], [ -71.045088607999958, -29.356044907999944 ], [ -71.044754823999938, -29.35458639899997 ], [ -71.043456825999954, -29.348925643999962 ], [ -71.042502267999964, -29.34476465299997 ], [ -71.041457652999952, -29.340203796999958 ], [ -71.040621534999957, -29.33655678699995 ], [ -71.039778049999939, -29.332877669999959 ], [ -71.039173465999966, -29.330241416999968 ], [ -71.038522532999934, -29.327400693999948 ], [ -71.037751795999952, -29.324042186999975 ], [ -71.036892481999985, -29.320290468999929 ], [ -71.035963314999947, -29.316237009999952 ], [ -71.035039639999979, -29.312207094999962 ], [ -71.033825915999955, -29.306913917999964 ], [ -71.030370284999947, -29.305988472999957 ], [ -71.030077254999981, -29.30249054199993 ], [ -71.029772081999965, -29.29883011499993 ], [ -71.029384199999981, -29.294176560999972 ], [ -71.028936691999945, -29.288816084999951 ], [ -71.028587143999971, -29.284623173999933 ], [ -71.028334489999963, -29.281592433999947 ], [ -71.028048075999948, -29.278159254999935 ], [ -71.027779255999974, -29.274927821999938 ], [ -71.027433177999967, -29.270778964999977 ], [ -71.027056869999967, -29.266259100999946 ], [ -71.026913866999962, -29.26453433699993 ], [ -71.026569603999974, -29.260389140999962 ], [ -71.026388678999979, -29.258222117999935 ], [ -71.024294375999943, -29.255650822999939 ], [ -71.021408402999953, -29.252108806999956 ], [ -71.019488211999942, -29.249751336999964 ], [ -71.017742784999939, -29.247607740999968 ], [ -71.014452138999957, -29.243566843999929 ], [ -71.012960737999947, -29.240388774999929 ], [ -71.01109882999998, -29.236418469999933 ], [ -71.009253410999975, -29.232484065999984 ], [ -71.007757716999947, -29.229295160999982 ], [ -71.006330015999936, -29.226249036999945 ], [ -71.007294378999973, -29.222728866999944 ], [ -71.007860988999937, -29.22066597099996 ], [ -71.009495753999943, -29.21786773499997 ], [ -71.010470399999974, -29.216199217999929 ], [ -71.010763818999976, -29.215234966999958 ], [ -71.012039856999934, -29.211034636999955 ], [ -71.013346696999974, -29.206731333999983 ], [ -71.014477498999952, -29.203012365999939 ], [ -71.015790168999956, -29.201055139999937 ], [ -71.017289436999988, -29.198819803999982 ], [ -71.018633923999971, -29.196817499999952 ], [ -71.02062753499996, -29.193845994999947 ], [ -71.021923093999987, -29.191913874999955 ], [ -71.020208727999943, -29.19021227099995 ], [ -71.019020423999962, -29.189033515999938 ], [ -71.017690817999949, -29.187715583999932 ], [ -71.014520623999942, -29.18457108399997 ], [ -71.013079348999952, -29.18314145599993 ], [ -71.011302701999966, -29.181378495999979 ], [ -71.008794235999972, -29.178890233999937 ], [ -71.005793271999949, -29.177620070999978 ], [ -71.003202985999962, -29.176523337999981 ], [ -70.999406143999977, -29.174916291999978 ], [ -70.996408747999965, -29.173648833999948 ], [ -70.993702553999981, -29.17250256799997 ], [ -70.991599791999988, -29.171611820999942 ], [ -70.988646505999952, -29.168548877999967 ], [ -70.987168132999955, -29.16511524699996 ], [ -70.986022468999977, -29.163099479999971 ], [ -70.98483983999995, -29.162371092999933 ], [ -70.979817985999944, -29.159394611999971 ], [ -70.976704536999989, -29.158010924999928 ], [ -70.973515907999968, -29.156594072999951 ], [ -70.971186470999953, -29.155455848999964 ], [ -70.968704324999976, -29.154241508999974 ], [ -70.966491497999982, -29.153159592999941 ], [ -70.963956364999945, -29.151920673999939 ], [ -70.961879869999962, -29.150905795999961 ], [ -70.959040334999941, -29.149517576999983 ], [ -70.956470893999949, -29.148259701999962 ], [ -70.95386317699996, -29.146985550999943 ], [ -70.95110029999995, -29.14563411499995 ], [ -70.947832715999937, -29.142064341999969 ], [ -70.94557148399997, -29.139593761999947 ], [ -70.94371005499994, -29.137560280999935 ], [ -70.940325687999973, -29.13386242699994 ], [ -70.938107297999977, -29.131437374999962 ], [ -70.935221407999961, -29.128285386999949 ], [ -70.933444056999974, -29.126325645999941 ], [ -70.933125061999988, -29.126424437999958 ] ] ] } },
{ "type": "Feature", "properties": { "fid": 7, "OBJECTID": 1169, "ID_LIN_TRANS": 974, "SUBTIPO": 101, "NOMBRE": "EL PELICANO - DON HECTOR 220KV", "CIRCUITO": "C1", "TIPO": "NACIONAL", "F_OPERACIO": null, "LONG_KM": 5.4748898, "TRAMO": "CHARRUA-ATR8", "PROPIEDAD": "EL PELÍCANO SOLAR COMPANY SPA", "TENSION_KV": 220.0, "RCA": "S/I", "SIST_ELECT": "SEN", "ESTADO": "EN OPERACION", "REGION": "ATACAMA-COQUIMBO", "PROVINCIA": "HUASCO-ELQUI", "COMUNA": "LA HIGUERA-VALLENAR", "FUENTE_BAS": "CEN", "FECH_CREA": "2019-04-25T20:00:00", "FECH_ACT": "2024-04-29T20:00:00", "Shape__Length": 0.055530223829441221, "Origen de la Data": "Visor de Capas del Ministerio de Energia, IDE Energia, disponible en https://ide-energia.minenergia.cl/portal/apps/webappviewer/index.html?id=5c526a138b1449458e0667b2235d2b19" }, "geometry": { "type": "MultiLineString", "coordinates": [ [ [ -70.879540945999963, -29.14086735799998 ], [ -70.879547010999943, -29.14073948999993 ], [ -70.880002155999989, -29.140621383999928 ], [ -70.882674398999939, -29.139850850999949 ], [ -70.88548144899994, -29.138860792999935 ], [ -70.886794947999988, -29.138372087999983 ], [ -70.887814765999963, -29.138006176999966 ], [ -70.888517353999987, -29.137877143999958 ], [ -70.890734246999955, -29.137710083999934 ], [ -70.892966469999976, -29.137534674999984 ], [ -70.895490884999958, -29.137338231999934 ], [ -70.898041749999948, -29.137137127999949 ], [ -70.900960164999958, -29.136906031999956 ], [ -70.903627262999976, -29.136631394999938 ], [ -70.906416513999943, -29.136339145999955 ], [ -70.909236662999945, -29.136049302999936 ], [ -70.910693652999953, -29.136102279999932 ], [ -70.913896043999955, -29.134673620999934 ], [ -70.917531315999952, -29.133061919999932 ], [ -70.921250927999949, -29.131406593999941 ], [ -70.924921524999945, -29.129765678999945 ], [ -70.927823579999938, -29.12846634999994 ], [ -70.931562545999952, -29.126808916999948 ], [ -70.932431182999949, -29.126743871999963 ] ] ] } },
{ "type": "Feature", "properties": { "fid": 8, "OBJECTID": 1268, "ID_LIN_TRANS": 1357, "SUBTIPO": 101, "NOMBRE": "CENTRAL EL ROMERO - DON HECTOR 220KV", "CIRCUITO": "S/I", "TIPO": "DEDICADO", "F_OPERACIO": null, "LONG_KM": 2.44077251, "TRAMO": "CENTRAL EL ROMERO - DON HECTOR ", "PROPIEDAD": "ACCIONA ENERGÍA CHILE HOLDINGS S.A.", "TENSION_KV": 220.0, "RCA": "S/I", "SIST_ELECT": "SEN", "ESTADO": "EN OPERACION", "REGION": "ATACAMA", "PROVINCIA": "HUASCO", "COMUNA": "VALLENAR", "FUENTE_BAS": "CEN", "FECH_CREA": "2019-04-25T20:00:00", "FECH_ACT": "2024-04-29T20:00:00", "Shape__Length": 0.023339014157154343, "Origen de la Data": "Visor de Capas del Ministerio de Energia, IDE Energia, disponible en https://ide-energia.minenergia.cl/portal/apps/webappviewer/index.html?id=5c526a138b1449458e0667b2235d2b19" }, "geometry": { "type": "MultiLineString", "coordinates": [ [ [ -70.920011060999968, -29.11009013499995 ], [ -70.920626153999933, -29.110945351999931 ], [ -70.922459363999963, -29.112955359999944 ], [ -70.924468185999956, -29.115157772999964 ], [ -70.926651000999982, -29.117549941999982 ], [ -70.928396912999972, -29.119464773999937 ], [ -70.930327299999988, -29.121580827999935 ], [ -70.932302470999957, -29.123745868999947 ], [ -70.932826779999971, -29.124320549999936 ], [ -70.931815478999965, -29.125127862999932 ], [ -70.930898945999957, -29.125859515999935 ], [ -70.931302830999982, -29.126575542999944 ], [ -70.932191166999985, -29.126486158999967 ] ] ] } },
{ "type": "Feature", "properties": { "fid": 9, "OBJECTID": 1283, "ID_LIN_TRANS": 1425, "SUBTIPO": 101, "NOMBRE": "DON HECTOR - CENTRAL PAJONALES 220KV", "CIRCUITO": "C1", "TIPO": "DEDICADO", "F_OPERACIO": null, "LONG_KM": 2.98404713, "TRAMO": "5 TRAMOS CENTRAL PAJONALES - PATIO DE MUFAS N°1 / PATIO DE MUFAS N°1 - PATIO DE MUFAS N°2 / PATIO DE MUFAS N°2 - PATIO DE MUFAS N°3 / PATIO DE MUFAS N°3 - PATIO DE MUFAS N°4  / DON HECTOR - PATIO DE MUFAS N°4", "PROPIEDAD": "PRIME ENERGÍA QUICKSTART SPA", "TENSION_KV": 220.0, "RCA": "S/I", "SIST_ELECT": "SEN", "ESTADO": "EN OPERACION", "REGION": "ATACAMA", "PROVINCIA": "HUASCO", "COMUNA": "VALLENAR", "FUENTE_BAS": "CEN", "FECH_CREA": "2021-09-14T21:00:00", "FECH_ACT": "2024-04-29T20:00:00", "Shape__Length": 0.028811999531334721, "Origen de la Data": "Visor de Capas del Ministerio de Energia, IDE Energia, disponible en https://ide-energia.minenergia.cl/portal/apps/webappviewer/index.html?id=5c526a138b1449458e0667b2235d2b19" }, "geometry": { "type": "MultiLineString", "coordinates": [ [ [ -70.914806486999964, -29.113053874999935 ], [ -70.915711304999945, -29.112831700999948 ], [ -70.918452883999976, -29.112066672999958 ], [ -70.919063668999968, -29.111902732999965 ], [ -70.920323365999934, -29.110651772999972 ], [ -70.920626069999969, -29.11094529099995 ], [ -70.922459394999976, -29.112955350999982 ], [ -70.924468175999948, -29.115157763999946 ], [ -70.926650965999954, -29.117550826999945 ], [ -70.928396933999977, -29.119464782999955 ], [ -70.930327288999933, -29.121580792999964 ], [ -70.932302418999939, -29.123745842999938 ], [ -70.932761361999951, -29.124372734999952 ], [ -70.931768489999968, -29.125082458999941 ], [ -70.930898945999957, -29.125859515999935 ], [ -70.931302936999941, -29.126575721999984 ], [ -70.932191197999941, -29.126486131999968 ] ] ] } },
{ "type": "Feature", "properties": { "fid": 10, "OBJECTID": 1304, "ID_LIN_TRANS": 1511, "SUBTIPO": 101, "NOMBRE": "PUNTA COLORADA - TRES QUEBRADAS 220KV", "CIRCUITO": "S/I", "TIPO": "S/I", "F_OPERACIO": null, "LONG_KM": 106.12388762, "TRAMO": "PUNTA COLORADA - TRES QUEBRADAS ", "PROPIEDAD": "COMPAÑÍA BARRICK CHILE GENERACIÓN SPA", "TENSION_KV": 220.0, "RCA": "S/I", "SIST_ELECT": "SEN", "ESTADO": "EN OPERACION", "REGION": "ATACAMA-COQUIMBO", "PROVINCIA": "HUASCO-ELQUI", "COMUNA": "VICUNA-ALTO DEL CARMEN-LA HIGUERA", "FUENTE_BAS": "CEN", "FECH_CREA": "2019-04-25T20:00:00", "FECH_ACT": "2024-04-29T20:00:00", "Shape__Length": 1.0476321131891591, "Origen de la Data": "Visor de Capas del Ministerio de Energia, IDE Energia, disponible en https://ide-energia.minenergia.cl/portal/apps/webappviewer/index.html?id=5c526a138b1449458e0667b2235d2b19" }, "geometry": { "type": "MultiLineString", "coordinates": [ [ [ -71.04848028899994, -29.367235257999937 ], [ -71.048982442999943, -29.367335006999951 ], [ -71.050624432999939, -29.370014539999943 ], [ -71.050019891999966, -29.372410448999972 ], [ -71.049416, -29.374804 ], [ -71.046177217999968, -29.375799889999939 ], [ -71.041414540999938, -29.377264195999942 ], [ -71.037051012999939, -29.378605490999973 ], [ -71.032485048999945, -29.38000891799993 ], [ -71.028260453999962, -29.381309018999957 ], [ -71.02442156099994, -29.382433332999938 ], [ -71.022834607999982, -29.382974393999973 ], [ -71.018634319999933, -29.384047001999932 ], [ -71.014774618999979, -29.385015088999978 ], [ -71.005957853999973, -29.387246776999973 ], [ -71.001728610999976, -29.388317041999983 ], [ -70.996865210999943, -29.389547616999948 ], [ -70.994118887999946, -29.390242385999954 ], [ -70.987323796999988, -29.391961182999978 ], [ -70.975797520999947, -29.393560235999928 ], [ -70.971222053999952, -29.394194641999945 ], [ -70.966971842999953, -29.394783854999957 ], [ -70.965400924999983, -29.395001539999953 ], [ -70.960260557999959, -29.395713910999973 ], [ -70.954462862999947, -29.39651710399994 ], [ -70.950214994999953, -29.397105392999947 ], [ -70.947515528999986, -29.397947314999954 ], [ -70.942406323999933, -29.399540612999942 ], [ -70.937837680999962, -29.400965170999939 ], [ -70.936223062999943, -29.401468720999958 ], [ -70.934344162999935, -29.402371280999944 ], [ -70.923596078999935, -29.407714916999964 ], [ -70.919874258999982, -29.408433257999945 ], [ -70.917569053999955, -29.408877683999947 ], [ -70.915436575999934, -29.408625916999938 ], [ -70.904679704999978, -29.407354828999928 ], [ -70.900369631999979, -29.408048906999966 ], [ -70.896318802999986, -29.408701083999972 ], [ -70.892275102999974, -29.409351775999937 ], [ -70.887053418999983, -29.410191987999951 ], [ -70.878690240999958, -29.411537271999975 ], [ -70.873091326999941, -29.412437656999941 ], [ -70.868774293999934, -29.413131723999982 ], [ -70.867491869999981, -29.412862850999943 ], [ -70.857992851999938, -29.410641632999955 ], [ -70.84491871299997, -29.415066560999946 ], [ -70.842124242999944, -29.415822159999948 ], [ -70.840673609999953, -29.416214299999979 ], [ -70.837515103999976, -29.417068487999984 ], [ -70.830875050999964, -29.418863278999936 ], [ -70.825452795999979, -29.420328519999941 ], [ -70.819021933999977, -29.422065998999983 ], [ -70.813780559999941, -29.423482017999959 ], [ -70.810252611999942, -29.424434887999951 ], [ -70.80266002999997, -29.426485300999957 ], [ -70.797111345999951, -29.427983150999978 ], [ -70.794300823999947, -29.42874140999993 ], [ -70.786756901999979, -29.43077782599994 ], [ -70.777985154999953, -29.433144840999944 ], [ -70.773099583999965, -29.434462685999961 ], [ -70.765654578999943, -29.436470625999959 ], [ -70.762132444999963, -29.437420721999956 ], [ -70.757194923999975, -29.438751583999931 ], [ -70.754790293999974, -29.439399815999934 ], [ -70.753463355999941, -29.440126951999957 ], [ -70.744564594999986, -29.442408566999973 ], [ -70.732302236999942, -29.445777886999963 ], [ -70.729936058999954, -29.44662251699998 ], [ -70.724160195999957, -29.450484328999949 ], [ -70.714833637999959, -29.456001029999982 ], [ -70.70978630999997, -29.457246764999979 ], [ -70.708267889999945, -29.458351017999973 ], [ -70.70108776099994, -29.463571713999954 ], [ -70.697803004999969, -29.465163993999965 ], [ -70.69657222799998, -29.465760501999966 ], [ -70.691260072999967, -29.468422153999938 ], [ -70.687272643999961, -29.470092128999966 ], [ -70.684848109999962, -29.471107529999983 ], [ -70.677395074999936, -29.47103582699998 ], [ -70.674126246999947, -29.471004218999951 ], [ -70.669289933999949, -29.470957440999939 ], [ -70.662834874999987, -29.470894699999974 ], [ -70.659565520999934, -29.470862649999958 ], [ -70.658435600999951, -29.471262830999933 ], [ -70.649213596999971, -29.474527746999968 ], [ -70.647933072999933, -29.47498104899995 ], [ -70.645133201999954, -29.475461593999967 ], [ -70.641035092999971, -29.476164625999957 ], [ -70.62989622799995, -29.478075303999958 ], [ -70.625945567999963, -29.478752610999948 ], [ -70.616399675999958, -29.480388705999928 ], [ -70.604880505999972, -29.479009162999944 ], [ -70.600776177999933, -29.478517591999946 ], [ -70.591320583999959, -29.477383926999948 ], [ -70.58797408099997, -29.47698270199993 ], [ -70.585761582999965, -29.47671732699996 ], [ -70.583018670999934, -29.477856146999954 ], [ -70.576320549999934, -29.480636598999979 ], [ -70.567292877999932, -29.48438359599993 ], [ -70.562280419999979, -29.486463765999929 ], [ -70.559112676999973, -29.487777902999937 ], [ -70.551938578999966, -29.490754386999981 ], [ -70.548683750999942, -29.492104488999928 ], [ -70.542815541999971, -29.493105551999975 ], [ -70.538092838999944, -29.493910946999961 ], [ -70.534803141999987, -29.494471820999934 ], [ -70.530730923999954, -29.495263321999971 ], [ -70.526705636999964, -29.49604549999998 ], [ -70.524211443999945, -29.494860750999976 ], [ -70.521795320999956, -29.493713141999933 ], [ -70.520369756999969, -29.490086119999944 ], [ -70.518798949999962, -29.486089861999972 ], [ -70.517705795999973, -29.483308501999943 ], [ -70.516271327999959, -29.479658423999979 ], [ -70.513534241999935, -29.475454548999949 ], [ -70.510931290999963, -29.471456272999944 ], [ -70.508889869999962, -29.468320203999951 ], [ -70.506363675999978, -29.464439076999952 ], [ -70.505277948999947, -29.462771036999982 ], [ -70.50072526799994, -29.455775378999931 ], [ -70.498973083999942, -29.453082644999938 ], [ -70.49639633299995, -29.447358675999965 ], [ -70.494980259999977, -29.444212992999951 ], [ -70.491900568999938, -29.43737082399997 ], [ -70.489515442999959, -29.43207082999993 ], [ -70.485322903999986, -29.425341066999977 ], [ -70.483544172999984, -29.422485781999967 ], [ -70.479746542999976, -29.416388777999941 ], [ -70.477808083999946, -29.413212844999975 ], [ -70.473446775999946, -29.406067168999982 ], [ -70.470537788999934, -29.401300180999954 ], [ -70.468678116999968, -29.398252448999983 ], [ -70.466089732999933, -29.394010348999984 ], [ -70.464852445999952, -29.391982546999941 ], [ -70.463343080999948, -29.389702066999973 ], [ -70.460062041999947, -29.38474451999997 ], [ -70.458374627999945, -29.382194483999967 ], [ -70.456925895999973, -29.37971581499994 ], [ -70.453382776999945, -29.373652978999928 ], [ -70.452022031999945, -29.371324441999946 ], [ -70.448877396999933, -29.365942593999932 ], [ -70.445545209999977, -29.360238908999975 ], [ -70.444139126999971, -29.357831898999962 ], [ -70.442466922999984, -29.355884180999965 ], [ -70.439315264999948, -29.352212288999965 ], [ -70.434435505999943, -29.346526759999961 ], [ -70.430912878999948, -29.342421959999967 ], [ -70.427608597999949, -29.338571368999965 ], [ -70.423230279999984, -29.333468129999972 ], [ -70.417097526999953, -29.32599674599993 ], [ -70.415907883999978, -29.322474434999947 ], [ -70.415247129999955, -29.320518148999952 ], [ -70.414436648999981, -29.319724935999943 ], [ -70.408261520999986, -29.313679627999932 ], [ -70.406686598999954, -29.312137740999958 ], [ -70.405065950999983, -29.31015494299993 ], [ -70.40253557799997, -29.307059065999965 ], [ -70.400899910999954, -29.305057690999945 ], [ -70.397755310999969, -29.296499323999967 ], [ -70.396864305999941, -29.294074451999961 ], [ -70.393921814999942, -29.293325008999943 ], [ -70.385676554999975, -29.291225200999975 ], [ -70.383019314999956, -29.290908246999948 ], [ -70.374573716999976, -29.289901021999981 ], [ -70.367008236999936, -29.288998244999959 ], [ -70.362111838999965, -29.289586756999938 ], [ -70.360366945999942, -29.292996185999982 ], [ -70.358576479999954, -29.29649440399993 ], [ -70.35888443999994, -29.300274237999929 ], [ -70.359185801999956, -29.303973458999963 ], [ -70.35941932999998, -29.30683907699995 ], [ -70.357326566999973, -29.311244396999939 ], [ -70.357404018999944, -29.314261402999932 ], [ -70.357467221999968, -29.316721756999982 ], [ -70.354717749999963, -29.318723152999951 ], [ -70.350817240999959, -29.32281224299993 ], [ -70.347536201999958, -29.325148791999936 ], [ -70.343671867999944, -29.328997181999966 ], [ -70.341978831999938, -29.33212746099997 ], [ -70.337759028999983, -29.333059913999932 ], [ -70.333615132999967, -29.333975323999937 ], [ -70.328585853999982, -29.335086213999944 ], [ -70.323987781999961, -29.338560700999949 ], [ -70.321055485999977, -29.339969527999983 ], [ -70.318694338999933, -29.341557474999945 ], [ -70.316054551999969, -29.34333258199996 ], [ -70.312584740999966, -29.345011833999934 ], [ -70.311047046999988, -29.345756000999984 ], [ -70.30879676099994, -29.348483357999953 ], [ -70.307290384999988, -29.350309005999975 ], [ -70.304864689999988, -29.349676562999946 ], [ -70.300484848999986, -29.348284220999972 ], [ -70.296421694999935, -29.348681157999977 ], [ -70.295065900999987, -29.351299258999973 ], [ -70.296314533999976, -29.353705931999968 ], [ -70.294396955999957, -29.356779426999935 ], [ -70.292899199999965, -29.359179772999937 ], [ -70.291581687999951, -29.361460501999943 ], [ -70.291087750999964, -29.364324081999939 ], [ -70.28984484199998, -29.366319717999943 ], [ -70.28672811399997, -29.368254264999962 ], [ -70.283256512999969, -29.370407019999959 ], [ -70.278512675999934, -29.373348593999935 ], [ -70.274006979999967, -29.376141627999971 ], [ -70.270246404999966, -29.37847278299995 ], [ -70.268279394999979, -29.381680759999938 ], [ -70.26551494499995, -29.386188008999966 ], [ -70.262555920999944, -29.388714852999954 ], [ -70.258470664999948, -29.392203687999938 ], [ -70.254736131999948, -29.395803353999952 ], [ -70.250821058999975, -29.399576793999984 ], [ -70.247564014999966, -29.402715610999962 ], [ -70.244741122999983, -29.405435815999965 ], [ -70.241088979999972, -29.406857947999981 ], [ -70.237849505999975, -29.408119130999978 ], [ -70.235367811999936, -29.409085167999933 ], [ -70.230658158999972, -29.411234146999959 ], [ -70.225800901999946, -29.413450467999951 ], [ -70.221717892999948, -29.41531299299993 ], [ -70.218220740999982, -29.415846898999973 ], [ -70.215581285999974, -29.416249810999943 ], [ -70.214778164999984, -29.418089699999939 ], [ -70.214520902999936, -29.41848072099998 ] ] ] } },
{ "type": "Feature", "properties": { "fid": 11, "OBJECTID": 1347, "ID_LIN_TRANS": 1585, "SUBTIPO": 101, "NOMBRE": "LA HUELLA - DON HECTOR 220KV", "CIRCUITO": "C1", "TIPO": "NACIONAL", "F_OPERACIO": "2021-07-22T20:00:00", "LONG_KM": 2.7476377, "TRAMO": "LA HUELLA - DON HECTOR", "PROPIEDAD": "AUSTRIANSOLAR CHILE SEIS SPA", "TENSION_KV": 220.0, "RCA": "S/I", "SIST_ELECT": "SEN", "ESTADO": "EN OPERACION", "REGION": "ATACAMA-COQUIMBO", "PROVINCIA": "HUASCO-ELQUI", "COMUNA": "LA HIGUERA-VALLENAR", "FUENTE_BAS": "CEN", "FECH_CREA": "2023-04-09T20:00:00", "FECH_ACT": "2024-04-29T20:00:00", "Shape__Length": 0.027657561416148606, "Origen de la Data": "Visor de Capas del Ministerio de Energia, IDE Energia, disponible en https://ide-energia.minenergia.cl/portal/apps/webappviewer/index.html?id=5c526a138b1449458e0667b2235d2b19" }, "geometry": { "type": "MultiLineString", "coordinates": [ [ [ -70.906758325999988, -29.136644398999977 ], [ -70.907047771999942, -29.136451334999947 ], [ -70.909200967999936, -29.136177045999943 ], [ -70.910644666999985, -29.136106388999963 ], [ -70.913852220999956, -29.134679621999965 ], [ -70.917488091999985, -29.133062219999942 ], [ -70.921260301999951, -29.131434741999954 ], [ -70.924898806999977, -29.129765129999953 ], [ -70.927822921999962, -29.128464012999927 ], [ -70.931529780999938, -29.126814451999962 ], [ -70.932363450999958, -29.126844390999963 ] ] ] } },
{ "type": "Feature", "properties": { "fid": 12, "OBJECTID": 1701, "ID_LIN_TRANS": 1760, "SUBTIPO": 103, "NOMBRE": "PAJONALES - TAP PAJONALES 110KV", "CIRCUITO": "S/I", "TIPO": "DEDICADO", "F_OPERACIO": null, "LONG_KM": 10.04776763, "TRAMO": "PAJONALES - TAP PAJONALES ", "PROPIEDAD": "EUROPEAN SOUTHERN OBSERVATORY", "TENSION_KV": 110.0, "RCA": "S/I", "SIST_ELECT": "SEN", "ESTADO": "EN OPERACION", "REGION": "ATACAMA-COQUIMBO", "PROVINCIA": "HUASCO-ELQUI", "COMUNA": "LA HIGUERA-VALLENAR", "FUENTE_BAS": "CEN", "FECH_CREA": "2023-04-09T20:00:00", "FECH_ACT": "2024-04-29T20:00:00", "Shape__Length": 0.090650931153111042, "Origen de la Data": "Visor de Capas del Ministerio de Energia, IDE Energia, disponible en https://ide-energia.minenergia.cl/portal/apps/webappviewer/index.html?id=5c526a138b1449458e0667b2235d2b19" }, "geometry": { "type": "MultiLineString", "coordinates": [ [ [ -70.920827654999982, -29.201450615999931 ], [ -70.919836, -29.110805108999955 ] ] ] } },
{ "type": "Feature", "properties": { "fid": 13, "OBJECTID": 1706, "ID_LIN_TRANS": 1813, "SUBTIPO": 103, "NOMBRE": "INCAHUASI - DOS AMIGOS 110kV", "CIRCUITO": "C1", "TIPO": "ZONAL", "F_OPERACIO": null, "LONG_KM": 39.22019772, "TRAMO": "CHILOE DEGAN", "PROPIEDAD": "TRANSELEC S.A.", "TENSION_KV": 110.0, "RCA": "S/I", "SIST_ELECT": "SEN", "ESTADO": "EN OPERACION", "REGION": "ATACAMA", "PROVINCIA": "HUASCO", "COMUNA": "VALLENAR", "FUENTE_BAS": "CEN", "FECH_CREA": "2019-04-25T20:00:00", "FECH_ACT": "2024-04-29T20:00:00", "Shape__Length": 0.36719101438235935, "Origen de la Data": "Visor de Capas del Ministerio de Energia, IDE Energia, disponible en https://ide-energia.minenergia.cl/portal/apps/webappviewer/index.html?id=5c526a138b1449458e0667b2235d2b19" }, "geometry": { "type": "MultiLineString", "coordinates": [ [ [ -71.026504789999933, -29.257675439999957 ], [ -71.026281329999961, -29.257533129999956 ], [ -71.02488287999995, -29.255202199999928 ], [ -71.023262709999983, -29.252720129999943 ], [ -71.022018259999982, -29.250818179999953 ], [ -71.02058889999995, -29.248646859999951 ], [ -71.019362819999969, -29.246760359999939 ], [ -71.018065089999936, -29.244799009999952 ], [ -71.017022009999948, -29.243161819999955 ], [ -71.015967499999988, -29.241189619999943 ], [ -71.014949349999938, -29.239236909999931 ], [ -71.013795269999946, -29.237012659999948 ], [ -71.012614699999972, -29.23476729999993 ], [ -71.011223399999949, -29.232098269999938 ], [ -71.010300659999984, -29.230338879999977 ], [ -71.009591449999959, -29.228975909999974 ], [ -71.008161049999956, -29.226242759999934 ], [ -71.007356769999944, -29.224720009999942 ], [ -71.008832309999946, -29.222121909999942 ], [ -71.010203259999969, -29.219743239999957 ], [ -71.011104799999941, -29.218128719999982 ], [ -71.011953219999953, -29.215729889999977 ], [ -71.012263509999968, -29.214271369999949 ], [ -71.012915459999988, -29.210803589999955 ], [ -71.013626349999981, -29.208125119999977 ], [ -71.014296009999953, -29.20549619999997 ], [ -71.014893369999982, -29.203067699999963 ], [ -71.016399009999986, -29.200963309999963 ], [ -71.01788683999996, -29.198855599999945 ], [ -71.019503039999961, -29.196568079999963 ], [ -71.020904089999988, -29.194549969999969 ], [ -71.022296839999967, -29.192597629999966 ], [ -71.023308229999941, -29.191091959999937 ], [ -71.02133189999995, -29.189021029999935 ], [ -71.019531109999946, -29.187157489999947 ], [ -71.016973049999933, -29.184475769999949 ], [ -71.013320699999952, -29.180706329999964 ], [ -71.010487809999972, -29.177724219999959 ], [ -71.008221289999938, -29.175461669999947 ], [ -71.005636099999947, -29.172752659999958 ], [ -71.002510859999973, -29.169428769999968 ], [ -71.002475549999986, -29.167190019999964 ], [ -71.002542219999953, -29.165020159999983 ], [ -71.002599009999983, -29.163332189999949 ], [ -71.00166760999997, -29.161492909999936 ], [ -71.000745099999961, -29.159700459999954 ], [ -70.999605719999977, -29.157494429999929 ], [ -70.998695879999957, -29.155846449999956 ], [ -70.996710779999944, -29.155719929999975 ], [ -70.992108989999963, -29.155496159999927 ], [ -70.989954679999983, -29.15535030999996 ], [ -70.988412129999972, -29.156101349999972 ], [ -70.985590209999941, -29.157502789999967 ], [ -70.983579879999979, -29.158509489999972 ], [ -70.980379119999952, -29.157701779999968 ], [ -70.977188979999937, -29.156970889999968 ], [ -70.973926549999987, -29.156141679999962 ], [ -70.971618439999986, -29.155044259999954 ], [ -70.969121289999975, -29.153837479999936 ], [ -70.967087669999955, -29.152885859999969 ], [ -70.964806739999972, -29.151798609999958 ], [ -70.962435009999979, -29.150668129999929 ], [ -70.960659849999956, -29.149821159999931 ], [ -70.958375819999958, -29.14872835999995 ], [ -70.955816259999949, -29.147500209999976 ], [ -70.953142459999981, -29.146171639999977 ], [ -70.951371919999985, -29.145383699999968 ], [ -70.948878009999987, -29.142665299999976 ], [ -70.947023769999987, -29.140640119999944 ], [ -70.945008959999939, -29.138434969999935 ], [ -70.943546039999944, -29.13682678999993 ], [ -70.94138892999996, -29.134471659999974 ], [ -70.940347449999933, -29.133322799999974 ], [ -70.938675389999958, -29.131493899999953 ], [ -70.936583329999962, -29.129202929999963 ], [ -70.934857729999976, -29.127304569999978 ], [ -70.933718469999974, -29.12605474999998 ], [ -70.932098959999962, -29.124250409999945 ], [ -70.930123959999946, -29.122087429999965 ], [ -70.928239059999953, -29.120011749999946 ], [ -70.926502099999936, -29.118118349999975 ], [ -70.924570199999948, -29.115988879999975 ], [ -70.922805699999969, -29.114056259999984 ], [ -70.921350049999944, -29.112464939999938 ], [ -70.919618829999933, -29.110638699999981 ], [ -70.917910479999989, -29.105438779999929 ], [ -70.917075529999977, -29.102944869999931 ], [ -70.916219869999964, -29.100414899999976 ], [ -70.915335739999989, -29.097767209999972 ], [ -70.914539179999963, -29.095402419999971 ], [ -70.913587329999984, -29.092567379999934 ], [ -70.912871749999965, -29.090452149999976 ], [ -70.912028849999956, -29.087930169999936 ], [ -70.911122559999967, -29.085251769999957 ], [ -70.910282519999953, -29.082739919999938 ], [ -70.909372889999986, -29.080050239999935 ], [ -70.908537039999942, -29.077550759999951 ], [ -70.907750659999977, -29.075216939999962 ], [ -70.907073279999963, -29.073238069999945 ], [ -70.906226389999972, -29.070692329999929 ], [ -70.905487079999943, -29.068479589999981 ], [ -70.90495132999996, -29.066876239999942 ], [ -70.904091609999966, -29.064335189999952 ], [ -70.903585289999967, -29.06281273999997 ], [ -70.903088639999964, -29.061332789999938 ], [ -70.902013139999951, -29.058133829999974 ], [ -70.901575389999948, -29.056834729999935 ], [ -70.900541829999952, -29.053763419999939 ], [ -70.899938029999987, -29.051945049999972 ], [ -70.898827129999972, -29.048552399999949 ], [ -70.89776422999995, -29.045558439999979 ], [ -70.897268139999937, -29.044022489999975 ], [ -70.896588009999959, -29.041956199999959 ], [ -70.895753019999972, -29.039445139999941 ], [ -70.894485589999988, -29.035645599999953 ], [ -70.894956409999963, -29.033461629999977 ], [ -70.895551689999934, -29.030805579999935 ], [ -70.896136819999981, -29.028190259999974 ], [ -70.896725139999944, -29.025539339999966 ], [ -70.897209309999937, -29.023406749999936 ], [ -70.897795149999979, -29.020774219999964 ], [ -70.898366439999961, -29.018239299999948 ], [ -70.898961609999958, -29.015585149999936 ], [ -70.899508329999946, -29.013135089999935 ], [ -70.900051989999952, -29.010696529999962 ], [ -70.900618639999948, -29.008180289999927 ], [ -70.901174469999944, -29.005697139999938 ], [ -70.901640579999935, -29.00374383999997 ], [ -70.902368959999933, -29.000364399999967 ], [ -70.902995559999965, -28.997567979999928 ], [ -70.903675929999963, -28.99459601999996 ], [ -70.904467519999969, -28.990848969999945 ], [ -70.905112779999968, -28.98800928999998 ], [ -70.903949199999943, -28.985235359999933 ], [ -70.902983589999963, -28.982918899999959 ], [ -70.901997779999988, -28.980564519999973 ], [ -70.900896459999956, -28.977917539999964 ], [ -70.900041779999981, -28.97583917999998 ], [ -70.899011039999948, -28.973395639999978 ], [ -70.898016459999951, -28.971026069999937 ], [ -70.897056669999984, -28.968731359999936 ] ] ] } },
{ "type": "Feature", "properties": { "fid": 14, "OBJECTID": 1707, "ID_LIN_TRANS": 1814, "SUBTIPO": 103, "NOMBRE": "INCAHUASI - LAS COMPAÑÍAS 110kV", "CIRCUITO": "C1 - C2", "TIPO": "ZONAL", "F_OPERACIO": "2004-12-31T21:00:00", "LONG_KM": 82.61595401, "TRAMO": "ROMERAL - INCAHUASI", "PROPIEDAD": "TRANSELEC S.A.", "TENSION_KV": 110.0, "RCA": "S/I", "SIST_ELECT": "SEN", "ESTADO": "EN OPERACION", "REGION": "ATACAMA-COQUIMBO", "PROVINCIA": "HUASCO-ELQUI", "COMUNA": "LA SERENA-LA HIGUERA-VALLENAR", "FUENTE_BAS": "CEN", "FECH_CREA": "2019-04-25T20:00:00", "FECH_ACT": "2024-04-29T20:00:00", "Shape__Length": 0.77271900832697116, "Origen de la Data": "Visor de Capas del Ministerio de Energia, IDE Energia, disponible en https://ide-energia.minenergia.cl/portal/apps/webappviewer/index.html?id=5c526a138b1449458e0667b2235d2b19" }, "geometry": { "type": "MultiLineString", "coordinates": [ [ [ -71.227957939999953, -29.860430759999929 ], [ -71.228842089999944, -29.858236939999983 ], [ -71.22964688999997, -29.856239939999966 ], [ -71.230368609999971, -29.854444519999959 ], [ -71.231633689999967, -29.851291 ], [ -71.232725069999958, -29.848581449999983 ], [ -71.233598669999935, -29.846395829999949 ], [ -71.234405919999972, -29.844387319999953 ], [ -71.235485319999952, -29.841688909999959 ], [ -71.236462479999943, -29.839273759999969 ], [ -71.237456329999986, -29.836802989999967 ], [ -71.238369459999944, -29.834541229999957 ], [ -71.239216499999941, -29.832421679999982 ], [ -71.240083629999958, -29.830273419999969 ], [ -71.240385909999986, -29.825291829999969 ], [ -71.240508869999985, -29.822905769999977 ], [ -71.240628289999961, -29.820568249999951 ], [ -71.24074657999995, -29.818262469999979 ], [ -71.240860399999974, -29.815956829999948 ], [ -71.241033929999958, -29.812962069999969 ], [ -71.241166459999988, -29.809916459999954 ], [ -71.241280219999965, -29.807687259999966 ], [ -71.241408289999981, -29.805177869999966 ], [ -71.241538009999942, -29.80263384999995 ], [ -71.24166656999995, -29.800143179999964 ], [ -71.24178601999995, -29.797743329999946 ], [ -71.241914939999958, -29.795242859999973 ], [ -71.242015539999954, -29.793253069999935 ], [ -71.242179989999954, -29.79004281999994 ], [ -71.242269209999961, -29.788273679999975 ], [ -71.242421959999945, -29.785296759999937 ], [ -71.242567649999955, -29.782421629999931 ], [ -71.242698729999972, -29.779898149999951 ], [ -71.242818109999973, -29.77754570999997 ], [ -71.242939179999951, -29.775210819999984 ], [ -71.243070029999956, -29.772647399999983 ], [ -71.24318827999997, -29.770313899999962 ], [ -71.24332, -29.76769926999998 ], [ -71.243437489999963, -29.765446539999971 ], [ -71.243592129999968, -29.762290159999964 ], [ -71.243735709999953, -29.759718299999975 ], [ -71.243829669999968, -29.757815769999979 ], [ -71.244123849999937, -29.753319259999955 ], [ -71.242473959999984, -29.749998929999947 ], [ -71.239857699999959, -29.747032019999949 ], [ -71.236610589999941, -29.743349909999949 ], [ -71.235267089999979, -29.741828049999981 ], [ -71.233055649999983, -29.73931400999993 ], [ -71.231477109999958, -29.737530919999983 ], [ -71.229793299999983, -29.735618449999947 ], [ -71.227816029999985, -29.733402149999961 ], [ -71.227158189999955, -29.732895759999963 ], [ -71.224204359999987, -29.730597199999977 ], [ -71.221876419999944, -29.728789869999957 ], [ -71.220045699999957, -29.727377499999932 ], [ -71.218074029999968, -29.725851039999952 ], [ -71.216356819999987, -29.724551109999936 ], [ -71.215773879999972, -29.72252801999997 ], [ -71.215257409999936, -29.720737829999962 ], [ -71.215895619999969, -29.717957399999932 ], [ -71.216394779999973, -29.715823899999975 ], [ -71.216825909999955, -29.714016369999968 ], [ -71.217250699999965, -29.712210029999937 ], [ -71.217807379999954, -29.70980426999995 ], [ -71.218384119999939, -29.707326629999955 ], [ -71.21969772999995, -29.70505062999996 ], [ -71.221158849999938, -29.70251903999997 ], [ -71.222480509999968, -29.700208459999942 ], [ -71.223605409999948, -29.698255169999982 ], [ -71.224486769999942, -29.696710309999958 ], [ -71.226243509999961, -29.69364461999993 ], [ -71.227241429999935, -29.691924759999949 ], [ -71.229278629999953, -29.691024649999974 ], [ -71.231495829999972, -29.690052469999955 ], [ -71.234212729999967, -29.688866319999931 ], [ -71.23649297999998, -29.687866619999966 ], [ -71.239547979999941, -29.686531269999932 ], [ -71.242145449999953, -29.685395149999977 ], [ -71.244542139999965, -29.684350939999945 ], [ -71.24724348999996, -29.683151559999942 ], [ -71.24810526999994, -29.681290229999945 ], [ -71.249514859999977, -29.678194129999952 ], [ -71.250219259999938, -29.676634589999935 ], [ -71.251220129999979, -29.674400959999957 ], [ -71.252457149999941, -29.671719739999958 ], [ -71.253151929999945, -29.67016555999993 ], [ -71.253807979999976, -29.666861599999947 ], [ -71.254233849999935, -29.664822209999954 ], [ -71.254892729999938, -29.661524689999965 ], [ -71.255180259999975, -29.659997459999943 ], [ -71.254156049999949, -29.657954289999964 ], [ -71.252366749999965, -29.654416539999943 ], [ -71.25202754999998, -29.653784009999981 ], [ -71.249119349999944, -29.648238659999947 ], [ -71.249947319999933, -29.646060619999957 ], [ -71.251118539999936, -29.642706569999973 ], [ -71.251980259999982, -29.640238389999979 ], [ -71.252908619999971, -29.637571219999984 ], [ -71.253793899999948, -29.635083609999981 ], [ -71.255066099999965, -29.633475189999956 ], [ -71.25666345999997, -29.631477559999951 ], [ -71.257761309999978, -29.630146369999977 ], [ -71.256736029999956, -29.626760149999939 ], [ -71.256258769999988, -29.625172199999952 ], [ -71.255767049999974, -29.623521299999936 ], [ -71.255287189999933, -29.621909049999942 ], [ -71.254320139999948, -29.618671149999955 ], [ -71.253190349999954, -29.614873269999975 ], [ -71.255938119999939, -29.609044509999933 ], [ -71.255479909999963, -29.606793769999967 ], [ -71.254988229999981, -29.604253579999977 ], [ -71.254588529999978, -29.602206219999971 ], [ -71.253961889999971, -29.599084699999935 ], [ -71.254322839999986, -29.596600699999954 ], [ -71.253817499999968, -29.594310519999965 ], [ -71.253276559999961, -29.591403799999966 ], [ -71.252705169999956, -29.58869808999998 ], [ -71.252000409999937, -29.585297649999973 ], [ -71.251347579999958, -29.582434269999965 ], [ -71.250872739999977, -29.57986558999994 ], [ -71.250280429999975, -29.577170009999975 ], [ -71.249761959999944, -29.574810679999928 ], [ -71.249479989999941, -29.573178 ], [ -71.249011349999932, -29.570915199999945 ], [ -71.248362449999945, -29.568087899999966 ], [ -71.247952679999969, -29.565996279999979 ], [ -71.247323499999936, -29.563045589999945 ], [ -71.246485809999967, -29.558895599999971 ], [ -71.24628716999996, -29.55794420999996 ], [ -71.246014019999961, -29.556643039999983 ], [ -71.245547639999984, -29.554516969999952 ], [ -71.244675499999971, -29.552285059999974 ], [ -71.243747309999947, -29.55002879999995 ], [ -71.24294464999997, -29.548255189999963 ], [ -71.241912129999946, -29.545768009999961 ], [ -71.241203929999983, -29.544055219999962 ], [ -71.240463449999936, -29.54211171999998 ], [ -71.239563129999965, -29.539941649999946 ], [ -71.23855446999994, -29.537633699999958 ], [ -71.238692979999939, -29.536635989999979 ], [ -71.238915829999939, -29.53485773999995 ], [ -71.239201139999977, -29.532495539999957 ], [ -71.239487699999984, -29.530116129999954 ], [ -71.239787849999971, -29.527707219999968 ], [ -71.240068519999966, -29.525225109999951 ], [ -71.239607929999977, -29.522603939999954 ], [ -71.239179429999979, -29.520250099999942 ], [ -71.238728279999975, -29.517807689999984 ], [ -71.238261629999954, -29.51524054999993 ], [ -71.237855439999976, -29.513013229999956 ], [ -71.237279669999964, -29.509883229999957 ], [ -71.237051189999988, -29.50861754999994 ], [ -71.236412309999935, -29.505026029999954 ], [ -71.235917419999964, -29.502412389999961 ], [ -71.235421769999959, -29.499706699999933 ], [ -71.234933819999981, -29.497030289999941 ], [ -71.234490369999946, -29.494631549999951 ], [ -71.234024929999975, -29.492089359999966 ], [ -71.233508239999935, -29.48926468999997 ], [ -71.233043289999955, -29.486725559999968 ], [ -71.232602819999954, -29.484306559999936 ], [ -71.232126729999948, -29.481723679999959 ], [ -71.231693259999986, -29.479347759999939 ], [ -71.231212699999958, -29.476714289999961 ], [ -71.230716269999959, -29.474027199999966 ], [ -71.23042997999994, -29.472553739999967 ], [ -71.228814909999983, -29.470527499999946 ], [ -71.227120099999979, -29.468425319999938 ], [ -71.225365439999962, -29.466240299999981 ], [ -71.223711969999954, -29.464190129999963 ], [ -71.222025659999986, -29.462084619999928 ], [ -71.220451139999966, -29.460146569999949 ], [ -71.218815249999977, -29.458093789999964 ], [ -71.217057599999976, -29.455918449999956 ], [ -71.215308579999942, -29.453747649999968 ], [ -71.213557019999939, -29.451569469999981 ], [ -71.211903399999983, -29.44951457999997 ], [ -71.210227569999972, -29.447433319999959 ], [ -71.208350249999967, -29.445096699999965 ], [ -71.206653449999976, -29.442984519999982 ], [ -71.204784889999985, -29.440661949999935 ], [ -71.203213979999987, -29.438687139999956 ], [ -71.201630809999983, -29.436741389999952 ], [ -71.19991731999994, -29.434615129999941 ], [ -71.198090079999986, -29.432338139999956 ], [ -71.196344859999954, -29.430166389999954 ], [ -71.19460971999996, -29.428015159999973 ], [ -71.192856759999984, -29.42582275999996 ], [ -71.191174509999939, -29.423745589999953 ], [ -71.189286469999956, -29.42139267999994 ], [ -71.187758299999985, -29.419500509999978 ], [ -71.186571609999987, -29.418014229999983 ], [ -71.184756779999987, -29.415768189999937 ], [ -71.183174759999986, -29.413797699999975 ], [ -71.181434249999938, -29.411633409999979 ], [ -71.179697519999934, -29.409463679999931 ], [ -71.178057899999942, -29.407430199999965 ], [ -71.176454779999972, -29.405410159999974 ], [ -71.174807579999936, -29.403138349999949 ], [ -71.173158819999969, -29.400843959999975 ], [ -71.171736369999962, -29.398833599999932 ], [ -71.17075011999998, -29.397486589999971 ], [ -71.169030529999986, -29.395061599999963 ], [ -71.167555279999988, -29.393016349999982 ], [ -71.166086339999936, -29.39095717999993 ], [ -71.164627229999951, -29.388922359999981 ], [ -71.160401179999951, -29.383015449999959 ], [ -71.158955259999971, -29.381011129999933 ], [ -71.157545719999973, -29.380140589999939 ], [ -71.155182129999957, -29.37868057999998 ], [ -71.15306972999997, -29.377377939999974 ], [ -71.150964509999937, -29.376090659999932 ], [ -71.148856249999938, -29.374785499999973 ], [ -71.146739989999958, -29.373486389999982 ], [ -71.144606889999977, -29.372170599999947 ], [ -71.142563549999977, -29.370912459999943 ], [ -71.139783629999954, -29.369212119999929 ], [ -71.13782748999995, -29.368000409999979 ], [ -71.135761769999988, -29.366725799999983 ], [ -71.133189459999983, -29.365142779999928 ], [ -71.130951709999977, -29.363762049999934 ], [ -71.129341789999955, -29.36276941999995 ], [ -71.126758149999944, -29.363752139999974 ], [ -71.124787699999956, -29.364507809999964 ], [ -71.12301371999996, -29.365176489999953 ], [ -71.121383419999972, -29.365803959999937 ], [ -71.118716169999971, -29.366827859999944 ], [ -71.116399619999981, -29.367698939999968 ], [ -71.113395169999933, -29.368846089999977 ], [ -71.11131826999997, -29.369639089999964 ], [ -71.108729449999942, -29.370634689999974 ], [ -71.106255179999948, -29.371567659999982 ], [ -71.103467269999953, -29.372633949999965 ], [ -71.100772599999971, -29.372601249999946 ], [ -71.098240389999944, -29.372583839999947 ], [ -71.095490859999984, -29.372533989999965 ], [ -71.092743149999933, -29.372506729999941 ], [ -71.089825369999971, -29.372492829999942 ], [ -71.08702698999997, -29.372447819999934 ], [ -71.084611909999978, -29.371491589999948 ], [ -71.082271139999989, -29.370568529999957 ], [ -71.079537629999948, -29.369468219999931 ], [ -71.076979419999986, -29.36846251999998 ], [ -71.074392479999972, -29.36740709999998 ], [ -71.071676489999959, -29.366349199999945 ], [ -71.06906773999998, -29.365294849999941 ], [ -71.067161919999933, -29.364544639999963 ], [ -71.065767729999948, -29.363992219999943 ], [ -71.063981239999976, -29.363273379999953 ], [ -71.061707969999986, -29.362421149999932 ], [ -71.060108609999986, -29.361785829999974 ], [ -71.057661319999966, -29.360747509999953 ], [ -71.055090159999963, -29.359738569999934 ], [ -71.052376279999976, -29.358644419999962 ], [ -71.04941636999996, -29.357479749999982 ], [ -71.046812469999963, -29.356442669999979 ], [ -71.044054479999943, -29.355342839999935 ], [ -71.041408199999978, -29.354287499999941 ], [ -71.038942069999962, -29.353255069999932 ], [ -71.039077709999958, -29.350973409999938 ], [ -71.039280719999965, -29.34852694999995 ], [ -71.039401509999948, -29.347072569999966 ], [ -71.039603829999976, -29.344636399999956 ], [ -71.039801279999949, -29.342258969999932 ], [ -71.04004716999998, -29.339526399999954 ], [ -71.039602829999978, -29.337280919999955 ], [ -71.038865649999934, -29.333934909999982 ], [ -71.038446599999986, -29.331768119999936 ], [ -71.038004499999943, -29.329614289999938 ], [ -71.037725509999973, -29.328255079999963 ], [ -71.037049929999966, -29.324957899999958 ], [ -71.036573629999964, -29.322625449999975 ], [ -71.036038299999973, -29.320004019999942 ], [ -71.035546029999978, -29.317439589999935 ], [ -71.034760479999989, -29.313902449999944 ], [ -71.034345629999962, -29.311874949999947 ], [ -71.033383989999948, -29.307197969999947 ], [ -71.032841989999952, -29.30456025999996 ], [ -71.032539579999934, -29.303153539999983 ], [ -71.030526709999947, -29.302705189999983 ], [ -71.030346539999982, -29.300262449999934 ], [ -71.030121849999944, -29.297506809999959 ], [ -71.029845419999958, -29.294142179999938 ], [ -71.029615949999936, -29.291022209999937 ], [ -71.029423119999933, -29.288626119999947 ], [ -71.029233559999966, -29.28633844999996 ], [ -71.028945879999981, -29.283200479999948 ], [ -71.028801149999936, -29.280715149999935 ], [ -71.028595619999976, -29.278239839999969 ], [ -71.028335409999954, -29.275002789999974 ], [ -71.028026709999949, -29.271573429999933 ], [ -71.02791942999994, -29.270263239999963 ], [ -71.027643729999966, -29.266567309999971 ], [ -71.027471949999949, -29.264505969999959 ], [ -71.027177539999968, -29.260954389999938 ], [ -71.026916109999945, -29.258332579999944 ], [ -71.026613629999986, -29.257831969999984 ] ] ] } },
{ "type": "Feature", "properties": { "fid": 15, "OBJECTID": 2068, "ID_LIN_TRANS": 1761, "SUBTIPO": 105, "NOMBRE": "CENTRAL LA SILLA - PAJONALES 23KV", "CIRCUITO": "C1", "TIPO": "DEDICADO", "F_OPERACIO": "1982-12-31T21:00:00", "LONG_KM": 25.96343404, "TRAMO": "CENTRAL LA SILLA - PAJONALES", "PROPIEDAD": "EUROPEAN SOUTHERN OBSERVATORY", "TENSION_KV": 23.0, "RCA": "S/I", "SIST_ELECT": "SEN", "ESTADO": "EN OPERACION", "REGION": "ATACAMA-COQUIMBO", "PROVINCIA": "HUASCO-ELQUI", "COMUNA": "LA HIGUERA-VALLENAR", "FUENTE_BAS": "CEN", "FECH_CREA": "2023-04-09T20:00:00", "FECH_ACT": "2024-04-29T20:00:00", "Shape__Length": 0.25258591130416347, "Origen de la Data": "Visor de Capas del Ministerio de Energia, IDE Energia, disponible en https://ide-energia.minenergia.cl/portal/apps/webappviewer/index.html?id=5c526a138b1449458e0667b2235d2b19" }, "geometry": { "type": "MultiLineString", "coordinates": [ [ [ -70.918876023999985, -29.111464097999942 ], [ -70.918555989999959, -29.11167611999997 ], [ -70.917959935999988, -29.111842102999958 ], [ -70.916641970999933, -29.112197154999933 ], [ -70.915111951999961, -29.11263715399997 ], [ -70.913436941999976, -29.113094093999962 ], [ -70.91188594099998, -29.11355113999997 ], [ -70.910497953999936, -29.113917146999938 ], [ -70.90890699299996, -29.114365163999935 ], [ -70.907630005999977, -29.114717108999969 ], [ -70.90607500599998, -29.115144098999963 ], [ -70.904937984999947, -29.115470116999973 ], [ -70.90336997299994, -29.115917111999977 ], [ -70.902208972999972, -29.116242094999961 ], [ -70.901521981999963, -29.116411100999983 ], [ -70.900360013999943, -29.11675115099996 ], [ -70.898988026999973, -29.117109144999972 ], [ -70.897619027999951, -29.117496136999932 ], [ -70.89589098099998, -29.117989163999937 ], [ -70.89451902199994, -29.118356135999932 ], [ -70.892760009999961, -29.118832146999978 ], [ -70.891400970999939, -29.119238155999938 ], [ -70.889881014999958, -29.119628102999968 ], [ -70.888308951999988, -29.120080125999948 ], [ -70.886951927999974, -29.120452134999937 ], [ -70.88556495399996, -29.120822115999943 ], [ -70.884002935999945, -29.121286128999941 ], [ -70.882233000999975, -29.121766126999944 ], [ -70.880738992999966, -29.12216309799993 ], [ -70.879549967999935, -29.122509125999954 ], [ -70.878372007999985, -29.122848129999966 ], [ -70.877061028999947, -29.123168143999976 ], [ -70.875559931999987, -29.123590150999974 ], [ -70.87446900599997, -29.124406135999948 ], [ -70.87338495399996, -29.125211097999966 ], [ -70.872512927999935, -29.125916089999976 ], [ -70.871084010999937, -29.12699609799995 ], [ -70.870033023999952, -29.127757170999928 ], [ -70.86899296699994, -29.128555168999981 ], [ -70.867859978999945, -29.129432144999953 ], [ -70.866848998999956, -29.130169085999967 ], [ -70.865475959999969, -29.131197096999983 ], [ -70.864160992999985, -29.13218711199994 ], [ -70.862965985999949, -29.133100101999958 ], [ -70.861695926999971, -29.134064113999955 ], [ -70.860413988999937, -29.135043166999935 ], [ -70.859002954999937, -29.136080124999978 ], [ -70.857624976999944, -29.137105150999957 ], [ -70.856380009999953, -29.138081128999943 ], [ -70.854943956999989, -29.139143115999957 ], [ -70.853642019999938, -29.140143137999928 ], [ -70.852434009999968, -29.141029148999962 ], [ -70.851067948999969, -29.142084083999976 ], [ -70.85000202699996, -29.142883111999936 ], [ -70.848552006999967, -29.143310167999971 ], [ -70.846961959999987, -29.143822152999974 ], [ -70.84533801799995, -29.144342166999934 ], [ -70.843925001999935, -29.144783101999963 ], [ -70.842666960999964, -29.145183089999932 ], [ -70.841527970999948, -29.145533155999942 ], [ -70.840278995999938, -29.145941118999929 ], [ -70.838514933999988, -29.146481112999936 ], [ -70.837212948999934, -29.146915130999957 ], [ -70.836107968999954, -29.147255119999954 ], [ -70.834960029999934, -29.147642158999929 ], [ -70.834181932999968, -29.148331098999961 ], [ -70.83335402199998, -29.149040115999981 ], [ -70.832552980999935, -29.149723133999942 ], [ -70.830202012999962, -29.151778125999954 ], [ -70.828861986999982, -29.152931112999966 ], [ -70.827509000999953, -29.154091121999954 ], [ -70.826803943999948, -29.154713153999978 ], [ -70.825487994999946, -29.15588915099994 ], [ -70.824189016999981, -29.157009140999946 ], [ -70.822874954999975, -29.158173086999966 ], [ -70.821774024999968, -29.159113139999931 ], [ -70.821070945999963, -29.160515093999948 ], [ -70.81943800199997, -29.163835140999936 ], [ -70.818065002999958, -29.166650122999954 ], [ -70.817249931999982, -29.168254167999976 ], [ -70.816617004999955, -29.169618152999931 ], [ -70.815842936999957, -29.171200157999976 ], [ -70.815214006999952, -29.172466088999954 ], [ -70.814501013999973, -29.173922105999964 ], [ -70.814009969999972, -29.174974113999951 ], [ -70.813533956999947, -29.175899138999966 ], [ -70.812011987999938, -29.17577212599997 ], [ -70.810177937999981, -29.175596166999981 ], [ -70.808820935999961, -29.175489083999935 ], [ -70.807500933999961, -29.175381125999934 ], [ -70.80617201299998, -29.175245122999968 ], [ -70.804441027999985, -29.175100088999955 ], [ -70.802844, -29.174954129999946 ], [ -70.801430007999954, -29.174815163999938 ], [ -70.799967951999975, -29.17467908499998 ], [ -70.798483963999956, -29.174305157999981 ], [ -70.79694101399997, -29.173910168999953 ], [ -70.795146006999971, -29.173458083999947 ], [ -70.79355101699997, -29.173043088999975 ], [ -70.789736017999985, -29.172056087999977 ], [ -70.788655009999957, -29.171776099999931 ], [ -70.787658995999948, -29.171559123999941 ], [ -70.786092961999941, -29.171696696999959 ], [ -70.784741099999962, -29.17163919799998 ], [ -70.78347211199997, -29.173109870999951 ], [ -70.783089220999955, -29.174161868999931 ], [ -70.782028021999963, -29.17567108999998 ], [ -70.781505941999967, -29.176345139999967 ], [ -70.779966007999974, -29.176558092999983 ], [ -70.777639953999937, -29.176821080999957 ], [ -70.775239930999987, -29.177148084999942 ], [ -70.773631016999957, -29.177441105999947 ], [ -70.771573948999958, -29.17764114199997 ], [ -70.76991301399994, -29.178804126999978 ], [ -70.768215023999971, -29.179883121999978 ], [ -70.765781995999987, -29.181429102999971 ], [ -70.763935025999956, -29.182634082999982 ], [ -70.761608963999947, -29.184135088999938 ], [ -70.760416010999961, -29.184902167999951 ], [ -70.759400029999938, -29.185556101999964 ], [ -70.758719941999971, -29.186009084999966 ], [ -70.757947006999984, -29.186511107999934 ], [ -70.754873182999972, -29.188531014999967 ], [ -70.75442301399994, -29.188768097999969 ], [ -70.753048952999961, -29.189655153999979 ], [ -70.751826936999976, -29.190432104999957 ], [ -70.75183700599996, -29.191611161999958 ], [ -70.75183, -29.192572164999945 ], [ -70.751845977999949, -29.193778123999948 ], [ -70.751838949999978, -29.195530124999948 ], [ -70.751830020999932, -29.196777105999956 ], [ -70.75181601099996, -29.197459102999971 ], [ -70.751851979999969, -29.199677143999963 ], [ -70.751839027999949, -29.20040316199993 ], [ -70.751311967999982, -29.201057133999939 ], [ -70.750275933999944, -29.202456153999947 ], [ -70.748593997999933, -29.204673105999973 ], [ -70.748007934999976, -29.20540408599993 ], [ -70.747347939999941, -29.206294119999939 ], [ -70.747353957999962, -29.207267132999959 ], [ -70.747397005999971, -29.208816081999942 ], [ -70.747488939999982, -29.211615134999931 ], [ -70.74751600999997, -29.212513157999979 ], [ -70.747447948999934, -29.212539131999961 ], [ -70.747368030999951, -29.212533137999969 ], [ -70.747566947999985, -29.213375135999968 ], [ -70.747565972999951, -29.214378106999959 ], [ -70.747586961999957, -29.215469130999963 ], [ -70.747528942999963, -29.216638156999977 ], [ -70.747481028999971, -29.217542121999941 ], [ -70.747361950999959, -29.218465152999954 ], [ -70.747292969999933, -29.219552117999967 ], [ -70.747211027999981, -29.22053611399997 ], [ -70.74711995399997, -29.221479081999973 ], [ -70.747016941999959, -29.222755080999946 ], [ -70.746869027999935, -29.224537160999944 ], [ -70.746662023999988, -29.226438128999973 ], [ -70.746535017999975, -29.228416103999962 ], [ -70.746435971999972, -29.229405104999955 ], [ -70.746231026999965, -29.230131100999984 ], [ -70.745682028999965, -29.232061165999937 ], [ -70.745361946999935, -29.233314099999973 ], [ -70.744951932999982, -29.23472413099995 ], [ -70.744696944999987, -29.23567916099995 ], [ -70.744519003999983, -29.23629408499994 ], [ -70.746650324999962, -29.240205983999942 ], [ -70.746891977999951, -29.24065309599996 ], [ -70.747253998999952, -29.241366089999929 ], [ -70.747600948999946, -29.24199716499993 ], [ -70.747907018999967, -29.242311149999978 ], [ -70.748105970999973, -29.242497137999976 ] ] ] } }
]
}
