{
"type": "FeatureCollection",
"name": "inversiones_bip",
"crs": { "type": "name", "properties": { "name": "urn:ogc:def:crs:OGC:1.3:CRS84" } },
"features": [
{ "type": "Feature", "properties": { "CÓDIGO BIP": 30100128, "DESCRIPCIÓN": "CONSTRUCCION OBRAS DE URBANIZACION BASICA PUNTA COLORADA, LA HIGUERA Año y Etapa a Financiar: 2024-EJECUCION", "AÑO POSTULACIÓN": 2024, "TIPOLOGÍA": "PROYECTO", "SECTOR": "RECURSOS HIDRICOS", "SUB SECTOR": "EVACUACION DISPOSICION FINAL AGUAS SERVIDAS", "FUENTE FINANCIERA": "F.N.D.R.", "RATE": "RS", "SOLICITADO AÑO": "1.406.562,00", "ETAPA ACTUAL": "EJECUCION", "INSTITUCIÓN FINANCIERA": "GOBIERNO REGIONAL - REGION DE COQUIMBO", "INSTITUCIÓN FORMULADORA": "MUNICIPALIDAD DE LA HIGUERA", "COSTO TOTAL [M$]": "3.931.356,00", "COMENTARIOS": false, "IMÁGENES": false, "X": "-29.3534163", "Y": "-71.0171473", "Origen de la Informacion": "Banco Integrado de Proyectos, BIP, del Ministerio de Desarrollo Social y Familia, Disponible en: https://bip.ministeriodesarrollosocial.gob.cl/bip2-consulta/app/parent-flow;jsessionid=BB76DB2740D03924B91F9616C39575F5?execution=e1s1 Ultima Consulta de los datos: Abril 2025", "Descripcion": "Inversion publica corresponde a las iniciativas de inversion publica (Estudio basico, programa o un proyecto de inversion publica.) que ingresaron al Banco Integrado de Proyectos del Ministerio De Desarrollo Social y Familia, entre los años 2014 y 2025" }, "geometry": { "type": "Point", "coordinates": [ -71.0171473, -29.3534163 ] } },
{ "type": "Feature", "properties": { "CÓDIGO BIP": 30100137, "DESCRIPCIÓN": "CONSTRUCCION OBRAS DE URBANIZACIÓN BÁSICA LA HIGUERA Año y Etapa a Financiar: 2024-EJECUCION", "AÑO POSTULACIÓN": 2024, "TIPOLOGÍA": "PROYECTO", "SECTOR": "RECURSOS HIDRICOS", "SUB SECTOR": "EVACUACION DISPOSICION FINAL AGUAS SERVIDAS", "FUENTE FINANCIERA": "F.N.D.R.", "RATE": "RS", "SOLICITADO AÑO": "54.122,00", "ETAPA ACTUAL": "EJECUCION", "INSTITUCIÓN FINANCIERA": "GOBIERNO REGIONAL - REGION DE COQUIMBO", "INSTITUCIÓN FORMULADORA": "MUNICIPALIDAD DE LA HIGUERA", "COSTO TOTAL [M$]": "9.781.559,00", "COMENTARIOS": false, "IMÁGENES": false, "X": "-29.5115587", "Y": "-71.2007178", "Origen de la Informacion": "Banco Integrado de Proyectos, BIP, del Ministerio de Desarrollo Social y Familia, Disponible en: https://bip.ministeriodesarrollosocial.gob.cl/bip2-consulta/app/parent-flow;jsessionid=BB76DB2740D03924B91F9616C39575F5?execution=e1s1 Ultima Consulta de los datos: Abril 2025", "Descripcion": "Inversion publica corresponde a las iniciativas de inversion publica (Estudio basico, programa o un proyecto de inversion publica.) que ingresaron al Banco Integrado de Proyectos del Ministerio De Desarrollo Social y Familia, entre los años 2014 y 2025" }, "geometry": { "type": "Point", "coordinates": [ -71.2007178, -29.5115587 ] } },
{ "type": "Feature", "properties": { "CÓDIGO BIP": 30176022, "DESCRIPCIÓN": "REPOSICION POSTA DE SALUD RURAL CALETA LOS HORNOS, LA HIGUERA Año y Etapa a Financiar: 2024-EJECUCION", "AÑO POSTULACIÓN": 2024, "TIPOLOGÍA": "PROYECTO", "SECTOR": "SALUD", "SUB SECTOR": "BAJA COMPLEJIDAD", "FUENTE FINANCIERA": "F.N.D.R.", "RATE": "RS", "SOLICITADO AÑO": "347.918,00", "ETAPA ACTUAL": "EJECUCION", "INSTITUCIÓN FINANCIERA": "GOBIERNO REGIONAL - REGION DE COQUIMBO", "INSTITUCIÓN FORMULADORA": "MUNICIPALIDAD DE LA HIGUERA", "COSTO TOTAL [M$]": "932.009,00", "COMENTARIOS": false, "IMÁGENES": false, "X": "-29.6226937", "Y": "-71.2886146", "Origen de la Informacion": "Banco Integrado de Proyectos, BIP, del Ministerio de Desarrollo Social y Familia, Disponible en: https://bip.ministeriodesarrollosocial.gob.cl/bip2-consulta/app/parent-flow;jsessionid=BB76DB2740D03924B91F9616C39575F5?execution=e1s1 Ultima Consulta de los datos: Abril 2025", "Descripcion": "Inversion publica corresponde a las iniciativas de inversion publica (Estudio basico, programa o un proyecto de inversion publica.) que ingresaron al Banco Integrado de Proyectos del Ministerio De Desarrollo Social y Familia, entre los años 2014 y 2025" }, "geometry": { "type": "Point", "coordinates": [ -71.2886146, -29.6226937 ] } },
{ "type": "Feature", "properties": { "CÓDIGO BIP": 30176672, "DESCRIPCIÓN": "REPOSICION CUARTEL CUERPO DE BOMBEROS DE LA HIGUERA Año y Etapa a Financiar: 2024-EJECUCION", "AÑO POSTULACIÓN": 2024, "TIPOLOGÍA": "PROYECTO", "SECTOR": "SEGURIDAD PUBLICA", "SUB SECTOR": "SEGURIDAD PÃšBLICA", "FUENTE FINANCIERA": "F.N.D.R.", "RATE": "RS", "SOLICITADO AÑO": "198.184,00", "ETAPA ACTUAL": "EJECUCION", "INSTITUCIÓN FINANCIERA": "GOBIERNO REGIONAL - REGION DE COQUIMBO", "INSTITUCIÓN FORMULADORA": "MUNICIPALIDAD DE LA HIGUERA", "COSTO TOTAL [M$]": "533.781,00", "COMENTARIOS": false, "IMÁGENES": false, "X": "-29.5104536", "Y": "-71.2012859", "Origen de la Informacion": "Banco Integrado de Proyectos, BIP, del Ministerio de Desarrollo Social y Familia, Disponible en: https://bip.ministeriodesarrollosocial.gob.cl/bip2-consulta/app/parent-flow;jsessionid=BB76DB2740D03924B91F9616C39575F5?execution=e1s1 Ultima Consulta de los datos: Abril 2025", "Descripcion": "Inversion publica corresponde a las iniciativas de inversion publica (Estudio basico, programa o un proyecto de inversion publica.) que ingresaron al Banco Integrado de Proyectos del Ministerio De Desarrollo Social y Familia, entre los años 2014 y 2025" }, "geometry": { "type": "Point", "coordinates": [ -71.2012859, -29.5104536 ] } },
{ "type": "Feature", "properties": { "CÓDIGO BIP": 40027703, "DESCRIPCIÓN": "MEJORAMIENTO SISTEMA APR PUNTA DE CHOROS, COMUNA LA HIGUERA Año y Etapa a Financiar: 2024-EJECUCION", "AÑO POSTULACIÓN": 2024, "TIPOLOGÍA": "PROYECTO", "SECTOR": "RECURSOS HIDRICOS", "SUB SECTOR": "AGUA POTABLE", "FUENTE FINANCIERA": "SECTORIAL", "RATE": "RS", "SOLICITADO AÑO": "357.174,00", "ETAPA ACTUAL": "EJECUCION", "INSTITUCIÓN FINANCIERA": "SUBDIRECCION DE SERVICIOS SANITARIOS RURALES MOP", "INSTITUCIÓN FORMULADORA": "DIRECCION DE OBRAS HIDRAULICAS MOP REGION DE COQUIMBO", "COSTO TOTAL [M$]": "3.097.503,00", "COMENTARIOS": false, "IMÁGENES": false, "X": "-29.2426542", "Y": "-71.4605064", "Origen de la Informacion": "Banco Integrado de Proyectos, BIP, del Ministerio de Desarrollo Social y Familia, Disponible en: https://bip.ministeriodesarrollosocial.gob.cl/bip2-consulta/app/parent-flow;jsessionid=BB76DB2740D03924B91F9616C39575F5?execution=e1s1 Ultima Consulta de los datos: Abril 2025", "Descripcion": "Inversion publica corresponde a las iniciativas de inversion publica (Estudio basico, programa o un proyecto de inversion publica.) que ingresaron al Banco Integrado de Proyectos del Ministerio De Desarrollo Social y Familia, entre los años 2014 y 2025" }, "geometry": { "type": "Point", "coordinates": [ -71.4605064, -29.2426542 ] } },
{ "type": "Feature", "properties": { "CÓDIGO BIP": 40036783, "DESCRIPCIÓN": "DIAGNOSTICO PLAN MAESTRO RECUPERACIÓN DE BARRIO LA HIGUERA CENTRO, LA HIGUERA, 2021 Año y Etapa a Financiar: 2024-EJECUCION", "AÑO POSTULACIÓN": 2024, "TIPOLOGÍA": "ESTUDIO BASICO", "SECTOR": "VIVIENDA Y DESARROLLO URBANO", "SUB SECTOR": "DESARROLLO URBANO", "FUENTE FINANCIERA": "SECTORIAL", "RATE": "RS", "SOLICITADO AÑO": "26.802,00", "ETAPA ACTUAL": "EJECUCION", "INSTITUCIÓN FINANCIERA": "SUBSECRETARIA VIVIENDA Y URBANISMO", "INSTITUCIÓN FORMULADORA": "SEREMI VIVIENDA REGION DE COQUIMBO", "COSTO TOTAL [M$]": "93.149,00", "COMENTARIOS": false, "IMÁGENES": false, "X": "-29.5117282", "Y": "-71.2017877", "Origen de la Informacion": "Banco Integrado de Proyectos, BIP, del Ministerio de Desarrollo Social y Familia, Disponible en: https://bip.ministeriodesarrollosocial.gob.cl/bip2-consulta/app/parent-flow;jsessionid=BB76DB2740D03924B91F9616C39575F5?execution=e1s1 Ultima Consulta de los datos: Abril 2025", "Descripcion": "Inversion publica corresponde a las iniciativas de inversion publica (Estudio basico, programa o un proyecto de inversion publica.) que ingresaron al Banco Integrado de Proyectos del Ministerio De Desarrollo Social y Familia, entre los años 2014 y 2025" }, "geometry": { "type": "Point", "coordinates": [ -71.2017877, -29.5117282 ] } },
{ "type": "Feature", "properties": { "CÓDIGO BIP": 40053333, "DESCRIPCIÓN": "CONSERVACION DE PAVIMENTO URBANO 2023, COMUNA DE LA HIGUERA. Año y Etapa a Financiar: 2024-EJECUCION", "AÑO POSTULACIÓN": 2024, "TIPOLOGÍA": "PROYECTO", "SECTOR": "MULTISECTORIAL", "SUB SECTOR": "ADMINISTRACION MULTISECTOR", "FUENTE FINANCIERA": "F.N.D.R.", "RATE": null, "SOLICITADO AÑO": "12.117,00", "ETAPA ACTUAL": "EJECUCION", "INSTITUCIÓN FINANCIERA": "GOBIERNO REGIONAL - REGION DE COQUIMBO", "INSTITUCIÓN FORMULADORA": "MUNICIPALIDAD DE LA HIGUERA", "COSTO TOTAL [M$]": "12.117,00", "COMENTARIOS": false, "IMÁGENES": false, "X": "-29.5116551", "Y": "-71.2013667", "Origen de la Informacion": "Banco Integrado de Proyectos, BIP, del Ministerio de Desarrollo Social y Familia, Disponible en: https://bip.ministeriodesarrollosocial.gob.cl/bip2-consulta/app/parent-flow;jsessionid=BB76DB2740D03924B91F9616C39575F5?execution=e1s1 Ultima Consulta de los datos: Abril 2025", "Descripcion": "Inversion publica corresponde a las iniciativas de inversion publica (Estudio basico, programa o un proyecto de inversion publica.) que ingresaron al Banco Integrado de Proyectos del Ministerio De Desarrollo Social y Familia, entre los años 2014 y 2025" }, "geometry": { "type": "Point", "coordinates": [ -71.2013667, -29.5116551 ] } },
{ "type": "Feature", "properties": { "CÓDIGO BIP": 30081567, "DESCRIPCIÓN": "MEJORAMIENTO EMBARQUE-DESEMBARQUE DE PASAJEROS SECTOR PUNTA CHOROS Año y Etapa a Financiar: 2023-DISEÑO", "AÑO POSTULACIÓN": 2023, "TIPOLOGÍA": "PROYECTO", "SECTOR": "PESCA", "SUB SECTOR": "PESCA ARTESANAL", "FUENTE FINANCIERA": "SECTORIAL", "RATE": "RS", "SOLICITADO AÑO": "310.738,00", "ETAPA ACTUAL": "DISEÑO", "INSTITUCIÓN FINANCIERA": "DIRECCION DE OBRAS PORTUARIAS MOP", "INSTITUCIÓN FORMULADORA": "OBRAS PORTUARIAS MOP REGION DE COQUIMBO", "COSTO TOTAL [M$]": "436.054,00", "COMENTARIOS": false, "IMÁGENES": false, "X": "-29.2462760", "Y": "-71.4683277", "Origen de la Informacion": "Banco Integrado de Proyectos, BIP, del Ministerio de Desarrollo Social y Familia, Disponible en: https://bip.ministeriodesarrollosocial.gob.cl/bip2-consulta/app/parent-flow;jsessionid=BB76DB2740D03924B91F9616C39575F5?execution=e1s1 Ultima Consulta de los datos: Abril 2025", "Descripcion": "Inversion publica corresponde a las iniciativas de inversion publica (Estudio basico, programa o un proyecto de inversion publica.) que ingresaron al Banco Integrado de Proyectos del Ministerio De Desarrollo Social y Familia, entre los años 2014 y 2025" }, "geometry": { "type": "Point", "coordinates": [ -71.4683277, -29.246276 ] } },
{ "type": "Feature", "properties": { "CÓDIGO BIP": 30100128, "DESCRIPCIÓN": "CONSTRUCCION OBRAS DE URBANIZACION BASICA PUNTA COLORADA, LA HIGUERA Año y Etapa a Financiar: 2023-EJECUCION", "AÑO POSTULACIÓN": 2023, "TIPOLOGÍA": "PROYECTO", "SECTOR": "RECURSOS HIDRICOS", "SUB SECTOR": "EVACUACION DISPOSICION FINAL AGUAS SERVIDAS", "FUENTE FINANCIERA": "F.N.D.R.", "RATE": "RS", "SOLICITADO AÑO": "2.044.093,00", "ETAPA ACTUAL": "EJECUCION", "INSTITUCIÓN FINANCIERA": "GOBIERNO REGIONAL - REGION DE COQUIMBO", "INSTITUCIÓN FORMULADORA": "MUNICIPALIDAD DE LA HIGUERA", "COSTO TOTAL [M$]": "3.835.347,00", "COMENTARIOS": false, "IMÁGENES": false, "X": "-29.3525176", "Y": "-71.0180326", "Origen de la Informacion": "Banco Integrado de Proyectos, BIP, del Ministerio de Desarrollo Social y Familia, Disponible en: https://bip.ministeriodesarrollosocial.gob.cl/bip2-consulta/app/parent-flow;jsessionid=BB76DB2740D03924B91F9616C39575F5?execution=e1s1 Ultima Consulta de los datos: Abril 2025", "Descripcion": "Inversion publica corresponde a las iniciativas de inversion publica (Estudio basico, programa o un proyecto de inversion publica.) que ingresaron al Banco Integrado de Proyectos del Ministerio De Desarrollo Social y Familia, entre los años 2014 y 2025" }, "geometry": { "type": "Point", "coordinates": [ -71.0180326, -29.3525176 ] } },
{ "type": "Feature", "properties": { "CÓDIGO BIP": 30100137, "DESCRIPCIÓN": "CONSTRUCCION OBRAS DE URBANIZACIÓN BÁSICA LA HIGUERA Año y Etapa a Financiar: 2023-EJECUCION", "AÑO POSTULACIÓN": 2023, "TIPOLOGÍA": "PROYECTO", "SECTOR": "RECURSOS HIDRICOS", "SUB SECTOR": "EVACUACION DISPOSICION FINAL AGUAS SERVIDAS", "FUENTE FINANCIERA": "F.N.D.R.", "RATE": "RS", "SOLICITADO AÑO": "534.517,00", "ETAPA ACTUAL": "EJECUCION", "INSTITUCIÓN FINANCIERA": "GOBIERNO REGIONAL - REGION DE COQUIMBO", "INSTITUCIÓN FORMULADORA": "MUNICIPALIDAD DE LA HIGUERA", "COSTO TOTAL [M$]": "9.539.758,00", "COMENTARIOS": false, "IMÁGENES": false, "X": "-29.5115316", "Y": "-71.2015534", "Origen de la Informacion": "Banco Integrado de Proyectos, BIP, del Ministerio de Desarrollo Social y Familia, Disponible en: https://bip.ministeriodesarrollosocial.gob.cl/bip2-consulta/app/parent-flow;jsessionid=BB76DB2740D03924B91F9616C39575F5?execution=e1s1 Ultima Consulta de los datos: Abril 2025", "Descripcion": "Inversion publica corresponde a las iniciativas de inversion publica (Estudio basico, programa o un proyecto de inversion publica.) que ingresaron al Banco Integrado de Proyectos del Ministerio De Desarrollo Social y Familia, entre los años 2014 y 2025" }, "geometry": { "type": "Point", "coordinates": [ -71.2015534, -29.5115316 ] } },
{ "type": "Feature", "properties": { "CÓDIGO BIP": 30176022, "DESCRIPCIÓN": "REPOSICION POSTA DE SALUD RURAL CALETA LOS HORNOS, LA HIGUERA Año y Etapa a Financiar: 2023-EJECUCION", "AÑO POSTULACIÓN": 2023, "TIPOLOGÍA": "PROYECTO", "SECTOR": "SALUD", "SUB SECTOR": "BAJA COMPLEJIDAD", "FUENTE FINANCIERA": "F.N.D.R.", "RATE": "RS", "SOLICITADO AÑO": "160.997,00", "ETAPA ACTUAL": "EJECUCION", "INSTITUCIÓN FINANCIERA": "GOBIERNO REGIONAL - REGION DE COQUIMBO", "INSTITUCIÓN FORMULADORA": "MUNICIPALIDAD DE LA HIGUERA", "COSTO TOTAL [M$]": "883.495,00", "COMENTARIOS": false, "IMÁGENES": false, "X": "-29.6226937", "Y": "-71.2886146", "Origen de la Informacion": "Banco Integrado de Proyectos, BIP, del Ministerio de Desarrollo Social y Familia, Disponible en: https://bip.ministeriodesarrollosocial.gob.cl/bip2-consulta/app/parent-flow;jsessionid=BB76DB2740D03924B91F9616C39575F5?execution=e1s1 Ultima Consulta de los datos: Abril 2025", "Descripcion": "Inversion publica corresponde a las iniciativas de inversion publica (Estudio basico, programa o un proyecto de inversion publica.) que ingresaron al Banco Integrado de Proyectos del Ministerio De Desarrollo Social y Familia, entre los años 2014 y 2025" }, "geometry": { "type": "Point", "coordinates": [ -71.2886146, -29.6226937 ] } },
{ "type": "Feature", "properties": { "CÓDIGO BIP": 30176672, "DESCRIPCIÓN": "REPOSICION CUARTEL CUERPO DE BOMBEROS DE LA HIGUERA Año y Etapa a Financiar: 2023-EJECUCION", "AÑO POSTULACIÓN": 2023, "TIPOLOGÍA": "PROYECTO", "SECTOR": "SEGURIDAD PUBLICA", "SUB SECTOR": "SEGURIDAD PÃšBLICA", "FUENTE FINANCIERA": "F.N.D.R.", "RATE": "RS", "SOLICITADO AÑO": "164.000,00", "ETAPA ACTUAL": "EJECUCION", "INSTITUCIÓN FINANCIERA": "GOBIERNO REGIONAL - REGION DE COQUIMBO", "INSTITUCIÓN FORMULADORA": "MUNICIPALIDAD DE LA HIGUERA", "COSTO TOTAL [M$]": "564.678,00", "COMENTARIOS": false, "IMÁGENES": false, "X": "-29.5104536", "Y": "-71.2012859", "Origen de la Informacion": "Banco Integrado de Proyectos, BIP, del Ministerio de Desarrollo Social y Familia, Disponible en: https://bip.ministeriodesarrollosocial.gob.cl/bip2-consulta/app/parent-flow;jsessionid=BB76DB2740D03924B91F9616C39575F5?execution=e1s1 Ultima Consulta de los datos: Abril 2025", "Descripcion": "Inversion publica corresponde a las iniciativas de inversion publica (Estudio basico, programa o un proyecto de inversion publica.) que ingresaron al Banco Integrado de Proyectos del Ministerio De Desarrollo Social y Familia, entre los años 2014 y 2025" }, "geometry": { "type": "Point", "coordinates": [ -71.2012859, -29.5104536 ] } },
{ "type": "Feature", "properties": { "CÓDIGO BIP": 40027703, "DESCRIPCIÓN": "MEJORAMIENTO SISTEMA APR PUNTA DE CHOROS, COMUNA LA HIGUERA Año y Etapa a Financiar: 2023-EJECUCION", "AÑO POSTULACIÓN": 2023, "TIPOLOGÍA": "PROYECTO", "SECTOR": "RECURSOS HIDRICOS", "SUB SECTOR": "AGUA POTABLE", "FUENTE FINANCIERA": "SECTORIAL", "RATE": "RS", "SOLICITADO AÑO": "2.574.211,00", "ETAPA ACTUAL": "EJECUCION", "INSTITUCIÓN FINANCIERA": "SUBDIRECCION DE SERVICIOS SANITARIOS RURALES MOP", "INSTITUCIÓN FORMULADORA": "DIRECCION DE OBRAS HIDRAULICAS MOP REGION DE COQUIMBO", "COSTO TOTAL [M$]": "2.832.182,00", "COMENTARIOS": false, "IMÁGENES": false, "X": "-29.2426542", "Y": "-71.4605064", "Origen de la Informacion": "Banco Integrado de Proyectos, BIP, del Ministerio de Desarrollo Social y Familia, Disponible en: https://bip.ministeriodesarrollosocial.gob.cl/bip2-consulta/app/parent-flow;jsessionid=BB76DB2740D03924B91F9616C39575F5?execution=e1s1 Ultima Consulta de los datos: Abril 2025", "Descripcion": "Inversion publica corresponde a las iniciativas de inversion publica (Estudio basico, programa o un proyecto de inversion publica.) que ingresaron al Banco Integrado de Proyectos del Ministerio De Desarrollo Social y Familia, entre los años 2014 y 2025" }, "geometry": { "type": "Point", "coordinates": [ -71.4605064, -29.2426542 ] } },
{ "type": "Feature", "properties": { "CÓDIGO BIP": 40036783, "DESCRIPCIÓN": "DIAGNOSTICO PLAN MAESTRO RECUPERACIÓN DE BARRIO LA HIGUERA CENTRO, LA HIGUERA, 2021 Año y Etapa a Financiar: 2023-EJECUCION", "AÑO POSTULACIÓN": 2023, "TIPOLOGÍA": "ESTUDIO BASICO", "SECTOR": "VIVIENDA Y DESARROLLO URBANO", "SUB SECTOR": "DESARROLLO URBANO", "FUENTE FINANCIERA": "SECTORIAL", "RATE": "RS", "SOLICITADO AÑO": "46.107,00", "ETAPA ACTUAL": "EJECUCION", "INSTITUCIÓN FINANCIERA": "SUBSECRETARIA VIVIENDA Y URBANISMO", "INSTITUCIÓN FORMULADORA": "SEREMI VIVIENDA REGION DE COQUIMBO", "COSTO TOTAL [M$]": "90.000,00", "COMENTARIOS": false, "IMÁGENES": false, "X": "-29.5117282", "Y": "-71.2017877", "Origen de la Informacion": "Banco Integrado de Proyectos, BIP, del Ministerio de Desarrollo Social y Familia, Disponible en: https://bip.ministeriodesarrollosocial.gob.cl/bip2-consulta/app/parent-flow;jsessionid=BB76DB2740D03924B91F9616C39575F5?execution=e1s1 Ultima Consulta de los datos: Abril 2025", "Descripcion": "Inversion publica corresponde a las iniciativas de inversion publica (Estudio basico, programa o un proyecto de inversion publica.) que ingresaron al Banco Integrado de Proyectos del Ministerio De Desarrollo Social y Familia, entre los años 2014 y 2025" }, "geometry": { "type": "Point", "coordinates": [ -71.2017877, -29.5117282 ] } },
{ "type": "Feature", "properties": { "CÓDIGO BIP": 30081567, "DESCRIPCIÓN": "MEJORAMIENTO EMBARQUE-DESEMBARQUE DE PASAJEROS SECTOR PUNTA CHOROS Año y Etapa a Financiar: 2022-DISEÑO", "AÑO POSTULACIÓN": 2022, "TIPOLOGÍA": "PROYECTO", "SECTOR": "PESCA", "SUB SECTOR": "PESCA ARTESANAL", "FUENTE FINANCIERA": "SECTORIAL", "RATE": "RS", "SOLICITADO AÑO": "90.723,00", "ETAPA ACTUAL": "DISEÑO", "INSTITUCIÓN FINANCIERA": "DIRECCION DE OBRAS PORTUARIAS MOP", "INSTITUCIÓN FORMULADORA": "OBRAS PORTUARIAS MOP REGION DE COQUIMBO", "COSTO TOTAL [M$]": "213.156,00", "COMENTARIOS": false, "IMÁGENES": false, "X": "-29.2461213", "Y": "-71.4684101", "Origen de la Informacion": "Banco Integrado de Proyectos, BIP, del Ministerio de Desarrollo Social y Familia, Disponible en: https://bip.ministeriodesarrollosocial.gob.cl/bip2-consulta/app/parent-flow;jsessionid=BB76DB2740D03924B91F9616C39575F5?execution=e1s1 Ultima Consulta de los datos: Abril 2025", "Descripcion": "Inversion publica corresponde a las iniciativas de inversion publica (Estudio basico, programa o un proyecto de inversion publica.) que ingresaron al Banco Integrado de Proyectos del Ministerio De Desarrollo Social y Familia, entre los años 2014 y 2025" }, "geometry": { "type": "Point", "coordinates": [ -71.4684101, -29.2461213 ] } },
{ "type": "Feature", "properties": { "CÓDIGO BIP": 30100128, "DESCRIPCIÓN": "CONSTRUCCION OBRAS DE URBANIZACION BASICA PUNTA COLORADA, LA HIGUERA Año y Etapa a Financiar: 2022-EJECUCION", "AÑO POSTULACIÓN": 2022, "TIPOLOGÍA": "PROYECTO", "SECTOR": "RECURSOS HIDRICOS", "SUB SECTOR": "EVACUACION DISPOSICION FINAL AGUAS SERVIDAS", "FUENTE FINANCIERA": "F.N.D.R.", "RATE": "RS", "SOLICITADO AÑO": "2.756.349,00", "ETAPA ACTUAL": "EJECUCION", "INSTITUCIÓN FINANCIERA": "GOBIERNO REGIONAL - REGION DE COQUIMBO", "INSTITUCIÓN FORMULADORA": "MUNICIPALIDAD DE LA HIGUERA", "COSTO TOTAL [M$]": "3.273.581,00", "COMENTARIOS": false, "IMÁGENES": false, "X": "-29.3533475", "Y": "-71.0172670", "Origen de la Informacion": "Banco Integrado de Proyectos, BIP, del Ministerio de Desarrollo Social y Familia, Disponible en: https://bip.ministeriodesarrollosocial.gob.cl/bip2-consulta/app/parent-flow;jsessionid=BB76DB2740D03924B91F9616C39575F5?execution=e1s1 Ultima Consulta de los datos: Abril 2025", "Descripcion": "Inversion publica corresponde a las iniciativas de inversion publica (Estudio basico, programa o un proyecto de inversion publica.) que ingresaron al Banco Integrado de Proyectos del Ministerio De Desarrollo Social y Familia, entre los años 2014 y 2025" }, "geometry": { "type": "Point", "coordinates": [ -71.017267, -29.3533475 ] } },
{ "type": "Feature", "properties": { "CÓDIGO BIP": 30100137, "DESCRIPCIÓN": "CONSTRUCCION OBRAS DE URBANIZACIÓN BÁSICA LA HIGUERA Año y Etapa a Financiar: 2022-EJECUCION", "AÑO POSTULACIÓN": 2022, "TIPOLOGÍA": "PROYECTO", "SECTOR": "RECURSOS HIDRICOS", "SUB SECTOR": "EVACUACION DISPOSICION FINAL AGUAS SERVIDAS", "FUENTE FINANCIERA": "F.N.D.R.", "RATE": "RS", "SOLICITADO AÑO": "1.377.306,00", "ETAPA ACTUAL": "EJECUCION", "INSTITUCIÓN FINANCIERA": "GOBIERNO REGIONAL - REGION DE COQUIMBO", "INSTITUCIÓN FORMULADORA": "MUNICIPALIDAD DE LA HIGUERA", "COSTO TOTAL [M$]": "8.670.777,00", "COMENTARIOS": false, "IMÁGENES": false, "X": "-29.5116705", "Y": "-71.2017634", "Origen de la Informacion": "Banco Integrado de Proyectos, BIP, del Ministerio de Desarrollo Social y Familia, Disponible en: https://bip.ministeriodesarrollosocial.gob.cl/bip2-consulta/app/parent-flow;jsessionid=BB76DB2740D03924B91F9616C39575F5?execution=e1s1 Ultima Consulta de los datos: Abril 2025", "Descripcion": "Inversion publica corresponde a las iniciativas de inversion publica (Estudio basico, programa o un proyecto de inversion publica.) que ingresaron al Banco Integrado de Proyectos del Ministerio De Desarrollo Social y Familia, entre los años 2014 y 2025" }, "geometry": { "type": "Point", "coordinates": [ -71.2017634, -29.5116705 ] } },
{ "type": "Feature", "properties": { "CÓDIGO BIP": 30176022, "DESCRIPCIÓN": "REPOSICION POSTA DE SALUD RURAL CALETA LOS HORNOS, LA HIGUERA Año y Etapa a Financiar: 2022-EJECUCION", "AÑO POSTULACIÓN": 2022, "TIPOLOGÍA": "PROYECTO", "SECTOR": "SALUD", "SUB SECTOR": "BAJA COMPLEJIDAD", "FUENTE FINANCIERA": "F.N.D.R.", "RATE": "RS", "SOLICITADO AÑO": "279.039,00", "ETAPA ACTUAL": "EJECUCION", "INSTITUCIÓN FINANCIERA": "GOBIERNO REGIONAL - REGION DE COQUIMBO", "INSTITUCIÓN FORMULADORA": "MUNICIPALIDAD DE LA HIGUERA", "COSTO TOTAL [M$]": "361.913,00", "COMENTARIOS": false, "IMÁGENES": false, "X": "-29.6226937", "Y": "-71.2886146", "Origen de la Informacion": "Banco Integrado de Proyectos, BIP, del Ministerio de Desarrollo Social y Familia, Disponible en: https://bip.ministeriodesarrollosocial.gob.cl/bip2-consulta/app/parent-flow;jsessionid=BB76DB2740D03924B91F9616C39575F5?execution=e1s1 Ultima Consulta de los datos: Abril 2025", "Descripcion": "Inversion publica corresponde a las iniciativas de inversion publica (Estudio basico, programa o un proyecto de inversion publica.) que ingresaron al Banco Integrado de Proyectos del Ministerio De Desarrollo Social y Familia, entre los años 2014 y 2025" }, "geometry": { "type": "Point", "coordinates": [ -71.2886146, -29.6226937 ] } },
{ "type": "Feature", "properties": { "CÓDIGO BIP": 30426422, "DESCRIPCIÓN": "CONSTRUCCION INFR. PESQUERA ARTESANAL CALETA APOLILLADO, LA HIGUERA Año y Etapa a Financiar: 2022-EJECUCION", "AÑO POSTULACIÓN": 2022, "TIPOLOGÍA": "PROYECTO", "SECTOR": "PESCA", "SUB SECTOR": "PESCA ARTESANAL", "FUENTE FINANCIERA": "SECTORIAL", "RATE": "RS", "SOLICITADO AÑO": "547,00", "ETAPA ACTUAL": "EJECUCION", "INSTITUCIÓN FINANCIERA": "DIRECCION DE OBRAS PORTUARIAS MOP", "INSTITUCIÓN FORMULADORA": "OBRAS PORTUARIAS MOP REGION DE COQUIMBO", "COSTO TOTAL [M$]": "1.138.211,00", "COMENTARIOS": false, "IMÁGENES": false, "X": "-29.18720638", "Y": "-71.49453395", "Origen de la Informacion": "Banco Integrado de Proyectos, BIP, del Ministerio de Desarrollo Social y Familia, Disponible en: https://bip.ministeriodesarrollosocial.gob.cl/bip2-consulta/app/parent-flow;jsessionid=BB76DB2740D03924B91F9616C39575F5?execution=e1s1 Ultima Consulta de los datos: Abril 2025", "Descripcion": "Inversion publica corresponde a las iniciativas de inversion publica (Estudio basico, programa o un proyecto de inversion publica.) que ingresaron al Banco Integrado de Proyectos del Ministerio De Desarrollo Social y Familia, entre los años 2014 y 2025" }, "geometry": { "type": "Point", "coordinates": [ -71.49453395, -29.18720638 ] } },
{ "type": "Feature", "properties": { "CÓDIGO BIP": 40027703, "DESCRIPCIÓN": "MEJORAMIENTO SISTEMA APR PUNTA DE CHOROS, COMUNA LA HIGUERA Año y Etapa a Financiar: 2022-EJECUCION", "AÑO POSTULACIÓN": 2022, "TIPOLOGÍA": "PROYECTO", "SECTOR": "RECURSOS HIDRICOS", "SUB SECTOR": "AGUA POTABLE", "FUENTE FINANCIERA": "SECTORIAL", "RATE": "RS", "SOLICITADO AÑO": "141.050,00", "ETAPA ACTUAL": "EJECUCION", "INSTITUCIÓN FINANCIERA": "AGUA POTABLE RURAL MOP", "INSTITUCIÓN FORMULADORA": "DIRECCION DE OBRAS HIDRAULICAS MOP REGION DE COQUIMBO", "COSTO TOTAL [M$]": "2.820.993,00", "COMENTARIOS": false, "IMÁGENES": false, "X": "-29.2426542", "Y": "-71.4605064", "Origen de la Informacion": "Banco Integrado de Proyectos, BIP, del Ministerio de Desarrollo Social y Familia, Disponible en: https://bip.ministeriodesarrollosocial.gob.cl/bip2-consulta/app/parent-flow;jsessionid=BB76DB2740D03924B91F9616C39575F5?execution=e1s1 Ultima Consulta de los datos: Abril 2025", "Descripcion": "Inversion publica corresponde a las iniciativas de inversion publica (Estudio basico, programa o un proyecto de inversion publica.) que ingresaron al Banco Integrado de Proyectos del Ministerio De Desarrollo Social y Familia, entre los años 2014 y 2025" }, "geometry": { "type": "Point", "coordinates": [ -71.4605064, -29.2426542 ] } },
{ "type": "Feature", "properties": { "CÓDIGO BIP": 40036783, "DESCRIPCIÓN": "DIAGNOSTICO PLAN MAESTRO RECUPERACIÓN DE BARRIO LA HIGUERA CENTRO, LA HIGUERA, 2021 Año y Etapa a Financiar: 2022-EJECUCION", "AÑO POSTULACIÓN": 2022, "TIPOLOGÍA": "ESTUDIO BASICO", "SECTOR": "VIVIENDA Y DESARROLLO URBANO", "SUB SECTOR": "DESARROLLO URBANO", "FUENTE FINANCIERA": "SECTORIAL", "RATE": "RS", "SOLICITADO AÑO": "12.348,00", "ETAPA ACTUAL": "EJECUCION", "INSTITUCIÓN FINANCIERA": "SUBSECRETARIA VIVIENDA Y URBANISMO", "INSTITUCIÓN FORMULADORA": "SEREMI VIVIENDA REGION DE COQUIMBO", "COSTO TOTAL [M$]": "90.000,00", "COMENTARIOS": false, "IMÁGENES": false, "X": "-29.5117282", "Y": "-71.2017877", "Origen de la Informacion": "Banco Integrado de Proyectos, BIP, del Ministerio de Desarrollo Social y Familia, Disponible en: https://bip.ministeriodesarrollosocial.gob.cl/bip2-consulta/app/parent-flow;jsessionid=BB76DB2740D03924B91F9616C39575F5?execution=e1s1 Ultima Consulta de los datos: Abril 2025", "Descripcion": "Inversion publica corresponde a las iniciativas de inversion publica (Estudio basico, programa o un proyecto de inversion publica.) que ingresaron al Banco Integrado de Proyectos del Ministerio De Desarrollo Social y Familia, entre los años 2014 y 2025" }, "geometry": { "type": "Point", "coordinates": [ -71.2017877, -29.5117282 ] } },
{ "type": "Feature", "properties": { "CÓDIGO BIP": 30081567, "DESCRIPCIÓN": "MEJORAMIENTO EMBARQUE-DESEMBARQUE DE PASAJEROS SECTOR PUNTA CHOROS Año y Etapa a Financiar: 2021-DISEÑO", "AÑO POSTULACIÓN": 2021, "TIPOLOGÍA": "PROYECTO", "SECTOR": "PESCA", "SUB SECTOR": "PESCA ARTESANAL", "FUENTE FINANCIERA": "SECTORIAL", "RATE": "RS", "SOLICITADO AÑO": "366.585,00", "ETAPA ACTUAL": "DISEÑO", "INSTITUCIÓN FINANCIERA": "DIRECCION DE OBRAS PORTUARIAS MOP", "INSTITUCIÓN FORMULADORA": "OBRAS PORTUARIAS MOP REGION DE COQUIMBO", "COSTO TOTAL [M$]": "392.595,00", "COMENTARIOS": false, "IMÁGENES": false, "X": "-29.2463347", "Y": "-71.4682995", "Origen de la Informacion": "Banco Integrado de Proyectos, BIP, del Ministerio de Desarrollo Social y Familia, Disponible en: https://bip.ministeriodesarrollosocial.gob.cl/bip2-consulta/app/parent-flow;jsessionid=BB76DB2740D03924B91F9616C39575F5?execution=e1s1 Ultima Consulta de los datos: Abril 2025", "Descripcion": "Inversion publica corresponde a las iniciativas de inversion publica (Estudio basico, programa o un proyecto de inversion publica.) que ingresaron al Banco Integrado de Proyectos del Ministerio De Desarrollo Social y Familia, entre los años 2014 y 2025" }, "geometry": { "type": "Point", "coordinates": [ -71.4682995, -29.2463347 ] } },
{ "type": "Feature", "properties": { "CÓDIGO BIP": 30100128, "DESCRIPCIÓN": "CONSTRUCCION OBRAS DE URBANIZACION BASICA PUNTA COLORADA, LA HIGUERA Año y Etapa a Financiar: 2021-EJECUCION", "AÑO POSTULACIÓN": 2021, "TIPOLOGÍA": "PROYECTO", "SECTOR": "RECURSOS HIDRICOS", "SUB SECTOR": "EVACUACION DISPOSICION FINAL AGUAS SERVIDAS", "FUENTE FINANCIERA": "F.N.D.R.", "RATE": "RS", "SOLICITADO AÑO": "247.227,00", "ETAPA ACTUAL": "EJECUCION", "INSTITUCIÓN FINANCIERA": "GOBIERNO REGIONAL - REGION DE COQUIMBO", "INSTITUCIÓN FORMULADORA": "MUNICIPALIDAD DE LA HIGUERA", "COSTO TOTAL [M$]": "3.242.761,00", "COMENTARIOS": false, "IMÁGENES": false, "X": "-29.3530562", "Y": "-71.0179084", "Origen de la Informacion": "Banco Integrado de Proyectos, BIP, del Ministerio de Desarrollo Social y Familia, Disponible en: https://bip.ministeriodesarrollosocial.gob.cl/bip2-consulta/app/parent-flow;jsessionid=BB76DB2740D03924B91F9616C39575F5?execution=e1s1 Ultima Consulta de los datos: Abril 2025", "Descripcion": "Inversion publica corresponde a las iniciativas de inversion publica (Estudio basico, programa o un proyecto de inversion publica.) que ingresaron al Banco Integrado de Proyectos del Ministerio De Desarrollo Social y Familia, entre los años 2014 y 2025" }, "geometry": { "type": "Point", "coordinates": [ -71.0179084, -29.3530562 ] } },
{ "type": "Feature", "properties": { "CÓDIGO BIP": 30100137, "DESCRIPCIÓN": "CONSTRUCCION OBRAS DE URBANIZACIÓN BÁSICA LA HIGUERA Año y Etapa a Financiar: 2021-EJECUCION", "AÑO POSTULACIÓN": 2021, "TIPOLOGÍA": "PROYECTO", "SECTOR": "RECURSOS HIDRICOS", "SUB SECTOR": "EVACUACION DISPOSICION FINAL AGUAS SERVIDAS", "FUENTE FINANCIERA": "F.N.D.R.", "RATE": "RS", "SOLICITADO AÑO": "3.302.248,00", "ETAPA ACTUAL": "EJECUCION", "INSTITUCIÓN FINANCIERA": "GOBIERNO REGIONAL - REGION DE COQUIMBO", "INSTITUCIÓN FORMULADORA": "MUNICIPALIDAD DE LA HIGUERA", "COSTO TOTAL [M$]": "8.402.691,00", "COMENTARIOS": false, "IMÁGENES": false, "X": "-29.5117269", "Y": "-71.2017182", "Origen de la Informacion": "Banco Integrado de Proyectos, BIP, del Ministerio de Desarrollo Social y Familia, Disponible en: https://bip.ministeriodesarrollosocial.gob.cl/bip2-consulta/app/parent-flow;jsessionid=BB76DB2740D03924B91F9616C39575F5?execution=e1s1 Ultima Consulta de los datos: Abril 2025", "Descripcion": "Inversion publica corresponde a las iniciativas de inversion publica (Estudio basico, programa o un proyecto de inversion publica.) que ingresaron al Banco Integrado de Proyectos del Ministerio De Desarrollo Social y Familia, entre los años 2014 y 2025" }, "geometry": { "type": "Point", "coordinates": [ -71.2017182, -29.5117269 ] } },
{ "type": "Feature", "properties": { "CÓDIGO BIP": 30121129, "DESCRIPCIÓN": "CONSTRUCCION OBRAS PORTUARIAS PARA LA CALETA CHUNGUNGO, LA HIGUERA Año y Etapa a Financiar: 2021-EJECUCION", "AÑO POSTULACIÓN": 2021, "TIPOLOGÍA": "PROYECTO", "SECTOR": "PESCA", "SUB SECTOR": "PESCA ARTESANAL", "FUENTE FINANCIERA": "SECTORIAL", "RATE": "RS", "SOLICITADO AÑO": "1.601.136,00", "ETAPA ACTUAL": "EJECUCION", "INSTITUCIÓN FINANCIERA": "DIRECCION DE OBRAS PORTUARIAS MOP", "INSTITUCIÓN FORMULADORA": "OBRAS PORTUARIAS MOP REGION DE COQUIMBO", "COSTO TOTAL [M$]": "1.974.019,00", "COMENTARIOS": false, "IMÁGENES": false, "X": "-29.4512831", "Y": "-71.3146138", "Origen de la Informacion": "Banco Integrado de Proyectos, BIP, del Ministerio de Desarrollo Social y Familia, Disponible en: https://bip.ministeriodesarrollosocial.gob.cl/bip2-consulta/app/parent-flow;jsessionid=BB76DB2740D03924B91F9616C39575F5?execution=e1s1 Ultima Consulta de los datos: Abril 2025", "Descripcion": "Inversion publica corresponde a las iniciativas de inversion publica (Estudio basico, programa o un proyecto de inversion publica.) que ingresaron al Banco Integrado de Proyectos del Ministerio De Desarrollo Social y Familia, entre los años 2014 y 2025" }, "geometry": { "type": "Point", "coordinates": [ -71.3146138, -29.4512831 ] } },
{ "type": "Feature", "properties": { "CÓDIGO BIP": 30176022, "DESCRIPCIÓN": "REPOSICION POSTA DE SALUD RURAL CALETA LOS HORNOS, LA HIGUERA Año y Etapa a Financiar: 2021-EJECUCION", "AÑO POSTULACIÓN": 2021, "TIPOLOGÍA": "PROYECTO", "SECTOR": "SALUD", "SUB SECTOR": "BAJA COMPLEJIDAD", "FUENTE FINANCIERA": "F.N.D.R.", "RATE": "RS", "SOLICITADO AÑO": "392.840,00", "ETAPA ACTUAL": "EJECUCION", "INSTITUCIÓN FINANCIERA": "GOBIERNO REGIONAL - REGION DE COQUIMBO", "INSTITUCIÓN FORMULADORA": "MUNICIPALIDAD DE LA HIGUERA", "COSTO TOTAL [M$]": "393.780,00", "COMENTARIOS": false, "IMÁGENES": false, "X": "-29.6226937", "Y": "-71.2886146", "Origen de la Informacion": "Banco Integrado de Proyectos, BIP, del Ministerio de Desarrollo Social y Familia, Disponible en: https://bip.ministeriodesarrollosocial.gob.cl/bip2-consulta/app/parent-flow;jsessionid=BB76DB2740D03924B91F9616C39575F5?execution=e1s1 Ultima Consulta de los datos: Abril 2025", "Descripcion": "Inversion publica corresponde a las iniciativas de inversion publica (Estudio basico, programa o un proyecto de inversion publica.) que ingresaron al Banco Integrado de Proyectos del Ministerio De Desarrollo Social y Familia, entre los años 2014 y 2025" }, "geometry": { "type": "Point", "coordinates": [ -71.2886146, -29.6226937 ] } },
{ "type": "Feature", "properties": { "CÓDIGO BIP": 30426422, "DESCRIPCIÓN": "CONSTRUCCION INFR. PESQUERA ARTESANAL CALETA APOLILLADO, LA HIGUERA Año y Etapa a Financiar: 2021-EJECUCION", "AÑO POSTULACIÓN": 2021, "TIPOLOGÍA": "PROYECTO", "SECTOR": "PESCA", "SUB SECTOR": "PESCA ARTESANAL", "FUENTE FINANCIERA": "SECTORIAL", "RATE": "RS", "SOLICITADO AÑO": "8.000,00", "ETAPA ACTUAL": "EJECUCION", "INSTITUCIÓN FINANCIERA": "DIRECCION DE OBRAS PORTUARIAS MOP", "INSTITUCIÓN FORMULADORA": "OBRAS PORTUARIAS MOP REGION DE COQUIMBO", "COSTO TOTAL [M$]": "1.097.189,00", "COMENTARIOS": false, "IMÁGENES": false, "X": "-29.18720638", "Y": "-71.49453395", "Origen de la Informacion": "Banco Integrado de Proyectos, BIP, del Ministerio de Desarrollo Social y Familia, Disponible en: https://bip.ministeriodesarrollosocial.gob.cl/bip2-consulta/app/parent-flow;jsessionid=BB76DB2740D03924B91F9616C39575F5?execution=e1s1 Ultima Consulta de los datos: Abril 2025", "Descripcion": "Inversion publica corresponde a las iniciativas de inversion publica (Estudio basico, programa o un proyecto de inversion publica.) que ingresaron al Banco Integrado de Proyectos del Ministerio De Desarrollo Social y Familia, entre los años 2014 y 2025" }, "geometry": { "type": "Point", "coordinates": [ -71.49453395, -29.18720638 ] } },
{ "type": "Feature", "properties": { "CÓDIGO BIP": 40009903, "DESCRIPCIÓN": "CONSERVACION CBC RUTA D-190, S. CRUCE RUTA 5 - CHUNGUNGO, TRAMO 1, COMUNA LA HIGUERA Año y Etapa a Financiar: 2021-EJECUCION", "AÑO POSTULACIÓN": 2021, "TIPOLOGÍA": "PROYECTO", "SECTOR": "TRANSPORTE", "SUB SECTOR": "TRANSPORTE CAMINERO", "FUENTE FINANCIERA": "F.N.D.R.", "RATE": null, "SOLICITADO AÑO": "2.177.316,00", "ETAPA ACTUAL": "EJECUCION", "INSTITUCIÓN FINANCIERA": "GOBIERNO REGIONAL - REGION DE COQUIMBO", "INSTITUCIÓN FORMULADORA": "VIALIDAD MOP REGION DE COQUIMBO", "COSTO TOTAL [M$]": "2.177.318,00", "COMENTARIOS": false, "IMÁGENES": false, "X": "-29.6047121", "Y": "-71.2568606", "Origen de la Informacion": "Banco Integrado de Proyectos, BIP, del Ministerio de Desarrollo Social y Familia, Disponible en: https://bip.ministeriodesarrollosocial.gob.cl/bip2-consulta/app/parent-flow;jsessionid=BB76DB2740D03924B91F9616C39575F5?execution=e1s1 Ultima Consulta de los datos: Abril 2025", "Descripcion": "Inversion publica corresponde a las iniciativas de inversion publica (Estudio basico, programa o un proyecto de inversion publica.) que ingresaron al Banco Integrado de Proyectos del Ministerio De Desarrollo Social y Familia, entre los años 2014 y 2025" }, "geometry": { "type": "Point", "coordinates": [ -71.2568606, -29.6047121 ] } },
{ "type": "Feature", "properties": { "CÓDIGO BIP": 30081567, "DESCRIPCIÓN": "MEJORAMIENTO EMBARQUE-DESEMBARQUE DE PASAJEROS SECTOR PUNTA CHOROS Año y Etapa a Financiar: 2020-DISEÑO", "AÑO POSTULACIÓN": 2020, "TIPOLOGÍA": "PROYECTO", "SECTOR": "PESCA", "SUB SECTOR": "PESCA ARTESANAL", "FUENTE FINANCIERA": "F.N.D.R.", "RATE": "RE", "SOLICITADO AÑO": "10.000,00", "ETAPA ACTUAL": "DISEÑO", "INSTITUCIÓN FINANCIERA": "GOBIERNO REGIONAL - REGION DE COQUIMBO", "INSTITUCIÓN FORMULADORA": "OBRAS PORTUARIAS MOP REGION DE COQUIMBO", "COSTO TOTAL [M$]": "383.955,00", "COMENTARIOS": false, "IMÁGENES": false, "X": "-29.2464521", "Y": "-71.4682306", "Origen de la Informacion": "Banco Integrado de Proyectos, BIP, del Ministerio de Desarrollo Social y Familia, Disponible en: https://bip.ministeriodesarrollosocial.gob.cl/bip2-consulta/app/parent-flow;jsessionid=BB76DB2740D03924B91F9616C39575F5?execution=e1s1 Ultima Consulta de los datos: Abril 2025", "Descripcion": "Inversion publica corresponde a las iniciativas de inversion publica (Estudio basico, programa o un proyecto de inversion publica.) que ingresaron al Banco Integrado de Proyectos del Ministerio De Desarrollo Social y Familia, entre los años 2014 y 2025" }, "geometry": { "type": "Point", "coordinates": [ -71.4682306, -29.2464521 ] } },
{ "type": "Feature", "properties": { "CÓDIGO BIP": 30100128, "DESCRIPCIÓN": "CONSTRUCCION OBRAS DE URBANIZACION BASICA PUNTA COLORADA, LA HIGUERA Año y Etapa a Financiar: 2020-EJECUCION", "AÑO POSTULACIÓN": 2020, "TIPOLOGÍA": "PROYECTO", "SECTOR": "RECURSOS HIDRICOS", "SUB SECTOR": "EVACUACION DISPOSICION FINAL AGUAS SERVIDAS", "FUENTE FINANCIERA": "F.N.D.R.", "RATE": "RS", "SOLICITADO AÑO": "183.199,00", "ETAPA ACTUAL": "DISEÑO", "INSTITUCIÓN FINANCIERA": "GOBIERNO REGIONAL - REGION DE COQUIMBO", "INSTITUCIÓN FORMULADORA": "MUNICIPALIDAD DE LA HIGUERA", "COSTO TOTAL [M$]": "3.327.066,00", "COMENTARIOS": false, "IMÁGENES": false, "X": "-29.352668", "Y": "-71.018194", "Origen de la Informacion": "Banco Integrado de Proyectos, BIP, del Ministerio de Desarrollo Social y Familia, Disponible en: https://bip.ministeriodesarrollosocial.gob.cl/bip2-consulta/app/parent-flow;jsessionid=BB76DB2740D03924B91F9616C39575F5?execution=e1s1 Ultima Consulta de los datos: Abril 2025", "Descripcion": "Inversion publica corresponde a las iniciativas de inversion publica (Estudio basico, programa o un proyecto de inversion publica.) que ingresaron al Banco Integrado de Proyectos del Ministerio De Desarrollo Social y Familia, entre los años 2014 y 2025" }, "geometry": { "type": "Point", "coordinates": [ -71.018194, -29.352668 ] } },
{ "type": "Feature", "properties": { "CÓDIGO BIP": 30100137, "DESCRIPCIÓN": "CONSTRUCCION OBRAS DE URBANIZACIÓN BÁSICA LA HIGUERA Año y Etapa a Financiar: 2020-EJECUCION", "AÑO POSTULACIÓN": 2020, "TIPOLOGÍA": "PROYECTO", "SECTOR": "RECURSOS HIDRICOS", "SUB SECTOR": "EVACUACION DISPOSICION FINAL AGUAS SERVIDAS", "FUENTE FINANCIERA": "F.N.D.R.", "RATE": "RS", "SOLICITADO AÑO": "1.656.649,00", "ETAPA ACTUAL": "EJECUCION", "INSTITUCIÓN FINANCIERA": "GOBIERNO REGIONAL - REGION DE COQUIMBO", "INSTITUCIÓN FORMULADORA": "MUNICIPALIDAD DE LA HIGUERA", "COSTO TOTAL [M$]": "8.250.385,00", "COMENTARIOS": false, "IMÁGENES": false, "X": "-29.5114469", "Y": "-71.2014800", "Origen de la Informacion": "Banco Integrado de Proyectos, BIP, del Ministerio de Desarrollo Social y Familia, Disponible en: https://bip.ministeriodesarrollosocial.gob.cl/bip2-consulta/app/parent-flow;jsessionid=BB76DB2740D03924B91F9616C39575F5?execution=e1s1 Ultima Consulta de los datos: Abril 2025", "Descripcion": "Inversion publica corresponde a las iniciativas de inversion publica (Estudio basico, programa o un proyecto de inversion publica.) que ingresaron al Banco Integrado de Proyectos del Ministerio De Desarrollo Social y Familia, entre los años 2014 y 2025" }, "geometry": { "type": "Point", "coordinates": [ -71.20148, -29.5114469 ] } },
{ "type": "Feature", "properties": { "CÓDIGO BIP": 30121129, "DESCRIPCIÓN": "CONSTRUCCION OBRAS PORTUARIAS PARA LA CALETA CHUNGUNGO, LA HIGUERA Año y Etapa a Financiar: 2020-EJECUCION", "AÑO POSTULACIÓN": 2020, "TIPOLOGÍA": "PROYECTO", "SECTOR": "PESCA", "SUB SECTOR": "PESCA ARTESANAL", "FUENTE FINANCIERA": "SECTORIAL", "RATE": "RS", "SOLICITADO AÑO": "169.429,00", "ETAPA ACTUAL": "DISEÑO", "INSTITUCIÓN FINANCIERA": "DIRECCION DE OBRAS PORTUARIAS", "INSTITUCIÓN FORMULADORA": "OBRAS PORTUARIAS MOP REGION DE COQUIMBO", "COSTO TOTAL [M$]": "1.949.427,00", "COMENTARIOS": false, "IMÁGENES": false, "X": "-29.4519053", "Y": "-71.3145472", "Origen de la Informacion": "Banco Integrado de Proyectos, BIP, del Ministerio de Desarrollo Social y Familia, Disponible en: https://bip.ministeriodesarrollosocial.gob.cl/bip2-consulta/app/parent-flow;jsessionid=BB76DB2740D03924B91F9616C39575F5?execution=e1s1 Ultima Consulta de los datos: Abril 2025", "Descripcion": "Inversion publica corresponde a las iniciativas de inversion publica (Estudio basico, programa o un proyecto de inversion publica.) que ingresaron al Banco Integrado de Proyectos del Ministerio De Desarrollo Social y Familia, entre los años 2014 y 2025" }, "geometry": { "type": "Point", "coordinates": [ -71.3145472, -29.4519053 ] } },
{ "type": "Feature", "properties": { "CÓDIGO BIP": 30426422, "DESCRIPCIÓN": "CONSTRUCCION INFR. PESQUERA ARTESANAL CALETA APOLILLADO, LA HIGUERA Año y Etapa a Financiar: 2020-EJECUCION", "AÑO POSTULACIÓN": 2020, "TIPOLOGÍA": "PROYECTO", "SECTOR": "PESCA", "SUB SECTOR": "PESCA ARTESANAL", "FUENTE FINANCIERA": "SECTORIAL", "RATE": "RS", "SOLICITADO AÑO": "629.126,00", "ETAPA ACTUAL": "EJECUCION", "INSTITUCIÓN FINANCIERA": "DIRECCION DE OBRAS PORTUARIAS", "INSTITUCIÓN FORMULADORA": "OBRAS PORTUARIAS MOP REGION DE COQUIMBO", "COSTO TOTAL [M$]": "1.068.056,00", "COMENTARIOS": false, "IMÁGENES": false, "X": "-29.18720638", "Y": "-71.49453395", "Origen de la Informacion": "Banco Integrado de Proyectos, BIP, del Ministerio de Desarrollo Social y Familia, Disponible en: https://bip.ministeriodesarrollosocial.gob.cl/bip2-consulta/app/parent-flow;jsessionid=BB76DB2740D03924B91F9616C39575F5?execution=e1s1 Ultima Consulta de los datos: Abril 2025", "Descripcion": "Inversion publica corresponde a las iniciativas de inversion publica (Estudio basico, programa o un proyecto de inversion publica.) que ingresaron al Banco Integrado de Proyectos del Ministerio De Desarrollo Social y Familia, entre los años 2014 y 2025" }, "geometry": { "type": "Point", "coordinates": [ -71.49453395, -29.18720638 ] } },
{ "type": "Feature", "properties": { "CÓDIGO BIP": 40020655, "DESCRIPCIÓN": "CONSERVACION INFRAESTRUCTURA MI CONSULTORIO A PUNTO, COMUNA DE LA HIGUERA. Año y Etapa a Financiar: 2020-EJECUCION", "AÑO POSTULACIÓN": 2020, "TIPOLOGÍA": "PROYECTO", "SECTOR": "SALUD", "SUB SECTOR": "BAJA COMPLEJIDAD", "FUENTE FINANCIERA": "SECTORIAL", "RATE": null, "SOLICITADO AÑO": "90.000,00", "ETAPA ACTUAL": "EJECUCION", "INSTITUCIÓN FINANCIERA": "MINISTERIO DE SALUD", "INSTITUCIÓN FORMULADORA": "SERVICIO SALUD COQUIMBO", "COSTO TOTAL [M$]": "90.000,00", "COMENTARIOS": false, "IMÁGENES": false, "X": "-29.5082329", "Y": "-71.1995662", "Origen de la Informacion": "Banco Integrado de Proyectos, BIP, del Ministerio de Desarrollo Social y Familia, Disponible en: https://bip.ministeriodesarrollosocial.gob.cl/bip2-consulta/app/parent-flow;jsessionid=BB76DB2740D03924B91F9616C39575F5?execution=e1s1 Ultima Consulta de los datos: Abril 2025", "Descripcion": "Inversion publica corresponde a las iniciativas de inversion publica (Estudio basico, programa o un proyecto de inversion publica.) que ingresaron al Banco Integrado de Proyectos del Ministerio De Desarrollo Social y Familia, entre los años 2014 y 2025" }, "geometry": { "type": "Point", "coordinates": [ -71.1995662, -29.5082329 ] } },
{ "type": "Feature", "properties": { "CÓDIGO BIP": 30057627, "DESCRIPCIÓN": "REPOSICION PARQUE MUNICIPAL, LA HIGUERA, COMUNA DE LA HIGUERA. Año y Etapa a Financiar: 2019-EJECUCION", "AÑO POSTULACIÓN": 2019, "TIPOLOGÍA": "PROYECTO", "SECTOR": "VIVIENDA Y DESARROLLO URBANO", "SUB SECTOR": "DESARROLLO URBANO", "FUENTE FINANCIERA": "F.N.D.R.", "RATE": "OT", "SOLICITADO AÑO": "860.248,00", "ETAPA ACTUAL": "DISEÑO", "INSTITUCIÓN FINANCIERA": "GOBIERNO REGIONAL - REGION DE COQUIMBO", "INSTITUCIÓN FORMULADORA": "MUNICIPALIDAD DE LA HIGUERA", "COSTO TOTAL [M$]": "1.523.887,00", "COMENTARIOS": false, "IMÁGENES": false, "X": "-29.5099429", "Y": "-71.2019271", "Origen de la Informacion": "Banco Integrado de Proyectos, BIP, del Ministerio de Desarrollo Social y Familia, Disponible en: https://bip.ministeriodesarrollosocial.gob.cl/bip2-consulta/app/parent-flow;jsessionid=BB76DB2740D03924B91F9616C39575F5?execution=e1s1 Ultima Consulta de los datos: Abril 2025", "Descripcion": "Inversion publica corresponde a las iniciativas de inversion publica (Estudio basico, programa o un proyecto de inversion publica.) que ingresaron al Banco Integrado de Proyectos del Ministerio De Desarrollo Social y Familia, entre los años 2014 y 2025" }, "geometry": { "type": "Point", "coordinates": [ -71.2019271, -29.5099429 ] } },
{ "type": "Feature", "properties": { "CÓDIGO BIP": 30081567, "DESCRIPCIÓN": "MEJORAMIENTO EMBARQUE-DESEMBARQUE DE PASAJEROS SECTOR PUNTA CHOROS Año y Etapa a Financiar: 2019-DISEÑO", "AÑO POSTULACIÓN": 2019, "TIPOLOGÍA": "PROYECTO", "SECTOR": "PESCA", "SUB SECTOR": "PESCA ARTESANAL", "FUENTE FINANCIERA": "F.N.D.R.", "RATE": "RS", "SOLICITADO AÑO": "288.841,00", "ETAPA ACTUAL": "DISEÑO", "INSTITUCIÓN FINANCIERA": "GOBIERNO REGIONAL - REGION DE COQUIMBO", "INSTITUCIÓN FORMULADORA": "OBRAS PORTUARIAS MOP REGION DE COQUIMBO", "COSTO TOTAL [M$]": "313.636,00", "COMENTARIOS": false, "IMÁGENES": false, "X": "-29.2465244", "Y": "-71.4682046", "Origen de la Informacion": "Banco Integrado de Proyectos, BIP, del Ministerio de Desarrollo Social y Familia, Disponible en: https://bip.ministeriodesarrollosocial.gob.cl/bip2-consulta/app/parent-flow;jsessionid=BB76DB2740D03924B91F9616C39575F5?execution=e1s1 Ultima Consulta de los datos: Abril 2025", "Descripcion": "Inversion publica corresponde a las iniciativas de inversion publica (Estudio basico, programa o un proyecto de inversion publica.) que ingresaron al Banco Integrado de Proyectos del Ministerio De Desarrollo Social y Familia, entre los años 2014 y 2025" }, "geometry": { "type": "Point", "coordinates": [ -71.4682046, -29.2465244 ] } },
{ "type": "Feature", "properties": { "CÓDIGO BIP": 30100128, "DESCRIPCIÓN": "CONSTRUCCION OBRAS DE URBANIZACION BASICA PUNTA COLORADA, LA HIGUERA Año y Etapa a Financiar: 2019-EJECUCION", "AÑO POSTULACIÓN": 2019, "TIPOLOGÍA": "PROYECTO", "SECTOR": "RECURSOS HIDRICOS", "SUB SECTOR": "EVACUACION DISPOSICION FINAL AGUAS SERVIDAS", "FUENTE FINANCIERA": "F.N.D.R.", "RATE": "RS", "SOLICITADO AÑO": "10.000,00", "ETAPA ACTUAL": "DISEÑO", "INSTITUCIÓN FINANCIERA": "GOBIERNO REGIONAL - REGION DE COQUIMBO", "INSTITUCIÓN FORMULADORA": "MUNICIPALIDAD DE LA HIGUERA", "COSTO TOTAL [M$]": "3.242.764,00", "COMENTARIOS": false, "IMÁGENES": false, "X": "-29.3531284", "Y": "-71.0168617", "Origen de la Informacion": "Banco Integrado de Proyectos, BIP, del Ministerio de Desarrollo Social y Familia, Disponible en: https://bip.ministeriodesarrollosocial.gob.cl/bip2-consulta/app/parent-flow;jsessionid=BB76DB2740D03924B91F9616C39575F5?execution=e1s1 Ultima Consulta de los datos: Abril 2025", "Descripcion": "Inversion publica corresponde a las iniciativas de inversion publica (Estudio basico, programa o un proyecto de inversion publica.) que ingresaron al Banco Integrado de Proyectos del Ministerio De Desarrollo Social y Familia, entre los años 2014 y 2025" }, "geometry": { "type": "Point", "coordinates": [ -71.0168617, -29.3531284 ] } },
{ "type": "Feature", "properties": { "CÓDIGO BIP": 30100137, "DESCRIPCIÓN": "CONSTRUCCION OBRAS DE URBANIZACIÓN BÁSICA LA HIGUERA Año y Etapa a Financiar: 2019-EJECUCION", "AÑO POSTULACIÓN": 2019, "TIPOLOGÍA": "PROYECTO", "SECTOR": "RECURSOS HIDRICOS", "SUB SECTOR": "EVACUACION DISPOSICION FINAL AGUAS SERVIDAS", "FUENTE FINANCIERA": "F.N.D.R.", "RATE": "RS", "SOLICITADO AÑO": "2.891.473,00", "ETAPA ACTUAL": "DISEÑO", "INSTITUCIÓN FINANCIERA": "GOBIERNO REGIONAL - REGION DE COQUIMBO", "INSTITUCIÓN FORMULADORA": "MUNICIPALIDAD DE LA HIGUERA", "COSTO TOTAL [M$]": "5.807.477,00", "COMENTARIOS": false, "IMÁGENES": false, "X": "-29.5115177", "Y": "-71.2010886", "Origen de la Informacion": "Banco Integrado de Proyectos, BIP, del Ministerio de Desarrollo Social y Familia, Disponible en: https://bip.ministeriodesarrollosocial.gob.cl/bip2-consulta/app/parent-flow;jsessionid=BB76DB2740D03924B91F9616C39575F5?execution=e1s1 Ultima Consulta de los datos: Abril 2025", "Descripcion": "Inversion publica corresponde a las iniciativas de inversion publica (Estudio basico, programa o un proyecto de inversion publica.) que ingresaron al Banco Integrado de Proyectos del Ministerio De Desarrollo Social y Familia, entre los años 2014 y 2025" }, "geometry": { "type": "Point", "coordinates": [ -71.2010886, -29.5115177 ] } },
{ "type": "Feature", "properties": { "CÓDIGO BIP": 30121129, "DESCRIPCIÓN": "CONSTRUCCION OBRAS PORTUARIAS PARA LA CALETA CHUNGUNGO Año y Etapa a Financiar: 2019-EJECUCION", "AÑO POSTULACIÓN": 2019, "TIPOLOGÍA": "PROYECTO", "SECTOR": "PESCA", "SUB SECTOR": "PESCA ARTESANAL", "FUENTE FINANCIERA": "SECTORIAL", "RATE": "FI", "SOLICITADO AÑO": "10.500,00", "ETAPA ACTUAL": "DISEÑO", "INSTITUCIÓN FINANCIERA": "DIRECCION DE OBRAS PORTUARIAS", "INSTITUCIÓN FORMULADORA": "OBRAS PORTUARIAS MOP REGION DE COQUIMBO", "COSTO TOTAL [M$]": "1.277.000,00", "COMENTARIOS": false, "IMÁGENES": false, "X": "-29.4504961", "Y": "-71.3147249", "Origen de la Informacion": "Banco Integrado de Proyectos, BIP, del Ministerio de Desarrollo Social y Familia, Disponible en: https://bip.ministeriodesarrollosocial.gob.cl/bip2-consulta/app/parent-flow;jsessionid=BB76DB2740D03924B91F9616C39575F5?execution=e1s1 Ultima Consulta de los datos: Abril 2025", "Descripcion": "Inversion publica corresponde a las iniciativas de inversion publica (Estudio basico, programa o un proyecto de inversion publica.) que ingresaron al Banco Integrado de Proyectos del Ministerio De Desarrollo Social y Familia, entre los años 2014 y 2025" }, "geometry": { "type": "Point", "coordinates": [ -71.3147249, -29.4504961 ] } },
{ "type": "Feature", "properties": { "CÓDIGO BIP": 30342975, "DESCRIPCIÓN": "MEJORAMIENTO CBI RUTA D-110, SECTOR CRUCE RUTA 5 - LOS CHOROS Año y Etapa a Financiar: 2019-EJECUCION", "AÑO POSTULACIÓN": 2019, "TIPOLOGÍA": "PROYECTO", "SECTOR": "TRANSPORTE", "SUB SECTOR": "TRANSPORTE CAMINERO", "FUENTE FINANCIERA": "SECTORIAL", "RATE": "RS", "SOLICITADO AÑO": "4.645,00", "ETAPA ACTUAL": "EJECUCION", "INSTITUCIÓN FINANCIERA": "DIRECCION DE VIALIDAD", "INSTITUCIÓN FORMULADORA": "VIALIDAD MOP REGION DE COQUIMBO", "COSTO TOTAL [M$]": "2.131.419,00", "COMENTARIOS": false, "IMÁGENES": false, "X": "-29.3656642", "Y": "-71.1387730", "Origen de la Informacion": "Banco Integrado de Proyectos, BIP, del Ministerio de Desarrollo Social y Familia, Disponible en: https://bip.ministeriodesarrollosocial.gob.cl/bip2-consulta/app/parent-flow;jsessionid=BB76DB2740D03924B91F9616C39575F5?execution=e1s1 Ultima Consulta de los datos: Abril 2025", "Descripcion": "Inversion publica corresponde a las iniciativas de inversion publica (Estudio basico, programa o un proyecto de inversion publica.) que ingresaron al Banco Integrado de Proyectos del Ministerio De Desarrollo Social y Familia, entre los años 2014 y 2025" }, "geometry": { "type": "Point", "coordinates": [ -71.138773, -29.3656642 ] } },
{ "type": "Feature", "properties": { "CÓDIGO BIP": 30343935, "DESCRIPCIÓN": "MEJORAMIENTO CBI RUTA D-110,S:LOS CHOROS-PUNTA DE CHOROS,LA HIGUERA Año y Etapa a Financiar: 2019-EJECUCION", "AÑO POSTULACIÓN": 2019, "TIPOLOGÍA": "PROYECTO", "SECTOR": "TRANSPORTE", "SUB SECTOR": "TRANSPORTE CAMINERO", "FUENTE FINANCIERA": "SECTORIAL", "RATE": "RS", "SOLICITADO AÑO": "916.847,00", "ETAPA ACTUAL": "EJECUCION", "INSTITUCIÓN FINANCIERA": "DIRECCION DE VIALIDAD", "INSTITUCIÓN FORMULADORA": "VIALIDAD MOP REGION DE COQUIMBO", "COSTO TOTAL [M$]": "2.905.239,00", "COMENTARIOS": false, "IMÁGENES": false, "X": "-29.2506812", "Y": "-71.4277068", "Origen de la Informacion": "Banco Integrado de Proyectos, BIP, del Ministerio de Desarrollo Social y Familia, Disponible en: https://bip.ministeriodesarrollosocial.gob.cl/bip2-consulta/app/parent-flow;jsessionid=BB76DB2740D03924B91F9616C39575F5?execution=e1s1 Ultima Consulta de los datos: Abril 2025", "Descripcion": "Inversion publica corresponde a las iniciativas de inversion publica (Estudio basico, programa o un proyecto de inversion publica.) que ingresaron al Banco Integrado de Proyectos del Ministerio De Desarrollo Social y Familia, entre los años 2014 y 2025" }, "geometry": { "type": "Point", "coordinates": [ -71.4277068, -29.2506812 ] } },
{ "type": "Feature", "properties": { "CÓDIGO BIP": 30426422, "DESCRIPCIÓN": "CONSTRUCCION INFR. PESQUERA ARTESANAL CALETA APOLILLADO, LA HIGUERA Año y Etapa a Financiar: 2019-EJECUCION", "AÑO POSTULACIÓN": 2019, "TIPOLOGÍA": "PROYECTO", "SECTOR": "PESCA", "SUB SECTOR": "PESCA ARTESANAL", "FUENTE FINANCIERA": "SECTORIAL", "RATE": "RS", "SOLICITADO AÑO": "258.001,00", "ETAPA ACTUAL": "EJECUCION", "INSTITUCIÓN FINANCIERA": "DIRECCION DE OBRAS PORTUARIAS", "INSTITUCIÓN FORMULADORA": "OBRAS PORTUARIAS MOP REGION DE COQUIMBO", "COSTO TOTAL [M$]": "436.689,00", "COMENTARIOS": false, "IMÁGENES": false, "X": "-29.18720638", "Y": "-71.49453395", "Origen de la Informacion": "Banco Integrado de Proyectos, BIP, del Ministerio de Desarrollo Social y Familia, Disponible en: https://bip.ministeriodesarrollosocial.gob.cl/bip2-consulta/app/parent-flow;jsessionid=BB76DB2740D03924B91F9616C39575F5?execution=e1s1 Ultima Consulta de los datos: Abril 2025", "Descripcion": "Inversion publica corresponde a las iniciativas de inversion publica (Estudio basico, programa o un proyecto de inversion publica.) que ingresaron al Banco Integrado de Proyectos del Ministerio De Desarrollo Social y Familia, entre los años 2014 y 2025" }, "geometry": { "type": "Point", "coordinates": [ -71.49453395, -29.18720638 ] } },
{ "type": "Feature", "properties": { "CÓDIGO BIP": 20192885, "DESCRIPCIÓN": "CONSTRUCCION SOLUCIONES SANITARIAS Y SIST. ALCANTAR, PUNTA DE CHOROS Año y Etapa a Financiar: 2018-EJECUCION", "AÑO POSTULACIÓN": 2018, "TIPOLOGÍA": "PROYECTO", "SECTOR": "VIVIENDA Y DESARROLLO URBANO", "SUB SECTOR": "SOLUCION HABITACIONAL PARCIAL O COMPLEMENTARIA", "FUENTE FINANCIERA": "F.N.D.R.", "RATE": "RS", "SOLICITADO AÑO": "44.138,00", "ETAPA ACTUAL": "EJECUCION", "INSTITUCIÓN FINANCIERA": "GOBIERNO REGIONAL - REGION DE COQUIMBO", "INSTITUCIÓN FORMULADORA": "MUNICIPALIDAD DE LA HIGUERA", "COSTO TOTAL [M$]": "1.363.529,00", "COMENTARIOS": false, "IMÁGENES": false, "X": "-29.2472275", "Y": "-71.4615307", "Origen de la Informacion": "Banco Integrado de Proyectos, BIP, del Ministerio de Desarrollo Social y Familia, Disponible en: https://bip.ministeriodesarrollosocial.gob.cl/bip2-consulta/app/parent-flow;jsessionid=BB76DB2740D03924B91F9616C39575F5?execution=e1s1 Ultima Consulta de los datos: Abril 2025", "Descripcion": "Inversion publica corresponde a las iniciativas de inversion publica (Estudio basico, programa o un proyecto de inversion publica.) que ingresaron al Banco Integrado de Proyectos del Ministerio De Desarrollo Social y Familia, entre los años 2014 y 2025" }, "geometry": { "type": "Point", "coordinates": [ -71.4615307, -29.2472275 ] } },
{ "type": "Feature", "properties": { "CÓDIGO BIP": 30036635, "DESCRIPCIÓN": "CONSTRUCCION POSTA SALUD RURAL CHUNGUNGO, COMUNA DE LA HIGUERA Año y Etapa a Financiar: 2018-EJECUCION", "AÑO POSTULACIÓN": 2018, "TIPOLOGÍA": "PROYECTO", "SECTOR": "SALUD", "SUB SECTOR": "BAJA COMPLEJIDAD", "FUENTE FINANCIERA": "F.N.D.R.", "RATE": "RS", "SOLICITADO AÑO": "19.147,00", "ETAPA ACTUAL": "EJECUCION", "INSTITUCIÓN FINANCIERA": "GOBIERNO REGIONAL - REGION DE COQUIMBO", "INSTITUCIÓN FORMULADORA": "MUNICIPALIDAD DE LA HIGUERA", "COSTO TOTAL [M$]": "483.486,00", "COMENTARIOS": false, "IMÁGENES": false, "X": "-29.4474218", "Y": "-71.2989982", "Origen de la Informacion": "Banco Integrado de Proyectos, BIP, del Ministerio de Desarrollo Social y Familia, Disponible en: https://bip.ministeriodesarrollosocial.gob.cl/bip2-consulta/app/parent-flow;jsessionid=BB76DB2740D03924B91F9616C39575F5?execution=e1s1 Ultima Consulta de los datos: Abril 2025", "Descripcion": "Inversion publica corresponde a las iniciativas de inversion publica (Estudio basico, programa o un proyecto de inversion publica.) que ingresaron al Banco Integrado de Proyectos del Ministerio De Desarrollo Social y Familia, entre los años 2014 y 2025" }, "geometry": { "type": "Point", "coordinates": [ -71.2989982, -29.4474218 ] } },
{ "type": "Feature", "properties": { "CÓDIGO BIP": 30046530, "DESCRIPCIÓN": "CONSTRUCCION CALETA PESQUERA TOTORALILLO NORTE, LA HIGUERA Año y Etapa a Financiar: 2018-EJECUCION", "AÑO POSTULACIÓN": 2018, "TIPOLOGÍA": "PROYECTO", "SECTOR": "PESCA", "SUB SECTOR": "PESCA ARTESANAL", "FUENTE FINANCIERA": "SECTORIAL", "RATE": "RS", "SOLICITADO AÑO": "147.121,00", "ETAPA ACTUAL": "EJECUCION", "INSTITUCIÓN FINANCIERA": "DIRECCION DE OBRAS PORTUARIAS", "INSTITUCIÓN FORMULADORA": "OBRAS PORTUARIAS MOP REGION DE COQUIMBO", "COSTO TOTAL [M$]": "964.829,00", "COMENTARIOS": false, "IMÁGENES": false, "X": "-29.4908514", "Y": "-71.3301910", "Origen de la Informacion": "Banco Integrado de Proyectos, BIP, del Ministerio de Desarrollo Social y Familia, Disponible en: https://bip.ministeriodesarrollosocial.gob.cl/bip2-consulta/app/parent-flow;jsessionid=BB76DB2740D03924B91F9616C39575F5?execution=e1s1 Ultima Consulta de los datos: Abril 2025", "Descripcion": "Inversion publica corresponde a las iniciativas de inversion publica (Estudio basico, programa o un proyecto de inversion publica.) que ingresaron al Banco Integrado de Proyectos del Ministerio De Desarrollo Social y Familia, entre los años 2014 y 2025" }, "geometry": { "type": "Point", "coordinates": [ -71.330191, -29.4908514 ] } },
{ "type": "Feature", "properties": { "CÓDIGO BIP": 30057627, "DESCRIPCIÓN": "REPOSICION PARQUE MUNICIPAL, LA HIGUERA, COMUNA DE LA HIGUERA. Año y Etapa a Financiar: 2018-EJECUCION", "AÑO POSTULACIÓN": 2018, "TIPOLOGÍA": "PROYECTO", "SECTOR": "VIVIENDA Y DESARROLLO URBANO", "SUB SECTOR": "DESARROLLO URBANO", "FUENTE FINANCIERA": "F.N.D.R.", "RATE": "OT", "SOLICITADO AÑO": "835.194,00", "ETAPA ACTUAL": "DISEÑO", "INSTITUCIÓN FINANCIERA": "GOBIERNO REGIONAL - REGION DE COQUIMBO", "INSTITUCIÓN FORMULADORA": "MUNICIPALIDAD DE LA HIGUERA", "COSTO TOTAL [M$]": "1.479.505,00", "COMENTARIOS": false, "IMÁGENES": false, "X": "-29.5117480", "Y": "-71.2017088", "Origen de la Informacion": "Banco Integrado de Proyectos, BIP, del Ministerio de Desarrollo Social y Familia, Disponible en: https://bip.ministeriodesarrollosocial.gob.cl/bip2-consulta/app/parent-flow;jsessionid=BB76DB2740D03924B91F9616C39575F5?execution=e1s1 Ultima Consulta de los datos: Abril 2025", "Descripcion": "Inversion publica corresponde a las iniciativas de inversion publica (Estudio basico, programa o un proyecto de inversion publica.) que ingresaron al Banco Integrado de Proyectos del Ministerio De Desarrollo Social y Familia, entre los años 2014 y 2025" }, "geometry": { "type": "Point", "coordinates": [ -71.2017088, -29.511748 ] } },
{ "type": "Feature", "properties": { "CÓDIGO BIP": 30071381, "DESCRIPCIÓN": "AMPLIACION MUELLE CALETA HORNOS, LA HIGUERA Año y Etapa a Financiar: 2018-EJECUCION", "AÑO POSTULACIÓN": 2018, "TIPOLOGÍA": "PROYECTO", "SECTOR": "PESCA", "SUB SECTOR": "PESCA ARTESANAL", "FUENTE FINANCIERA": "SECTORIAL", "RATE": "RS", "SOLICITADO AÑO": "1.146.446,00", "ETAPA ACTUAL": "EJECUCION", "INSTITUCIÓN FINANCIERA": "DIRECCION DE OBRAS PORTUARIAS", "INSTITUCIÓN FORMULADORA": "OBRAS PORTUARIAS MOP REGION DE COQUIMBO", "COSTO TOTAL [M$]": "4.893.344,00", "COMENTARIOS": false, "IMÁGENES": false, "X": "-29.6219638", "Y": "-71.2899200", "Origen de la Informacion": "Banco Integrado de Proyectos, BIP, del Ministerio de Desarrollo Social y Familia, Disponible en: https://bip.ministeriodesarrollosocial.gob.cl/bip2-consulta/app/parent-flow;jsessionid=BB76DB2740D03924B91F9616C39575F5?execution=e1s1 Ultima Consulta de los datos: Abril 2025", "Descripcion": "Inversion publica corresponde a las iniciativas de inversion publica (Estudio basico, programa o un proyecto de inversion publica.) que ingresaron al Banco Integrado de Proyectos del Ministerio De Desarrollo Social y Familia, entre los años 2014 y 2025" }, "geometry": { "type": "Point", "coordinates": [ -71.28992, -29.6219638 ] } },
{ "type": "Feature", "properties": { "CÓDIGO BIP": 30081567, "DESCRIPCIÓN": "MEJORAMIENTO EMBARQUE-DESEMBARQUE DE PASAJEROS SECTOR PUNTA CHOROS Año y Etapa a Financiar: 2018-DISEÑO", "AÑO POSTULACIÓN": 2018, "TIPOLOGÍA": "PROYECTO", "SECTOR": "PESCA", "SUB SECTOR": "PESCA ARTESANAL", "FUENTE FINANCIERA": "F.N.D.R.", "RATE": "RS", "SOLICITADO AÑO": "200.000,00", "ETAPA ACTUAL": "DISEÑO", "INSTITUCIÓN FINANCIERA": "GOBIERNO REGIONAL - REGION DE COQUIMBO", "INSTITUCIÓN FORMULADORA": "OBRAS PORTUARIAS MOP REGION DE COQUIMBO", "COSTO TOTAL [M$]": "303.920,00", "COMENTARIOS": false, "IMÁGENES": false, "X": "-29.2503484", "Y": "-71.4626327", "Origen de la Informacion": "Banco Integrado de Proyectos, BIP, del Ministerio de Desarrollo Social y Familia, Disponible en: https://bip.ministeriodesarrollosocial.gob.cl/bip2-consulta/app/parent-flow;jsessionid=BB76DB2740D03924B91F9616C39575F5?execution=e1s1 Ultima Consulta de los datos: Abril 2025", "Descripcion": "Inversion publica corresponde a las iniciativas de inversion publica (Estudio basico, programa o un proyecto de inversion publica.) que ingresaron al Banco Integrado de Proyectos del Ministerio De Desarrollo Social y Familia, entre los años 2014 y 2025" }, "geometry": { "type": "Point", "coordinates": [ -71.4626327, -29.2503484 ] } },
{ "type": "Feature", "properties": { "CÓDIGO BIP": 30100128, "DESCRIPCIÓN": "CONSTRUCCION OBRAS DE URBANIZACION BASICA PUNTA COLORADA, LA HIGUERA Año y Etapa a Financiar: 2018-EJECUCION", "AÑO POSTULACIÓN": 2018, "TIPOLOGÍA": "PROYECTO", "SECTOR": "RECURSOS HIDRICOS", "SUB SECTOR": "EVACUACION DISPOSICION FINAL AGUAS SERVIDAS", "FUENTE FINANCIERA": "F.N.D.R.", "RATE": "RS", "SOLICITADO AÑO": "16.644,00", "ETAPA ACTUAL": "DISEÑO", "INSTITUCIÓN FINANCIERA": "GOBIERNO REGIONAL - REGION DE COQUIMBO", "INSTITUCIÓN FORMULADORA": "MUNICIPALIDAD DE LA HIGUERA", "COSTO TOTAL [M$]": "3.148.321,00", "COMENTARIOS": false, "IMÁGENES": false, "X": "-29.3525127", "Y": "-71.0183371", "Origen de la Informacion": "Banco Integrado de Proyectos, BIP, del Ministerio de Desarrollo Social y Familia, Disponible en: https://bip.ministeriodesarrollosocial.gob.cl/bip2-consulta/app/parent-flow;jsessionid=BB76DB2740D03924B91F9616C39575F5?execution=e1s1 Ultima Consulta de los datos: Abril 2025", "Descripcion": "Inversion publica corresponde a las iniciativas de inversion publica (Estudio basico, programa o un proyecto de inversion publica.) que ingresaron al Banco Integrado de Proyectos del Ministerio De Desarrollo Social y Familia, entre los años 2014 y 2025" }, "geometry": { "type": "Point", "coordinates": [ -71.0183371, -29.3525127 ] } },
{ "type": "Feature", "properties": { "CÓDIGO BIP": 30100128, "DESCRIPCIÓN": "CONSTRUCCION OBRAS DE URBANIZACION BASICA PUNTA COLORADA, LA HIGUERA Año y Etapa a Financiar: 2018-DISEÑO", "AÑO POSTULACIÓN": 2018, "TIPOLOGÍA": "PROYECTO", "SECTOR": "RECURSOS HIDRICOS", "SUB SECTOR": "EVACUACION DISPOSICION FINAL AGUAS SERVIDAS", "FUENTE FINANCIERA": "F.N.D.R.", "RATE": "RS", "SOLICITADO AÑO": "5.376,00", "ETAPA ACTUAL": "DISEÑO", "INSTITUCIÓN FINANCIERA": "GOBIERNO REGIONAL - REGION DE COQUIMBO", "INSTITUCIÓN FORMULADORA": "MUNICIPALIDAD DE LA HIGUERA", "COSTO TOTAL [M$]": "61.457,00", "COMENTARIOS": false, "IMÁGENES": false, "X": "-29.3528258", "Y": "-71.0176787", "Origen de la Informacion": "Banco Integrado de Proyectos, BIP, del Ministerio de Desarrollo Social y Familia, Disponible en: https://bip.ministeriodesarrollosocial.gob.cl/bip2-consulta/app/parent-flow;jsessionid=BB76DB2740D03924B91F9616C39575F5?execution=e1s1 Ultima Consulta de los datos: Abril 2025", "Descripcion": "Inversion publica corresponde a las iniciativas de inversion publica (Estudio basico, programa o un proyecto de inversion publica.) que ingresaron al Banco Integrado de Proyectos del Ministerio De Desarrollo Social y Familia, entre los años 2014 y 2025" }, "geometry": { "type": "Point", "coordinates": [ -71.0176787, -29.3528258 ] } },
{ "type": "Feature", "properties": { "CÓDIGO BIP": 30100137, "DESCRIPCIÓN": "CONSTRUCCION OBRAS DE URBANIZACIÓN BÁSICA LA HIGUERA Año y Etapa a Financiar: 2018-EJECUCION", "AÑO POSTULACIÓN": 2018, "TIPOLOGÍA": "PROYECTO", "SECTOR": "RECURSOS HIDRICOS", "SUB SECTOR": "EVACUACION DISPOSICION FINAL AGUAS SERVIDAS", "FUENTE FINANCIERA": "F.N.D.R.", "RATE": "RS", "SOLICITADO AÑO": "168.772,00", "ETAPA ACTUAL": "DISEÑO", "INSTITUCIÓN FINANCIERA": "GOBIERNO REGIONAL - REGION DE COQUIMBO", "INSTITUCIÓN FORMULADORA": "MUNICIPALIDAD DE LA HIGUERA", "COSTO TOTAL [M$]": "5.638.346,00", "COMENTARIOS": false, "IMÁGENES": false, "X": "-29.5108367", "Y": "-71.2011267", "Origen de la Informacion": "Banco Integrado de Proyectos, BIP, del Ministerio de Desarrollo Social y Familia, Disponible en: https://bip.ministeriodesarrollosocial.gob.cl/bip2-consulta/app/parent-flow;jsessionid=BB76DB2740D03924B91F9616C39575F5?execution=e1s1 Ultima Consulta de los datos: Abril 2025", "Descripcion": "Inversion publica corresponde a las iniciativas de inversion publica (Estudio basico, programa o un proyecto de inversion publica.) que ingresaron al Banco Integrado de Proyectos del Ministerio De Desarrollo Social y Familia, entre los años 2014 y 2025" }, "geometry": { "type": "Point", "coordinates": [ -71.2011267, -29.5108367 ] } },
{ "type": "Feature", "properties": { "CÓDIGO BIP": 30342975, "DESCRIPCIÓN": "MEJORAMIENTO CBI RUTA D-110, SECTOR CRUCE RUTA 5 - LOS CHOROS Año y Etapa a Financiar: 2018-EJECUCION", "AÑO POSTULACIÓN": 2018, "TIPOLOGÍA": "PROYECTO", "SECTOR": "TRANSPORTE", "SUB SECTOR": "TRANSPORTE CAMINERO", "FUENTE FINANCIERA": "SECTORIAL", "RATE": "RS", "SOLICITADO AÑO": "911.150,00", "ETAPA ACTUAL": "EJECUCION", "INSTITUCIÓN FINANCIERA": "DIRECCION DE VIALIDAD", "INSTITUCIÓN FORMULADORA": "VIALIDAD MOP REGION DE COQUIMBO", "COSTO TOTAL [M$]": "2.552.840,00", "COMENTARIOS": false, "IMÁGENES": false, "X": "-29.3656642", "Y": "-71.1387730", "Origen de la Informacion": "Banco Integrado de Proyectos, BIP, del Ministerio de Desarrollo Social y Familia, Disponible en: https://bip.ministeriodesarrollosocial.gob.cl/bip2-consulta/app/parent-flow;jsessionid=BB76DB2740D03924B91F9616C39575F5?execution=e1s1 Ultima Consulta de los datos: Abril 2025", "Descripcion": "Inversion publica corresponde a las iniciativas de inversion publica (Estudio basico, programa o un proyecto de inversion publica.) que ingresaron al Banco Integrado de Proyectos del Ministerio De Desarrollo Social y Familia, entre los años 2014 y 2025" }, "geometry": { "type": "Point", "coordinates": [ -71.138773, -29.3656642 ] } },
{ "type": "Feature", "properties": { "CÓDIGO BIP": 30343935, "DESCRIPCIÓN": "MEJORAMIENTO CBI RUTA D-110,S:LOS CHOROS-PUNTA DE CHOROS,LA HIGUERA Año y Etapa a Financiar: 2018-EJECUCION", "AÑO POSTULACIÓN": 2018, "TIPOLOGÍA": "PROYECTO", "SECTOR": "TRANSPORTE", "SUB SECTOR": "TRANSPORTE CAMINERO", "FUENTE FINANCIERA": "SECTORIAL", "RATE": "RS", "SOLICITADO AÑO": "1.923.541,00", "ETAPA ACTUAL": "EJECUCION", "INSTITUCIÓN FINANCIERA": "DIRECCION DE VIALIDAD", "INSTITUCIÓN FORMULADORA": "VIALIDAD MOP REGION DE COQUIMBO", "COSTO TOTAL [M$]": "2.122.739,00", "COMENTARIOS": false, "IMÁGENES": false, "X": "-29.2506812", "Y": "-71.4277068", "Origen de la Informacion": "Banco Integrado de Proyectos, BIP, del Ministerio de Desarrollo Social y Familia, Disponible en: https://bip.ministeriodesarrollosocial.gob.cl/bip2-consulta/app/parent-flow;jsessionid=BB76DB2740D03924B91F9616C39575F5?execution=e1s1 Ultima Consulta de los datos: Abril 2025", "Descripcion": "Inversion publica corresponde a las iniciativas de inversion publica (Estudio basico, programa o un proyecto de inversion publica.) que ingresaron al Banco Integrado de Proyectos del Ministerio De Desarrollo Social y Familia, entre los años 2014 y 2025" }, "geometry": { "type": "Point", "coordinates": [ -71.4277068, -29.2506812 ] } },
{ "type": "Feature", "properties": { "CÓDIGO BIP": 30426422, "DESCRIPCIÓN": "CONSTRUCCION INFR. PESQUERA ARTESANAL CALETA APOLILLADO, LA HIGUERA Año y Etapa a Financiar: 2018-EJECUCION", "AÑO POSTULACIÓN": 2018, "TIPOLOGÍA": "PROYECTO", "SECTOR": "PESCA", "SUB SECTOR": "PESCA ARTESANAL", "FUENTE FINANCIERA": "SECTORIAL", "RATE": "RS", "SOLICITADO AÑO": "173.500,00", "ETAPA ACTUAL": "EJECUCION", "INSTITUCIÓN FINANCIERA": "DIRECCION DE OBRAS PORTUARIAS", "INSTITUCIÓN FORMULADORA": "OBRAS PORTUARIAS MOP REGION DE COQUIMBO", "COSTO TOTAL [M$]": "799.254,00", "COMENTARIOS": false, "IMÁGENES": false, "X": "-29.18720638", "Y": "-71.49453395", "Origen de la Informacion": "Banco Integrado de Proyectos, BIP, del Ministerio de Desarrollo Social y Familia, Disponible en: https://bip.ministeriodesarrollosocial.gob.cl/bip2-consulta/app/parent-flow;jsessionid=BB76DB2740D03924B91F9616C39575F5?execution=e1s1 Ultima Consulta de los datos: Abril 2025", "Descripcion": "Inversion publica corresponde a las iniciativas de inversion publica (Estudio basico, programa o un proyecto de inversion publica.) que ingresaron al Banco Integrado de Proyectos del Ministerio De Desarrollo Social y Familia, entre los años 2014 y 2025" }, "geometry": { "type": "Point", "coordinates": [ -71.49453395, -29.18720638 ] } },
{ "type": "Feature", "properties": { "CÓDIGO BIP": 20192798, "DESCRIPCIÓN": "REPOSICION CENTRO DE SALUD, LA HIGUERA. Año y Etapa a Financiar: 2017-EJECUCION", "AÑO POSTULACIÓN": 2017, "TIPOLOGÍA": "PROYECTO", "SECTOR": "SALUD", "SUB SECTOR": "BAJA COMPLEJIDAD", "FUENTE FINANCIERA": "F.N.D.R.", "RATE": "RS", "SOLICITADO AÑO": "421.217,00", "ETAPA ACTUAL": "EJECUCION", "INSTITUCIÓN FINANCIERA": "GOBIERNO REGIONAL - REGION IV COQUIMBO", "INSTITUCIÓN FORMULADORA": "MUNICIPALIDAD DE LA HIGUERA", "COSTO TOTAL [M$]": "2.999.850,00", "COMENTARIOS": false, "IMÁGENES": false, "X": "-29.50819900", "Y": "-71.19947766", "Origen de la Informacion": "Banco Integrado de Proyectos, BIP, del Ministerio de Desarrollo Social y Familia, Disponible en: https://bip.ministeriodesarrollosocial.gob.cl/bip2-consulta/app/parent-flow;jsessionid=BB76DB2740D03924B91F9616C39575F5?execution=e1s1 Ultima Consulta de los datos: Abril 2025", "Descripcion": "Inversion publica corresponde a las iniciativas de inversion publica (Estudio basico, programa o un proyecto de inversion publica.) que ingresaron al Banco Integrado de Proyectos del Ministerio De Desarrollo Social y Familia, entre los años 2014 y 2025" }, "geometry": { "type": "Point", "coordinates": [ -71.19947766, -29.508199 ] } },
{ "type": "Feature", "properties": { "CÓDIGO BIP": 20192885, "DESCRIPCIÓN": "CONSTRUCCION SOLUCIONES SANITARIAS Y SIST. ALCANTAR, PUNTA DE CHOROS Año y Etapa a Financiar: 2017-EJECUCION", "AÑO POSTULACIÓN": 2017, "TIPOLOGÍA": "PROYECTO", "SECTOR": "VIVIENDA Y DESARROLLO URBANO", "SUB SECTOR": "SOLUCION HABITACIONAL PARCIAL O COMPLEMENTARIA", "FUENTE FINANCIERA": "F.N.D.R.", "RATE": "RS", "SOLICITADO AÑO": "55.610,00", "ETAPA ACTUAL": "EJECUCION", "INSTITUCIÓN FINANCIERA": "GOBIERNO REGIONAL - REGION IV COQUIMBO", "INSTITUCIÓN FORMULADORA": "MUNICIPALIDAD DE LA HIGUERA", "COSTO TOTAL [M$]": "1.277.503,00", "COMENTARIOS": false, "IMÁGENES": false, "X": "-29.2468215", "Y": "-71.4615979", "Origen de la Informacion": "Banco Integrado de Proyectos, BIP, del Ministerio de Desarrollo Social y Familia, Disponible en: https://bip.ministeriodesarrollosocial.gob.cl/bip2-consulta/app/parent-flow;jsessionid=BB76DB2740D03924B91F9616C39575F5?execution=e1s1 Ultima Consulta de los datos: Abril 2025", "Descripcion": "Inversion publica corresponde a las iniciativas de inversion publica (Estudio basico, programa o un proyecto de inversion publica.) que ingresaron al Banco Integrado de Proyectos del Ministerio De Desarrollo Social y Familia, entre los años 2014 y 2025" }, "geometry": { "type": "Point", "coordinates": [ -71.4615979, -29.2468215 ] } },
{ "type": "Feature", "properties": { "CÓDIGO BIP": 30036635, "DESCRIPCIÓN": "CONSTRUCCION POSTA SALUD RURAL CHUNGUNGO, COMUNA DE LA HIGUERA Año y Etapa a Financiar: 2017-EJECUCION", "AÑO POSTULACIÓN": 2017, "TIPOLOGÍA": "PROYECTO", "SECTOR": "SALUD", "SUB SECTOR": "BAJA COMPLEJIDAD", "FUENTE FINANCIERA": "F.N.D.R.", "RATE": "RS", "SOLICITADO AÑO": "318.738,00", "ETAPA ACTUAL": "EJECUCION", "INSTITUCIÓN FINANCIERA": "GOBIERNO REGIONAL - REGION IV COQUIMBO", "INSTITUCIÓN FORMULADORA": "MUNICIPALIDAD DE LA HIGUERA", "COSTO TOTAL [M$]": "483.743,00", "COMENTARIOS": false, "IMÁGENES": false, "X": "-29.4465913", "Y": "-71.3025017", "Origen de la Informacion": "Banco Integrado de Proyectos, BIP, del Ministerio de Desarrollo Social y Familia, Disponible en: https://bip.ministeriodesarrollosocial.gob.cl/bip2-consulta/app/parent-flow;jsessionid=BB76DB2740D03924B91F9616C39575F5?execution=e1s1 Ultima Consulta de los datos: Abril 2025", "Descripcion": "Inversion publica corresponde a las iniciativas de inversion publica (Estudio basico, programa o un proyecto de inversion publica.) que ingresaron al Banco Integrado de Proyectos del Ministerio De Desarrollo Social y Familia, entre los años 2014 y 2025" }, "geometry": { "type": "Point", "coordinates": [ -71.3025017, -29.4465913 ] } },
{ "type": "Feature", "properties": { "CÓDIGO BIP": 30046530, "DESCRIPCIÓN": "CONSTRUCCION CALETA PESQUERA TOTORALILLO NORTE, LA HIGUERA Año y Etapa a Financiar: 2017-EJECUCION", "AÑO POSTULACIÓN": 2017, "TIPOLOGÍA": "PROYECTO", "SECTOR": "PESCA", "SUB SECTOR": "PESCA ARTESANAL", "FUENTE FINANCIERA": "SECTORIAL", "RATE": "RS", "SOLICITADO AÑO": "195.002,00", "ETAPA ACTUAL": "EJECUCION", "INSTITUCIÓN FINANCIERA": "DIRECCION DE OBRAS PORTUARIAS", "INSTITUCIÓN FORMULADORA": "OBRAS PORTUARIAS MOP IV REGION DE COQUIMBO", "COSTO TOTAL [M$]": "911.916,00", "COMENTARIOS": false, "IMÁGENES": false, "X": "-29.4908842", "Y": "-71.3301658", "Origen de la Informacion": "Banco Integrado de Proyectos, BIP, del Ministerio de Desarrollo Social y Familia, Disponible en: https://bip.ministeriodesarrollosocial.gob.cl/bip2-consulta/app/parent-flow;jsessionid=BB76DB2740D03924B91F9616C39575F5?execution=e1s1 Ultima Consulta de los datos: Abril 2025", "Descripcion": "Inversion publica corresponde a las iniciativas de inversion publica (Estudio basico, programa o un proyecto de inversion publica.) que ingresaron al Banco Integrado de Proyectos del Ministerio De Desarrollo Social y Familia, entre los años 2014 y 2025" }, "geometry": { "type": "Point", "coordinates": [ -71.3301658, -29.4908842 ] } },
{ "type": "Feature", "properties": { "CÓDIGO BIP": 30071381, "DESCRIPCIÓN": "AMPLIACION MUELLE CALETA HORNOS, LA HIGUERA Año y Etapa a Financiar: 2017-EJECUCION", "AÑO POSTULACIÓN": 2017, "TIPOLOGÍA": "PROYECTO", "SECTOR": "PESCA", "SUB SECTOR": "PESCA ARTESANAL", "FUENTE FINANCIERA": "SECTORIAL", "RATE": "RS", "SOLICITADO AÑO": "10,00", "ETAPA ACTUAL": "EJECUCION", "INSTITUCIÓN FINANCIERA": "DIRECCION DE OBRAS PORTUARIAS", "INSTITUCIÓN FORMULADORA": "OBRAS PORTUARIAS MOP IV REGION DE COQUIMBO", "COSTO TOTAL [M$]": "4.554.104,00", "COMENTARIOS": false, "IMÁGENES": false, "X": "-29.6224435", "Y": "-71.2894192", "Origen de la Informacion": "Banco Integrado de Proyectos, BIP, del Ministerio de Desarrollo Social y Familia, Disponible en: https://bip.ministeriodesarrollosocial.gob.cl/bip2-consulta/app/parent-flow;jsessionid=BB76DB2740D03924B91F9616C39575F5?execution=e1s1 Ultima Consulta de los datos: Abril 2025", "Descripcion": "Inversion publica corresponde a las iniciativas de inversion publica (Estudio basico, programa o un proyecto de inversion publica.) que ingresaron al Banco Integrado de Proyectos del Ministerio De Desarrollo Social y Familia, entre los años 2014 y 2025" }, "geometry": { "type": "Point", "coordinates": [ -71.2894192, -29.6224435 ] } },
{ "type": "Feature", "properties": { "CÓDIGO BIP": 30081567, "DESCRIPCIÓN": "MEJORAMIENTO EMBARQUE-DESEMBARQUE DE PASAJEROS SECTOR PUNTA CHOROS Año y Etapa a Financiar: 2017-DISEÑO", "AÑO POSTULACIÓN": 2017, "TIPOLOGÍA": "PROYECTO", "SECTOR": "PESCA", "SUB SECTOR": "PESCA ARTESANAL", "FUENTE FINANCIERA": "F.N.D.R.", "RATE": "RS", "SOLICITADO AÑO": "143.432,00", "ETAPA ACTUAL": "DISEÑO", "INSTITUCIÓN FINANCIERA": "GOBIERNO REGIONAL - REGION IV COQUIMBO", "INSTITUCIÓN FORMULADORA": "OBRAS PORTUARIAS MOP IV REGION DE COQUIMBO", "COSTO TOTAL [M$]": "288.646,00", "COMENTARIOS": false, "IMÁGENES": false, "X": "-29.2465558", "Y": "-71.4680950", "Origen de la Informacion": "Banco Integrado de Proyectos, BIP, del Ministerio de Desarrollo Social y Familia, Disponible en: https://bip.ministeriodesarrollosocial.gob.cl/bip2-consulta/app/parent-flow;jsessionid=BB76DB2740D03924B91F9616C39575F5?execution=e1s1 Ultima Consulta de los datos: Abril 2025", "Descripcion": "Inversion publica corresponde a las iniciativas de inversion publica (Estudio basico, programa o un proyecto de inversion publica.) que ingresaron al Banco Integrado de Proyectos del Ministerio De Desarrollo Social y Familia, entre los años 2014 y 2025" }, "geometry": { "type": "Point", "coordinates": [ -71.468095, -29.2465558 ] } },
{ "type": "Feature", "properties": { "CÓDIGO BIP": 30093411, "DESCRIPCIÓN": "MEJORAMIENTO ADUCCION SISTEMA APR CHUNGUNGO, LA HIGUERA Año y Etapa a Financiar: 2017-EJECUCION", "AÑO POSTULACIÓN": 2017, "TIPOLOGÍA": "PROYECTO", "SECTOR": "RECURSOS HIDRICOS", "SUB SECTOR": "AGUA POTABLE", "FUENTE FINANCIERA": "F.N.D.R.", "RATE": "RS", "SOLICITADO AÑO": "105.280,00", "ETAPA ACTUAL": "EJECUCION", "INSTITUCIÓN FINANCIERA": "GOBIERNO REGIONAL - REGION IV COQUIMBO", "INSTITUCIÓN FORMULADORA": "DIRECCION DE OBRAS HIDRAULICAS MOP IV REGION", "COSTO TOTAL [M$]": "536.855,00", "COMENTARIOS": false, "IMÁGENES": false, "X": "-29.4494872", "Y": "-71.3030504", "Origen de la Informacion": "Banco Integrado de Proyectos, BIP, del Ministerio de Desarrollo Social y Familia, Disponible en: https://bip.ministeriodesarrollosocial.gob.cl/bip2-consulta/app/parent-flow;jsessionid=BB76DB2740D03924B91F9616C39575F5?execution=e1s1 Ultima Consulta de los datos: Abril 2025", "Descripcion": "Inversion publica corresponde a las iniciativas de inversion publica (Estudio basico, programa o un proyecto de inversion publica.) que ingresaron al Banco Integrado de Proyectos del Ministerio De Desarrollo Social y Familia, entre los años 2014 y 2025" }, "geometry": { "type": "Point", "coordinates": [ -71.3030504, -29.4494872 ] } },
{ "type": "Feature", "properties": { "CÓDIGO BIP": 30100128, "DESCRIPCIÓN": "CONSTRUCCION OBRAS DE URBANIZACION BASICA PUNTA COLORADA, LA HIGUERA Año y Etapa a Financiar: 2017-EJECUCION", "AÑO POSTULACIÓN": 2017, "TIPOLOGÍA": "PROYECTO", "SECTOR": "VIVIENDA Y DESARROLLO URBANO", "SUB SECTOR": "SOLUCION HABITACIONAL PARCIAL O COMPLEMENTARIA", "FUENTE FINANCIERA": "F.N.D.R.", "RATE": "FI", "SOLICITADO AÑO": "7.596,00", "ETAPA ACTUAL": "DISEÑO", "INSTITUCIÓN FINANCIERA": "GOBIERNO REGIONAL - REGION IV COQUIMBO", "INSTITUCIÓN FORMULADORA": "MUNICIPALIDAD DE LA HIGUERA", "COSTO TOTAL [M$]": "2.942.974,00", "COMENTARIOS": false, "IMÁGENES": false, "X": "-29.353377", "Y": "-71.017085", "Origen de la Informacion": "Banco Integrado de Proyectos, BIP, del Ministerio de Desarrollo Social y Familia, Disponible en: https://bip.ministeriodesarrollosocial.gob.cl/bip2-consulta/app/parent-flow;jsessionid=BB76DB2740D03924B91F9616C39575F5?execution=e1s1 Ultima Consulta de los datos: Abril 2025", "Descripcion": "Inversion publica corresponde a las iniciativas de inversion publica (Estudio basico, programa o un proyecto de inversion publica.) que ingresaron al Banco Integrado de Proyectos del Ministerio De Desarrollo Social y Familia, entre los años 2014 y 2025" }, "geometry": { "type": "Point", "coordinates": [ -71.017085, -29.353377 ] } },
{ "type": "Feature", "properties": { "CÓDIGO BIP": 30100128, "DESCRIPCIÓN": "CONSTRUCCION OBRAS DE URBANIZACION BASICA PUNTA COLORADA, LA HIGUERA Año y Etapa a Financiar: 2017-DISEÑO", "AÑO POSTULACIÓN": 2017, "TIPOLOGÍA": "PROYECTO", "SECTOR": "VIVIENDA Y DESARROLLO URBANO", "SUB SECTOR": "SOLUCION HABITACIONAL PARCIAL O COMPLEMENTARIA", "FUENTE FINANCIERA": "F.N.D.R.", "RATE": "RS", "SOLICITADO AÑO": "19.959,00", "ETAPA ACTUAL": "DISEÑO", "INSTITUCIÓN FINANCIERA": "GOBIERNO REGIONAL - REGION IV COQUIMBO", "INSTITUCIÓN FORMULADORA": "MUNICIPALIDAD DE LA HIGUERA", "COSTO TOTAL [M$]": "60.305,00", "COMENTARIOS": false, "IMÁGENES": false, "X": "-29.352655", "Y": "-71.018064", "Origen de la Informacion": "Banco Integrado de Proyectos, BIP, del Ministerio de Desarrollo Social y Familia, Disponible en: https://bip.ministeriodesarrollosocial.gob.cl/bip2-consulta/app/parent-flow;jsessionid=BB76DB2740D03924B91F9616C39575F5?execution=e1s1 Ultima Consulta de los datos: Abril 2025", "Descripcion": "Inversion publica corresponde a las iniciativas de inversion publica (Estudio basico, programa o un proyecto de inversion publica.) que ingresaron al Banco Integrado de Proyectos del Ministerio De Desarrollo Social y Familia, entre los años 2014 y 2025" }, "geometry": { "type": "Point", "coordinates": [ -71.018064, -29.352655 ] } },
{ "type": "Feature", "properties": { "CÓDIGO BIP": 30100137, "DESCRIPCIÓN": "CONSTRUCCION OBRAS DE URBANIZACIÓN BÁSICA LA HIGUERA Año y Etapa a Financiar: 2017-EJECUCION", "AÑO POSTULACIÓN": 2017, "TIPOLOGÍA": "PROYECTO", "SECTOR": "RECURSOS HIDRICOS", "SUB SECTOR": "EVACUACION DISPOSICION FINAL AGUAS SERVIDAS", "FUENTE FINANCIERA": "F.N.D.R.", "RATE": "RS", "SOLICITADO AÑO": "164.495,00", "ETAPA ACTUAL": "DISEÑO", "INSTITUCIÓN FINANCIERA": "GOBIERNO REGIONAL - REGION IV COQUIMBO", "INSTITUCIÓN FORMULADORA": "MUNICIPALIDAD DE LA HIGUERA", "COSTO TOTAL [M$]": "5.495.460,00", "COMENTARIOS": false, "IMÁGENES": false, "X": "-29.5120043", "Y": "-71.2013117", "Origen de la Informacion": "Banco Integrado de Proyectos, BIP, del Ministerio de Desarrollo Social y Familia, Disponible en: https://bip.ministeriodesarrollosocial.gob.cl/bip2-consulta/app/parent-flow;jsessionid=BB76DB2740D03924B91F9616C39575F5?execution=e1s1 Ultima Consulta de los datos: Abril 2025", "Descripcion": "Inversion publica corresponde a las iniciativas de inversion publica (Estudio basico, programa o un proyecto de inversion publica.) que ingresaron al Banco Integrado de Proyectos del Ministerio De Desarrollo Social y Familia, entre los años 2014 y 2025" }, "geometry": { "type": "Point", "coordinates": [ -71.2013117, -29.5120043 ] } },
{ "type": "Feature", "properties": { "CÓDIGO BIP": 30109718, "DESCRIPCIÓN": "CONSTRUCCION INFRAESTRUCTURA DEPORTIVA EN LA LOCALIDAD DE LA HIGUERA Año y Etapa a Financiar: 2017-DISEÑO", "AÑO POSTULACIÓN": 2017, "TIPOLOGÍA": "PROYECTO", "SECTOR": "DEPORTES", "SUB SECTOR": "DEPORTE RECREATIVO", "FUENTE FINANCIERA": "F.N.D.R.", "RATE": "RS", "SOLICITADO AÑO": "5.958,00", "ETAPA ACTUAL": "DISEÑO", "INSTITUCIÓN FINANCIERA": "GOBIERNO REGIONAL - REGION IV COQUIMBO", "INSTITUCIÓN FORMULADORA": "MUNICIPALIDAD DE LA HIGUERA", "COSTO TOTAL [M$]": "32.624,00", "COMENTARIOS": false, "IMÁGENES": false, "X": "-29.5115546", "Y": "-71.2010869", "Origen de la Informacion": "Banco Integrado de Proyectos, BIP, del Ministerio de Desarrollo Social y Familia, Disponible en: https://bip.ministeriodesarrollosocial.gob.cl/bip2-consulta/app/parent-flow;jsessionid=BB76DB2740D03924B91F9616C39575F5?execution=e1s1 Ultima Consulta de los datos: Abril 2025", "Descripcion": "Inversion publica corresponde a las iniciativas de inversion publica (Estudio basico, programa o un proyecto de inversion publica.) que ingresaron al Banco Integrado de Proyectos del Ministerio De Desarrollo Social y Familia, entre los años 2014 y 2025" }, "geometry": { "type": "Point", "coordinates": [ -71.2010869, -29.5115546 ] } },
{ "type": "Feature", "properties": { "CÓDIGO BIP": 30342975, "DESCRIPCIÓN": "MEJORAMIENTO CBI RUTA D-110, SECTOR CRUCE RUTA 5 - LOS CHOROS Año y Etapa a Financiar: 2017-EJECUCION", "AÑO POSTULACIÓN": 2017, "TIPOLOGÍA": "PROYECTO", "SECTOR": "TRANSPORTE", "SUB SECTOR": "TRANSPORTE CAMINERO", "FUENTE FINANCIERA": "SECTORIAL", "RATE": "RS", "SOLICITADO AÑO": "1.601.691,00", "ETAPA ACTUAL": "EJECUCION", "INSTITUCIÓN FINANCIERA": "DIRECCION DE VIALIDAD", "INSTITUCIÓN FORMULADORA": "VIALIDAD MOP IV REGION DE COQUIMBO", "COSTO TOTAL [M$]": "2.535.788,00", "COMENTARIOS": false, "IMÁGENES": false, "X": "-29.3656642", "Y": "-71.1387730", "Origen de la Informacion": "Banco Integrado de Proyectos, BIP, del Ministerio de Desarrollo Social y Familia, Disponible en: https://bip.ministeriodesarrollosocial.gob.cl/bip2-consulta/app/parent-flow;jsessionid=BB76DB2740D03924B91F9616C39575F5?execution=e1s1 Ultima Consulta de los datos: Abril 2025", "Descripcion": "Inversion publica corresponde a las iniciativas de inversion publica (Estudio basico, programa o un proyecto de inversion publica.) que ingresaron al Banco Integrado de Proyectos del Ministerio De Desarrollo Social y Familia, entre los años 2014 y 2025" }, "geometry": { "type": "Point", "coordinates": [ -71.138773, -29.3656642 ] } },
{ "type": "Feature", "properties": { "CÓDIGO BIP": 30343935, "DESCRIPCIÓN": "MEJORAMIENTO CBI RUTA D-110,S:LOS CHOROS-PUNTA DE CHOROS,LA HIGUERA Año y Etapa a Financiar: 2017-EJECUCION", "AÑO POSTULACIÓN": 2017, "TIPOLOGÍA": "PROYECTO", "SECTOR": "TRANSPORTE", "SUB SECTOR": "TRANSPORTE CAMINERO", "FUENTE FINANCIERA": "SECTORIAL", "RATE": "RS", "SOLICITADO AÑO": "56.449,00", "ETAPA ACTUAL": "EJECUCION", "INSTITUCIÓN FINANCIERA": "DIRECCION DE VIALIDAD", "INSTITUCIÓN FORMULADORA": "VIALIDAD MOP IV REGION DE COQUIMBO", "COSTO TOTAL [M$]": "2.804.667,00", "COMENTARIOS": false, "IMÁGENES": false, "X": "-29.2506812", "Y": "-71.4277068", "Origen de la Informacion": "Banco Integrado de Proyectos, BIP, del Ministerio de Desarrollo Social y Familia, Disponible en: https://bip.ministeriodesarrollosocial.gob.cl/bip2-consulta/app/parent-flow;jsessionid=BB76DB2740D03924B91F9616C39575F5?execution=e1s1 Ultima Consulta de los datos: Abril 2025", "Descripcion": "Inversion publica corresponde a las iniciativas de inversion publica (Estudio basico, programa o un proyecto de inversion publica.) que ingresaron al Banco Integrado de Proyectos del Ministerio De Desarrollo Social y Familia, entre los años 2014 y 2025" }, "geometry": { "type": "Point", "coordinates": [ -71.4277068, -29.2506812 ] } },
{ "type": "Feature", "properties": { "CÓDIGO BIP": 20192798, "DESCRIPCIÓN": "REPOSICION CENTRO DE SALUD, LA HIGUERA. Año y Etapa a Financiar: 2016-EJECUCION", "AÑO POSTULACIÓN": 2016, "TIPOLOGÍA": "PROYECTO", "SECTOR": "SALUD", "SUB SECTOR": "BAJA COMPLEJIDAD", "FUENTE FINANCIERA": "F.N.D.R.", "RATE": "RS", "SOLICITADO AÑO": "1.225.222,00", "ETAPA ACTUAL": "EJECUCION", "INSTITUCIÓN FINANCIERA": "GOBIERNO REGIONAL - REGION IV COQUIMBO", "INSTITUCIÓN FORMULADORA": "MUNICIPALIDAD DE LA HIGUERA", "COSTO TOTAL [M$]": "2.878.320,00", "COMENTARIOS": false, "IMÁGENES": false, "X": "-29.50826357", "Y": "-71.19960145", "Origen de la Informacion": "Banco Integrado de Proyectos, BIP, del Ministerio de Desarrollo Social y Familia, Disponible en: https://bip.ministeriodesarrollosocial.gob.cl/bip2-consulta/app/parent-flow;jsessionid=BB76DB2740D03924B91F9616C39575F5?execution=e1s1 Ultima Consulta de los datos: Abril 2025", "Descripcion": "Inversion publica corresponde a las iniciativas de inversion publica (Estudio basico, programa o un proyecto de inversion publica.) que ingresaron al Banco Integrado de Proyectos del Ministerio De Desarrollo Social y Familia, entre los años 2014 y 2025" }, "geometry": { "type": "Point", "coordinates": [ -71.19960145, -29.50826357 ] } },
{ "type": "Feature", "properties": { "CÓDIGO BIP": 20192885, "DESCRIPCIÓN": "CONSTRUCCION SOLUCIONES SANITARIAS Y SIST. ALCANTAR, PUNTA DE CHOROS Año y Etapa a Financiar: 2016-EJECUCION", "AÑO POSTULACIÓN": 2016, "TIPOLOGÍA": "PROYECTO", "SECTOR": "VIVIENDA Y DESARROLLO URBANO", "SUB SECTOR": "SOLUCION HABITACIONAL PARCIAL O COMPLEMENTARIA", "FUENTE FINANCIERA": "F.N.D.R.", "RATE": "RS", "SOLICITADO AÑO": "1.003.707,00", "ETAPA ACTUAL": "EJECUCION", "INSTITUCIÓN FINANCIERA": "GOBIERNO REGIONAL - REGION IV COQUIMBO", "INSTITUCIÓN FORMULADORA": "MUNICIPALIDAD DE LA HIGUERA", "COSTO TOTAL [M$]": "1.231.001,00", "COMENTARIOS": false, "IMÁGENES": false, "X": "-29.2426044", "Y": "-71.4605795", "Origen de la Informacion": "Banco Integrado de Proyectos, BIP, del Ministerio de Desarrollo Social y Familia, Disponible en: https://bip.ministeriodesarrollosocial.gob.cl/bip2-consulta/app/parent-flow;jsessionid=BB76DB2740D03924B91F9616C39575F5?execution=e1s1 Ultima Consulta de los datos: Abril 2025", "Descripcion": "Inversion publica corresponde a las iniciativas de inversion publica (Estudio basico, programa o un proyecto de inversion publica.) que ingresaron al Banco Integrado de Proyectos del Ministerio De Desarrollo Social y Familia, entre los años 2014 y 2025" }, "geometry": { "type": "Point", "coordinates": [ -71.4605795, -29.2426044 ] } },
{ "type": "Feature", "properties": { "CÓDIGO BIP": 30036635, "DESCRIPCIÓN": "CONSTRUCCION POSTA SALUD RURAL CHUNGUNGO, COMUNA DE LA HIGUERA Año y Etapa a Financiar: 2016-EJECUCION", "AÑO POSTULACIÓN": 2016, "TIPOLOGÍA": "PROYECTO", "SECTOR": "SALUD", "SUB SECTOR": "BAJA COMPLEJIDAD", "FUENTE FINANCIERA": "F.N.D.R.", "RATE": "RS", "SOLICITADO AÑO": "191.784,00", "ETAPA ACTUAL": "EJECUCION", "INSTITUCIÓN FINANCIERA": "GOBIERNO REGIONAL - REGION IV COQUIMBO", "INSTITUCIÓN FORMULADORA": "MUNICIPALIDAD DE LA HIGUERA", "COSTO TOTAL [M$]": "460.686,00", "COMENTARIOS": false, "IMÁGENES": false, "X": "-29.4469797", "Y": "-71.2994773", "Origen de la Informacion": "Banco Integrado de Proyectos, BIP, del Ministerio de Desarrollo Social y Familia, Disponible en: https://bip.ministeriodesarrollosocial.gob.cl/bip2-consulta/app/parent-flow;jsessionid=BB76DB2740D03924B91F9616C39575F5?execution=e1s1 Ultima Consulta de los datos: Abril 2025", "Descripcion": "Inversion publica corresponde a las iniciativas de inversion publica (Estudio basico, programa o un proyecto de inversion publica.) que ingresaron al Banco Integrado de Proyectos del Ministerio De Desarrollo Social y Familia, entre los años 2014 y 2025" }, "geometry": { "type": "Point", "coordinates": [ -71.2994773, -29.4469797 ] } },
{ "type": "Feature", "properties": { "CÓDIGO BIP": 30046530, "DESCRIPCIÓN": "CONSTRUCCION CALETA PESQUERA TOTORALILLO NORTE, LA HIGUERA Año y Etapa a Financiar: 2016-EJECUCION", "AÑO POSTULACIÓN": 2016, "TIPOLOGÍA": "PROYECTO", "SECTOR": "PESCA", "SUB SECTOR": "PESCA ARTESANAL", "FUENTE FINANCIERA": "F.N.D.R.", "RATE": "RS", "SOLICITADO AÑO": "289.059,00", "ETAPA ACTUAL": "EJECUCION", "INSTITUCIÓN FINANCIERA": "GOBIERNO REGIONAL - REGION IV COQUIMBO", "INSTITUCIÓN FORMULADORA": "OBRAS PORTUARIAS MOP IV REGION DE COQUIMBO", "COSTO TOTAL [M$]": "805.927,00", "COMENTARIOS": false, "IMÁGENES": false, "X": "-29.490869", "Y": "-71.330183", "Origen de la Informacion": "Banco Integrado de Proyectos, BIP, del Ministerio de Desarrollo Social y Familia, Disponible en: https://bip.ministeriodesarrollosocial.gob.cl/bip2-consulta/app/parent-flow;jsessionid=BB76DB2740D03924B91F9616C39575F5?execution=e1s1 Ultima Consulta de los datos: Abril 2025", "Descripcion": "Inversion publica corresponde a las iniciativas de inversion publica (Estudio basico, programa o un proyecto de inversion publica.) que ingresaron al Banco Integrado de Proyectos del Ministerio De Desarrollo Social y Familia, entre los años 2014 y 2025" }, "geometry": { "type": "Point", "coordinates": [ -71.330183, -29.490869 ] } },
{ "type": "Feature", "properties": { "CÓDIGO BIP": 30071381, "DESCRIPCIÓN": "AMPLIACION MUELLE CALETA HORNOS, LA HIGUERA Año y Etapa a Financiar: 2016-EJECUCION", "AÑO POSTULACIÓN": 2016, "TIPOLOGÍA": "PROYECTO", "SECTOR": "PESCA", "SUB SECTOR": "PESCA ARTESANAL", "FUENTE FINANCIERA": "SECTORIAL", "RATE": "RS", "SOLICITADO AÑO": "657.610,00", "ETAPA ACTUAL": "EJECUCION", "INSTITUCIÓN FINANCIERA": "DIRECCION DE OBRAS PORTUARIAS", "INSTITUCIÓN FORMULADORA": "OBRAS PORTUARIAS MOP IV REGION DE COQUIMBO", "COSTO TOTAL [M$]": "4.380.514,00", "COMENTARIOS": false, "IMÁGENES": false, "X": "-29.6223529", "Y": "-71.2895329", "Origen de la Informacion": "Banco Integrado de Proyectos, BIP, del Ministerio de Desarrollo Social y Familia, Disponible en: https://bip.ministeriodesarrollosocial.gob.cl/bip2-consulta/app/parent-flow;jsessionid=BB76DB2740D03924B91F9616C39575F5?execution=e1s1 Ultima Consulta de los datos: Abril 2025", "Descripcion": "Inversion publica corresponde a las iniciativas de inversion publica (Estudio basico, programa o un proyecto de inversion publica.) que ingresaron al Banco Integrado de Proyectos del Ministerio De Desarrollo Social y Familia, entre los años 2014 y 2025" }, "geometry": { "type": "Point", "coordinates": [ -71.2895329, -29.6223529 ] } },
{ "type": "Feature", "properties": { "CÓDIGO BIP": 30081567, "DESCRIPCIÓN": "MEJORAMIENTO EMBARQUE-DESEMBARQUE DE PASAJEROS SECTOR PUNTA CHOROS Año y Etapa a Financiar: 2016-DISEÑO", "AÑO POSTULACIÓN": 2016, "TIPOLOGÍA": "PROYECTO", "SECTOR": "PESCA", "SUB SECTOR": "PESCA ARTESANAL", "FUENTE FINANCIERA": "F.N.D.R.", "RATE": "RS", "SOLICITADO AÑO": "40.001,00", "ETAPA ACTUAL": "DISEÑO", "INSTITUCIÓN FINANCIERA": "GOBIERNO REGIONAL - REGION IV COQUIMBO", "INSTITUCIÓN FORMULADORA": "OBRAS PORTUARIAS MOP IV REGION DE COQUIMBO", "COSTO TOTAL [M$]": "266.024,00", "COMENTARIOS": false, "IMÁGENES": false, "X": "-29.246731", "Y": "-71.468155", "Origen de la Informacion": "Banco Integrado de Proyectos, BIP, del Ministerio de Desarrollo Social y Familia, Disponible en: https://bip.ministeriodesarrollosocial.gob.cl/bip2-consulta/app/parent-flow;jsessionid=BB76DB2740D03924B91F9616C39575F5?execution=e1s1 Ultima Consulta de los datos: Abril 2025", "Descripcion": "Inversion publica corresponde a las iniciativas de inversion publica (Estudio basico, programa o un proyecto de inversion publica.) que ingresaron al Banco Integrado de Proyectos del Ministerio De Desarrollo Social y Familia, entre los años 2014 y 2025" }, "geometry": { "type": "Point", "coordinates": [ -71.468155, -29.246731 ] } },
{ "type": "Feature", "properties": { "CÓDIGO BIP": 30093411, "DESCRIPCIÓN": "MEJORAMIENTO ADUCCION SISTEMA APR CHUNGUNGO, LA HIGUERA Año y Etapa a Financiar: 2016-EJECUCION", "AÑO POSTULACIÓN": 2016, "TIPOLOGÍA": "PROYECTO", "SECTOR": "RECURSOS HIDRICOS", "SUB SECTOR": "AGUA POTABLE", "FUENTE FINANCIERA": "F.N.D.R.", "RATE": "RS", "SOLICITADO AÑO": "96.263,00", "ETAPA ACTUAL": "EJECUCION", "INSTITUCIÓN FINANCIERA": "GOBIERNO REGIONAL - REGION IV COQUIMBO", "INSTITUCIÓN FORMULADORA": "DIRECCION DE OBRAS HIDRAULICAS MOP IV REGION", "COSTO TOTAL [M$]": "489.787,00", "COMENTARIOS": false, "IMÁGENES": false, "X": "-29.4495639", "Y": "-71.3030290", "Origen de la Informacion": "Banco Integrado de Proyectos, BIP, del Ministerio de Desarrollo Social y Familia, Disponible en: https://bip.ministeriodesarrollosocial.gob.cl/bip2-consulta/app/parent-flow;jsessionid=BB76DB2740D03924B91F9616C39575F5?execution=e1s1 Ultima Consulta de los datos: Abril 2025", "Descripcion": "Inversion publica corresponde a las iniciativas de inversion publica (Estudio basico, programa o un proyecto de inversion publica.) que ingresaron al Banco Integrado de Proyectos del Ministerio De Desarrollo Social y Familia, entre los años 2014 y 2025" }, "geometry": { "type": "Point", "coordinates": [ -71.303029, -29.4495639 ] } },
{ "type": "Feature", "properties": { "CÓDIGO BIP": 30100128, "DESCRIPCIÓN": "CONSTRUCCION OBRAS DE URBANIZACION BASICA PUNTA COLORADA, LA HIGUERA Año y Etapa a Financiar: 2016-DISEÑO", "AÑO POSTULACIÓN": 2016, "TIPOLOGÍA": "PROYECTO", "SECTOR": "VIVIENDA Y DESARROLLO URBANO", "SUB SECTOR": "SOLUCION HABITACIONAL PARCIAL O COMPLEMENTARIA", "FUENTE FINANCIERA": "F.N.D.R.", "RATE": "RS", "SOLICITADO AÑO": "18.336,00", "ETAPA ACTUAL": "DISEÑO", "INSTITUCIÓN FINANCIERA": "GOBIERNO REGIONAL - REGION IV COQUIMBO", "INSTITUCIÓN FORMULADORA": "MUNICIPALIDAD DE LA HIGUERA", "COSTO TOTAL [M$]": "55.125,00", "COMENTARIOS": false, "IMÁGENES": false, "X": "-29.354571", "Y": "-71.016448", "Origen de la Informacion": "Banco Integrado de Proyectos, BIP, del Ministerio de Desarrollo Social y Familia, Disponible en: https://bip.ministeriodesarrollosocial.gob.cl/bip2-consulta/app/parent-flow;jsessionid=BB76DB2740D03924B91F9616C39575F5?execution=e1s1 Ultima Consulta de los datos: Abril 2025", "Descripcion": "Inversion publica corresponde a las iniciativas de inversion publica (Estudio basico, programa o un proyecto de inversion publica.) que ingresaron al Banco Integrado de Proyectos del Ministerio De Desarrollo Social y Familia, entre los años 2014 y 2025" }, "geometry": { "type": "Point", "coordinates": [ -71.016448, -29.354571 ] } },
{ "type": "Feature", "properties": { "CÓDIGO BIP": 30100137, "DESCRIPCIÓN": "CONSTRUCCION OBRAS DE URBANIZACIÓN BÁSICA LA HIGUERA Año y Etapa a Financiar: 2016-EJECUCION", "AÑO POSTULACIÓN": 2016, "TIPOLOGÍA": "PROYECTO", "SECTOR": "VIVIENDA Y DESARROLLO URBANO", "SUB SECTOR": "SOLUCION HABITACIONAL PARCIAL O COMPLEMENTARIA", "FUENTE FINANCIERA": "F.N.D.R.", "RATE": "RS", "SOLICITADO AÑO": "2.756.042,00", "ETAPA ACTUAL": "DISEÑO", "INSTITUCIÓN FINANCIERA": "GOBIERNO REGIONAL - REGION IV COQUIMBO", "INSTITUCIÓN FORMULADORA": "MUNICIPALIDAD DE LA HIGUERA", "COSTO TOTAL [M$]": "4.135.679,00", "COMENTARIOS": false, "IMÁGENES": false, "X": "-29.5112940", "Y": "-71.2021167", "Origen de la Informacion": "Banco Integrado de Proyectos, BIP, del Ministerio de Desarrollo Social y Familia, Disponible en: https://bip.ministeriodesarrollosocial.gob.cl/bip2-consulta/app/parent-flow;jsessionid=BB76DB2740D03924B91F9616C39575F5?execution=e1s1 Ultima Consulta de los datos: Abril 2025", "Descripcion": "Inversion publica corresponde a las iniciativas de inversion publica (Estudio basico, programa o un proyecto de inversion publica.) que ingresaron al Banco Integrado de Proyectos del Ministerio De Desarrollo Social y Familia, entre los años 2014 y 2025" }, "geometry": { "type": "Point", "coordinates": [ -71.2021167, -29.511294 ] } },
{ "type": "Feature", "properties": { "CÓDIGO BIP": 30109718, "DESCRIPCIÓN": "CONSTRUCCION INFRAESTRUCTURA DEPORTIVA EN LA LOCALIDAD DE LA HIGUERA Año y Etapa a Financiar: 2016-EJECUCION", "AÑO POSTULACIÓN": 2016, "TIPOLOGÍA": "PROYECTO", "SECTOR": "DEPORTES", "SUB SECTOR": "DEPORTE RECREATIVO", "FUENTE FINANCIERA": "F.N.D.R.", "RATE": "OT", "SOLICITADO AÑO": "355.129,00", "ETAPA ACTUAL": "DISEÑO", "INSTITUCIÓN FINANCIERA": "GOBIERNO REGIONAL - REGION IV COQUIMBO", "INSTITUCIÓN FORMULADORA": "MUNICIPALIDAD DE LA HIGUERA", "COSTO TOTAL [M$]": "1.107.224,00", "COMENTARIOS": false, "IMÁGENES": false, "X": "-29.5099665", "Y": "-71.2020310", "Origen de la Informacion": "Banco Integrado de Proyectos, BIP, del Ministerio de Desarrollo Social y Familia, Disponible en: https://bip.ministeriodesarrollosocial.gob.cl/bip2-consulta/app/parent-flow;jsessionid=BB76DB2740D03924B91F9616C39575F5?execution=e1s1 Ultima Consulta de los datos: Abril 2025", "Descripcion": "Inversion publica corresponde a las iniciativas de inversion publica (Estudio basico, programa o un proyecto de inversion publica.) que ingresaron al Banco Integrado de Proyectos del Ministerio De Desarrollo Social y Familia, entre los años 2014 y 2025" }, "geometry": { "type": "Point", "coordinates": [ -71.202031, -29.5099665 ] } },
{ "type": "Feature", "properties": { "CÓDIGO BIP": 30109718, "DESCRIPCIÓN": "CONSTRUCCION INFRAESTRUCTURA DEPORTIVA EN LA LOCALIDAD DE LA HIGUERA Año y Etapa a Financiar: 2016-DISEÑO", "AÑO POSTULACIÓN": 2016, "TIPOLOGÍA": "PROYECTO", "SECTOR": "DEPORTES", "SUB SECTOR": "DEPORTE RECREATIVO", "FUENTE FINANCIERA": "F.N.D.R.", "RATE": "RS", "SOLICITADO AÑO": "5.674,00", "ETAPA ACTUAL": "DISEÑO", "INSTITUCIÓN FINANCIERA": "GOBIERNO REGIONAL - REGION IV COQUIMBO", "INSTITUCIÓN FORMULADORA": "MUNICIPALIDAD DE LA HIGUERA", "COSTO TOTAL [M$]": "29.989,00", "COMENTARIOS": false, "IMÁGENES": false, "X": "-29.5100735", "Y": "-71.2017580", "Origen de la Informacion": "Banco Integrado de Proyectos, BIP, del Ministerio de Desarrollo Social y Familia, Disponible en: https://bip.ministeriodesarrollosocial.gob.cl/bip2-consulta/app/parent-flow;jsessionid=BB76DB2740D03924B91F9616C39575F5?execution=e1s1 Ultima Consulta de los datos: Abril 2025", "Descripcion": "Inversion publica corresponde a las iniciativas de inversion publica (Estudio basico, programa o un proyecto de inversion publica.) que ingresaron al Banco Integrado de Proyectos del Ministerio De Desarrollo Social y Familia, entre los años 2014 y 2025" }, "geometry": { "type": "Point", "coordinates": [ -71.201758, -29.5100735 ] } },
{ "type": "Feature", "properties": { "CÓDIGO BIP": 30110058, "DESCRIPCIÓN": "CONSTRUCCION PLAZA AVENIDA LA PAZ, LA HIGUERA, COMUNA DE LA HIGUERA. Año y Etapa a Financiar: 2016-EJECUCION", "AÑO POSTULACIÓN": 2016, "TIPOLOGÍA": "PROYECTO", "SECTOR": "MULTISECTORIAL", "SUB SECTOR": "DESARROLLO URBANO", "FUENTE FINANCIERA": "SECTORIAL", "RATE": "RS", "SOLICITADO AÑO": "663.145,00", "ETAPA ACTUAL": "EJECUCION", "INSTITUCIÓN FINANCIERA": "SERVICIO VIVIENDA Y URBANIZACION IV REGION", "INSTITUCIÓN FORMULADORA": "MUNICIPALIDAD DE LA HIGUERA", "COSTO TOTAL [M$]": "663.349,00", "COMENTARIOS": false, "IMÁGENES": false, "X": "-29.5115509", "Y": "-71.2012923", "Origen de la Informacion": "Banco Integrado de Proyectos, BIP, del Ministerio de Desarrollo Social y Familia, Disponible en: https://bip.ministeriodesarrollosocial.gob.cl/bip2-consulta/app/parent-flow;jsessionid=BB76DB2740D03924B91F9616C39575F5?execution=e1s1 Ultima Consulta de los datos: Abril 2025", "Descripcion": "Inversion publica corresponde a las iniciativas de inversion publica (Estudio basico, programa o un proyecto de inversion publica.) que ingresaron al Banco Integrado de Proyectos del Ministerio De Desarrollo Social y Familia, entre los años 2014 y 2025" }, "geometry": { "type": "Point", "coordinates": [ -71.2012923, -29.5115509 ] } },
{ "type": "Feature", "properties": { "CÓDIGO BIP": 30121129, "DESCRIPCIÓN": "CONSTRUCCION OBRAS PORTUARIAS PARA LA CALETA CHUNGUNGO Año y Etapa a Financiar: 2016-DISEÑO", "AÑO POSTULACIÓN": 2016, "TIPOLOGÍA": "PROYECTO", "SECTOR": "PESCA", "SUB SECTOR": "PESCA ARTESANAL", "FUENTE FINANCIERA": "SECTORIAL", "RATE": "RS", "SOLICITADO AÑO": "78.065,00", "ETAPA ACTUAL": "DISEÑO", "INSTITUCIÓN FINANCIERA": "DIRECCION DE OBRAS PORTUARIAS", "INSTITUCIÓN FORMULADORA": "OBRAS PORTUARIAS MOP IV REGION DE COQUIMBO", "COSTO TOTAL [M$]": "78.183,00", "COMENTARIOS": false, "IMÁGENES": false, "X": "-29.4509864", "Y": "-71.3091795", "Origen de la Informacion": "Banco Integrado de Proyectos, BIP, del Ministerio de Desarrollo Social y Familia, Disponible en: https://bip.ministeriodesarrollosocial.gob.cl/bip2-consulta/app/parent-flow;jsessionid=BB76DB2740D03924B91F9616C39575F5?execution=e1s1 Ultima Consulta de los datos: Abril 2025", "Descripcion": "Inversion publica corresponde a las iniciativas de inversion publica (Estudio basico, programa o un proyecto de inversion publica.) que ingresaron al Banco Integrado de Proyectos del Ministerio De Desarrollo Social y Familia, entre los años 2014 y 2025" }, "geometry": { "type": "Point", "coordinates": [ -71.3091795, -29.4509864 ] } },
{ "type": "Feature", "properties": { "CÓDIGO BIP": 20159752, "DESCRIPCIÓN": "REPOSICION JARDIN INFANTIL,  PUNTA COLORADA, LA HIGUERA Año y Etapa a Financiar: 2015-EJECUCION", "AÑO POSTULACIÓN": 2015, "TIPOLOGÍA": "PROYECTO", "SECTOR": "EDUCACION, CULTURA Y PATRIMONIO", "SUB SECTOR": "EDUCACION PREBASICA", "FUENTE FINANCIERA": "F.N.D.R.", "RATE": "RS", "SOLICITADO AÑO": "4.637,00", "ETAPA ACTUAL": "EJECUCION", "INSTITUCIÓN FINANCIERA": "GOBIERNO REGIONAL - REGION IV COQUIMBO", "INSTITUCIÓN FORMULADORA": "MUNICIPALIDAD DE LA HIGUERA", "COSTO TOTAL [M$]": "173.665,00", "COMENTARIOS": false, "IMÁGENES": false, "X": "-29.3528148", "Y": "-71.0171832", "Origen de la Informacion": "Banco Integrado de Proyectos, BIP, del Ministerio de Desarrollo Social y Familia, Disponible en: https://bip.ministeriodesarrollosocial.gob.cl/bip2-consulta/app/parent-flow;jsessionid=BB76DB2740D03924B91F9616C39575F5?execution=e1s1 Ultima Consulta de los datos: Abril 2025", "Descripcion": "Inversion publica corresponde a las iniciativas de inversion publica (Estudio basico, programa o un proyecto de inversion publica.) que ingresaron al Banco Integrado de Proyectos del Ministerio De Desarrollo Social y Familia, entre los años 2014 y 2025" }, "geometry": { "type": "Point", "coordinates": [ -71.0171832, -29.3528148 ] } },
{ "type": "Feature", "properties": { "CÓDIGO BIP": 20159757, "DESCRIPCIÓN": "REPOSICION JARDIN FAMILIAR, PUNTA DE CHOROS, LA HIGUERA Año y Etapa a Financiar: 2015-EJECUCION", "AÑO POSTULACIÓN": 2015, "TIPOLOGÍA": "PROYECTO", "SECTOR": "EDUCACION, CULTURA Y PATRIMONIO", "SUB SECTOR": "EDUCACION PREBASICA", "FUENTE FINANCIERA": "F.N.D.R.", "RATE": "RS", "SOLICITADO AÑO": "2.785,00", "ETAPA ACTUAL": "EJECUCION", "INSTITUCIÓN FINANCIERA": "GOBIERNO REGIONAL - REGION IV COQUIMBO", "INSTITUCIÓN FORMULADORA": "MUNICIPALIDAD DE LA HIGUERA", "COSTO TOTAL [M$]": "179.799,00", "COMENTARIOS": false, "IMÁGENES": false, "X": "-29.2458790", "Y": "-71.4609649", "Origen de la Informacion": "Banco Integrado de Proyectos, BIP, del Ministerio de Desarrollo Social y Familia, Disponible en: https://bip.ministeriodesarrollosocial.gob.cl/bip2-consulta/app/parent-flow;jsessionid=BB76DB2740D03924B91F9616C39575F5?execution=e1s1 Ultima Consulta de los datos: Abril 2025", "Descripcion": "Inversion publica corresponde a las iniciativas de inversion publica (Estudio basico, programa o un proyecto de inversion publica.) que ingresaron al Banco Integrado de Proyectos del Ministerio De Desarrollo Social y Familia, entre los años 2014 y 2025" }, "geometry": { "type": "Point", "coordinates": [ -71.4609649, -29.245879 ] } },
{ "type": "Feature", "properties": { "CÓDIGO BIP": 20192798, "DESCRIPCIÓN": "REPOSICION CENTRO DE SALUD, LA HIGUERA. Año y Etapa a Financiar: 2015-EJECUCION", "AÑO POSTULACIÓN": 2015, "TIPOLOGÍA": "PROYECTO", "SECTOR": "SALUD", "SUB SECTOR": "BAJA COMPLEJIDAD", "FUENTE FINANCIERA": "F.N.D.R.", "RATE": "RS", "SOLICITADO AÑO": "2.737.871,00", "ETAPA ACTUAL": "EJECUCION", "INSTITUCIÓN FINANCIERA": "GOBIERNO REGIONAL - REGION IV COQUIMBO", "INSTITUCIÓN FORMULADORA": "MUNICIPALIDAD DE LA HIGUERA", "COSTO TOTAL [M$]": "2.755.928,00", "COMENTARIOS": false, "IMÁGENES": false, "X": "-29.5116500", "Y": "-71.2007035", "Origen de la Informacion": "Banco Integrado de Proyectos, BIP, del Ministerio de Desarrollo Social y Familia, Disponible en: https://bip.ministeriodesarrollosocial.gob.cl/bip2-consulta/app/parent-flow;jsessionid=BB76DB2740D03924B91F9616C39575F5?execution=e1s1 Ultima Consulta de los datos: Abril 2025", "Descripcion": "Inversion publica corresponde a las iniciativas de inversion publica (Estudio basico, programa o un proyecto de inversion publica.) que ingresaron al Banco Integrado de Proyectos del Ministerio De Desarrollo Social y Familia, entre los años 2014 y 2025" }, "geometry": { "type": "Point", "coordinates": [ -71.2007035, -29.51165 ] } },
{ "type": "Feature", "properties": { "CÓDIGO BIP": 20192885, "DESCRIPCIÓN": "CONSTRUCCION SOLUCIONES SANITARIAS Y SIST. ALCANTAR, PUNTA DE CHOROS Año y Etapa a Financiar: 2015-EJECUCION", "AÑO POSTULACIÓN": 2015, "TIPOLOGÍA": "PROYECTO", "SECTOR": "VIVIENDA Y DESARROLLO URBANO", "SUB SECTOR": "SOLUCION HABITACIONAL PARCIAL O COMPLEMENTARIA", "FUENTE FINANCIERA": "F.N.D.R.", "RATE": "RS", "SOLICITADO AÑO": "952.841,00", "ETAPA ACTUAL": "EJECUCION", "INSTITUCIÓN FINANCIERA": "GOBIERNO REGIONAL - REGION IV COQUIMBO", "INSTITUCIÓN FORMULADORA": "MUNICIPALIDAD DE LA HIGUERA", "COSTO TOTAL [M$]": "1.195.041,00", "COMENTARIOS": false, "IMÁGENES": false, "X": "-29.2425977", "Y": "-71.4606156", "Origen de la Informacion": "Banco Integrado de Proyectos, BIP, del Ministerio de Desarrollo Social y Familia, Disponible en: https://bip.ministeriodesarrollosocial.gob.cl/bip2-consulta/app/parent-flow;jsessionid=BB76DB2740D03924B91F9616C39575F5?execution=e1s1 Ultima Consulta de los datos: Abril 2025", "Descripcion": "Inversion publica corresponde a las iniciativas de inversion publica (Estudio basico, programa o un proyecto de inversion publica.) que ingresaron al Banco Integrado de Proyectos del Ministerio De Desarrollo Social y Familia, entre los años 2014 y 2025" }, "geometry": { "type": "Point", "coordinates": [ -71.4606156, -29.2425977 ] } },
{ "type": "Feature", "properties": { "CÓDIGO BIP": 30036635, "DESCRIPCIÓN": "CONSTRUCCION POSTA SALUD RURAL CHUNGUNGO, COMUNA DE LA HIGUERA Año y Etapa a Financiar: 2015-EJECUCION", "AÑO POSTULACIÓN": 2015, "TIPOLOGÍA": "PROYECTO", "SECTOR": "SALUD", "SUB SECTOR": "BAJA COMPLEJIDAD", "FUENTE FINANCIERA": "F.N.D.R.", "RATE": "RS", "SOLICITADO AÑO": "155.028,00", "ETAPA ACTUAL": "EJECUCION", "INSTITUCIÓN FINANCIERA": "GOBIERNO REGIONAL - REGION IV COQUIMBO", "INSTITUCIÓN FORMULADORA": "MUNICIPALIDAD DE LA HIGUERA", "COSTO TOTAL [M$]": "441.249,00", "COMENTARIOS": false, "IMÁGENES": false, "X": "-29.4471858", "Y": "-71.2992552", "Origen de la Informacion": "Banco Integrado de Proyectos, BIP, del Ministerio de Desarrollo Social y Familia, Disponible en: https://bip.ministeriodesarrollosocial.gob.cl/bip2-consulta/app/parent-flow;jsessionid=BB76DB2740D03924B91F9616C39575F5?execution=e1s1 Ultima Consulta de los datos: Abril 2025", "Descripcion": "Inversion publica corresponde a las iniciativas de inversion publica (Estudio basico, programa o un proyecto de inversion publica.) que ingresaron al Banco Integrado de Proyectos del Ministerio De Desarrollo Social y Familia, entre los años 2014 y 2025" }, "geometry": { "type": "Point", "coordinates": [ -71.2992552, -29.4471858 ] } },
{ "type": "Feature", "properties": { "CÓDIGO BIP": 30046530, "DESCRIPCIÓN": "CONSTRUCCION CALETA PESQUERA TOTORALILLO NORTE, LA HIGUERA Año y Etapa a Financiar: 2015-EJECUCION", "AÑO POSTULACIÓN": 2015, "TIPOLOGÍA": "PROYECTO", "SECTOR": "PESCA", "SUB SECTOR": "PESCA ARTESANAL", "FUENTE FINANCIERA": "F.N.D.R.", "RATE": "RS", "SOLICITADO AÑO": "279.373,00", "ETAPA ACTUAL": "EJECUCION", "INSTITUCIÓN FINANCIERA": "GOBIERNO REGIONAL - REGION IV COQUIMBO", "INSTITUCIÓN FORMULADORA": "OBRAS PORTUARIAS MOP IV REGION DE COQUIMBO", "COSTO TOTAL [M$]": "773.509,00", "COMENTARIOS": false, "IMÁGENES": false, "X": "-29.490965", "Y": "-71.330130", "Origen de la Informacion": "Banco Integrado de Proyectos, BIP, del Ministerio de Desarrollo Social y Familia, Disponible en: https://bip.ministeriodesarrollosocial.gob.cl/bip2-consulta/app/parent-flow;jsessionid=BB76DB2740D03924B91F9616C39575F5?execution=e1s1 Ultima Consulta de los datos: Abril 2025", "Descripcion": "Inversion publica corresponde a las iniciativas de inversion publica (Estudio basico, programa o un proyecto de inversion publica.) que ingresaron al Banco Integrado de Proyectos del Ministerio De Desarrollo Social y Familia, entre los años 2014 y 2025" }, "geometry": { "type": "Point", "coordinates": [ -71.33013, -29.490965 ] } },
{ "type": "Feature", "properties": { "CÓDIGO BIP": 30046718, "DESCRIPCIÓN": "REPOSICION JARDIN INFANTIL CAPULLITO, LA HIGUERA Año y Etapa a Financiar: 2015-EJECUCION", "AÑO POSTULACIÓN": 2015, "TIPOLOGÍA": "PROYECTO", "SECTOR": "EDUCACION, CULTURA Y PATRIMONIO", "SUB SECTOR": "EDUCACION PREBASICA", "FUENTE FINANCIERA": "F.N.D.R.", "RATE": "RS", "SOLICITADO AÑO": "2.371,00", "ETAPA ACTUAL": "EJECUCION", "INSTITUCIÓN FINANCIERA": "GOBIERNO REGIONAL - REGION IV COQUIMBO", "INSTITUCIÓN FORMULADORA": "MUNICIPALIDAD DE LA HIGUERA", "COSTO TOTAL [M$]": "405.022,00", "COMENTARIOS": false, "IMÁGENES": false, "X": "-29.5111736", "Y": "-71.2020390", "Origen de la Informacion": "Banco Integrado de Proyectos, BIP, del Ministerio de Desarrollo Social y Familia, Disponible en: https://bip.ministeriodesarrollosocial.gob.cl/bip2-consulta/app/parent-flow;jsessionid=BB76DB2740D03924B91F9616C39575F5?execution=e1s1 Ultima Consulta de los datos: Abril 2025", "Descripcion": "Inversion publica corresponde a las iniciativas de inversion publica (Estudio basico, programa o un proyecto de inversion publica.) que ingresaron al Banco Integrado de Proyectos del Ministerio De Desarrollo Social y Familia, entre los años 2014 y 2025" }, "geometry": { "type": "Point", "coordinates": [ -71.202039, -29.5111736 ] } },
{ "type": "Feature", "properties": { "CÓDIGO BIP": 30071381, "DESCRIPCIÓN": "AMPLIACION MUELLE CALETA HORNOS, LA HIGUERA Año y Etapa a Financiar: 2015-EJECUCION", "AÑO POSTULACIÓN": 2015, "TIPOLOGÍA": "PROYECTO", "SECTOR": "PESCA", "SUB SECTOR": "PESCA ARTESANAL", "FUENTE FINANCIERA": "SECTORIAL", "RATE": "RS", "SOLICITADO AÑO": "2.948.858,00", "ETAPA ACTUAL": "EJECUCION", "INSTITUCIÓN FINANCIERA": "DIRECCION DE OBRAS PORTUARIAS", "INSTITUCIÓN FORMULADORA": "OBRAS PORTUARIAS MOP IV REGION DE COQUIMBO", "COSTO TOTAL [M$]": "3.255.666,00", "COMENTARIOS": false, "IMÁGENES": false, "X": "-29.6223529", "Y": "-71.2895329", "Origen de la Informacion": "Banco Integrado de Proyectos, BIP, del Ministerio de Desarrollo Social y Familia, Disponible en: https://bip.ministeriodesarrollosocial.gob.cl/bip2-consulta/app/parent-flow;jsessionid=BB76DB2740D03924B91F9616C39575F5?execution=e1s1 Ultima Consulta de los datos: Abril 2025", "Descripcion": "Inversion publica corresponde a las iniciativas de inversion publica (Estudio basico, programa o un proyecto de inversion publica.) que ingresaron al Banco Integrado de Proyectos del Ministerio De Desarrollo Social y Familia, entre los años 2014 y 2025" }, "geometry": { "type": "Point", "coordinates": [ -71.2895329, -29.6223529 ] } },
{ "type": "Feature", "properties": { "CÓDIGO BIP": 30081567, "DESCRIPCIÓN": "MEJORAMIENTO EMBARQUE-DESEMBARQUE DE PASAJEROS SECTOR PUNTA CHOROS Año y Etapa a Financiar: 2015-DISEÑO", "AÑO POSTULACIÓN": 2015, "TIPOLOGÍA": "PROYECTO", "SECTOR": "PESCA", "SUB SECTOR": "PESCA ARTESANAL", "FUENTE FINANCIERA": "F.N.D.R.", "RATE": "RS", "SOLICITADO AÑO": "41.511,00", "ETAPA ACTUAL": "DISEÑO", "INSTITUCIÓN FINANCIERA": "GOBIERNO REGIONAL - REGION IV COQUIMBO", "INSTITUCIÓN FORMULADORA": "OBRAS PORTUARIAS MOP IV REGION DE COQUIMBO", "COSTO TOTAL [M$]": "178.703,00", "COMENTARIOS": false, "IMÁGENES": false, "X": "-29.2465107", "Y": "-71.4681834", "Origen de la Informacion": "Banco Integrado de Proyectos, BIP, del Ministerio de Desarrollo Social y Familia, Disponible en: https://bip.ministeriodesarrollosocial.gob.cl/bip2-consulta/app/parent-flow;jsessionid=BB76DB2740D03924B91F9616C39575F5?execution=e1s1 Ultima Consulta de los datos: Abril 2025", "Descripcion": "Inversion publica corresponde a las iniciativas de inversion publica (Estudio basico, programa o un proyecto de inversion publica.) que ingresaron al Banco Integrado de Proyectos del Ministerio De Desarrollo Social y Familia, entre los años 2014 y 2025" }, "geometry": { "type": "Point", "coordinates": [ -71.4681834, -29.2465107 ] } },
{ "type": "Feature", "properties": { "CÓDIGO BIP": 30093411, "DESCRIPCIÓN": "MEJORAMIENTO ADUCCION SISTEMA APR CHUNGUNGO, LA HIGUERA Año y Etapa a Financiar: 2015-EJECUCION", "AÑO POSTULACIÓN": 2015, "TIPOLOGÍA": "PROYECTO", "SECTOR": "RECURSOS HIDRICOS", "SUB SECTOR": "AGUA POTABLE", "FUENTE FINANCIERA": "F.N.D.R.", "RATE": "RS", "SOLICITADO AÑO": "5.000,00", "ETAPA ACTUAL": "EJECUCION", "INSTITUCIÓN FINANCIERA": "GOBIERNO REGIONAL - REGION IV COQUIMBO", "INSTITUCIÓN FORMULADORA": "DIRECCION DE OBRAS HIDRAULICAS MOP IV REGION", "COSTO TOTAL [M$]": "381.216,00", "COMENTARIOS": false, "IMÁGENES": false, "X": "-29.4495331", "Y": "-71.3031695", "Origen de la Informacion": "Banco Integrado de Proyectos, BIP, del Ministerio de Desarrollo Social y Familia, Disponible en: https://bip.ministeriodesarrollosocial.gob.cl/bip2-consulta/app/parent-flow;jsessionid=BB76DB2740D03924B91F9616C39575F5?execution=e1s1 Ultima Consulta de los datos: Abril 2025", "Descripcion": "Inversion publica corresponde a las iniciativas de inversion publica (Estudio basico, programa o un proyecto de inversion publica.) que ingresaron al Banco Integrado de Proyectos del Ministerio De Desarrollo Social y Familia, entre los años 2014 y 2025" }, "geometry": { "type": "Point", "coordinates": [ -71.3031695, -29.4495331 ] } },
{ "type": "Feature", "properties": { "CÓDIGO BIP": 30100128, "DESCRIPCIÓN": "CONSTRUCCION OBRAS DE URBANIZACION BASICA PUNTA COLORADA, LA HIGUERA Año y Etapa a Financiar: 2015-DISEÑO", "AÑO POSTULACIÓN": 2015, "TIPOLOGÍA": "PROYECTO", "SECTOR": "VIVIENDA Y DESARROLLO URBANO", "SUB SECTOR": "SOLUCION HABITACIONAL PARCIAL O COMPLEMENTARIA", "FUENTE FINANCIERA": "F.N.D.R.", "RATE": "RS", "SOLICITADO AÑO": "18.337,00", "ETAPA ACTUAL": "DISEÑO", "INSTITUCIÓN FINANCIERA": "GOBIERNO REGIONAL - REGION IV COQUIMBO", "INSTITUCIÓN FORMULADORA": "MUNICIPALIDAD DE LA HIGUERA", "COSTO TOTAL [M$]": "53.508,00", "COMENTARIOS": false, "IMÁGENES": false, "X": "-29.353446", "Y": "-71.017451", "Origen de la Informacion": "Banco Integrado de Proyectos, BIP, del Ministerio de Desarrollo Social y Familia, Disponible en: https://bip.ministeriodesarrollosocial.gob.cl/bip2-consulta/app/parent-flow;jsessionid=BB76DB2740D03924B91F9616C39575F5?execution=e1s1 Ultima Consulta de los datos: Abril 2025", "Descripcion": "Inversion publica corresponde a las iniciativas de inversion publica (Estudio basico, programa o un proyecto de inversion publica.) que ingresaron al Banco Integrado de Proyectos del Ministerio De Desarrollo Social y Familia, entre los años 2014 y 2025" }, "geometry": { "type": "Point", "coordinates": [ -71.017451, -29.353446 ] } },
{ "type": "Feature", "properties": { "CÓDIGO BIP": 30100137, "DESCRIPCIÓN": "CONSTRUCCION OBRAS DE URBANIZACIÓN BÁSICA LA HIGUERA Año y Etapa a Financiar: 2015-EJECUCION", "AÑO POSTULACIÓN": 2015, "TIPOLOGÍA": "PROYECTO", "SECTOR": "VIVIENDA Y DESARROLLO URBANO", "SUB SECTOR": "SOLUCION HABITACIONAL PARCIAL O COMPLEMENTARIA", "FUENTE FINANCIERA": "F.N.D.R.", "RATE": "RS", "SOLICITADO AÑO": "2.634.828,00", "ETAPA ACTUAL": "DISEÑO", "INSTITUCIÓN FINANCIERA": "GOBIERNO REGIONAL - REGION IV COQUIMBO", "INSTITUCIÓN FORMULADORA": "MUNICIPALIDAD DE LA HIGUERA", "COSTO TOTAL [M$]": "3.953.787,00", "COMENTARIOS": false, "IMÁGENES": false, "X": "-29.5120247", "Y": "-71.2013003", "Origen de la Informacion": "Banco Integrado de Proyectos, BIP, del Ministerio de Desarrollo Social y Familia, Disponible en: https://bip.ministeriodesarrollosocial.gob.cl/bip2-consulta/app/parent-flow;jsessionid=BB76DB2740D03924B91F9616C39575F5?execution=e1s1 Ultima Consulta de los datos: Abril 2025", "Descripcion": "Inversion publica corresponde a las iniciativas de inversion publica (Estudio basico, programa o un proyecto de inversion publica.) que ingresaron al Banco Integrado de Proyectos del Ministerio De Desarrollo Social y Familia, entre los años 2014 y 2025" }, "geometry": { "type": "Point", "coordinates": [ -71.2013003, -29.5120247 ] } },
{ "type": "Feature", "properties": { "CÓDIGO BIP": 30109718, "DESCRIPCIÓN": "CONSTRUCCION INFRAESTRUCTURA DEPORTIVA EN LA LOCALIDAD DE LA HIGUERA Año y Etapa a Financiar: 2015-DISEÑO", "AÑO POSTULACIÓN": 2015, "TIPOLOGÍA": "PROYECTO", "SECTOR": "DEPORTES", "SUB SECTOR": "DEPORTE RECREATIVO", "FUENTE FINANCIERA": "F.N.D.R.", "RATE": "RS", "SOLICITADO AÑO": "22.810,00", "ETAPA ACTUAL": "DISEÑO", "INSTITUCIÓN FINANCIERA": "GOBIERNO REGIONAL - REGION IV COQUIMBO", "INSTITUCIÓN FORMULADORA": "MUNICIPALIDAD DE LA HIGUERA", "COSTO TOTAL [M$]": "32.495,00", "COMENTARIOS": false, "IMÁGENES": false, "X": "-29.5101164", "Y": "-71.2022344", "Origen de la Informacion": "Banco Integrado de Proyectos, BIP, del Ministerio de Desarrollo Social y Familia, Disponible en: https://bip.ministeriodesarrollosocial.gob.cl/bip2-consulta/app/parent-flow;jsessionid=BB76DB2740D03924B91F9616C39575F5?execution=e1s1 Ultima Consulta de los datos: Abril 2025", "Descripcion": "Inversion publica corresponde a las iniciativas de inversion publica (Estudio basico, programa o un proyecto de inversion publica.) que ingresaron al Banco Integrado de Proyectos del Ministerio De Desarrollo Social y Familia, entre los años 2014 y 2025" }, "geometry": { "type": "Point", "coordinates": [ -71.2022344, -29.5101164 ] } },
{ "type": "Feature", "properties": { "CÓDIGO BIP": 30110058, "DESCRIPCIÓN": "CONSTRUCCION PLAZA AVENIDA LA PAZ, LA HIGUERA, COMUNA DE LA HIGUERA. Año y Etapa a Financiar: 2015-EJECUCION", "AÑO POSTULACIÓN": 2015, "TIPOLOGÍA": "PROYECTO", "SECTOR": "MULTISECTORIAL", "SUB SECTOR": "DESARROLLO URBANO", "FUENTE FINANCIERA": "MUNICIPAL - SECTORIAL", "RATE": "RS", "SOLICITADO AÑO": "102.904,00", "ETAPA ACTUAL": "EJECUCION", "INSTITUCIÓN FINANCIERA": "MUNICIPALIDAD DE LA HIGUERA - SERVICIO VIVIENDA Y URBANIZACION IV REGION", "INSTITUCIÓN FORMULADORA": "MUNICIPALIDAD DE LA HIGUERA", "COSTO TOTAL [M$]": "635.480,00", "COMENTARIOS": false, "IMÁGENES": false, "X": "-29.5117169", "Y": "-71.2014261", "Origen de la Informacion": "Banco Integrado de Proyectos, BIP, del Ministerio de Desarrollo Social y Familia, Disponible en: https://bip.ministeriodesarrollosocial.gob.cl/bip2-consulta/app/parent-flow;jsessionid=BB76DB2740D03924B91F9616C39575F5?execution=e1s1 Ultima Consulta de los datos: Abril 2025", "Descripcion": "Inversion publica corresponde a las iniciativas de inversion publica (Estudio basico, programa o un proyecto de inversion publica.) que ingresaron al Banco Integrado de Proyectos del Ministerio De Desarrollo Social y Familia, entre los años 2014 y 2025" }, "geometry": { "type": "Point", "coordinates": [ -71.2014261, -29.5117169 ] } },
{ "type": "Feature", "properties": { "CÓDIGO BIP": 30121129, "DESCRIPCIÓN": "CONSTRUCCION OBRAS PORTUARIAS PARA LA CALETA CHUNGUNGO Año y Etapa a Financiar: 2015-DISEÑO", "AÑO POSTULACIÓN": 2015, "TIPOLOGÍA": "PROYECTO", "SECTOR": "PESCA", "SUB SECTOR": "PESCA ARTESANAL", "FUENTE FINANCIERA": "SECTORIAL", "RATE": "RS", "SOLICITADO AÑO": "119,00", "ETAPA ACTUAL": "DISEÑO", "INSTITUCIÓN FINANCIERA": "DIRECCION DE OBRAS PORTUARIAS", "INSTITUCIÓN FORMULADORA": "OBRAS PORTUARIAS MOP IV REGION DE COQUIMBO", "COSTO TOTAL [M$]": "96.213,00", "COMENTARIOS": false, "IMÁGENES": false, "X": "-29.450818", "Y": "-71.315088", "Origen de la Informacion": "Banco Integrado de Proyectos, BIP, del Ministerio de Desarrollo Social y Familia, Disponible en: https://bip.ministeriodesarrollosocial.gob.cl/bip2-consulta/app/parent-flow;jsessionid=BB76DB2740D03924B91F9616C39575F5?execution=e1s1 Ultima Consulta de los datos: Abril 2025", "Descripcion": "Inversion publica corresponde a las iniciativas de inversion publica (Estudio basico, programa o un proyecto de inversion publica.) que ingresaron al Banco Integrado de Proyectos del Ministerio De Desarrollo Social y Familia, entre los años 2014 y 2025" }, "geometry": { "type": "Point", "coordinates": [ -71.315088, -29.450818 ] } }
]
}
