{
"type": "FeatureCollection",
"name": "inversiones_geo_cgr",
"crs": { "type": "name", "properties": { "name": "urn:ogc:def:crs:OGC:1.3:CRS84" } },
"features": [
{ "type": "Feature", "properties": { "fid": 1, "CODPROYECTO": "100186", "TREGION": "REGION DE COQUIMBO, REGION DE COQUIMBO, REGION DE COQUIMBO, REGION DE COQUIMBO, REGION DE COQUIMBO", "TCOMUNA": "ILLAPEL, LA HIGUERA, LA SERENA, OVALLE, SALAMANCA", "DESCRIPCION": "Remoción, mantención y colocación de señalización vertical; demarcación líneas, achurados y leyendas;  Segregación de flujos peatonales y vehículares; pistas de detención para transportes escolares, paradas de locomoción colectiva;Resaltos reductores", "CCLASIFICACION": "23", "CLASIFICACION": "Transporte terrestre", "CODIGO_BIP": "30466161-0", "ID_MERCADO_PUB": "5261-13-LQ17", "CODIGO_INI": "No Existe Registro", "MONTO_CONTRATADO": "276763368", "MONTO_CONTRATADO_MP": "276763368", "MONTO_VIGENTE": "276763368", "F_ADJUDICACION": "2017-10-19 00:00:00.0", "F_TRAZON": "2017-10-19 00:00:00.0", "FECHA_INI": "2017-08-21 00:00:00.0", "FECHA_FIN": "2018-01-18 00:00:00.0", "URL_ACTA": "http://www.mercadopublico.cl/Procurement/Modules/RFB/StepsProcessAward/PreviewAwardAct.aspx?qs=ucuPUZ4kfGczl7goUntS7L005kNQhMCFmnrMjljwCss=", "SERV_MAND": "DIRECCION REGIONAL DE VIALIDAD DE COQUIMBO", "SERV_CONTR": "DIRECCION REGIONAL DE VIALIDAD DE COQUIMBO", "TIPO_FIN": "Presupuesto propio", "PROC_CONTRATACION": "PU", "X_EXPE": "97190", "RUT_CONTRATIS": "99537890-6", "NOMBRE_CONTRATIS": "empresa apia", "CREADOPOR": "GEOCGR", "X": "-71.3688033829999", "Y": "-30.61751874", "Descripcion_1": "Los datos expuestos corresponden a la iniciativa GEO-CGR de la contraloria general de la republica, el cual busca disponer informacion de las obras públicas que se están construyendo, o que ya se construyeron en tu comuna durante el último tiempo. De cada obra, podrás obtener su ubicación, valor de la inversión, qué servicio público está a cargo de ella, qué empresa es responsable de su construcción, los plazos en que se inicia y termina la obra, entre otros detalles importantes. El Portal GEO-CGR posee toda la información que periódicamente registran y actualizan las distintas entidades (Ministerios, Servicios Públicos, Municipalidades, entre otras) sobre las obras públicas a nivel nacional, correspondientes a licitaciones públicas y privadas (selección de propuestas realizadas por distintos interesados). Durante este periodo, no se encuentran disponibles las obras contratadas por procedimiento de trato directo antes del año 2018 (aquellos que, por su naturaleza especial, emergencia, urgencia, imprevisto, entre otros, implican contratar directamente con un proveedor) y las concesiones.", "Origen Data": "Portal GEO-CGR de la Contraloría General de la República, Disponible en https://www.contraloria.cl/opencgrapp/geocgr/acerca . Ultima consulta de los datos: Abril 2025", "Titulo": "Cons. Seguridad Vial Zona de Escuela. IV Región" }, "geometry": { "type": "Point", "coordinates": [ -71.3688033829999, -30.61751874 ] } },
{ "type": "Feature", "properties": { "fid": 2, "CODPROYECTO": "137685", "TREGION": "REGION DE COQUIMBO, REGION DE COQUIMBO, REGION DE COQUIMBO, REGION DE COQUIMBO, REGION DE COQUIMBO, REGION DE COQUIMBO", "TCOMUNA": "ANDACOLLO, COQUIMBO, LA HIGUERA, LA SERENA, PAIHUANO, VICUÑA", "DESCRIPCION": "Conservación permanente de la red vial mediante operaciones de tipo rutinarias y Períodicas; y de parte de la red Pavimentada en la modalidad de Nivel de servicio", "CCLASIFICACION": "23", "CLASIFICACION": "Transporte terrestre", "CODIGO_BIP": "40030673-0", "ID_MERCADO_PUB": "5261-10-O122", "CODIGO_INI": "No Existe Registro", "MONTO_CONTRATADO": "7538992753", "MONTO_CONTRATADO_MP": "7538992753", "MONTO_VIGENTE": "7692374884", "F_ADJUDICACION": "2023-04-03 00:00:00.0", "F_TRAZON": "2023-04-03 00:00:00.0", "FECHA_INI": "2023-05-03 08:39:31.0", "FECHA_FIN": "2027-04-12 00:00:00.0", "URL_ACTA": "http://www.mercadopublico.cl/Procurement/Modules/RFB/StepsProcessAward/PreviewAwardAct.aspx?qs=Mh/Mb8IqJBPrNHOyAga4SiAnxvY3j2ptgm2HhcO9ZoA=", "SERV_MAND": "DIRECCION REGIONAL DE VIALIDAD DE COQUIMBO", "SERV_CONTR": "DIRECCION REGIONAL DE VIALIDAD DE COQUIMBO", "TIPO_FIN": "Presupuesto propio", "PROC_CONTRATACION": "PU", "X_EXPE": "125629", "RUT_CONTRATIS": "84060600-7", "NOMBRE_CONTRATIS": "Empresa Constructora de Pavimentos Asfálticos BITUMIX S.A.", "CREADOPOR": "GEOCGR", "X": "-71.338204286", "Y": "-29.9539823169999", "Descripcion_1": "Los datos expuestos corresponden a la iniciativa GEO-CGR de la contraloria general de la republica, el cual busca disponer informacion de las obras públicas que se están construyendo, o que ya se construyeron en tu comuna durante el último tiempo. De cada obra, podrás obtener su ubicación, valor de la inversión, qué servicio público está a cargo de ella, qué empresa es responsable de su construcción, los plazos en que se inicia y termina la obra, entre otros detalles importantes. El Portal GEO-CGR posee toda la información que periódicamente registran y actualizan las distintas entidades (Ministerios, Servicios Públicos, Municipalidades, entre otras) sobre las obras públicas a nivel nacional, correspondientes a licitaciones públicas y privadas (selección de propuestas realizadas por distintos interesados). Durante este periodo, no se encuentran disponibles las obras contratadas por procedimiento de trato directo antes del año 2018 (aquellos que, por su naturaleza especial, emergencia, urgencia, imprevisto, entre otros, implican contratar directamente con un proveedor) y las concesiones.", "Origen Data": "Portal GEO-CGR de la Contraloría General de la República, Disponible en https://www.contraloria.cl/opencgrapp/geocgr/acerca . Ultima consulta de los datos: Abril 2025", "Titulo": "Global mixto Elqui, rural, IV" }, "geometry": { "type": "Point", "coordinates": [ -71.338204286, -29.953982316999902 ] } },
{ "type": "Feature", "properties": { "fid": 3, "CODPROYECTO": "89413", "TREGION": "REGION DE COQUIMBO", "TCOMUNA": "LA HIGUERA", "DESCRIPCION": "Comprende la construcción de una Posta de Salud para dar atención a 300 habitantes. Considera 2 box clínico multiproposito, box gineco-obstétrico, box procedimientos, box trabajo clínico grupal ,SOME general y archivo activo botiquín, baño acceso universal, baño público y personal, sala de espera y educación grupal, recinto de aseo, recinto residuos sólidos despacho de alimentos, bodega de insumos", "CCLASIFICACION": "26", "CLASIFICACION": "Salud y sanidad", "CODIGO_BIP": "30036635-0", "ID_MERCADO_PUB": "3748-23-LP15", "CODIGO_INI": "No Existe Registro", "MONTO_CONTRATADO": "345164123", "MONTO_CONTRATADO_MP": "345164123", "MONTO_VIGENTE": "345164123", "F_ADJUDICACION": "2016-01-18 00:00:00.0", "F_TRAZON": "2016-01-18 00:00:00.0", "FECHA_INI": "2016-01-16 00:00:00.0", "FECHA_FIN": "2016-10-21 00:00:00.0", "URL_ACTA": "http://www.mercadopublico.cl/Procurement/Modules/RFB/StepsProcessAward/PreviewAwardAct.aspx?qs=lWLGq552fYYRPcjAebM8/v+WInoI/BOt+yWClErb49k=", "SERV_MAND": "GOBIERNO REGIONAL DEL LIBERTADOR BERNARDO OHIGGINS", "SERV_CONTR": "MUNICIPALIDAD DE LA HIGUERA", "TIPO_FIN": "Presupuesto otro(s) organismo público", "PROC_CONTRATACION": "PU", "X_EXPE": "87724", "RUT_CONTRATIS": "76373360-2", "NOMBRE_CONTRATIS": "INMOBILIARIA LAS PALOMAS LIMITADA", "CREADOPOR": "GEOCGR", "X": "-71.2990593910217", "Y": "-29.4499869712777", "Descripcion_1": "Los datos expuestos corresponden a la iniciativa GEO-CGR de la contraloria general de la republica, el cual busca disponer informacion de las obras públicas que se están construyendo, o que ya se construyeron en tu comuna durante el último tiempo. De cada obra, podrás obtener su ubicación, valor de la inversión, qué servicio público está a cargo de ella, qué empresa es responsable de su construcción, los plazos en que se inicia y termina la obra, entre otros detalles importantes. El Portal GEO-CGR posee toda la información que periódicamente registran y actualizan las distintas entidades (Ministerios, Servicios Públicos, Municipalidades, entre otras) sobre las obras públicas a nivel nacional, correspondientes a licitaciones públicas y privadas (selección de propuestas realizadas por distintos interesados). Durante este periodo, no se encuentran disponibles las obras contratadas por procedimiento de trato directo antes del año 2018 (aquellos que, por su naturaleza especial, emergencia, urgencia, imprevisto, entre otros, implican contratar directamente con un proveedor) y las concesiones.", "Origen Data": "Portal GEO-CGR de la Contraloría General de la República, Disponible en https://www.contraloria.cl/opencgrapp/geocgr/acerca . Ultima consulta de los datos: Abril 2025", "Titulo": "CONSTRUCCIÓN POSTA DE SALUD RURAL, CHUNGUNGO" }, "geometry": { "type": "Point", "coordinates": [ -71.2990593910217, -29.449986971277699 ] } },
{ "type": "Feature", "properties": { "fid": 4, "CODPROYECTO": "127948", "TREGION": "REGION DE COQUIMBO", "TCOMUNA": "LA HIGUERA", "DESCRIPCION": "Construir una  sala - taller en el colegio Pedro Pablo Muñoz de La Higuera  de acuerdo a lo estipulado en esta licitación pública", "CCLASIFICACION": "27", "CLASIFICACION": "Educación y cultura", "CODIGO_BIP": "No Existe Registro", "ID_MERCADO_PUB": "3749-16-LE21", "CODIGO_INI": "No Existe Registro", "MONTO_CONTRATADO": "31863325", "MONTO_CONTRATADO_MP": "31863325", "MONTO_VIGENTE": "31863325", "F_ADJUDICACION": "2021-11-11 00:00:00.0", "F_TRAZON": "2021-11-11 00:00:00.0", "FECHA_INI": "2021-11-22 01:44:21.0", "FECHA_FIN": "2022-01-22 01:44:21.0", "URL_ACTA": "http://www.mercadopublico.cl/Procurement/Modules/RFB/StepsProcessAward/PreviewAwardAct.aspx?qs=nnbneHItbcGndT/KErFyiLHm3YIIicLhOS2GHbCizkI=", "SERV_MAND": "MUNICIPALIDAD DE LA HIGUERA", "SERV_CONTR": "MUNICIPALIDAD DE LA HIGUERA", "TIPO_FIN": "Presupuesto otro(s) organismo público", "PROC_CONTRATACION": "PU", "X_EXPE": "118093", "RUT_CONTRATIS": "76926039-0", "NOMBRE_CONTRATIS": "DEMART SPA", "CREADOPOR": "GEOCGR", "X": "-71.2029933929444", "Y": "-29.5109518838266", "Descripcion_1": "Los datos expuestos corresponden a la iniciativa GEO-CGR de la contraloria general de la republica, el cual busca disponer informacion de las obras públicas que se están construyendo, o que ya se construyeron en tu comuna durante el último tiempo. De cada obra, podrás obtener su ubicación, valor de la inversión, qué servicio público está a cargo de ella, qué empresa es responsable de su construcción, los plazos en que se inicia y termina la obra, entre otros detalles importantes. El Portal GEO-CGR posee toda la información que periódicamente registran y actualizan las distintas entidades (Ministerios, Servicios Públicos, Municipalidades, entre otras) sobre las obras públicas a nivel nacional, correspondientes a licitaciones públicas y privadas (selección de propuestas realizadas por distintos interesados). Durante este periodo, no se encuentran disponibles las obras contratadas por procedimiento de trato directo antes del año 2018 (aquellos que, por su naturaleza especial, emergencia, urgencia, imprevisto, entre otros, implican contratar directamente con un proveedor) y las concesiones.", "Origen Data": "Portal GEO-CGR de la Contraloría General de la República, Disponible en https://www.contraloria.cl/opencgrapp/geocgr/acerca . Ultima consulta de los datos: Abril 2025", "Titulo": "Construcción sala taller colegio Pedro Pablo Muño" }, "geometry": { "type": "Point", "coordinates": [ -71.202993392944407, -29.5109518838266 ] } },
{ "type": "Feature", "properties": { "fid": 5, "CODPROYECTO": "86909", "TREGION": "REGION DE COQUIMBO", "TCOMUNA": "LA HIGUERA", "DESCRIPCION": "Comprende la delimitación de borde y limites; ésto con muros de hormigón de baja altura, que recorren el frente y bordes del área verde; además de la construcción de senderos peatonales con peldaños de hormigón y adocretos en colores, sombreaderos de madera, iluminación ornamental para plazas, juego infantil, mobiliario urbano para plazas.", "CCLASIFICACION": "28", "CLASIFICACION": "Areas verdes; esparcimiento y equipamiento vario urbano y rural", "CODIGO_BIP": "00000000-0", "ID_MERCADO_PUB": "3748-18-LE15", "CODIGO_INI": "41041201300", "MONTO_CONTRATADO": "33613445", "MONTO_CONTRATADO_MP": "33613445", "MONTO_VIGENTE": "33613445", "F_ADJUDICACION": "2015-09-29 00:00:00.0", "F_TRAZON": "2015-09-29 00:00:00.0", "FECHA_INI": "2015-10-14 00:00:00.0", "FECHA_FIN": "2015-12-12 00:00:00.0", "URL_ACTA": "http://www.mercadopublico.cl/Procurement/Modules/RFB/StepsProcessAward/PreviewAwardAct.aspx?qs=02vofNmjMzMrmjrDNMZ+CPboAxNSQ4Pe5uWk1E4gQ4E=", "SERV_MAND": "MUNICIPALIDAD DE LA HIGUERA", "SERV_CONTR": "MUNICIPALIDAD DE LA HIGUERA", "TIPO_FIN": "Presupuesto propio", "PROC_CONTRATACION": "PU", "X_EXPE": "85751", "RUT_CONTRATIS": "12425197-4", "NOMBRE_CONTRATIS": "MAURICIO ALEJANDRO LEDEZMA GALLARDO", "CREADOPOR": "GEOCGR", "X": "-71.2007135152817", "Y": "-29.5137108982694", "Descripcion_1": "Los datos expuestos corresponden a la iniciativa GEO-CGR de la contraloria general de la republica, el cual busca disponer informacion de las obras públicas que se están construyendo, o que ya se construyeron en tu comuna durante el último tiempo. De cada obra, podrás obtener su ubicación, valor de la inversión, qué servicio público está a cargo de ella, qué empresa es responsable de su construcción, los plazos en que se inicia y termina la obra, entre otros detalles importantes. El Portal GEO-CGR posee toda la información que periódicamente registran y actualizan las distintas entidades (Ministerios, Servicios Públicos, Municipalidades, entre otras) sobre las obras públicas a nivel nacional, correspondientes a licitaciones públicas y privadas (selección de propuestas realizadas por distintos interesados). Durante este periodo, no se encuentran disponibles las obras contratadas por procedimiento de trato directo antes del año 2018 (aquellos que, por su naturaleza especial, emergencia, urgencia, imprevisto, entre otros, implican contratar directamente con un proveedor) y las concesiones.", "Origen Data": "Portal GEO-CGR de la Contraloría General de la República, Disponible en https://www.contraloria.cl/opencgrapp/geocgr/acerca . Ultima consulta de los datos: Abril 2025", "Titulo": "CONSTRUCCIÓN CENTRO COMUNITARIO LA PIRCA" }, "geometry": { "type": "Point", "coordinates": [ -71.200713515281706, -29.513710898269402 ] } },
{ "type": "Feature", "properties": { "fid": 6, "CODPROYECTO": "108552", "TREGION": "REGION DE COQUIMBO", "TCOMUNA": "LA HIGUERA", "DESCRIPCION": "La Licitación comprende en términos generales cambio de artefactos sanitarios, recambio de sistema de descargas de los inodoros, cambio de cerámicos, cambios de tabiquerías divisoras en baño de profesores, baños internado del pabellón de hombres, también se remodelará los baños del internado de mujeres transformándolos en camarines. Además, se realizará el replanteo de la cubierta.", "CCLASIFICACION": "27", "CLASIFICACION": "Educación y cultura", "CODIGO_BIP": "No Existe Registro", "ID_MERCADO_PUB": "3748-24-LE18", "CODIGO_INI": "41042200001", "MONTO_CONTRATADO": "18965659", "MONTO_CONTRATADO_MP": "18965659", "MONTO_VIGENTE": "18965659", "F_ADJUDICACION": "2018-12-20 00:00:00.0", "F_TRAZON": "2018-12-20 00:00:00.0", "FECHA_INI": "2019-01-02 00:00:00.0", "FECHA_FIN": "2019-03-02 00:00:00.0", "URL_ACTA": "No Existe Registro", "SERV_MAND": "MUNICIPALIDAD DE LA HIGUERA", "SERV_CONTR": "MUNICIPALIDAD DE LA HIGUERA", "TIPO_FIN": "Presupuesto propio", "PROC_CONTRATACION": "PU", "X_EXPE": "103847", "RUT_CONTRATIS": "12425197-4", "NOMBRE_CONTRATIS": "MAURICIO ALEJANDRO LEDEZMA GALLARDO", "CREADOPOR": "GEOCGR", "X": "-71.1166730204949", "Y": "-29.37301222545", "Descripcion_1": "Los datos expuestos corresponden a la iniciativa GEO-CGR de la contraloria general de la republica, el cual busca disponer informacion de las obras públicas que se están construyendo, o que ya se construyeron en tu comuna durante el último tiempo. De cada obra, podrás obtener su ubicación, valor de la inversión, qué servicio público está a cargo de ella, qué empresa es responsable de su construcción, los plazos en que se inicia y termina la obra, entre otros detalles importantes. El Portal GEO-CGR posee toda la información que periódicamente registran y actualizan las distintas entidades (Ministerios, Servicios Públicos, Municipalidades, entre otras) sobre las obras públicas a nivel nacional, correspondientes a licitaciones públicas y privadas (selección de propuestas realizadas por distintos interesados). Durante este periodo, no se encuentran disponibles las obras contratadas por procedimiento de trato directo antes del año 2018 (aquellos que, por su naturaleza especial, emergencia, urgencia, imprevisto, entre otros, implican contratar directamente con un proveedor) y las concesiones.", "Origen Data": "Portal GEO-CGR de la Contraloría General de la República, Disponible en https://www.contraloria.cl/opencgrapp/geocgr/acerca . Ultima consulta de los datos: Abril 2025", "Titulo": "REMODELACIÓN ESCUELA JOSÉ SANTOS OSSA EL TRAPICHE" }, "geometry": { "type": "Point", "coordinates": [ -71.1166730204949, -29.373012225450001 ] } },
{ "type": "Feature", "properties": { "fid": 7, "CODPROYECTO": "116915", "TREGION": "REGION DE COQUIMBO", "TCOMUNA": "LA HIGUERA", "DESCRIPCION": "En cumplimiento de sus obligaciones, la Municipalidad de La Higuera, como entidad responsable del servicio de alumbrado público de la comuna, requiere contar con un servicio técnico profesional responsable en el área de mantenimiento, reparación yo construcción de alumbrado público con el fin de mantener en óptimas condiciones el alumbrado de la Comuna. Para el cumplimiento del objetivo descrito, invita a los proveedores de Mercado Público interesados en la suscripción de un Convenio de Prestación de Servicios para la mantención, reparación yo construcción del alumbrado público en calles y pasajes, espacios comunitarios y recintos municipales en la comuna de La Higuera.", "CCLASIFICACION": "28", "CLASIFICACION": "Areas verdes; esparcimiento y equipamiento vario urbano y rural", "CODIGO_BIP": "No Existe Registro", "ID_MERCADO_PUB": "3748-5-LE20", "CODIGO_INI": "41041200040", "MONTO_CONTRATADO": "8403361", "MONTO_CONTRATADO_MP": "8403361", "MONTO_VIGENTE": "8403361", "F_ADJUDICACION": "2020-04-22 00:00:00.0", "F_TRAZON": "2020-04-22 00:00:00.0", "FECHA_INI": "2020-05-01 00:00:00.0", "FECHA_FIN": "2021-01-31 00:00:00.0", "URL_ACTA": "No Existe Registro", "SERV_MAND": "MUNICIPALIDAD DE LA HIGUERA", "SERV_CONTR": "MUNICIPALIDAD DE LA HIGUERA", "TIPO_FIN": "Presupuesto propio", "PROC_CONTRATACION": "PU", "X_EXPE": "110313", "RUT_CONTRATIS": "76787907-5", "NOMBRE_CONTRATIS": "DIMATEL SPA", "CREADOPOR": "GEOCGR", "X": "-71.2015466139074", "Y": "-29.5116362226691", "Descripcion_1": "Los datos expuestos corresponden a la iniciativa GEO-CGR de la contraloria general de la republica, el cual busca disponer informacion de las obras públicas que se están construyendo, o que ya se construyeron en tu comuna durante el último tiempo. De cada obra, podrás obtener su ubicación, valor de la inversión, qué servicio público está a cargo de ella, qué empresa es responsable de su construcción, los plazos en que se inicia y termina la obra, entre otros detalles importantes. El Portal GEO-CGR posee toda la información que periódicamente registran y actualizan las distintas entidades (Ministerios, Servicios Públicos, Municipalidades, entre otras) sobre las obras públicas a nivel nacional, correspondientes a licitaciones públicas y privadas (selección de propuestas realizadas por distintos interesados). Durante este periodo, no se encuentran disponibles las obras contratadas por procedimiento de trato directo antes del año 2018 (aquellos que, por su naturaleza especial, emergencia, urgencia, imprevisto, entre otros, implican contratar directamente con un proveedor) y las concesiones.", "Origen Data": "Portal GEO-CGR de la Contraloría General de la República, Disponible en https://www.contraloria.cl/opencgrapp/geocgr/acerca . Ultima consulta de los datos: Abril 2025", "Titulo": "PRESTACIÓN SERVICIOS MANTENCIÓN ALUMBRADO PÚBLICO" }, "geometry": { "type": "Point", "coordinates": [ -71.201546613907396, -29.5116362226691 ] } },
{ "type": "Feature", "properties": { "fid": 8, "CODPROYECTO": "92269", "TREGION": "REGION DE COQUIMBO", "TCOMUNA": "LA HIGUERA", "DESCRIPCION": "La Licitación comprende la creación de un nuevo espacio, que considera la reposición completa del comedor de la Sede del Club Deportivo Unión Chile de La Higuera, en donde se ejecutará una construcción a escala adecuada a la comunidad. Para esto se construirá un edificio en base a albañilería reforzada de ladrillos y algunas divisiones interiores de tabiquería de madera. El recinto contará con un gran espacio de actividades, una cocina y servicios higiénicos adecuados a las exigencias de la agrupación. Para la estructura de techumbre utilizarán vigas de maderas tratadas y para la cubierta se utilizará zinc ondulado. Para dar solución a la evacuación de los artefactos sanitarios de cocina y baños, se construirá un sistema particular de evacuación de aguas servidas, el cual estará ubicado detrás de la edificación y en el terreno más apto para realizar la excavación y posterior ejecución de las cámaras, fosa y pozo absorbente respectivos. Para lograr una mejor conexión entre la edificación y el patio posterior se construirá una escalera de mampostería en piedra con baranda metálica.", "CCLASIFICACION": "28", "CLASIFICACION": "Areas verdes; esparcimiento y equipamiento vario urbano y rural", "CODIGO_BIP": "00000000-0", "ID_MERCADO_PUB": "3748-7-LP16", "CODIGO_INI": "41041201490", "MONTO_CONTRATADO": "50420168", "MONTO_CONTRATADO_MP": "50420168", "MONTO_VIGENTE": "50420168", "F_ADJUDICACION": "2016-06-30 00:00:00.0", "F_TRAZON": "2016-06-30 00:00:00.0", "FECHA_INI": "2016-07-15 00:00:00.0", "FECHA_FIN": "2016-11-11 00:00:00.0", "URL_ACTA": "http://www.mercadopublico.cl/Procurement/Modules/RFB/StepsProcessAward/PreviewAwardAct.aspx?qs=L3XaIcgKy0mDkBaEwSAOE+mMPBixNzq8gmyuM9J3gww=", "SERV_MAND": "MUNICIPALIDAD DE LA HIGUERA", "SERV_CONTR": "MUNICIPALIDAD DE LA HIGUERA", "TIPO_FIN": "Presupuesto propio", "PROC_CONTRATACION": "PU", "X_EXPE": "90213", "RUT_CONTRATIS": "12425197-4", "NOMBRE_CONTRATIS": "MAURICIO ALEJANDRO LEDEZMA GALLARDO", "CREADOPOR": "GEOCGR", "X": "-71.2030953168869", "Y": "-29.5131670375834", "Descripcion_1": "Los datos expuestos corresponden a la iniciativa GEO-CGR de la contraloria general de la republica, el cual busca disponer informacion de las obras públicas que se están construyendo, o que ya se construyeron en tu comuna durante el último tiempo. De cada obra, podrás obtener su ubicación, valor de la inversión, qué servicio público está a cargo de ella, qué empresa es responsable de su construcción, los plazos en que se inicia y termina la obra, entre otros detalles importantes. El Portal GEO-CGR posee toda la información que periódicamente registran y actualizan las distintas entidades (Ministerios, Servicios Públicos, Municipalidades, entre otras) sobre las obras públicas a nivel nacional, correspondientes a licitaciones públicas y privadas (selección de propuestas realizadas por distintos interesados). Durante este periodo, no se encuentran disponibles las obras contratadas por procedimiento de trato directo antes del año 2018 (aquellos que, por su naturaleza especial, emergencia, urgencia, imprevisto, entre otros, implican contratar directamente con un proveedor) y las concesiones.", "Origen Data": "Portal GEO-CGR de la Contraloría General de la República, Disponible en https://www.contraloria.cl/opencgrapp/geocgr/acerca . Ultima consulta de los datos: Abril 2025", "Titulo": "CONSTRUCCIÓN COCINA Y OBRAS ANEXAS CD UNIÓN CHILE" }, "geometry": { "type": "Point", "coordinates": [ -71.203095316886902, -29.513167037583401 ] } },
{ "type": "Feature", "properties": { "fid": 9, "CODPROYECTO": "104532", "TREGION": "REGION DE COQUIMBO", "TCOMUNA": "LA HIGUERA", "DESCRIPCION": "La Licitación comprende la construcción de obras complementarias que surgen de la recepción provisoria del proyecto “Construcción Sanitarias y Sistema de Alcantarillado, Punta de Choros” y que tienen por objetivo mejorar las condiciones de higiene y seguridad de trabajo del personal que opera el sistema. Al respecto, se considera la construcción de una caseta de baño y ducha de limpieza para el operador de la Planta de Elevación de Aguas Servidas y la construcción de una extensión de matriz con el arranque de agua potable para alimentar estas instalaciones. En la Planta de Tratamiento de Aguas Servidas se instalarán pasarelas con barandas de seguridad de estructura metálica y se dejará regularizada la matriz y arranque de agua potable que alimenta la planta. Por último, se sellarán las cámaras públicas y uniones domiciliarias.", "CCLASIFICACION": "26", "CLASIFICACION": "Salud y sanidad", "CODIGO_BIP": "20192885-0", "ID_MERCADO_PUB": "3748-9-LE18", "CODIGO_INI": "41041220001", "MONTO_CONTRATADO": "38637895", "MONTO_CONTRATADO_MP": "38637895", "MONTO_VIGENTE": "38637895", "F_ADJUDICACION": "2018-06-07 00:00:00.0", "F_TRAZON": "2018-06-07 00:00:00.0", "FECHA_INI": "2018-06-27 00:00:00.0", "FECHA_FIN": "2018-09-27 00:00:00.0", "URL_ACTA": "http://www.mercadopublico.cl/Procurement/Modules/RFB/StepsProcessAward/PreviewAwardAct.aspx?qs=/XrGo5k1Icw1HvdQWuUZy+ys0vlIBMAJ22gNjpVysw8=", "SERV_MAND": "GOBIERNO REGIONAL DE COQUIMBO", "SERV_CONTR": "MUNICIPALIDAD DE LA HIGUERA", "TIPO_FIN": "Presupuesto otro(s) organismo público", "PROC_CONTRATACION": "PU", "X_EXPE": "100811", "RUT_CONTRATIS": "8013171-2", "NOMBRE_CONTRATIS": "Sergio", "CREADOPOR": "GEOCGR", "X": "-71.453264951706", "Y": "-29.2414354101273", "Descripcion_1": "Los datos expuestos corresponden a la iniciativa GEO-CGR de la contraloria general de la republica, el cual busca disponer informacion de las obras públicas que se están construyendo, o que ya se construyeron en tu comuna durante el último tiempo. De cada obra, podrás obtener su ubicación, valor de la inversión, qué servicio público está a cargo de ella, qué empresa es responsable de su construcción, los plazos en que se inicia y termina la obra, entre otros detalles importantes. El Portal GEO-CGR posee toda la información que periódicamente registran y actualizan las distintas entidades (Ministerios, Servicios Públicos, Municipalidades, entre otras) sobre las obras públicas a nivel nacional, correspondientes a licitaciones públicas y privadas (selección de propuestas realizadas por distintos interesados). Durante este periodo, no se encuentran disponibles las obras contratadas por procedimiento de trato directo antes del año 2018 (aquellos que, por su naturaleza especial, emergencia, urgencia, imprevisto, entre otros, implican contratar directamente con un proveedor) y las concesiones.", "Origen Data": "Portal GEO-CGR de la Contraloría General de la República, Disponible en https://www.contraloria.cl/opencgrapp/geocgr/acerca . Ultima consulta de los datos: Abril 2025", "Titulo": "CONSTRUCCIÓN OBRAS PTAS Y PEAS PUNTA DE CHOROS" }, "geometry": { "type": "Point", "coordinates": [ -71.453264951706004, -29.241435410127298 ] } },
{ "type": "Feature", "properties": { "fid": 10, "CODPROYECTO": "113951", "TREGION": "REGION DE COQUIMBO", "TCOMUNA": "LA HIGUERA", "DESCRIPCION": "Intervención del sector, a través obras de conservación, mantención y  protección adecuada para mejorar la operación de la Caleta.", "CCLASIFICACION": "24", "CLASIFICACION": "Portuarias y aeroportuarias", "CODIGO_BIP": "30464311-0", "ID_MERCADO_PUB": "1265-13-O119", "CODIGO_INI": "No Existe Registro", "MONTO_CONTRATADO": "230179828", "MONTO_CONTRATADO_MP": "230179828", "MONTO_VIGENTE": "245380124", "F_ADJUDICACION": "2019-09-16 00:00:00.0", "F_TRAZON": "2019-09-16 00:00:00.0", "FECHA_INI": "2019-09-30 00:00:00.0", "FECHA_FIN": "2020-01-28 00:00:00.0", "URL_ACTA": "No Existe Registro", "SERV_MAND": "DIRECCION REGIONAL DE OBRAS PORTUARIAS DE COQUIMBO", "SERV_CONTR": "DIRECCION REGIONAL DE OBRAS PORTUARIAS DE COQUIMBO", "TIPO_FIN": "Presupuesto propio", "PROC_CONTRATACION": "PU", "X_EXPE": "108036", "RUT_CONTRATIS": "77274400-5", "NOMBRE_CONTRATIS": "Constructora Río Maule Ltda.", "CREADOPOR": "GEOCGR", "X": "-71.327319444", "Y": "-29.492161111", "Descripcion_1": "Los datos expuestos corresponden a la iniciativa GEO-CGR de la contraloria general de la republica, el cual busca disponer informacion de las obras públicas que se están construyendo, o que ya se construyeron en tu comuna durante el último tiempo. De cada obra, podrás obtener su ubicación, valor de la inversión, qué servicio público está a cargo de ella, qué empresa es responsable de su construcción, los plazos en que se inicia y termina la obra, entre otros detalles importantes. El Portal GEO-CGR posee toda la información que periódicamente registran y actualizan las distintas entidades (Ministerios, Servicios Públicos, Municipalidades, entre otras) sobre las obras públicas a nivel nacional, correspondientes a licitaciones públicas y privadas (selección de propuestas realizadas por distintos interesados). Durante este periodo, no se encuentran disponibles las obras contratadas por procedimiento de trato directo antes del año 2018 (aquellos que, por su naturaleza especial, emergencia, urgencia, imprevisto, entre otros, implican contratar directamente con un proveedor) y las concesiones.", "Origen Data": "Portal GEO-CGR de la Contraloría General de la República, Disponible en https://www.contraloria.cl/opencgrapp/geocgr/acerca . Ultima consulta de los datos: Abril 2025", "Titulo": "Conservación Caleta Totoralillo Norte" }, "geometry": { "type": "Point", "coordinates": [ -71.327319444, -29.492161111 ] } },
{ "type": "Feature", "properties": { "fid": 11, "CODPROYECTO": "145451", "TREGION": "REGION DE COQUIMBO", "TCOMUNA": "LA HIGUERA", "DESCRIPCION": "En términos generales, se considera la construcción de 29 resaltos en total para las localidades de La Higuera 10 resaltos, Caleta los Hornos 10 resaltos y El Trapiche 9 resaltos. Los resaltos se consultan de materialidad de asfalto, los cuales serán pintados con pintura termoplástica, además de las demarcaciones necesarias en el pavimento para su correcta apreciación. Se deberá proveer de las señaléticas necesarias, de acuerdo a lo indicado en planos, especificaciones técnicas y conforme a lo indicado en el Manual de Carreteras.", "CCLASIFICACION": "25", "CLASIFICACION": "Edificaciones públicas", "CODIGO_BIP": "No Existe Registro", "ID_MERCADO_PUB": "3748-4-LQ24", "CODIGO_INI": "41045202171", "MONTO_CONTRATADO": "85405740", "MONTO_CONTRATADO_MP": "85405740", "MONTO_VIGENTE": "85405740", "F_ADJUDICACION": "2024-05-13 00:00:00.0", "F_TRAZON": "2024-05-13 00:00:00.0", "FECHA_INI": "2024-06-03 05:36:08.0", "FECHA_FIN": "2024-06-28 05:36:08.0", "URL_ACTA": "http://www.mercadopublico.cl/Procurement/Modules/RFB/StepsProcessAward/PreviewAwardAct.aspx?qs=oSWh7A37GNnvtpg0MAFpmfpQt5ok4G6G9AOVtEGuqQc=", "SERV_MAND": "SUBSECRETARIA DE DESARROLLO REGIONAL Y ADMINISTRATIVO - UNIDAD REGIONAL DE COQUIMBO", "SERV_CONTR": "MUNICIPALIDAD DE LA HIGUERA", "TIPO_FIN": "Presupuesto otro(s) organismo público", "PROC_CONTRATACION": "PU", "X_EXPE": "131878", "RUT_CONTRATIS": "12009274-k", "NOMBRE_CONTRATIS": "JUAN CARLOS MUNOZ SAEZ", "CREADOPOR": "GEOCGR", "X": "-71.2808820605278", "Y": "-29.6266526072912", "Descripcion_1": "Los datos expuestos corresponden a la iniciativa GEO-CGR de la contraloria general de la republica, el cual busca disponer informacion de las obras públicas que se están construyendo, o que ya se construyeron en tu comuna durante el último tiempo. De cada obra, podrás obtener su ubicación, valor de la inversión, qué servicio público está a cargo de ella, qué empresa es responsable de su construcción, los plazos en que se inicia y termina la obra, entre otros detalles importantes. El Portal GEO-CGR posee toda la información que periódicamente registran y actualizan las distintas entidades (Ministerios, Servicios Públicos, Municipalidades, entre otras) sobre las obras públicas a nivel nacional, correspondientes a licitaciones públicas y privadas (selección de propuestas realizadas por distintos interesados). Durante este periodo, no se encuentran disponibles las obras contratadas por procedimiento de trato directo antes del año 2018 (aquellos que, por su naturaleza especial, emergencia, urgencia, imprevisto, entre otros, implican contratar directamente con un proveedor) y las concesiones.", "Origen Data": "Portal GEO-CGR de la Contraloría General de la República, Disponible en https://www.contraloria.cl/opencgrapp/geocgr/acerca . Ultima consulta de los datos: Abril 2025", "Titulo": "CONSTRUCCIÓN REDUCTORES DE VELOCIDAD Y SEÑALÉTICAS" }, "geometry": { "type": "Point", "coordinates": [ -71.280882060527802, -29.626652607291199 ] } },
{ "type": "Feature", "properties": { "fid": 12, "CODPROYECTO": "101174", "TREGION": "REGION DE COQUIMBO", "TCOMUNA": "LA HIGUERA", "DESCRIPCION": "Pavimentación TSD calzada de 7 metros de ancho; bermas de 0.5 m y SAP 0.5m. Colocación de soleras en accesos, demarcación de pavimento, colocación de señales, tachas reflectantes y barreras metálicas laterales.", "CCLASIFICACION": "23", "CLASIFICACION": "Transporte terrestre", "CODIGO_BIP": "30343935-0", "ID_MERCADO_PUB": "5261-10-LR17", "CODIGO_INI": "No Existe Registro", "MONTO_CONTRATADO": "1878817948", "MONTO_CONTRATADO_MP": "1878817949", "MONTO_VIGENTE": "1887846737", "F_ADJUDICACION": "2017-11-28 00:00:00.0", "F_TRAZON": "2017-11-28 00:00:00.0", "FECHA_INI": "2017-10-16 00:00:00.0", "FECHA_FIN": "2018-12-10 00:00:00.0", "URL_ACTA": "http://www.mercadopublico.cl/Procurement/Modules/RFB/StepsProcessAward/PreviewAwardAct.aspx?qs=cldXKBR4ynYoYdemSRQL0QPvscuI1f7W+fEfBEUIZgA=", "SERV_MAND": "DIRECCION REGIONAL DE VIALIDAD DE COQUIMBO", "SERV_CONTR": "DIRECCION REGIONAL DE VIALIDAD DE COQUIMBO", "TIPO_FIN": "Presupuesto propio", "PROC_CONTRATACION": "PU", "X_EXPE": "98065", "RUT_CONTRATIS": "89831600-9", "NOMBRE_CONTRATIS": "MELENDEZ LTDA.", "CREADOPOR": "GEOCGR", "X": "-71.314021496", "Y": "-29.2883295619999", "Descripcion_1": "Los datos expuestos corresponden a la iniciativa GEO-CGR de la contraloria general de la republica, el cual busca disponer informacion de las obras públicas que se están construyendo, o que ya se construyeron en tu comuna durante el último tiempo. De cada obra, podrás obtener su ubicación, valor de la inversión, qué servicio público está a cargo de ella, qué empresa es responsable de su construcción, los plazos en que se inicia y termina la obra, entre otros detalles importantes. El Portal GEO-CGR posee toda la información que periódicamente registran y actualizan las distintas entidades (Ministerios, Servicios Públicos, Municipalidades, entre otras) sobre las obras públicas a nivel nacional, correspondientes a licitaciones públicas y privadas (selección de propuestas realizadas por distintos interesados). Durante este periodo, no se encuentran disponibles las obras contratadas por procedimiento de trato directo antes del año 2018 (aquellos que, por su naturaleza especial, emergencia, urgencia, imprevisto, entre otros, implican contratar directamente con un proveedor) y las concesiones.", "Origen Data": "Portal GEO-CGR de la Contraloría General de la República, Disponible en https://www.contraloria.cl/opencgrapp/geocgr/acerca . Ultima consulta de los datos: Abril 2025", "Titulo": "CBI Punta de Choros - Límite Regional" }, "geometry": { "type": "Point", "coordinates": [ -71.314021496, -29.288329561999898 ] } },
{ "type": "Feature", "properties": { "fid": 13, "CODPROYECTO": "113098", "TREGION": "REGION DE COQUIMBO", "TCOMUNA": "LA HIGUERA", "DESCRIPCION": "Conservación básica de la Caleta", "CCLASIFICACION": "24", "CLASIFICACION": "Portuarias y aeroportuarias", "CODIGO_BIP": "30464311-0", "ID_MERCADO_PUB": "1265-10-O119", "CODIGO_INI": "No Existe Registro", "MONTO_CONTRATADO": "268324118", "MONTO_CONTRATADO_MP": "213297478", "MONTO_VIGENTE": "453578303", "F_ADJUDICACION": "2019-06-24 00:00:00.0", "F_TRAZON": "2019-06-24 00:00:00.0", "FECHA_INI": "2019-07-05 00:00:00.0", "FECHA_FIN": "2020-03-01 00:00:00.0", "URL_ACTA": "No Existe Registro", "SERV_MAND": "DIRECCION REGIONAL DE OBRAS PORTUARIAS DE COQUIMBO", "SERV_CONTR": "DIRECCION REGIONAL DE OBRAS PORTUARIAS DE COQUIMBO", "TIPO_FIN": "Presupuesto propio", "PROC_CONTRATACION": "PU", "X_EXPE": "107299", "RUT_CONTRATIS": "77913440-7", "NOMBRE_CONTRATIS": "OBRAS CIVILES Y MARITIMAS LIMITADA", "CREADOPOR": "GEOCGR", "X": "-71.4684173129999", "Y": "-29.246585975", "Descripcion_1": "Los datos expuestos corresponden a la iniciativa GEO-CGR de la contraloria general de la republica, el cual busca disponer informacion de las obras públicas que se están construyendo, o que ya se construyeron en tu comuna durante el último tiempo. De cada obra, podrás obtener su ubicación, valor de la inversión, qué servicio público está a cargo de ella, qué empresa es responsable de su construcción, los plazos en que se inicia y termina la obra, entre otros detalles importantes. El Portal GEO-CGR posee toda la información que periódicamente registran y actualizan las distintas entidades (Ministerios, Servicios Públicos, Municipalidades, entre otras) sobre las obras públicas a nivel nacional, correspondientes a licitaciones públicas y privadas (selección de propuestas realizadas por distintos interesados). Durante este periodo, no se encuentran disponibles las obras contratadas por procedimiento de trato directo antes del año 2018 (aquellos que, por su naturaleza especial, emergencia, urgencia, imprevisto, entre otros, implican contratar directamente con un proveedor) y las concesiones.", "Origen Data": "Portal GEO-CGR de la Contraloría General de la República, Disponible en https://www.contraloria.cl/opencgrapp/geocgr/acerca . Ultima consulta de los datos: Abril 2025", "Titulo": "Conservación Caleta San Agustin" }, "geometry": { "type": "Point", "coordinates": [ -71.468417312999904, -29.246585975 ] } },
{ "type": "Feature", "properties": { "fid": 14, "CODPROYECTO": "130186", "TREGION": "REGION DE COQUIMBO", "TCOMUNA": "LA HIGUERA", "DESCRIPCION": "La Licitación comprende, desarrollar una serie de acciones tendientes a mejorar por un lado el sistema de agua potable rural y por otro, la planta de tratamiento de aguas servidas de la localidad de El Trapiche. En el caso del sistema de agua potable rural, las obras a ejecutar están destinadas a mejorar: 4 cámaras de válvulas, 2 cámaras de ventosas, 1 cámara reductora de presión. Las obras destinadas al mejoramiento y ampliación de la planta de tratamiento de aguas servidas se enmarcan en las siguientes acciones: Suministro e instalación de motobomba en estanque ecualizador, Mejoramientos en los estanques de equalizador, aireación, sedimentaciòn y digestor. Mejoramiento sistema de desinfección. Suministro de instrumentos de mediciones. Suministro e instalación de grupo electrógeno. Ampliación de cancha de secado. Reemplazo de lechos filtrantes. Suministros tapas metálicas. Caseta sopladores. Baño operador. Instalación Eléctrica. Puesta en marcha.", "CCLASIFICACION": "30", "CLASIFICACION": "Hidráulicas", "CODIGO_BIP": "No Existe Registro", "ID_MERCADO_PUB": "3748-2-LQ22", "CODIGO_INI": "41042210203", "MONTO_CONTRATADO": "135126400", "MONTO_CONTRATADO_MP": "135126400", "MONTO_VIGENTE": "135126400", "F_ADJUDICACION": "2022-03-03 00:00:00.0", "F_TRAZON": "2022-03-03 00:00:00.0", "FECHA_INI": "2022-04-05 06:23:03.0", "FECHA_FIN": "2022-09-02 06:23:03.0", "URL_ACTA": "http://www.mercadopublico.cl/Procurement/Modules/RFB/StepsProcessAward/PreviewAwardAct.aspx?qs=Hw+kcuPW+VT/q0HYE4he2WR/sRxZarJcKsoS3bX0NsY=", "SERV_MAND": "SUBSECRETARIA DE DESARROLLO REGIONAL Y ADMINISTRATIVO - UNIDAD REGIONAL DE COQUIMBO", "SERV_CONTR": "MUNICIPALIDAD DE LA HIGUERA", "TIPO_FIN": "Presupuesto otro(s) organismo público", "PROC_CONTRATACION": "PU", "X_EXPE": "119538", "RUT_CONTRATIS": "12598599-8", "NOMBRE_CONTRATIS": "RODRIGO ANTONIO DIAZ VILLALOBOS", "CREADOPOR": "GEOCGR", "X": "-71.1172699928284", "Y": "-29.3711663287209", "Descripcion_1": "Los datos expuestos corresponden a la iniciativa GEO-CGR de la contraloria general de la republica, el cual busca disponer informacion de las obras públicas que se están construyendo, o que ya se construyeron en tu comuna durante el último tiempo. De cada obra, podrás obtener su ubicación, valor de la inversión, qué servicio público está a cargo de ella, qué empresa es responsable de su construcción, los plazos en que se inicia y termina la obra, entre otros detalles importantes. El Portal GEO-CGR posee toda la información que periódicamente registran y actualizan las distintas entidades (Ministerios, Servicios Públicos, Municipalidades, entre otras) sobre las obras públicas a nivel nacional, correspondientes a licitaciones públicas y privadas (selección de propuestas realizadas por distintos interesados). Durante este periodo, no se encuentran disponibles las obras contratadas por procedimiento de trato directo antes del año 2018 (aquellos que, por su naturaleza especial, emergencia, urgencia, imprevisto, entre otros, implican contratar directamente con un proveedor) y las concesiones.", "Origen Data": "Portal GEO-CGR de la Contraloría General de la República, Disponible en https://www.contraloria.cl/opencgrapp/geocgr/acerca . Ultima consulta de los datos: Abril 2025", "Titulo": "MEJORAMIENTO Y AMPLIACIÓN APR Y PTAS EL TRAPICHE" }, "geometry": { "type": "Point", "coordinates": [ -71.117269992828398, -29.3711663287209 ] } },
{ "type": "Feature", "properties": { "fid": 15, "CODPROYECTO": "87800", "TREGION": "REGION DE COQUIMBO", "TCOMUNA": "LA HIGUERA", "DESCRIPCION": "P.P. N 23-2015, Construcción Plaza Avda. La Paz - Sector La Borra, comuna de La Higuera - Programa Espacios Públicos.", "CCLASIFICACION": "28", "CLASIFICACION": "Areas verdes; esparcimiento y equipamiento vario urbano y rural", "CODIGO_BIP": "30110058-0", "ID_MERCADO_PUB": "646-56-LR15", "CODIGO_INI": "No Existe Registro", "MONTO_CONTRATADO": "499496940", "MONTO_CONTRATADO_MP": "499496940", "MONTO_VIGENTE": "517926425", "F_ADJUDICACION": "2015-11-16 00:00:00.0", "F_TRAZON": "2015-11-16 00:00:00.0", "FECHA_INI": "2015-11-30 00:00:00.0", "FECHA_FIN": "2016-11-16 00:00:00.0", "URL_ACTA": "http://www.mercadopublico.cl/Procurement/Modules/RFB/StepsProcessAward/PreviewAwardAct.aspx?qs=ZO4RBcA+GaoBQ/Cvq4nXwdTLKzENhFtr8fciwKCqCr8=", "SERV_MAND": "SERVIU - SERVICIO DE VIVIENDA Y URBANIZACION DE COQUIMBO", "SERV_CONTR": "SERVIU - SERVICIO DE VIVIENDA Y URBANIZACION DE COQUIMBO", "TIPO_FIN": "Presupuesto propio", "PROC_CONTRATACION": "PU", "X_EXPE": "86461", "RUT_CONTRATIS": "9266463-5", "NOMBRE_CONTRATIS": "LUIS VICENTE PINTO LEIVA", "CREADOPOR": "GEOCGR", "X": "-71.2001958489419", "Y": "-29.5084052140761", "Descripcion_1": "Los datos expuestos corresponden a la iniciativa GEO-CGR de la contraloria general de la republica, el cual busca disponer informacion de las obras públicas que se están construyendo, o que ya se construyeron en tu comuna durante el último tiempo. De cada obra, podrás obtener su ubicación, valor de la inversión, qué servicio público está a cargo de ella, qué empresa es responsable de su construcción, los plazos en que se inicia y termina la obra, entre otros detalles importantes. El Portal GEO-CGR posee toda la información que periódicamente registran y actualizan las distintas entidades (Ministerios, Servicios Públicos, Municipalidades, entre otras) sobre las obras públicas a nivel nacional, correspondientes a licitaciones públicas y privadas (selección de propuestas realizadas por distintos interesados). Durante este periodo, no se encuentran disponibles las obras contratadas por procedimiento de trato directo antes del año 2018 (aquellos que, por su naturaleza especial, emergencia, urgencia, imprevisto, entre otros, implican contratar directamente con un proveedor) y las concesiones.", "Origen Data": "Portal GEO-CGR de la Contraloría General de la República, Disponible en https://www.contraloria.cl/opencgrapp/geocgr/acerca . Ultima consulta de los datos: Abril 2025", "Titulo": "Construcción Plaza Avda. La Paz, PEP." }, "geometry": { "type": "Point", "coordinates": [ -71.200195848941902, -29.508405214076099 ] } },
{ "type": "Feature", "properties": { "fid": 16, "CODPROYECTO": "113656", "TREGION": "REGION DE COQUIMBO", "TCOMUNA": "LA HIGUERA", "DESCRIPCION": "P.P. N 1-2019, Construcción Pavimentos Participativos 27° llamado Región de Coquimbo - Agrupación X – comuna  La Higuera", "CCLASIFICACION": "23", "CLASIFICACION": "Transporte terrestre", "CODIGO_BIP": "No Existe Registro", "ID_MERCADO_PUB": "894863-9-LR19", "CODIGO_INI": "No Existe Registro", "MONTO_CONTRATADO": "553604004", "MONTO_CONTRATADO_MP": "553604004", "MONTO_VIGENTE": "553604004", "F_ADJUDICACION": "2019-11-22 00:00:00.0", "F_TRAZON": "2019-11-22 00:00:00.0", "FECHA_INI": "2019-06-14 00:00:00.0", "FECHA_FIN": "2020-01-24 00:00:00.0", "URL_ACTA": "No Existe Registro", "SERV_MAND": "SERVIU - SERVICIO DE VIVIENDA Y URBANIZACION DE COQUIMBO", "SERV_CONTR": "SERVIU - SERVICIO DE VIVIENDA Y URBANIZACION DE COQUIMBO", "TIPO_FIN": "Presupuesto propio y otros organismos públicos", "PROC_CONTRATACION": "PU", "X_EXPE": "107765", "RUT_CONTRATIS": "9266463-5", "NOMBRE_CONTRATIS": "LUIS VICENTE PINTO LEIVA", "CREADOPOR": "GEOCGR", "X": "-71.2830559050579", "Y": "-29.6254019998746", "Descripcion_1": "Los datos expuestos corresponden a la iniciativa GEO-CGR de la contraloria general de la republica, el cual busca disponer informacion de las obras públicas que se están construyendo, o que ya se construyeron en tu comuna durante el último tiempo. De cada obra, podrás obtener su ubicación, valor de la inversión, qué servicio público está a cargo de ella, qué empresa es responsable de su construcción, los plazos en que se inicia y termina la obra, entre otros detalles importantes. El Portal GEO-CGR posee toda la información que periódicamente registran y actualizan las distintas entidades (Ministerios, Servicios Públicos, Municipalidades, entre otras) sobre las obras públicas a nivel nacional, correspondientes a licitaciones públicas y privadas (selección de propuestas realizadas por distintos interesados). Durante este periodo, no se encuentran disponibles las obras contratadas por procedimiento de trato directo antes del año 2018 (aquellos que, por su naturaleza especial, emergencia, urgencia, imprevisto, entre otros, implican contratar directamente con un proveedor) y las concesiones.", "Origen Data": "Portal GEO-CGR de la Contraloría General de la República, Disponible en https://www.contraloria.cl/opencgrapp/geocgr/acerca . Ultima consulta de los datos: Abril 2025", "Titulo": "Pavimentación Participativa 27 llamado" }, "geometry": { "type": "Point", "coordinates": [ -71.283055905057907, -29.625401999874601 ] } },
{ "type": "Feature", "properties": { "fid": 17, "CODPROYECTO": "86164", "TREGION": "REGION DE COQUIMBO", "TCOMUNA": "LA HIGUERA", "DESCRIPCION": "Comprende la construcción de un módulo de dos pisos (ubicado entre 2 volúmenes existentes), dependencias que cobijarán a los cursos de 4° y 7° básico de la Escuela Pedro Pablo Miñoz de la localidad de La Higuera, Región de Coquimbo.", "CCLASIFICACION": "27", "CLASIFICACION": "Educación y cultura", "CODIGO_BIP": "00000000-0", "ID_MERCADO_PUB": "3748-15-LP15", "CODIGO_INI": "3102104000", "MONTO_CONTRATADO": "72858500", "MONTO_CONTRATADO_MP": "72858500", "MONTO_VIGENTE": "72858500", "F_ADJUDICACION": "2015-08-14 00:00:00.0", "F_TRAZON": "2015-08-14 00:00:00.0", "FECHA_INI": "2015-08-24 00:00:00.0", "FECHA_FIN": "2015-12-15 00:00:00.0", "URL_ACTA": "http://www.mercadopublico.cl/Procurement/Modules/RFB/StepsProcessAward/PreviewAwardAct.aspx?qs=XsHm52Pjixc8mg0dRvoazL896R6wgFo5Z4zKvl7tnzw=", "SERV_MAND": "MUNICIPALIDAD DE LA HIGUERA", "SERV_CONTR": "MUNICIPALIDAD DE LA HIGUERA", "TIPO_FIN": "Presupuesto propio", "PROC_CONTRATACION": "PU", "X_EXPE": "85113", "RUT_CONTRATIS": "12425197-4", "NOMBRE_CONTRATIS": "MAURICIO ALEJANDRO LEDEZMA GALLARDO", "CREADOPOR": "GEOCGR", "X": "-71.2031435966492", "Y": "-29.5107814853758", "Descripcion_1": "Los datos expuestos corresponden a la iniciativa GEO-CGR de la contraloria general de la republica, el cual busca disponer informacion de las obras públicas que se están construyendo, o que ya se construyeron en tu comuna durante el último tiempo. De cada obra, podrás obtener su ubicación, valor de la inversión, qué servicio público está a cargo de ella, qué empresa es responsable de su construcción, los plazos en que se inicia y termina la obra, entre otros detalles importantes. El Portal GEO-CGR posee toda la información que periódicamente registran y actualizan las distintas entidades (Ministerios, Servicios Públicos, Municipalidades, entre otras) sobre las obras públicas a nivel nacional, correspondientes a licitaciones públicas y privadas (selección de propuestas realizadas por distintos interesados). Durante este periodo, no se encuentran disponibles las obras contratadas por procedimiento de trato directo antes del año 2018 (aquellos que, por su naturaleza especial, emergencia, urgencia, imprevisto, entre otros, implican contratar directamente con un proveedor) y las concesiones.", "Origen Data": "Portal GEO-CGR de la Contraloría General de la República, Disponible en https://www.contraloria.cl/opencgrapp/geocgr/acerca . Ultima consulta de los datos: Abril 2025", "Titulo": "CONSTRUCCIÓN SALAS DE CLASES ESCUELA DE LA HIGUERA" }, "geometry": { "type": "Point", "coordinates": [ -71.203143596649198, -29.510781485375801 ] } },
{ "type": "Feature", "properties": { "fid": 18, "CODPROYECTO": "117458", "TREGION": "REGION DE COQUIMBO", "TCOMUNA": "LA HIGUERA", "DESCRIPCION": "La Licitación comprende habilitar con una bomba y columna de impulsión el sondaje que se va ha construir, incorporar una sala de cloración con tablero eléctrico de control automático, realizar extensión eléctrica hacia el sector del pozo de 3.014 metros aproximadamente, cierre perimetral y portón de acceso para la seguridad del recinto y mejoramiento al camino de acceso al sector donde se construirá el pozo.", "CCLASIFICACION": "30", "CLASIFICACION": "Hidráulicas", "CODIGO_BIP": "No Existe Registro", "ID_MERCADO_PUB": "3748-7-LP20", "CODIGO_INI": "41041201861", "MONTO_CONTRATADO": "61197292", "MONTO_CONTRATADO_MP": "61197292", "MONTO_VIGENTE": "61197292", "F_ADJUDICACION": "2020-06-04 00:00:00.0", "F_TRAZON": "2020-06-04 00:00:00.0", "FECHA_INI": "2020-07-01 00:00:00.0", "FECHA_FIN": "2020-10-31 00:00:00.0", "URL_ACTA": "http://www.mercadopublico.cl/Procurement/Modules/RFB/StepsProcessAward/PreviewAwardAct.aspx?qs=fThm69dfUHy9Aj51ZLlYIMqlzssQi3ZAb2LbkUIBwqw=", "SERV_MAND": "SUBSECRETARIA DE DESARROLLO REGIONAL Y ADMINISTRATIVO - UNIDAD REGIONAL DE COQUIMBO", "SERV_CONTR": "MUNICIPALIDAD DE LA HIGUERA", "TIPO_FIN": "Presupuesto otro(s) organismo público", "PROC_CONTRATACION": "PU", "X_EXPE": "110731", "RUT_CONTRATIS": "76787907-5", "NOMBRE_CONTRATIS": "DIMATEL SPA", "CREADOPOR": "GEOCGR", "X": "-71.2139743322189", "Y": "-29.5978973836122", "Descripcion_1": "Los datos expuestos corresponden a la iniciativa GEO-CGR de la contraloria general de la republica, el cual busca disponer informacion de las obras públicas que se están construyendo, o que ya se construyeron en tu comuna durante el último tiempo. De cada obra, podrás obtener su ubicación, valor de la inversión, qué servicio público está a cargo de ella, qué empresa es responsable de su construcción, los plazos en que se inicia y termina la obra, entre otros detalles importantes. El Portal GEO-CGR posee toda la información que periódicamente registran y actualizan las distintas entidades (Ministerios, Servicios Públicos, Municipalidades, entre otras) sobre las obras públicas a nivel nacional, correspondientes a licitaciones públicas y privadas (selección de propuestas realizadas por distintos interesados). Durante este periodo, no se encuentran disponibles las obras contratadas por procedimiento de trato directo antes del año 2018 (aquellos que, por su naturaleza especial, emergencia, urgencia, imprevisto, entre otros, implican contratar directamente con un proveedor) y las concesiones.", "Origen Data": "Portal GEO-CGR de la Contraloría General de la República, Disponible en https://www.contraloria.cl/opencgrapp/geocgr/acerca . Ultima consulta de los datos: Abril 2025", "Titulo": "HABILITACIÓN POZO PROFUNDO QUEBRADA HONDA" }, "geometry": { "type": "Point", "coordinates": [ -71.213974332218896, -29.597897383612199 ] } },
{ "type": "Feature", "properties": { "fid": 19, "CODPROYECTO": "92350", "TREGION": "REGION DE COQUIMBO", "TCOMUNA": "LA HIGUERA", "DESCRIPCION": "La Licitación comprende la construcción de una cancha de fútbol en la localidad de La Higuera, entre sus partidas considera la colocación de una carpeta de pasto sintético, provisión de base y sub-base, delimitación del área destinada a la práctica de fútbol, la construcción de un cierre perimetral y junto a él un sistema de iluminación basado en 4 torres de 18 metros, galvanizadas con 5 focos de haluro metálico de 1500W cada uno.", "CCLASIFICACION": "29", "CLASIFICACION": "Deporte", "CODIGO_BIP": "00000000-0", "ID_MERCADO_PUB": "3748-9-LQ16", "CODIGO_INI": "41041201480", "MONTO_CONTRATADO": "189071733", "MONTO_CONTRATADO_MP": "189071733", "MONTO_VIGENTE": "189071733", "F_ADJUDICACION": "2016-07-05 00:00:00.0", "F_TRAZON": "2016-07-05 00:00:00.0", "FECHA_INI": "2016-07-20 00:00:00.0", "FECHA_FIN": "2016-10-03 00:00:00.0", "URL_ACTA": "http://www.mercadopublico.cl/Procurement/Modules/RFB/StepsProcessAward/PreviewAwardAct.aspx?qs=6TSXvGWR8V+scDW14Ny18mPd1XLt+XWzKdZbnsKaCc4=", "SERV_MAND": "MUNICIPALIDAD DE LA HIGUERA", "SERV_CONTR": "MUNICIPALIDAD DE LA HIGUERA", "TIPO_FIN": "Presupuesto propio", "PROC_CONTRATACION": "PU", "X_EXPE": "90289", "RUT_CONTRATIS": "76282594-5", "NOMBRE_CONTRATIS": "ESSIN INGENIERIA SPA", "CREADOPOR": "GEOCGR", "X": "-71.2021806836128", "Y": "-29.5102562828669", "Descripcion_1": "Los datos expuestos corresponden a la iniciativa GEO-CGR de la contraloria general de la republica, el cual busca disponer informacion de las obras públicas que se están construyendo, o que ya se construyeron en tu comuna durante el último tiempo. De cada obra, podrás obtener su ubicación, valor de la inversión, qué servicio público está a cargo de ella, qué empresa es responsable de su construcción, los plazos en que se inicia y termina la obra, entre otros detalles importantes. El Portal GEO-CGR posee toda la información que periódicamente registran y actualizan las distintas entidades (Ministerios, Servicios Públicos, Municipalidades, entre otras) sobre las obras públicas a nivel nacional, correspondientes a licitaciones públicas y privadas (selección de propuestas realizadas por distintos interesados). Durante este periodo, no se encuentran disponibles las obras contratadas por procedimiento de trato directo antes del año 2018 (aquellos que, por su naturaleza especial, emergencia, urgencia, imprevisto, entre otros, implican contratar directamente con un proveedor) y las concesiones.", "Origen Data": "Portal GEO-CGR de la Contraloría General de la República, Disponible en https://www.contraloria.cl/opencgrapp/geocgr/acerca . Ultima consulta de los datos: Abril 2025", "Titulo": "CONSTRUCCIÓN CANCHA DE FÚTBOL, LA HIGUERA" }, "geometry": { "type": "Point", "coordinates": [ -71.202180683612795, -29.510256282866902 ] } },
{ "type": "Feature", "properties": { "fid": 20, "CODPROYECTO": "92450", "TREGION": "REGION DE COQUIMBO", "TCOMUNA": "LA HIGUERA", "DESCRIPCION": "La Licitación comprende la ampliación y mejoramiento de la sede ubicada a un costado de la actual sala cuna de Caleta los Hornos. Considera la construcción de una ampliación, ocupando parte del patio existente, además de la construcción de una terraza, pintura interiores, pintura exteriores, colocación de cerámicos, colocación de puertas, colocación de ventanas, protecciones metálicas y obras anexas.", "CCLASIFICACION": "28", "CLASIFICACION": "Areas verdes; esparcimiento y equipamiento vario urbano y rural", "CODIGO_BIP": "00000000-0", "ID_MERCADO_PUB": "3748-10-LE16", "CODIGO_INI": "41041201502", "MONTO_CONTRATADO": "12184874", "MONTO_CONTRATADO_MP": "12184874", "MONTO_VIGENTE": "12184874", "F_ADJUDICACION": "2016-07-11 00:00:00.0", "F_TRAZON": "2016-07-11 00:00:00.0", "FECHA_INI": "2016-07-26 00:00:00.0", "FECHA_FIN": "2016-10-23 00:00:00.0", "URL_ACTA": "http://www.mercadopublico.cl/Procurement/Modules/RFB/StepsProcessAward/PreviewAwardAct.aspx?qs=tsg81UC9iinS9AriB/7B/jhcZHAgF4+eyzAfaRySGGo=", "SERV_MAND": "SUBSECRETARIA DE DESARROLLO REGIONAL Y ADMINISTRATIVO - UNIDAD REGIONAL DE COQUIMBO", "SERV_CONTR": "MUNICIPALIDAD DE LA HIGUERA", "TIPO_FIN": "Presupuesto otro(s) organismo público", "PROC_CONTRATACION": "PU", "X_EXPE": "90380", "RUT_CONTRATIS": "12425197-4", "NOMBRE_CONTRATIS": "MAURICIO ALEJANDRO LEDEZMA GALLARDO", "CREADOPOR": "GEOCGR", "X": "-71.2824779748917", "Y": "-29.6244224544647", "Descripcion_1": "Los datos expuestos corresponden a la iniciativa GEO-CGR de la contraloria general de la republica, el cual busca disponer informacion de las obras públicas que se están construyendo, o que ya se construyeron en tu comuna durante el último tiempo. De cada obra, podrás obtener su ubicación, valor de la inversión, qué servicio público está a cargo de ella, qué empresa es responsable de su construcción, los plazos en que se inicia y termina la obra, entre otros detalles importantes. El Portal GEO-CGR posee toda la información que periódicamente registran y actualizan las distintas entidades (Ministerios, Servicios Públicos, Municipalidades, entre otras) sobre las obras públicas a nivel nacional, correspondientes a licitaciones públicas y privadas (selección de propuestas realizadas por distintos interesados). Durante este periodo, no se encuentran disponibles las obras contratadas por procedimiento de trato directo antes del año 2018 (aquellos que, por su naturaleza especial, emergencia, urgencia, imprevisto, entre otros, implican contratar directamente con un proveedor) y las concesiones.", "Origen Data": "Portal GEO-CGR de la Contraloría General de la República, Disponible en https://www.contraloria.cl/opencgrapp/geocgr/acerca . Ultima consulta de los datos: Abril 2025", "Titulo": "AMPLIACIÓN Y MEJORAMIENTO SEDE CENTRO DE MADRES" }, "geometry": { "type": "Point", "coordinates": [ -71.282477974891705, -29.6244224544647 ] } },
{ "type": "Feature", "properties": { "fid": 21, "CODPROYECTO": "121611", "TREGION": "REGION DE COQUIMBO", "TCOMUNA": "LA HIGUERA", "DESCRIPCION": "La Licitación comprende en términos generales obras de instalación y obras anexas para la cancha de fútbol de El Trapiche, la que considera la adquisición e instalación de dos módulos prefabricados de baños y duchas respectivamente. Los módulos tendrán una superficie de 14,40 m2 cada uno y se instalarán según el emplazamiento descrito en planimetría. Además, el proyecto contempla accesibilidad universal para el acceso a los recintos dispuestos para personas con movilidad reducida.", "CCLASIFICACION": "29", "CLASIFICACION": "Deporte", "CODIGO_BIP": "No Existe Registro", "ID_MERCADO_PUB": "3748-19-LE20", "CODIGO_INI": "41041201890", "MONTO_CONTRATADO": "25008148", "MONTO_CONTRATADO_MP": "25008148", "MONTO_VIGENTE": "25008148", "F_ADJUDICACION": "2021-01-13 00:00:00.0", "F_TRAZON": "2021-01-13 00:00:00.0", "FECHA_INI": "2021-02-01 11:01:22.0", "FECHA_FIN": "2021-07-30 12:00:27.0", "URL_ACTA": "http://www.mercadopublico.cl/Procurement/Modules/RFB/StepsProcessAward/PreviewAwardAct.aspx?qs=ATr3he8+/QvXKPwfA9qhGMa0mBjWEeW8WDUiYQKRofY=", "SERV_MAND": "SUBSECRETARIA DE DESARROLLO REGIONAL Y ADMINISTRATIVO - UNIDAD REGIONAL DE COQUIMBO", "SERV_CONTR": "MUNICIPALIDAD DE LA HIGUERA", "TIPO_FIN": "Presupuesto otro(s) organismo público", "PROC_CONTRATACION": "PU", "X_EXPE": "114166", "RUT_CONTRATIS": "76945234-6", "NOMBRE_CONTRATIS": "CONSTRUCTORA CMM SPA", "CREADOPOR": "GEOCGR", "X": "-71.1144472121892", "Y": "-29.3722674474631", "Descripcion_1": "Los datos expuestos corresponden a la iniciativa GEO-CGR de la contraloria general de la republica, el cual busca disponer informacion de las obras públicas que se están construyendo, o que ya se construyeron en tu comuna durante el último tiempo. De cada obra, podrás obtener su ubicación, valor de la inversión, qué servicio público está a cargo de ella, qué empresa es responsable de su construcción, los plazos en que se inicia y termina la obra, entre otros detalles importantes. El Portal GEO-CGR posee toda la información que periódicamente registran y actualizan las distintas entidades (Ministerios, Servicios Públicos, Municipalidades, entre otras) sobre las obras públicas a nivel nacional, correspondientes a licitaciones públicas y privadas (selección de propuestas realizadas por distintos interesados). Durante este periodo, no se encuentran disponibles las obras contratadas por procedimiento de trato directo antes del año 2018 (aquellos que, por su naturaleza especial, emergencia, urgencia, imprevisto, entre otros, implican contratar directamente con un proveedor) y las concesiones.", "Origen Data": "Portal GEO-CGR de la Contraloría General de la República, Disponible en https://www.contraloria.cl/opencgrapp/geocgr/acerca . Ultima consulta de los datos: Abril 2025", "Titulo": "OBRAS CANCHA DE FÚTBOL EL TRAPICHE" }, "geometry": { "type": "Point", "coordinates": [ -71.114447212189205, -29.372267447463098 ] } },
{ "type": "Feature", "properties": { "fid": 22, "CODPROYECTO": "93188", "TREGION": "REGION DE COQUIMBO", "TCOMUNA": "LA HIGUERA", "DESCRIPCION": "La licitación comprende la construcción de una escalera de acceso principal, un pasillo de hormigón, mejoramiento del sombreadero existente y la construcción de una rampa de acceso con baranda y un frontón interior.", "CCLASIFICACION": "28", "CLASIFICACION": "Areas verdes; esparcimiento y equipamiento vario urbano y rural", "CODIGO_BIP": "00000000-0", "ID_MERCADO_PUB": "3748-11-CO16", "CODIGO_INI": "41041201410", "MONTO_CONTRATADO": "5669953", "MONTO_CONTRATADO_MP": "5669953", "MONTO_VIGENTE": "5669953", "F_ADJUDICACION": "2016-08-16 00:00:00.0", "F_TRAZON": "2016-08-16 00:00:00.0", "FECHA_INI": "2016-09-01 00:00:00.0", "FECHA_FIN": "2016-10-20 00:00:00.0", "URL_ACTA": "http://www.mercadopublico.cl/Procurement/Modules/RFB/StepsProcessAward/PreviewAwardAct.aspx?qs=TmHexCVOKFHpk1y9/UOGVU8Lhsw0fgkXRGmi5WSnSfg=", "SERV_MAND": "MUNICIPALIDAD DE LA HIGUERA", "SERV_CONTR": "MUNICIPALIDAD DE LA HIGUERA", "TIPO_FIN": "Presupuesto propio", "PROC_CONTRATACION": "PR", "X_EXPE": "91023", "RUT_CONTRATIS": "76093321-K", "NOMBRE_CONTRATIS": "ANDRES ALFARO Y JUAN SEURA", "CREADOPOR": "GEOCGR", "X": "-71.199152469635", "Y": "-29.5122076882194", "Descripcion_1": "Los datos expuestos corresponden a la iniciativa GEO-CGR de la contraloria general de la republica, el cual busca disponer informacion de las obras públicas que se están construyendo, o que ya se construyeron en tu comuna durante el último tiempo. De cada obra, podrás obtener su ubicación, valor de la inversión, qué servicio público está a cargo de ella, qué empresa es responsable de su construcción, los plazos en que se inicia y termina la obra, entre otros detalles importantes. El Portal GEO-CGR posee toda la información que periódicamente registran y actualizan las distintas entidades (Ministerios, Servicios Públicos, Municipalidades, entre otras) sobre las obras públicas a nivel nacional, correspondientes a licitaciones públicas y privadas (selección de propuestas realizadas por distintos interesados). Durante este periodo, no se encuentran disponibles las obras contratadas por procedimiento de trato directo antes del año 2018 (aquellos que, por su naturaleza especial, emergencia, urgencia, imprevisto, entre otros, implican contratar directamente con un proveedor) y las concesiones.", "Origen Data": "Portal GEO-CGR de la Contraloría General de la República, Disponible en https://www.contraloria.cl/opencgrapp/geocgr/acerca . Ultima consulta de los datos: Abril 2025", "Titulo": "MEJORAMIENTO Y OBRAS ANEXAS SEDE CD LOS PUMAS" }, "geometry": { "type": "Point", "coordinates": [ -71.199152469634996, -29.512207688219402 ] } },
{ "type": "Feature", "properties": { "fid": 23, "CODPROYECTO": "104996", "TREGION": "REGION DE COQUIMBO", "TCOMUNA": "LA HIGUERA", "DESCRIPCION": "La Licitación comprende la ampliación de dos boxes de atención y una bodega de insumos, junto a esta intervención se mejorará la totalidad de los servicios higiénicos en cuanto a artefactos y revestimientos. Esta intervención se completará con reposiciones y adquisiciones de mobiliario, el cual permitirá una mejor funcionalidad en los espacios existentes y propuestos, además se revitalizará el edificio, siendo este pintado en su totalidad, reparación de su cierre perimetral, mejoras en su fachada proporcionando en el antejardín una mejora de pavimentos y la instalación de un juego modular infantil.", "CCLASIFICACION": "26", "CLASIFICACION": "Salud y sanidad", "CODIGO_BIP": "30467150-0", "ID_MERCADO_PUB": "3748-13-LE18", "CODIGO_INI": "41041220125", "MONTO_CONTRATADO": "26860800", "MONTO_CONTRATADO_MP": "26860800", "MONTO_VIGENTE": "26860800", "F_ADJUDICACION": "2018-07-03 00:00:00.0", "F_TRAZON": "2018-07-29 00:00:00.0", "FECHA_INI": "2018-07-16 00:00:00.0", "FECHA_FIN": "2018-07-25 00:00:00.0", "URL_ACTA": "http://www.mercadopublico.cl/Procurement/Modules/RFB/StepsProcessAward/PreviewAwardAct.aspx?qs=D9ZXHbIo6RXTh0TiH9rwD2kk7UMOKs4J5CaMnTNG8s0=", "SERV_MAND": "GOBIERNO REGIONAL DE COQUIMBO", "SERV_CONTR": "MUNICIPALIDAD DE LA HIGUERA", "TIPO_FIN": "Presupuesto otro(s) organismo público", "PROC_CONTRATACION": "PU", "X_EXPE": "101161", "RUT_CONTRATIS": "12006733-8", "NOMBRE_CONTRATIS": "RUBEN DAGOBERTO BERRIOS AVILA", "CREADOPOR": "GEOCGR", "X": "-71.4603567123413", "Y": "-29.2428864556129", "Descripcion_1": "Los datos expuestos corresponden a la iniciativa GEO-CGR de la contraloria general de la republica, el cual busca disponer informacion de las obras públicas que se están construyendo, o que ya se construyeron en tu comuna durante el último tiempo. De cada obra, podrás obtener su ubicación, valor de la inversión, qué servicio público está a cargo de ella, qué empresa es responsable de su construcción, los plazos en que se inicia y termina la obra, entre otros detalles importantes. El Portal GEO-CGR posee toda la información que periódicamente registran y actualizan las distintas entidades (Ministerios, Servicios Públicos, Municipalidades, entre otras) sobre las obras públicas a nivel nacional, correspondientes a licitaciones públicas y privadas (selección de propuestas realizadas por distintos interesados). Durante este periodo, no se encuentran disponibles las obras contratadas por procedimiento de trato directo antes del año 2018 (aquellos que, por su naturaleza especial, emergencia, urgencia, imprevisto, entre otros, implican contratar directamente con un proveedor) y las concesiones.", "Origen Data": "Portal GEO-CGR de la Contraloría General de la República, Disponible en https://www.contraloria.cl/opencgrapp/geocgr/acerca . Ultima consulta de los datos: Abril 2025", "Titulo": "REPARACIÓN ESTACIÓN MÉDICO RURAL PUNTA DE CHOROS" }, "geometry": { "type": "Point", "coordinates": [ -71.460356712341294, -29.242886455612901 ] } },
{ "type": "Feature", "properties": { "fid": 24, "CODPROYECTO": "122823", "TREGION": "REGION DE COQUIMBO", "TCOMUNA": "LA HIGUERA", "DESCRIPCION": "En cumplimiento de sus obligaciones, la Municipalidad de La Higuera, como entidad responsable del servicio de alumbrado público de la comuna, requiere contar con un servicio técnico profesional responsable en el área de mantenimiento, reparación y o construcción de alumbrado público con el fin de mantener en óptimas condiciones el alumbrado de la Comuna. Para el cumplimiento del objetivo descrito, invita a los proveedores de Mercado Público interesados en la suscripción de un Convenio de Prestación de Servicios para la mantención, reparación y o construcción del alumbrado público en calles y pasajes, espacios comunitarios y recintos municipales en la comuna de La Higuera.", "CCLASIFICACION": "28", "CLASIFICACION": "Areas verdes; esparcimiento y equipamiento vario urbano y rural", "CODIGO_BIP": "No Existe Registro", "ID_MERCADO_PUB": "3748-2-LE21", "CODIGO_INI": "41040520000", "MONTO_CONTRATADO": "10000000", "MONTO_CONTRATADO_MP": "8403361", "MONTO_VIGENTE": "10000000", "F_ADJUDICACION": "2021-03-10 00:00:00.0", "F_TRAZON": "2021-03-10 00:00:00.0", "FECHA_INI": "2021-04-01 05:08:58.0", "FECHA_FIN": "2021-12-31 12:03:23.0", "URL_ACTA": "http://www.mercadopublico.cl/Procurement/Modules/RFB/StepsProcessAward/PreviewAwardAct.aspx?qs=rZS5goaAwYUXlrwbezuLoGiZFGCiqZQYKQgjK/wI8mw=", "SERV_MAND": "MUNICIPALIDAD DE LA HIGUERA", "SERV_CONTR": "MUNICIPALIDAD DE LA HIGUERA", "TIPO_FIN": "Presupuesto propio", "PROC_CONTRATACION": "PU", "X_EXPE": "115022", "RUT_CONTRATIS": "76787907-5", "NOMBRE_CONTRATIS": "DIMATEL SPA", "CREADOPOR": "GEOCGR", "X": "-71.2860865400159", "Y": "-29.6233223882748", "Descripcion_1": "Los datos expuestos corresponden a la iniciativa GEO-CGR de la contraloria general de la republica, el cual busca disponer informacion de las obras públicas que se están construyendo, o que ya se construyeron en tu comuna durante el último tiempo. De cada obra, podrás obtener su ubicación, valor de la inversión, qué servicio público está a cargo de ella, qué empresa es responsable de su construcción, los plazos en que se inicia y termina la obra, entre otros detalles importantes. El Portal GEO-CGR posee toda la información que periódicamente registran y actualizan las distintas entidades (Ministerios, Servicios Públicos, Municipalidades, entre otras) sobre las obras públicas a nivel nacional, correspondientes a licitaciones públicas y privadas (selección de propuestas realizadas por distintos interesados). Durante este periodo, no se encuentran disponibles las obras contratadas por procedimiento de trato directo antes del año 2018 (aquellos que, por su naturaleza especial, emergencia, urgencia, imprevisto, entre otros, implican contratar directamente con un proveedor) y las concesiones.", "Origen Data": "Portal GEO-CGR de la Contraloría General de la República, Disponible en https://www.contraloria.cl/opencgrapp/geocgr/acerca . Ultima consulta de los datos: Abril 2025", "Titulo": "PRESTACIÓN SERVICIOS MANTENCIÓN ALUMBRADO PÚBLICO" }, "geometry": { "type": "Point", "coordinates": [ -71.286086540015901, -29.623322388274801 ] } },
{ "type": "Feature", "properties": { "fid": 25, "CODPROYECTO": "124942", "TREGION": "REGION DE COQUIMBO", "TCOMUNA": "LA HIGUERA", "DESCRIPCION": "LP N°18-2021, “Conservación de veredas para etapa desconfinamiento post covid 19, Región de Coquimbo, en la comuna de La Higuera”.", "CCLASIFICACION": "23", "CLASIFICACION": "Transporte terrestre", "CODIGO_BIP": "40027522-0", "ID_MERCADO_PUB": "894863-21-O121", "CODIGO_INI": "No Existe Registro", "MONTO_CONTRATADO": "110627553", "MONTO_CONTRATADO_MP": "110627553", "MONTO_VIGENTE": "110627553", "F_ADJUDICACION": "2021-05-28 00:00:00.0", "F_TRAZON": "2021-05-28 00:00:00.0", "FECHA_INI": "2021-07-16 05:10:31.0", "FECHA_FIN": "2021-12-31 05:10:31.0", "URL_ACTA": "http://www.mercadopublico.cl/Procurement/Modules/RFB/StepsProcessAward/PreviewAwardAct.aspx?qs=X3/oX9wS3EGknGt/h4WRdpQGk1QSfo27apxp+G0JVIE=", "SERV_MAND": "SERVIU - SERVICIO DE VIVIENDA Y URBANIZACION DE COQUIMBO", "SERV_CONTR": "SERVIU - SERVICIO DE VIVIENDA Y URBANIZACION DE COQUIMBO", "TIPO_FIN": "Presupuesto propio", "PROC_CONTRATACION": "PU", "X_EXPE": "116435", "RUT_CONTRATIS": "76013508-9", "NOMBRE_CONTRATIS": "CONSTRUCTORA FELIPE ALEJANDRO DE JESUS RAMIREZ MARTINEZ EMPRESA INDIVI", "CREADOPOR": "GEOCGR", "X": "-71.2853586673736", "Y": "-29.6224347439804", "Descripcion_1": "Los datos expuestos corresponden a la iniciativa GEO-CGR de la contraloria general de la republica, el cual busca disponer informacion de las obras públicas que se están construyendo, o que ya se construyeron en tu comuna durante el último tiempo. De cada obra, podrás obtener su ubicación, valor de la inversión, qué servicio público está a cargo de ella, qué empresa es responsable de su construcción, los plazos en que se inicia y termina la obra, entre otros detalles importantes. El Portal GEO-CGR posee toda la información que periódicamente registran y actualizan las distintas entidades (Ministerios, Servicios Públicos, Municipalidades, entre otras) sobre las obras públicas a nivel nacional, correspondientes a licitaciones públicas y privadas (selección de propuestas realizadas por distintos interesados). Durante este periodo, no se encuentran disponibles las obras contratadas por procedimiento de trato directo antes del año 2018 (aquellos que, por su naturaleza especial, emergencia, urgencia, imprevisto, entre otros, implican contratar directamente con un proveedor) y las concesiones.", "Origen Data": "Portal GEO-CGR de la Contraloría General de la República, Disponible en https://www.contraloria.cl/opencgrapp/geocgr/acerca . Ultima consulta de los datos: Abril 2025", "Titulo": "Conservación de veredas post covid 19, higuera" }, "geometry": { "type": "Point", "coordinates": [ -71.2853586673736, -29.622434743980399 ] } },
{ "type": "Feature", "properties": { "fid": 26, "CODPROYECTO": "136442", "TREGION": "REGION DE COQUIMBO", "TCOMUNA": "LA HIGUERA", "DESCRIPCION": "En términos generales, la obra consiste esencialmente en la construcción de una plaza en el sector céntrico de la localidad, conformada por un solo sector el cual es un lugar abierto, un sector para un juego modular y una zona de juegos yo actividades de esparcimiento a ser realizadas sobre pasto sintético, para consolidar estos sectores se utilizará un solo nivel con pendiente. Además, el proyecto considera rampas, se propone mobiliario urbano referido a bancas, basureros y zona inclusiva. Para concretar la obra en su totalidad se deberá construir un cerco perimetral de 172 ml, de madera de 1 metro de altura según descripción en planimetrías, además de la construcción de pasillos de adocretos conectores con gran parte de la plaza los cuales son un total de 110.5 metros cuadrados los que albergan un juego inclusivo y banca de hormigón, se deberá construir un área de pasto sintético central que albergará un juego modular para niños, el cual tendría una superficie de 84 m2. Además, se propone la conservación de las especies arbóreas existentes las cuales son 5 eucaliptus, pudiendo dejar a los habitantes espacios para el sembradío de sus propias especies. se propone la colocación de un pino nativo en un sector determinado. Además de todo lo anterior se propone la instalación de un escaño de hormigón y un juego inclusivo y un basurero.", "CCLASIFICACION": "28", "CLASIFICACION": "Areas verdes; esparcimiento y equipamiento vario urbano y rural", "CODIGO_BIP": "40000000-0", "ID_MERCADO_PUB": "3748-1-LE23", "CODIGO_INI": "41045200004", "MONTO_CONTRATADO": "26468045", "MONTO_CONTRATADO_MP": "26468045", "MONTO_VIGENTE": "26468045", "F_ADJUDICACION": "2023-02-27 00:00:00.0", "F_TRAZON": "2023-02-27 00:00:00.0", "FECHA_INI": "2023-03-10 11:12:03.0", "FECHA_FIN": "2023-06-17 11:12:03.0", "URL_ACTA": "http://www.mercadopublico.cl/Procurement/Modules/RFB/StepsProcessAward/PreviewAwardAct.aspx?qs=KDEcdcm4BWKjCkwHxV9Q12zBySIHDT1PmOJV6d2qljg=", "SERV_MAND": "SUBSECRETARIA DE DESARROLLO REGIONAL Y ADMINISTRATIVO - UNIDAD REGIONAL DE COQUIMBO", "SERV_CONTR": "MUNICIPALIDAD DE LA HIGUERA", "TIPO_FIN": "Presupuesto otro(s) organismo público", "PROC_CONTRATACION": "PU", "X_EXPE": "124561", "RUT_CONTRATIS": "76926039-0", "NOMBRE_CONTRATIS": "DEMART SPA", "CREADOPOR": "GEOCGR", "X": "-71.249577999115", "Y": "-29.6092215933606", "Descripcion_1": "Los datos expuestos corresponden a la iniciativa GEO-CGR de la contraloria general de la republica, el cual busca disponer informacion de las obras públicas que se están construyendo, o que ya se construyeron en tu comuna durante el último tiempo. De cada obra, podrás obtener su ubicación, valor de la inversión, qué servicio público está a cargo de ella, qué empresa es responsable de su construcción, los plazos en que se inicia y termina la obra, entre otros detalles importantes. El Portal GEO-CGR posee toda la información que periódicamente registran y actualizan las distintas entidades (Ministerios, Servicios Públicos, Municipalidades, entre otras) sobre las obras públicas a nivel nacional, correspondientes a licitaciones públicas y privadas (selección de propuestas realizadas por distintos interesados). Durante este periodo, no se encuentran disponibles las obras contratadas por procedimiento de trato directo antes del año 2018 (aquellos que, por su naturaleza especial, emergencia, urgencia, imprevisto, entre otros, implican contratar directamente con un proveedor) y las concesiones.", "Origen Data": "Portal GEO-CGR de la Contraloría General de la República, Disponible en https://www.contraloria.cl/opencgrapp/geocgr/acerca . Ultima consulta de los datos: Abril 2025", "Titulo": "CONSTRUCCIÓN PLAZA QUEBRADA HONDA LA HIGUERA" }, "geometry": { "type": "Point", "coordinates": [ -71.249577999115004, -29.609221593360601 ] } },
{ "type": "Feature", "properties": { "fid": 27, "CODPROYECTO": "84190", "TREGION": "REGION DE COQUIMBO", "TCOMUNA": "LA HIGUERA", "DESCRIPCION": "Ejecutar obras de mejoramiento a 5 viviendas: Vivienda 1 forros interiores, aislación térmica e instalación de 2 recintos; Vivienda 2 pavimento interior, artefactos sanitarios y pinturas; Vivienda 3 forros interiores, aislación térmica e instalación eléctrica; Vivienda 4 pintura interiores y exteriores y cierre perimetral; Vivienda 5 estructura de cubierta e instalación eléctrica.", "CCLASIFICACION": "27", "CLASIFICACION": "Educación y cultura", "CODIGO_BIP": "No Existe Registro", "ID_MERCADO_PUB": "3748-11-LE15", "CODIGO_INI": "No Existe Registro", "MONTO_CONTRATADO": "8466643", "MONTO_CONTRATADO_MP": "8466643", "MONTO_VIGENTE": "8466643", "F_ADJUDICACION": "2015-05-05 00:00:00.0", "F_TRAZON": "2015-05-05 00:00:00.0", "FECHA_INI": "2015-05-20 00:00:00.0", "FECHA_FIN": "2015-06-18 00:00:00.0", "URL_ACTA": "http://www.mercadopublico.cl/Procurement/Modules/RFB/StepsProcessAward/PreviewAwardAct.aspx?qs=4JxyqreYOe3tiH03+i1iF9iKYQlGu8G3aW4Ppl1fnZ4=", "SERV_MAND": "MUNICIPALIDAD DE LA HIGUERA", "SERV_CONTR": "MUNICIPALIDAD DE LA HIGUERA", "TIPO_FIN": "Presupuesto otro(s) organismo público", "PROC_CONTRATACION": "PU", "X_EXPE": "83385", "RUT_CONTRATIS": "76093321-K", "NOMBRE_CONTRATIS": "ANDRES ALFARO Y JUAN SEURA", "CREADOPOR": "GEOCGR", "X": "-71.3003", "Y": "-29.4526", "Descripcion_1": "Los datos expuestos corresponden a la iniciativa GEO-CGR de la contraloria general de la republica, el cual busca disponer informacion de las obras públicas que se están construyendo, o que ya se construyeron en tu comuna durante el último tiempo. De cada obra, podrás obtener su ubicación, valor de la inversión, qué servicio público está a cargo de ella, qué empresa es responsable de su construcción, los plazos en que se inicia y termina la obra, entre otros detalles importantes. El Portal GEO-CGR posee toda la información que periódicamente registran y actualizan las distintas entidades (Ministerios, Servicios Públicos, Municipalidades, entre otras) sobre las obras públicas a nivel nacional, correspondientes a licitaciones públicas y privadas (selección de propuestas realizadas por distintos interesados). Durante este periodo, no se encuentran disponibles las obras contratadas por procedimiento de trato directo antes del año 2018 (aquellos que, por su naturaleza especial, emergencia, urgencia, imprevisto, entre otros, implican contratar directamente con un proveedor) y las concesiones.", "Origen Data": "Portal GEO-CGR de la Contraloría General de la República, Disponible en https://www.contraloria.cl/opencgrapp/geocgr/acerca . Ultima consulta de los datos: Abril 2025", "Titulo": "CONSTRUCCIÓN SOLUCIONES HABITABILIDAD 2014" }, "geometry": { "type": "Point", "coordinates": [ -71.3003, -29.4526 ] } },
{ "type": "Feature", "properties": { "fid": 28, "CODPROYECTO": "106481", "TREGION": "REGION DE COQUIMBO", "TCOMUNA": "LA HIGUERA", "DESCRIPCION": "Considera la ejecución de redes de colectores, planta elevadora de aguas servidas, planta de tratamiento, pavimentación, casetas sanitarias,casetas de baño, casetas de cocina, soluciones intermedias, uniones domiciliarias, soluciones de fosa séptica y pozo absorbente. Además el mejoramiento del sistema de APR; distribución, impulsión y captación con su respectivo diseño de ingeniería.", "CCLASIFICACION": "30", "CLASIFICACION": "Hidráulicas", "CODIGO_BIP": "30100137-0", "ID_MERCADO_PUB": "3748-18-LR18", "CODIGO_INI": "41041220003", "MONTO_CONTRATADO": "5135838048", "MONTO_CONTRATADO_MP": "5135838048", "MONTO_VIGENTE": "5135838048", "F_ADJUDICACION": "2018-09-06 00:00:00.0", "F_TRAZON": "2018-09-06 00:00:00.0", "FECHA_INI": "2018-09-24 00:00:00.0", "FECHA_FIN": "2020-06-15 00:00:00.0", "URL_ACTA": "No Existe Registro", "SERV_MAND": "GOBIERNO REGIONAL DE COQUIMBO", "SERV_CONTR": "MUNICIPALIDAD DE LA HIGUERA", "TIPO_FIN": "Presupuesto otro(s) organismo público", "PROC_CONTRATACION": "PU", "X_EXPE": "102224", "RUT_CONTRATIS": "12006733-8", "NOMBRE_CONTRATIS": "RUBEN DAGOBERTO BERRIOS AVILA", "CREADOPOR": "GEOCGR", "X": "-71.2041416103147", "Y": "-29.5107877447674", "Descripcion_1": "Los datos expuestos corresponden a la iniciativa GEO-CGR de la contraloria general de la republica, el cual busca disponer informacion de las obras públicas que se están construyendo, o que ya se construyeron en tu comuna durante el último tiempo. De cada obra, podrás obtener su ubicación, valor de la inversión, qué servicio público está a cargo de ella, qué empresa es responsable de su construcción, los plazos en que se inicia y termina la obra, entre otros detalles importantes. El Portal GEO-CGR posee toda la información que periódicamente registran y actualizan las distintas entidades (Ministerios, Servicios Públicos, Municipalidades, entre otras) sobre las obras públicas a nivel nacional, correspondientes a licitaciones públicas y privadas (selección de propuestas realizadas por distintos interesados). Durante este periodo, no se encuentran disponibles las obras contratadas por procedimiento de trato directo antes del año 2018 (aquellos que, por su naturaleza especial, emergencia, urgencia, imprevisto, entre otros, implican contratar directamente con un proveedor) y las concesiones.", "Origen Data": "Portal GEO-CGR de la Contraloría General de la República, Disponible en https://www.contraloria.cl/opencgrapp/geocgr/acerca . Ultima consulta de los datos: Abril 2025", "Titulo": "CONSTRUCCIÓN OBRAS URBANIZACIÓN BÁSICA LA HIGUERA" }, "geometry": { "type": "Point", "coordinates": [ -71.204141610314693, -29.510787744767399 ] } },
{ "type": "Feature", "properties": { "fid": 29, "CODPROYECTO": "120060", "TREGION": "REGION DE COQUIMBO", "TCOMUNA": "LA HIGUERA", "DESCRIPCION": "La Licitación comprende, desarrollar una serie de acciones tendientes a mejorar el sistema de alcantarillado de Punta de Choros. El diagnóstico previo concluyó en las siguientes obras a ejecutar: • Reparar las fisuras en los muros de los estanques de la PTAS; Modificar instalaciones eléctricas del recinto; Reparar derrame de aceite en el grupo generador; Suministrar moto bomba de repuesto para la planta elevadora Nº 1; Verificar la frecuencia de cloración del flujo tratado; Dotar de instrumentación necesaria a las plantas para realizar mediciones y controles necesarios; Mejoramiento y reparación de la cámara de reja existente; Reemplazar las tapas y los candados de la PEAS y PTAS que se encuentran oxidadas y destruidas; Se considera la pintura en piezas especiales y tuberías; Mejoramiento de la cubierta de las canchas de secado; En la PEAS Nº2 se sugiere el cambio por bombas más potentes y trituradoras. • En cuanto a la red de recolección pública es necesario rehacer el tramo inicial Nº 1, con sus respectivas cámaras UD, de manera que cumpla con la pendiente minina. • Rehacer las conexiones interiores que no cumplan con la normativa de manera que se ajusten con las pendientes exigidas por el RIDAA.", "CCLASIFICACION": "26", "CLASIFICACION": "Salud y sanidad", "CODIGO_BIP": "30132372-0", "ID_MERCADO_PUB": "3748-13-LQ20", "CODIGO_INI": "41041201912", "MONTO_CONTRATADO": "114778475", "MONTO_CONTRATADO_MP": "96452500", "MONTO_VIGENTE": "114778475", "F_ADJUDICACION": "2020-11-23 00:00:00.0", "F_TRAZON": "2020-11-23 00:00:00.0", "FECHA_INI": "2021-01-11 00:00:00.0", "FECHA_FIN": "2022-01-02 11:52:55.0", "URL_ACTA": "http://www.mercadopublico.cl/Procurement/Modules/RFB/StepsProcessAward/PreviewAwardAct.aspx?qs=cZS0uFMUrB/oSvDlp0TDYKDBYYo0wqST+3xRaFzzSuM=", "SERV_MAND": "SUBSECRETARIA DE DESARROLLO REGIONAL Y ADMINISTRATIVO - UNIDAD REGIONAL DE COQUIMBO", "SERV_CONTR": "MUNICIPALIDAD DE LA HIGUERA", "TIPO_FIN": "Presupuesto otro(s) organismo público", "PROC_CONTRATACION": "PU", "X_EXPE": "112888", "RUT_CONTRATIS": "76926039-0", "NOMBRE_CONTRATIS": "DEMART SPA", "CREADOPOR": "GEOCGR", "X": "-71.4619918609457", "Y": "-29.2497485345938", "Descripcion_1": "Los datos expuestos corresponden a la iniciativa GEO-CGR de la contraloria general de la republica, el cual busca disponer informacion de las obras públicas que se están construyendo, o que ya se construyeron en tu comuna durante el último tiempo. De cada obra, podrás obtener su ubicación, valor de la inversión, qué servicio público está a cargo de ella, qué empresa es responsable de su construcción, los plazos en que se inicia y termina la obra, entre otros detalles importantes. El Portal GEO-CGR posee toda la información que periódicamente registran y actualizan las distintas entidades (Ministerios, Servicios Públicos, Municipalidades, entre otras) sobre las obras públicas a nivel nacional, correspondientes a licitaciones públicas y privadas (selección de propuestas realizadas por distintos interesados). Durante este periodo, no se encuentran disponibles las obras contratadas por procedimiento de trato directo antes del año 2018 (aquellos que, por su naturaleza especial, emergencia, urgencia, imprevisto, entre otros, implican contratar directamente con un proveedor) y las concesiones.", "Origen Data": "Portal GEO-CGR de la Contraloría General de la República, Disponible en https://www.contraloria.cl/opencgrapp/geocgr/acerca . Ultima consulta de los datos: Abril 2025", "Titulo": "MEJORAMIENTO ALCANTARILLADO PUNTA DE CHOROS" }, "geometry": { "type": "Point", "coordinates": [ -71.461991860945702, -29.249748534593799 ] } },
{ "type": "Feature", "properties": { "fid": 30, "CODPROYECTO": "119977", "TREGION": "REGION DE COQUIMBO", "TCOMUNA": "LA HIGUERA", "DESCRIPCION": "CONSERVACIÓN PÉRGOLAS COLEGIO LA HIGUERA DESDE 3748-15-LP20", "CCLASIFICACION": "27", "CLASIFICACION": "Educación y cultura", "CODIGO_BIP": "30040058-0", "ID_MERCADO_PUB": "3748-10-SE20", "CODIGO_INI": "41042301941", "MONTO_CONTRATADO": "59797300", "MONTO_CONTRATADO_MP": "59797300", "MONTO_VIGENTE": "59797300", "F_ADJUDICACION": "2023-11-25 09:53:37.0", "F_TRAZON": "1900-01-01 00:00:00.0", "FECHA_INI": "2020-12-31 00:00:00.0", "FECHA_FIN": "2021-03-31 00:00:00.0", "URL_ACTA": "No Existe Registro", "SERV_MAND": "MINISTERIO DE EDUCACION - SECRETARIA REGIONAL MINISTERIAL DE EDUCACION DE LA REGION DE COQUIMBO", "SERV_CONTR": "MUNICIPALIDAD DE LA HIGUERA", "TIPO_FIN": "Presupuesto otro(s) organismo público", "PROC_CONTRATACION": "TD", "X_EXPE": "112827", "RUT_CONTRATIS": "12425197-4", "NOMBRE_CONTRATIS": "MAURICIO ALEJANDRO LEDEZMA GALLARDO", "CREADOPOR": "GEOCGR", "X": "-71.2029902017187", "Y": "-29.5109366141627", "Descripcion_1": "Los datos expuestos corresponden a la iniciativa GEO-CGR de la contraloria general de la republica, el cual busca disponer informacion de las obras públicas que se están construyendo, o que ya se construyeron en tu comuna durante el último tiempo. De cada obra, podrás obtener su ubicación, valor de la inversión, qué servicio público está a cargo de ella, qué empresa es responsable de su construcción, los plazos en que se inicia y termina la obra, entre otros detalles importantes. El Portal GEO-CGR posee toda la información que periódicamente registran y actualizan las distintas entidades (Ministerios, Servicios Públicos, Municipalidades, entre otras) sobre las obras públicas a nivel nacional, correspondientes a licitaciones públicas y privadas (selección de propuestas realizadas por distintos interesados). Durante este periodo, no se encuentran disponibles las obras contratadas por procedimiento de trato directo antes del año 2018 (aquellos que, por su naturaleza especial, emergencia, urgencia, imprevisto, entre otros, implican contratar directamente con un proveedor) y las concesiones.", "Origen Data": "Portal GEO-CGR de la Contraloría General de la República, Disponible en https://www.contraloria.cl/opencgrapp/geocgr/acerca . Ultima consulta de los datos: Abril 2025", "Titulo": "ORDEN DE COMPRA DESDE 3748-15-LP20" }, "geometry": { "type": "Point", "coordinates": [ -71.202990201718706, -29.510936614162699 ] } },
{ "type": "Feature", "properties": { "fid": 31, "CODPROYECTO": "112430", "TREGION": "REGION DE COQUIMBO", "TCOMUNA": "LA HIGUERA", "DESCRIPCION": "La Licitación comprende la ampliación de la sala de clases y actividades en la misma materialidad de ladrillo a la vista y estructura de hormigón, además de la sala de hábitos higiénicos y cocina. Se ejecutarán obras anexas como rampas de acceso, cambio de tabiquerías y recambio de artefactos sanitarios. También se deberá conectar el recinto al sistema de evacuación público de aguas servidas.", "CCLASIFICACION": "27", "CLASIFICACION": "Educación y cultura", "CODIGO_BIP": "40009451-0", "ID_MERCADO_PUB": "3748-8-LE19", "CODIGO_INI": "41041220014", "MONTO_CONTRATADO": "25066319", "MONTO_CONTRATADO_MP": "25066319", "MONTO_VIGENTE": "25066319", "F_ADJUDICACION": "2019-06-25 00:00:00.0", "F_TRAZON": "2019-06-25 00:00:00.0", "FECHA_INI": "2019-07-10 00:00:00.0", "FECHA_FIN": "2019-08-28 00:00:00.0", "URL_ACTA": "No Existe Registro", "SERV_MAND": "GOBIERNO REGIONAL DE COQUIMBO", "SERV_CONTR": "MUNICIPALIDAD DE LA HIGUERA", "TIPO_FIN": "Presupuesto otro(s) organismo público", "PROC_CONTRATACION": "PU", "X_EXPE": "106699", "RUT_CONTRATIS": "76682396-3", "NOMBRE_CONTRATIS": "Constructora Victor Alfredo Duran Guerra E.I.R.L.", "CREADOPOR": "GEOCGR", "X": "-71.2826293549592", "Y": "-29.6239082182139", "Descripcion_1": "Los datos expuestos corresponden a la iniciativa GEO-CGR de la contraloria general de la republica, el cual busca disponer informacion de las obras públicas que se están construyendo, o que ya se construyeron en tu comuna durante el último tiempo. De cada obra, podrás obtener su ubicación, valor de la inversión, qué servicio público está a cargo de ella, qué empresa es responsable de su construcción, los plazos en que se inicia y termina la obra, entre otros detalles importantes. El Portal GEO-CGR posee toda la información que periódicamente registran y actualizan las distintas entidades (Ministerios, Servicios Públicos, Municipalidades, entre otras) sobre las obras públicas a nivel nacional, correspondientes a licitaciones públicas y privadas (selección de propuestas realizadas por distintos interesados). Durante este periodo, no se encuentran disponibles las obras contratadas por procedimiento de trato directo antes del año 2018 (aquellos que, por su naturaleza especial, emergencia, urgencia, imprevisto, entre otros, implican contratar directamente con un proveedor) y las concesiones.", "Origen Data": "Portal GEO-CGR de la Contraloría General de la República, Disponible en https://www.contraloria.cl/opencgrapp/geocgr/acerca . Ultima consulta de los datos: Abril 2025", "Titulo": "AMPLIACIÓN JARDÍN INFANTIL CALETA LOS HORNOS" }, "geometry": { "type": "Point", "coordinates": [ -71.282629354959198, -29.623908218213899 ] } },
{ "type": "Feature", "properties": { "fid": 32, "CODPROYECTO": "127939", "TREGION": "REGION DE COQUIMBO", "TCOMUNA": "LA HIGUERA", "DESCRIPCION": "La Licitación comprende una construcción de 85,90 m2 que además contempla la demolición de la actual sede. Con la demolición de la actual sede, se construirá una sede de estructura de albañilería de ladrillo confinada y estucada con el siguiente programa arquitectónico: salón, 2 baños universales, 1 cocina y una bodega. además, el proyecto contempla accesibilidad universal mediante una vía inclusiva, una rampa con barandas metálicas y la reposición del cierre principal actual por uno de malla ACMAFOR 3d", "CCLASIFICACION": "28", "CLASIFICACION": "Areas verdes; esparcimiento y equipamiento vario urbano y rural", "CODIGO_BIP": "No Existe Registro", "ID_MERCADO_PUB": "3748-10-LP21", "CODIGO_INI": "0", "MONTO_CONTRATADO": "50266067", "MONTO_CONTRATADO_MP": "50266067", "MONTO_VIGENTE": "50266067", "F_ADJUDICACION": "2021-11-08 00:00:00.0", "F_TRAZON": "2021-11-08 00:00:00.0", "FECHA_INI": "2021-12-13 09:01:12.0", "FECHA_FIN": "2022-03-22 09:01:12.0", "URL_ACTA": "http://www.mercadopublico.cl/Procurement/Modules/RFB/StepsProcessAward/PreviewAwardAct.aspx?qs=wmbSwN0YrZP8FexxM69nYrMzpGG/yppUqB/hsM6ovJU=", "SERV_MAND": "SUBSECRETARIA DE DESARROLLO REGIONAL Y ADMINISTRATIVO - UNIDAD REGIONAL DE COQUIMBO", "SERV_CONTR": "MUNICIPALIDAD DE LA HIGUERA", "TIPO_FIN": "Presupuesto otro(s) organismo público", "PROC_CONTRATACION": "PU", "X_EXPE": "118084", "RUT_CONTRATIS": "9634251-9", "NOMBRE_CONTRATIS": "JORGE ANTONIO GOMEZ GREZ", "CREADOPOR": "GEOCGR", "X": "-71.4605766534805", "Y": "-29.2458703957835", "Descripcion_1": "Los datos expuestos corresponden a la iniciativa GEO-CGR de la contraloria general de la republica, el cual busca disponer informacion de las obras públicas que se están construyendo, o que ya se construyeron en tu comuna durante el último tiempo. De cada obra, podrás obtener su ubicación, valor de la inversión, qué servicio público está a cargo de ella, qué empresa es responsable de su construcción, los plazos en que se inicia y termina la obra, entre otros detalles importantes. El Portal GEO-CGR posee toda la información que periódicamente registran y actualizan las distintas entidades (Ministerios, Servicios Públicos, Municipalidades, entre otras) sobre las obras públicas a nivel nacional, correspondientes a licitaciones públicas y privadas (selección de propuestas realizadas por distintos interesados). Durante este periodo, no se encuentran disponibles las obras contratadas por procedimiento de trato directo antes del año 2018 (aquellos que, por su naturaleza especial, emergencia, urgencia, imprevisto, entre otros, implican contratar directamente con un proveedor) y las concesiones.", "Origen Data": "Portal GEO-CGR de la Contraloría General de la República, Disponible en https://www.contraloria.cl/opencgrapp/geocgr/acerca . Ultima consulta de los datos: Abril 2025", "Titulo": "REPOSICIÓN SEDE ADULTO MAYOR PUNTA DE CHOROS" }, "geometry": { "type": "Point", "coordinates": [ -71.460576653480501, -29.245870395783498 ] } },
{ "type": "Feature", "properties": { "fid": 33, "CODPROYECTO": "135314", "TREGION": "REGION DE COQUIMBO", "TCOMUNA": "LA HIGUERA", "DESCRIPCION": "de Mejoramiento Vías de Evacuación Localidades, Punta de Choros, comuna de La Higuera", "CCLASIFICACION": "23", "CLASIFICACION": "Transporte terrestre", "CODIGO_BIP": "30392334-0", "ID_MERCADO_PUB": "894863-67-O122", "CODIGO_INI": "No Existe Registro", "MONTO_CONTRATADO": "1234045118", "MONTO_CONTRATADO_MP": "1234045118", "MONTO_VIGENTE": "1234045118", "F_ADJUDICACION": "2022-12-27 00:00:00.0", "F_TRAZON": "2022-12-27 00:00:00.0", "FECHA_INI": "2023-01-23 10:49:27.0", "FECHA_FIN": "2024-02-17 10:49:27.0", "URL_ACTA": "http://www.mercadopublico.cl/Procurement/Modules/RFB/StepsProcessAward/PreviewAwardAct.aspx?qs=PUOfZL2ZcKG8mpePuz7ilOxJfOCm7xB/m0wDyB7ExFM=", "SERV_MAND": "SERVIU - SERVICIO DE VIVIENDA Y URBANIZACION DE COQUIMBO", "SERV_CONTR": "SERVIU - SERVICIO DE VIVIENDA Y URBANIZACION DE COQUIMBO", "TIPO_FIN": "Presupuesto propio", "PROC_CONTRATACION": "PU", "X_EXPE": "123744", "RUT_CONTRATIS": "77530630-0", "NOMBRE_CONTRATIS": "CONSTRUCTORA RIO CRISTAL LIMITADA", "CREADOPOR": "GEOCGR", "X": "-71.4616978168487", "Y": "-29.2420485963748", "Descripcion_1": "Los datos expuestos corresponden a la iniciativa GEO-CGR de la contraloria general de la republica, el cual busca disponer informacion de las obras públicas que se están construyendo, o que ya se construyeron en tu comuna durante el último tiempo. De cada obra, podrás obtener su ubicación, valor de la inversión, qué servicio público está a cargo de ella, qué empresa es responsable de su construcción, los plazos en que se inicia y termina la obra, entre otros detalles importantes. El Portal GEO-CGR posee toda la información que periódicamente registran y actualizan las distintas entidades (Ministerios, Servicios Públicos, Municipalidades, entre otras) sobre las obras públicas a nivel nacional, correspondientes a licitaciones públicas y privadas (selección de propuestas realizadas por distintos interesados). Durante este periodo, no se encuentran disponibles las obras contratadas por procedimiento de trato directo antes del año 2018 (aquellos que, por su naturaleza especial, emergencia, urgencia, imprevisto, entre otros, implican contratar directamente con un proveedor) y las concesiones.", "Origen Data": "Portal GEO-CGR de la Contraloría General de la República, Disponible en https://www.contraloria.cl/opencgrapp/geocgr/acerca . Ultima consulta de los datos: Abril 2025", "Titulo": "MEJORAMIENTO VIAS DE EVACUACION LOCALIDADES COSTER" }, "geometry": { "type": "Point", "coordinates": [ -71.461697816848698, -29.242048596374801 ] } },
{ "type": "Feature", "properties": { "fid": 34, "CODPROYECTO": "148092", "TREGION": "REGION DE COQUIMBO", "TCOMUNA": "LA HIGUERA", "DESCRIPCION": "En términos generales, se trata de obras adicionales en el marco de la conservación de la Multicancha de la localidad de Caleta los Hornos en la Comuna de La Higuera. Las obras hacen referencia a las siguientes partidas: Obras preliminares: Instalación de faenas, Obras cancha: Hormigonado de Multicancha, Sistema evacuación A.LL.: Confección de barbacanas y drenes evacuación A.LL., Obras rampa: Proyección de baranda en zonas indicadas y reubicación de palmetas podotáctil., Terminación: Pintura de superficie, áreas de juego y elementos metálicos. Reubicación de arcos de fútboltableros de basquetbol y elevación de cámaras eléctricas existentes.", "CCLASIFICACION": "29", "CLASIFICACION": "Deporte", "CODIGO_BIP": "No Existe Registro", "ID_MERCADO_PUB": "3748-9-LE24", "CODIGO_INI": "41042202203", "MONTO_CONTRATADO": "29751000", "MONTO_CONTRATADO_MP": "29751000", "MONTO_VIGENTE": "29751000", "F_ADJUDICACION": "2024-09-24 00:00:00.0", "F_TRAZON": "2024-09-24 00:00:00.0", "FECHA_INI": "2024-10-14 05:45:08.0", "FECHA_FIN": "2024-12-12 05:45:08.0", "URL_ACTA": "http://www.mercadopublico.cl/Procurement/Modules/RFB/StepsProcessAward/PreviewAwardAct.aspx?qs=pYmww8Q6PLiTDzgNnrNg+Duq7kXwfzluFSdS3VC9KW8=", "SERV_MAND": "SERVIU - SERVICIO DE VIVIENDA Y URBANIZACION DE COQUIMBO", "SERV_CONTR": "MUNICIPALIDAD DE LA HIGUERA", "TIPO_FIN": "Presupuesto propio y otros organismos públicos", "PROC_CONTRATACION": "PU", "X_EXPE": "134202", "RUT_CONTRATIS": "12425197-4", "NOMBRE_CONTRATIS": "MAURICIO ALEJANDRO LEDEZMA GALLARDO", "CREADOPOR": "GEOCGR", "X": "-71.284521818161", "Y": "-29.6235364417318", "Descripcion_1": "Los datos expuestos corresponden a la iniciativa GEO-CGR de la contraloria general de la republica, el cual busca disponer informacion de las obras públicas que se están construyendo, o que ya se construyeron en tu comuna durante el último tiempo. De cada obra, podrás obtener su ubicación, valor de la inversión, qué servicio público está a cargo de ella, qué empresa es responsable de su construcción, los plazos en que se inicia y termina la obra, entre otros detalles importantes. El Portal GEO-CGR posee toda la información que periódicamente registran y actualizan las distintas entidades (Ministerios, Servicios Públicos, Municipalidades, entre otras) sobre las obras públicas a nivel nacional, correspondientes a licitaciones públicas y privadas (selección de propuestas realizadas por distintos interesados). Durante este periodo, no se encuentran disponibles las obras contratadas por procedimiento de trato directo antes del año 2018 (aquellos que, por su naturaleza especial, emergencia, urgencia, imprevisto, entre otros, implican contratar directamente con un proveedor) y las concesiones.", "Origen Data": "Portal GEO-CGR de la Contraloría General de la República, Disponible en https://www.contraloria.cl/opencgrapp/geocgr/acerca . Ultima consulta de los datos: Abril 2025", "Titulo": "PAVIMENTACIÓN Y OBRAS CONSERVACIÓN MULTICANCHA" }, "geometry": { "type": "Point", "coordinates": [ -71.284521818160997, -29.623536441731801 ] } },
{ "type": "Feature", "properties": { "fid": 35, "CODPROYECTO": "102018", "TREGION": "REGION DE COQUIMBO", "TCOMUNA": "LA HIGUERA", "DESCRIPCION": "La licitación comprende un mejoramiento a la sede CD Sol de Mar en cuanto a pinturas, reposición de equipos de iluminación y acceso, además se construirá cocina y baños, cierre perimetral y pavimentación de patio.", "CCLASIFICACION": "28", "CLASIFICACION": "Areas verdes; esparcimiento y equipamiento vario urbano y rural", "CODIGO_BIP": "30463677-0", "ID_MERCADO_PUB": "3748-12-LE17", "CODIGO_INI": "41041220183", "MONTO_CONTRATADO": "22689076", "MONTO_CONTRATADO_MP": "22689076", "MONTO_VIGENTE": "22689076", "F_ADJUDICACION": "2018-01-05 00:00:00.0", "F_TRAZON": "2018-01-05 00:00:00.0", "FECHA_INI": "2018-01-29 00:00:00.0", "FECHA_FIN": "2018-04-21 00:00:00.0", "URL_ACTA": "No Existe Registro", "SERV_MAND": "GOBIERNO REGIONAL DE COQUIMBO", "SERV_CONTR": "MUNICIPALIDAD DE LA HIGUERA", "TIPO_FIN": "Presupuesto otro(s) organismo público", "PROC_CONTRATACION": "PU", "X_EXPE": "98790", "RUT_CONTRATIS": "12425197-4", "NOMBRE_CONTRATIS": "MAURICIO ALEJANDRO LEDEZMA GALLARDO", "CREADOPOR": "GEOCGR", "X": "-71.2829393148422", "Y": "-29.6241216773315", "Descripcion_1": "Los datos expuestos corresponden a la iniciativa GEO-CGR de la contraloria general de la republica, el cual busca disponer informacion de las obras públicas que se están construyendo, o que ya se construyeron en tu comuna durante el último tiempo. De cada obra, podrás obtener su ubicación, valor de la inversión, qué servicio público está a cargo de ella, qué empresa es responsable de su construcción, los plazos en que se inicia y termina la obra, entre otros detalles importantes. El Portal GEO-CGR posee toda la información que periódicamente registran y actualizan las distintas entidades (Ministerios, Servicios Públicos, Municipalidades, entre otras) sobre las obras públicas a nivel nacional, correspondientes a licitaciones públicas y privadas (selección de propuestas realizadas por distintos interesados). Durante este periodo, no se encuentran disponibles las obras contratadas por procedimiento de trato directo antes del año 2018 (aquellos que, por su naturaleza especial, emergencia, urgencia, imprevisto, entre otros, implican contratar directamente con un proveedor) y las concesiones.", "Origen Data": "Portal GEO-CGR de la Contraloría General de la República, Disponible en https://www.contraloria.cl/opencgrapp/geocgr/acerca . Ultima consulta de los datos: Abril 2025", "Titulo": "AMPLIACIÓN SEDE CD SOL DE MAR, CALETA LOS HORNOS" }, "geometry": { "type": "Point", "coordinates": [ -71.282939314842196, -29.624121677331502 ] } },
{ "type": "Feature", "properties": { "fid": 36, "CODPROYECTO": "116983", "TREGION": "REGION DE COQUIMBO", "TCOMUNA": "LA HIGUERA", "DESCRIPCION": "La Licitación comprende en términos generales la construcción de una nueva sede social, con una superficie total de 99,96 m2, en base a tabiquería de Metalcòn, revestida exteriormente con Sidding, la cual cuenta con la habilitación de un salón multiuso, piso de salón, sector cocina y servicios higiénicos.", "CCLASIFICACION": "28", "CLASIFICACION": "Areas verdes; esparcimiento y equipamiento vario urbano y rural", "CODIGO_BIP": "No Existe Registro", "ID_MERCADO_PUB": "3748-4-LP20", "CODIGO_INI": "41041201880", "MONTO_CONTRATADO": "44247179", "MONTO_CONTRATADO_MP": "44247179", "MONTO_VIGENTE": "44247179", "F_ADJUDICACION": "2020-04-27 00:00:00.0", "F_TRAZON": "2020-04-27 00:00:00.0", "FECHA_INI": "2020-05-18 00:00:00.0", "FECHA_FIN": "2020-08-15 00:00:00.0", "URL_ACTA": "http://www.mercadopublico.cl/Procurement/Modules/RFB/StepsProcessAward/PreviewAwardAct.aspx?qs=C+L98+QkcJPEl9hHOvxRx6WjU1uMWzvay54YnhprY/w=", "SERV_MAND": "MUNICIPALIDAD DE LA HIGUERA", "SERV_CONTR": "MUNICIPALIDAD DE LA HIGUERA", "TIPO_FIN": "Presupuesto otro(s) organismo público", "PROC_CONTRATACION": "PU", "X_EXPE": "110370", "RUT_CONTRATIS": "76926039-0", "NOMBRE_CONTRATIS": "DEMART SPA", "CREADOPOR": "GEOCGR", "X": "-71.2994314616614", "Y": "-29.446614916912", "Descripcion_1": "Los datos expuestos corresponden a la iniciativa GEO-CGR de la contraloria general de la republica, el cual busca disponer informacion de las obras públicas que se están construyendo, o que ya se construyeron en tu comuna durante el último tiempo. De cada obra, podrás obtener su ubicación, valor de la inversión, qué servicio público está a cargo de ella, qué empresa es responsable de su construcción, los plazos en que se inicia y termina la obra, entre otros detalles importantes. El Portal GEO-CGR posee toda la información que periódicamente registran y actualizan las distintas entidades (Ministerios, Servicios Públicos, Municipalidades, entre otras) sobre las obras públicas a nivel nacional, correspondientes a licitaciones públicas y privadas (selección de propuestas realizadas por distintos interesados). Durante este periodo, no se encuentran disponibles las obras contratadas por procedimiento de trato directo antes del año 2018 (aquellos que, por su naturaleza especial, emergencia, urgencia, imprevisto, entre otros, implican contratar directamente con un proveedor) y las concesiones.", "Origen Data": "Portal GEO-CGR de la Contraloría General de la República, Disponible en https://www.contraloria.cl/opencgrapp/geocgr/acerca . Ultima consulta de los datos: Abril 2025", "Titulo": "REPOSICIÓN SEDE A.M. NUEVO AMANECER CHUNGUNGO" }, "geometry": { "type": "Point", "coordinates": [ -71.299431461661399, -29.446614916912001 ] } },
{ "type": "Feature", "properties": { "fid": 37, "CODPROYECTO": "127500", "TREGION": "REGION DE COQUIMBO", "TCOMUNA": "LA HIGUERA", "DESCRIPCION": "La Licitación comprende una construcción de 132,4 m2 en una estructura de albañilería reforzada de ladrillos en sus muros estructurales perimetrales, con muros interiores del mismo material y además de rampas de accesibilidad universal. Esto con el objeto de asegurar el funcionamiento del edificio ante eventos de tipo catastrófico. La construcción tendrá las dimensiones adecuadas para satisfacer las necesidades de las diversas agrupaciones y así poder dar un buen uso a la sala de actividades, Además se deberá considerar conectar toda la red de evacuación de residuos al colector público de alcantarillado existente en la localidad así como a la red de agua potable y la red pública de electricidad.", "CCLASIFICACION": "28", "CLASIFICACION": "Areas verdes; esparcimiento y equipamiento vario urbano y rural", "CODIGO_BIP": "40024812-0", "ID_MERCADO_PUB": "3748-7-LP21", "CODIGO_INI": "41040521039", "MONTO_CONTRATADO": "81231679", "MONTO_CONTRATADO_MP": "81231679", "MONTO_VIGENTE": "81231679", "F_ADJUDICACION": "2021-10-18 00:00:00.0", "F_TRAZON": "2021-10-18 00:00:00.0", "FECHA_INI": "2021-11-16 10:51:54.0", "FECHA_FIN": "2022-04-19 10:51:54.0", "URL_ACTA": "http://www.mercadopublico.cl/Procurement/Modules/RFB/StepsProcessAward/PreviewAwardAct.aspx?qs=WAFNTTEn6SElzdhhVRGubaPlxf9iQ66TPj/5c0q7PNk=", "SERV_MAND": "GOBIERNO REGIONAL DE COQUIMBO", "SERV_CONTR": "MUNICIPALIDAD DE LA HIGUERA", "TIPO_FIN": "Presupuesto otro(s) organismo público", "PROC_CONTRATACION": "PU", "X_EXPE": "117762", "RUT_CONTRATIS": "76087061-7", "NOMBRE_CONTRATIS": "ALARCON Y FAMILIA LIMITADA", "CREADOPOR": "GEOCGR", "X": "-71.279839972626", "Y": "-29.6270736488543", "Descripcion_1": "Los datos expuestos corresponden a la iniciativa GEO-CGR de la contraloria general de la republica, el cual busca disponer informacion de las obras públicas que se están construyendo, o que ya se construyeron en tu comuna durante el último tiempo. De cada obra, podrás obtener su ubicación, valor de la inversión, qué servicio público está a cargo de ella, qué empresa es responsable de su construcción, los plazos en que se inicia y termina la obra, entre otros detalles importantes. El Portal GEO-CGR posee toda la información que periódicamente registran y actualizan las distintas entidades (Ministerios, Servicios Públicos, Municipalidades, entre otras) sobre las obras públicas a nivel nacional, correspondientes a licitaciones públicas y privadas (selección de propuestas realizadas por distintos interesados). Durante este periodo, no se encuentran disponibles las obras contratadas por procedimiento de trato directo antes del año 2018 (aquellos que, por su naturaleza especial, emergencia, urgencia, imprevisto, entre otros, implican contratar directamente con un proveedor) y las concesiones.", "Origen Data": "Portal GEO-CGR de la Contraloría General de la República, Disponible en https://www.contraloria.cl/opencgrapp/geocgr/acerca . Ultima consulta de los datos: Abril 2025", "Titulo": "CONSTRUCCIÓN SEDE MULTIUSO CALETA LOS HORNOS" }, "geometry": { "type": "Point", "coordinates": [ -71.279839972625993, -29.627073648854299 ] } },
{ "type": "Feature", "properties": { "fid": 38, "CODPROYECTO": "135315", "TREGION": "REGION DE COQUIMBO", "TCOMUNA": "LA HIGUERA", "DESCRIPCION": "de Mejoramiento Vías de Evacuación Localidades, Punta de Choros, comuna de La Higuera", "CCLASIFICACION": "23", "CLASIFICACION": "Transporte terrestre", "CODIGO_BIP": "30392334-0", "ID_MERCADO_PUB": "894863-67-O122", "CODIGO_INI": "No Existe Registro", "MONTO_CONTRATADO": "1234045118", "MONTO_CONTRATADO_MP": "1234045118", "MONTO_VIGENTE": "1234045118", "F_ADJUDICACION": "2022-12-27 00:00:00.0", "F_TRAZON": "2022-12-27 00:00:00.0", "FECHA_INI": "2023-01-23 10:49:27.0", "FECHA_FIN": "2024-02-17 10:49:27.0", "URL_ACTA": "http://www.mercadopublico.cl/Procurement/Modules/RFB/StepsProcessAward/PreviewAwardAct.aspx?qs=PUOfZL2ZcKG8mpePuz7ilOxJfOCm7xB/m0wDyB7ExFM=", "SERV_MAND": "SERVIU - SERVICIO DE VIVIENDA Y URBANIZACION DE COQUIMBO", "SERV_CONTR": "SERVIU - SERVICIO DE VIVIENDA Y URBANIZACION DE COQUIMBO", "TIPO_FIN": "Presupuesto propio", "PROC_CONTRATACION": "PU", "X_EXPE": "123745", "RUT_CONTRATIS": "77530630-0", "NOMBRE_CONTRATIS": "CONSTRUCTORA RIO CRISTAL LIMITADA", "CREADOPOR": "GEOCGR", "X": "-71.4616227149963", "Y": "-29.2418754067382", "Descripcion_1": "Los datos expuestos corresponden a la iniciativa GEO-CGR de la contraloria general de la republica, el cual busca disponer informacion de las obras públicas que se están construyendo, o que ya se construyeron en tu comuna durante el último tiempo. De cada obra, podrás obtener su ubicación, valor de la inversión, qué servicio público está a cargo de ella, qué empresa es responsable de su construcción, los plazos en que se inicia y termina la obra, entre otros detalles importantes. El Portal GEO-CGR posee toda la información que periódicamente registran y actualizan las distintas entidades (Ministerios, Servicios Públicos, Municipalidades, entre otras) sobre las obras públicas a nivel nacional, correspondientes a licitaciones públicas y privadas (selección de propuestas realizadas por distintos interesados). Durante este periodo, no se encuentran disponibles las obras contratadas por procedimiento de trato directo antes del año 2018 (aquellos que, por su naturaleza especial, emergencia, urgencia, imprevisto, entre otros, implican contratar directamente con un proveedor) y las concesiones.", "Origen Data": "Portal GEO-CGR de la Contraloría General de la República, Disponible en https://www.contraloria.cl/opencgrapp/geocgr/acerca . Ultima consulta de los datos: Abril 2025", "Titulo": "MEJORAMIENTO VIAS DE EVACUACION LOCALIDADES COSTER" }, "geometry": { "type": "Point", "coordinates": [ -71.461622714996295, -29.241875406738199 ] } },
{ "type": "Feature", "properties": { "fid": 39, "CODPROYECTO": "90872", "TREGION": "REGION DE COQUIMBO", "TCOMUNA": "LA HIGUERA", "DESCRIPCION": "Mejorar el sistema de alcantarillado, cocina, bodega, baño y comedor, lo que corresponde a la ejecución de un nuevo tramo de la red de evacuación y una ampliación de edificación en la Escuela Pedro Pablo Muñoz de La Higuera, Región de Coquimbo.", "CCLASIFICACION": "27", "CLASIFICACION": "Educación y cultura", "CODIGO_BIP": "00000000-0", "ID_MERCADO_PUB": "3748-4-LP16", "CODIGO_INI": "3,102E+11", "MONTO_CONTRATADO": "63697479", "MONTO_CONTRATADO_MP": "63697479", "MONTO_VIGENTE": "63697479", "F_ADJUDICACION": "2016-04-12 00:00:00.0", "F_TRAZON": "2016-04-12 00:00:00.0", "FECHA_INI": "2016-04-27 00:00:00.0", "FECHA_FIN": "2016-08-13 00:00:00.0", "URL_ACTA": "http://www.mercadopublico.cl/Procurement/Modules/RFB/StepsProcessAward/PreviewAwardAct.aspx?qs=mI3rB+rmRq9LgG1R9TLNX/4j74NWU/WYRnRnbZgShik=", "SERV_MAND": "MINISTERIO DE EDUCACION - SECRETARIA REGIONAL MINISTERIAL DE EDUCACION DE LA REGION DE COQUIMBO", "SERV_CONTR": "MUNICIPALIDAD DE LA HIGUERA", "TIPO_FIN": "Presupuesto otro(s) organismo público", "PROC_CONTRATACION": "PU", "X_EXPE": "88984", "RUT_CONTRATIS": "12425197-4", "NOMBRE_CONTRATIS": "MAURICIO ALEJANDRO LEDEZMA GALLARDO", "CREADOPOR": "GEOCGR", "X": "-71.2026876211166", "Y": "-29.5106157551006", "Descripcion_1": "Los datos expuestos corresponden a la iniciativa GEO-CGR de la contraloria general de la republica, el cual busca disponer informacion de las obras públicas que se están construyendo, o que ya se construyeron en tu comuna durante el último tiempo. De cada obra, podrás obtener su ubicación, valor de la inversión, qué servicio público está a cargo de ella, qué empresa es responsable de su construcción, los plazos en que se inicia y termina la obra, entre otros detalles importantes. El Portal GEO-CGR posee toda la información que periódicamente registran y actualizan las distintas entidades (Ministerios, Servicios Públicos, Municipalidades, entre otras) sobre las obras públicas a nivel nacional, correspondientes a licitaciones públicas y privadas (selección de propuestas realizadas por distintos interesados). Durante este periodo, no se encuentran disponibles las obras contratadas por procedimiento de trato directo antes del año 2018 (aquellos que, por su naturaleza especial, emergencia, urgencia, imprevisto, entre otros, implican contratar directamente con un proveedor) y las concesiones.", "Origen Data": "Portal GEO-CGR de la Contraloría General de la República, Disponible en https://www.contraloria.cl/opencgrapp/geocgr/acerca . Ultima consulta de los datos: Abril 2025", "Titulo": "MEJORAMIENTO ESCUELA PEDRO PABLO MUÑOZ, LA HIGUERA" }, "geometry": { "type": "Point", "coordinates": [ -71.202687621116596, -29.510615755100599 ] } },
{ "type": "Feature", "properties": { "fid": 40, "CODPROYECTO": "102720", "TREGION": "REGION DE COQUIMBO", "TCOMUNA": "LA HIGUERA", "DESCRIPCION": "La Licitación comprende la construcción de un nuevo gimnasio cubierto, el cual contará con máquinas de ejercicios e iluminación para esto se construirán muretes perimetrales, los cuales soportarán la base de pasto sintético, con sus respectivos accesos para minusválidos. Una vez construidos los muretes e instalado el pasto y para dar solución al tema de la excesiva exposición al sol, se deberá construir los tres módulos de sombreaderos de madera, además se instalarán las máquinas de ejercicios, los escaños y una reja perimetral frontal. Para dar solución al tema de la ocupación del espacio en horario nocturno se instalará un sistema de iluminación estanco para espacios públicos expuestos, conectado al sistema público de electrificación.", "CCLASIFICACION": "28", "CLASIFICACION": "Areas verdes; esparcimiento y equipamiento vario urbano y rural", "CODIGO_BIP": "No Existe Registro", "ID_MERCADO_PUB": "3748-3-CO18", "CODIGO_INI": "41041220165", "MONTO_CONTRATADO": "8074471", "MONTO_CONTRATADO_MP": "8074471", "MONTO_VIGENTE": "8074471", "F_ADJUDICACION": "2018-02-09 00:00:00.0", "F_TRAZON": "2018-02-09 00:00:00.0", "FECHA_INI": "2018-02-26 00:00:00.0", "FECHA_FIN": "2018-04-26 00:00:00.0", "URL_ACTA": "No Existe Registro", "SERV_MAND": "SUBSECRETARIA DE DESARROLLO REGIONAL Y ADMINISTRATIVO - UNIDAD REGIONAL DE COQUIMBO", "SERV_CONTR": "MUNICIPALIDAD DE LA HIGUERA", "TIPO_FIN": "Presupuesto otro(s) organismo público", "PROC_CONTRATACION": "PR", "X_EXPE": "99328", "RUT_CONTRATIS": "76355364-7", "NOMBRE_CONTRATIS": "jorge oscar astudillo garcia EIRL", "CREADOPOR": "GEOCGR", "X": "-71.2042835354805", "Y": "-29.5131553667212", "Descripcion_1": "Los datos expuestos corresponden a la iniciativa GEO-CGR de la contraloria general de la republica, el cual busca disponer informacion de las obras públicas que se están construyendo, o que ya se construyeron en tu comuna durante el último tiempo. De cada obra, podrás obtener su ubicación, valor de la inversión, qué servicio público está a cargo de ella, qué empresa es responsable de su construcción, los plazos en que se inicia y termina la obra, entre otros detalles importantes. El Portal GEO-CGR posee toda la información que periódicamente registran y actualizan las distintas entidades (Ministerios, Servicios Públicos, Municipalidades, entre otras) sobre las obras públicas a nivel nacional, correspondientes a licitaciones públicas y privadas (selección de propuestas realizadas por distintos interesados). Durante este periodo, no se encuentran disponibles las obras contratadas por procedimiento de trato directo antes del año 2018 (aquellos que, por su naturaleza especial, emergencia, urgencia, imprevisto, entre otros, implican contratar directamente con un proveedor) y las concesiones.", "Origen Data": "Portal GEO-CGR de la Contraloría General de la República, Disponible en https://www.contraloria.cl/opencgrapp/geocgr/acerca . Ultima consulta de los datos: Abril 2025", "Titulo": "CONSTRUCCIÓN GIMNASIO AL AIRE LIBRE LA HIGUERA" }, "geometry": { "type": "Point", "coordinates": [ -71.204283535480499, -29.5131553667212 ] } },
{ "type": "Feature", "properties": { "fid": 41, "CODPROYECTO": "112360", "TREGION": "REGION DE COQUIMBO", "TCOMUNA": "LA HIGUERA", "DESCRIPCION": "Comprende la mantención y reparación de la línea N°2 de la Plata de Tratamiento de Aguas Servidas de Caleta los Hornos.", "CCLASIFICACION": "26", "CLASIFICACION": "Salud y sanidad", "CODIGO_BIP": "No Existe Registro", "ID_MERCADO_PUB": "3748-8-SE19", "CODIGO_INI": "41041200181", "MONTO_CONTRATADO": "3679687", "MONTO_CONTRATADO_MP": "3679687", "MONTO_VIGENTE": "3679687", "F_ADJUDICACION": "2019-07-01 00:00:00.0", "F_TRAZON": "2019-07-01 00:00:00.0", "FECHA_INI": "2019-06-28 00:00:00.0", "FECHA_FIN": "2019-07-12 00:00:00.0", "URL_ACTA": "No Existe Registro", "SERV_MAND": "MUNICIPALIDAD DE LA HIGUERA", "SERV_CONTR": "MUNICIPALIDAD DE LA HIGUERA", "TIPO_FIN": "Presupuesto propio", "PROC_CONTRATACION": "TD", "X_EXPE": "106645", "RUT_CONTRATIS": "77748810-4", "NOMBRE_CONTRATIS": "Operplant Service SpA", "CREADOPOR": "GEOCGR", "X": "-71.2838985497038", "Y": "-29.6201696062437", "Descripcion_1": "Los datos expuestos corresponden a la iniciativa GEO-CGR de la contraloria general de la republica, el cual busca disponer informacion de las obras públicas que se están construyendo, o que ya se construyeron en tu comuna durante el último tiempo. De cada obra, podrás obtener su ubicación, valor de la inversión, qué servicio público está a cargo de ella, qué empresa es responsable de su construcción, los plazos en que se inicia y termina la obra, entre otros detalles importantes. El Portal GEO-CGR posee toda la información que periódicamente registran y actualizan las distintas entidades (Ministerios, Servicios Públicos, Municipalidades, entre otras) sobre las obras públicas a nivel nacional, correspondientes a licitaciones públicas y privadas (selección de propuestas realizadas por distintos interesados). Durante este periodo, no se encuentran disponibles las obras contratadas por procedimiento de trato directo antes del año 2018 (aquellos que, por su naturaleza especial, emergencia, urgencia, imprevisto, entre otros, implican contratar directamente con un proveedor) y las concesiones.", "Origen Data": "Portal GEO-CGR de la Contraloría General de la República, Disponible en https://www.contraloria.cl/opencgrapp/geocgr/acerca . Ultima consulta de los datos: Abril 2025", "Titulo": "MANTENCIÓN Y REPARACIÓN PTAS DE CALETA LOS HORNOS" }, "geometry": { "type": "Point", "coordinates": [ -71.283898549703807, -29.620169606243699 ] } },
{ "type": "Feature", "properties": { "fid": 42, "CODPROYECTO": "136495", "TREGION": "REGION DE COQUIMBO", "TCOMUNA": "LA HIGUERA", "DESCRIPCION": "En términos generales, se trata de la conservación de la Multicancha de la localidad de Caleta los Hornos en la Comuna de La Higuera. La obra se divide en Obras preliminares, instalación de cierre perimetral de malla sobre muro existente, la reparación de muro de bloque existente, reparación de cancha, reposición de graderías de madera, reparación de luminarias, normalización de accesibilidad universal, reposición de portón de acceso, pavimentos e instalación de mobiliario y otros elementos detallados en proyecto anexo. Modalidades de contrato: A suma alzada. Nombre del proyecto:  CONSERVACIÓN MULTICANCHA, CALETA LOS HORNOS, Obras de urbanización existentes: Red de Agua Potable Rural, Electricidad, Sistema Público Rural de Evacuación de Aguas Servidas. Financiamiento: Programa Pequeñas Localidades del MINVU.", "CCLASIFICACION": "29", "CLASIFICACION": "Deporte", "CODIGO_BIP": "No Existe Registro", "ID_MERCADO_PUB": "3748-2-LP23", "CODIGO_INI": "1,14053E+11", "MONTO_CONTRATADO": "60168879", "MONTO_CONTRATADO_MP": "60168879", "MONTO_VIGENTE": "60168879", "F_ADJUDICACION": "2023-02-28 00:00:00.0", "F_TRAZON": "2023-02-28 00:00:00.0", "FECHA_INI": "2023-04-03 02:56:17.0", "FECHA_FIN": "2023-07-10 02:56:17.0", "URL_ACTA": "http://www.mercadopublico.cl/Procurement/Modules/RFB/StepsProcessAward/PreviewAwardAct.aspx?qs=xUnGsP4vs+uzx7Z66xruShOgXBXsdMJu4brkvtntgCo=", "SERV_MAND": "SUBSECRETARIA DE DESARROLLO REGIONAL Y ADMINISTRATIVO - UNIDAD REGIONAL DE COQUIMBO", "SERV_CONTR": "MUNICIPALIDAD DE LA HIGUERA", "TIPO_FIN": "Presupuesto otro(s) organismo público", "PROC_CONTRATACION": "PU", "X_EXPE": "124614", "RUT_CONTRATIS": "76926039-0", "NOMBRE_CONTRATIS": "DEMART SPA", "CREADOPOR": "GEOCGR", "X": "-71.2851011753082", "Y": "-29.6240587238644", "Descripcion_1": "Los datos expuestos corresponden a la iniciativa GEO-CGR de la contraloria general de la republica, el cual busca disponer informacion de las obras públicas que se están construyendo, o que ya se construyeron en tu comuna durante el último tiempo. De cada obra, podrás obtener su ubicación, valor de la inversión, qué servicio público está a cargo de ella, qué empresa es responsable de su construcción, los plazos en que se inicia y termina la obra, entre otros detalles importantes. El Portal GEO-CGR posee toda la información que periódicamente registran y actualizan las distintas entidades (Ministerios, Servicios Públicos, Municipalidades, entre otras) sobre las obras públicas a nivel nacional, correspondientes a licitaciones públicas y privadas (selección de propuestas realizadas por distintos interesados). Durante este periodo, no se encuentran disponibles las obras contratadas por procedimiento de trato directo antes del año 2018 (aquellos que, por su naturaleza especial, emergencia, urgencia, imprevisto, entre otros, implican contratar directamente con un proveedor) y las concesiones.", "Origen Data": "Portal GEO-CGR de la Contraloría General de la República, Disponible en https://www.contraloria.cl/opencgrapp/geocgr/acerca . Ultima consulta de los datos: Abril 2025", "Titulo": "CONSERVACIÓN MULTICANCHA CALETA LOS HORNOS" }, "geometry": { "type": "Point", "coordinates": [ -71.285101175308199, -29.624058723864401 ] } },
{ "type": "Feature", "properties": { "fid": 43, "CODPROYECTO": "117880", "TREGION": "REGION DE COQUIMBO", "TCOMUNA": "LA HIGUERA", "DESCRIPCION": "La Licitación comprende la instalación de mobiliario urbano bancas de hormigón, bebedero, topes vehiculares, luminaria, con pavimento de adocretos en el acceso vehicular todo confinado en solerillas. Se proyecta en el sector del juego, tierra tipo maicillo y el juego inclusivo se proyecta en el sector de pastelones. Se proyecta el sombreadero con perfilería en acero.", "CCLASIFICACION": "28", "CLASIFICACION": "Areas verdes; esparcimiento y equipamiento vario urbano y rural", "CODIGO_BIP": "40009461-0", "ID_MERCADO_PUB": "3748-8-CO20", "CODIGO_INI": "41041200132", "MONTO_CONTRATADO": "21341763", "MONTO_CONTRATADO_MP": "21341763", "MONTO_VIGENTE": "21341763", "F_ADJUDICACION": "2020-07-06 00:00:00.0", "F_TRAZON": "2020-07-06 00:00:00.0", "FECHA_INI": "2020-07-23 00:00:00.0", "FECHA_FIN": "2020-10-08 00:00:00.0", "URL_ACTA": "http://www.mercadopublico.cl/Procurement/Modules/RFB/StepsProcessAward/PreviewAwardAct.aspx?qs=qsjq4vqTCK4HML3SP4HEuvMZhxFhr6GwNO9k7Gxlun4=", "SERV_MAND": "MUNICIPALIDAD DE LA HIGUERA", "SERV_CONTR": "GOBIERNO REGIONAL DE COQUIMBO", "TIPO_FIN": "Presupuesto otro(s) organismo público", "PROC_CONTRATACION": "PR", "X_EXPE": "111055", "RUT_CONTRATIS": "76926039-0", "NOMBRE_CONTRATIS": "DEMART SPA", "CREADOPOR": "GEOCGR", "X": "-71.4620950540068", "Y": "-29.2458137844459", "Descripcion_1": "Los datos expuestos corresponden a la iniciativa GEO-CGR de la contraloria general de la republica, el cual busca disponer informacion de las obras públicas que se están construyendo, o que ya se construyeron en tu comuna durante el último tiempo. De cada obra, podrás obtener su ubicación, valor de la inversión, qué servicio público está a cargo de ella, qué empresa es responsable de su construcción, los plazos en que se inicia y termina la obra, entre otros detalles importantes. El Portal GEO-CGR posee toda la información que periódicamente registran y actualizan las distintas entidades (Ministerios, Servicios Públicos, Municipalidades, entre otras) sobre las obras públicas a nivel nacional, correspondientes a licitaciones públicas y privadas (selección de propuestas realizadas por distintos interesados). Durante este periodo, no se encuentran disponibles las obras contratadas por procedimiento de trato directo antes del año 2018 (aquellos que, por su naturaleza especial, emergencia, urgencia, imprevisto, entre otros, implican contratar directamente con un proveedor) y las concesiones.", "Origen Data": "Portal GEO-CGR de la Contraloría General de la República, Disponible en https://www.contraloria.cl/opencgrapp/geocgr/acerca . Ultima consulta de los datos: Abril 2025", "Titulo": "CONSTRUCCIÓN PLAZOLETA PUNTA DE CHOROS" }, "geometry": { "type": "Point", "coordinates": [ -71.462095054006795, -29.2458137844459 ] } },
{ "type": "Feature", "properties": { "fid": 44, "CODPROYECTO": "127465", "TREGION": "REGION DE COQUIMBO", "TCOMUNA": "LA HIGUERA", "DESCRIPCION": "Tiene por objeto la contratación de un profesional del área de la Ingeniería Civil para asesorar a la Inspección Técnica de Obras del proyecto Construcción Obras de Urbanización Básica Punta Colorada, comuna de La Higuera, Región de Coquimbo.", "CCLASIFICACION": "30", "CLASIFICACION": "Hidráulicas", "CODIGO_BIP": "30100128-0", "ID_MERCADO_PUB": "3748-5-LP21", "CODIGO_INI": "41042200411", "MONTO_CONTRATADO": "70000000", "MONTO_CONTRATADO_MP": "70000000", "MONTO_VIGENTE": "70000000", "F_ADJUDICACION": "2021-10-15 00:00:00.0", "F_TRAZON": "2021-10-15 00:00:00.0", "FECHA_INI": "2021-11-01 03:32:59.0", "FECHA_FIN": "2024-02-29 03:32:59.0", "URL_ACTA": "http://www.mercadopublico.cl/Procurement/Modules/RFB/StepsProcessAward/PreviewAwardAct.aspx?qs=UvbfdGQbwqp9FbauUvkExUTjI3k9cpdJX50x2tlbcdA=", "SERV_MAND": "GOBIERNO REGIONAL DE COQUIMBO", "SERV_CONTR": "MUNICIPALIDAD DE LA HIGUERA", "TIPO_FIN": "Presupuesto otro(s) organismo público", "PROC_CONTRATACION": "PU", "X_EXPE": "117742", "RUT_CONTRATIS": "16298937-5", "NOMBRE_CONTRATIS": "Pablo Palomino Burgos", "CREADOPOR": "GEOCGR", "X": "-71.0179234481791", "Y": "-29.3530624766482", "Descripcion_1": "Los datos expuestos corresponden a la iniciativa GEO-CGR de la contraloria general de la republica, el cual busca disponer informacion de las obras públicas que se están construyendo, o que ya se construyeron en tu comuna durante el último tiempo. De cada obra, podrás obtener su ubicación, valor de la inversión, qué servicio público está a cargo de ella, qué empresa es responsable de su construcción, los plazos en que se inicia y termina la obra, entre otros detalles importantes. El Portal GEO-CGR posee toda la información que periódicamente registran y actualizan las distintas entidades (Ministerios, Servicios Públicos, Municipalidades, entre otras) sobre las obras públicas a nivel nacional, correspondientes a licitaciones públicas y privadas (selección de propuestas realizadas por distintos interesados). Durante este periodo, no se encuentran disponibles las obras contratadas por procedimiento de trato directo antes del año 2018 (aquellos que, por su naturaleza especial, emergencia, urgencia, imprevisto, entre otros, implican contratar directamente con un proveedor) y las concesiones.", "Origen Data": "Portal GEO-CGR de la Contraloría General de la República, Disponible en https://www.contraloria.cl/opencgrapp/geocgr/acerca . Ultima consulta de los datos: Abril 2025", "Titulo": "CONTRATACIÓN AITO SENIOR OBRAS DE URBANIZACIÓN" }, "geometry": { "type": "Point", "coordinates": [ -71.017923448179104, -29.353062476648201 ] } },
{ "type": "Feature", "properties": { "fid": 45, "CODPROYECTO": "126691", "TREGION": "REGION DE COQUIMBO", "TCOMUNA": "LA HIGUERA", "DESCRIPCION": "La Licitación comprende demolición y reposición de la pérgola central, la cual será reemplazada por una pérgola de mayores dimensiones con estructura de pilares y vigas de madera, con un palillaje para entrecortar la luz del sol, se reparará y reforzará la estructura de la pérgola del sector norte, se repondrá el actual juego infantil y se instalará un nuevo juego sobre un radier con pavimento de caucho y a su alrededor se instalará césped sintético con sendero con pavimento de maicillo compactado.", "CCLASIFICACION": "28", "CLASIFICACION": "Areas verdes; esparcimiento y equipamiento vario urbano y rural", "CODIGO_BIP": "40024899-0", "ID_MERCADO_PUB": "3748-6-LE21", "CODIGO_INI": "No Existe Registro", "MONTO_CONTRATADO": "34127891", "MONTO_CONTRATADO_MP": "28678900", "MONTO_VIGENTE": "34127891", "F_ADJUDICACION": "2021-09-08 00:00:00.0", "F_TRAZON": "2021-09-08 00:00:00.0", "FECHA_INI": "2021-09-14 04:55:38.0", "FECHA_FIN": "2021-12-08 12:27:41.0", "URL_ACTA": "http://www.mercadopublico.cl/Procurement/Modules/RFB/StepsProcessAward/PreviewAwardAct.aspx?qs=TewRZfMQpUS6Quv6KxNO9wuKdDd/nzsv31Ij5u4j/r8=", "SERV_MAND": "GOBIERNO REGIONAL DE COQUIMBO", "SERV_CONTR": "MUNICIPALIDAD DE LA HIGUERA", "TIPO_FIN": "Presupuesto otro(s) organismo público", "PROC_CONTRATACION": "PU", "X_EXPE": "117317", "RUT_CONTRATIS": "76926039-0", "NOMBRE_CONTRATIS": "DEMART SPA", "CREADOPOR": "GEOCGR", "X": "-71.2015063547476", "Y": "-29.5116393746773", "Descripcion_1": "Los datos expuestos corresponden a la iniciativa GEO-CGR de la contraloria general de la republica, el cual busca disponer informacion de las obras públicas que se están construyendo, o que ya se construyeron en tu comuna durante el último tiempo. De cada obra, podrás obtener su ubicación, valor de la inversión, qué servicio público está a cargo de ella, qué empresa es responsable de su construcción, los plazos en que se inicia y termina la obra, entre otros detalles importantes. El Portal GEO-CGR posee toda la información que periódicamente registran y actualizan las distintas entidades (Ministerios, Servicios Públicos, Municipalidades, entre otras) sobre las obras públicas a nivel nacional, correspondientes a licitaciones públicas y privadas (selección de propuestas realizadas por distintos interesados). Durante este periodo, no se encuentran disponibles las obras contratadas por procedimiento de trato directo antes del año 2018 (aquellos que, por su naturaleza especial, emergencia, urgencia, imprevisto, entre otros, implican contratar directamente con un proveedor) y las concesiones.", "Origen Data": "Portal GEO-CGR de la Contraloría General de la República, Disponible en https://www.contraloria.cl/opencgrapp/geocgr/acerca . Ultima consulta de los datos: Abril 2025", "Titulo": "MEJORAMIENTO PLAZA CENTRAL LA HIGUERA" }, "geometry": { "type": "Point", "coordinates": [ -71.201506354747593, -29.511639374677301 ] } },
{ "type": "Feature", "properties": { "fid": 46, "CODPROYECTO": "141041", "TREGION": "REGION DE COQUIMBO", "TCOMUNA": "LA HIGUERA", "DESCRIPCION": "La Licitación en términos generales considera la colocación de una carpeta de pasto sintético, la nivelación de la base existente de la cancha de fútbol y colocación de nueva base estabilizada, además de la delimitación del área destinada a la práctica de fútbol y obras anexas.", "CCLASIFICACION": "29", "CLASIFICACION": "Deporte", "CODIGO_BIP": "No Existe Registro", "ID_MERCADO_PUB": "3748-15-LQ23", "CODIGO_INI": "41048201770", "MONTO_CONTRATADO": "151312596", "MONTO_CONTRATADO_MP": "151312596", "MONTO_VIGENTE": "151312596", "F_ADJUDICACION": "2023-11-13 00:00:00.0", "F_TRAZON": "2023-11-13 00:00:00.0", "FECHA_INI": "2023-12-04 10:16:12.0", "FECHA_FIN": "2024-02-01 10:16:12.0", "URL_ACTA": "http://www.mercadopublico.cl/Procurement/Modules/RFB/StepsProcessAward/PreviewAwardAct.aspx?qs=tg2qMQohUwG5Y1gqGTfQebvj1avcsPf/660OxraiGdM=", "SERV_MAND": "MUNICIPALIDAD DE LA HIGUERA", "SERV_CONTR": "MUNICIPALIDAD DE LA HIGUERA", "TIPO_FIN": "Presupuesto propio", "PROC_CONTRATACION": "PU", "X_EXPE": "128326", "RUT_CONTRATIS": "76759435-6", "NOMBRE_CONTRATIS": "INVERSIONES VILLANUEVA SPA", "CREADOPOR": "GEOCGR", "X": "-71.2834811210632", "Y": "-29.6234851460192", "Descripcion_1": "Los datos expuestos corresponden a la iniciativa GEO-CGR de la contraloria general de la republica, el cual busca disponer informacion de las obras públicas que se están construyendo, o que ya se construyeron en tu comuna durante el último tiempo. De cada obra, podrás obtener su ubicación, valor de la inversión, qué servicio público está a cargo de ella, qué empresa es responsable de su construcción, los plazos en que se inicia y termina la obra, entre otros detalles importantes. El Portal GEO-CGR posee toda la información que periódicamente registran y actualizan las distintas entidades (Ministerios, Servicios Públicos, Municipalidades, entre otras) sobre las obras públicas a nivel nacional, correspondientes a licitaciones públicas y privadas (selección de propuestas realizadas por distintos interesados). Durante este periodo, no se encuentran disponibles las obras contratadas por procedimiento de trato directo antes del año 2018 (aquellos que, por su naturaleza especial, emergencia, urgencia, imprevisto, entre otros, implican contratar directamente con un proveedor) y las concesiones.", "Origen Data": "Portal GEO-CGR de la Contraloría General de la República, Disponible en https://www.contraloria.cl/opencgrapp/geocgr/acerca . Ultima consulta de los datos: Abril 2025", "Titulo": "CONSTRUCCIÓN CANCHA DE PASTO SINTÉTICO" }, "geometry": { "type": "Point", "coordinates": [ -71.283481121063204, -29.623485146019199 ] } },
{ "type": "Feature", "properties": { "fid": 47, "CODPROYECTO": "92056", "TREGION": "REGION DE COQUIMBO", "TCOMUNA": "LA HIGUERA", "DESCRIPCION": "Recuperación de camino, construcción de badén sin escurrimiento con una estructura de hormigón armado; enrocado disipador de energía y dentellones", "CCLASIFICACION": "23", "CLASIFICACION": "Transporte terrestre", "CODIGO_BIP": "30224274-0", "ID_MERCADO_PUB": "5261-5-LR16", "CODIGO_INI": "No Existe Registro", "MONTO_CONTRATADO": "509031749", "MONTO_CONTRATADO_MP": "509031749", "MONTO_VIGENTE": "509029884", "F_ADJUDICACION": "2016-06-17 00:00:00.0", "F_TRAZON": "2016-06-17 00:00:00.0", "FECHA_INI": "2016-06-14 00:00:00.0", "FECHA_FIN": "2016-12-11 00:00:00.0", "URL_ACTA": "http://www.mercadopublico.cl/Procurement/Modules/RFB/StepsProcessAward/PreviewAwardAct.aspx?qs=j9Xfa5Kmol2r3n00s4zlgZ+srL8QpBwaJ4sGDmOoE+I=", "SERV_MAND": "DIRECCION REGIONAL DE VIALIDAD DE COQUIMBO", "SERV_CONTR": "DIRECCION REGIONAL DE VIALIDAD DE COQUIMBO", "TIPO_FIN": "Presupuesto propio", "PROC_CONTRATACION": "PU", "X_EXPE": "90028", "RUT_CONTRATIS": "79914870-6", "NOMBRE_CONTRATIS": "Constructora Lircay y Cia. Ltda.", "CREADOPOR": "GEOCGR", "X": "-71.2370364217936", "Y": "-29.3301965273805", "Descripcion_1": "Los datos expuestos corresponden a la iniciativa GEO-CGR de la contraloria general de la republica, el cual busca disponer informacion de las obras públicas que se están construyendo, o que ya se construyeron en tu comuna durante el último tiempo. De cada obra, podrás obtener su ubicación, valor de la inversión, qué servicio público está a cargo de ella, qué empresa es responsable de su construcción, los plazos en que se inicia y termina la obra, entre otros detalles importantes. El Portal GEO-CGR posee toda la información que periódicamente registran y actualizan las distintas entidades (Ministerios, Servicios Públicos, Municipalidades, entre otras) sobre las obras públicas a nivel nacional, correspondientes a licitaciones públicas y privadas (selección de propuestas realizadas por distintos interesados). Durante este periodo, no se encuentran disponibles las obras contratadas por procedimiento de trato directo antes del año 2018 (aquellos que, por su naturaleza especial, emergencia, urgencia, imprevisto, entre otros, implican contratar directamente con un proveedor) y las concesiones.", "Origen Data": "Portal GEO-CGR de la Contraloría General de la República, Disponible en https://www.contraloria.cl/opencgrapp/geocgr/acerca . Ultima consulta de los datos: Abril 2025", "Titulo": "O. E R5 -Los Choros y Tres Cruces - Los Morros" }, "geometry": { "type": "Point", "coordinates": [ -71.237036421793604, -29.330196527380501 ] } },
{ "type": "Feature", "properties": { "fid": 48, "CODPROYECTO": "100948", "TREGION": "REGION DE COQUIMBO", "TCOMUNA": "LA HIGUERA", "DESCRIPCION": "Consiste en la conservación de las obras existentes de la caleta, que incluye la reparación de boxes, habilitación de servicios higiénicos y el mejoramiento de las circulación exterior de las instalaciones.", "CCLASIFICACION": "24", "CLASIFICACION": "Portuarias y aeroportuarias", "CODIGO_BIP": "30464311-0", "ID_MERCADO_PUB": "1265-9-O117", "CODIGO_INI": "No Existe Registro", "MONTO_CONTRATADO": "265482811", "MONTO_CONTRATADO_MP": "223094799", "MONTO_VIGENTE": "265482811", "F_ADJUDICACION": "2017-08-28 00:00:00.0", "F_TRAZON": "2017-08-28 00:00:00.0", "FECHA_INI": "2017-09-05 00:00:00.0", "FECHA_FIN": "2018-02-02 00:00:00.0", "URL_ACTA": "http://www.mercadopublico.cl/Procurement/Modules/RFB/StepsProcessAward/PreviewAwardAct.aspx?qs=ebH5ty3x4MWGgMRFbI7id3erKc9Lj71avFwT8qmXe8Y=", "SERV_MAND": "DIRECCION REGIONAL DE OBRAS PORTUARIAS DE COQUIMBO", "SERV_CONTR": "DIRECCION REGIONAL DE OBRAS PORTUARIAS DE COQUIMBO", "TIPO_FIN": "Presupuesto propio", "PROC_CONTRATACION": "PU", "X_EXPE": "97862", "RUT_CONTRATIS": "77776600-7", "NOMBRE_CONTRATIS": "SERVICIOS PROFESIONALES DE INGENIERIA ERNESTO INOSTROZA Y CIA LIMITADA", "CREADOPOR": "GEOCGR", "X": "-71.289767722", "Y": "-29.622556904", "Descripcion_1": "Los datos expuestos corresponden a la iniciativa GEO-CGR de la contraloria general de la republica, el cual busca disponer informacion de las obras públicas que se están construyendo, o que ya se construyeron en tu comuna durante el último tiempo. De cada obra, podrás obtener su ubicación, valor de la inversión, qué servicio público está a cargo de ella, qué empresa es responsable de su construcción, los plazos en que se inicia y termina la obra, entre otros detalles importantes. El Portal GEO-CGR posee toda la información que periódicamente registran y actualizan las distintas entidades (Ministerios, Servicios Públicos, Municipalidades, entre otras) sobre las obras públicas a nivel nacional, correspondientes a licitaciones públicas y privadas (selección de propuestas realizadas por distintos interesados). Durante este periodo, no se encuentran disponibles las obras contratadas por procedimiento de trato directo antes del año 2018 (aquellos que, por su naturaleza especial, emergencia, urgencia, imprevisto, entre otros, implican contratar directamente con un proveedor) y las concesiones.", "Origen Data": "Portal GEO-CGR de la Contraloría General de la República, Disponible en https://www.contraloria.cl/opencgrapp/geocgr/acerca . Ultima consulta de los datos: Abril 2025", "Titulo": "Const. Obras Terrestres Caleta Hornos" }, "geometry": { "type": "Point", "coordinates": [ -71.289767722, -29.622556904 ] } },
{ "type": "Feature", "properties": { "fid": 49, "CODPROYECTO": "108675", "TREGION": "REGION DE COQUIMBO", "TCOMUNA": "LA HIGUERA", "DESCRIPCION": "Construir infraestructura terrestre básica para la pesca artesanal en la caleta", "CCLASIFICACION": "24", "CLASIFICACION": "Portuarias y aeroportuarias", "CODIGO_BIP": "30426422-0", "ID_MERCADO_PUB": "1265-8-O118", "CODIGO_INI": "No Existe Registro", "MONTO_CONTRATADO": "352321531", "MONTO_CONTRATADO_MP": "266824816", "MONTO_VIGENTE": "423990862", "F_ADJUDICACION": "2018-09-25 00:00:00.0", "F_TRAZON": "2018-09-25 00:00:00.0", "FECHA_INI": "2018-10-01 00:00:00.0", "FECHA_FIN": "2019-04-29 00:00:00.0", "URL_ACTA": "http://www.mercadopublico.cl/Procurement/Modules/RFB/StepsProcessAward/PreviewAwardAct.aspx?qs=xKXaXYunKpxugrMUlS2xPC9WsNPQip1LD9dN7YKxqCk=", "SERV_MAND": "DIRECCION REGIONAL DE OBRAS PORTUARIAS DE COQUIMBO", "SERV_CONTR": "DIRECCION REGIONAL DE OBRAS PORTUARIAS DE COQUIMBO", "TIPO_FIN": "Presupuesto propio", "PROC_CONTRATACION": "PU", "X_EXPE": "103943", "RUT_CONTRATIS": "76832630-4", "NOMBRE_CONTRATIS": "SOCIEDAD COMERCIAL Y CONSTRUCTORA SEGURIEQUIP LIMITADA", "CREADOPOR": "GEOCGR", "X": "-71.4917166669999", "Y": "-29.1809916669999", "Descripcion_1": "Los datos expuestos corresponden a la iniciativa GEO-CGR de la contraloria general de la republica, el cual busca disponer informacion de las obras públicas que se están construyendo, o que ya se construyeron en tu comuna durante el último tiempo. De cada obra, podrás obtener su ubicación, valor de la inversión, qué servicio público está a cargo de ella, qué empresa es responsable de su construcción, los plazos en que se inicia y termina la obra, entre otros detalles importantes. El Portal GEO-CGR posee toda la información que periódicamente registran y actualizan las distintas entidades (Ministerios, Servicios Públicos, Municipalidades, entre otras) sobre las obras públicas a nivel nacional, correspondientes a licitaciones públicas y privadas (selección de propuestas realizadas por distintos interesados). Durante este periodo, no se encuentran disponibles las obras contratadas por procedimiento de trato directo antes del año 2018 (aquellos que, por su naturaleza especial, emergencia, urgencia, imprevisto, entre otros, implican contratar directamente con un proveedor) y las concesiones.", "Origen Data": "Portal GEO-CGR de la Contraloría General de la República, Disponible en https://www.contraloria.cl/opencgrapp/geocgr/acerca . Ultima consulta de los datos: Abril 2025", "Titulo": "Const Inf Pesq Art Cta El Apolillado Ob Terres " }, "geometry": { "type": "Point", "coordinates": [ -71.491716666999906, -29.180991666999901 ] } },
{ "type": "Feature", "properties": { "fid": 50, "CODPROYECTO": "87116", "TREGION": "REGION DE COQUIMBO", "TCOMUNA": "LA HIGUERA", "DESCRIPCION": "Consiste en la construcción de un site para la instalación de un cajero automatico del Banco Estado en la comuna de La Higuera, Región de Coquimbo, especificamente en las inmediaciones del Edificio Consistorial de la Municipalidad de La Higuera.", "CCLASIFICACION": "28", "CLASIFICACION": "Areas verdes; esparcimiento y equipamiento vario urbano y rural", "CODIGO_BIP": "00000000-0", "ID_MERCADO_PUB": "3748-20-LE15", "CODIGO_INI": "41041201380", "MONTO_CONTRATADO": "23088000", "MONTO_CONTRATADO_MP": "23088000", "MONTO_VIGENTE": "23088000", "F_ADJUDICACION": "2015-10-13 00:00:00.0", "F_TRAZON": "2015-10-13 00:00:00.0", "FECHA_INI": "2015-10-20 00:00:00.0", "FECHA_FIN": "2015-12-08 00:00:00.0", "URL_ACTA": "http://www.mercadopublico.cl/Procurement/Modules/RFB/StepsProcessAward/PreviewAwardAct.aspx?qs=X/C1BH33UP4x54oTFGXLOxhQcmCU3iOs/t1UQtRZsmQ=", "SERV_MAND": "MUNICIPALIDAD DE LA HIGUERA", "SERV_CONTR": "MUNICIPALIDAD DE LA HIGUERA", "TIPO_FIN": "Presupuesto propio", "PROC_CONTRATACION": "PU", "X_EXPE": "85935", "RUT_CONTRATIS": "12597000-1", "NOMBRE_CONTRATIS": "LUIS EFRAIN CORTES ARAYA", "CREADOPOR": "GEOCGR", "X": "-71.2007966637611", "Y": "-29.511855224247", "Descripcion_1": "Los datos expuestos corresponden a la iniciativa GEO-CGR de la contraloria general de la republica, el cual busca disponer informacion de las obras públicas que se están construyendo, o que ya se construyeron en tu comuna durante el último tiempo. De cada obra, podrás obtener su ubicación, valor de la inversión, qué servicio público está a cargo de ella, qué empresa es responsable de su construcción, los plazos en que se inicia y termina la obra, entre otros detalles importantes. El Portal GEO-CGR posee toda la información que periódicamente registran y actualizan las distintas entidades (Ministerios, Servicios Públicos, Municipalidades, entre otras) sobre las obras públicas a nivel nacional, correspondientes a licitaciones públicas y privadas (selección de propuestas realizadas por distintos interesados). Durante este periodo, no se encuentran disponibles las obras contratadas por procedimiento de trato directo antes del año 2018 (aquellos que, por su naturaleza especial, emergencia, urgencia, imprevisto, entre otros, implican contratar directamente con un proveedor) y las concesiones.", "Origen Data": "Portal GEO-CGR de la Contraloría General de la República, Disponible en https://www.contraloria.cl/opencgrapp/geocgr/acerca . Ultima consulta de los datos: Abril 2025", "Titulo": "CONSTRUCCIÓN CASETA CAJERO AUTOMATICO, LA HIGUERA" }, "geometry": { "type": "Point", "coordinates": [ -71.200796663761096, -29.511855224247 ] } },
{ "type": "Feature", "properties": { "fid": 51, "CODPROYECTO": "97823", "TREGION": "REGION DE COQUIMBO", "TCOMUNA": "LA HIGUERA", "DESCRIPCION": "La licitación comprende la construcción de una cancha de fútbol de césped natural con drenaje propio del terreno pendiente longitudinal y sus obras complementarias en la localidad de El Trapiche.", "CCLASIFICACION": "29", "CLASIFICACION": "Deporte", "CODIGO_BIP": "00000000-0", "ID_MERCADO_PUB": "3748-3-CO17", "CODIGO_INI": "41041200133", "MONTO_CONTRATADO": "30000000", "MONTO_CONTRATADO_MP": "30000000", "MONTO_VIGENTE": "30000000", "F_ADJUDICACION": "2017-05-08 00:00:00.0", "F_TRAZON": "2017-05-08 00:00:00.0", "FECHA_INI": "2017-06-01 00:00:00.0", "FECHA_FIN": "2017-08-30 00:00:00.0", "URL_ACTA": "http://www.mercadopublico.cl/Procurement/Modules/RFB/StepsProcessAward/PreviewAwardAct.aspx?qs=kud+p1OuM35npMwYLq1XuwXfPo/iJw1F7tnzH+q+w0E=", "SERV_MAND": "MUNICIPALIDAD DE LA HIGUERA", "SERV_CONTR": "MUNICIPALIDAD DE LA HIGUERA", "TIPO_FIN": "Presupuesto propio", "PROC_CONTRATACION": "PR", "X_EXPE": "95029", "RUT_CONTRATIS": "76684711-0", "NOMBRE_CONTRATIS": "PAISAJISMO GREEN WORLD E.I.R.L", "CREADOPOR": "GEOCGR", "X": "-71.1150866746902", "Y": "-29.3722976433293", "Descripcion_1": "Los datos expuestos corresponden a la iniciativa GEO-CGR de la contraloria general de la republica, el cual busca disponer informacion de las obras públicas que se están construyendo, o que ya se construyeron en tu comuna durante el último tiempo. De cada obra, podrás obtener su ubicación, valor de la inversión, qué servicio público está a cargo de ella, qué empresa es responsable de su construcción, los plazos en que se inicia y termina la obra, entre otros detalles importantes. El Portal GEO-CGR posee toda la información que periódicamente registran y actualizan las distintas entidades (Ministerios, Servicios Públicos, Municipalidades, entre otras) sobre las obras públicas a nivel nacional, correspondientes a licitaciones públicas y privadas (selección de propuestas realizadas por distintos interesados). Durante este periodo, no se encuentran disponibles las obras contratadas por procedimiento de trato directo antes del año 2018 (aquellos que, por su naturaleza especial, emergencia, urgencia, imprevisto, entre otros, implican contratar directamente con un proveedor) y las concesiones.", "Origen Data": "Portal GEO-CGR de la Contraloría General de la República, Disponible en https://www.contraloria.cl/opencgrapp/geocgr/acerca . Ultima consulta de los datos: Abril 2025", "Titulo": "CONSTRUCCIÓN CANCHA DE FÚTBOL, EL TRAPICHE" }, "geometry": { "type": "Point", "coordinates": [ -71.115086674690204, -29.372297643329301 ] } },
{ "type": "Feature", "properties": { "fid": 52, "CODPROYECTO": "112170", "TREGION": "REGION DE COQUIMBO", "TCOMUNA": "LA HIGUERA", "DESCRIPCION": "La Licitación comprende la construcción de una nueva sala de clases, ésta se transformará en una segunda sala la cual tendrá una superficie de 41,91 m2 con capacidad para 38 alumnos. La obra se ejecutará en albañilería armada junto con un radier de hormigón. Como obras anexas se proporcionará e instalará una cubierta para la terminación de una pérgola existente en el patio principal, además se realizará una pavimentación basada en radier de hormigón y palmeta de caucho, el cual llevará un juego modular destinado a niños.", "CCLASIFICACION": "27", "CLASIFICACION": "Educación y cultura", "CODIGO_BIP": "40009452-0", "ID_MERCADO_PUB": "3748-7-LE19", "CODIGO_INI": "41041220011", "MONTO_CONTRATADO": "21002640", "MONTO_CONTRATADO_MP": "21002640", "MONTO_VIGENTE": "21002640", "F_ADJUDICACION": "2019-06-17 00:00:00.0", "F_TRAZON": "2019-06-17 00:00:00.0", "FECHA_INI": "2019-07-01 00:00:00.0", "FECHA_FIN": "2019-08-14 00:00:00.0", "URL_ACTA": "No Existe Registro", "SERV_MAND": "SUBSECRETARIA DE DESARROLLO REGIONAL Y ADMINISTRATIVO - UNIDAD REGIONAL DE COQUIMBO", "SERV_CONTR": "MUNICIPALIDAD DE LA HIGUERA", "TIPO_FIN": "Presupuesto otro(s) organismo público", "PROC_CONTRATACION": "PU", "X_EXPE": "106505", "RUT_CONTRATIS": "9172121-k", "NOMBRE_CONTRATIS": "MAURICIO EDUARDO ROMERO PINEDA", "CREADOPOR": "GEOCGR", "X": "-71.3072335712055", "Y": "-29.2911062470967", "Descripcion_1": "Los datos expuestos corresponden a la iniciativa GEO-CGR de la contraloria general de la republica, el cual busca disponer informacion de las obras públicas que se están construyendo, o que ya se construyeron en tu comuna durante el último tiempo. De cada obra, podrás obtener su ubicación, valor de la inversión, qué servicio público está a cargo de ella, qué empresa es responsable de su construcción, los plazos en que se inicia y termina la obra, entre otros detalles importantes. El Portal GEO-CGR posee toda la información que periódicamente registran y actualizan las distintas entidades (Ministerios, Servicios Públicos, Municipalidades, entre otras) sobre las obras públicas a nivel nacional, correspondientes a licitaciones públicas y privadas (selección de propuestas realizadas por distintos interesados). Durante este periodo, no se encuentran disponibles las obras contratadas por procedimiento de trato directo antes del año 2018 (aquellos que, por su naturaleza especial, emergencia, urgencia, imprevisto, entre otros, implican contratar directamente con un proveedor) y las concesiones.", "Origen Data": "Portal GEO-CGR de la Contraloría General de la República, Disponible en https://www.contraloria.cl/opencgrapp/geocgr/acerca . Ultima consulta de los datos: Abril 2025", "Titulo": "CONSTRUCCIÓN SALA DE CLASES ESC. LOS CHOROS" }, "geometry": { "type": "Point", "coordinates": [ -71.307233571205501, -29.2911062470967 ] } },
{ "type": "Feature", "properties": { "fid": 53, "CODPROYECTO": "122954", "TREGION": "REGION DE COQUIMBO", "TCOMUNA": "LA HIGUERA", "DESCRIPCION": "El proyecto comprende la construcción de 4.405 ml de redes de colectores, 53 cámaras públicas, planta tratamiento de aguas servidas, 54 casetas sanitarias completas, 1 caseta cocina, 40 soluciones intermedias y 124 uniones domiciliarias. Además se contempla la ejecución de 6.534 m2 de calzadas de adocreto y 2.647 m2 de veredas de hormigón en las principales calles de la localidad. Se considera una mejora en el sistema de agua potable, que dice relación con cambio de motobomba, modificación de red de impulsión, construcción de estanque elevado de 50 m3 y mejoramiento de la red de distribución.", "CCLASIFICACION": "30", "CLASIFICACION": "Hidráulicas", "CODIGO_BIP": "30100128-0", "ID_MERCADO_PUB": "3748-18-LR20", "CODIGO_INI": "0", "MONTO_CONTRATADO": "2836798985", "MONTO_CONTRATADO_MP": "2836798985", "MONTO_VIGENTE": "2836798985", "F_ADJUDICACION": "2021-03-18 00:00:00.0", "F_TRAZON": "2021-03-18 00:00:00.0", "FECHA_INI": "2021-05-01 11:49:33.0", "FECHA_FIN": "2022-10-02 11:49:33.0", "URL_ACTA": "http://www.mercadopublico.cl/Procurement/Modules/RFB/StepsProcessAward/PreviewAwardAct.aspx?qs=62gq9xK0gKkrCXoSm3IKPPVbl7986g4D5FOHwL/l5jE=", "SERV_MAND": "GOBIERNO REGIONAL DE COQUIMBO", "SERV_CONTR": "MUNICIPALIDAD DE LA HIGUERA", "TIPO_FIN": "Presupuesto otro(s) organismo público", "PROC_CONTRATACION": "PU", "X_EXPE": "115097", "RUT_CONTRATIS": "12006733-8", "NOMBRE_CONTRATIS": "RUBEN DAGOBERTO BERRIOS AVILA", "CREADOPOR": "GEOCGR", "X": "-71.0144085607708", "Y": "-29.3526990694034", "Descripcion_1": "Los datos expuestos corresponden a la iniciativa GEO-CGR de la contraloria general de la republica, el cual busca disponer informacion de las obras públicas que se están construyendo, o que ya se construyeron en tu comuna durante el último tiempo. De cada obra, podrás obtener su ubicación, valor de la inversión, qué servicio público está a cargo de ella, qué empresa es responsable de su construcción, los plazos en que se inicia y termina la obra, entre otros detalles importantes. El Portal GEO-CGR posee toda la información que periódicamente registran y actualizan las distintas entidades (Ministerios, Servicios Públicos, Municipalidades, entre otras) sobre las obras públicas a nivel nacional, correspondientes a licitaciones públicas y privadas (selección de propuestas realizadas por distintos interesados). Durante este periodo, no se encuentran disponibles las obras contratadas por procedimiento de trato directo antes del año 2018 (aquellos que, por su naturaleza especial, emergencia, urgencia, imprevisto, entre otros, implican contratar directamente con un proveedor) y las concesiones.", "Origen Data": "Portal GEO-CGR de la Contraloría General de la República, Disponible en https://www.contraloria.cl/opencgrapp/geocgr/acerca . Ultima consulta de los datos: Abril 2025", "Titulo": "CONSTRUCCIÓN OBRAS DE URBANIZACIÓN PUNTA COLORADA" }, "geometry": { "type": "Point", "coordinates": [ -71.014408560770804, -29.3526990694034 ] } },
{ "type": "Feature", "properties": { "fid": 54, "CODPROYECTO": "145622", "TREGION": "REGION DE COQUIMBO", "TCOMUNA": "LA HIGUERA", "DESCRIPCION": "La Licitación comprende, lo siguiente: Calzada m2: Calle 15 con Av. Las Palmeras Caleta los Hornos 7.0 Calle 12 con Calle 5 12.0 Adocretos m2 Calle 12 con Calle 4 Caleta los Hornos 1.5 Calle 4 frente a Colegio 4.5", "CCLASIFICACION": "23", "CLASIFICACION": "Transporte terrestre", "CODIGO_BIP": "40053333-0", "ID_MERCADO_PUB": "3748-3-LE24", "CODIGO_INI": "41045200041", "MONTO_CONTRATADO": "9794199", "MONTO_CONTRATADO_MP": "9794199", "MONTO_VIGENTE": "9794199", "F_ADJUDICACION": "2024-05-22 00:00:00.0", "F_TRAZON": "2024-05-22 00:00:00.0", "FECHA_INI": "2024-06-10 03:22:54.0", "FECHA_FIN": "2024-08-08 03:22:54.0", "URL_ACTA": "http://www.mercadopublico.cl/Procurement/Modules/RFB/StepsProcessAward/PreviewAwardAct.aspx?qs=pZpf2S8JU7TSqQU1goDnW2iUOVTTu9fuFpFmbgagrVk=", "SERV_MAND": "GOBIERNO REGIONAL DE COQUIMBO", "SERV_CONTR": "MUNICIPALIDAD DE LA HIGUERA", "TIPO_FIN": "Presupuesto otro(s) organismo público", "PROC_CONTRATACION": "PU", "X_EXPE": "132016", "RUT_CONTRATIS": "77455008-9", "NOMBRE_CONTRATIS": "CONSTRUCCIONES Y SOLUCIONES INTEGRALES SPA", "CREADOPOR": "GEOCGR", "X": "-71.2857288122177", "Y": "-29.6222587043876", "Descripcion_1": "Los datos expuestos corresponden a la iniciativa GEO-CGR de la contraloria general de la republica, el cual busca disponer informacion de las obras públicas que se están construyendo, o que ya se construyeron en tu comuna durante el último tiempo. De cada obra, podrás obtener su ubicación, valor de la inversión, qué servicio público está a cargo de ella, qué empresa es responsable de su construcción, los plazos en que se inicia y termina la obra, entre otros detalles importantes. El Portal GEO-CGR posee toda la información que periódicamente registran y actualizan las distintas entidades (Ministerios, Servicios Públicos, Municipalidades, entre otras) sobre las obras públicas a nivel nacional, correspondientes a licitaciones públicas y privadas (selección de propuestas realizadas por distintos interesados). Durante este periodo, no se encuentran disponibles las obras contratadas por procedimiento de trato directo antes del año 2018 (aquellos que, por su naturaleza especial, emergencia, urgencia, imprevisto, entre otros, implican contratar directamente con un proveedor) y las concesiones.", "Origen Data": "Portal GEO-CGR de la Contraloría General de la República, Disponible en https://www.contraloria.cl/opencgrapp/geocgr/acerca . Ultima consulta de los datos: Abril 2025", "Titulo": "CONSERVACIÓN DE PAVIMENTO URBANO 2023" }, "geometry": { "type": "Point", "coordinates": [ -71.285728812217698, -29.622258704387601 ] } },
{ "type": "Feature", "properties": { "fid": 55, "CODPROYECTO": "105402", "TREGION": "REGION DE COQUIMBO", "TCOMUNA": "LA HIGUERA", "DESCRIPCION": "Contratar el estudio para el Diseño de Arquitectura, Ingeniería y Especialidades concurrentes, correspondiente a la reposición de la Posta de Salud Rural de Caleta los Hornos incluyendo las aprobaciones de los Revisores Independientes y obtención de la recomendación favorable de la iniciativa de inversión en su etapa de ejecución.", "CCLASIFICACION": "26", "CLASIFICACION": "Salud y sanidad", "CODIGO_BIP": "No Existe Registro", "ID_MERCADO_PUB": "3748-16-LE18", "CODIGO_INI": "41041200167", "MONTO_CONTRATADO": "25000000", "MONTO_CONTRATADO_MP": "25000000", "MONTO_VIGENTE": "25000000", "F_ADJUDICACION": "2018-07-24 00:00:00.0", "F_TRAZON": "2018-07-24 00:00:00.0", "FECHA_INI": "2018-08-06 00:00:00.0", "FECHA_FIN": "2018-11-30 00:00:00.0", "URL_ACTA": "http://www.mercadopublico.cl/Procurement/Modules/RFB/StepsProcessAward/PreviewAwardAct.aspx?qs=8Z7qUFDIXE1qCnPMpJcu100n933SKPRzbaVUlt121LQ=", "SERV_MAND": "MUNICIPALIDAD DE LA HIGUERA", "SERV_CONTR": "MUNICIPALIDAD DE LA HIGUERA", "TIPO_FIN": "Presupuesto propio", "PROC_CONTRATACION": "PU", "X_EXPE": "101434", "RUT_CONTRATIS": "76189934-1", "NOMBRE_CONTRATIS": "ELIZABETH KOCK PICO ARQUITECTURA EMPRESA INDIVIDUAL DE RESPONSABILIDAD", "CREADOPOR": "GEOCGR", "X": "-71.2824672460556", "Y": "-29.62439913844", "Descripcion_1": "Los datos expuestos corresponden a la iniciativa GEO-CGR de la contraloria general de la republica, el cual busca disponer informacion de las obras públicas que se están construyendo, o que ya se construyeron en tu comuna durante el último tiempo. De cada obra, podrás obtener su ubicación, valor de la inversión, qué servicio público está a cargo de ella, qué empresa es responsable de su construcción, los plazos en que se inicia y termina la obra, entre otros detalles importantes. El Portal GEO-CGR posee toda la información que periódicamente registran y actualizan las distintas entidades (Ministerios, Servicios Públicos, Municipalidades, entre otras) sobre las obras públicas a nivel nacional, correspondientes a licitaciones públicas y privadas (selección de propuestas realizadas por distintos interesados). Durante este periodo, no se encuentran disponibles las obras contratadas por procedimiento de trato directo antes del año 2018 (aquellos que, por su naturaleza especial, emergencia, urgencia, imprevisto, entre otros, implican contratar directamente con un proveedor) y las concesiones.", "Origen Data": "Portal GEO-CGR de la Contraloría General de la República, Disponible en https://www.contraloria.cl/opencgrapp/geocgr/acerca . Ultima consulta de los datos: Abril 2025", "Titulo": "DISEÑO REPOSICIÓN POSTA SALUD CALETA LOS HORNOS" }, "geometry": { "type": "Point", "coordinates": [ -71.282467246055603, -29.624399138440001 ] } },
{ "type": "Feature", "properties": { "fid": 56, "CODPROYECTO": "108638", "TREGION": "REGION DE COQUIMBO", "TCOMUNA": "LA HIGUERA", "DESCRIPCION": "La Licitación comprende en términos generales un aumento de potencia con empalme nuevo y el mejoramiento de las instalaciones eléctricas existentes de la Escuela José Santos Ossa de El Trapiche, Comuna de La Higuera.", "CCLASIFICACION": "27", "CLASIFICACION": "Educación y cultura", "CODIGO_BIP": "No Existe Registro", "ID_MERCADO_PUB": "3748-25-LE18", "CODIGO_INI": "41042210001", "MONTO_CONTRATADO": "37257712", "MONTO_CONTRATADO_MP": "37257712", "MONTO_VIGENTE": "37257712", "F_ADJUDICACION": "2018-12-26 00:00:00.0", "F_TRAZON": "2018-12-26 00:00:00.0", "FECHA_INI": "2019-01-03 00:00:00.0", "FECHA_FIN": "2019-02-13 00:00:00.0", "URL_ACTA": "http://www.mercadopublico.cl/Procurement/Modules/RFB/StepsProcessAward/PreviewAwardAct.aspx?qs=SWHXp5qMwhZjwkyhuYOacQtNEnplEVEM7wKVzoV1faE=", "SERV_MAND": "MUNICIPALIDAD DE LA HIGUERA", "SERV_CONTR": "MUNICIPALIDAD DE LA HIGUERA", "TIPO_FIN": "Presupuesto otro(s) organismo público", "PROC_CONTRATACION": "PU", "X_EXPE": "103911", "RUT_CONTRATIS": "78449310-5", "NOMBRE_CONTRATIS": "SOC ARNOLDO CORDONES E HIJO LTDA", "CREADOPOR": "GEOCGR", "X": "-71.1166012652016", "Y": "-29.3730650176044", "Descripcion_1": "Los datos expuestos corresponden a la iniciativa GEO-CGR de la contraloria general de la republica, el cual busca disponer informacion de las obras públicas que se están construyendo, o que ya se construyeron en tu comuna durante el último tiempo. De cada obra, podrás obtener su ubicación, valor de la inversión, qué servicio público está a cargo de ella, qué empresa es responsable de su construcción, los plazos en que se inicia y termina la obra, entre otros detalles importantes. El Portal GEO-CGR posee toda la información que periódicamente registran y actualizan las distintas entidades (Ministerios, Servicios Públicos, Municipalidades, entre otras) sobre las obras públicas a nivel nacional, correspondientes a licitaciones públicas y privadas (selección de propuestas realizadas por distintos interesados). Durante este periodo, no se encuentran disponibles las obras contratadas por procedimiento de trato directo antes del año 2018 (aquellos que, por su naturaleza especial, emergencia, urgencia, imprevisto, entre otros, implican contratar directamente con un proveedor) y las concesiones.", "Origen Data": "Portal GEO-CGR de la Contraloría General de la República, Disponible en https://www.contraloria.cl/opencgrapp/geocgr/acerca . Ultima consulta de los datos: Abril 2025", "Titulo": "REACONDICIONAMIENTO SISTEMA ELÉCTRICO ESCUELA" }, "geometry": { "type": "Point", "coordinates": [ -71.116601265201595, -29.3730650176044 ] } },
{ "type": "Feature", "properties": { "fid": 57, "CODPROYECTO": "140858", "TREGION": "REGION DE COQUIMBO", "TCOMUNA": "LA HIGUERA", "DESCRIPCION": "La Licitación comprende la construcción de una edificación de albañilería confinada a base de bloques de hormigón, considerando estructuras de hormigón armado en muro de contención, fundaciones, radieres, pilares y cadenas, con una superficie construida de 37,50 m2, contemplando dos baños para mujeres, dos baños para hombres y un baño de accesibilidad universal y un closet para útiles de aseo. Por sobre la estructura gruesa, se contempla la construcción de la techumbre a base de cerchas de acero galvanizado.", "CCLASIFICACION": "28", "CLASIFICACION": "Areas verdes; esparcimiento y equipamiento vario urbano y rural", "CODIGO_BIP": "No Existe Registro", "ID_MERCADO_PUB": "3748-13-LP23", "CODIGO_INI": "41045202113", "MONTO_CONTRATADO": "54581804", "MONTO_CONTRATADO_MP": "54581804", "MONTO_VIGENTE": "54581804", "F_ADJUDICACION": "2023-11-07 00:00:00.0", "F_TRAZON": "2023-11-07 00:00:00.0", "FECHA_INI": "2023-12-13 10:13:22.0", "FECHA_FIN": "2024-03-10 10:13:22.0", "URL_ACTA": "http://www.mercadopublico.cl/Procurement/Modules/RFB/StepsProcessAward/PreviewAwardAct.aspx?qs=aGrM6Yy5lyFP6jNe0QENbw9HRt+J8y29jz8qQwYKGq0=", "SERV_MAND": "SERVIU - SERVICIO DE VIVIENDA Y URBANIZACION DE COQUIMBO", "SERV_CONTR": "MUNICIPALIDAD DE LA HIGUERA", "TIPO_FIN": "Presupuesto propio y otros organismos públicos", "PROC_CONTRATACION": "PU", "X_EXPE": "128175", "RUT_CONTRATIS": "76926039-0", "NOMBRE_CONTRATIS": "DEMART SPA", "CREADOPOR": "GEOCGR", "X": "-71.2018239498138", "Y": "-29.511593793223", "Descripcion_1": "Los datos expuestos corresponden a la iniciativa GEO-CGR de la contraloria general de la republica, el cual busca disponer informacion de las obras públicas que se están construyendo, o que ya se construyeron en tu comuna durante el último tiempo. De cada obra, podrás obtener su ubicación, valor de la inversión, qué servicio público está a cargo de ella, qué empresa es responsable de su construcción, los plazos en que se inicia y termina la obra, entre otros detalles importantes. El Portal GEO-CGR posee toda la información que periódicamente registran y actualizan las distintas entidades (Ministerios, Servicios Públicos, Municipalidades, entre otras) sobre las obras públicas a nivel nacional, correspondientes a licitaciones públicas y privadas (selección de propuestas realizadas por distintos interesados). Durante este periodo, no se encuentran disponibles las obras contratadas por procedimiento de trato directo antes del año 2018 (aquellos que, por su naturaleza especial, emergencia, urgencia, imprevisto, entre otros, implican contratar directamente con un proveedor) y las concesiones.", "Origen Data": "Portal GEO-CGR de la Contraloría General de la República, Disponible en https://www.contraloria.cl/opencgrapp/geocgr/acerca . Ultima consulta de los datos: Abril 2025", "Titulo": "CONSTRUCCIÓN BAÑOS PÚBLICOS PLAZA LA HIGUERA" }, "geometry": { "type": "Point", "coordinates": [ -71.2018239498138, -29.511593793223 ] } },
{ "type": "Feature", "properties": { "fid": 58, "CODPROYECTO": "86931", "TREGION": "REGION DE COQUIMBO", "TCOMUNA": "LA HIGUERA", "DESCRIPCION": "En términos generales este proyecto considera la construcción de un sombreador basado en estructura de madera además del mejoramiento de los muros existentes que confínan y delimitan una parte de la plaza considerando una carpeta de pasto sintético y la reubicación de máquinas de ejercicios También se considera una partida de pavimentación en base a adocretos de hormigón confinado con solerillas", "CCLASIFICACION": "28", "CLASIFICACION": "Areas verdes; esparcimiento y equipamiento vario urbano y rural", "CODIGO_BIP": "00000000-0", "ID_MERCADO_PUB": "3748-19-LE15", "CODIGO_INI": "41041201310", "MONTO_CONTRATADO": "16804061", "MONTO_CONTRATADO_MP": "16804061", "MONTO_VIGENTE": "16804061", "F_ADJUDICACION": "2015-10-01 00:00:00.0", "F_TRAZON": "2015-10-01 00:00:00.0", "FECHA_INI": "2015-10-13 00:00:00.0", "FECHA_FIN": "2015-11-26 00:00:00.0", "URL_ACTA": "http://www.mercadopublico.cl/Procurement/Modules/RFB/StepsProcessAward/PreviewAwardAct.aspx?qs=VfMZIxx7/IXsM93TMuP3S7fwtkHxWhmY2BTBJjhx6SI=", "SERV_MAND": "MUNICIPALIDAD DE LA HIGUERA", "SERV_CONTR": "MUNICIPALIDAD DE LA HIGUERA", "TIPO_FIN": "Presupuesto propio", "PROC_CONTRATACION": "PU", "X_EXPE": "85772", "RUT_CONTRATIS": "8359990-1", "NOMBRE_CONTRATIS": "JUAN CARLOS PIZARRO ESPEJO", "CREADOPOR": "GEOCGR", "X": "-71.2987697124481", "Y": "-29.4475508821329", "Descripcion_1": "Los datos expuestos corresponden a la iniciativa GEO-CGR de la contraloria general de la republica, el cual busca disponer informacion de las obras públicas que se están construyendo, o que ya se construyeron en tu comuna durante el último tiempo. De cada obra, podrás obtener su ubicación, valor de la inversión, qué servicio público está a cargo de ella, qué empresa es responsable de su construcción, los plazos en que se inicia y termina la obra, entre otros detalles importantes. El Portal GEO-CGR posee toda la información que periódicamente registran y actualizan las distintas entidades (Ministerios, Servicios Públicos, Municipalidades, entre otras) sobre las obras públicas a nivel nacional, correspondientes a licitaciones públicas y privadas (selección de propuestas realizadas por distintos interesados). Durante este periodo, no se encuentran disponibles las obras contratadas por procedimiento de trato directo antes del año 2018 (aquellos que, por su naturaleza especial, emergencia, urgencia, imprevisto, entre otros, implican contratar directamente con un proveedor) y las concesiones.", "Origen Data": "Portal GEO-CGR de la Contraloría General de la República, Disponible en https://www.contraloria.cl/opencgrapp/geocgr/acerca . Ultima consulta de los datos: Abril 2025", "Titulo": "CONSTRUCCIÓN GIMNASIO AL AIRE LIBRE CHUNGUNGO" }, "geometry": { "type": "Point", "coordinates": [ -71.298769712448106, -29.447550882132902 ] } },
{ "type": "Feature", "properties": { "fid": 59, "CODPROYECTO": "95217", "TREGION": "REGION DE COQUIMBO", "TCOMUNA": "LA HIGUERA", "DESCRIPCION": "La Licitación comprende la construcción de un espacio deportivo, que contempla la colocación de una carpeta de pasto sintético y provisión de base y sub-base. Junto con ello la construcción de un cierre perimetral con acceso peatonal y la provisión de los arcos de fútbol, sumado a esto se dispondrá en su perímetro la construcción de áreas de circulación en pastelones de hormigón, además se incluirá un sistema de iluminación basado en 4 postes galvanizados con 8 focos de haluro metálico de 400 W. La construcción se ubicará junto al camino de acceso principal a la localidad y junto a la futura posta de Chungungo en construcción.", "CCLASIFICACION": "29", "CLASIFICACION": "Deporte", "CODIGO_BIP": "30462956-0", "ID_MERCADO_PUB": "3748-15-LE16", "CODIGO_INI": "41041200002", "MONTO_CONTRATADO": "32601383", "MONTO_CONTRATADO_MP": "32601383", "MONTO_VIGENTE": "32601383", "F_ADJUDICACION": "2016-11-17 00:00:00.0", "F_TRAZON": "2016-11-17 00:00:00.0", "FECHA_INI": "2016-12-02 00:00:00.0", "FECHA_FIN": "2016-12-31 00:00:00.0", "URL_ACTA": "http://www.mercadopublico.cl/Procurement/Modules/RFB/StepsProcessAward/PreviewAwardAct.aspx?qs=F18kpKG7wu8uFAJJBDe8IAaaDf+tZ9DnnkqN+pgQ/O4=", "SERV_MAND": "GOBIERNO REGIONAL DE COQUIMBO", "SERV_CONTR": "MUNICIPALIDAD DE LA HIGUERA", "TIPO_FIN": "Presupuesto otro(s) organismo público", "PROC_CONTRATACION": "PU", "X_EXPE": "92797", "RUT_CONTRATIS": "76422439-6", "NOMBRE_CONTRATIS": "Northgreen SpA", "CREADOPOR": "GEOCGR", "X": "-71.298563182354", "Y": "-29.4499682862527", "Descripcion_1": "Los datos expuestos corresponden a la iniciativa GEO-CGR de la contraloria general de la republica, el cual busca disponer informacion de las obras públicas que se están construyendo, o que ya se construyeron en tu comuna durante el último tiempo. De cada obra, podrás obtener su ubicación, valor de la inversión, qué servicio público está a cargo de ella, qué empresa es responsable de su construcción, los plazos en que se inicia y termina la obra, entre otros detalles importantes. El Portal GEO-CGR posee toda la información que periódicamente registran y actualizan las distintas entidades (Ministerios, Servicios Públicos, Municipalidades, entre otras) sobre las obras públicas a nivel nacional, correspondientes a licitaciones públicas y privadas (selección de propuestas realizadas por distintos interesados). Durante este periodo, no se encuentran disponibles las obras contratadas por procedimiento de trato directo antes del año 2018 (aquellos que, por su naturaleza especial, emergencia, urgencia, imprevisto, entre otros, implican contratar directamente con un proveedor) y las concesiones.", "Origen Data": "Portal GEO-CGR de la Contraloría General de la República, Disponible en https://www.contraloria.cl/opencgrapp/geocgr/acerca . Ultima consulta de los datos: Abril 2025", "Titulo": "CONSTRUCCIÓN CANCHA DE BABY FÚTBOL, CHUNGUNGO" }, "geometry": { "type": "Point", "coordinates": [ -71.298563182354002, -29.449968286252702 ] } },
{ "type": "Feature", "properties": { "fid": 60, "CODPROYECTO": "124078", "TREGION": "REGION DE COQUIMBO", "TCOMUNA": "LA HIGUERA", "DESCRIPCION": "Obras de Mejoramiento Jardín infantil y sala cuna Capullito, de acuerdo a lo estipulado la licitación pública 3749-6-lp21 y en las especificaciones técnicas y bases administrativas generales y especiales , planos y formularios", "CCLASIFICACION": "27", "CLASIFICACION": "Educación y cultura", "CODIGO_BIP": "40031820-0", "ID_MERCADO_PUB": "3749-57-SE21", "CODIGO_INI": "No Existe Registro", "MONTO_CONTRATADO": "59860588", "MONTO_CONTRATADO_MP": "59860588", "MONTO_VIGENTE": "59860588", "F_ADJUDICACION": "2023-11-25 13:24:25.0", "F_TRAZON": "1900-01-01 00:00:00.0", "FECHA_INI": "2021-06-07 04:29:07.0", "FECHA_FIN": "2021-08-02 04:29:07.0", "URL_ACTA": "No Existe Registro", "SERV_MAND": "MUNICIPALIDAD DE LA HIGUERA", "SERV_CONTR": "MUNICIPALIDAD DE LA HIGUERA", "TIPO_FIN": "Presupuesto otro(s) organismo público", "PROC_CONTRATACION": "TD", "X_EXPE": "115975", "RUT_CONTRATIS": "76135504-k", "NOMBRE_CONTRATIS": "Constructora e Inmobiliaria Abadecons ltda", "CREADOPOR": "GEOCGR", "X": "-71.2019161507487", "Y": "-29.5120525371146", "Descripcion_1": "Los datos expuestos corresponden a la iniciativa GEO-CGR de la contraloria general de la republica, el cual busca disponer informacion de las obras públicas que se están construyendo, o que ya se construyeron en tu comuna durante el último tiempo. De cada obra, podrás obtener su ubicación, valor de la inversión, qué servicio público está a cargo de ella, qué empresa es responsable de su construcción, los plazos en que se inicia y termina la obra, entre otros detalles importantes. El Portal GEO-CGR posee toda la información que periódicamente registran y actualizan las distintas entidades (Ministerios, Servicios Públicos, Municipalidades, entre otras) sobre las obras públicas a nivel nacional, correspondientes a licitaciones públicas y privadas (selección de propuestas realizadas por distintos interesados). Durante este periodo, no se encuentran disponibles las obras contratadas por procedimiento de trato directo antes del año 2018 (aquellos que, por su naturaleza especial, emergencia, urgencia, imprevisto, entre otros, implican contratar directamente con un proveedor) y las concesiones.", "Origen Data": "Portal GEO-CGR de la Contraloría General de la República, Disponible en https://www.contraloria.cl/opencgrapp/geocgr/acerca . Ultima consulta de los datos: Abril 2025", "Titulo": "Obras de Mejoramiento jardín capullito" }, "geometry": { "type": "Point", "coordinates": [ -71.201916150748701, -29.512052537114599 ] } },
{ "type": "Feature", "properties": { "fid": 61, "CODPROYECTO": "142966", "TREGION": "REGION DE COQUIMBO", "TCOMUNA": "LA HIGUERA", "DESCRIPCION": "CONSISTE EN LA INSTALACIÓN DE 162 METROS DE TUBERÍA HDPE PE 100 PN 10 DE DIÁMETRO 75 MM COMO RECAMBIO DE LA RED DISTRIBUCIÓN, LA CONSTRUCCIÓN DE UNA CÁMARA DE VÁLVULAS EN BLOQUES DE HORMIGÓN CON TAPA METÁLICA, DENTRO LA CUAL SE ENCONTRARÁN 2 VÁLVULAS ELÁSTOMERICAS QUE PERMITIRÁN A CUARTELAR LA RED. SE CONSIDERA UN RECAMBIO DE 222 METROS DE LA IMPULSIÓN EN HDPE PE 100 PN 16 DIÁMETRO 110 MM, LAS UNIONES A REALIZAR SE DEBEN MATERIALIZAR EN TERMOFUSIÓN. ADEMÁS EL PROYECTO CONSIDERA LA RECONEXIÓN DE LOS ARRANQUES DE AGUA POTABLE CON COLLARINES DE FIERRO FUNDIDO Y LAS TUBERÍAS DE CONEXIÓN CAÑERÍA DE COBRE DIÁMETRO DE ½” HASTA EL MEDIDOR EXISTENTE. LA ROTURA DE LA ACERA DEBERÁ REALIZARSE EN EL MISMO MATERIAL EXISTENTE, ES DECIR, HORMIGÓN Y BALDOSA PODOTÁCTIL DONDE CORRESPONDA.", "CCLASIFICACION": "30", "CLASIFICACION": "Hidráulicas", "CODIGO_BIP": "No Existe Registro", "ID_MERCADO_PUB": "3748-1-LE24", "CODIGO_INI": "41045202151", "MONTO_CONTRATADO": "50423034", "MONTO_CONTRATADO_MP": "50423034", "MONTO_VIGENTE": "50423034", "F_ADJUDICACION": "2024-02-05 00:00:00.0", "F_TRAZON": "2024-02-05 00:00:00.0", "FECHA_INI": "2024-03-04 10:12:35.0", "FECHA_FIN": "2024-05-13 10:12:35.0", "URL_ACTA": "http://www.mercadopublico.cl/Procurement/Modules/RFB/StepsProcessAward/PreviewAwardAct.aspx?qs=WSU5xR28yIUfZJpanQ8ktSiHQx1gNqxEZzfuaPbaHg0=", "SERV_MAND": "SUBSECRETARIA DE DESARROLLO REGIONAL Y ADMINISTRATIVO - UNIDAD REGIONAL DE COQUIMBO", "SERV_CONTR": "MUNICIPALIDAD DE LA HIGUERA", "TIPO_FIN": "Presupuesto otro(s) organismo público", "PROC_CONTRATACION": "PU", "X_EXPE": "130048", "RUT_CONTRATIS": "77544827-K", "NOMBRE_CONTRATIS": "CONSTRUCTORA BL SPA", "CREADOPOR": "GEOCGR", "X": "-71.2853425741196", "Y": "-29.6224545629881", "Descripcion_1": "Los datos expuestos corresponden a la iniciativa GEO-CGR de la contraloria general de la republica, el cual busca disponer informacion de las obras públicas que se están construyendo, o que ya se construyeron en tu comuna durante el último tiempo. De cada obra, podrás obtener su ubicación, valor de la inversión, qué servicio público está a cargo de ella, qué empresa es responsable de su construcción, los plazos en que se inicia y termina la obra, entre otros detalles importantes. El Portal GEO-CGR posee toda la información que periódicamente registran y actualizan las distintas entidades (Ministerios, Servicios Públicos, Municipalidades, entre otras) sobre las obras públicas a nivel nacional, correspondientes a licitaciones públicas y privadas (selección de propuestas realizadas por distintos interesados). Durante este periodo, no se encuentran disponibles las obras contratadas por procedimiento de trato directo antes del año 2018 (aquellos que, por su naturaleza especial, emergencia, urgencia, imprevisto, entre otros, implican contratar directamente con un proveedor) y las concesiones.", "Origen Data": "Portal GEO-CGR de la Contraloría General de la República, Disponible en https://www.contraloria.cl/opencgrapp/geocgr/acerca . Ultima consulta de los datos: Abril 2025", "Titulo": "REGULARIZACIÓN SISTEMA DE APR DE CALETA LOS HORNOS" }, "geometry": { "type": "Point", "coordinates": [ -71.285342574119596, -29.6224545629881 ] } },
{ "type": "Feature", "properties": { "fid": 62, "CODPROYECTO": "121598", "TREGION": "REGION DE COQUIMBO", "TCOMUNA": "LA HIGUERA", "DESCRIPCION": "Construir infraestructura básica para la caleta.", "CCLASIFICACION": "24", "CLASIFICACION": "Portuarias y aeroportuarias", "CODIGO_BIP": "30121129-0", "ID_MERCADO_PUB": "1265-9-O120", "CODIGO_INI": "No Existe Registro", "MONTO_CONTRATADO": "1614092104", "MONTO_CONTRATADO_MP": "1614092104", "MONTO_VIGENTE": "1720318429", "F_ADJUDICACION": "2020-09-30 00:00:00.0", "F_TRAZON": "2020-09-30 00:00:00.0", "FECHA_INI": "2020-10-20 09:12:25.0", "FECHA_FIN": "2021-07-03 00:00:00.0", "URL_ACTA": "http://www.mercadopublico.cl/Procurement/Modules/RFB/StepsProcessAward/PreviewAwardAct.aspx?qs=wXOb7RALrFbvL8FIGoqbkNhICRRsPgiZH/bRTRhH+L0=", "SERV_MAND": "DIRECCION REGIONAL DE OBRAS PORTUARIAS DE COQUIMBO", "SERV_CONTR": "DIRECCION REGIONAL DE OBRAS PORTUARIAS DE COQUIMBO", "TIPO_FIN": "Presupuesto propio", "PROC_CONTRATACION": "PU", "X_EXPE": "114162", "RUT_CONTRATIS": "79730570-7", "NOMBRE_CONTRATIS": "Sociedad Ingenieria, construccion y Maquinaria Ltda.", "CREADOPOR": "GEOCGR", "X": "-71.3145587189999", "Y": "-29.451790607", "Descripcion_1": "Los datos expuestos corresponden a la iniciativa GEO-CGR de la contraloria general de la republica, el cual busca disponer informacion de las obras públicas que se están construyendo, o que ya se construyeron en tu comuna durante el último tiempo. De cada obra, podrás obtener su ubicación, valor de la inversión, qué servicio público está a cargo de ella, qué empresa es responsable de su construcción, los plazos en que se inicia y termina la obra, entre otros detalles importantes. El Portal GEO-CGR posee toda la información que periódicamente registran y actualizan las distintas entidades (Ministerios, Servicios Públicos, Municipalidades, entre otras) sobre las obras públicas a nivel nacional, correspondientes a licitaciones públicas y privadas (selección de propuestas realizadas por distintos interesados). Durante este periodo, no se encuentran disponibles las obras contratadas por procedimiento de trato directo antes del año 2018 (aquellos que, por su naturaleza especial, emergencia, urgencia, imprevisto, entre otros, implican contratar directamente con un proveedor) y las concesiones.", "Origen Data": "Portal GEO-CGR de la Contraloría General de la República, Disponible en https://www.contraloria.cl/opencgrapp/geocgr/acerca . Ultima consulta de los datos: Abril 2025", "Titulo": "Const. Obras Portuaris para la Cta. Chungungo La H" }, "geometry": { "type": "Point", "coordinates": [ -71.314558718999905, -29.451790607 ] } },
{ "type": "Feature", "properties": { "fid": 63, "CODPROYECTO": "142707", "TREGION": "REGION DE COQUIMBO", "TCOMUNA": "LA HIGUERA", "DESCRIPCION": "Ejecutar el Proyecto Conservación por Emergencia  Escuela Punta de Choros, La Higuera. de acuerdo a las Especificaciones Técnicas, Bases Administrativas Generales ,Bases Administrativas especiales  Los Planos o Láminas del Proyecto y Formularios.", "CCLASIFICACION": "27", "CLASIFICACION": "Educación y cultura", "CODIGO_BIP": "No Existe Registro", "ID_MERCADO_PUB": "3749-18-LE23", "CODIGO_INI": "No Existe Registro", "MONTO_CONTRATADO": "10260625", "MONTO_CONTRATADO_MP": "10260625", "MONTO_VIGENTE": "10260625", "F_ADJUDICACION": "2024-01-19 00:00:00.0", "F_TRAZON": "2024-01-19 00:00:00.0", "FECHA_INI": "2024-01-29 10:22:46.0", "FECHA_FIN": "2024-02-27 10:22:46.0", "URL_ACTA": "http://www.mercadopublico.cl/Procurement/Modules/RFB/StepsProcessAward/PreviewAwardAct.aspx?qs=/PzoHts05xiuJ6Eds53eweKF1HgVAZIoz77y3MPHJGQ=", "SERV_MAND": "MUNICIPALIDAD DE LA HIGUERA", "SERV_CONTR": "MUNICIPALIDAD DE LA HIGUERA", "TIPO_FIN": "Presupuesto otro(s) organismo público", "PROC_CONTRATACION": "PU", "X_EXPE": "129812", "RUT_CONTRATIS": "77404224-5", "NOMBRE_CONTRATIS": "CONSTRUCTORA NFL SPA", "CREADOPOR": "GEOCGR", "X": "-71.4609897136688", "Y": "-29.2459523066396", "Descripcion_1": "Los datos expuestos corresponden a la iniciativa GEO-CGR de la contraloria general de la republica, el cual busca disponer informacion de las obras públicas que se están construyendo, o que ya se construyeron en tu comuna durante el último tiempo. De cada obra, podrás obtener su ubicación, valor de la inversión, qué servicio público está a cargo de ella, qué empresa es responsable de su construcción, los plazos en que se inicia y termina la obra, entre otros detalles importantes. El Portal GEO-CGR posee toda la información que periódicamente registran y actualizan las distintas entidades (Ministerios, Servicios Públicos, Municipalidades, entre otras) sobre las obras públicas a nivel nacional, correspondientes a licitaciones públicas y privadas (selección de propuestas realizadas por distintos interesados). Durante este periodo, no se encuentran disponibles las obras contratadas por procedimiento de trato directo antes del año 2018 (aquellos que, por su naturaleza especial, emergencia, urgencia, imprevisto, entre otros, implican contratar directamente con un proveedor) y las concesiones.", "Origen Data": "Portal GEO-CGR de la Contraloría General de la República, Disponible en https://www.contraloria.cl/opencgrapp/geocgr/acerca . Ultima consulta de los datos: Abril 2025", "Titulo": "Proyecto de Conservación  Escuela Punta de Choros" }, "geometry": { "type": "Point", "coordinates": [ -71.460989713668795, -29.245952306639602 ] } },
{ "type": "Feature", "properties": { "fid": 64, "CODPROYECTO": "94459", "TREGION": "REGION DE COQUIMBO", "TCOMUNA": "LA HIGUERA", "DESCRIPCION": "Ejecutar obras a viviendas de La Higuera y El Trapiche: Vivienda 1 y 2; forros interiores, aislación térmica, radier exterior, normalización de la instalación eléctrica y replanteo del sistema de alcantarillado. Vivienda 4, 5 y 6; construcción de zonas húmedas, prolongación de un radier de hormigón y su cubierta y proyecto de electricidad, agua potable y alcantarillado.", "CCLASIFICACION": "31", "CLASIFICACION": "Habitacional", "CODIGO_BIP": "00000000-0", "ID_MERCADO_PUB": "3748-17-LE16", "CODIGO_INI": "41041220002", "MONTO_CONTRATADO": "17272388", "MONTO_CONTRATADO_MP": "17272388", "MONTO_VIGENTE": "17272388", "F_ADJUDICACION": "2016-10-13 00:00:00.0", "F_TRAZON": "2016-10-13 00:00:00.0", "FECHA_INI": "2016-11-02 00:00:00.0", "FECHA_FIN": "2016-12-16 00:00:00.0", "URL_ACTA": "http://www.mercadopublico.cl/Procurement/Modules/RFB/StepsProcessAward/PreviewAwardAct.aspx?qs=NNRh/eCr/y2iwfd+mp8wkzOuzUf5oU21wFV5erUuHQA=", "SERV_MAND": "MINISTERIO DE DESARROLLO SOCIAL - SECRETARIA REGIONAL MINISTERIAL DE COQUIMBO", "SERV_CONTR": "MUNICIPALIDAD DE LA HIGUERA", "TIPO_FIN": "Presupuesto otro(s) organismo público", "PROC_CONTRATACION": "PU", "X_EXPE": "92178", "RUT_CONTRATIS": "76093321-K", "NOMBRE_CONTRATIS": "ANDRES ALFARO Y JUAN SEURA", "CREADOPOR": "GEOCGR", "X": "-71.2060403823853", "Y": "-29.5144531583524", "Descripcion_1": "Los datos expuestos corresponden a la iniciativa GEO-CGR de la contraloria general de la republica, el cual busca disponer informacion de las obras públicas que se están construyendo, o que ya se construyeron en tu comuna durante el último tiempo. De cada obra, podrás obtener su ubicación, valor de la inversión, qué servicio público está a cargo de ella, qué empresa es responsable de su construcción, los plazos en que se inicia y termina la obra, entre otros detalles importantes. El Portal GEO-CGR posee toda la información que periódicamente registran y actualizan las distintas entidades (Ministerios, Servicios Públicos, Municipalidades, entre otras) sobre las obras públicas a nivel nacional, correspondientes a licitaciones públicas y privadas (selección de propuestas realizadas por distintos interesados). Durante este periodo, no se encuentran disponibles las obras contratadas por procedimiento de trato directo antes del año 2018 (aquellos que, por su naturaleza especial, emergencia, urgencia, imprevisto, entre otros, implican contratar directamente con un proveedor) y las concesiones.", "Origen Data": "Portal GEO-CGR de la Contraloría General de la República, Disponible en https://www.contraloria.cl/opencgrapp/geocgr/acerca . Ultima consulta de los datos: Abril 2025", "Titulo": "CONSTRUCCIÓN SOLUCIONES HABITABILIDAD 2015" }, "geometry": { "type": "Point", "coordinates": [ -71.206040382385297, -29.514453158352399 ] } },
{ "type": "Feature", "properties": { "fid": 65, "CODPROYECTO": "99288", "TREGION": "REGION DE COQUIMBO", "TCOMUNA": "LA HIGUERA", "DESCRIPCION": "El objetivo de la obra consiste en la construcción de edificaciones: pañoles,  servicios higiénicos, área de lavado y cobertizo de trabajo. Además se  considera el sumnistro de agua, alcantarillado y electricidad interior y exterior.", "CCLASIFICACION": "24", "CLASIFICACION": "Portuarias y aeroportuarias", "CODIGO_BIP": "30046530-0", "ID_MERCADO_PUB": "1265-8-O117", "CODIGO_INI": "No Existe Registro", "MONTO_CONTRATADO": "254367711", "MONTO_CONTRATADO_MP": "254367711", "MONTO_VIGENTE": "314974991", "F_ADJUDICACION": "2017-08-09 00:00:00.0", "F_TRAZON": "2017-08-09 00:00:00.0", "FECHA_INI": "2017-08-18 00:00:00.0", "FECHA_FIN": "2018-02-14 00:00:00.0", "URL_ACTA": "http://www.mercadopublico.cl/Procurement/Modules/RFB/StepsProcessAward/PreviewAwardAct.aspx?qs=ehHsXfLtdfv4W/hWrJzBQTz7xKd2eIVSOm2MaoyXLqI=", "SERV_MAND": "DIRECCION REGIONAL DE OBRAS PORTUARIAS DE COQUIMBO", "SERV_CONTR": "DIRECCION REGIONAL DE OBRAS PORTUARIAS DE COQUIMBO", "TIPO_FIN": "Presupuesto propio", "PROC_CONTRATACION": "PU", "X_EXPE": "96379", "RUT_CONTRATIS": "76832630-4", "NOMBRE_CONTRATIS": "SOCIEDAD COMERCIAL Y CONSTRUCTORA SEGURIEQUIP LIMITADA", "CREADOPOR": "GEOCGR", "X": "-71.327319444", "Y": "-29.492161111", "Descripcion_1": "Los datos expuestos corresponden a la iniciativa GEO-CGR de la contraloria general de la republica, el cual busca disponer informacion de las obras públicas que se están construyendo, o que ya se construyeron en tu comuna durante el último tiempo. De cada obra, podrás obtener su ubicación, valor de la inversión, qué servicio público está a cargo de ella, qué empresa es responsable de su construcción, los plazos en que se inicia y termina la obra, entre otros detalles importantes. El Portal GEO-CGR posee toda la información que periódicamente registran y actualizan las distintas entidades (Ministerios, Servicios Públicos, Municipalidades, entre otras) sobre las obras públicas a nivel nacional, correspondientes a licitaciones públicas y privadas (selección de propuestas realizadas por distintos interesados). Durante este periodo, no se encuentran disponibles las obras contratadas por procedimiento de trato directo antes del año 2018 (aquellos que, por su naturaleza especial, emergencia, urgencia, imprevisto, entre otros, implican contratar directamente con un proveedor) y las concesiones.", "Origen Data": "Portal GEO-CGR de la Contraloría General de la República, Disponible en https://www.contraloria.cl/opencgrapp/geocgr/acerca . Ultima consulta de los datos: Abril 2025", "Titulo": "Const. Obras Terrestres Caleta Totoralillo Norte" }, "geometry": { "type": "Point", "coordinates": [ -71.327319444, -29.492161111 ] } },
{ "type": "Feature", "properties": { "fid": 66, "CODPROYECTO": "111810", "TREGION": "REGION DE COQUIMBO", "TCOMUNA": "LA HIGUERA", "DESCRIPCION": "La Licitación comprende la construcción de un radier de hormigón y una pérgola basada en estructura de madera tipo rollizo calibrado e impregnado.", "CCLASIFICACION": "27", "CLASIFICACION": "Educación y cultura", "CODIGO_BIP": "No Existe Registro", "ID_MERCADO_PUB": "3748-11-LE19", "CODIGO_INI": "41041220179", "MONTO_CONTRATADO": "30775290", "MONTO_CONTRATADO_MP": "30775290", "MONTO_VIGENTE": "30775290", "F_ADJUDICACION": "2019-06-04 00:00:00.0", "F_TRAZON": "2019-06-04 00:00:00.0", "FECHA_INI": "2019-06-05 00:00:00.0", "FECHA_FIN": "2019-06-24 00:00:00.0", "URL_ACTA": "No Existe Registro", "SERV_MAND": "SUBSECRETARIA DE DESARROLLO REGIONAL Y ADMINISTRATIVO - UNIDAD REGIONAL DE COQUIMBO", "SERV_CONTR": "MUNICIPALIDAD DE LA HIGUERA", "TIPO_FIN": "Presupuesto otro(s) organismo público", "PROC_CONTRATACION": "PU", "X_EXPE": "106185", "RUT_CONTRATIS": "12006733-8", "NOMBRE_CONTRATIS": "RUBEN DAGOBERTO BERRIOS AVILA", "CREADOPOR": "GEOCGR", "X": "-71.2013308038277", "Y": "-29.5104429121252", "Descripcion_1": "Los datos expuestos corresponden a la iniciativa GEO-CGR de la contraloria general de la republica, el cual busca disponer informacion de las obras públicas que se están construyendo, o que ya se construyeron en tu comuna durante el último tiempo. De cada obra, podrás obtener su ubicación, valor de la inversión, qué servicio público está a cargo de ella, qué empresa es responsable de su construcción, los plazos en que se inicia y termina la obra, entre otros detalles importantes. El Portal GEO-CGR posee toda la información que periódicamente registran y actualizan las distintas entidades (Ministerios, Servicios Públicos, Municipalidades, entre otras) sobre las obras públicas a nivel nacional, correspondientes a licitaciones públicas y privadas (selección de propuestas realizadas por distintos interesados). Durante este periodo, no se encuentran disponibles las obras contratadas por procedimiento de trato directo antes del año 2018 (aquellos que, por su naturaleza especial, emergencia, urgencia, imprevisto, entre otros, implican contratar directamente con un proveedor) y las concesiones.", "Origen Data": "Portal GEO-CGR de la Contraloría General de la República, Disponible en https://www.contraloria.cl/opencgrapp/geocgr/acerca . Ultima consulta de los datos: Abril 2025", "Titulo": "CONSTRUCCIÓN PÉRGOLA DE ACTIVIDADES COSTUMBRISTAS" }, "geometry": { "type": "Point", "coordinates": [ -71.201330803827702, -29.5104429121252 ] } },
{ "type": "Feature", "properties": { "fid": 67, "CODPROYECTO": "137738", "TREGION": "REGION DE COQUIMBO", "TCOMUNA": "LA HIGUERA", "DESCRIPCION": "En términos generales, el presente proyecto considera el mejoramiento de la actual plaza, siguiendo las directrices de la forma del recorrido de la plaza y la imagen urbana del sector, con la cual se desarrolla la pavimentación mediante adocretos y vía inclusiva en los sectores de permanencia y circulación. Se delimitan mediante solerillas las áreas verdes y sectores de juegos. La actual pérgola en mal estado se repone por una pérgola nueva con estructura metálica. Se retiran los juegos infantiles en precarias condiciones y se reemplazan por juegos nuevos y los actuales se les realizan trabajos de reparación y mejoramiento. Actualmente se posee arranque de agua potable e iluminación, por lo cual para el proyecto no se consideran estos ítems.", "CCLASIFICACION": "28", "CLASIFICACION": "Areas verdes; esparcimiento y equipamiento vario urbano y rural", "CODIGO_BIP": "No Existe Registro", "ID_MERCADO_PUB": "3748-5-LP23", "CODIGO_INI": "41045202081", "MONTO_CONTRATADO": "61344537", "MONTO_CONTRATADO_MP": "61344537", "MONTO_VIGENTE": "61344537", "F_ADJUDICACION": "2023-05-09 00:00:00.0", "F_TRAZON": "2023-05-09 00:00:00.0", "FECHA_INI": "2023-06-08 05:10:43.0", "FECHA_FIN": "2023-10-25 05:10:43.0", "URL_ACTA": "http://www.mercadopublico.cl/Procurement/Modules/RFB/StepsProcessAward/PreviewAwardAct.aspx?qs=PyQ4x0ZT7pO3K6ilAPeyWLyG/hBpZe4wxTvQkLq9gPA=", "SERV_MAND": "SUBSECRETARIA DE DESARROLLO REGIONAL Y ADMINISTRATIVO - UNIDAD REGIONAL DE COQUIMBO", "SERV_CONTR": "MUNICIPALIDAD DE LA HIGUERA", "TIPO_FIN": "Presupuesto otro(s) organismo público", "PROC_CONTRATACION": "PU", "X_EXPE": "125669", "RUT_CONTRATIS": "77357791-9", "NOMBRE_CONTRATIS": "CONSTRUCCIONES ALCAPARRA SPA", "CREADOPOR": "GEOCGR", "X": "-71.1148291826248", "Y": "-29.3738707107222", "Descripcion_1": "Los datos expuestos corresponden a la iniciativa GEO-CGR de la contraloria general de la republica, el cual busca disponer informacion de las obras públicas que se están construyendo, o que ya se construyeron en tu comuna durante el último tiempo. De cada obra, podrás obtener su ubicación, valor de la inversión, qué servicio público está a cargo de ella, qué empresa es responsable de su construcción, los plazos en que se inicia y termina la obra, entre otros detalles importantes. El Portal GEO-CGR posee toda la información que periódicamente registran y actualizan las distintas entidades (Ministerios, Servicios Públicos, Municipalidades, entre otras) sobre las obras públicas a nivel nacional, correspondientes a licitaciones públicas y privadas (selección de propuestas realizadas por distintos interesados). Durante este periodo, no se encuentran disponibles las obras contratadas por procedimiento de trato directo antes del año 2018 (aquellos que, por su naturaleza especial, emergencia, urgencia, imprevisto, entre otros, implican contratar directamente con un proveedor) y las concesiones.", "Origen Data": "Portal GEO-CGR de la Contraloría General de la República, Disponible en https://www.contraloria.cl/opencgrapp/geocgr/acerca . Ultima consulta de los datos: Abril 2025", "Titulo": "MEJORAMIENTO PLAZA CENTRAL EL TRAPICHE" }, "geometry": { "type": "Point", "coordinates": [ -71.114829182624803, -29.373870710722201 ] } },
{ "type": "Feature", "properties": { "fid": 68, "CODPROYECTO": "86572", "TREGION": "REGION DE COQUIMBO", "TCOMUNA": "LA HIGUERA", "DESCRIPCION": "Comprende principalmente, la demolición del frontis y del ala noreste del cierre existente del cementerio de Punta Colorada, además del retiro del portón de acceso peatonal. Lo anterior, permitirá realizar una ampliación al cementerio en 3.825 m2, materializando el cierre de éste con panderetas con una altura de 1,8 m y 243 m de largo, además se consideran dos accesos.", "CCLASIFICACION": "26", "CLASIFICACION": "Salud y sanidad", "CODIGO_BIP": "00000000-0", "ID_MERCADO_PUB": "3748-16-LE15", "CODIGO_INI": "3102004142", "MONTO_CONTRATADO": "12605029", "MONTO_CONTRATADO_MP": "12605029", "MONTO_VIGENTE": "12605029", "F_ADJUDICACION": "2015-09-04 00:00:00.0", "F_TRAZON": "2015-09-04 00:00:00.0", "FECHA_INI": "2015-09-15 00:00:00.0", "FECHA_FIN": "2015-10-30 00:00:00.0", "URL_ACTA": "http://www.mercadopublico.cl/Procurement/Modules/RFB/StepsProcessAward/PreviewAwardAct.aspx?qs=jqMwrFKcLCWq1uFf1kj+ls+/I2DhhEnhnqLU3SJdr0I=", "SERV_MAND": "MUNICIPALIDAD DE LA HIGUERA", "SERV_CONTR": "MUNICIPALIDAD DE LA HIGUERA", "TIPO_FIN": "Presupuesto propio", "PROC_CONTRATACION": "PU", "X_EXPE": "85474", "RUT_CONTRATIS": "76093321-K", "NOMBRE_CONTRATIS": "ANDRES ALFARO Y JUAN SEURA", "CREADOPOR": "GEOCGR", "X": "-71.0110652446747", "Y": "-29.355658571815", "Descripcion_1": "Los datos expuestos corresponden a la iniciativa GEO-CGR de la contraloria general de la republica, el cual busca disponer informacion de las obras públicas que se están construyendo, o que ya se construyeron en tu comuna durante el último tiempo. De cada obra, podrás obtener su ubicación, valor de la inversión, qué servicio público está a cargo de ella, qué empresa es responsable de su construcción, los plazos en que se inicia y termina la obra, entre otros detalles importantes. El Portal GEO-CGR posee toda la información que periódicamente registran y actualizan las distintas entidades (Ministerios, Servicios Públicos, Municipalidades, entre otras) sobre las obras públicas a nivel nacional, correspondientes a licitaciones públicas y privadas (selección de propuestas realizadas por distintos interesados). Durante este periodo, no se encuentran disponibles las obras contratadas por procedimiento de trato directo antes del año 2018 (aquellos que, por su naturaleza especial, emergencia, urgencia, imprevisto, entre otros, implican contratar directamente con un proveedor) y las concesiones.", "Origen Data": "Portal GEO-CGR de la Contraloría General de la República, Disponible en https://www.contraloria.cl/opencgrapp/geocgr/acerca . Ultima consulta de los datos: Abril 2025", "Titulo": "CONSTRUCCIÓN CIERRE CEMENTERIO PUNTA COLORADA" }, "geometry": { "type": "Point", "coordinates": [ -71.011065244674697, -29.355658571814999 ] } },
{ "type": "Feature", "properties": { "fid": 69, "CODPROYECTO": "87697", "TREGION": "REGION DE COQUIMBO", "TCOMUNA": "LA HIGUERA", "DESCRIPCION": "Comprende la construcción de una linea electrica en media y baja tensión bifásica, instalación interior y empalmes en el sector de La Laguna, Comuna de La Higuera, Región de Coquimbo.", "CCLASIFICACION": "28", "CLASIFICACION": "Areas verdes; esparcimiento y equipamiento vario urbano y rural", "CODIGO_BIP": "00000000-0", "ID_MERCADO_PUB": "3748-22-LE15", "CODIGO_INI": "41041201070", "MONTO_CONTRATADO": "34391882", "MONTO_CONTRATADO_MP": "34391882", "MONTO_VIGENTE": "34391882", "F_ADJUDICACION": "2015-11-11 00:00:00.0", "F_TRAZON": "2015-11-11 00:00:00.0", "FECHA_INI": "2015-12-01 00:00:00.0", "FECHA_FIN": "2015-12-30 00:00:00.0", "URL_ACTA": "http://www.mercadopublico.cl/Procurement/Modules/RFB/StepsProcessAward/PreviewAwardAct.aspx?qs=jyvu4Da1PCqkBTseMcUBPktTBcjjg/vXKc553GwM+i8=", "SERV_MAND": "MUNICIPALIDAD DE LA HIGUERA", "SERV_CONTR": "MUNICIPALIDAD DE LA HIGUERA", "TIPO_FIN": "Presupuesto propio", "PROC_CONTRATACION": "PU", "X_EXPE": "86384", "RUT_CONTRATIS": "91143000-2", "NOMBRE_CONTRATIS": "CIA NACIONAL DE FUERZA ELECTRICA S A", "CREADOPOR": "GEOCGR", "X": "-71.2372934818268", "Y": "-29.5067268513256", "Descripcion_1": "Los datos expuestos corresponden a la iniciativa GEO-CGR de la contraloria general de la republica, el cual busca disponer informacion de las obras públicas que se están construyendo, o que ya se construyeron en tu comuna durante el último tiempo. De cada obra, podrás obtener su ubicación, valor de la inversión, qué servicio público está a cargo de ella, qué empresa es responsable de su construcción, los plazos en que se inicia y termina la obra, entre otros detalles importantes. El Portal GEO-CGR posee toda la información que periódicamente registran y actualizan las distintas entidades (Ministerios, Servicios Públicos, Municipalidades, entre otras) sobre las obras públicas a nivel nacional, correspondientes a licitaciones públicas y privadas (selección de propuestas realizadas por distintos interesados). Durante este periodo, no se encuentran disponibles las obras contratadas por procedimiento de trato directo antes del año 2018 (aquellos que, por su naturaleza especial, emergencia, urgencia, imprevisto, entre otros, implican contratar directamente con un proveedor) y las concesiones.", "Origen Data": "Portal GEO-CGR de la Contraloría General de la República, Disponible en https://www.contraloria.cl/opencgrapp/geocgr/acerca . Ultima consulta de los datos: Abril 2025", "Titulo": "CONSTRUCCIÓN DE LINEA ELÉCTRICA, SECTOR LA LAGUNA." }, "geometry": { "type": "Point", "coordinates": [ -71.237293481826796, -29.506726851325599 ] } },
{ "type": "Feature", "properties": { "fid": 70, "CODPROYECTO": "97020", "TREGION": "REGION DE COQUIMBO", "TCOMUNA": "LA HIGUERA", "DESCRIPCION": "La Licitación comprende en términos generales, el mejoramiento del pavimento del piso del salón y de las zonas húmedas destinadas a baños y cocina, además se replanteará el sistema eléctrico existente, realización de un radier en el acceso del recinto y el portón metálico del acceso.", "CCLASIFICACION": "28", "CLASIFICACION": "Areas verdes; esparcimiento y equipamiento vario urbano y rural", "CODIGO_BIP": "No Existe Registro", "ID_MERCADO_PUB": "3748-1-LE17", "CODIGO_INI": "No Existe Registro", "MONTO_CONTRATADO": "6412711", "MONTO_CONTRATADO_MP": "6412711", "MONTO_VIGENTE": "6412711", "F_ADJUDICACION": "2017-03-06 00:00:00.0", "F_TRAZON": "2017-03-06 00:00:00.0", "FECHA_INI": "2017-03-28 00:00:00.0", "FECHA_FIN": "2017-04-27 00:00:00.0", "URL_ACTA": "http://www.mercadopublico.cl/Procurement/Modules/RFB/StepsProcessAward/PreviewAwardAct.aspx?qs=cYvu7w9fMdVUI9cYgSIQkw56kPaXeA1xLCQ0YNzteUg=", "SERV_MAND": "SUBSECRETARIA DE DESARROLLO REGIONAL Y ADMINISTRATIVO - UNIDAD REGIONAL DE COQUIMBO", "SERV_CONTR": "MUNICIPALIDAD DE LA HIGUERA", "TIPO_FIN": "Presupuesto otro(s) organismo público", "PROC_CONTRATACION": "PU", "X_EXPE": "94319", "RUT_CONTRATIS": "9237894-2", "NOMBRE_CONTRATIS": "Patricio Tapia Velazques", "CREADOPOR": "GEOCGR", "X": "-71.0174649953842", "Y": "-29.3525328908224", "Descripcion_1": "Los datos expuestos corresponden a la iniciativa GEO-CGR de la contraloria general de la republica, el cual busca disponer informacion de las obras públicas que se están construyendo, o que ya se construyeron en tu comuna durante el último tiempo. De cada obra, podrás obtener su ubicación, valor de la inversión, qué servicio público está a cargo de ella, qué empresa es responsable de su construcción, los plazos en que se inicia y termina la obra, entre otros detalles importantes. El Portal GEO-CGR posee toda la información que periódicamente registran y actualizan las distintas entidades (Ministerios, Servicios Públicos, Municipalidades, entre otras) sobre las obras públicas a nivel nacional, correspondientes a licitaciones públicas y privadas (selección de propuestas realizadas por distintos interesados). Durante este periodo, no se encuentran disponibles las obras contratadas por procedimiento de trato directo antes del año 2018 (aquellos que, por su naturaleza especial, emergencia, urgencia, imprevisto, entre otros, implican contratar directamente con un proveedor) y las concesiones.", "Origen Data": "Portal GEO-CGR de la Contraloría General de la República, Disponible en https://www.contraloria.cl/opencgrapp/geocgr/acerca . Ultima consulta de los datos: Abril 2025", "Titulo": "MEJORAMIENTO SEDE CD CARLOS JIMENEZ PUNTA COLORADA" }, "geometry": { "type": "Point", "coordinates": [ -71.017464995384202, -29.352532890822399 ] } },
{ "type": "Feature", "properties": { "fid": 71, "CODPROYECTO": "142786", "TREGION": "REGION DE COQUIMBO", "TCOMUNA": "LA HIGUERA", "DESCRIPCION": "Ejecutar el Proyecto denominado Conservación por Emergencia Colegio Pedro Pablo Muñoz, La Higuera, de acuerdo a los Términos de Referencia, Bases Administrativas Generales, Bases Administrativas Especiales Planos y o Láminas del Proyecto y Formularios", "CCLASIFICACION": "27", "CLASIFICACION": "Educación y cultura", "CODIGO_BIP": "No Existe Registro", "ID_MERCADO_PUB": "3749-19-LE23", "CODIGO_INI": "No Existe Registro", "MONTO_CONTRATADO": "17965550", "MONTO_CONTRATADO_MP": "17965550", "MONTO_VIGENTE": "17965550", "F_ADJUDICACION": "2024-01-24 00:00:00.0", "F_TRAZON": "2024-01-24 00:00:00.0", "FECHA_INI": "2024-01-29 12:17:06.0", "FECHA_FIN": "2024-02-29 12:17:06.0", "URL_ACTA": "http://www.mercadopublico.cl/Procurement/Modules/RFB/StepsProcessAward/PreviewAwardAct.aspx?qs=YjkAOmZQKP5gXVIzDGZdLFy7tAZjX6Q2IpPHl9lxMQE=", "SERV_MAND": "MUNICIPALIDAD DE LA HIGUERA", "SERV_CONTR": "MUNICIPALIDAD DE LA HIGUERA", "TIPO_FIN": "Presupuesto otro(s) organismo público", "PROC_CONTRATACION": "PU", "X_EXPE": "129880", "RUT_CONTRATIS": "77280472-5", "NOMBRE_CONTRATIS": "CONSTRUCTORA MELEE SPA", "CREADOPOR": "GEOCGR", "X": "-71.2026205658913", "Y": "-29.5110627593768", "Descripcion_1": "Los datos expuestos corresponden a la iniciativa GEO-CGR de la contraloria general de la republica, el cual busca disponer informacion de las obras públicas que se están construyendo, o que ya se construyeron en tu comuna durante el último tiempo. De cada obra, podrás obtener su ubicación, valor de la inversión, qué servicio público está a cargo de ella, qué empresa es responsable de su construcción, los plazos en que se inicia y termina la obra, entre otros detalles importantes. El Portal GEO-CGR posee toda la información que periódicamente registran y actualizan las distintas entidades (Ministerios, Servicios Públicos, Municipalidades, entre otras) sobre las obras públicas a nivel nacional, correspondientes a licitaciones públicas y privadas (selección de propuestas realizadas por distintos interesados). Durante este periodo, no se encuentran disponibles las obras contratadas por procedimiento de trato directo antes del año 2018 (aquellos que, por su naturaleza especial, emergencia, urgencia, imprevisto, entre otros, implican contratar directamente con un proveedor) y las concesiones.", "Origen Data": "Portal GEO-CGR de la Contraloría General de la República, Disponible en https://www.contraloria.cl/opencgrapp/geocgr/acerca . Ultima consulta de los datos: Abril 2025", "Titulo": "Proyecto  Conservación  Colegio Pedro Pablo Muñoz" }, "geometry": { "type": "Point", "coordinates": [ -71.202620565891294, -29.511062759376799 ] } },
{ "type": "Feature", "properties": { "fid": 72, "CODPROYECTO": "86009", "TREGION": "REGION DE COQUIMBO", "TCOMUNA": "LA HIGUERA", "DESCRIPCION": "Se debe construir un muro perimetral en mampostería en piedra sobre el cual se debe instalar una reja mas la construcción de un cierre perimetral en malla metálica. Esta obra de 300 metros lineales, dará solución la cancha de fútbol de la localidad de El Trapiche, Comuna de La Higuera.", "CCLASIFICACION": "29", "CLASIFICACION": "Deporte", "CODIGO_BIP": "00000000-0", "ID_MERCADO_PUB": "3748-14-LE15", "CODIGO_INI": "3102004144", "MONTO_CONTRATADO": "18236604", "MONTO_CONTRATADO_MP": "18236604", "MONTO_VIGENTE": "18236604", "F_ADJUDICACION": "2015-08-07 00:00:00.0", "F_TRAZON": "2015-08-07 00:00:00.0", "FECHA_INI": "2015-08-24 00:00:00.0", "FECHA_FIN": "2015-10-08 00:00:00.0", "URL_ACTA": "http://www.mercadopublico.cl/Procurement/Modules/RFB/StepsProcessAward/PreviewAwardAct.aspx?qs=3r2COoiXlehe2r2OmUG4RaWci5ujMkHBueyN6SulmFg=", "SERV_MAND": "SUBSECRETARIA DE DESARROLLO REGIONAL Y ADMINISTRATIVO - UNIDAD REGIONAL DE COQUIMBO", "SERV_CONTR": "MUNICIPALIDAD DE LA HIGUERA", "TIPO_FIN": "Presupuesto otro(s) organismo público", "PROC_CONTRATACION": "PU", "X_EXPE": "84987", "RUT_CONTRATIS": "12425197-4", "NOMBRE_CONTRATIS": "MAURICIO ALEJANDRO LEDEZMA GALLARDO", "CREADOPOR": "GEOCGR", "X": "-71.1150974035263", "Y": "-29.3722929685015", "Descripcion_1": "Los datos expuestos corresponden a la iniciativa GEO-CGR de la contraloria general de la republica, el cual busca disponer informacion de las obras públicas que se están construyendo, o que ya se construyeron en tu comuna durante el último tiempo. De cada obra, podrás obtener su ubicación, valor de la inversión, qué servicio público está a cargo de ella, qué empresa es responsable de su construcción, los plazos en que se inicia y termina la obra, entre otros detalles importantes. El Portal GEO-CGR posee toda la información que periódicamente registran y actualizan las distintas entidades (Ministerios, Servicios Públicos, Municipalidades, entre otras) sobre las obras públicas a nivel nacional, correspondientes a licitaciones públicas y privadas (selección de propuestas realizadas por distintos interesados). Durante este periodo, no se encuentran disponibles las obras contratadas por procedimiento de trato directo antes del año 2018 (aquellos que, por su naturaleza especial, emergencia, urgencia, imprevisto, entre otros, implican contratar directamente con un proveedor) y las concesiones.", "Origen Data": "Portal GEO-CGR de la Contraloría General de la República, Disponible en https://www.contraloria.cl/opencgrapp/geocgr/acerca . Ultima consulta de los datos: Abril 2025", "Titulo": "CONSTRUCCIÓN CIERRE PERIMETRAL, CANCHA EL TRAPICHE" }, "geometry": { "type": "Point", "coordinates": [ -71.115097403526306, -29.372292968501501 ] } },
{ "type": "Feature", "properties": { "fid": 73, "CODPROYECTO": "94448", "TREGION": "REGION DE COQUIMBO", "TCOMUNA": "LA HIGUERA", "DESCRIPCION": "La licitación comprende la construcción de 1 edificación en base a albañilería de ladrillos reforzada con algunas tabiquerías de madera y con accesos con rampas y barandas de protección. Contará con 1 patio cubierto, 1 espacio para actividades, 1 cocina y 2 servicios higiénicos. Además se repondrá todo el sistema eléctrico, agua potable y se construirá un sistema particular de evacuación de aguas", "CCLASIFICACION": "28", "CLASIFICACION": "Areas verdes; esparcimiento y equipamiento vario urbano y rural", "CODIGO_BIP": "00000000-0", "ID_MERCADO_PUB": "3748-14-LE16", "CODIGO_INI": "41041230141", "MONTO_CONTRATADO": "25100108", "MONTO_CONTRATADO_MP": "25100108", "MONTO_VIGENTE": "25100108", "F_ADJUDICACION": "2016-09-22 00:00:00.0", "F_TRAZON": "2016-09-22 00:00:00.0", "FECHA_INI": "2016-11-02 00:00:00.0", "FECHA_FIN": "2017-03-01 00:00:00.0", "URL_ACTA": "http://www.mercadopublico.cl/Procurement/Modules/RFB/StepsProcessAward/PreviewAwardAct.aspx?qs=cBoGq6IMnts20+CbXJjkinSQuU8k0MsiBtmS3xSU5Rw=", "SERV_MAND": "GOBIERNO REGIONAL DE COQUIMBO", "SERV_CONTR": "MUNICIPALIDAD DE LA HIGUERA", "TIPO_FIN": "Presupuesto propio y otros organismos públicos", "PROC_CONTRATACION": "PU", "X_EXPE": "92168", "RUT_CONTRATIS": "12425197-4", "NOMBRE_CONTRATIS": "MAURICIO ALEJANDRO LEDEZMA GALLARDO", "CREADOPOR": "GEOCGR", "X": "-71.2017810344696", "Y": "-29.5120186182941", "Descripcion_1": "Los datos expuestos corresponden a la iniciativa GEO-CGR de la contraloria general de la republica, el cual busca disponer informacion de las obras públicas que se están construyendo, o que ya se construyeron en tu comuna durante el último tiempo. De cada obra, podrás obtener su ubicación, valor de la inversión, qué servicio público está a cargo de ella, qué empresa es responsable de su construcción, los plazos en que se inicia y termina la obra, entre otros detalles importantes. El Portal GEO-CGR posee toda la información que periódicamente registran y actualizan las distintas entidades (Ministerios, Servicios Públicos, Municipalidades, entre otras) sobre las obras públicas a nivel nacional, correspondientes a licitaciones públicas y privadas (selección de propuestas realizadas por distintos interesados). Durante este periodo, no se encuentran disponibles las obras contratadas por procedimiento de trato directo antes del año 2018 (aquellos que, por su naturaleza especial, emergencia, urgencia, imprevisto, entre otros, implican contratar directamente con un proveedor) y las concesiones.", "Origen Data": "Portal GEO-CGR de la Contraloría General de la República, Disponible en https://www.contraloria.cl/opencgrapp/geocgr/acerca . Ultima consulta de los datos: Abril 2025", "Titulo": "REPOSICIÓN SEDE ADULTOS MAYORES, LA HIGUERA" }, "geometry": { "type": "Point", "coordinates": [ -71.201781034469604, -29.5120186182941 ] } },
{ "type": "Feature", "properties": { "fid": 74, "CODPROYECTO": "92317", "TREGION": "REGION DE COQUIMBO", "TCOMUNA": "LA HIGUERA", "DESCRIPCION": "La Licitación comprende el mejoramiento y mantención de las Plantas Elevadora y Tratamiento de Aguas Servidas la provisión e instalación de dos estanques además de todo el sistema de impulsión desde la planta. En la Planta Elevadora se contempla el suministro y construcción de una cámara de rejas y cámaras de inspección Se contempla un cierre perimetral en el sector de la Planta de Tratamiento además la mantención eléctrica en todos los sistemas y el suministro y la instalación de maquinarias para el funcionamiento del sistema", "CCLASIFICACION": "30", "CLASIFICACION": "Hidráulicas", "CODIGO_BIP": "00000000-0", "ID_MERCADO_PUB": "3748-8-LQ16", "CODIGO_INI": "41041201551", "MONTO_CONTRATADO": "90508000", "MONTO_CONTRATADO_MP": "90508000", "MONTO_VIGENTE": "90508000", "F_ADJUDICACION": "2016-07-01 00:00:00.0", "F_TRAZON": "2016-07-01 00:00:00.0", "FECHA_INI": "2016-07-21 00:00:00.0", "FECHA_FIN": "2016-10-18 00:00:00.0", "URL_ACTA": "http://www.mercadopublico.cl/Procurement/Modules/RFB/StepsProcessAward/PreviewAwardAct.aspx?qs=r17gb3Ewrg/EmlDq7cc2bJSQUdTFqwnAXF4iNa4VvGQ=", "SERV_MAND": "SUBSECRETARIA DE DESARROLLO REGIONAL Y ADMINISTRATIVO - UNIDAD REGIONAL DE COQUIMBO", "SERV_CONTR": "MUNICIPALIDAD DE LA HIGUERA", "TIPO_FIN": "Presupuesto otro(s) organismo público", "PROC_CONTRATACION": "PU", "X_EXPE": "90259", "RUT_CONTRATIS": "77972670-3", "NOMBRE_CONTRATIS": "C D H INGENIERIA LIMITADA", "CREADOPOR": "GEOCGR", "X": "-71.2839102745056", "Y": "-29.6201765173967", "Descripcion_1": "Los datos expuestos corresponden a la iniciativa GEO-CGR de la contraloria general de la republica, el cual busca disponer informacion de las obras públicas que se están construyendo, o que ya se construyeron en tu comuna durante el último tiempo. De cada obra, podrás obtener su ubicación, valor de la inversión, qué servicio público está a cargo de ella, qué empresa es responsable de su construcción, los plazos en que se inicia y termina la obra, entre otros detalles importantes. El Portal GEO-CGR posee toda la información que periódicamente registran y actualizan las distintas entidades (Ministerios, Servicios Públicos, Municipalidades, entre otras) sobre las obras públicas a nivel nacional, correspondientes a licitaciones públicas y privadas (selección de propuestas realizadas por distintos interesados). Durante este periodo, no se encuentran disponibles las obras contratadas por procedimiento de trato directo antes del año 2018 (aquellos que, por su naturaleza especial, emergencia, urgencia, imprevisto, entre otros, implican contratar directamente con un proveedor) y las concesiones.", "Origen Data": "Portal GEO-CGR de la Contraloría General de la República, Disponible en https://www.contraloria.cl/opencgrapp/geocgr/acerca . Ultima consulta de los datos: Abril 2025", "Titulo": "AMPLIACIÓN Y MEJORAMIENTO PTAS DE AGUAS SERVIDAS" }, "geometry": { "type": "Point", "coordinates": [ -71.283910274505601, -29.6201765173967 ] } },
{ "type": "Feature", "properties": { "fid": 75, "CODPROYECTO": "149421", "TREGION": "REGION DE COQUIMBO", "TCOMUNA": "LA HIGUERA", "DESCRIPCION": "El Servicio de Salud Coquimbo, en adelante también “Servicio”, llama a presentar ofertas mediante Licitación Pública para la ejecución del proyecto denominado “Reposición Posta de Salud Rural Caleta Los Hornos, La Higuera”, Código BIP 30176022-0.", "CCLASIFICACION": "26", "CLASIFICACION": "Salud y sanidad", "CODIGO_BIP": "30176022-0", "ID_MERCADO_PUB": "1180825-10-LR24", "CODIGO_INI": "No Existe Registro", "MONTO_CONTRATADO": "357885520", "MONTO_CONTRATADO_MP": "357885520", "MONTO_VIGENTE": "357885520", "F_ADJUDICACION": "2024-11-22 00:00:00.0", "F_TRAZON": "2024-11-22 00:00:00.0", "FECHA_INI": "2024-12-16 02:32:55.0", "FECHA_FIN": "2025-08-16 02:32:55.0", "URL_ACTA": "http://www.mercadopublico.cl/Procurement/Modules/RFB/StepsProcessAward/PreviewAwardAct.aspx?qs=aJanE1xW/0gnr/7p93iCFWQrn9VfmB2t8nAR5D5MzCo=", "SERV_MAND": "GOBIERNO REGIONAL DE COQUIMBO", "SERV_CONTR": "SERVICIO DE SALUD COQUIMBO - HOSPITAL SAN JUAN DE DIOS DE LA SERENA", "TIPO_FIN": "Presupuesto otro(s) organismo público", "PROC_CONTRATACION": "PU", "X_EXPE": "135329", "RUT_CONTRATIS": "77039760-k", "NOMBRE_CONTRATIS": "INGENIERIA Y SERVICIOS BONANI Y RIVEROS LIMITADA", "CREADOPOR": "GEOCGR", "X": "-71.2823492288589", "Y": "-29.624169475308", "Descripcion_1": "Los datos expuestos corresponden a la iniciativa GEO-CGR de la contraloria general de la republica, el cual busca disponer informacion de las obras públicas que se están construyendo, o que ya se construyeron en tu comuna durante el último tiempo. De cada obra, podrás obtener su ubicación, valor de la inversión, qué servicio público está a cargo de ella, qué empresa es responsable de su construcción, los plazos en que se inicia y termina la obra, entre otros detalles importantes. El Portal GEO-CGR posee toda la información que periódicamente registran y actualizan las distintas entidades (Ministerios, Servicios Públicos, Municipalidades, entre otras) sobre las obras públicas a nivel nacional, correspondientes a licitaciones públicas y privadas (selección de propuestas realizadas por distintos interesados). Durante este periodo, no se encuentran disponibles las obras contratadas por procedimiento de trato directo antes del año 2018 (aquellos que, por su naturaleza especial, emergencia, urgencia, imprevisto, entre otros, implican contratar directamente con un proveedor) y las concesiones.", "Origen Data": "Portal GEO-CGR de la Contraloría General de la República, Disponible en https://www.contraloria.cl/opencgrapp/geocgr/acerca . Ultima consulta de los datos: Abril 2025", "Titulo": "Reposicion Posta de Salud Rural Caleta Los Hornos" }, "geometry": { "type": "Point", "coordinates": [ -71.282349228858905, -29.624169475308001 ] } },
{ "type": "Feature", "properties": { "fid": 76, "CODPROYECTO": "94450", "TREGION": "REGION DE COQUIMBO", "TCOMUNA": "LA HIGUERA", "DESCRIPCION": "La Licitación comprende una construcción mayoritariamente en bloque, considerando además la construcción de algunas tabiquerías. Lo proyectado abarca una superficie aproximada de 78,00 m2 y se considera la demolición de una construcción existente de estructura en adobe y piso de madera.", "CCLASIFICACION": "28", "CLASIFICACION": "Areas verdes; esparcimiento y equipamiento vario urbano y rural", "CODIGO_BIP": "00000000-0", "ID_MERCADO_PUB": "3748-13-LP16", "CODIGO_INI": "41041220156", "MONTO_CONTRATADO": "41983193", "MONTO_CONTRATADO_MP": "41983193", "MONTO_VIGENTE": "41983193", "F_ADJUDICACION": "2016-10-12 00:00:00.0", "F_TRAZON": "2016-10-12 00:00:00.0", "FECHA_INI": "2016-11-02 00:00:00.0", "FECHA_FIN": "2017-02-16 00:00:00.0", "URL_ACTA": "http://www.mercadopublico.cl/Procurement/Modules/RFB/StepsProcessAward/PreviewAwardAct.aspx?qs=rw1pNQrTIZ9rLYbsTEZc8WBalUHNFV/Rez5cCHApSQQ=", "SERV_MAND": "SUBSECRETARIA DE DESARROLLO REGIONAL Y ADMINISTRATIVO - UNIDAD REGIONAL DE COQUIMBO", "SERV_CONTR": "MUNICIPALIDAD DE LA HIGUERA", "TIPO_FIN": "Presupuesto otro(s) organismo público", "PROC_CONTRATACION": "PU", "X_EXPE": "92170", "RUT_CONTRATIS": "12425197-4", "NOMBRE_CONTRATIS": "MAURICIO ALEJANDRO LEDEZMA GALLARDO", "CREADOPOR": "GEOCGR", "X": "-71.3087394833565", "Y": "-29.2909114642145", "Descripcion_1": "Los datos expuestos corresponden a la iniciativa GEO-CGR de la contraloria general de la republica, el cual busca disponer informacion de las obras públicas que se están construyendo, o que ya se construyeron en tu comuna durante el último tiempo. De cada obra, podrás obtener su ubicación, valor de la inversión, qué servicio público está a cargo de ella, qué empresa es responsable de su construcción, los plazos en que se inicia y termina la obra, entre otros detalles importantes. El Portal GEO-CGR posee toda la información que periódicamente registran y actualizan las distintas entidades (Ministerios, Servicios Públicos, Municipalidades, entre otras) sobre las obras públicas a nivel nacional, correspondientes a licitaciones públicas y privadas (selección de propuestas realizadas por distintos interesados). Durante este periodo, no se encuentran disponibles las obras contratadas por procedimiento de trato directo antes del año 2018 (aquellos que, por su naturaleza especial, emergencia, urgencia, imprevisto, entre otros, implican contratar directamente con un proveedor) y las concesiones.", "Origen Data": "Portal GEO-CGR de la Contraloría General de la República, Disponible en https://www.contraloria.cl/opencgrapp/geocgr/acerca . Ultima consulta de los datos: Abril 2025", "Titulo": "REPOSICIÓN SEDE SOCIAL, LOS CHOROS" }, "geometry": { "type": "Point", "coordinates": [ -71.308739483356504, -29.290911464214499 ] } },
{ "type": "Feature", "properties": { "fid": 77, "CODPROYECTO": "102139", "TREGION": "REGION DE COQUIMBO", "TCOMUNA": "LA HIGUERA", "DESCRIPCION": "El objetivo es construir un módulo de dos salas de clases que cobijarán a los cursos de enseñanza media. La nueva construcción deberá mantener las líneas de edificación y arquitectura de la edificación existente en la escuela.", "CCLASIFICACION": "27", "CLASIFICACION": "Educación y cultura", "CODIGO_BIP": "No Existe Registro", "ID_MERCADO_PUB": "3748-14-LP17", "CODIGO_INI": "41041201590", "MONTO_CONTRATADO": "43866752", "MONTO_CONTRATADO_MP": "43866752", "MONTO_VIGENTE": "43866752", "F_ADJUDICACION": "2018-01-16 00:00:00.0", "F_TRAZON": "2018-01-16 00:00:00.0", "FECHA_INI": "2018-02-01 00:00:00.0", "FECHA_FIN": "2018-04-02 00:00:00.0", "URL_ACTA": "http://www.mercadopublico.cl/Procurement/Modules/RFB/StepsProcessAward/PreviewAwardAct.aspx?qs=ZXLER/99ZW4RDhIgC0jgAYbRObJ4MGdOy0pLZA7Hxz0=", "SERV_MAND": "MUNICIPALIDAD DE LA HIGUERA", "SERV_CONTR": "MUNICIPALIDAD DE LA HIGUERA", "TIPO_FIN": "Presupuesto propio", "PROC_CONTRATACION": "PU", "X_EXPE": "98905", "RUT_CONTRATIS": "76355364-7", "NOMBRE_CONTRATIS": "jorge oscar astudillo garcia EIRL", "CREADOPOR": "GEOCGR", "X": "-71.2034279108047", "Y": "-29.5105363912107", "Descripcion_1": "Los datos expuestos corresponden a la iniciativa GEO-CGR de la contraloria general de la republica, el cual busca disponer informacion de las obras públicas que se están construyendo, o que ya se construyeron en tu comuna durante el último tiempo. De cada obra, podrás obtener su ubicación, valor de la inversión, qué servicio público está a cargo de ella, qué empresa es responsable de su construcción, los plazos en que se inicia y termina la obra, entre otros detalles importantes. El Portal GEO-CGR posee toda la información que periódicamente registran y actualizan las distintas entidades (Ministerios, Servicios Públicos, Municipalidades, entre otras) sobre las obras públicas a nivel nacional, correspondientes a licitaciones públicas y privadas (selección de propuestas realizadas por distintos interesados). Durante este periodo, no se encuentran disponibles las obras contratadas por procedimiento de trato directo antes del año 2018 (aquellos que, por su naturaleza especial, emergencia, urgencia, imprevisto, entre otros, implican contratar directamente con un proveedor) y las concesiones.", "Origen Data": "Portal GEO-CGR de la Contraloría General de la República, Disponible en https://www.contraloria.cl/opencgrapp/geocgr/acerca . Ultima consulta de los datos: Abril 2025", "Titulo": "AMPLIACIÓN ESCUELA P. P. MUÑOZ DE LA HIGUERA" }, "geometry": { "type": "Point", "coordinates": [ -71.203427910804706, -29.510536391210699 ] } },
{ "type": "Feature", "properties": { "fid": 78, "CODPROYECTO": "117903", "TREGION": "REGION DE COQUIMBO", "TCOMUNA": "LA HIGUERA", "DESCRIPCION": "CONSTRUCCIÓN PLAZOLETA PUNTA DE CHOROS DESDE 3748-8-CO20", "CCLASIFICACION": "28", "CLASIFICACION": "Areas verdes; esparcimiento y equipamiento vario urbano y rural", "CODIGO_BIP": "40009461-0", "ID_MERCADO_PUB": "3748-7-SE20", "CODIGO_INI": "41041200132", "MONTO_CONTRATADO": "21341763", "MONTO_CONTRATADO_MP": "21341763", "MONTO_VIGENTE": "21341763", "F_ADJUDICACION": "2020-07-08 00:00:00.0", "F_TRAZON": "2020-07-08 00:00:00.0", "FECHA_INI": "2020-07-23 00:00:00.0", "FECHA_FIN": "2020-10-07 00:00:00.0", "URL_ACTA": "No Existe Registro", "SERV_MAND": "MUNICIPALIDAD DE LA HIGUERA", "SERV_CONTR": "GOBIERNO REGIONAL DE COQUIMBO", "TIPO_FIN": "Presupuesto otro(s) organismo público", "PROC_CONTRATACION": "TD", "X_EXPE": "111072", "RUT_CONTRATIS": "76926039-0", "NOMBRE_CONTRATIS": "DEMART SPA", "CREADOPOR": "GEOCGR", "X": "-71.4621240530752", "Y": "-29.2458073852715", "Descripcion_1": "Los datos expuestos corresponden a la iniciativa GEO-CGR de la contraloria general de la republica, el cual busca disponer informacion de las obras públicas que se están construyendo, o que ya se construyeron en tu comuna durante el último tiempo. De cada obra, podrás obtener su ubicación, valor de la inversión, qué servicio público está a cargo de ella, qué empresa es responsable de su construcción, los plazos en que se inicia y termina la obra, entre otros detalles importantes. El Portal GEO-CGR posee toda la información que periódicamente registran y actualizan las distintas entidades (Ministerios, Servicios Públicos, Municipalidades, entre otras) sobre las obras públicas a nivel nacional, correspondientes a licitaciones públicas y privadas (selección de propuestas realizadas por distintos interesados). Durante este periodo, no se encuentran disponibles las obras contratadas por procedimiento de trato directo antes del año 2018 (aquellos que, por su naturaleza especial, emergencia, urgencia, imprevisto, entre otros, implican contratar directamente con un proveedor) y las concesiones.", "Origen Data": "Portal GEO-CGR de la Contraloría General de la República, Disponible en https://www.contraloria.cl/opencgrapp/geocgr/acerca . Ultima consulta de los datos: Abril 2025", "Titulo": "ORDEN DE COMPRA DESDE 3748-8-CO20" }, "geometry": { "type": "Point", "coordinates": [ -71.4621240530752, -29.245807385271501 ] } },
{ "type": "Feature", "properties": { "fid": 79, "CODPROYECTO": "124073", "TREGION": "REGION DE COQUIMBO", "TCOMUNA": "LA HIGUERA", "DESCRIPCION": "Realizar obras de mejoramiento y normalización de las dependencias existentes. Las Obras consisten en el mejoramiento integral de la infraestructura, según requerimientos JUNJI, considerando todas las obras señaladas en planos y especificaciones técnicas", "CCLASIFICACION": "27", "CLASIFICACION": "Educación y cultura", "CODIGO_BIP": "40031820-0", "ID_MERCADO_PUB": "3749-6-LP21", "CODIGO_INI": "No Existe Registro", "MONTO_CONTRATADO": "59860588", "MONTO_CONTRATADO_MP": "59860588", "MONTO_VIGENTE": "59860588", "F_ADJUDICACION": "2021-05-18 00:00:00.0", "F_TRAZON": "2021-05-18 00:00:00.0", "FECHA_INI": "2021-06-07 02:33:41.0", "FECHA_FIN": "2021-07-22 02:33:41.0", "URL_ACTA": "http://www.mercadopublico.cl/Procurement/Modules/RFB/StepsProcessAward/PreviewAwardAct.aspx?qs=9/mMftzMLtoab9Y+SQIEmB3icq0TLE5ECDtNamp1OT0=", "SERV_MAND": "MUNICIPALIDAD DE LA HIGUERA", "SERV_CONTR": "MUNICIPALIDAD DE LA HIGUERA", "TIPO_FIN": "Presupuesto otro(s) organismo público", "PROC_CONTRATACION": "PU", "X_EXPE": "115970", "RUT_CONTRATIS": "76135504-k", "NOMBRE_CONTRATIS": "Constructora e Inmobiliaria Abadecons ltda", "CREADOPOR": "GEOCGR", "X": "-71.201945990324", "Y": "-29.5121020658664", "Descripcion_1": "Los datos expuestos corresponden a la iniciativa GEO-CGR de la contraloria general de la republica, el cual busca disponer informacion de las obras públicas que se están construyendo, o que ya se construyeron en tu comuna durante el último tiempo. De cada obra, podrás obtener su ubicación, valor de la inversión, qué servicio público está a cargo de ella, qué empresa es responsable de su construcción, los plazos en que se inicia y termina la obra, entre otros detalles importantes. El Portal GEO-CGR posee toda la información que periódicamente registran y actualizan las distintas entidades (Ministerios, Servicios Públicos, Municipalidades, entre otras) sobre las obras públicas a nivel nacional, correspondientes a licitaciones públicas y privadas (selección de propuestas realizadas por distintos interesados). Durante este periodo, no se encuentran disponibles las obras contratadas por procedimiento de trato directo antes del año 2018 (aquellos que, por su naturaleza especial, emergencia, urgencia, imprevisto, entre otros, implican contratar directamente con un proveedor) y las concesiones.", "Origen Data": "Portal GEO-CGR de la Contraloría General de la República, Disponible en https://www.contraloria.cl/opencgrapp/geocgr/acerca . Ultima consulta de los datos: Abril 2025", "Titulo": "Mejoramiento Jardín infantil y sala cuna Capullito" }, "geometry": { "type": "Point", "coordinates": [ -71.201945990324006, -29.512102065866401 ] } },
{ "type": "Feature", "properties": { "fid": 80, "CODPROYECTO": "119976", "TREGION": "REGION DE COQUIMBO", "TCOMUNA": "LA HIGUERA", "DESCRIPCION": "La Licitación comprende primero la intervención en la pérgola del acceso principal para generar un recinto de encuentro para los apoderados y alumnos. La segunda intervención se ejecutará en el patio de la plataforma inferior de la escuela, donde actualmente existe una pérgola en malas condiciones estructurales, la cual deberá ser demolida para dar mayor seguridad a los usuarios y se deberá reponer por una nueva estructurada en pelifería metálica.", "CCLASIFICACION": "27", "CLASIFICACION": "Educación y cultura", "CODIGO_BIP": "No Existe Registro", "ID_MERCADO_PUB": "3748-15-LP20", "CODIGO_INI": "41042301941", "MONTO_CONTRATADO": "59797300", "MONTO_CONTRATADO_MP": "59797300", "MONTO_VIGENTE": "59797300", "F_ADJUDICACION": "2020-11-17 00:00:00.0", "F_TRAZON": "2020-11-17 00:00:00.0", "FECHA_INI": "2020-12-01 00:00:00.0", "FECHA_FIN": "2021-03-30 00:00:00.0", "URL_ACTA": "http://www.mercadopublico.cl/Procurement/Modules/RFB/StepsProcessAward/PreviewAwardAct.aspx?qs=vcD89T0jUPOH1joY6sAdMcKoAroa3h0+cV9uNNzfigs=", "SERV_MAND": "SUBSECRETARIA DE EDUCACION", "SERV_CONTR": "MUNICIPALIDAD DE LA HIGUERA", "TIPO_FIN": "Presupuesto otro(s) organismo público", "PROC_CONTRATACION": "PU", "X_EXPE": "112824", "RUT_CONTRATIS": "12425197-4", "NOMBRE_CONTRATIS": "MAURICIO ALEJANDRO LEDEZMA GALLARDO", "CREADOPOR": "GEOCGR", "X": "-71.2029567350119", "Y": "-29.510947904154", "Descripcion_1": "Los datos expuestos corresponden a la iniciativa GEO-CGR de la contraloria general de la republica, el cual busca disponer informacion de las obras públicas que se están construyendo, o que ya se construyeron en tu comuna durante el último tiempo. De cada obra, podrás obtener su ubicación, valor de la inversión, qué servicio público está a cargo de ella, qué empresa es responsable de su construcción, los plazos en que se inicia y termina la obra, entre otros detalles importantes. El Portal GEO-CGR posee toda la información que periódicamente registran y actualizan las distintas entidades (Ministerios, Servicios Públicos, Municipalidades, entre otras) sobre las obras públicas a nivel nacional, correspondientes a licitaciones públicas y privadas (selección de propuestas realizadas por distintos interesados). Durante este periodo, no se encuentran disponibles las obras contratadas por procedimiento de trato directo antes del año 2018 (aquellos que, por su naturaleza especial, emergencia, urgencia, imprevisto, entre otros, implican contratar directamente con un proveedor) y las concesiones.", "Origen Data": "Portal GEO-CGR de la Contraloría General de la República, Disponible en https://www.contraloria.cl/opencgrapp/geocgr/acerca . Ultima consulta de los datos: Abril 2025", "Titulo": "CONSERVACIÓN PÉRGOLAS COLEGIO LA HIGUERA" }, "geometry": { "type": "Point", "coordinates": [ -71.202956735011895, -29.510947904154001 ] } },
{ "type": "Feature", "properties": { "fid": 81, "CODPROYECTO": "131276", "TREGION": "REGION DE COQUIMBO", "TCOMUNA": "LA HIGUERA", "DESCRIPCION": "La Licitación comprende, desarrollar una serie de acciones tendientes a mejorar el sistema de alcantarillado de la localidad de Caleta los Hornos que comprende la Planta de Elevación y Planta de Tratamiento de Aguas Servidas. Las obras a ejecutar comprenden las siguientes acciones para mejorar el sistema: • Construcción de un baño para el operador en la PEAS • Suministro y pintura en los elementos metálicos • Limpieza en cámara desgrasadora • Construcción en cámara de rejas • Suministro de motobombas • Mejoramiento y suministro de equipos en estanque ecualizador, aireación, sedimentación y digestor • Cambio de lechos filtrantes en la cancha de secado y mejoramiento en muros con fisura • Implementación de prensa de lodos • Acopio de lechos filtrantes • Mejoramiento del alumbrado recintos PTAS • Sistema de desinfección", "CCLASIFICACION": "30", "CLASIFICACION": "Hidráulicas", "CODIGO_BIP": "No Existe Registro", "ID_MERCADO_PUB": "3748-7-LQ22", "CODIGO_INI": "41045202041", "MONTO_CONTRATADO": "175704248", "MONTO_CONTRATADO_MP": "175704248", "MONTO_VIGENTE": "175704248", "F_ADJUDICACION": "2022-05-11 00:00:00.0", "F_TRAZON": "2022-05-11 00:00:00.0", "FECHA_INI": "2022-06-03 12:37:43.0", "FECHA_FIN": "2022-11-29 12:37:43.0", "URL_ACTA": "http://www.mercadopublico.cl/Procurement/Modules/RFB/StepsProcessAward/PreviewAwardAct.aspx?qs=VGYONGndkcGZyVw5WBrXBfE9LdYIsYgwemadp5QnBuE=", "SERV_MAND": "SUBSECRETARIA DE DESARROLLO REGIONAL Y ADMINISTRATIVO - UNIDAD REGIONAL DE COQUIMBO", "SERV_CONTR": "MUNICIPALIDAD DE LA HIGUERA", "TIPO_FIN": "Presupuesto otro(s) organismo público", "PROC_CONTRATACION": "PU", "X_EXPE": "120419", "RUT_CONTRATIS": "76926039-0", "NOMBRE_CONTRATIS": "DEMART SPA", "CREADOPOR": "GEOCGR", "X": "-71.2825798988342", "Y": "-29.6186002755656", "Descripcion_1": "Los datos expuestos corresponden a la iniciativa GEO-CGR de la contraloria general de la republica, el cual busca disponer informacion de las obras públicas que se están construyendo, o que ya se construyeron en tu comuna durante el último tiempo. De cada obra, podrás obtener su ubicación, valor de la inversión, qué servicio público está a cargo de ella, qué empresa es responsable de su construcción, los plazos en que se inicia y termina la obra, entre otros detalles importantes. El Portal GEO-CGR posee toda la información que periódicamente registran y actualizan las distintas entidades (Ministerios, Servicios Públicos, Municipalidades, entre otras) sobre las obras públicas a nivel nacional, correspondientes a licitaciones públicas y privadas (selección de propuestas realizadas por distintos interesados). Durante este periodo, no se encuentran disponibles las obras contratadas por procedimiento de trato directo antes del año 2018 (aquellos que, por su naturaleza especial, emergencia, urgencia, imprevisto, entre otros, implican contratar directamente con un proveedor) y las concesiones.", "Origen Data": "Portal GEO-CGR de la Contraloría General de la República, Disponible en https://www.contraloria.cl/opencgrapp/geocgr/acerca . Ultima consulta de los datos: Abril 2025", "Titulo": "MEJORAMIENTO Y AMPLIACIÓN PEAS Y PTAS C LOS HORNOS" }, "geometry": { "type": "Point", "coordinates": [ -71.2825798988342, -29.618600275565601 ] } },
{ "type": "Feature", "properties": { "fid": 82, "CODPROYECTO": "87131", "TREGION": "REGION DE COQUIMBO", "TCOMUNA": "LA HIGUERA", "DESCRIPCION": "La contratación tiene por objetivo la terminación de la obra fina de la sala de laboratorio y la construcción de una bodega basado en estructura de perfiles galvanizados estructurales, además del mejoramiento de los muros existentes que confinan y delimitan la sala.", "CCLASIFICACION": "27", "CLASIFICACION": "Educación y cultura", "CODIGO_BIP": "00000000-0", "ID_MERCADO_PUB": "3748-21-LE15", "CODIGO_INI": "41042201050", "MONTO_CONTRATADO": "7238715", "MONTO_CONTRATADO_MP": "7238715", "MONTO_VIGENTE": "7238715", "F_ADJUDICACION": "2015-10-13 00:00:00.0", "F_TRAZON": "2015-10-13 00:00:00.0", "FECHA_INI": "2015-10-21 00:00:00.0", "FECHA_FIN": "2015-12-09 00:00:00.0", "URL_ACTA": "http://www.mercadopublico.cl/Procurement/Modules/RFB/StepsProcessAward/PreviewAwardAct.aspx?qs=6cGoWzGAgYLIUPcAALC1egolI87dbIEuLpjnqU+x4n4=", "SERV_MAND": "MUNICIPALIDAD DE LA HIGUERA", "SERV_CONTR": "MUNICIPALIDAD DE LA HIGUERA", "TIPO_FIN": "Presupuesto propio", "PROC_CONTRATACION": "PU", "X_EXPE": "85948", "RUT_CONTRATIS": "76093321-K", "NOMBRE_CONTRATIS": "ANDRES ALFARO Y JUAN SEURA", "CREADOPOR": "GEOCGR", "X": "-71.2033367156982", "Y": "-29.5104103425519", "Descripcion_1": "Los datos expuestos corresponden a la iniciativa GEO-CGR de la contraloria general de la republica, el cual busca disponer informacion de las obras públicas que se están construyendo, o que ya se construyeron en tu comuna durante el último tiempo. De cada obra, podrás obtener su ubicación, valor de la inversión, qué servicio público está a cargo de ella, qué empresa es responsable de su construcción, los plazos en que se inicia y termina la obra, entre otros detalles importantes. El Portal GEO-CGR posee toda la información que periódicamente registran y actualizan las distintas entidades (Ministerios, Servicios Públicos, Municipalidades, entre otras) sobre las obras públicas a nivel nacional, correspondientes a licitaciones públicas y privadas (selección de propuestas realizadas por distintos interesados). Durante este periodo, no se encuentran disponibles las obras contratadas por procedimiento de trato directo antes del año 2018 (aquellos que, por su naturaleza especial, emergencia, urgencia, imprevisto, entre otros, implican contratar directamente con un proveedor) y las concesiones.", "Origen Data": "Portal GEO-CGR de la Contraloría General de la República, Disponible en https://www.contraloria.cl/opencgrapp/geocgr/acerca . Ultima consulta de los datos: Abril 2025", "Titulo": "MEJORAMIENTO SALA LABORATORIO ESCUELA LA HIGUERA" }, "geometry": { "type": "Point", "coordinates": [ -71.2033367156982, -29.5104103425519 ] } },
{ "type": "Feature", "properties": { "fid": 83, "CODPROYECTO": "101119", "TREGION": "REGION DE COQUIMBO", "TCOMUNA": "LA HIGUERA", "DESCRIPCION": "DTS con polímero, señales, demarcación, barreras metálicas y tachas reflextantes", "CCLASIFICACION": "23", "CLASIFICACION": "Transporte terrestre", "CODIGO_BIP": "30342975-0", "ID_MERCADO_PUB": "5261-26-LR16", "CODIGO_INI": "No Existe Registro", "MONTO_CONTRATADO": "1826087999", "MONTO_CONTRATADO_MP": "1826088000", "MONTO_VIGENTE": "1988602199", "F_ADJUDICACION": "2017-11-30 00:00:00.0", "F_TRAZON": "2017-11-30 00:00:00.0", "FECHA_INI": "2017-06-05 00:00:00.0", "FECHA_FIN": "2018-04-01 00:00:00.0", "URL_ACTA": "http://www.mercadopublico.cl/Procurement/Modules/RFB/StepsProcessAward/PreviewAwardAct.aspx?qs=SFL7UPp0136wqW/HvzjLytBms8x3IEcK7AXgUdTRHo8=", "SERV_MAND": "DIRECCION REGIONAL DE VIALIDAD DE COQUIMBO", "SERV_CONTR": "DIRECCION REGIONAL DE VIALIDAD DE COQUIMBO", "TIPO_FIN": "Presupuesto propio", "PROC_CONTRATACION": "PU", "X_EXPE": "98024", "RUT_CONTRATIS": "89831600-9", "NOMBRE_CONTRATIS": "MELENDEZ LTDA.", "CREADOPOR": "GEOCGR", "X": "-71.157589676", "Y": "-29.3426917159999", "Descripcion_1": "Los datos expuestos corresponden a la iniciativa GEO-CGR de la contraloria general de la republica, el cual busca disponer informacion de las obras públicas que se están construyendo, o que ya se construyeron en tu comuna durante el último tiempo. De cada obra, podrás obtener su ubicación, valor de la inversión, qué servicio público está a cargo de ella, qué empresa es responsable de su construcción, los plazos en que se inicia y termina la obra, entre otros detalles importantes. El Portal GEO-CGR posee toda la información que periódicamente registran y actualizan las distintas entidades (Ministerios, Servicios Públicos, Municipalidades, entre otras) sobre las obras públicas a nivel nacional, correspondientes a licitaciones públicas y privadas (selección de propuestas realizadas por distintos interesados). Durante este periodo, no se encuentran disponibles las obras contratadas por procedimiento de trato directo antes del año 2018 (aquellos que, por su naturaleza especial, emergencia, urgencia, imprevisto, entre otros, implican contratar directamente con un proveedor) y las concesiones.", "Origen Data": "Portal GEO-CGR de la Contraloría General de la República, Disponible en https://www.contraloria.cl/opencgrapp/geocgr/acerca . Ultima consulta de los datos: Abril 2025", "Titulo": "CBI Ruta 5 - Los Choros km 3,7 a 20,94." }, "geometry": { "type": "Point", "coordinates": [ -71.157589676, -29.342691715999901 ] } },
{ "type": "Feature", "properties": { "fid": 84, "CODPROYECTO": "119592", "TREGION": "REGION DE COQUIMBO", "TCOMUNA": "LA HIGUERA", "DESCRIPCION": "CONSTRUCCION PAVIMENTO PARTICIPATIVO 28 LLAMADO COMUNA DE LA HIGUERA", "CCLASIFICACION": "23", "CLASIFICACION": "Transporte terrestre", "CODIGO_BIP": "40005160-0", "ID_MERCADO_PUB": "894863-30-O120", "CODIGO_INI": "No Existe Registro", "MONTO_CONTRATADO": "494377759", "MONTO_CONTRATADO_MP": "494377759", "MONTO_VIGENTE": "494377759", "F_ADJUDICACION": "2020-10-29 00:00:00.0", "F_TRAZON": "2020-10-29 00:00:00.0", "FECHA_INI": "2020-11-16 00:00:00.0", "FECHA_FIN": "2021-06-15 00:00:00.0", "URL_ACTA": "http://www.mercadopublico.cl/Procurement/Modules/RFB/StepsProcessAward/PreviewAwardAct.aspx?qs=cfcZXrQjLB3TB0TtqskKqEYwpC1twrCCTBpBLnoj/8Y=", "SERV_MAND": "SERVIU - SERVICIO DE VIVIENDA Y URBANIZACION DE COQUIMBO", "SERV_CONTR": "SERVIU - SERVICIO DE VIVIENDA Y URBANIZACION DE COQUIMBO", "TIPO_FIN": "Presupuesto propio", "PROC_CONTRATACION": "PU", "X_EXPE": "112499", "RUT_CONTRATIS": "78531830-7", "NOMBRE_CONTRATIS": "INGENIERIA CONSTRUCCIONES Y SERVICIOS YAGNAM LIMITADA", "CREADOPOR": "GEOCGR", "X": "-71.2006164652694", "Y": "-29.5108004870801", "Descripcion_1": "Los datos expuestos corresponden a la iniciativa GEO-CGR de la contraloria general de la republica, el cual busca disponer informacion de las obras públicas que se están construyendo, o que ya se construyeron en tu comuna durante el último tiempo. De cada obra, podrás obtener su ubicación, valor de la inversión, qué servicio público está a cargo de ella, qué empresa es responsable de su construcción, los plazos en que se inicia y termina la obra, entre otros detalles importantes. El Portal GEO-CGR posee toda la información que periódicamente registran y actualizan las distintas entidades (Ministerios, Servicios Públicos, Municipalidades, entre otras) sobre las obras públicas a nivel nacional, correspondientes a licitaciones públicas y privadas (selección de propuestas realizadas por distintos interesados). Durante este periodo, no se encuentran disponibles las obras contratadas por procedimiento de trato directo antes del año 2018 (aquellos que, por su naturaleza especial, emergencia, urgencia, imprevisto, entre otros, implican contratar directamente con un proveedor) y las concesiones.", "Origen Data": "Portal GEO-CGR de la Contraloría General de la República, Disponible en https://www.contraloria.cl/opencgrapp/geocgr/acerca . Ultima consulta de los datos: Abril 2025", "Titulo": "CONSTRUCCION PAVIMENTO PARTICIPATIVO 28 LLAMADO " }, "geometry": { "type": "Point", "coordinates": [ -71.200616465269405, -29.5108004870801 ] } },
{ "type": "Feature", "properties": { "fid": 85, "CODPROYECTO": "137350", "TREGION": "REGION DE COQUIMBO", "TCOMUNA": "LA HIGUERA", "DESCRIPCION": "El Cuartel a construir consta de 452,22 metros cuadrados totales en dos niveles, incorporando todos aquellos recintos necesarios para el buen funcionamiento y confort de los voluntarios de esta compañía, dejando espacio para guardias, oficinas para oficiales, sala de máquinas para su material mayor y sala de uso múltiple. Se considera para su materiales como hormigón armado, metalcom y estructura metálica, que cumple con las normas actuales antisísmicas y cuenta con el diseño arquitectónico, especificaciones técnicas y los proyectos de especialidades a nivel informativo electricidad, agua potable, alcantarillado y gas. En el caso de los proyectos de especialidades, será de responsabilidad de la empresa adjudicada realizar los proyectos definitivos cumpliendo con la normativa vigente y presentarlos ante los organismos pertinentes, para la obtención de permisos, aprobaciones, certificaciones y recepciones, según sea el caso. Particularmente, el proyecto de alcantarillado, cuenta con una aprobación, por consiguiente, el adjudicatario deberá solicitar la modificación del proyecto según el informativo.", "CCLASIFICACION": "25", "CLASIFICACION": "Edificaciones públicas", "CODIGO_BIP": "30176672-0", "ID_MERCADO_PUB": "3748-17-LR22", "CODIGO_INI": "No Existe Registro", "MONTO_CONTRATADO": "413203619", "MONTO_CONTRATADO_MP": "413203619", "MONTO_VIGENTE": "413203619", "F_ADJUDICACION": "2023-04-21 00:00:00.0", "F_TRAZON": "2023-04-21 00:00:00.0", "FECHA_INI": "2023-05-22 12:47:08.0", "FECHA_FIN": "2024-03-10 12:47:08.0", "URL_ACTA": "http://www.mercadopublico.cl/Procurement/Modules/RFB/StepsProcessAward/PreviewAwardAct.aspx?qs=tekiVMx/evrgeTNoMnrWyR2rSVo/bhHinm1tqPTRmbE=", "SERV_MAND": "GOBIERNO REGIONAL DE COQUIMBO", "SERV_CONTR": "MUNICIPALIDAD DE LA HIGUERA", "TIPO_FIN": "Presupuesto otro(s) organismo público", "PROC_CONTRATACION": "PU", "X_EXPE": "125367", "RUT_CONTRATIS": "76574225-0", "NOMBRE_CONTRATIS": "CONSTRUCTORA NUEVO CHAÑAR SPA.", "CREADOPOR": "GEOCGR", "X": "-71.2004506587982", "Y": "-29.5122380327425", "Descripcion_1": "Los datos expuestos corresponden a la iniciativa GEO-CGR de la contraloria general de la republica, el cual busca disponer informacion de las obras públicas que se están construyendo, o que ya se construyeron en tu comuna durante el último tiempo. De cada obra, podrás obtener su ubicación, valor de la inversión, qué servicio público está a cargo de ella, qué empresa es responsable de su construcción, los plazos en que se inicia y termina la obra, entre otros detalles importantes. El Portal GEO-CGR posee toda la información que periódicamente registran y actualizan las distintas entidades (Ministerios, Servicios Públicos, Municipalidades, entre otras) sobre las obras públicas a nivel nacional, correspondientes a licitaciones públicas y privadas (selección de propuestas realizadas por distintos interesados). Durante este periodo, no se encuentran disponibles las obras contratadas por procedimiento de trato directo antes del año 2018 (aquellos que, por su naturaleza especial, emergencia, urgencia, imprevisto, entre otros, implican contratar directamente con un proveedor) y las concesiones.", "Origen Data": "Portal GEO-CGR de la Contraloría General de la República, Disponible en https://www.contraloria.cl/opencgrapp/geocgr/acerca . Ultima consulta de los datos: Abril 2025", "Titulo": "REPOSICIÓN CUARTEL DE BOMBEROS DE LA HIGUERA" }, "geometry": { "type": "Point", "coordinates": [ -71.200450658798204, -29.512238032742498 ] } },
{ "type": "Feature", "properties": { "fid": 86, "CODPROYECTO": "102428", "TREGION": "REGION DE COQUIMBO", "TCOMUNA": "LA HIGUERA", "DESCRIPCION": "La Licitación comprende en términos generales la intervención en tres sistemas de agua potable rural de la comuna de La Higuera; Chungungo, El Trapiche y Los Choros, con la construcción de una caseta o gabinete para la instalación de grupos electrógenos de apoyo en caso de emergencia, la instalación de tableros de trasferencia automática, la adquisición de tres grupos electrógenos y la correspondiente conexión al sistema existente.", "CCLASIFICACION": "30", "CLASIFICACION": "Hidráulicas", "CODIGO_BIP": "No Existe Registro", "ID_MERCADO_PUB": "3748-2-LP18", "CODIGO_INI": "41041220164", "MONTO_CONTRATADO": "40252100", "MONTO_CONTRATADO_MP": "40252100", "MONTO_VIGENTE": "40252100", "F_ADJUDICACION": "2018-01-25 00:00:00.0", "F_TRAZON": "2018-01-25 00:00:00.0", "FECHA_INI": "2018-02-19 00:00:00.0", "FECHA_FIN": "2018-03-03 00:00:00.0", "URL_ACTA": "http://www.mercadopublico.cl/Procurement/Modules/RFB/StepsProcessAward/PreviewAwardAct.aspx?qs=BrZCIUpu4maLyeEsFfDda10tv5sQMAwnfbWvhWfXXR8=", "SERV_MAND": "SUBSECRETARIA DE DESARROLLO REGIONAL Y ADMINISTRATIVO - UNIDAD REGIONAL DE COQUIMBO", "SERV_CONTR": "MUNICIPALIDAD DE LA HIGUERA", "TIPO_FIN": "Presupuesto otro(s) organismo público", "PROC_CONTRATACION": "PU", "X_EXPE": "99081", "RUT_CONTRATIS": "76555363-6", "NOMBRE_CONTRATIS": "ControlRooms SPA", "CREADOPOR": "GEOCGR", "X": "-71.3031041622162", "Y": "-29.4495011595105", "Descripcion_1": "Los datos expuestos corresponden a la iniciativa GEO-CGR de la contraloria general de la republica, el cual busca disponer informacion de las obras públicas que se están construyendo, o que ya se construyeron en tu comuna durante el último tiempo. De cada obra, podrás obtener su ubicación, valor de la inversión, qué servicio público está a cargo de ella, qué empresa es responsable de su construcción, los plazos en que se inicia y termina la obra, entre otros detalles importantes. El Portal GEO-CGR posee toda la información que periódicamente registran y actualizan las distintas entidades (Ministerios, Servicios Públicos, Municipalidades, entre otras) sobre las obras públicas a nivel nacional, correspondientes a licitaciones públicas y privadas (selección de propuestas realizadas por distintos interesados). Durante este periodo, no se encuentran disponibles las obras contratadas por procedimiento de trato directo antes del año 2018 (aquellos que, por su naturaleza especial, emergencia, urgencia, imprevisto, entre otros, implican contratar directamente con un proveedor) y las concesiones.", "Origen Data": "Portal GEO-CGR de la Contraloría General de la República, Disponible en https://www.contraloria.cl/opencgrapp/geocgr/acerca . Ultima consulta de los datos: Abril 2025", "Titulo": "HABILITACIÓN SISTEMAS APR COMUNA DE LA HIGUERA" }, "geometry": { "type": "Point", "coordinates": [ -71.303104162216201, -29.449501159510501 ] } },
{ "type": "Feature", "properties": { "fid": 87, "CODPROYECTO": "95676", "TREGION": "REGION DE COQUIMBO", "TCOMUNA": "LA HIGUERA", "DESCRIPCION": "La Licitación comprende la construcción de un espacio deportivo, que contempla la colocación de una carpeta de pasto sintético y provisión de base y sub-base. Junto con ello la construcción de un cierre perimetral con acceso peatonal y la provisión de los arcos de fútbol, sumado a esto se dispondrá en su perímetro la construcción de áreas de circulación en pastelones de hormigón, además se incluirá un sistema de iluminación basado en 4 postes galvanizados con 8 focos de haluro metálico de 400 W. La construcción se ubicará junto a la calle Eloy Salinas, frente a la Estación Médico Rural de la localidad.", "CCLASIFICACION": "29", "CLASIFICACION": "Deporte", "CODIGO_BIP": "30463402-0", "ID_MERCADO_PUB": "3748-16-LE16", "CODIGO_INI": "41041220000", "MONTO_CONTRATADO": "33218367", "MONTO_CONTRATADO_MP": "33218367", "MONTO_VIGENTE": "33218367", "F_ADJUDICACION": "2016-12-09 00:00:00.0", "F_TRAZON": "2016-12-09 00:00:00.0", "FECHA_INI": "2017-01-13 00:00:00.0", "FECHA_FIN": "2017-03-14 00:00:00.0", "URL_ACTA": "http://www.mercadopublico.cl/Procurement/Modules/RFB/StepsProcessAward/PreviewAwardAct.aspx?qs=vkaKxEIaYfYTCMrXeeFudgCHxxNz9owVxtRCQRieYYo=", "SERV_MAND": "GOBIERNO REGIONAL DE COQUIMBO", "SERV_CONTR": "MUNICIPALIDAD DE LA HIGUERA", "TIPO_FIN": "Presupuesto otro(s) organismo público", "PROC_CONTRATACION": "PU", "X_EXPE": "93182", "RUT_CONTRATIS": "76422439-6", "NOMBRE_CONTRATIS": "Northgreen SpA", "CREADOPOR": "GEOCGR", "X": "-71.01742208004", "Y": "-29.3530963153491", "Descripcion_1": "Los datos expuestos corresponden a la iniciativa GEO-CGR de la contraloria general de la republica, el cual busca disponer informacion de las obras públicas que se están construyendo, o que ya se construyeron en tu comuna durante el último tiempo. De cada obra, podrás obtener su ubicación, valor de la inversión, qué servicio público está a cargo de ella, qué empresa es responsable de su construcción, los plazos en que se inicia y termina la obra, entre otros detalles importantes. El Portal GEO-CGR posee toda la información que periódicamente registran y actualizan las distintas entidades (Ministerios, Servicios Públicos, Municipalidades, entre otras) sobre las obras públicas a nivel nacional, correspondientes a licitaciones públicas y privadas (selección de propuestas realizadas por distintos interesados). Durante este periodo, no se encuentran disponibles las obras contratadas por procedimiento de trato directo antes del año 2018 (aquellos que, por su naturaleza especial, emergencia, urgencia, imprevisto, entre otros, implican contratar directamente con un proveedor) y las concesiones.", "Origen Data": "Portal GEO-CGR de la Contraloría General de la República, Disponible en https://www.contraloria.cl/opencgrapp/geocgr/acerca . Ultima consulta de los datos: Abril 2025", "Titulo": "CONSTRUCCIÓN CANCHA DE BABY FÚTBOL, PUNTA COLORADA" }, "geometry": { "type": "Point", "coordinates": [ -71.017422080040006, -29.353096315349099 ] } }
]
}
