{
"type": "FeatureCollection",
"name": "ipt_pri_elqui",
"crs": { "type": "name", "properties": { "name": "urn:ogc:def:crs:OGC:1.3:CRS84" } },
"features": [
{ "type": "Feature", "properties": { "fid": 1, "OBJECTID": 7, "ZONA": "ZEU-7", "REG": "Coquimbo", "COM": "La Higuera", "LOC": "Punta Choros", "NOM": "ZEU-7 Zona de Extension Urbana 7", "UPERM": "Residencial, Equipamiento, Actividades Productivas, Espacio Público, Área Verde", "UPROH": "Todos los no indicados precedentemente como permitidos", "P_DO": "10-04-2019", "N_DOC": "1", "T_DO": "Resolucion", "Link Resolucion": "http://ide.gorecoquimbo.gob.cl:81/archivos/otros/1563895034_Diario_oficial_pri_elqui.pdf", "Link Promulgacion": "http://ide.gorecoquimbo.gob.cl:81/archivos/otros/1563896042_Res_01_2019_pri_elqui.pdf", "Link Memoria": "http://ide.gorecoquimbo.gob.cl:81/archivos/otros/Memoria.pdf", "Descripcion": "Los Planes Reguladores Intercomunales (PRI) son un Instrumento de Planificación Territorial que regula el desarrollo físico de las áreas urbanas y rurales de diversas comunas, que por sus relaciones, se integran en una unidad urbana. Cuando esta unidad sobrepase los 500.000 habitantes, le corresponderá la categoría de área metropolitana para los efectos de su planificación. Se diferencia del Plan Regulador Comunal, que se enfoca en una sola comuna. ", "Origen de la Informacion": "Servicio Rest del Ministerio de Viviendas y Urbanismo, Disponible en: https://geoide.minvu.cl/server/rest/services/IPT/PRI_Coquimbo/FeatureServer/2" }, "geometry": { "type": "MultiPolygon", "coordinates": [ [ [ [ -71.326491929128025, -29.495374128097751 ], [ -71.327240541326049, -29.495789437463454 ], [ -71.328119033618307, -29.494742738516791 ], [ -71.330044732766055, -29.491954308853426 ], [ -71.330950158254211, -29.490643185505949 ], [ -71.331638043551777, -29.489646706769062 ], [ -71.332420966062529, -29.488512529069162 ], [ -71.331769313889396, -29.488904807203006 ], [ -71.330660129611061, -29.489140763184082 ], [ -71.328444519994349, -29.489973451753389 ], [ -71.327665628382533, -29.49049228132268 ], [ -71.326688143290042, -29.490852198704978 ], [ -71.325910072393825, -29.490894061001558 ], [ -71.323921919381192, -29.493948297644156 ], [ -71.326491929128025, -29.495374128097751 ] ] ] ] } },
{ "type": "Feature", "properties": { "fid": 2, "OBJECTID": 8, "ZONA": "ZEU-6", "REG": "Coquimbo", "COM": "La Higuera", "LOC": "El Trapiche", "NOM": "ZEU-6 Zona de Extension Urbana 6", "UPERM": "Residencial, Equipamiento, Espacio Público, Área Verde", "UPROH": "Todos los no señalados como permitidos precedentemente", "P_DO": "10-04-2019", "N_DOC": "1", "T_DO": "Resolucion", "Link Resolucion": "http://ide.gorecoquimbo.gob.cl:81/archivos/otros/1563895034_Diario_oficial_pri_elqui.pdf", "Link Promulgacion": "http://ide.gorecoquimbo.gob.cl:81/archivos/otros/1563896042_Res_01_2019_pri_elqui.pdf", "Link Memoria": "http://ide.gorecoquimbo.gob.cl:81/archivos/otros/Memoria.pdf", "Descripcion": "Los Planes Reguladores Intercomunales (PRI) son un Instrumento de Planificación Territorial que regula el desarrollo físico de las áreas urbanas y rurales de diversas comunas, que por sus relaciones, se integran en una unidad urbana. Cuando esta unidad sobrepase los 500.000 habitantes, le corresponderá la categoría de área metropolitana para los efectos de su planificación. Se diferencia del Plan Regulador Comunal, que se enfoca en una sola comuna. ", "Origen de la Informacion": "Servicio Rest del Ministerio de Viviendas y Urbanismo, Disponible en: https://geoide.minvu.cl/server/rest/services/IPT/PRI_Coquimbo/FeatureServer/2" }, "geometry": { "type": "MultiPolygon", "coordinates": [ [ [ [ -71.010554265411145, -29.356229634342139 ], [ -71.010770168312717, -29.356454032296984 ], [ -71.010970457944993, -29.356662200909984 ], [ -71.010995331774978, -29.356688053546662 ], [ -71.011388510806995, -29.357096695876567 ], [ -71.011912840669254, -29.357641640068881 ], [ -71.012192043848415, -29.357931817703598 ], [ -71.013124362694953, -29.358900763413498 ], [ -71.014130319822769, -29.358159003281127 ], [ -71.014394478484377, -29.357964218244511 ], [ -71.014398510843989, -29.35796124484559 ], [ -71.014402740145371, -29.357958125914895 ], [ -71.015076828154918, -29.357461061879832 ], [ -71.015242085054382, -29.357339202306655 ], [ -71.015606980763138, -29.357070129187132 ], [ -71.015767707680183, -29.356951608147536 ], [ -71.016639983037649, -29.356308380492283 ], [ -71.017360951199279, -29.357160269881696 ], [ -71.0174487939409, -29.357264062806944 ], [ -71.017915492658901, -29.357815498668149 ], [ -71.018052958119483, -29.357977921283531 ], [ -71.01884002909064, -29.357694080481803 ], [ -71.020328376099528, -29.357157322462456 ], [ -71.021440354408327, -29.356758911707423 ], [ -71.022356894332617, -29.356430998776531 ], [ -71.0234071019796, -29.356055252269357 ], [ -71.023880461712665, -29.355885888808078 ], [ -71.023755700205115, -29.355731167995661 ], [ -71.023619541802603, -29.355562312945846 ], [ -71.023277251084892, -29.355137822327457 ], [ -71.023192075835013, -29.355032191983248 ], [ -71.020576008004809, -29.351787720725305 ], [ -71.020926931851903, -29.35144686365982 ], [ -71.021061350595957, -29.351316299493604 ], [ -71.021723936794587, -29.350672710210141 ], [ -71.021340790197527, -29.350504971545394 ], [ -71.019818554486889, -29.350027599169792 ], [ -71.0190224321573, -29.349784426855702 ], [ -71.017804494935618, -29.349384455227931 ], [ -71.017515021029624, -29.34928938941685 ], [ -71.016644423526586, -29.349003473022176 ], [ -71.016193333787768, -29.349297243176629 ], [ -71.015719370350851, -29.349605906482115 ], [ -71.015439254391765, -29.349788327463113 ], [ -71.014672497016392, -29.350287659066197 ], [ -71.014443814402568, -29.350436581627285 ], [ -71.014108101725014, -29.350655201863447 ], [ -71.013980660344458, -29.350738193354111 ], [ -71.012765404251823, -29.35152956777873 ], [ -71.012062219654311, -29.351987470177971 ], [ -71.0120345255568, -29.352005503680846 ], [ -71.011699865035894, -29.35222342647382 ], [ -71.010482815917868, -29.353015926016415 ], [ -71.008625725577318, -29.354225154010869 ], [ -71.009561058803655, -29.35519733188919 ], [ -71.010554265411145, -29.356229634342139 ] ] ] ] } },
{ "type": "Feature", "properties": { "fid": 3, "OBJECTID": 9, "ZONA": "ZEU-6", "REG": "Coquimbo", "COM": "La Higuera", "LOC": "El Trapiche", "NOM": "ZEU-6 Zona de Extension Urbana 6", "UPERM": "Residencial, Equipamiento, Espacio Público, Área Verde", "UPROH": "Todos los no señalados como permitidos precedentemente", "P_DO": "10-04-2019", "N_DOC": "1", "T_DO": "Resolucion", "Link Resolucion": "http://ide.gorecoquimbo.gob.cl:81/archivos/otros/1563895034_Diario_oficial_pri_elqui.pdf", "Link Promulgacion": "http://ide.gorecoquimbo.gob.cl:81/archivos/otros/1563896042_Res_01_2019_pri_elqui.pdf", "Link Memoria": "http://ide.gorecoquimbo.gob.cl:81/archivos/otros/Memoria.pdf", "Descripcion": "Los Planes Reguladores Intercomunales (PRI) son un Instrumento de Planificación Territorial que regula el desarrollo físico de las áreas urbanas y rurales de diversas comunas, que por sus relaciones, se integran en una unidad urbana. Cuando esta unidad sobrepase los 500.000 habitantes, le corresponderá la categoría de área metropolitana para los efectos de su planificación. Se diferencia del Plan Regulador Comunal, que se enfoca en una sola comuna. ", "Origen de la Informacion": "Servicio Rest del Ministerio de Viviendas y Urbanismo, Disponible en: https://geoide.minvu.cl/server/rest/services/IPT/PRI_Coquimbo/FeatureServer/2" }, "geometry": { "type": "MultiPolygon", "coordinates": [ [ [ [ -71.214226211420822, -29.50987938208344 ], [ -71.215827953677945, -29.510345519680484 ], [ -71.215871155057783, -29.510280766452112 ], [ -71.219653788712577, -29.508143186341417 ], [ -71.222407386862002, -29.506586996735734 ], [ -71.222880682161403, -29.506319504763081 ], [ -71.222881040770829, -29.506319302091548 ], [ -71.224402159691479, -29.50545959175572 ], [ -71.224794902271142, -29.505237696588228 ], [ -71.228688028583107, -29.503314024846116 ], [ -71.228185166910265, -29.502363909147004 ], [ -71.226441480992065, -29.499401330332155 ], [ -71.222096215285063, -29.501729627466972 ], [ -71.219817088326792, -29.503068673306228 ], [ -71.212666149485074, -29.507269560741051 ], [ -71.212336159572629, -29.50746339974966 ], [ -71.21233178267488, -29.507465497992381 ], [ -71.21221169130925, -29.507523061090438 ], [ -71.213535625115583, -29.509616435790853 ], [ -71.213583655978852, -29.509692379725813 ], [ -71.214226211420822, -29.50987938208344 ] ] ] ] } },
{ "type": "Feature", "properties": { "fid": 4, "OBJECTID": 20, "ZONA": "ZEU-2", "REG": "Coquimbo", "COM": "Coquimbo", "LOC": "Tongoy", "NOM": "ZEU-2 Zona de Extension Urbana 2", "UPERM": "Residencial, Equipamiento, Actividades Productivas, Espacio Publico, Área Verde", "UPROH": "Todos los no indicados precedentemente", "P_DO": "10-04-2019", "N_DOC": "1", "T_DO": "Resolucion", "Link Resolucion": "http://ide.gorecoquimbo.gob.cl:81/archivos/otros/1563895034_Diario_oficial_pri_elqui.pdf", "Link Promulgacion": "http://ide.gorecoquimbo.gob.cl:81/archivos/otros/1563896042_Res_01_2019_pri_elqui.pdf", "Link Memoria": "http://ide.gorecoquimbo.gob.cl:81/archivos/otros/Memoria.pdf", "Descripcion": "Los Planes Reguladores Intercomunales (PRI) son un Instrumento de Planificación Territorial que regula el desarrollo físico de las áreas urbanas y rurales de diversas comunas, que por sus relaciones, se integran en una unidad urbana. Cuando esta unidad sobrepase los 500.000 habitantes, le corresponderá la categoría de área metropolitana para los efectos de su planificación. Se diferencia del Plan Regulador Comunal, que se enfoca en una sola comuna. ", "Origen de la Informacion": "Servicio Rest del Ministerio de Viviendas y Urbanismo, Disponible en: https://geoide.minvu.cl/server/rest/services/IPT/PRI_Coquimbo/FeatureServer/2" }, "geometry": { "type": "MultiPolygon", "coordinates": [ [ [ [ -71.190714916755226, -29.507898412278529 ], [ -71.190817870759091, -29.511850365098105 ], [ -71.190820821339102, -29.511963619264915 ], [ -71.191224144923112, -29.511970162157077 ], [ -71.193343443022925, -29.512004524379552 ], [ -71.193878692039547, -29.512013197151145 ], [ -71.195725552414203, -29.51204310716016 ], [ -71.197467942975805, -29.515128007187119 ], [ -71.198422942222393, -29.515484554755293 ], [ -71.198760031958372, -29.515610404531287 ], [ -71.200533061069706, -29.516272330317008 ], [ -71.200561962241522, -29.516283120015146 ], [ -71.200631056140196, -29.516298363141079 ], [ -71.202252176833909, -29.516655986368662 ], [ -71.202382839019279, -29.516684810086051 ], [ -71.202481194820265, -29.516706506866019 ], [ -71.202625988802069, -29.516738447734461 ], [ -71.203875448972582, -29.517014062517848 ], [ -71.204245347627264, -29.517095654874744 ], [ -71.204394435495288, -29.51712854021136 ], [ -71.204506778746236, -29.517153320756716 ], [ -71.204879708848196, -29.517235580058156 ], [ -71.205212646467686, -29.517309016399782 ], [ -71.205543140119758, -29.517025153173016 ], [ -71.205607682937057, -29.516642666207233 ], [ -71.205753030897682, -29.516283301588533 ], [ -71.205937089329439, -29.516187568228517 ], [ -71.206438221192698, -29.515866225788599 ], [ -71.206504284836072, -29.515589162780557 ], [ -71.206728094170472, -29.515218717570328 ], [ -71.206842420795525, -29.514963432792733 ], [ -71.207267028813916, -29.514727281680059 ], [ -71.207558452361255, -29.514795184042733 ], [ -71.208160018184671, -29.514739727589454 ], [ -71.208792643349, -29.514574168056193 ], [ -71.208854524696022, -29.514518549580217 ], [ -71.208951484424944, -29.514431403274397 ], [ -71.208966383620506, -29.514418011775593 ], [ -71.209041582694994, -29.514350423676188 ], [ -71.209045962156807, -29.514342065262905 ], [ -71.209211907707626, -29.514025344695948 ], [ -71.209132558016421, -29.51375442733292 ], [ -71.209078482960564, -29.513577216923345 ], [ -71.209210980833092, -29.513414349819971 ], [ -71.209545701795889, -29.513264403301612 ], [ -71.210068344514696, -29.513062238141995 ], [ -71.210268515785472, -29.512618239735154 ], [ -71.210323931795713, -29.51248307471656 ], [ -71.210557973324541, -29.512352425102478 ], [ -71.210594960010255, -29.512378792302599 ], [ -71.210683319657733, -29.512289383566543 ], [ -71.210669791935842, -29.512043744813578 ], [ -71.210756744556051, -29.511957190480054 ], [ -71.211021840836992, -29.511973137428821 ], [ -71.211294199539864, -29.51176839820749 ], [ -71.211663303633017, -29.511220864245601 ], [ -71.211707856800814, -29.511088375808697 ], [ -71.211866563852666, -29.511050177129576 ], [ -71.211991409374093, -29.511020127342199 ], [ -71.212131632615268, -29.510873652392966 ], [ -71.212180244539397, -29.510724848018246 ], [ -71.212588904076867, -29.510453546554714 ], [ -71.212780374503794, -29.510337709305684 ], [ -71.213090225413154, -29.509778761352269 ], [ -71.213212963575614, -29.509757274767797 ], [ -71.213583655978852, -29.509692379725813 ], [ -71.213535625115583, -29.509616435790853 ], [ -71.21221169130925, -29.507523061090438 ], [ -71.21215684005945, -29.507435500838593 ], [ -71.212065255903497, -29.507289302131557 ], [ -71.211640775628183, -29.507289271837227 ], [ -71.211146134446963, -29.507278873871169 ], [ -71.211042081802901, -29.507388021010769 ], [ -71.210484259606517, -29.507712387071514 ], [ -71.209510074023854, -29.507826684880666 ], [ -71.20920551320728, -29.507989814674907 ], [ -71.209044026134237, -29.508076310280632 ], [ -71.208719447432955, -29.508250160304666 ], [ -71.207238700646244, -29.508575587458658 ], [ -71.20555827990745, -29.508904889267249 ], [ -71.204314091257814, -29.509148690023018 ], [ -71.20430226737264, -29.508903962680723 ], [ -71.204152027597004, -29.505794211890258 ], [ -71.203959927560021, -29.502883444126304 ], [ -71.203898617728797, -29.502046187562819 ], [ -71.190697601393737, -29.507233679897752 ], [ -71.190714916755226, -29.507898412278529 ] ] ] ] } },
{ "type": "Feature", "properties": { "fid": 5, "OBJECTID": 27, "ZONA": "ZEU-3", "REG": "Coquimbo", "COM": "La Higuera", "LOC": "Caleta Hornos", "NOM": "ZEU-3 Zona de Extension Urbana 3", "UPERM": "Residencial, Equipamiento, Actividades Productivas, Infraestructura, Espacio Publico, Área Verde", "UPROH": "Todos los no indicados precedentemente", "P_DO": "10-04-2019", "N_DOC": "1", "T_DO": "Resolucion", "Link Resolucion": "http://ide.gorecoquimbo.gob.cl:81/archivos/otros/1563895034_Diario_oficial_pri_elqui.pdf", "Link Promulgacion": "http://ide.gorecoquimbo.gob.cl:81/archivos/otros/1563896042_Res_01_2019_pri_elqui.pdf", "Link Memoria": "http://ide.gorecoquimbo.gob.cl:81/archivos/otros/Memoria.pdf", "Descripcion": "Los Planes Reguladores Intercomunales (PRI) son un Instrumento de Planificación Territorial que regula el desarrollo físico de las áreas urbanas y rurales de diversas comunas, que por sus relaciones, se integran en una unidad urbana. Cuando esta unidad sobrepase los 500.000 habitantes, le corresponderá la categoría de área metropolitana para los efectos de su planificación. Se diferencia del Plan Regulador Comunal, que se enfoca en una sola comuna. ", "Origen de la Informacion": "Servicio Rest del Ministerio de Viviendas y Urbanismo, Disponible en: https://geoide.minvu.cl/server/rest/services/IPT/PRI_Coquimbo/FeatureServer/2" }, "geometry": { "type": "MultiPolygon", "coordinates": [ [ [ [ -71.308626170471086, -29.286047930804596 ], [ -71.308104689477204, -29.286232270312922 ], [ -71.307361636280234, -29.286076923043311 ], [ -71.306288688796045, -29.285828113378098 ], [ -71.304977946293036, -29.285659783222233 ], [ -71.30423419348422, -29.28551985022294 ], [ -71.30311642569562, -29.285214499731033 ], [ -71.302305214578084, -29.284980240098534 ], [ -71.301406481201923, -29.284728386503673 ], [ -71.30012095324912, -29.284712342353181 ], [ -71.299865247248007, -29.284699069228363 ], [ -71.29974148595926, -29.284828282159186 ], [ -71.297566960158136, -29.28709852534859 ], [ -71.297096294699031, -29.287589891251336 ], [ -71.297085819118863, -29.287600827217265 ], [ -71.297655973190103, -29.288566840508235 ], [ -71.29849150608338, -29.289399851740395 ], [ -71.298685592885647, -29.289510618811498 ], [ -71.299580186375891, -29.290021166677093 ], [ -71.300941274097369, -29.290575035434909 ], [ -71.301203044385488, -29.290720152711224 ], [ -71.301580496224545, -29.290929399473292 ], [ -71.301736493461959, -29.291034457173872 ], [ -71.302038653427743, -29.291262700245557 ], [ -71.302173167214804, -29.291323233749974 ], [ -71.302421716692223, -29.291444652557161 ], [ -71.302631931319098, -29.291683459003675 ], [ -71.302698399864084, -29.291906785547596 ], [ -71.302723510579071, -29.29211286753694 ], [ -71.302786555045273, -29.292183611386083 ], [ -71.302909220490719, -29.292172517265985 ], [ -71.30308328094155, -29.292169514960154 ], [ -71.30325814731826, -29.292202414100746 ], [ -71.30348481192668, -29.292261356508341 ], [ -71.303703139330594, -29.292402750462486 ], [ -71.304240513113356, -29.292616451720686 ], [ -71.304478426478369, -29.292720093144144 ], [ -71.304696669013211, -29.292859988327244 ], [ -71.304997227580628, -29.293016420730787 ], [ -71.305276703170534, -29.293146279331388 ], [ -71.305494592403619, -29.293353809786211 ], [ -71.305517442425867, -29.293375573506413 ], [ -71.305868285433817, -29.293246594424495 ], [ -71.311158192262056, -29.291301737326851 ], [ -71.314135213627864, -29.290209897675787 ], [ -71.314265405891391, -29.290162147401624 ], [ -71.314337537011141, -29.290230706287641 ], [ -71.314415936745434, -29.290284984265163 ], [ -71.314546976159377, -29.290283734078002 ], [ -71.314786802999592, -29.29027449013142 ], [ -71.31485532446078, -29.290259941048344 ], [ -71.314892285207293, -29.290251278154969 ], [ -71.31497815808676, -29.290258628810214 ], [ -71.31504695969187, -29.290237066708407 ], [ -71.31517825952227, -29.290257214492271 ], [ -71.315538829613985, -29.290264308697481 ], [ -71.315729502355907, -29.290269020412499 ], [ -71.315870975390553, -29.290277266457597 ], [ -71.316008060570311, -29.29028525646244 ], [ -71.317686884382027, -29.290009186549106 ], [ -71.317927528437039, -29.289969612591253 ], [ -71.317955419452531, -29.289965025336876 ], [ -71.31792407942342, -29.289912695010592 ], [ -71.317910757951907, -29.289322885343864 ], [ -71.317773722968511, -29.289156504158111 ], [ -71.317703163735544, -29.289073763943161 ], [ -71.317635556930227, -29.289028876222723 ], [ -71.317425845938857, -29.288848011394723 ], [ -71.317220027540316, -29.288721820552585 ], [ -71.317127338486813, -29.288595499465167 ], [ -71.316974540906031, -29.288492620415525 ], [ -71.316686776392586, -29.288344078405917 ], [ -71.316516930273721, -29.28828510552016 ], [ -71.316399734875375, -29.288207013245579 ], [ -71.31630754880365, -29.288105097345721 ], [ -71.316190764039192, -29.287907212909317 ], [ -71.31601106182444, -29.287578653957283 ], [ -71.315963122645044, -29.287472549295135 ], [ -71.315816526401719, -29.287310985073631 ], [ -71.315740396140129, -29.287115134070877 ], [ -71.315691322333123, -29.28704163538578 ], [ -71.315639861225705, -29.28685120797336 ], [ -71.315584147349824, -29.286732627412313 ], [ -71.31543154816994, -29.286691074374311 ], [ -71.315383343380546, -29.286646220665713 ], [ -71.315276631245126, -29.286613198424593 ], [ -71.315210748918616, -29.286545551956483 ], [ -71.3151856160937, -29.286501395182885 ], [ -71.31495221813627, -29.286263757094407 ], [ -71.31481865556681, -29.286227284519121 ], [ -71.314750287107316, -29.286174130076617 ], [ -71.31460733174157, -29.286020604548604 ], [ -71.314432907364903, -29.285799196353548 ], [ -71.314366576420426, -29.285700199509495 ], [ -71.314292719047884, -29.285544169656543 ], [ -71.3141013794977, -29.285425885467173 ], [ -71.313814514106781, -29.285295294203056 ], [ -71.313681319576688, -29.285206693759633 ], [ -71.313589627379287, -29.285116580220905 ], [ -71.313587907459649, -29.285040194238348 ], [ -71.313555549150252, -29.284918052230545 ], [ -71.313487865988961, -29.284819356180765 ], [ -71.313423411977055, -29.284726765984537 ], [ -71.313350459693794, -29.284659369077033 ], [ -71.313314172046063, -29.284603761697223 ], [ -71.313309820191279, -29.284507936175235 ], [ -71.31324649815032, -29.284398343775898 ], [ -71.313104945875125, -29.28427754458269 ], [ -71.31290156574704, -29.284073412450663 ], [ -71.312716590616759, -29.283943999426622 ], [ -71.312703707164502, -29.283934985203572 ], [ -71.312702445461454, -29.283935622335882 ], [ -71.312561799589091, -29.283999316440759 ], [ -71.312490086080416, -29.284031793329024 ], [ -71.312421984789708, -29.284062634240957 ], [ -71.310737208780452, -29.284825594689789 ], [ -71.31050357294103, -29.284931396131416 ], [ -71.309679022221204, -29.285483075846933 ], [ -71.308626170471086, -29.286047930804596 ] ] ] ] } },
{ "type": "Feature", "properties": { "fid": 6, "OBJECTID": 28, "ZONA": "ZEU-6", "REG": "Coquimbo", "COM": "La Higuera", "LOC": "El Trapiche", "NOM": "ZEU-6 Zona de Extension Urbana 6", "UPERM": "Residencial, Equipamiento, Espacio Público, Área Verde", "UPROH": "Todos los no señalados como permitidos precedentemente", "P_DO": "10-04-2019", "N_DOC": "1", "T_DO": "Resolucion", "Link Resolucion": "http://ide.gorecoquimbo.gob.cl:81/archivos/otros/1563895034_Diario_oficial_pri_elqui.pdf", "Link Promulgacion": "http://ide.gorecoquimbo.gob.cl:81/archivos/otros/1563896042_Res_01_2019_pri_elqui.pdf", "Link Memoria": "http://ide.gorecoquimbo.gob.cl:81/archivos/otros/Memoria.pdf", "Descripcion": "Los Planes Reguladores Intercomunales (PRI) son un Instrumento de Planificación Territorial que regula el desarrollo físico de las áreas urbanas y rurales de diversas comunas, que por sus relaciones, se integran en una unidad urbana. Cuando esta unidad sobrepase los 500.000 habitantes, le corresponderá la categoría de área metropolitana para los efectos de su planificación. Se diferencia del Plan Regulador Comunal, que se enfoca en una sola comuna. ", "Origen de la Informacion": "Servicio Rest del Ministerio de Viviendas y Urbanismo, Disponible en: https://geoide.minvu.cl/server/rest/services/IPT/PRI_Coquimbo/FeatureServer/2" }, "geometry": { "type": "MultiPolygon", "coordinates": [ [ [ [ -71.322107857502033, -29.292282488059914 ], [ -71.32345130167181, -29.292372453708026 ], [ -71.325481876721838, -29.292238672867242 ], [ -71.326037160063649, -29.290729145411479 ], [ -71.327062379057935, -29.287936002341279 ], [ -71.322649849404911, -29.286961162575992 ], [ -71.322701112486243, -29.286803396360416 ], [ -71.323712123775707, -29.283691801925535 ], [ -71.323987078478027, -29.28284554359135 ], [ -71.325877084232644, -29.276725696981313 ], [ -71.315035091648525, -29.27442266236169 ], [ -71.312742751619595, -29.283836574857748 ], [ -71.312716590616759, -29.283943999426622 ], [ -71.31290156574704, -29.284073412450663 ], [ -71.313104945875125, -29.28427754458269 ], [ -71.31324649815032, -29.284398343775898 ], [ -71.313309820191279, -29.284507936175235 ], [ -71.313314172046063, -29.284603761697223 ], [ -71.313350459693794, -29.284659369077033 ], [ -71.313423411977055, -29.284726765984537 ], [ -71.313487865988961, -29.284819356180765 ], [ -71.313555549150252, -29.284918052230545 ], [ -71.313587907459649, -29.285040194238348 ], [ -71.313589627379287, -29.285116580220905 ], [ -71.313681319576688, -29.285206693759633 ], [ -71.313814514106781, -29.285295294203056 ], [ -71.3141013794977, -29.285425885467173 ], [ -71.314292719047884, -29.285544169656543 ], [ -71.314366576420426, -29.285700199509495 ], [ -71.314432907364903, -29.285799196353548 ], [ -71.31460733174157, -29.286020604548604 ], [ -71.314750287107316, -29.286174130076617 ], [ -71.31481865556681, -29.286227284519121 ], [ -71.31495221813627, -29.286263757094407 ], [ -71.3151856160937, -29.286501395182885 ], [ -71.315210748918616, -29.286545551956483 ], [ -71.315276631245126, -29.286613198424593 ], [ -71.315383343380546, -29.286646220665713 ], [ -71.31543154816994, -29.286691074374311 ], [ -71.315584147349824, -29.286732627412313 ], [ -71.315639861225705, -29.28685120797336 ], [ -71.315691322333123, -29.28704163538578 ], [ -71.315740396140129, -29.287115134070877 ], [ -71.315816526401719, -29.287310985073631 ], [ -71.315963122645044, -29.287472549295135 ], [ -71.31601106182444, -29.287578653957283 ], [ -71.316190764039192, -29.287907212909317 ], [ -71.31630754880365, -29.288105097345721 ], [ -71.316399734875375, -29.288207013245579 ], [ -71.316516930273721, -29.28828510552016 ], [ -71.316686776392586, -29.288344078405917 ], [ -71.316974540906031, -29.288492620415525 ], [ -71.317127338486813, -29.288595499465167 ], [ -71.317220027540316, -29.288721820552585 ], [ -71.317425845938857, -29.288848011394723 ], [ -71.317635556930227, -29.289028876222723 ], [ -71.317703163735544, -29.289073763943161 ], [ -71.317773722968511, -29.289156504158111 ], [ -71.317910757951907, -29.289322885343864 ], [ -71.31792407942342, -29.289912695010592 ], [ -71.317955419452531, -29.289965025336876 ], [ -71.317927528437039, -29.289969612591253 ], [ -71.318192212257017, -29.290650452836648 ], [ -71.318573696880492, -29.291083016022768 ], [ -71.319278286442, -29.291509965875441 ], [ -71.320387080429612, -29.291944054482915 ], [ -71.322107857502033, -29.292282488059914 ] ] ] ] } },
{ "type": "Feature", "properties": { "fid": 7, "OBJECTID": 47, "ZONA": "ZEU-P1", "REG": "Coquimbo", "COM": "La Serena", "LOC": "Algarrobito", "NOM": "ZEU-P1 Zona de Actividades Productivas", "UPERM": "Equipamiento, Área Verde, Espacio Publico", "UPROH": "Residencial, Equipamiento", "P_DO": "10-04-2019", "N_DOC": "1", "T_DO": "Resolucion", "Link Resolucion": "http://ide.gorecoquimbo.gob.cl:81/archivos/otros/1563895034_Diario_oficial_pri_elqui.pdf", "Link Promulgacion": "http://ide.gorecoquimbo.gob.cl:81/archivos/otros/1563896042_Res_01_2019_pri_elqui.pdf", "Link Memoria": "http://ide.gorecoquimbo.gob.cl:81/archivos/otros/Memoria.pdf", "Descripcion": "Los Planes Reguladores Intercomunales (PRI) son un Instrumento de Planificación Territorial que regula el desarrollo físico de las áreas urbanas y rurales de diversas comunas, que por sus relaciones, se integran en una unidad urbana. Cuando esta unidad sobrepase los 500.000 habitantes, le corresponderá la categoría de área metropolitana para los efectos de su planificación. Se diferencia del Plan Regulador Comunal, que se enfoca en una sola comuna. ", "Origen de la Informacion": "Servicio Rest del Ministerio de Viviendas y Urbanismo, Disponible en: https://geoide.minvu.cl/server/rest/services/IPT/PRI_Coquimbo/FeatureServer/2" }, "geometry": { "type": "MultiPolygon", "coordinates": [ [ [ [ -71.050244764191618, -29.366292938664362 ], [ -71.043274410067028, -29.364833414535465 ], [ -71.042598932539875, -29.367430552106192 ], [ -71.049591185618965, -29.36882196422199 ], [ -71.050244764191618, -29.366292938664362 ] ] ] ] } },
{ "type": "Feature", "properties": { "fid": 8, "OBJECTID": 48, "ZONA": "ZEU-P1", "REG": "Coquimbo", "COM": "La Serena", "LOC": "Algarrobito", "NOM": "ZEU-P1 Zona de Actividades Productivas", "UPERM": "Equipamiento, Área Verde, Espacio Publico", "UPROH": "Residencial, Equipamiento", "P_DO": "10-04-2019", "N_DOC": "1", "T_DO": "Resolucion", "Link Resolucion": "http://ide.gorecoquimbo.gob.cl:81/archivos/otros/1563895034_Diario_oficial_pri_elqui.pdf", "Link Promulgacion": "http://ide.gorecoquimbo.gob.cl:81/archivos/otros/1563896042_Res_01_2019_pri_elqui.pdf", "Link Memoria": "http://ide.gorecoquimbo.gob.cl:81/archivos/otros/Memoria.pdf", "Descripcion": "Los Planes Reguladores Intercomunales (PRI) son un Instrumento de Planificación Territorial que regula el desarrollo físico de las áreas urbanas y rurales de diversas comunas, que por sus relaciones, se integran en una unidad urbana. Cuando esta unidad sobrepase los 500.000 habitantes, le corresponderá la categoría de área metropolitana para los efectos de su planificación. Se diferencia del Plan Regulador Comunal, que se enfoca en una sola comuna. ", "Origen de la Informacion": "Servicio Rest del Ministerio de Viviendas y Urbanismo, Disponible en: https://geoide.minvu.cl/server/rest/services/IPT/PRI_Coquimbo/FeatureServer/2" }, "geometry": { "type": "MultiPolygon", "coordinates": [ [ [ [ -71.213409265188957, -29.454560915888866 ], [ -71.211713536439845, -29.4560095326317 ], [ -71.206892793283188, -29.460089175876789 ], [ -71.205665980015723, -29.461111579088207 ], [ -71.204918994389089, -29.461713250131986 ], [ -71.20478824644664, -29.461818726335061 ], [ -71.204848102492932, -29.461916444518355 ], [ -71.22041111255119, -29.48893631040065 ], [ -71.226441480992065, -29.499401330332155 ], [ -71.228185166910265, -29.502363909147004 ], [ -71.228688028583107, -29.503314024846116 ], [ -71.233494365621766, -29.500871850756681 ], [ -71.237333698800796, -29.498920822040752 ], [ -71.236936037247332, -29.496772731773174 ], [ -71.235531146418197, -29.489045685057523 ], [ -71.235531118806023, -29.489045601619537 ], [ -71.235531101919364, -29.489045443120776 ], [ -71.234154243450661, -29.48147781768218 ], [ -71.233227643486174, -29.476384140412584 ], [ -71.23248324504776, -29.472291605735997 ], [ -71.232336457742534, -29.471852951494931 ], [ -71.232131902121239, -29.471535272254552 ], [ -71.231612902011875, -29.470891450673705 ], [ -71.223700728170513, -29.461075039759496 ], [ -71.218709233347397, -29.454881134126364 ], [ -71.216715413228457, -29.452403316758645 ], [ -71.21640497100887, -29.452026437801706 ], [ -71.216042985325643, -29.452337554558191 ], [ -71.215314308087471, -29.45293347474578 ], [ -71.215313161978429, -29.45293495265868 ], [ -71.215311055155183, -29.452936193953366 ], [ -71.213409265188957, -29.454560915888866 ] ] ] ] } },
{ "type": "Feature", "properties": { "fid": 9, "OBJECTID": 50, "ZONA": "ZEU-P2", "REG": "Coquimbo", "COM": "La Higuera", "LOC": "Totoralillo Norte", "NOM": "ZEU-P2 Zona de Actividades Productivas", "UPERM": "Por disposiciones específicas que regulan el área intercomunal: Actividades Productivas molestas e Infraestructura sanitaria, energética y de transporte de impacto ambiental. Según disposiciones transitorias: Equipamiento, Actividad Productiva, Área Verde y Espacio público.", "UPROH": "Residencial, Equipamiento, Actividades Productivas de calificación contaminante y peligrosa", "P_DO": "10-04-2019", "N_DOC": "1", "T_DO": "Resolucion", "Link Resolucion": "http://ide.gorecoquimbo.gob.cl:81/archivos/otros/1563895034_Diario_oficial_pri_elqui.pdf", "Link Promulgacion": "http://ide.gorecoquimbo.gob.cl:81/archivos/otros/1563896042_Res_01_2019_pri_elqui.pdf", "Link Memoria": "http://ide.gorecoquimbo.gob.cl:81/archivos/otros/Memoria.pdf", "Descripcion": "Los Planes Reguladores Intercomunales (PRI) son un Instrumento de Planificación Territorial que regula el desarrollo físico de las áreas urbanas y rurales de diversas comunas, que por sus relaciones, se integran en una unidad urbana. Cuando esta unidad sobrepase los 500.000 habitantes, le corresponderá la categoría de área metropolitana para los efectos de su planificación. Se diferencia del Plan Regulador Comunal, que se enfoca en una sola comuna. ", "Origen de la Informacion": "Servicio Rest del Ministerio de Viviendas y Urbanismo, Disponible en: https://geoide.minvu.cl/server/rest/services/IPT/PRI_Coquimbo/FeatureServer/2" }, "geometry": { "type": "MultiPolygon", "coordinates": [ [ [ [ -71.297874062319295, -29.452676008397216 ], [ -71.299047708604022, -29.45471393773504 ], [ -71.299177358174148, -29.454939056622969 ], [ -71.299182760965806, -29.454948437726031 ], [ -71.299443323569889, -29.455400863477763 ], [ -71.299909327054678, -29.456209996160556 ], [ -71.298540482681872, -29.459207296246291 ], [ -71.298427246456399, -29.459455237390763 ], [ -71.307303005390196, -29.45991611057033 ], [ -71.307457157176657, -29.459907520830491 ], [ -71.309069149748041, -29.460147704562797 ], [ -71.30924956358335, -29.460174584309605 ], [ -71.309838777881183, -29.460262369643562 ], [ -71.309910770061407, -29.460238766184101 ], [ -71.309932017010141, -29.460173869866907 ], [ -71.310389075928043, -29.460057677923555 ], [ -71.310777058508961, -29.459708127068119 ], [ -71.311105009627397, -29.459765581459159 ], [ -71.311297206962109, -29.45941942996096 ], [ -71.311752101088345, -29.459122842315647 ], [ -71.311879510658372, -29.458831944035257 ], [ -71.311804693470222, -29.457976209482442 ], [ -71.312259579867927, -29.45767962137667 ], [ -71.312190242301824, -29.457392140992905 ], [ -71.311863469618245, -29.457343690058362 ], [ -71.311402374811777, -29.457053993134689 ], [ -71.311332052808993, -29.456595122836191 ], [ -71.310869214317805, -29.456143068296729 ], [ -71.310866317949589, -29.455903088899042 ], [ -71.310862247491855, -29.455565819078217 ], [ -71.311054177319662, -29.455165543439676 ], [ -71.31131433035867, -29.454989619107426 ], [ -71.311706843041677, -29.454982801275207 ], [ -71.311838300265876, -29.455097795480135 ], [ -71.312164542660213, -29.455037999382061 ], [ -71.312159188245573, -29.45449423108662 ], [ -71.312158858023693, -29.454460727239784 ], [ -71.312287894205596, -29.454341207726582 ], [ -71.312550402977052, -29.454453924710073 ], [ -71.31282143148708, -29.454115780045296 ], [ -71.312873052944909, -29.454051374798428 ], [ -71.312875804084939, -29.453990412692683 ], [ -71.312876255298718, -29.45398040718802 ], [ -71.312870748189454, -29.453990238047165 ], [ -71.312303200210522, -29.453904420401766 ], [ -71.312236558464605, -29.453894343038691 ], [ -71.31161082754943, -29.453799724311914 ], [ -71.311500691548872, -29.453802964653612 ], [ -71.311368882191488, -29.453804666111033 ], [ -71.311237572151185, -29.453798703990255 ], [ -71.311088685067745, -29.453788925986803 ], [ -71.310950502927156, -29.453776607277643 ], [ -71.310856096626907, -29.453766471919476 ], [ -71.310742109136044, -29.453753143702816 ], [ -71.310554546835419, -29.453728728966901 ], [ -71.310438475224174, -29.453712493849466 ], [ -71.310305487138223, -29.453691841293509 ], [ -71.309964484000119, -29.453634764988983 ], [ -71.309668652875416, -29.453582202976705 ], [ -71.309304588117541, -29.453516694955379 ], [ -71.308803193571578, -29.453417065830035 ], [ -71.308718713156736, -29.453399691031468 ], [ -71.30826582870894, -29.453303340100117 ], [ -71.307801432907084, -29.453203653497539 ], [ -71.307602726385539, -29.453162355424109 ], [ -71.307412869367951, -29.453125611940052 ], [ -71.307252059356813, -29.453094253797122 ], [ -71.307037252682747, -29.453055659017984 ], [ -71.306993639627478, -29.453048492431527 ], [ -71.306832684276003, -29.453022043113624 ], [ -71.306684231507077, -29.453001654965192 ], [ -71.306558114614617, -29.452987356053431 ], [ -71.306465107199259, -29.452979548808869 ], [ -71.306401766115528, -29.452974758336534 ], [ -71.306322972312842, -29.452970825674711 ], [ -71.306230098057952, -29.452968902521 ], [ -71.306153400602099, -29.452968465364098 ], [ -71.306066420569294, -29.45296946577276 ], [ -71.306004907900558, -29.452971135334732 ], [ -71.305679014537716, -29.452991992965355 ], [ -71.30495496357716, -29.453041037250259 ], [ -71.304652691503577, -29.45306040242578 ], [ -71.304564024065286, -29.4530660591398 ], [ -71.304427667891574, -29.453074896305708 ], [ -71.304006454286196, -29.453099851739989 ], [ -71.303376302125045, -29.453136664866175 ], [ -71.303098169620384, -29.453152664024504 ], [ -71.302827419854296, -29.453167947534006 ], [ -71.302802014519017, -29.453174862877017 ], [ -71.302670157235298, -29.453204226552351 ], [ -71.302581110140608, -29.453222840784477 ], [ -71.302476609130622, -29.4532423114727 ], [ -71.302429039876003, -29.45325078847214 ], [ -71.302324000479899, -29.45325651227186 ], [ -71.301685391087233, -29.453296033105051 ], [ -71.301232611989604, -29.45332329132156 ], [ -71.301023025504776, -29.453336336087137 ], [ -71.300825517382734, -29.453347992557681 ], [ -71.300665638338629, -29.45335782172813 ], [ -71.30064561044496, -29.453359028663503 ], [ -71.300460073373316, -29.453370206970376 ], [ -71.300399620707026, -29.453374195819077 ], [ -71.300224467010295, -29.453384471664215 ], [ -71.300157771137677, -29.45338838428653 ], [ -71.300111439975794, -29.453392128899544 ], [ -71.300039556090226, -29.453396315181156 ], [ -71.299960289301097, -29.453401217241034 ], [ -71.299870934970372, -29.453406294508149 ], [ -71.299822572985079, -29.453409485012664 ], [ -71.299682167309314, -29.453417799121038 ], [ -71.299596848968861, -29.453422805550758 ], [ -71.299446369978213, -29.453431881702787 ], [ -71.299274399796275, -29.453442507259737 ], [ -71.299202529072204, -29.453447281070304 ], [ -71.299154153766182, -29.453449883356189 ], [ -71.299140691775989, -29.453449526849329 ], [ -71.299073921964137, -29.453441849284502 ], [ -71.299034788792511, -29.45343663793518 ], [ -71.298992239307367, -29.453429130064638 ], [ -71.298957785409115, -29.453422660531167 ], [ -71.298897633779575, -29.453410158367824 ], [ -71.298816424929683, -29.453388600530797 ], [ -71.298769708752786, -29.453375277088433 ], [ -71.298732419565653, -29.453362380786864 ], [ -71.298681548943293, -29.453343830708132 ], [ -71.298631337904794, -29.45332468010605 ], [ -71.298593310574688, -29.453308852773567 ], [ -71.298564090420086, -29.453295816134297 ], [ -71.298529398723105, -29.453278752944591 ], [ -71.298483115575408, -29.453254825169846 ], [ -71.298449755288075, -29.453237149851102 ], [ -71.298418398231348, -29.45321885171494 ], [ -71.298385657737484, -29.453198811041016 ], [ -71.298354274166343, -29.453179336030445 ], [ -71.298299631170963, -29.45314259939645 ], [ -71.298250366878335, -29.453105770741985 ], [ -71.298210635693934, -29.453074075794085 ], [ -71.29815916920731, -29.453029042118633 ], [ -71.29813237313968, -29.453004189446638 ], [ -71.298057354454627, -29.45292894774947 ], [ -71.297995836555344, -29.452855827486129 ], [ -71.297960493936984, -29.452809927064855 ], [ -71.297934751752251, -29.452772102960331 ], [ -71.297901348127667, -29.452722637086495 ], [ -71.297874062319295, -29.452676008397216 ] ] ] ] } },
{ "type": "Feature", "properties": { "fid": 10, "OBJECTID": 51, "ZONA": "ZEU-6", "REG": "Coquimbo", "COM": "La Higuera", "LOC": "El Trapiche", "NOM": "ZEU-6 Zona de Extension Urbana 6", "UPERM": "Residencial, Equipamiento, Espacio Público, Área Verde", "UPROH": "Todos los no señalados como permitidos precedentemente", "P_DO": "10-04-2019", "N_DOC": "1", "T_DO": "Resolucion", "Link Resolucion": "http://ide.gorecoquimbo.gob.cl:81/archivos/otros/1563895034_Diario_oficial_pri_elqui.pdf", "Link Promulgacion": "http://ide.gorecoquimbo.gob.cl:81/archivos/otros/1563896042_Res_01_2019_pri_elqui.pdf", "Link Memoria": "http://ide.gorecoquimbo.gob.cl:81/archivos/otros/Memoria.pdf", "Descripcion": "Los Planes Reguladores Intercomunales (PRI) son un Instrumento de Planificación Territorial que regula el desarrollo físico de las áreas urbanas y rurales de diversas comunas, que por sus relaciones, se integran en una unidad urbana. Cuando esta unidad sobrepase los 500.000 habitantes, le corresponderá la categoría de área metropolitana para los efectos de su planificación. Se diferencia del Plan Regulador Comunal, que se enfoca en una sola comuna. ", "Origen de la Informacion": "Servicio Rest del Ministerio de Viviendas y Urbanismo, Disponible en: https://geoide.minvu.cl/server/rest/services/IPT/PRI_Coquimbo/FeatureServer/2" }, "geometry": { "type": "MultiPolygon", "coordinates": [ [ [ [ -71.300312643479472, -29.442650008651889 ], [ -71.30086350244396, -29.443618534808586 ], [ -71.299933263360728, -29.444450955891277 ], [ -71.299148763214461, -29.445216404890715 ], [ -71.297158598797324, -29.446566132805742 ], [ -71.296919318533369, -29.446597971724291 ], [ -71.296644504068809, -29.446634537287448 ], [ -71.295895139123175, -29.446456945395447 ], [ -71.295715042981229, -29.446414263978049 ], [ -71.295231715684068, -29.446425560517344 ], [ -71.294545717818337, -29.446441590227508 ], [ -71.294313703547061, -29.446674739830044 ], [ -71.292972887882613, -29.44780778984283 ], [ -71.292976829745015, -29.448029290723035 ], [ -71.292979325697999, -29.448169501184026 ], [ -71.292988298333952, -29.448673554092942 ], [ -71.29298972971236, -29.448753965143453 ], [ -71.293000111546974, -29.449337197987958 ], [ -71.293002847713069, -29.449490920448753 ], [ -71.293005883724717, -29.449661454908426 ], [ -71.293013514290081, -29.450090091300613 ], [ -71.293014588944487, -29.450090117891172 ], [ -71.293502452247267, -29.450112410185163 ], [ -71.29417877323732, -29.450189656471579 ], [ -71.294293777231942, -29.450207725169264 ], [ -71.294612370246199, -29.450262588288624 ], [ -71.295102866518448, -29.450392308928929 ], [ -71.295531593163872, -29.450545282770914 ], [ -71.296183067662867, -29.450748705556133 ], [ -71.296545882245013, -29.450891461446105 ], [ -71.297110243151067, -29.450913208588325 ], [ -71.297111884718731, -29.450916756408478 ], [ -71.297278874089457, -29.451324110500973 ], [ -71.297373687491927, -29.451521898508901 ], [ -71.297482124432051, -29.451748102869498 ], [ -71.297589287462401, -29.45201896881543 ], [ -71.29767449962786, -29.452224357009563 ], [ -71.297691255221366, -29.452252488387064 ], [ -71.297766162577716, -29.452425298870153 ], [ -71.297819419642593, -29.452549782849648 ], [ -71.297874062319295, -29.452676008397216 ], [ -71.297901348127667, -29.452722637086495 ], [ -71.297934751752251, -29.452772102960331 ], [ -71.297960493936984, -29.452809927064855 ], [ -71.297995836555344, -29.452855827486129 ], [ -71.298057354454627, -29.45292894774947 ], [ -71.29813237313968, -29.453004189446638 ], [ -71.29815916920731, -29.453029042118633 ], [ -71.298210635693934, -29.453074075794085 ], [ -71.298250366878335, -29.453105770741985 ], [ -71.298299631170963, -29.45314259939645 ], [ -71.298354274166343, -29.453179336030445 ], [ -71.298385657737484, -29.453198811041016 ], [ -71.298418398231348, -29.45321885171494 ], [ -71.298449755288075, -29.453237149851102 ], [ -71.298483115575408, -29.453254825169846 ], [ -71.298529398723105, -29.453278752944591 ], [ -71.298564090420086, -29.453295816134297 ], [ -71.298593310574688, -29.453308852773567 ], [ -71.298631337904794, -29.45332468010605 ], [ -71.298681548943293, -29.453343830708132 ], [ -71.298732419565653, -29.453362380786864 ], [ -71.298769708752786, -29.453375277088433 ], [ -71.298816424929683, -29.453388600530797 ], [ -71.298897633779575, -29.453410158367824 ], [ -71.298957785409115, -29.453422660531167 ], [ -71.298992239307367, -29.453429130064638 ], [ -71.299034788792511, -29.45343663793518 ], [ -71.299073921964137, -29.453441849284502 ], [ -71.299140691775989, -29.453449526849329 ], [ -71.299154153766182, -29.453449883356189 ], [ -71.299202529072204, -29.453447281070304 ], [ -71.299274399796275, -29.453442507259737 ], [ -71.299446369978213, -29.453431881702787 ], [ -71.299596848968861, -29.453422805550758 ], [ -71.299682167309314, -29.453417799121038 ], [ -71.299822572985079, -29.453409485012664 ], [ -71.299870934970372, -29.453406294508149 ], [ -71.299960289301097, -29.453401217241034 ], [ -71.300039556090226, -29.453396315181156 ], [ -71.300111439975794, -29.453392128899544 ], [ -71.300157771137677, -29.45338838428653 ], [ -71.300224467010295, -29.453384471664215 ], [ -71.300399620707026, -29.453374195819077 ], [ -71.300460073373316, -29.453370206970376 ], [ -71.30064561044496, -29.453359028663503 ], [ -71.300665638338629, -29.45335782172813 ], [ -71.300825517382734, -29.453347992557681 ], [ -71.301023025504776, -29.453336336087137 ], [ -71.301232611989604, -29.45332329132156 ], [ -71.301685391087233, -29.453296033105051 ], [ -71.302324000479899, -29.45325651227186 ], [ -71.302429039876003, -29.45325078847214 ], [ -71.302476609130622, -29.4532423114727 ], [ -71.302581110140608, -29.453222840784477 ], [ -71.302670157235298, -29.453204226552351 ], [ -71.302802014519017, -29.453174862877017 ], [ -71.302827419854296, -29.453167947534006 ], [ -71.303098169620384, -29.453152664024504 ], [ -71.303376302125045, -29.453136664866175 ], [ -71.304006454286196, -29.453099851739989 ], [ -71.304427667891574, -29.453074896305708 ], [ -71.304564024065286, -29.4530660591398 ], [ -71.304652691503577, -29.45306040242578 ], [ -71.30495496357716, -29.453041037250259 ], [ -71.305679014537716, -29.452991992965355 ], [ -71.306004907900558, -29.452971135334732 ], [ -71.306066420569294, -29.45296946577276 ], [ -71.306153400602099, -29.452968465364098 ], [ -71.306230098057952, -29.452968902521 ], [ -71.306322972312842, -29.452970825674711 ], [ -71.306401766115528, -29.452974758336534 ], [ -71.306465107199259, -29.452979548808869 ], [ -71.306558114614617, -29.452987356053431 ], [ -71.306684231507077, -29.453001654965192 ], [ -71.306832684276003, -29.453022043113624 ], [ -71.306993639627478, -29.453048492431527 ], [ -71.307037252682747, -29.453055659017984 ], [ -71.307252059356813, -29.453094253797122 ], [ -71.307412869367951, -29.453125611940052 ], [ -71.307602726385539, -29.453162355424109 ], [ -71.307801432907084, -29.453203653497539 ], [ -71.30826582870894, -29.453303340100117 ], [ -71.308718713156736, -29.453399691031468 ], [ -71.308803193571578, -29.453417065830035 ], [ -71.309304588117541, -29.453516694955379 ], [ -71.309668652875416, -29.453582202976705 ], [ -71.309964484000119, -29.453634764988983 ], [ -71.310305487138223, -29.453691841293509 ], [ -71.310438475224174, -29.453712493849466 ], [ -71.310554546835419, -29.453728728966901 ], [ -71.310742109136044, -29.453753143702816 ], [ -71.310856096626907, -29.453766471919476 ], [ -71.310950502927156, -29.453776607277643 ], [ -71.311088685067745, -29.453788925986803 ], [ -71.311237572151185, -29.453798703990255 ], [ -71.311368882191488, -29.453804666111033 ], [ -71.311500691548872, -29.453802964653612 ], [ -71.31161082754943, -29.453799724311914 ], [ -71.312236558464605, -29.453894343038691 ], [ -71.312303200210522, -29.453904420401766 ], [ -71.312870748189454, -29.453990238047165 ], [ -71.312876255298718, -29.45398040718802 ], [ -71.312876274326882, -29.453979973823728 ], [ -71.312884641247237, -29.453961120439548 ], [ -71.312891121162281, -29.453953231245155 ], [ -71.312901688716366, -29.453936962167894 ], [ -71.312920545824866, -29.453914874455634 ], [ -71.312937063983753, -29.453896463074734 ], [ -71.312953600268713, -29.453880667621117 ], [ -71.312968383364435, -29.453868015068998 ], [ -71.313021010508891, -29.453823724739429 ], [ -71.313047015401324, -29.45380001518669 ], [ -71.313056472162103, -29.453791578053732 ], [ -71.313076651446977, -29.453780969790202 ], [ -71.313096847296634, -29.453772454231107 ], [ -71.313109309357287, -29.45376608491182 ], [ -71.313118225159997, -29.453762880645201 ], [ -71.313128950610405, -29.45376174693639 ], [ -71.313138507480431, -29.453762717514856 ], [ -71.313144532893844, -29.453768413614693 ], [ -71.313148791693891, -29.453776206355521 ], [ -71.313152452869858, -29.453784009485243 ], [ -71.31315374844543, -29.45379340544169 ], [ -71.313152040074613, -29.453801247785943 ], [ -71.313147366705948, -29.453810161106478 ], [ -71.313143254192923, -29.453816989724821 ], [ -71.313136174909971, -29.453824357079569 ], [ -71.313122029777887, -29.453840138052147 ], [ -71.313116120639734, -29.453845924339532 ], [ -71.313108415287914, -29.453850686332206 ], [ -71.313101322768219, -29.453857016439255 ], [ -71.313093033021488, -29.453862826066064 ], [ -71.313086524688799, -29.4538680995195 ], [ -71.313071769842892, -29.453883358815723 ], [ -71.313065289946508, -29.453891248018003 ], [ -71.313061204092733, -29.453900160144403 ], [ -71.313058896521795, -29.453907489654934 ], [ -71.313058385164268, -29.453915843460585 ], [ -71.313059067901094, -29.453923671303187 ], [ -71.313060935994812, -29.453931496583447 ], [ -71.313064610402307, -29.45394033696159 ], [ -71.313073071743304, -29.453950718002179 ], [ -71.313083908995864, -29.453959506037215 ], [ -71.313104306067871, -29.453970302076272 ], [ -71.313123476523373, -29.453977465715145 ], [ -71.31313425710627, -29.45398103126438 ], [ -71.313143827229524, -29.453983039087355 ], [ -71.313153968513859, -29.453982962028398 ], [ -71.313155178601932, -29.453982686585029 ], [ -71.313163485092815, -29.453980793811883 ], [ -71.313174820266482, -29.453980181769399 ], [ -71.313184363515106, -29.453980097061425 ], [ -71.31319332121322, -29.453980554802481 ], [ -71.313202210155666, -29.453975258001499 ], [ -71.31321166691805, -29.45396682085752 ], [ -71.313216949988458, -29.453958429205823 ], [ -71.313212702840929, -29.453951150492525 ], [ -71.313197620000096, -29.453935606976202 ], [ -71.31319097007254, -29.453927828740913 ], [ -71.313186111865164, -29.453919514151835 ], [ -71.313180670832722, -29.453912770419365 ], [ -71.3131764252566, -29.453906014926165 ], [ -71.313176924529117, -29.453897129060174 ], [ -71.313184032255407, -29.453892377452785 ], [ -71.31319357549576, -29.453892292744602 ], [ -71.313200796580404, -29.453897986098571 ], [ -71.313208030898949, -29.453904716698112 ], [ -71.313216432231428, -29.453908819786889 ], [ -71.313226616751123, -29.453912918939839 ], [ -71.313233725838359, -29.453908681533438 ], [ -71.313239010266628, -29.453900804084643 ], [ -71.313240573895499, -29.453878863603098 ], [ -71.313240487408166, -29.45387051116905 ], [ -71.313239193390217, -29.453861638435605 ], [ -71.31323543071278, -29.453843913389264 ], [ -71.313234734730145, -29.453835048302178 ], [ -71.313250012347396, -29.453811940190352 ], [ -71.313284894435711, -29.453782419765954 ], [ -71.31329258476778, -29.453776088278243 ], [ -71.313298493686915, -29.453770292965768 ], [ -71.313306185789259, -29.453764493716864 ], [ -71.313315085011126, -29.453759196730395 ], [ -71.313348357074332, -29.453746394112738 ], [ -71.313357284738203, -29.453743712872971 ], [ -71.313364393808186, -29.453739475460427 ], [ -71.313378594008455, -29.453728393723818 ], [ -71.313384502919845, -29.4537225984079 ], [ -71.313403999393174, -29.453704162257406 ], [ -71.313420478882307, -29.453683144270421 ], [ -71.313425761717184, -29.453674743593876 ], [ -71.313438651703962, -29.453652714449582 ], [ -71.313443934535883, -29.453644313772443 ], [ -71.313451834776131, -29.453600909158013 ], [ -71.313453489361336, -29.45358888175566 ], [ -71.313455765518228, -29.453577899065618 ], [ -71.313458059614305, -29.45356952328596 ], [ -71.31346681718361, -29.453551174598321 ], [ -71.313471490513265, -29.45354226126841 ], [ -71.313479635446598, -29.453522353485162 ], [ -71.313483110186795, -29.453512405474871 ], [ -71.313484816755675, -29.453504030888219 ], [ -71.313490101145035, -29.453496153431217 ], [ -71.313507206657064, -29.453477740794405 ], [ -71.313515467899165, -29.453469315395285 ], [ -71.313521363552439, -29.453462482828442 ], [ -71.313526075422445, -29.453456176049052 ], [ -71.313531345001905, -29.453446738123308 ], [ -71.313532427062128, -29.453436281399224 ], [ -71.313532898059037, -29.45342478880195 ], [ -71.313532197350881, -29.4534143540527 ], [ -71.313533295988378, -29.453405990035417 ], [ -71.313542681172464, -29.453390769923882 ], [ -71.313547978992744, -29.453383938728862 ], [ -71.313556308792371, -29.453381258850371 ], [ -71.313565808931997, -29.453377006919592 ], [ -71.313578883545475, -29.453372196654719 ], [ -71.313591373976692, -29.453368443043338 ], [ -71.313600932175632, -29.453369927793901 ], [ -71.313608138232169, -29.453374051641656 ], [ -71.313610117978143, -29.453391789633905 ], [ -71.313610231375449, -29.453402234594208 ], [ -71.313615675338355, -29.453410015734487 ], [ -71.31362347765662, -29.453413614986687 ], [ -71.313633049301814, -29.45341614599845 ], [ -71.313641966624658, -29.453413464920605 ], [ -71.313650868936122, -29.45340921435697 ], [ -71.313667443582602, -29.453396025375731 ], [ -71.313676900253725, -29.453387588203046 ], [ -71.313684562282901, -29.4533786499643 ], [ -71.313690402786051, -29.453367118132334 ], [ -71.313693279674311, -29.453357171491124 ], [ -71.313693749084081, -29.453345155672714 ], [ -71.313694859580934, -29.453337314697084 ], [ -71.313701922209191, -29.453327854609515 ], [ -71.313710822941346, -29.453323080820901 ], [ -71.313734012074207, -29.453316109933457 ], [ -71.313748309004694, -29.4533133804151 ], [ -71.313756115823281, -29.45331854030605 ], [ -71.313759935270426, -29.453341487814768 ], [ -71.313760035239724, -29.45335088651046 ], [ -71.313763112059945, -29.453359737259483 ], [ -71.313767967143761, -29.453367005384145 ], [ -71.313774006008444, -29.453373747718807 ], [ -71.313783534388548, -29.45337210250382 ], [ -71.313793517357936, -29.453356881002946 ], [ -71.313797020314041, -29.453349539717024 ], [ -71.313802915941196, -29.45334270713899 ], [ -71.313810606207667, -29.453336375624524 ], [ -71.313820718966568, -29.453333682769518 ], [ -71.313832058565595, -29.453334631321393 ], [ -71.313839875693603, -29.453339791027908 ], [ -71.313847110009604, -29.453346521593065 ], [ -71.31385800710774, -29.453361578487787 ], [ -71.313862252702222, -29.453368333958487 ], [ -71.31387128323297, -29.453376088806504 ], [ -71.31388142445239, -29.453376011695394 ], [ -71.313890340193836, -29.453372807380035 ], [ -71.313898043901034, -29.453367522124314 ], [ -71.313906902927442, -29.453359095328697 ], [ -71.313911602894109, -29.453352265494924 ], [ -71.313916858987525, -29.453341781292416 ], [ -71.31392709319131, -29.453293130647594 ], [ -71.313928430672348, -29.453194944128899 ], [ -71.313924666543656, -29.453176704902209 ], [ -71.313920995031395, -29.453168901974319 ], [ -71.313914954600293, -29.453161636424607 ], [ -71.313904771704145, -29.453158060542769 ], [ -71.313895243346394, -29.45315970576528 ], [ -71.313886925448827, -29.453162908705831 ], [ -71.313876213517773, -29.453165088735627 ], [ -71.313861902963694, -29.453166762984832 ], [ -71.313849367936967, -29.453165826200497 ], [ -71.313839782867888, -29.453162248939549 ], [ -71.313828461236412, -29.453163907297274 ], [ -71.313818391759284, -29.453170776367948 ], [ -71.313811312569328, -29.45317814375418 ], [ -71.313804805887273, -29.453183940460278 ], [ -71.313797114061558, -29.453189748752504 ], [ -71.313790034868774, -29.453197116137719 ], [ -71.313784140818044, -29.453204471936331 ], [ -71.313768745286936, -29.453215565475972 ], [ -71.31376106533007, -29.453221896808614 ], [ -71.313754571880423, -29.45322873075828 ], [ -71.313749873477406, -29.453236083808331 ], [ -71.313739234616364, -29.453245569996142 ], [ -71.313727342032422, -29.453249322246858 ], [ -71.313715419628863, -29.453249944544115 ], [ -71.313699868781953, -29.453246931103877 ], [ -71.313690267333797, -29.453241270143604 ], [ -71.313683615850366, -29.453232968710306 ], [ -71.31368293307419, -29.453225140872533 ], [ -71.313686222669659, -29.453197955932797 ], [ -71.31368793099206, -29.453190113583808 ], [ -71.31369059294245, -29.45315980006475 ], [ -71.313691104248591, -29.453151446258843 ], [ -71.313680250458077, -29.453140565563757 ], [ -71.313670055698211, -29.45313646662105 ], [ -71.313663432676307, -29.45313078093524 ], [ -71.313659771489256, -29.453122977819742 ], [ -71.313656093723267, -29.453113081997348 ], [ -71.313658401236566, -29.453105752478979 ], [ -71.313663699035288, -29.453098921280294 ], [ -71.313670778231369, -29.453091553901576 ], [ -71.313677284916011, -29.453085757201858 ], [ -71.313684392358439, -29.453080996553592 ], [ -71.31369209919437, -29.453076757753159 ], [ -71.313701001475067, -29.453072507187692 ], [ -71.313722434266253, -29.45306763277345 ], [ -71.313734939666446, -29.453065448635993 ], [ -71.313743838805479, -29.453060151624872 ], [ -71.313747329883412, -29.453052287298028 ], [ -71.313747243360083, -29.453043934865601 ], [ -71.313748939802821, -29.453035569473769 ], [ -71.313761914396608, -29.453021360497413 ], [ -71.313767823451542, -29.453015574185297 ], [ -71.3137737188583, -29.453008732591243 ], [ -71.313773633902585, -29.453000903380342 ], [ -71.313772949552884, -29.452992552321614 ], [ -71.313765157771783, -29.452988961915313 ], [ -71.313756186923513, -29.452987466962295 ], [ -71.313747812330647, -29.452985447413692 ], [ -71.313729837678352, -29.452978281109178 ], [ -71.31370285922651, -29.452965443449816 ], [ -71.313694456388092, -29.452960817166581 ], [ -71.313691367715407, -29.452951443372182 ], [ -71.313690083979679, -29.452942570464337 ], [ -71.313689984019931, -29.452933171767683 ], [ -71.313698743068912, -29.452915346289899 ], [ -71.313705121532053, -29.45289754416164 ], [ -71.313707998408873, -29.452887597520277 ], [ -71.313709706521365, -29.452879746153087 ], [ -71.313713793851562, -29.452871357232318 ], [ -71.313719093204497, -29.452865049253568 ], [ -71.313727992532378, -29.45285976126226 ], [ -71.313736298538544, -29.452856035290271 ], [ -71.313754682731087, -29.452844916853223 ], [ -71.313764169370458, -29.452839618647374 ], [ -71.313774282082449, -29.452836925798344 ], [ -71.313786800691247, -29.452835778903328 ], [ -71.313795132009275, -29.452833622233936 ], [ -71.313801041052074, -29.452827835920889 ], [ -71.313806340397278, -29.452821527939047 ], [ -71.313812209109727, -29.452812602834339 ], [ -71.313812732074823, -29.45280476305253 ], [ -71.313815623951655, -29.452796385894626 ], [ -71.313822132179524, -29.452791112410527 ], [ -71.313832244884935, -29.452788419557418 ], [ -71.313841190399415, -29.452788345200229 ], [ -71.313850745406043, -29.452788783492835 ], [ -71.313858552187298, -29.452793943380062 ], [ -71.313862211805684, -29.452801223268814 ], [ -71.313864178338548, -29.452817924011129 ], [ -71.313863169402438, -29.452835686904951 ], [ -71.313862070795025, -29.45284405092379 ], [ -71.313862158896299, -29.452852926577311 ], [ -71.313864636518133, -29.452861264495439 ], [ -71.313873024341362, -29.452864321282881 ], [ -71.313882551307017, -29.452862161859915 ], [ -71.313892692270485, -29.452862075732785 ], [ -71.313901651235071, -29.452863047634846 ], [ -71.313911793768668, -29.452863484727676 ], [ -71.313920721339272, -29.452860803454815 ], [ -71.313927830324658, -29.45285656601629 ], [ -71.313934336979699, -29.452850769305432 ], [ -71.313944877370659, -29.452832407630837 ], [ -71.313950158756057, -29.452823492733806 ], [ -71.313953649810884, -29.452815628402611 ], [ -71.313955954156469, -29.452807252437463 ], [ -71.313958859465842, -29.452799921540755 ], [ -71.313962362393454, -29.4527925802516 ], [ -71.313967660156123, -29.452785749042537 ], [ -71.313974755894449, -29.452780474356164 ], [ -71.313984267629749, -29.45277673642342 ], [ -71.313993740805074, -29.452770391938511 ], [ -71.314003823676714, -29.45276456912061 ], [ -71.3140167833904, -29.452748799655627 ], [ -71.314024956418564, -29.452731498576764 ], [ -71.314028446098874, -29.452723120040542 ], [ -71.314028945298389, -29.452714234174291 ], [ -71.31402884530911, -29.452704835479285 ], [ -71.314029368257508, -29.452696995697462 ], [ -71.314028658775911, -29.45268708435286 ], [ -71.314032160124356, -29.452679219840846 ], [ -71.314046956359121, -29.452667613447211 ], [ -71.314055843572589, -29.452661793375505 ], [ -71.314063550361055, -29.452657554555881 ], [ -71.314072464463734, -29.452653827010362 ], [ -71.31410687341986, -29.452635275775659 ], [ -71.314115762198057, -29.45262997892166 ], [ -71.314136570363104, -29.452623022312451 ], [ -71.314149072350432, -29.452619782678649 ], [ -71.314187072313118, -29.452602765783503 ], [ -71.314207279706608, -29.452594773114395 ], [ -71.314244738555089, -29.452582980057919 ], [ -71.31425842430184, -29.452579214620897 ], [ -71.31427090116081, -29.452574414688492 ], [ -71.314304827058251, -29.452566823941996 ], [ -71.314328041093802, -29.45256141324948 ], [ -71.314372634182945, -29.452546952005598 ], [ -71.314381549835886, -29.452543747661764 ], [ -71.3144125107668, -29.452537227889938 ], [ -71.314421441439123, -29.452535593028216 ], [ -71.314432764560934, -29.452534457845516 ], [ -71.314458400870322, -29.452532676761905 ], [ -71.314470918061531, -29.45253101560159 ], [ -71.314479249337552, -29.452528858891384 ], [ -71.314501284305948, -29.452525543628763 ], [ -71.314605080743448, -29.452523133750667 ], [ -71.314614624051899, -29.452523057965511 ], [ -71.314626543212043, -29.452521389150046 ], [ -71.314636655865556, -29.4525186962383 ], [ -71.314646157450468, -29.452514967457926 ], [ -71.31465447212166, -29.452510718031327 ], [ -71.314664541475807, -29.452503848903369 ], [ -71.314674039910372, -29.452499073678677 ], [ -71.314687730349021, -29.452496877862579 ], [ -71.314710999520926, -29.452496166361207 ], [ -71.314724130714083, -29.452496578469525 ], [ -71.314733074623774, -29.452495980832548 ], [ -71.31474622084346, -29.452497962423067 ], [ -71.31475640527124, -29.452502061463999 ], [ -71.31476133373323, -29.45251664473426 ], [ -71.314760353227868, -29.452537014356466 ], [ -71.314759852517739, -29.452545377000931 ], [ -71.31476113613364, -29.45255424087615 ], [ -71.314768356994833, -29.452559925128472 ], [ -71.314777872030689, -29.452557242601912 ], [ -71.314783169725246, -29.452550411363795 ], [ -71.314788453966301, -29.452542533862349 ], [ -71.31479793894502, -29.452536712365823 ], [ -71.314808078295741, -29.452536102949505 ], [ -71.314817037235741, -29.452537074791028 ], [ -71.314826592422719, -29.452537522032557 ], [ -71.31483556796573, -29.45254058657828 ], [ -71.314836850013307, -29.452548927231227 ], [ -71.314833573984032, -29.452577149429068 ], [ -71.314831895813896, -29.452588130756595 ], [ -71.314831994301585, -29.452597006225933 ], [ -71.314835084639057, -29.452606903210309 ], [ -71.314838747467263, -29.45261522951126 ], [ -71.314845983365359, -29.452622483243101 ], [ -71.314853202661169, -29.452627644269079 ], [ -71.314860438561197, -29.452634898000031 ], [ -71.314866477447794, -29.45264164028417 ], [ -71.314884408596242, -29.452644621202744 ], [ -71.3148998474271, -29.452637712775907 ], [ -71.314905146692084, -29.452631404754356 ], [ -71.314909233912687, -29.452623015802505 ], [ -71.31490856135396, -29.452615187796031 ], [ -71.314902497338323, -29.452606885226846 ], [ -71.31489345157263, -29.452597551946425 ], [ -71.314892141036708, -29.452586595547075 ], [ -71.314902706558485, -29.452569803111817 ], [ -71.314919781599869, -29.452548251345018 ], [ -71.314925067405099, -29.452540897059901 ], [ -71.314930976364323, -29.45253511070084 ], [ -71.314935075458465, -29.452527244790303 ], [ -71.314946254984221, -29.45251252564287 ], [ -71.314952137031767, -29.452504646756935 ], [ -71.314958032532914, -29.452497814133828 ], [ -71.31496212131988, -29.452489948401858 ], [ -71.314962520364389, -29.452471663846435 ], [ -71.314962420290854, -29.452462265156516 ], [ -71.314962933068315, -29.45245443457198 ], [ -71.314962173683867, -29.452438245120913 ], [ -71.314961860214723, -29.452409011805905 ], [ -71.314961761717086, -29.452400136337044 ], [ -71.314961075702598, -29.452391262067714 ], [ -71.314960989084227, -29.452382909640722 ], [ -71.314956120311152, -29.452374586279713 ], [ -71.314922605468652, -29.452364415672395 ], [ -71.314913035473836, -29.452362407970604 ], [ -71.314905826498702, -29.452357246767566 ], [ -71.314895630201889, -29.452352624695614 ], [ -71.314886671277876, -29.452351652858507 ], [ -71.31487656022351, -29.452354869009241 ], [ -71.314867061812436, -29.452359644247249 ], [ -71.314857520095586, -29.452360243270839 ], [ -71.314845596235116, -29.452360342442244 ], [ -71.314836041064851, -29.452359895201173 ], [ -71.314827052289871, -29.452355793409346 ], [ -71.314819247073416, -29.452351156800706 ], [ -71.314812625620206, -29.452345994393433 ], [ -71.314810161390426, -29.452338702759093 ], [ -71.314809048251419, -29.452290141197757 ], [ -71.314808934945432, -29.452279705261503 ], [ -71.314809002421939, -29.452229571459245 ], [ -71.314808888911685, -29.452219126504943 ], [ -71.314807591845266, -29.452209216366604 ], [ -71.314809298494637, -29.452200850786568 ], [ -71.314821701921275, -29.452188735623452 ], [ -71.314828795998139, -29.452182937674568 ], [ -71.314838863734124, -29.452175545314319 ], [ -71.314847723951473, -29.452167632667795 ], [ -71.314862318318163, -29.452136705588689 ], [ -71.314866377249032, -29.452125709908938 ], [ -71.314867988349988, -29.452109506283072 ], [ -71.314869396381781, -29.45207346785083 ], [ -71.314869309568252, -29.452065106405023 ], [ -71.314869918083559, -29.452009748747525 ], [ -71.314869831475235, -29.452001396319616 ], [ -71.314868547860343, -29.451992532444926 ], [ -71.314864291961598, -29.45198577718482 ], [ -71.314833598822105, -29.4519609606307 ], [ -71.314825180996408, -29.451954764932115 ], [ -71.314819639918085, -29.451938622573621 ], [ -71.314818867318294, -29.451921395873878 ], [ -71.314818767262167, -29.451911997182375 ], [ -71.314816104507656, -29.451886431385319 ], [ -71.314817113279503, -29.451868668491553 ], [ -71.314828363592909, -29.451804871011486 ], [ -71.31483055433975, -29.451786050080397 ], [ -71.314831065348429, -29.451777687256065 ], [ -71.314830966866722, -29.451768811785673 ], [ -71.314831476505745, -29.451759934758066 ], [ -71.314833757004152, -29.451750512697775 ], [ -71.314837260041173, -29.45174318040791 ], [ -71.314841360484948, -29.451735828704013 ], [ -71.314846659710767, -29.451729520686392 ], [ -71.314851359749468, -29.451722699843398 ], [ -71.314857852828098, -29.451715856830063 ], [ -71.314879754545657, -29.451698966429863 ], [ -71.314895750695214, -29.451688917842628 ], [ -71.314902869861655, -29.451684680178722 ], [ -71.314909366084052, -29.451678883605609 ], [ -71.314915273218062, -29.451672565010078 ], [ -71.314920570861233, -29.451665733768671 ], [ -71.314928833623597, -29.451657840533251 ], [ -71.314934131265133, -29.451651009291389 ], [ -71.314941221945162, -29.4516441558781 ], [ -71.314948315979052, -29.451638357924853 ], [ -71.31495886952537, -29.451621042446867 ], [ -71.31496355137277, -29.451611605673691 ], [ -71.314968850379969, -29.451605288633903 ], [ -71.314977154865886, -29.451601048388618 ], [ -71.314988477874962, -29.451599913164468 ], [ -71.315003104591085, -29.451628509548808 ], [ -71.31500985613485, -29.451646209608533 ], [ -71.315015397223533, -29.45166235195898 ], [ -71.315017878053055, -29.451671736295793 ], [ -71.315022734709459, -29.451679527597012 ], [ -71.315032887427193, -29.451679964431332 ], [ -71.315042429078687, -29.451679365398626 ], [ -71.315051359663642, -29.451677730499089 ], [ -71.315056657297532, -29.451670899252754 ], [ -71.315058250389342, -29.451652088716973 ], [ -71.315058151888749, -29.451643213247682 ], [ -71.315058647848474, -29.451633280939095 ], [ -71.315057950161133, -29.451623892645532 ], [ -71.315057864910727, -29.451616054421343 ], [ -71.315058961837636, -29.451607167176125 ], [ -71.315063633371352, -29.451597730579223 ], [ -71.31507133846074, -29.451592968486086 ], [ -71.31507905700434, -29.451589252655634 ], [ -71.315083753869729, -29.451581385363149 ], [ -71.315087246374873, -29.451574044229126 ], [ -71.315090149996522, -29.451566190091647 ], [ -71.315096631169681, -29.451558824026023 ], [ -71.315105600328081, -29.451559795673539 ], [ -71.315113392037887, -29.4515633860054 ], [ -71.315120013656369, -29.45156855741817 ], [ -71.315126654829697, -29.451576858960323 ], [ -71.315129132310034, -29.451585187834425 ], [ -71.315129815176817, -29.451593015661064 ], [ -71.3151316966227, -29.451601878153475 ], [ -71.315135371312152, -29.451610727489939 ], [ -71.31514317648255, -29.451615364082826 ], [ -71.315153958444569, -29.451619452700442 ], [ -71.31516472558026, -29.451621980850938 ], [ -71.315185648376101, -29.451625983247769 ], [ -71.315204801894652, -29.451631053899764 ], [ -71.315218574107845, -29.451635640798962 ], [ -71.315232320985544, -29.451638658391804 ], [ -71.315254409557156, -29.451639528067748 ], [ -71.315264550390353, -29.451639441842701 ], [ -71.315273492847538, -29.451638329970464 ], [ -71.315284203005689, -29.451635626616962 ], [ -71.315327800314833, -29.451639974236365 ], [ -71.31534393510114, -29.45164193083658 ], [ -71.315357682187312, -29.451644957434187 ], [ -71.315367848359159, -29.451646440505932 ], [ -71.315376793764912, -29.45164636605098 ], [ -71.315386919767434, -29.451644719350561 ], [ -71.315395220877733, -29.451639423619845 ], [ -71.315404722351289, -29.451635694790824 ], [ -71.315414833316339, -29.451632478604434 ], [ -71.315423777143153, -29.451631880925316 ], [ -71.31543274946452, -29.45163389899237 ], [ -71.315454255254835, -29.451636339499625 ], [ -71.315465594669021, -29.451637287921937 ], [ -71.315485290602453, -29.451637648879512 ], [ -71.315494845704265, -29.451638096077531 ], [ -71.31550499999517, -29.451639056096969 ], [ -71.315513376080261, -29.451641598760474 ], [ -71.315524728954784, -29.451643593440465 ], [ -71.315542560022465, -29.451637184609542 ], [ -71.315551445684392, -29.451630850243582 ], [ -71.315564446769159, -29.451618733637687 ], [ -71.315571552440517, -29.451613449676991 ], [ -71.315594524174656, -29.451585588412065 ], [ -71.315606873796426, -29.451569297150861 ], [ -71.315627563512436, -29.451550334729625 ], [ -71.315634059683035, -29.45154453812372 ], [ -71.31564116534561, -29.45153925415973 ], [ -71.315651747056407, -29.451524545362016 ], [ -71.315657613956134, -29.451515096966187 ], [ -71.31567645677211, -29.45149197166824 ], [ -71.315683546015208, -29.451484604015498 ], [ -71.315708454402099, -29.451470304469613 ], [ -71.315717356453405, -29.451466053780496 ], [ -71.315725059921093, -29.451460768430621 ], [ -71.315741040903632, -29.451449150264317 ], [ -71.315751110078793, -29.451442281062828 ], [ -71.315761790324302, -29.451436447723278 ], [ -71.31577311172255, -29.451434789212808 ], [ -71.315783838464014, -29.451434178525503 ], [ -71.315793395125723, -29.451435148924027 ], [ -71.315801797919192, -29.451439775077294 ], [ -71.315808435977814, -29.451447030141008 ], [ -71.315813877033165, -29.451453773765948 ], [ -71.315821680844522, -29.451457896115052 ], [ -71.315831835118615, -29.451458856110357 ], [ -71.315845550526561, -29.45145822047008 ], [ -71.315858651702186, -29.451455502524354 ], [ -71.315869946174459, -29.451451751480423 ], [ -71.31588062819803, -29.451446450370561 ], [ -71.315887136025637, -29.45144116777703 ], [ -71.315898300666859, -29.451424897113807 ], [ -71.315908853821881, -29.451407572552021 ], [ -71.315914722270875, -29.451398647367306 ], [ -71.315941908035569, -29.451373888283246 ], [ -71.315952546495836, -29.451364401938687 ], [ -71.315963784143563, -29.451355428413407 ], [ -71.315973836874335, -29.451346475509869 ], [ -71.3159803179677, -29.4513391094052 ], [ -71.315987994483393, -29.451331731516213 ], [ -71.315995071808587, -29.45132384080696 ], [ -71.316001536479135, -29.451314391015 ], [ -71.316010378735058, -29.451303880409743 ], [ -71.316016277053961, -29.451298085170158 ], [ -71.316029875854326, -29.451285967140389 ], [ -71.316043446141848, -29.451271233363482 ], [ -71.316062872969084, -29.45124705135353 ], [ -71.316069339209363, -29.451238124779696 ], [ -71.316072825514027, -29.451228699758278 ], [ -71.316072738607446, -29.451220338317665 ], [ -71.316060106607054, -29.451211040468134 ], [ -71.31604874030954, -29.451207999569167 ], [ -71.316038586059733, -29.451207039589118 ], [ -71.316028986274432, -29.451201902013633 ], [ -71.316029471836558, -29.451191969885453 ], [ -71.316035352147523, -29.451183567738013 ], [ -71.316043653390253, -29.45117828098833 ], [ -71.31606443260263, -29.451168708353585 ], [ -71.316098913915098, -29.451157462807107 ], [ -71.316109024808057, -29.451154246571523 ], [ -71.316117953744509, -29.451152088382774 ], [ -71.316129278265265, -29.451151476285752 ], [ -71.316138208576987, -29.451149832298618 ], [ -71.316158387003796, -29.451139223609783 ], [ -71.316169651540207, -29.451132342594057 ], [ -71.316190444401144, -29.451123825221103 ], [ -71.31619936124315, -29.451121134967618 ], [ -71.316235720888528, -29.451117705418646 ], [ -71.31624704540404, -29.451117093311847 ], [ -71.316267891916681, -29.451112751958831 ], [ -71.316276211147539, -29.451110072102558 ], [ -71.31629160608297, -29.451098978301747 ], [ -71.316303997518204, -29.451086348991986 ], [ -71.316310476989528, -29.451078459652344 ], [ -71.316319886907678, -29.451064808678229 ], [ -71.316337417045389, -29.45103019467895 ], [ -71.316345564404159, -29.451011333196615 ], [ -71.316348437815037, -29.45100034007087 ], [ -71.316358932645741, -29.450977278802966 ], [ -71.316371821473268, -29.450955240401612 ], [ -71.316382374707032, -29.450937924826146 ], [ -71.316388239924663, -29.450927953182042 ], [ -71.316389936125276, -29.450919587767881 ], [ -71.316392086375842, -29.45089763705661 ], [ -71.316393196650139, -29.450889796068623 ], [ -71.316396570835195, -29.450870449315342 ], [ -71.316396993407736, -29.450853210848958 ], [ -71.31639689321419, -29.450843812165179 ], [ -71.316390271585178, -29.450838640816453 ], [ -71.316380715182135, -29.450837679475949 ], [ -71.316371156992318, -29.45083618589592 ], [ -71.316359193123944, -29.450833155424114 ], [ -71.316353155841085, -29.450826936426463 ], [ -71.316351275891208, -29.450818597176301 ], [ -71.316351187587571, -29.450809721533719 ], [ -71.316352883585054, -29.450801347101883 ], [ -71.316355775203931, -29.450792969900984 ], [ -71.316361042811096, -29.450783008660675 ], [ -71.316371025155377, -29.450767786995826 ], [ -71.316375709793917, -29.450759387604904 ], [ -71.316381578167238, -29.450750462403075 ], [ -71.316387430112755, -29.450739453514945 ], [ -71.3163962601908, -29.450728410828656 ], [ -71.316402723206778, -29.450718437799658 ], [ -71.316406811817401, -29.450710572031369 ], [ -71.316409674911881, -29.450699579084045 ], [ -71.316410184414195, -29.450690702056889 ], [ -71.31640238242953, -29.45068711197878 ], [ -71.316393435531594, -29.450686663277221 ], [ -71.316383266283196, -29.45068413383752 ], [ -71.31637187310308, -29.450679000438516 ], [ -71.316364067956712, -29.450674363916306 ], [ -71.316360406669844, -29.450666560879018 ], [ -71.316360919340255, -29.450658730293529 ], [ -71.316363226612594, -29.450651400739442 ], [ -71.316370306822719, -29.450644547437424 ], [ -71.316380416278832, -29.450640816981327 ], [ -71.316388134494673, -29.450637092063012 ], [ -71.316402888381973, -29.450621832444924 ], [ -71.316409938692544, -29.450611849192551 ], [ -71.31641819650676, -29.450602386211887 ], [ -71.316427083401663, -29.450596565997337 ], [ -71.316435414472195, -29.45059440917494 ], [ -71.316456266993754, -29.450592151663809 ], [ -71.316465808528122, -29.450591552534931 ], [ -71.316478341865263, -29.450591974886105 ], [ -71.316483639348149, -29.450585143590228 ], [ -71.316484635945613, -29.450566857655772 ], [ -71.316482056400417, -29.450548597887995 ], [ -71.316479578842532, -29.450540269042584 ], [ -71.316453797747499, -29.450527943353528 ], [ -71.31644542331901, -29.450525923965991 ], [ -71.316436437613646, -29.450522859700346 ], [ -71.316431580914283, -29.450515068452422 ], [ -71.316429712851345, -29.450507252244527 ], [ -71.31642427339419, -29.450501031864224 ], [ -71.31641529957723, -29.45049849063852 ], [ -71.316403961869568, -29.450498065511439 ], [ -71.316394435187817, -29.450500225100736 ], [ -71.316383710133408, -29.450501359052648 ], [ -71.316372403900644, -29.450504587092382 ], [ -71.316363446715272, -29.450504138567254 ], [ -71.316354444588214, -29.450498990609624 ], [ -71.316346609359442, -29.450491215118866 ], [ -71.316341766135338, -29.450484470129574 ], [ -71.316338104857991, -29.450476667091007 ], [ -71.316336824103502, -29.450468840658381 ], [ -71.316316924872794, -29.45044863600334 ], [ -71.316307910867891, -29.450442965000562 ], [ -71.316300676618795, -29.450436234564204 ], [ -71.316296429627712, -29.450428964967841 ], [ -71.316292070366814, -29.450411764626818 ], [ -71.316290774774131, -29.450402377728029 ], [ -71.316290674593787, -29.450392979043034 ], [ -71.316289363953871, -29.450382022660808 ], [ -71.316277869052485, -29.450366967345417 ], [ -71.316271244504108, -29.450360758564504 ], [ -71.316263427502548, -29.450355598993013 ], [ -71.316254426974936, -29.450350974248419 ], [ -71.316235267540648, -29.450343819870653 ], [ -71.316226864618528, -29.45033918472225 ], [ -71.316217308263404, -29.450338223367279 ], [ -71.316207754865431, -29.450338299435536 ], [ -71.316198226817193, -29.450339944807226 ], [ -71.316187488310973, -29.450340032479993 ], [ -71.316168928066844, -29.450333390911638 ], [ -71.316159929125817, -29.450329289381251 ], [ -71.316138806036307, -29.450306480734564 ], [ -71.316122412732128, -29.450279981152136 ], [ -71.316118165760685, -29.45027271154888 ], [ -71.316112128527422, -29.450266492537164 ], [ -71.316104306799588, -29.450259763292507 ], [ -71.316097655340116, -29.45025146197667 ], [ -71.316092785216028, -29.450242624451317 ], [ -71.316090320957926, -29.450235332840812 ], [ -71.316088441043675, -29.450226993584458 ], [ -71.316081120128999, -29.450211910710507 ], [ -71.316076874538936, -29.450205155308574 ], [ -71.316073812680557, -29.450197874098652 ], [ -71.316069565511427, -29.450190595475402 ], [ -71.316066491770385, -29.450182791223593 ], [ -71.316064610279156, -29.450173928745706 ], [ -71.316063827200566, -29.450156702239109 ], [ -71.31606650188958, -29.450127434965495 ], [ -71.31606761218498, -29.450119593978496 ], [ -71.316070515696069, -29.450111739824454 ], [ -71.31607748089445, -29.45009392738616 ], [ -71.316079771553291, -29.450084505131365 ], [ -71.316082078836146, -29.450077175581185 ], [ -71.316085580151764, -29.450069320043816 ], [ -71.316088473151922, -29.450061457050854 ], [ -71.316093156410759, -29.450052543466519 ], [ -71.316097854713192, -29.450045199365711 ], [ -71.316105519245284, -29.450037298432775 ], [ -71.316125597301479, -29.45001729107269 ], [ -71.316133275498643, -29.450010445418943 ], [ -71.316139766805293, -29.450003079131118 ], [ -71.316143269489828, -29.449995737795557 ], [ -71.316148566967982, -29.449988906512939 ], [ -71.316154463832106, -29.449982597067756 ], [ -71.316171683300013, -29.449975143289869 ], [ -71.31618179407559, -29.449971927054772 ], [ -71.316191305668639, -29.449968197999453 ], [ -71.316206700450351, -29.449957104215684 ], [ -71.316214390316915, -29.449950772581413 ], [ -71.316223278956045, -29.449945484621356 ], [ -71.316230386061136, -29.449940723853452 ], [ -71.316242774211744, -29.449927048112777 ], [ -71.316256333996478, -29.449912314502313 ], [ -71.316272281632465, -29.449896519895347 ], [ -71.316279358842792, -29.449888629176069 ], [ -71.316284630955892, -29.449880228584572 ], [ -71.316298044238494, -29.449850882649244 ], [ -71.316303298138436, -29.449839866131779 ], [ -71.316310348615403, -29.449829891904002 ], [ -71.316318036884709, -29.449823037043572 ], [ -71.316336481813735, -29.449818710427174 ], [ -71.316346023277305, -29.449818111310762 ], [ -71.316356761727491, -29.449818023628207 ], [ -71.316368722516131, -29.449820016683301 ], [ -71.316378252094353, -29.449818894523013 ], [ -71.316381140525664, -29.449809470880211 ], [ -71.316381639728121, -29.44980059403154 ], [ -71.316381540920702, -29.449791709549224 ], [ -71.316377180303874, -29.449773995005806 ], [ -71.316375896600817, -29.449765131148581 ], [ -71.316375784532411, -29.449755209421635 ], [ -71.316369144972683, -29.4497474311598 ], [ -71.316351173911912, -29.449741311627097 ], [ -71.316340420422065, -29.449739829825269 ], [ -71.316330263155706, -29.449737823417557 ], [ -71.316316946810886, -29.449720174542605 ], [ -71.316309113435139, -29.449712931284278 ], [ -71.316281055202012, -29.449711065050089 ], [ -71.316268522177907, -29.44971065169225 ], [ -71.316258980723504, -29.449711250802572 ], [ -71.316249440849887, -29.449712373133202 ], [ -71.316239329897073, -29.449715580354063 ], [ -71.316232834077127, -29.449721386000682 ], [ -71.316228134217184, -29.449728206884274 ], [ -71.316221015241851, -29.449732444609754 ], [ -71.316210316989739, -29.449735662050767 ], [ -71.316201361452869, -29.449735736731906 ], [ -71.316193554808237, -29.449730576973721 ], [ -71.316184427245943, -29.449714461008984 ], [ -71.316170566982308, -29.449700998551787 ], [ -71.316160371114449, -29.449696385581667 ], [ -71.316151968250907, -29.449691750425007 ], [ -71.316146539160457, -29.449685529850004 ], [ -71.316147038178684, -29.449676643983018 ], [ -71.316154128849448, -29.449669799533137 ], [ -71.316163628532294, -29.449665547439469 ], [ -71.316167730589925, -29.449658727941351 ], [ -71.316167630426577, -29.449649329254633 ], [ -71.316165137671305, -29.449639421898095 ], [ -71.316156761741098, -29.449636879266809 ], [ -71.316147220292351, -29.449637478368778 ], [ -71.316138261603058, -29.449636506603213 ], [ -71.316129291235043, -29.449635020813304 ], [ -71.316120913725683, -29.449631954958665 ], [ -71.316111302002241, -29.44962628532047 ], [ -71.316105261650165, -29.449619019863743 ], [ -71.316103977973455, -29.449610156002297 ], [ -71.316103892860255, -29.449602326798885 ], [ -71.316104976222434, -29.449592393286039 ], [ -71.316106682735608, -29.449584027694574 ], [ -71.316108978124134, -29.449576175102443 ], [ -71.316122519886392, -29.449558834598619 ], [ -71.316130779025599, -29.449549885840689 ], [ -71.316138483912638, -29.449545123695604 ], [ -71.316148010308353, -29.449542955111006 ], [ -71.31615755174829, -29.449542356009449 ], [ -71.316168905975076, -29.449544873868152 ], [ -71.316180283970269, -29.449548437809177 ], [ -71.316194069396516, -29.449554070884346 ], [ -71.316207216831202, -29.449556575571449 ], [ -71.316214891828636, -29.449548683472791 ], [ -71.316221329447359, -29.449537141149825 ], [ -71.316225256305302, -29.44951308456352 ], [ -71.316225757102515, -29.449504730935381 ], [ -71.31622508448082, -29.44949690293663 ], [ -71.316223803752635, -29.449489076500718 ], [ -71.316220713398792, -29.449479179546561 ], [ -71.316218830330982, -29.449469793849005 ], [ -71.316219327967389, -29.449460393778846 ], [ -71.316227647067905, -29.449457713932333 ], [ -71.316238911421422, -29.449450832919585 ], [ -71.316248978791577, -29.449443440470169 ], [ -71.316256697130058, -29.449439724581541 ], [ -71.316267410191344, -29.449438067604099 ], [ -71.316278732939494, -29.449436932283714 ], [ -71.316290708728417, -29.449440494832064 ], [ -71.316296748876709, -29.449447751262426 ], [ -71.316299810929181, -29.449455041486285 ], [ -71.316302290020985, -29.449463893559525 ], [ -71.316308343842238, -29.449472205269799 ], [ -71.316314369151712, -29.449477901233564 ], [ -71.316323311199412, -29.449476780283447 ], [ -71.316331612293141, -29.449471493522982 ], [ -71.316341697663148, -29.449466707974331 ], [ -71.316349387485914, -29.449460376334326 ], [ -71.316364168154067, -29.449447209252206 ], [ -71.316371859555446, -29.449441400831983 ], [ -71.316381345741036, -29.449436102461739 ], [ -71.316392052472892, -29.449432352590598 ], [ -71.316402179817587, -29.449431229046279 ], [ -71.316414113627303, -29.449431129574755 ], [ -71.316423670102495, -29.449432099938218 ], [ -71.3164326303568, -29.449433594906377 ], [ -71.316442782848355, -29.449434031645108 ], [ -71.316452295963558, -29.449430825795055 ], [ -71.316461782143605, -29.449425527419365 ], [ -71.316471253273292, -29.449418659559601 ], [ -71.316492074078383, -29.449412748885958 ], [ -71.316503383352185, -29.449410567284243 ], [ -71.316517066998784, -29.449406278420131 ], [ -71.316530711822551, -29.449399373988204 ], [ -71.316537830761519, -29.449395136247933 ], [ -71.31654911171843, -29.449390347914647 ], [ -71.316558624825774, -29.449387142057375 ], [ -71.316582478964008, -29.449385896823355 ], [ -71.316592619769551, -29.449385819527315 ], [ -71.316603329652551, -29.449383116081624 ], [ -71.316614624073495, -29.449379374005428 ], [ -71.316626501039337, -29.449374052041779 ], [ -71.316637166174417, -29.449366658179564 ], [ -71.316647805952556, -29.449357695012679 ], [ -71.316657873282111, -29.449350302534334 ], [ -71.316665534759082, -29.449341364149824 ], [ -71.316669594779583, -29.449330882630459 ], [ -71.316671286190726, -29.44932094755098 ], [ -71.316671786746497, -29.449312584905044 ], [ -71.316665746581393, -29.449305328492592 ], [ -71.316655575885179, -29.449302275845188 ], [ -71.316650136484526, -29.449296055470327 ], [ -71.316640523184603, -29.449289862649106 ], [ -71.316644026016192, -29.449282530320904 ], [ -71.316658210195939, -29.449269878797548 ], [ -71.316666484316258, -29.44926249949312 ], [ -71.316671793609558, -29.449256191234486 ], [ -71.316678887381769, -29.449250393201517 ], [ -71.316688373327793, -29.449245085793137 ], [ -71.316697260298042, -29.449239274584723 ], [ -71.31671083023268, -29.449224540755775 ], [ -71.316716127634749, -29.449217709454089 ], [ -71.316722036102334, -29.449211914010984 ], [ -71.316729131451794, -29.44920663919649 ], [ -71.316749326076845, -29.44919812314367 ], [ -71.316761216484494, -29.449193847431744 ], [ -71.316770701042273, -29.449188025815062 ], [ -71.316780709919584, -29.44917488763474 ], [ -71.316784811917131, -29.449168068120478 ], [ -71.316788885389855, -29.449158632860584 ], [ -71.316789980570093, -29.449149222386946 ], [ -71.316789780136446, -29.449130425019348 ], [ -71.31678908074035, -29.449120513518594 ], [ -71.316788965469954, -29.449109545351565 ], [ -71.316790633093476, -29.449098564188152 ], [ -71.31679292387463, -29.449089150942552 ], [ -71.316805299758713, -29.449074943098243 ], [ -71.316811208418187, -29.449069156669744 ], [ -71.316818275228457, -29.449061266105701 ], [ -71.316826547736923, -29.449053363571821 ], [ -71.316834848769361, -29.449048076782962 ], [ -71.316845560193414, -29.449045896540788 ], [ -71.316875409856593, -29.449047226267826 ], [ -71.31688495420525, -29.449047664540526 ], [ -71.316892553656615, -29.448976586964594 ], [ -71.316892468486856, -29.44896875776428 ], [ -71.316890586954599, -29.448959895299303 ], [ -71.316885741987079, -29.448952618087588 ], [ -71.316882666645085, -29.448944290633854 ], [ -71.316876045123507, -29.44893911930254 ], [ -71.316857542154295, -29.448937709308439 ], [ -71.316846207584149, -29.448938321633317 ], [ -71.316836694733183, -29.448941536526515 ], [ -71.316828363600649, -29.448943684348709 ], [ -71.316818223045502, -29.448943770678277 ], [ -71.316812184272791, -29.448937028474393 ], [ -71.316775181297714, -29.448935245889444 ], [ -71.316765628034531, -29.448935321990547 ], [ -71.316756096961257, -29.448935920953094 ], [ -71.316736473247744, -29.448942343093943 ], [ -71.316726377645224, -29.448947128848395 ], [ -71.316718088500934, -29.448952938671923 ], [ -71.316709772621834, -29.448956664988128 ], [ -71.316700840723911, -29.448957776764253 ], [ -71.316692466422936, -29.448955757385018 ], [ -71.316685260783743, -29.448951642709563 ], [ -71.316683108552553, -29.44891771413522 ], [ -71.31668302339925, -29.448909884933844 ], [ -71.3166763987238, -29.448903667150073 ], [ -71.316666857554083, -29.448904275303423 ], [ -71.316657897344584, -29.448902780348586 ], [ -71.316629229853902, -29.448900401537454 ], [ -71.316618491502197, -29.448900489236706 ], [ -71.316611270818953, -29.448894805073429 ], [ -71.316611185466385, -29.448886966853699 ], [ -71.31662106424217, -29.448861300051341 ], [ -71.316629239717031, -29.448845045286276 ], [ -71.316633924461456, -29.448836654907993 ], [ -71.316636218213375, -29.448828279088193 ], [ -71.316639619043741, -29.448811015836529 ], [ -71.316641327086614, -29.448803173461332 ], [ -71.316646624473663, -29.448796342162971 ], [ -71.316656736700025, -29.448793649119402 ], [ -71.316675209743707, -29.448791929194282 ], [ -71.316684153513776, -29.448791340462179 ], [ -71.316693066974864, -29.448787603744822 ], [ -71.316694674808033, -29.448770362684332 ], [ -71.316694576185711, -29.448761487220388 ], [ -71.316685473999542, -29.448746940591477 ], [ -71.316679436830569, -29.448740721601165 ], [ -71.316671062548053, -29.448738702219533 ], [ -71.316651918246478, -29.448733108350616 ], [ -71.316641151597878, -29.4487305893228 ], [ -71.316637490370823, -29.448722786288386 ], [ -71.316635598563224, -29.448713923997389 ], [ -71.316637817467821, -29.448697718796357 ], [ -71.316640124685563, -29.448690389239008 ], [ -71.316645408598859, -29.448682511678424 ], [ -71.316653111814375, -29.448677226286915 ], [ -71.316662626435587, -29.448674543646657 ], [ -71.31667275191343, -29.448672887847021 ], [ -71.316675655343644, -29.448665033683003 ], [ -71.316677862355249, -29.448648305440056 ], [ -71.316678374797192, -29.448640465835098 ], [ -71.316675296317641, -29.44863109193291 ], [ -71.316670439701156, -29.448623300687732 ], [ -71.316660870037637, -29.448621293093318 ], [ -71.316654258852012, -29.448616121569604 ], [ -71.316649417084037, -29.448609890788983 ], [ -71.316649318466787, -29.448601015324584 ], [ -71.316648048230761, -29.448593197731537 ], [ -71.31664260887149, -29.448586977353674 ], [ -71.316638363320905, -29.448580221966466 ], [ -71.316638264704849, -29.448571346501968 ], [ -71.316644770939888, -29.448565549678509 ], [ -71.316651879514566, -29.448561312114464 ], [ -71.316661948351864, -29.448554442860264 ], [ -71.316669067228332, -29.448550205116018 ], [ -71.316678580049796, -29.448546990236331 ], [ -71.316688720771282, -29.448546912937537 ], [ -71.316698235174528, -29.448544221277441 ], [ -71.316707150401839, -29.448541016799087 ], [ -71.316715466248212, -29.448537290484701 ], [ -71.316729680425794, -29.448527777925332 ], [ -71.316737385208455, -29.448523015750641 ], [ -71.316742679409515, -29.448515138007526 ], [ -71.316748447426136, -29.448496814110694 ], [ -71.316751352429421, -29.44848948316633 ], [ -71.316754242379801, -29.448480582738579 ], [ -71.31676349793382, -29.448453348009902 ], [ -71.3167663746177, -29.448443410337468 ], [ -71.316768580028992, -29.448426158872667 ], [ -71.316768876992683, -29.448397952414386 ], [ -71.316768791836083, -29.448390123212825 ], [ -71.316768915321447, -29.448345211909373 ], [ -71.316768816695713, -29.448336336445294 ], [ -71.316766350862935, -29.448328521624603 ], [ -71.316760313715918, -29.44832230263652 ], [ -71.316751355345218, -29.448321339924018 ], [ -71.31674242508609, -29.448322974920874 ], [ -71.31672518058069, -29.448328859452715 ], [ -71.316707350162957, -29.44833526840933 ], [ -71.316691940620998, -29.44834479275368 ], [ -71.316683663407105, -29.44835112561455 ], [ -71.316676546127226, -29.448355886579844 ], [ -71.316668228711009, -29.448359089670216 ], [ -71.316659326966175, -29.448363340407759 ], [ -71.316645144282276, -29.448376506128891 ], [ -71.316639249323316, -29.448383347829392 ], [ -71.316624450827192, -29.448393908026148 ], [ -71.316609056318498, -29.448405001845241 ], [ -71.316603147682713, -29.448410788263804 ], [ -71.316596054165871, -29.448416595308391 ], [ -71.316587138945152, -29.448419799778943 ], [ -71.316566304877966, -29.44842466419427 ], [ -71.316557388278369, -29.448427354459888 ], [ -71.316550281085426, -29.448432106221681 ], [ -71.316541382492858, -29.448437403393857 ], [ -71.316528381910075, -29.448449520071968 ], [ -71.316513583392478, -29.448460080257465 ], [ -71.316504681631926, -29.448464330985416 ], [ -71.31649756275371, -29.448468568720962 ], [ -71.31649048248849, -29.448475413005095 ], [ -71.316483378657239, -29.448481220223577 ], [ -71.316480475216125, -29.448489074384103 ], [ -71.316478880814188, -29.448507361707055 ], [ -71.316478979415905, -29.44851623717253 ], [ -71.316480847640051, -29.448524062401621 ], [ -71.316482128165447, -29.448531879817718 ], [ -71.316480433579912, -29.448540768454208 ], [ -71.316475735572581, -29.448548121582704 ], [ -71.316467419715508, -29.448551847882637 ], [ -71.316457890256245, -29.448552970042975 ], [ -71.316448944923053, -29.448553035537799 ], [ -71.316430475079201, -29.448555801871375 ], [ -71.316402532389816, -29.448564903815658 ], [ -71.3163930195566, -29.448568118676157 ], [ -71.316383493052115, -29.44857027825535 ], [ -71.316377000266669, -29.448577121329546 ], [ -71.316376487801435, -29.448584960934674 ], [ -71.316376587975967, -29.448594359621616 ], [ -71.316370092026332, -29.448600156253537 ], [ -71.316362373753876, -29.448603872145458 ], [ -71.316347565098013, -29.448614441511722 ], [ -71.316340469766388, -29.44861971630511 ], [ -71.316333350870309, -29.44862395403274 ], [ -71.316314324982528, -29.448630374725997 ], [ -71.316305994066525, -29.448632531532731 ], [ -71.316288831440545, -29.448645198773523 ], [ -71.316282325179245, -29.448650995580909 ], [ -71.316259823575294, -29.448666850129868 ], [ -71.316223549916558, -29.448678108842525 ], [ -71.316214023602399, -29.448680277428267 ], [ -71.316203869605616, -29.448679317446786 ], [ -71.316196063045624, -29.448674157683548 ], [ -71.316195977726395, -29.448666319461559 ], [ -71.316195293438398, -29.448657977437559 ], [ -71.316192827639313, -29.44865016260459 ], [ -71.3161850242426, -29.448646049282672 ], [ -71.316166480938918, -29.448641500400466 ], [ -71.31615752391788, -29.448641051852341 ], [ -71.316148563736832, -29.448639556861455 ], [ -71.316138977456148, -29.448635456524023 ], [ -71.316130018855688, -29.448634484752926 ], [ -71.316120465616905, -29.448634560806159 ], [ -71.316112134695587, -29.448636717600984 ], [ -71.316103830699731, -29.44864096692103 ], [ -71.316096127251157, -29.448646243264186 ], [ -71.316089644744267, -29.448653086146283 ], [ -71.316084933240404, -29.448659392999836 ], [ -71.316080832792196, -29.448666735715534 ], [ -71.316079136795082, -29.44867511014564 ], [ -71.31608398148758, -29.448682378372936 ], [ -71.316093522847979, -29.448681779280285 ], [ -71.316102479872654, -29.448682227832546 ], [ -71.316110286428923, -29.448687387601495 ], [ -71.316115129544343, -29.448694132606398 ], [ -71.316117593758989, -29.448701424219944 ], [ -71.316112992709421, -29.448717129583446 ], [ -71.316106002248105, -29.448733372716866 ], [ -71.316094906799904, -29.44875539792092 ], [ -71.316090210129857, -29.448763265240782 ], [ -71.316084912705492, -29.448770096518942 ], [ -71.316081410052476, -29.448777437852129 ], [ -71.316077308020127, -29.448784257346791 ], [ -71.31607323449245, -29.448793692588154 ], [ -71.316058450918788, -29.448805822211757 ], [ -71.316030653188491, -29.448829022205757 ], [ -71.316022976851698, -29.448836400089252 ], [ -71.316015872763444, -29.448842198267347 ], [ -71.315984514174929, -29.448867002905473 ], [ -71.315977420385664, -29.448872800902421 ], [ -71.315971014231323, -29.448887996385043 ], [ -71.315959935153785, -29.448912105267038 ], [ -71.315955846569935, -29.448919971021493 ], [ -71.315949338692988, -29.448925244593241 ], [ -71.315924417683433, -29.448938506908377 ], [ -71.315916113450328, -29.448942747200334 ], [ -71.315907214779045, -29.44894804433395 ], [ -71.31590010772355, -29.448952805082257 ], [ -71.315893028963416, -29.4489601725593 ], [ -71.315878246922892, -29.448972825386235 ], [ -71.315871156277694, -29.448979669820417 ], [ -71.315865857249108, -29.448985977869945 ], [ -71.315861171059652, -29.448993854021673 ], [ -71.315856471203972, -29.449000674892332 ], [ -71.315851774709827, -29.449008551223084 ], [ -71.315848271827733, -29.449015883533306 ], [ -71.315845993046139, -29.449025828827189 ], [ -71.315845607385441, -29.449045150629534 ], [ -71.31584516966582, -29.44906081961906 ], [ -71.315844187987878, -29.449080675042115 ], [ -71.3158442999991, -29.449090596773299 ], [ -71.315846196279068, -29.449101019723919 ], [ -71.315851637200396, -29.449107763356221 ], [ -71.315859457239995, -29.449113969401449 ], [ -71.31586311684643, -29.449121249238235 ], [ -71.315863216977704, -29.449130647927444 ], [ -71.315859131536044, -29.449139560121811 ], [ -71.315851453585637, -29.449146414775914 ], [ -71.315843878716365, -29.449163705543199 ], [ -71.315840987091264, -29.449172082734627 ], [ -71.315840589549012, -29.449190881494825 ], [ -71.31584067800155, -29.449199766160199 ], [ -71.315835976557295, -29.449206063809406 ], [ -71.315828273257978, -29.449211349157697 ], [ -71.315812123815959, -29.449207823110925 ], [ -71.315805512835084, -29.449202660563117 ], [ -71.315795360365925, -29.4492022237743 ], [ -71.315784605360037, -29.44920021870271 ], [ -71.315780347954188, -29.449192940245126 ], [ -71.31577966191027, -29.449184065978812 ], [ -71.315783066256458, -29.449167858201534 ], [ -71.315782283245255, -29.449150631687864 ], [ -71.315781597201706, -29.449141757421497 ], [ -71.315777324965396, -29.449132918497408 ], [ -71.315761688049832, -29.449121552838726 ], [ -71.315752684499273, -29.449115881609849 ], [ -71.315746659242265, -29.449110185617457 ], [ -71.315741206445949, -29.449102918938618 ], [ -71.315732277676204, -29.449105077093272 ], [ -71.315726379458312, -29.449110872315956 ], [ -71.315720484395754, -29.449117713980726 ], [ -71.315719493720735, -29.449193439883196 ], [ -71.31571959068323, -29.449201792130811 ], [ -71.315719067864123, -29.449209631914972 ], [ -71.315717957546582, -29.44921747290098 ], [ -71.315713997343266, -29.449237344068525 ], [ -71.315712931932637, -29.449249884489085 ], [ -71.315710270605976, -29.449280198026447 ], [ -71.315708587826023, -29.449289609698429 ], [ -71.315708078260656, -29.449298486727557 ], [ -71.315713531066166, -29.449305753407103 ], [ -71.315721324194854, -29.449309866933902 ], [ -71.315729126254283, -29.449313466077701 ], [ -71.315733373153961, -29.44932073569807 ], [ -71.315734056039346, -29.449328563522336 ], [ -71.315731748744113, -29.449335893067687 ], [ -71.315724656691742, -29.449342223292451 ], [ -71.315716938338767, -29.449345939150902 ], [ -71.315711058095758, -29.449354341282039 ], [ -71.315702755398164, -29.44935910478392 ], [ -71.315692643086336, -29.449361797759206 ], [ -71.315685435875849, -29.449357159808002 ], [ -71.315676462176569, -29.449354618525494 ], [ -71.315668074603892, -29.449351561837464 ], [ -71.315665011021423, -29.449343748375139 ], [ -71.315666121343739, -29.449335907389411 ], [ -71.315670806189615, -29.449327517040039 ], [ -71.315676105247107, -29.449321208996952 ], [ -71.315676616188242, -29.449312846170997 ], [ -71.315672829553733, -29.449294075112764 ], [ -71.315669766177805, -29.449286270668367 ], [ -71.315673866678296, -29.449278927962986 ], [ -71.315677284297834, -29.449263757432622 ], [ -71.315677780202009, -29.449253825122394 ], [ -71.315674706523751, -29.449246020857341 ], [ -71.315668068628796, -29.449238765776357 ], [ -71.315659096518246, -29.449236747713211 ], [ -71.315649566982401, -29.449237869819505 ], [ -71.315640638198659, -29.449240027968727 ], [ -71.315630482570384, -29.449238544725116 ], [ -71.315625641034885, -29.449232322923923 ], [ -71.315616639058518, -29.449227174907218 ], [ -71.315607139389613, -29.449231426961077 ], [ -71.315601245684874, -29.449238782824505 ], [ -71.315594252160224, -29.449253988511877 ], [ -71.315589553852618, -29.44926133259569 ], [ -71.315581950641956, -29.449276016621223 ], [ -71.315575113795404, -29.449305834457341 ], [ -71.315573407445953, -29.449314209062411 ], [ -71.315573492516577, -29.449322038268726 ], [ -71.315574175389756, -29.44932986609448 ], [ -71.31557306506032, -29.449337707079842 ], [ -71.315571357133052, -29.449345558463691 ], [ -71.315566657242684, -29.449352379325713 ], [ -71.315558353165429, -29.449356628615721 ], [ -71.315549425946301, -29.449359309980654 ], [ -71.315539896397311, -29.449360432079768 ], [ -71.315530339932792, -29.449359461651948 ], [ -71.315521426170108, -29.449363189278195 ], [ -71.315514931699965, -29.449369509094289 ], [ -71.315510245466996, -29.449377385235678 ], [ -71.315510320229762, -29.449385214621508 ], [ -71.315508622600461, -29.449393065825522 ], [ -71.31550392428079, -29.449400409906861 ], [ -71.315498015729872, -29.449406205300097 ], [ -71.315490907046325, -29.449410442807817 ], [ -71.315481393897798, -29.449413648590657 ], [ -71.31547309118379, -29.449418412079027 ], [ -71.315464164161568, -29.449421102456601 ], [ -71.315454621148547, -29.449421178286787 ], [ -71.31543370017603, -29.449417690110106 ], [ -71.315424726681201, -29.449415157828533 ], [ -71.315416337328443, -29.449411568885314 ], [ -71.315407932943302, -29.449406410457076 ], [ -71.31539054633933, -29.449399243144782 ], [ -71.315348103657087, -29.449391230722135 ], [ -71.315339143417233, -29.449389735679823 ], [ -71.315328974525841, -29.449387215168514 ], [ -71.315308055139255, -29.449384250192686 ], [ -71.315287761837965, -29.449383890564125 ], [ -71.315277023426432, -29.449383978157904 ], [ -71.315267493870763, -29.449385100237794 ], [ -71.315257338231262, -29.449383616966202 ], [ -71.315250132408181, -29.449379493193735 ], [ -71.315244689933436, -29.449372226314413 ], [ -71.31522613464891, -29.449367154264429 ], [ -71.315207048834935, -29.449367314907409 ], [ -71.315198118453125, -29.449368949806697 ], [ -71.315178453015633, -29.44937172775175 ], [ -71.315168910005568, -29.449371803561192 ], [ -71.315159952919657, -29.449371354949189 ], [ -71.315151578402904, -29.449369326455272 ], [ -71.31514024081882, -29.44936890121323 ], [ -71.315119363169941, -29.449369589200774 ], [ -71.315101474330106, -29.449370261274961 ], [ -71.315091931319728, -29.449370337078872 ], [ -71.315081181030081, -29.449369901614677 ], [ -71.315071611318501, -29.449367893908235 ], [ -71.315060842852134, -29.449364842514921 ], [ -71.315020737604442, -29.449352639418663 ], [ -71.31500277856081, -29.44934704273728 ], [ -71.314986001467659, -29.449340388016093 ], [ -71.314978209937451, -29.449336797666099 ], [ -71.314970416833518, -29.449332684094244 ], [ -71.314961446299208, -29.449331189205125 ], [ -71.314950707891057, -29.449331276772263 ], [ -71.314940553833949, -29.44933031669731 ], [ -71.314920217243468, -29.449325780796585 ], [ -71.314910046587926, -29.449322728012927 ], [ -71.314901058087102, -29.44931862620987 ], [ -71.314893253110185, -29.449313989591079 ], [ -71.314886630083336, -29.449308294935353 ], [ -71.314881190785172, -29.449302074482244 ], [ -71.314875165562299, -29.449296378448441 ], [ -71.314866150163553, -29.449290184115661 ], [ -71.314856551987745, -29.449285560644487 ], [ -71.314846995738051, -29.449284599184764 ], [ -71.314827938204516, -29.449287366503189 ], [ -71.314819009395165, -29.449289524598406 ], [ -71.314801193698884, -29.449297502799418 ], [ -71.314783989047442, -29.449306516866869 ], [ -71.314775090281458, -29.449311813929416 ], [ -71.31476559213867, -29.449316589146889 ], [ -71.314757899074849, -29.449321874257365 ], [ -71.314741879717346, -29.449330885745226 ], [ -71.314734772372745, -29.449335637417487 ], [ -71.314725870455561, -29.449339888034132 ], [ -71.314718751437965, -29.449344125681332 ], [ -71.314711059942454, -29.449349934010787 ], [ -71.314705163018175, -29.4493562433954 ], [ -71.314700464844805, -29.449363596469439 ], [ -71.314694556042852, -29.449369382811419 ], [ -71.314689270368518, -29.449376737082506 ], [ -71.314684587214899, -29.449385659641219 ], [ -71.314681695487678, -29.449394036812741 ], [ -71.31468008573701, -29.449410754645168 ], [ -71.314679574713878, -29.449419117471674 ], [ -71.314679659716518, -29.449426946682205 ], [ -71.314679160569554, -29.449435832550943 ], [ -71.314679235268841, -29.449443661940666 ], [ -71.314680019672565, -29.449461411691679 ], [ -71.314680104675503, -29.449469240902157 ], [ -71.314680789054947, -29.449477591957489 ], [ -71.314688109707262, -29.449492674924322 ], [ -71.314700784656296, -29.449506149140795 ], [ -71.314707421136404, -29.449512890069141 ], [ -71.314714032086798, -29.449518052673263 ], [ -71.31473079417205, -29.449523137942904 ], [ -71.314740946879311, -29.449523583829446 ], [ -71.314750504724302, -29.449525068517001 ], [ -71.314769662338236, -29.449531699902238 ], [ -71.314809126740656, -29.449539737251243 ], [ -71.314818097292061, -29.449541232149716 ], [ -71.314827069417262, -29.44954325026896 ], [ -71.314835472008994, -29.449547876495437 ], [ -71.314846824638124, -29.449549871247378 ], [ -71.314856978921668, -29.449550840346269 ], [ -71.314867119549561, -29.449550754162882 ], [ -71.31487423857422, -29.449546516507386 ], [ -71.314921907063422, -29.4495409058785 ], [ -71.314933231420227, -29.449540293892611 ], [ -71.314961284878933, -29.449540590751081 ], [ -71.314972610809562, -29.449540501983225 ], [ -71.314982152057411, -29.449539893947669 ], [ -71.315012001871381, -29.449541224086296 ], [ -71.315021558146029, -29.449542185532703 ], [ -71.315043051607915, -29.449544103089803 ], [ -71.315053217565065, -29.44954558619775 ], [ -71.315072345348412, -29.449549087586583 ], [ -71.31509443483634, -29.449550471517572 ], [ -71.315116524529387, -29.449551864462855 ], [ -71.315139210246741, -29.449552723786471 ], [ -71.315159506528587, -29.449554120860512 ], [ -71.31516906300989, -29.44955509131416 ], [ -71.315196651744913, -29.449568964587844 ], [ -71.315213472198735, -29.44957979549396 ], [ -71.315221888264077, -29.449585467958165 ], [ -71.315228512903246, -29.449591685816248 ], [ -71.315236930546106, -29.449597881500669 ], [ -71.315241783957006, -29.44960462635807 ], [ -71.31524305430905, -29.449612452986639 ], [ -71.315243938892209, -29.449639601420561 ], [ -71.315244038970306, -29.449649000112647 ], [ -71.315240636307308, -29.449665740119862 ], [ -71.315237746196132, -29.44967464052235 ], [ -71.31523016803591, -29.449690884818732 ], [ -71.315226680323278, -29.449699795618127 ], [ -71.315223177374804, -29.449707127914944 ], [ -71.315219077030605, -29.449714479626692 ], [ -71.315206802289552, -29.449738600233999 ], [ -71.315203897143519, -29.449745931151387 ], [ -71.315185880947283, -29.449790468129557 ], [ -71.31518237956864, -29.44979832364681 ], [ -71.31515916903777, -29.449860137004372 ], [ -71.315156275764238, -29.449867990963 ], [ -71.315151009652141, -29.449878475381983 ], [ -71.315140454928425, -29.449895276664389 ], [ -71.315135187238141, -29.4499052378616 ], [ -71.315130487499133, -29.449912067728679 ], [ -71.315115107422045, -29.449924721860611 ], [ -71.315105636149397, -29.449931589630879 ], [ -71.315093858893178, -29.449946301140791 ], [ -71.315060263970352, -29.44998521806983 ], [ -71.31504731819976, -29.450002033877794 ], [ -71.315033250171695, -29.45002616762541 ], [ -71.315029149597379, -29.450033510314462 ], [ -71.315027453498132, -29.450041884735555 ], [ -71.315026943874145, -29.450050761764626 ], [ -71.315027626714411, -29.450058589594427 ], [ -71.315027725200935, -29.450067465065924 ], [ -71.315027214206978, -29.450075827891627 ], [ -71.315024935123105, -29.450085764157713 ], [ -71.31502262776273, -29.450093093693727 ], [ -71.315014455088047, -29.45011039481934 ], [ -71.315001582653593, -29.450134525807897 ], [ -71.314996909596715, -29.450143439179882 ], [ -71.314986329491504, -29.450158671146916 ], [ -71.314981644554194, -29.450167061476382 ], [ -71.314976944588892, -29.450173882321042 ], [ -71.314972859032437, -29.45018279449345 ], [ -71.314963560934473, -29.450206367114365 ], [ -71.31495888807612, -29.450215289503237 ], [ -71.314950713807548, -29.450232067404468 ], [ -71.314946626467517, -29.45024044733697 ], [ -71.314941926701522, -29.450247277198599 ], [ -71.314918230495891, -29.450263657525138 ], [ -71.314903446574718, -29.450275787037093 ], [ -71.314896955158389, -29.450283153270142 ], [ -71.314889846388965, -29.450287390749949 ], [ -71.314880334712655, -29.450291119716255 ], [ -71.314873225941952, -29.45029535719523 ], [ -71.314866719496464, -29.450301153942213 ], [ -71.31486142191396, -29.450307985179069 ], [ -71.314853743809849, -29.450314839782965 ], [ -71.314845442567233, -29.450320126458521 ], [ -71.314836513669363, -29.450322284559554 ], [ -71.314826942296676, -29.450319753619056 ], [ -71.314819135669012, -29.450314593779225 ], [ -71.314801759244901, -29.450307426217829 ], [ -71.314792790199078, -29.450306454543451 ], [ -71.314783245525589, -29.450306007108669 ], [ -71.314774916009412, -29.450308687049628 ], [ -71.314768407983621, -29.450313960570774 ], [ -71.31476372165281, -29.450321836690375 ], [ -71.314760831484691, -29.450330737085 ], [ -71.314756827770879, -29.450346432018343 ], [ -71.314753937601594, -29.450355332412872 ], [ -71.314749850445509, -29.450363721358297 ], [ -71.314746945251244, -29.450371052267855 ], [ -71.314738361529351, -29.450406114899252 ], [ -71.314733177420152, -29.450423391089178 ], [ -71.314730870032491, -29.450430720621366 ], [ -71.314723393351358, -29.450456886810052 ], [ -71.314721115805028, -29.450467346293859 ], [ -71.314711276764299, -29.45049615177464 ], [ -71.31470778877798, -29.450505053545477 ], [ -71.314705508287418, -29.450514475604329 ], [ -71.314700924920018, -29.450532787841077 ], [ -71.314698619101392, -29.450540640594198 ], [ -71.314694531934279, -29.450549029538379 ], [ -71.314692224541602, -29.45055635907006 ], [ -71.314682225564212, -29.450569496933646 ], [ -71.314675133157436, -29.450575818091668 ], [ -71.314657816378087, -29.45057491041727 ], [ -71.314648244984724, -29.450572379465054 ], [ -71.31463991387011, -29.450574536177463 ], [ -71.314633405820857, -29.450579809693131 ], [ -71.314626412070339, -29.450595015339733 ], [ -71.314622997407753, -29.450611232294079 ], [ -71.314617485308361, -29.450626094610822 ], [ -71.314611098456524, -29.450637840769549 ], [ -71.314604545511358, -29.450642317561616 ], [ -71.31458794859401, -29.450644060513113 ], [ -71.31458126361585, -29.450642722518008 ], [ -71.31457793763073, -29.450642780368593 ], [ -71.31456965670597, -29.450644378673299 ], [ -71.31456656179499, -29.450654613301179 ], [ -71.314565459973764, -29.450679356871106 ], [ -71.31456309127185, -29.450721574626311 ], [ -71.314562022457963, -29.450747771892569 ], [ -71.314561250713979, -29.450787052427458 ], [ -71.314557714173404, -29.450851106358627 ], [ -71.314558308355558, -29.450877274699319 ], [ -71.314555477500761, -29.450899138899079 ], [ -71.314555906644031, -29.450918038757148 ], [ -71.314552943756723, -29.450934088170843 ], [ -71.314553174832341, -29.450944264948099 ], [ -71.314560024870246, -29.450952871425926 ], [ -71.31456348291816, -29.450958629262949 ], [ -71.314565406973998, -29.450970642245597 ], [ -71.314564041048811, -29.450983754439257 ], [ -71.314560979137426, -29.450995442763613 ], [ -71.314557917225443, -29.451007131087916 ], [ -71.314556584327633, -29.451021697879792 ], [ -71.3145486324415, -29.4510378340693 ], [ -71.314543907527934, -29.451049551318601 ], [ -71.314538113795962, -29.451087465833179 ], [ -71.314534181108328, -29.451134073601221 ], [ -71.314528882508455, -29.451193794464182 ], [ -71.314528083280962, -29.45123399837777 ], [ -71.314525483511531, -29.451266040255472 ], [ -71.314524678755859, -29.451303867091877 ], [ -71.314517321028674, -29.451346171619942 ], [ -71.314518047264755, -29.451378155646967 ], [ -71.314512253492666, -29.451416069258443 ], [ -71.314509950809722, -29.451461195305185 ], [ -71.31450582003869, -29.451499079991176 ], [ -71.314498958485473, -29.451563191750168 ], [ -71.314496622769497, -29.451606863198066 ], [ -71.314495465653479, -29.451632849089634 ], [ -71.314494462845346, -29.451661953746346 ], [ -71.314493493045291, -29.451692512099353 ], [ -71.314492523245292, -29.45172307045225 ], [ -71.31448849150874, -29.451765317128203 ], [ -71.314482862774511, -29.451810500121869 ], [ -71.31447876604733, -29.45184983938676 ], [ -71.31447636430876, -29.451890603440685 ], [ -71.314472464616557, -29.451938665803137 ], [ -71.314470029847328, -29.451977975258551 ], [ -71.314469027035585, -29.452007079914264 ], [ -71.314467793166941, -29.452026008695473 ], [ -71.314469621222941, -29.452033248252043 ], [ -71.314476504362631, -29.45204330932739 ], [ -71.31448322244141, -29.45204610101888 ], [ -71.314491734560193, -29.452054679489546 ], [ -71.314495291671918, -29.452064798414572 ], [ -71.31449562177815, -29.452079336279425 ], [ -71.314492559814397, -29.452091023700881 ], [ -71.314479487793633, -29.452101431862236 ], [ -71.314471271736124, -29.452105937577635 ], [ -71.314464817739548, -29.452114776358201 ], [ -71.314460026758724, -29.4521235862134 ], [ -71.314451843706593, -29.452129545624064 ], [ -71.314436910592136, -29.452131259626825 ], [ -71.314420247414475, -29.452130095177729 ], [ -71.314368836798465, -29.452131838271391 ], [ -71.314349127313577, -29.452130430889977 ], [ -71.314338984853691, -29.452129993826581 ], [ -71.314330039399763, -29.452130068214089 ], [ -71.314321081865344, -29.452129610540862 ], [ -71.314301385828472, -29.452129249415844 ], [ -71.314291231493144, -29.452128289306611 ], [ -71.314270922822914, -29.452126369085804 ], [ -71.314260182544018, -29.45212593339193 ], [ -71.31424048336433, -29.452124525815073 ], [ -71.31423033060122, -29.45212408892252 ], [ -71.314212996968152, -29.452121088498213 ], [ -71.314204038067871, -29.452120116613603 ], [ -71.31417596750515, -29.452117735945805 ], [ -71.314165811600319, -29.452116252605467 ], [ -71.314156269898447, -29.452116851577749 ], [ -71.314147312569872, -29.452116402910679 ], [ -71.31413002084777, -29.452117064487673 ], [ -71.314121091981278, -29.452119231567551 ], [ -71.314110949317524, -29.452118785468667 ], [ -71.314103730094331, -29.452113624397999 ], [ -71.314098873482749, -29.452105833060969 ], [ -71.314095213876456, -29.452098553177585 ], [ -71.314089772687637, -29.452091800460629 ], [ -71.314081396593849, -29.452089257707673 ], [ -71.314062283366695, -29.452087325686918 ], [ -71.314052740095804, -29.452087401430205 ], [ -71.314043782769801, -29.452086952755991 ], [ -71.314033044065212, -29.452087040264946 ], [ -71.314022888164772, -29.452085556913403 ], [ -71.314013915824106, -29.452083538751992 ], [ -71.313959623116645, -29.452083463446584 ], [ -71.313950069541804, -29.452083539361663 ], [ -71.313940524700627, -29.452083091875423 ], [ -71.313920231055619, -29.45208274108543 ], [ -71.313902328073141, -29.452082357742782 ], [ -71.313892187187278, -29.45208244386642 ], [ -71.313871890198044, -29.452081037608092 ], [ -71.313862931302921, -29.452080065700137 ], [ -71.313853960534701, -29.452078570749233 ], [ -71.31384381807942, -29.45207813364765 ], [ -71.313834848881001, -29.452077161916943 ], [ -71.313808539993488, -29.452071105839373 ], [ -71.313799555989064, -29.452068573638801 ], [ -71.313791166461016, -29.452064984603201 ], [ -71.313783373183469, -29.452060870972129 ], [ -71.313774973352878, -29.452057282114588 ], [ -71.313759959305273, -29.452047484170389 ], [ -71.313752155726547, -29.452043370716492 ], [ -71.313743767771072, -29.452040304899217 ], [ -71.313735363236674, -29.452035146374374 ], [ -71.313730521666869, -29.452028924507513 ], [ -71.313726276142987, -29.452022169027824 ], [ -71.313723810430162, -29.452014354146804 ], [ -71.313721932232866, -29.452006538071782 ], [ -71.313720991290666, -29.451974167134658 ], [ -71.313720904776716, -29.451965814700809 ], [ -71.313719622830519, -29.45195747403103 ], [ -71.313719536112117, -29.451949112579179 ], [ -71.313718850415938, -29.451940247314752 ], [ -71.313719276571362, -29.451924055277466 ], [ -71.313723267050591, -29.451907314102698 ], [ -71.313729062446185, -29.451891073815059 ], [ -71.313732478849928, -29.451875380097952 ], [ -71.313733575894446, -29.451866492857494 ], [ -71.313734085629278, -29.451857615828935 ], [ -71.313735780286748, -29.451848718197418 ], [ -71.313736865663031, -29.45183931693251 ], [ -71.313741875400794, -29.45180481268218 ], [ -71.313742984316704, -29.451796448484057 ], [ -71.313742799210445, -29.451779211555777 ], [ -71.313742116447472, -29.451771383716448 ], [ -71.313734312891341, -29.451767270260156 ], [ -71.313725365897113, -29.451766821383703 ], [ -71.313715825791718, -29.451767943544322 ], [ -71.313706865356394, -29.451766448402644 ], [ -71.313704401221287, -29.451759156742131 ], [ -71.313708503523259, -29.451752337308218 ], [ -71.313713205005996, -29.451746030704822 ], [ -71.31371851460905, -29.451739722549171 ], [ -71.313723214521872, -29.451732892723925 ], [ -71.313727315252848, -29.451725550067966 ], [ -71.313733813693901, -29.45167879665939 ], [ -71.313729959678085, -29.451655593532138 ], [ -71.313735918736754, -29.451624948425245 ], [ -71.313738452762465, -29.451589999156091 ], [ -71.313745381842892, -29.451528795688567 ], [ -71.313750580865488, -29.451464712858012 ], [ -71.313756143924294, -29.451416622482039 ], [ -71.313755186946352, -29.451374462557418 ], [ -71.313764822702339, -29.451264210672008 ], [ -71.31382132906873, -29.450459570198031 ], [ -71.313816274355958, -29.450436053247287 ], [ -71.313818592114174, -29.450428723548221 ], [ -71.313823180140574, -29.450411971980117 ], [ -71.313826681644315, -29.450404116492429 ], [ -71.313829558456035, -29.450394169849503 ], [ -71.313830655485305, -29.450385282607769 ], [ -71.313832962938051, -29.450377953087688 ], [ -71.313837065182128, -29.45037113365202 ], [ -71.313839382937672, -29.450363803952698 ], [ -71.313841077570316, -29.450354906319852 ], [ -71.313843871004138, -29.450337653684784 ], [ -71.313846175317423, -29.450329277721266 ], [ -71.313849067135692, -29.450320900563778 ], [ -71.313853155935348, -29.450313034863633 ], [ -71.313857268479254, -29.450306215248347 ], [ -71.313857781138253, -29.450298375643719 ], [ -71.313857696193224, -29.450290546430185 ], [ -71.31385699999835, -29.450281672325673 ], [ -71.313853338914839, -29.450273869207642 ], [ -71.313847298674773, -29.450266603642277 ], [ -71.313842442180302, -29.450258812288009 ], [ -71.313828012771694, -29.450247966697724 ], [ -71.313820210902222, -29.450244376461047 ], [ -71.313819538455562, -29.450236548441076 ], [ -71.3138212465295, -29.450228697072493 ], [ -71.313827754602499, -29.450223423595233 ], [ -71.313832456013742, -29.450217116990572 ], [ -71.313832967310674, -29.450208763182189 ], [ -71.313822657886604, -29.450193696048434 ], [ -71.313817826710761, -29.45018747399951 ], [ -71.313813567826017, -29.450179672252865 ], [ -71.313806945000664, -29.450173986561801 ], [ -71.313797348349837, -29.450169886238324 ], [ -71.313788347939266, -29.450165261319668 ], [ -71.31378350469025, -29.450158507208819 ], [ -71.313781636836325, -29.450150690951862 ], [ -71.3137845420964, -29.45014336005973 ], [ -71.313804040786735, -29.450125961308267 ], [ -71.313812340504356, -29.450120151473836 ], [ -71.313821229293822, -29.45011486366683 ], [ -71.313830712547912, -29.450108519025033 ], [ -71.31383961457162, -29.450104268463054 ], [ -71.313848543271902, -29.450102101410824 ], [ -71.313858071552858, -29.450100465224537 ], [ -71.313871671840232, -29.450088861611835 ], [ -71.313877482139162, -29.450074190806387 ], [ -71.313877048066971, -29.450061788333116 ], [ -71.313874836929429, -29.450055923089142 ], [ -71.313872626822501, -29.450050057827191 ], [ -71.313868826888481, -29.450042857957545 ], [ -71.31386193179199, -29.450036620374547 ], [ -71.31385772693298, -29.45003442276823 ], [ -71.313846821717803, -29.450034612386201 ], [ -71.313837506329349, -29.450036136611352 ], [ -71.313830299053507, -29.450038987334409 ], [ -71.313823111338834, -29.450042745283209 ], [ -71.313819061022116, -29.450047356246184 ], [ -71.313814490399096, -29.450051977158047 ], [ -71.313802156039358, -29.450060181993823 ], [ -71.313794437555742, -29.450063897747143 ], [ -71.313786119900428, -29.450067100669088 ], [ -71.313779611834505, -29.450072374144 ], [ -71.313771307618183, -29.450076623329281 ], [ -71.313761195174919, -29.450079316164114 ], [ -71.313752281277928, -29.45008304367839 ], [ -71.313742198645031, -29.450088866465627 ], [ -71.313735106412366, -29.450095196593271 ], [ -71.313726788547726, -29.450098390493778 ], [ -71.313716661297846, -29.450099522857464 ], [ -71.31370769070756, -29.450098027886632 ], [ -71.313698090931609, -29.450092881111953 ], [ -71.313697306685839, -29.450075131347599 ], [ -71.313697221754566, -29.450067302133036 ], [ -71.313695926405842, -29.450057915195192 ], [ -71.313690482429806, -29.450050125027154 ], [ -71.313683248373223, -29.450043394437053 ], [ -71.31367720972743, -29.450036652084023 ], [ -71.313671184521596, -29.45003095599494 ], [ -71.313663978913596, -29.450026841153861 ], [ -71.313655604569746, -29.450024821585206 ], [ -71.313647801155597, -29.450020708115325 ], [ -71.313641178145161, -29.450015013396836 ], [ -71.313632788796284, -29.450011424340655 ], [ -71.313623843524397, -29.450011498670523 ], [ -71.313615525867064, -29.450014701581889 ], [ -71.313607808946728, -29.450018940546318 ], [ -71.313599491288244, -29.450022143456742 ], [ -71.313590560816266, -29.450023778252483 ], [ -71.313581005864975, -29.450023330908799 ], [ -71.313572033920153, -29.450021321724545 ], [ -71.313563643005594, -29.450017209442169 ], [ -71.313549826268115, -29.450007922914214 ], [ -71.313542620461561, -29.450003799048222 ], [ -71.313534803820104, -29.449998648324982 ], [ -71.313526427913516, -29.449996105526164 ], [ -71.313516886402326, -29.449996704442071 ], [ -71.313507985735001, -29.4500014691865 ], [ -71.313502090469186, -29.450008310763085 ], [ -71.313487304836144, -29.450019916903482 ], [ -71.313479599779868, -29.450024678903397 ], [ -71.3134595046036, -29.450042593184556 ], [ -71.313445878965013, -29.450052627450358 ], [ -71.313436991930772, -29.450058447472831 ], [ -71.313423418263127, -29.450072134554478 ], [ -71.313417536219546, -29.450080013374219 ], [ -71.313409831155369, -29.450084775370488 ], [ -71.313400889008705, -29.45008589612927 ], [ -71.313391943524337, -29.450085961425923 ], [ -71.313384721353472, -29.450079753861338 ], [ -71.313382843228112, -29.450071937776066 ], [ -71.313381544775368, -29.450061504390007 ], [ -71.313376105521201, -29.450055283873152 ], [ -71.313345657948403, -29.450053963763224 ], [ -71.313336712671187, -29.450054038074004 ], [ -71.313327752392183, -29.450052542897868 ], [ -71.313318795245451, -29.450052094164739 ], [ -71.313308670920691, -29.450054263923004 ], [ -71.313304568651333, -29.45006108334389 ], [ -71.313303470011377, -29.45006944736221 ], [ -71.313298771704069, -29.45007680039333 ], [ -71.313291054764704, -29.450081039340308 ], [ -71.313282109484788, -29.450081113647538 ], [ -71.313272538165805, -29.450078582591715 ], [ -71.313262981643376, -29.450077612003565 ], [ -71.313252840952956, -29.450077698067574 ], [ -71.313243329227404, -29.450081426919102 ], [ -71.313234427177903, -29.45008567744242 ], [ -71.313226722104005, -29.450090439428564 ], [ -71.313220214005796, -29.450095712877733 ], [ -71.313204802288908, -29.450104713626281 ], [ -71.313197684716471, -29.450109474419829 ], [ -71.313191203484095, -29.450116840396859 ], [ -71.313178828316424, -29.450131562141166 ], [ -71.313152850995323, -29.450157355189962 ], [ -71.313146344454182, -29.450163151857755 ], [ -71.313139861649617, -29.450169994610757 ], [ -71.31313274250445, -29.450174232179368 ], [ -71.313123810444495, -29.450175343723007 ], [ -71.313114838492893, -29.450173334508214 ], [ -71.313108217064837, -29.450168162984074 ], [ -71.313099216682375, -29.450163538017055 ], [ -71.313044911334913, -29.450162406999489 ], [ -71.313034172826491, -29.450162494416741 ], [ -71.313013266752577, -29.450160575349987 ], [ -71.312993567958941, -29.450159167566294 ], [ -71.31298341539086, -29.450158730567406 ], [ -71.312974358776344, -29.450158850092677 ], [ -71.312964955229404, -29.450161487243065 ], [ -71.312955999637111, -29.450161561707841 ], [ -71.312948294543574, -29.450166323678825 ], [ -71.312940614748697, -29.450172654956955 ], [ -71.312931659155296, -29.450172729420142 ], [ -71.312925633980157, -29.450167033295553 ], [ -71.312920778918482, -29.450159756107304 ], [ -71.312914753744721, -29.450154059982136 ], [ -71.312906947423812, -29.450148909041911 ], [ -71.312897960277979, -29.450145321307438 ], [ -71.312894898643705, -29.450138040011741 ], [ -71.312895411377099, -29.450130200406615 ], [ -71.312905395560165, -29.450115493179663 ], [ -71.312910705137782, -29.450109185056757 ], [ -71.312910009232013, -29.45010031996047 ], [ -71.312903398122145, -29.450095148246156 ], [ -71.312895596293487, -29.450091557952735 ], [ -71.31288722195599, -29.450089538335174 ], [ -71.31288001460392, -29.450084891210228 ], [ -71.312871626836241, -29.450081825326851 ], [ -71.312862679990246, -29.450081376383949 ], [ -71.312854350432914, -29.450084056206439 ], [ -71.312847256578365, -29.450089863067795 ], [ -71.312839552843457, -29.45009513923646 ], [ -71.312831834522783, -29.450098863953954 ], [ -71.312824129427455, -29.450103625917837 ], [ -71.312818230776543, -29.450109412004956 ], [ -71.312812921397537, -29.450115729142482 ], [ -71.312806428064093, -29.450122563041418 ], [ -71.312798736396033, -29.450128371268818 ], [ -71.312789206731338, -29.450129493176295 ], [ -71.312779066032775, -29.450129579204479 ], [ -71.312768913262829, -29.450129133171021 ], [ -71.312760525494255, -29.45012606728066 ], [ -71.312753316786214, -29.450120905944722 ], [ -71.312744915589008, -29.450116793788442 ], [ -71.312740084480183, -29.450110571696513 ], [ -71.31273581537566, -29.45010277008965 ], [ -71.312729788652234, -29.450096550733306 ], [ -71.312721414316883, -29.450094531105144 ], [ -71.312711886216988, -29.450096176228929 ], [ -71.312702386333584, -29.45010042808585 ], [ -71.312694097057332, -29.450106246693306 ], [ -71.312687603920665, -29.450113089604848 ], [ -71.312679912041418, -29.450118888807719 ], [ -71.312674003282126, -29.450124684085978 ], [ -71.312666884118812, -29.450128921630576 ], [ -71.312650261940448, -29.450136364584282 ], [ -71.312640137589554, -29.450138534292851 ], [ -71.312632445910182, -29.450144342511202 ], [ -71.312624141430646, -29.450148582609771 ], [ -71.312613402920888, -29.450148669992974 ], [ -71.312603263781725, -29.450149279229869 ], [ -71.312591942453977, -29.450150937465786 ], [ -71.312582427774203, -29.450153628845634 ], [ -71.312574109863633, -29.45015682267627 ], [ -71.312509681920503, -29.450158393382651 ], [ -71.312498943408954, -29.450158480756681 ], [ -71.31248761895425, -29.450159092539778 ], [ -71.312478676786554, -29.450160213237442 ], [ -71.312468535878438, -29.450160290224147 ], [ -71.312457184774146, -29.450158818492561 ], [ -71.3124475984757, -29.450154717889578 ], [ -71.31243257297352, -29.450144396727584 ], [ -71.312424168662886, -29.450139238106352 ], [ -71.312416365284207, -29.450135124562042 ], [ -71.3124097440963, -29.450129962018998 ], [ -71.312401952379162, -29.450126362498803 ], [ -71.312392993664247, -29.450125390481379 ], [ -71.312383450771833, -29.450125475112873 ], [ -71.312373910797191, -29.450126597169866 ], [ -71.312364965303644, -29.450126662397668 ], [ -71.312356023136829, -29.450127783087009 ], [ -71.312338175752544, -29.45013210779716 ], [ -71.312319717132922, -29.450135387606043 ], [ -71.312310774964629, -29.450136508292406 ], [ -71.312301829469874, -29.450136573516019 ], [ -71.312291703753431, -29.450138228994351 ], [ -71.312282789790629, -29.450141956413329 ], [ -71.312273889047489, -29.450146721078919 ], [ -71.312264960302301, -29.450148888027449 ], [ -71.312253039598033, -29.450150024378637 ], [ -71.312243511483075, -29.450151669469548 ], [ -71.312234008656262, -29.450154883868077 ], [ -71.312223900633185, -29.450159137236984 ], [ -71.312215596338206, -29.450163386329002 ], [ -71.312205485397271, -29.450166602270343 ], [ -71.312195372895346, -29.450169294988825 ], [ -71.312175718850483, -29.450172586527547 ], [ -71.312164995114642, -29.450174234344097 ], [ -71.312154270022845, -29.450175367955648 ], [ -71.312144726919783, -29.450175443552304 ], [ -71.312135185376661, -29.450176042370423 ], [ -71.312126240082009, -29.450176116600396 ], [ -71.312117296347225, -29.450176714051921 ], [ -71.312108340748907, -29.450176788459704 ], [ -71.312098809508768, -29.450177387096215 ], [ -71.31208865829305, -29.450177464233075 ], [ -71.312078489384305, -29.450174943473357 ], [ -71.312071267281695, -29.450168735833486 ], [ -71.31206582789298, -29.450162506241082 ], [ -71.312058605792018, -29.450156298600398 ], [ -71.312042413113559, -29.450148595875032 ], [ -71.312034010584568, -29.450143969468218 ], [ -71.3120279838991, -29.450137750077914 ], [ -71.312023127545885, -29.450129958649104 ], [ -71.312022444934527, -29.450122130791343 ], [ -71.312022358572207, -29.450113778346552 ], [ -71.312023382614413, -29.450097575913457 ], [ -71.312023296252164, -29.45008922346863 ], [ -71.312022612081932, -29.450080872388643 ], [ -71.312021331867726, -29.450073054913585 ], [ -71.312017086544074, -29.450066299366853 ], [ -71.31201512060197, -29.450049607589399 ], [ -71.312013753823308, -29.45003342865127 ], [ -71.312012473406085, -29.450025602158043 ], [ -71.31201051932878, -29.45000943342351 ], [ -71.312010434322957, -29.450001595182723 ], [ -71.312010945769998, -29.449993241372979 ], [ -71.312012042957178, -29.44998435413731 ], [ -71.312020732066088, -29.449960260007394 ], [ -71.312024232139819, -29.449951881337718 ], [ -71.312037707765526, -29.449929318901152 ], [ -71.312045894368893, -29.449913064196537 ], [ -71.312069377998426, -29.449876840674545 ], [ -71.312075246717299, -29.449867915643821 ], [ -71.312078736275808, -29.449859528134052 ], [ -71.312085031423493, -29.449834411052539 ], [ -71.312087822030165, -29.449816111993275 ], [ -71.312087777924901, -29.449755542144558 ], [ -71.312087676577434, -29.449745620212116 ], [ -71.312085211055731, -29.449737805288365 ], [ -71.312077266311903, -29.449720640010863 ], [ -71.312073007578576, -29.449712838199588 ], [ -71.312068176529962, -29.449706616079602 ], [ -71.312060944159697, -29.449700408615932 ], [ -71.312051997142461, -29.44969995059845 ], [ -71.312044193812156, -29.449695837029388 ], [ -71.312044533889079, -29.4496712925332 ], [ -71.312045632631197, -29.449662928519416 ], [ -71.312046145430415, -29.449655088913605 ], [ -71.312049548828483, -29.449638357977395 ], [ -71.31205125703373, -29.449630506623979 ], [ -71.31205057286698, -29.449622155543537 ], [ -71.312043951731511, -29.449616992979085 ], [ -71.312018998477186, -29.449626592400652 ], [ -71.312010084546529, -29.449630319799716 ], [ -71.31200056833697, -29.449632487914094 ], [ -71.311985744071436, -29.449641487338418 ], [ -71.311970350194784, -29.44965309486081 ], [ -71.311960909628496, -29.449659961880549 ], [ -71.311935588055533, -29.449691499049663 ], [ -71.311925005958543, -29.449706207574337 ], [ -71.311915049860474, -29.449723521469259 ], [ -71.311910949065165, -29.449730864074091 ], [ -71.311900952700313, -29.449745039171727 ], [ -71.311896852107722, -29.449752390794192 ], [ -71.311890954978708, -29.449758700064478 ], [ -71.311883860882403, -29.449764497858485 ], [ -71.311866770616533, -29.449784479765597 ], [ -71.31186205879321, -29.449790786485707 ], [ -71.311855562499517, -29.449796582914374 ], [ -71.311847246354148, -29.449800308939565 ], [ -71.311837678002476, -29.449798815203522 ], [ -71.31182859136112, -29.449785837699146 ], [ -71.311823746903059, -29.449778569304193 ], [ -71.311814776360023, -29.44977707420253 ], [ -71.311796887190766, -29.449777736819247 ], [ -71.311787941929211, -29.44977781102455 ], [ -71.311778413838752, -29.449779456080751 ], [ -71.311769486465735, -29.449782137199239 ], [ -71.31175223671238, -29.449786451447423 ], [ -71.311743309542479, -29.449789141582226 ], [ -71.311735590995056, -29.449792857219165 ], [ -71.311727273287303, -29.449796060014798 ], [ -71.311718982212341, -29.449801346323127 ], [ -71.311709428838256, -29.449801422065644 ], [ -71.311700485131752, -29.4498020194875 ], [ -71.311691568057881, -29.449804700421989 ], [ -71.311682637769451, -29.449806344108264 ], [ -71.31167613116051, -29.44981214070776 ], [ -71.311671429422717, -29.44981843822482 ], [ -71.311663737706994, -29.449824246389095 ], [ -71.311658428062188, -29.449830554465869 ], [ -71.311654339104948, -29.449838420107255 ], [ -71.311652033059573, -29.449846272820309 ], [ -71.311642033736945, -29.449859410474208 ], [ -71.311636735949875, -29.449866241593597 ], [ -71.311624362132349, -29.44988148642668 ], [ -71.311619076203712, -29.449888840588795 ], [ -71.311611359201166, -29.44989307944147 ], [ -71.311599580069611, -29.449907276465023 ], [ -71.311594882994285, -29.449915143646756 ], [ -71.311589595504799, -29.449921974585553 ], [ -71.311583688247694, -29.44992829304061 ], [ -71.31157900147376, -29.449936160042906 ], [ -71.311572494850793, -29.449941956637996 ], [ -71.311562965183597, -29.449943078457412 ], [ -71.311553979858715, -29.449940022868741 ], [ -71.311547368823852, -29.449934851082574 ], [ -71.311542527490985, -29.449928629121466 ], [ -71.311535891179986, -29.4499218880256 ], [ -71.311532231841412, -29.449914608055177 ], [ -71.311529766356585, -29.449906793119212 ], [ -71.311524911609197, -29.44989952489161 ], [ -71.311516537308776, -29.449897505185312 ], [ -71.311507603690842, -29.449898093397749 ], [ -71.31149809055664, -29.44990130792274 ], [ -71.311463612179267, -29.449913598727417 ], [ -71.311454696644873, -29.449916802869218 ], [ -71.311445168534476, -29.44991844790248 ], [ -71.311436239582875, -29.449920605777333 ], [ -71.311426726444012, -29.449923820297457 ], [ -71.311419693091267, -29.449923707001126 ], [ -71.311417554913334, -29.449923371550483 ], [ -71.311413670312291, -29.449921203485928 ], [ -71.311407613753985, -29.449917210198542 ], [ -71.311401189745496, -29.449915831420856 ], [ -71.311393538772549, -29.449916709492317 ], [ -71.311387199212405, -29.449919055143766 ], [ -71.311384293383497, -29.449922458922746 ], [ -71.311382290302078, -29.4499280816575 ], [ -71.311384555152245, -29.449934003753437 ], [ -71.311388090201746, -29.449939530295104 ], [ -71.311388770085912, -29.449945012604772 ], [ -71.311377051949762, -29.449965992749625 ], [ -71.311372363806299, -29.449973345541189 ], [ -71.311363577724634, -29.449989078349784 ], [ -71.311358891135157, -29.449996954363328 ], [ -71.31135371732168, -29.450002344383108 ], [ -71.311344694098239, -29.450009073300322 ], [ -71.311336989138198, -29.450013844199528 ], [ -71.311329908406634, -29.450020688232271 ], [ -71.311324598730849, -29.450026996297247 ], [ -71.311318090531316, -29.450032269658525 ], [ -71.311309759374666, -29.45003442616391 ], [ -71.311303148344862, -29.450029254365319 ], [ -71.311301268822689, -29.450020915019401 ], [ -71.311294646139558, -29.450015229194857 ], [ -71.311285089631809, -29.450014258463202 ], [ -71.311273881418856, -29.45002636156773 ], [ -71.311267389742014, -29.450033727637329 ], [ -71.311260295589804, -29.450039525400843 ], [ -71.311254996212128, -29.450045833284353 ], [ -71.311250296197358, -29.450052663028742 ], [ -71.31124440056557, -29.450059495495641 ], [ -71.311239688690634, -29.45006580219626 ], [ -71.311231995375522, -29.450071087115312 ], [ -71.311224777994852, -29.450066449093406 ], [ -71.311216402129844, -29.450063906146259 ], [ -71.31120989392214, -29.450069179502663 ], [ -71.311180555889194, -29.450115888357601 ], [ -71.311175273026421, -29.450124288949112 ], [ -71.311170571447832, -29.450130595468682 ], [ -71.311144681436048, -29.450165263824637 ], [ -71.311132319366848, -29.450181031660815 ], [ -71.311127019974137, -29.450187339539927 ], [ -71.311115653910193, -29.450184298204572 ], [ -71.311112580540737, -29.450176493817466 ], [ -71.311105373460776, -29.450171855610296 ], [ -71.311097057050517, -29.450175572573592 ], [ -71.311090559133007, -29.450180845745848 ], [ -71.311075250004976, -29.450200291418877 ], [ -71.311069953716725, -29.450207645740853 ], [ -71.311065267094961, -29.450215521745598 ], [ -71.311062361633262, -29.450222852589075 ], [ -71.311061848758314, -29.450230692194765 ], [ -71.311057736023798, -29.450237511733739 ], [ -71.311048206320905, -29.450238633518047 ], [ -71.311038651347516, -29.450238185992166 ], [ -71.31102973421568, -29.450240866885153 ], [ -71.311016133564763, -29.450252470225767 ], [ -71.311010236351663, -29.450258779461134 ], [ -71.311005524453307, -29.45026508615457 ], [ -71.311004413764451, -29.450272927120558 ], [ -71.311001520359113, -29.450280790024486 ], [ -71.310992591364794, -29.450282947871688 ], [ -71.310983634196788, -29.450282498981821 ], [ -71.310975246460956, -29.450279432976679 ], [ -71.310968037825049, -29.450274271539719 ], [ -71.310950661438625, -29.450267094441863 ], [ -71.31094227390939, -29.450264037452488 ], [ -71.310936834580914, -29.450257807810509 ], [ -71.310932589318142, -29.450251052225788 ], [ -71.310918746150037, -29.450239681899273 ], [ -71.310909757707108, -29.450235579822582 ], [ -71.310900798989579, -29.450234607704388 ], [ -71.310890661171513, -29.450235731016239 ], [ -71.310881745588887, -29.450238935122012 ], [ -71.31087114831837, -29.450252074084531 ], [ -71.310867045873451, -29.450258893439397 ], [ -71.310862333965872, -29.450265200128261 ], [ -71.310854017742713, -29.450268926095184 ], [ -71.310845641868283, -29.450266383125168 ], [ -71.310836669738066, -29.450264364736675 ], [ -71.310828338550422, -29.4502665212134 ], [ -71.31081946319317, -29.450272864113586 ], [ -71.310815363850452, -29.45028072991213 ], [ -71.310798713123347, -29.450285556888218 ], [ -71.310780229349561, -29.450287276195809 ], [ -71.310771254316805, -29.450284220375853 ], [ -71.310763452334996, -29.45028062093613 ], [ -71.310756257118342, -29.450276505753259 ], [ -71.310747870941753, -29.450273962955915 ], [ -71.310739496621949, -29.450271943201631 ], [ -71.31072995194873, -29.450271495474762 ], [ -71.310720993228855, -29.450270523344535 ], [ -71.310712009243886, -29.450267981903874 ], [ -71.310705398430727, -29.450262819092902 ], [ -71.310696384728274, -29.450257147691605 ], [ -71.310687439418558, -29.45025722182524 ], [ -71.310680331807831, -29.450261973294065 ], [ -71.310678039087549, -29.450270872260607 ], [ -71.310678126893322, -29.450279747934669 ], [ -71.310679420417756, -29.450288611694123 ], [ -71.310679506671207, -29.450296964145597 ], [ -71.310681386354233, -29.450305312520467 ], [ -71.310684449392397, -29.450313117097899 ], [ -71.310685719410131, -29.450320943787911 ], [ -71.310690575674712, -29.450328735270446 ], [ -71.31069662580299, -29.45033599179434 ], [ -71.310698494980372, -29.45034433132972 ], [ -71.310697995486294, -29.450353217201627 ], [ -71.310693310177186, -29.450361607399607 ], [ -71.31068621772566, -29.450367937375798 ], [ -71.310678510949117, -29.450372175999238 ], [ -71.310664898178658, -29.45038324724522 ], [ -71.310659001140124, -29.450389565484478 ], [ -71.310651297465668, -29.450394850551611 ], [ -71.310638294355627, -29.450406443480034 ], [ -71.31063239555732, -29.450412229477713 ], [ -71.310624691879752, -29.450417514543439 ], [ -71.310617572603761, -29.450421751983917 ], [ -71.310609864267889, -29.450425467381162 ], [ -71.310602759950939, -29.450431274309704 ], [ -71.310593856196931, -29.450435001441168 ], [ -71.310584342775897, -29.450438206886904 ], [ -71.310576028079751, -29.450442456060262 ], [ -71.310568933858761, -29.450448253790253 ], [ -71.310516124431828, -29.450475838407662 ], [ -71.310501910919484, -29.450485873569523 ], [ -71.310496002009572, -29.450491668758637 ], [ -71.310488296766991, -29.450496430594526 ], [ -71.310480604930461, -29.450502238696309 ], [ -71.310475308379068, -29.450509583979503 ], [ -71.310467629947482, -29.450516438346927 ], [ -71.310459924701675, -29.450521200181324 ], [ -71.310443901643069, -29.450529164735823 ], [ -71.310435586728886, -29.450533404883082 ], [ -71.310428477740132, -29.450537642135345 ], [ -71.310410080144024, -29.450547713846817 ], [ -71.310401788936431, -29.450553000079552 ], [ -71.310395294060243, -29.450559319666091 ], [ -71.31039238874564, -29.45056665951574 ], [ -71.310388301213536, -29.450575048346977 ], [ -71.310355060992734, -29.450591503375968 ], [ -71.310346146911314, -29.450595230670924 ], [ -71.310338440102697, -29.45059946927622 ], [ -71.310330151988822, -29.450605801950179 ], [ -71.310314130456945, -29.450614289712874 ], [ -71.31030462886369, -29.450618018183651 ], [ -71.310289817702568, -29.450628063700126 ], [ -71.310274421926991, -29.450639147820677 ], [ -71.310267317575594, -29.450644954732983 ], [ -71.310267403797653, -29.450653307186165 ], [ -71.310260995128331, -29.450667979220032 ], [ -71.31024800534307, -29.450680618380634 ], [ -71.31024150889877, -29.450686414737859 ], [ -71.310228520659152, -29.450699577119455 ], [ -71.310208412897524, -29.450716967902395 ], [ -71.310202514261107, -29.450722762901062 ], [ -71.310194199320577, -29.450727003034505 ], [ -71.310184699466632, -29.450731263738149 ], [ -71.310175813519862, -29.450737597760234 ], [ -71.310168135050816, -29.450744452112193 ], [ -71.310161641698045, -29.450751294911289 ], [ -71.310144406654075, -29.4507571784522 ], [ -71.310134893187239, -29.450760383868037 ], [ -71.31012599248578, -29.450765157415901 ], [ -71.310118884812965, -29.450769908857751 ], [ -71.310117775602464, -29.450778273042499 ], [ -71.310113073928463, -29.45078457952933 ], [ -71.310107164979087, -29.4507903747031 ], [ -71.310098847133645, -29.450793577403672 ], [ -71.310091141849028, -29.450798339218625 ], [ -71.310082227739144, -29.450802066497292 ], [ -71.310073338680326, -29.450807354067759 ], [ -71.310067431276963, -29.450813672462644 ], [ -71.310043714703951, -29.450826921829961 ], [ -71.310035996011578, -29.450830637375418 ], [ -71.310028278868046, -29.450834876143151 ], [ -71.31002057357685, -29.450839637954324 ], [ -71.310018267386354, -29.450847490646066 ], [ -71.310012370076478, -29.450853799841916 ], [ -71.310004079027067, -29.450859095070118 ], [ -71.309996390029227, -29.450865940574033 ], [ -71.309989896657157, -29.450872783365689 ], [ -71.309981021193565, -29.450879126215106 ], [ -71.309972105523102, -29.450882330264257 ], [ -71.309947182990442, -29.450895582506384 ], [ -71.309938283816919, -29.450900879265433 ], [ -71.309920449370765, -29.450906240912268 ], [ -71.309909739114744, -29.450908943837614 ], [ -71.309902020410917, -29.450912659375852 ], [ -71.309893134430197, -29.450918993380707 ], [ -71.309883038279793, -29.450923778642615 ], [ -71.309872939031095, -29.450927517458311 ], [ -71.309861033143761, -29.450930223090779 ], [ -71.309850336079691, -29.450933963260209 ], [ -71.309830711686487, -29.450940393443062 ], [ -71.309820599033557, -29.450943085988289 ], [ -71.309811656551176, -29.45094419749385 ], [ -71.309801527604762, -29.450944806343458 ], [ -71.309791987512384, -29.450945928220829 ], [ -71.30978245927156, -29.450947573141473 ], [ -71.30977294267781, -29.450949732087373 ], [ -71.30975391588558, -29.450956151886317 ], [ -71.309743818176315, -29.450960413915407 ], [ -71.309735488452745, -29.450963093550627 ], [ -71.309725960209136, -29.450964738467338 ], [ -71.309716405166441, -29.450964290849914 ], [ -71.309707459789252, -29.450964364921052 ], [ -71.309698542553818, -29.45096704572989 ], [ -71.3096895837772, -29.450966073533085 ], [ -71.309680613149396, -29.450964578291693 ], [ -71.309673977086931, -29.450957846118808 ], [ -71.309664418949637, -29.450956352051985 ], [ -71.309655475120408, -29.450956949342388 ], [ -71.309645961821815, -29.450960163743034 ], [ -71.309638269696336, -29.450965962782245 ], [ -71.309628271550991, -29.450979623525715 ], [ -71.309622986968691, -29.450987500841173 ], [ -71.309615912241938, -29.450996437683006 ], [ -71.309603533341374, -29.451010112681249 ], [ -71.309591115994749, -29.451021181118872 ], [ -71.309584006730731, -29.45102540931148 ], [ -71.309575688847858, -29.451028611981187 ], [ -71.309564951772316, -29.451029222346264 ], [ -71.309554840649355, -29.451032438094941 ], [ -71.309546522764862, -29.4510356407629 ], [ -71.309538191482233, -29.451037797163519 ], [ -71.309529245893287, -29.451037862205013 ], [ -71.309520288658078, -29.451037413219915 ], [ -71.309510758856192, -29.45103853489892 ], [ -71.309491104530551, -29.451041826054375 ], [ -71.309480380849649, -29.451043482679594 ], [ -71.309447012628738, -29.451047932034463 ], [ -71.309435702981702, -29.451050113053761 ], [ -71.309416033707919, -29.451051834708576 ], [ -71.309387379062599, -29.451050500627733 ], [ -71.309368865229118, -29.451049080768158 ], [ -71.309358125056875, -29.451048644670937 ], [ -71.309349182762347, -29.451049765164168 ], [ -71.309339041950608, -29.451049850935181 ], [ -71.309328304665769, -29.451050452263335 ], [ -71.309317566039169, -29.451050539385729 ], [ -71.309307395549382, -29.451047495192537 ], [ -71.309289423064101, -29.451040851473014 ], [ -71.309280449342239, -29.451038309758864 ], [ -71.30927264600588, -29.451034196027418 ], [ -71.309265423998738, -29.45102798822986 ], [ -71.309260582538315, -29.451021757163858 ], [ -71.309258118737418, -29.451014465401808 ], [ -71.309258529328091, -29.450996189643327 ], [ -71.309302732514197, -29.450798803341296 ], [ -71.309237282996506, -29.450789428122949 ], [ -71.309229383274555, -29.450819597941585 ], [ -71.309249840039271, -29.450813236400627 ], [ -71.309222222482688, -29.450920334111952 ], [ -71.309209683458562, -29.450897276112308 ], [ -71.309176518917766, -29.451024742392992 ], [ -71.309042841715765, -29.450997028392134 ], [ -71.30899544608144, -29.450988840972272 ], [ -71.308964505843193, -29.450987125151762 ], [ -71.308954130498606, -29.450985593790406 ], [ -71.308943976299332, -29.450984633263701 ], [ -71.308935575165037, -29.450980520862757 ], [ -71.308929550149429, -29.450974824548119 ], [ -71.30892234464514, -29.450970709443826 ], [ -71.308903246404796, -29.450970337136724 ], [ -71.308894301022605, -29.450970411153218 ], [ -71.308885343793094, -29.450969962124855 ], [ -71.308876398410817, -29.450970036140152 ], [ -71.308866273877456, -29.450972205570057 ], [ -71.308857312017409, -29.450970186870691 ], [ -71.308848912430861, -29.450966597687039 ], [ -71.308826666705727, -29.450950591506057 ], [ -71.308803235662822, -29.450934587843427 ], [ -71.308795419166358, -29.450929436833064 ], [ -71.308787627498646, -29.450925837097859 ], [ -71.308772003065698, -29.450915002654796 ], [ -71.308765368402248, -29.450908784638148 ], [ -71.308758161365873, -29.45090414630122 ], [ -71.308746095092857, -29.450890669958337 ], [ -71.308741238737866, -29.450882869380731 ], [ -71.308735798163283, -29.450876125438604 ], [ -71.30872017816732, -29.450866851639937 ], [ -71.308711789101636, -29.450863271286075 ], [ -71.308703398289637, -29.450859158690555 ], [ -71.308696777022803, -29.450853986937442 ], [ -71.308692518691316, -29.450846194025591 ], [ -71.308690054935482, -29.4508389022504 ], [ -71.308689968637196, -29.450830540771353 ], [ -71.308691079508606, -29.450822699815259 ], [ -71.308695182123998, -29.450815880518839 ], [ -71.308694499758815, -29.450808052631 ], [ -71.308692632274813, -29.450800236282575 ], [ -71.308688375284476, -29.450792957575498 ], [ -71.308682946564574, -29.450786736675028 ], [ -71.308676921574502, -29.450781040347401 ], [ -71.308671384614229, -29.450765944119581 ], [ -71.308670699166612, -29.450757069785229 ], [ -71.30866992916981, -29.450740366212731 ], [ -71.308669245265079, -29.450732015101433 ], [ -71.308670344291528, -29.450723651101008 ], [ -71.308672052976803, -29.450715808794964 ], [ -71.30867195503906, -29.450706933289332 ], [ -71.308672466555961, -29.450698570460077 ], [ -71.308671196684756, -29.45069074374307 ], [ -71.308668121938126, -29.450682416067504 ], [ -71.308659732685442, -29.450678826691341 ], [ -71.308649576975839, -29.450677342917174 ], [ -71.308644735773939, -29.450671120843484 ], [ -71.3086422586385, -29.450662782799309 ], [ -71.30864396578302, -29.450654417270361 ], [ -71.30865228675421, -29.450652261105095 ], [ -71.308658794934118, -29.450646978847022 ], [ -71.308662894460824, -29.450639113105449 ], [ -71.308668594431026, -29.450614529730757 ], [ -71.3086685067979, -29.450605654046218 ], [ -71.308669590893146, -29.4505957205551 ], [ -71.308673690417208, -29.450587854813318 ], [ -71.308682536286895, -29.450578382084622 ], [ -71.308686622420893, -29.45056947007502 ], [ -71.308687120752481, -29.450560069996186 ], [ -71.308687022814539, -29.450551194490437 ], [ -71.308687519603708, -29.450541271188452 ], [ -71.308689812504724, -29.450532372246748 ], [ -71.308692717943856, -29.450525032427613 ], [ -71.308699827214838, -29.450520804282231 ], [ -71.308722913355922, -29.450503380089131 ], [ -71.308729421727207, -29.450498106846208 ], [ -71.308736541094049, -29.450493869502289 ], [ -71.308757221657558, -29.450474908267978 ], [ -71.308764301058346, -29.45046754113838 ], [ -71.308770680073749, -29.45044973018403 ], [ -71.308772974712994, -29.45044136348239 ], [ -71.308773302179162, -29.450415772686455 ], [ -71.308773204030487, -29.450406888162988 ], [ -71.308772520325746, -29.450398546070193 ], [ -71.30876707977734, -29.450391802127591 ], [ -71.30875868900354, -29.450387689533304 ], [ -71.308753249999356, -29.450381468813166 ], [ -71.308748408602483, -29.450375237724561 ], [ -71.308741786028335, -29.450369551766631 ], [ -71.308736357125468, -29.450363321848915 ], [ -71.308732098814247, -29.450355528936853 ], [ -71.308720037037986, -29.450343613238221 ], [ -71.308713415805755, -29.450338441483783 ], [ -71.308704455751311, -29.450336955011853 ], [ -71.30868840579177, -29.45034282682591 ], [ -71.308681897427562, -29.450348100066513 ], [ -71.308676001599707, -29.450354932429612 ], [ -71.308663594524475, -29.45036600060401 ], [ -71.308657101087704, -29.45037284333419 ], [ -71.308651801525556, -29.450379151123418 ], [ -71.308642859278109, -29.450380271566484 ], [ -71.308633913742014, -29.450380336544637 ], [ -71.308624357415724, -29.450379374640306 ], [ -71.308586672881589, -29.450370276113876 ], [ -71.308578297045074, -29.450367732998444 ], [ -71.308568727333125, -29.450365724822419 ], [ -71.308559142692857, -29.450362147154927 ], [ -71.30855072669695, -29.450356465234869 ], [ -71.308543491599423, -29.450349220142908 ], [ -71.308539231557347, -29.450340894982631 ], [ -71.308541439931361, -29.450324166803536 ], [ -71.308543746228565, -29.450316314131282 ], [ -71.308543661691616, -29.450308484892044 ], [ -71.308535856898359, -29.450303847889074 ], [ -71.308525704310682, -29.450303410549619 ], [ -71.308515593015443, -29.450306617199448 ], [ -71.308506064806551, -29.450308262026628 ], [ -71.308497106093967, -29.450307289745606 ], [ -71.308489885727099, -29.45030160512313 ], [ -71.308480912292012, -29.450299072368122 ], [ -71.308474415763783, -29.450304868643471 ], [ -71.308466099235289, -29.450308585447992 ], [ -71.308456556098136, -29.450308660780792 ], [ -71.308428984441335, -29.450296878785082 ], [ -71.308421778801033, -29.450292754631548 ], [ -71.308412805368107, -29.4502902218718 ], [ -71.308404416156563, -29.450286632477088 ], [ -71.308398377827515, -29.450279889866259 ], [ -71.308394718692313, -29.450272609798329 ], [ -71.308389263249197, -29.450264296347484 ], [ -71.308381458465874, -29.450259659334858 ], [ -71.308372514683867, -29.450260256536101 ], [ -71.308363587163669, -29.450262937432971 ], [ -71.308354626915175, -29.450261441918808 ], [ -71.308346835518194, -29.450257851171813 ], [ -71.308337851786362, -29.450255318585459 ], [ -71.308329446114612, -29.450249636471426 ], [ -71.308329361594545, -29.450241807231102 ], [ -71.308335260317548, -29.450236012310839 ], [ -71.308342979035473, -29.450232296862875 ], [ -71.308340429260895, -29.450216652614849 ], [ -71.308336768591829, -29.450208849321648 ], [ -71.308325291303419, -29.450195885967432 ], [ -71.30831265547026, -29.450185017665245 ], [ -71.308306630537686, -29.450179321317314 ], [ -71.308302375347679, -29.450172574835591 ], [ -71.308295166640619, -29.450167404227845 ], [ -71.30828619609774, -29.450165908887268 ], [ -71.308276067210997, -29.450166517617021 ], [ -71.308265957664148, -29.450170256488889 ], [ -71.308249919544735, -29.450176651294672 ], [ -71.308240990487917, -29.450178808959837 ], [ -71.308232046711453, -29.4501794061513 ], [ -71.308223089551504, -29.450178957074321 ], [ -71.308214114388747, -29.450175892059018 ], [ -71.308211041237087, -29.450168087592701 ], [ -71.308215154165978, -29.450161268131442 ], [ -71.308222860835698, -29.450157020627898 ], [ -71.3082287582248, -29.450150711506961 ], [ -71.308228684016626, -29.450142882087309 ], [ -71.308226806075993, -29.450135056889717 ], [ -71.308223744768299, -29.450127775468193 ], [ -71.308218316113752, -29.450121554544697 ], [ -71.308208746226356, -29.450119537323047 ], [ -71.308199803994498, -29.450120657735372 ], [ -71.308192098661905, -29.45012541944277 ], [ -71.308186739353459, -29.450131274466504 ], [ -71.308180362801409, -29.450134448788162 ], [ -71.308176674611701, -29.450133896588483 ], [ -71.308173561771241, -29.450131258550098 ], [ -71.308172429531439, -29.450127140905263 ], [ -71.308172331228178, -29.450120250144721 ], [ -71.308172345024204, -29.450119311664029 ], [ -71.308167306137889, -29.450108817685834 ], [ -71.308165033581275, -29.450107509283651 ], [ -71.308160533869383, -29.450106852074892 ], [ -71.308154766440296, -29.450105972370462 ], [ -71.308151073163543, -29.450103829758653 ], [ -71.308148080548051, -29.450101675895954 ], [ -71.308146528552612, -29.450099004469006 ], [ -71.308144033190302, -29.450093955986915 ], [ -71.308134476688991, -29.450092985027613 ], [ -71.308124933570085, -29.450093060335529 ], [ -71.308108296307822, -29.450098942266116 ], [ -71.308099981319856, -29.450103182270961 ], [ -71.308092875332207, -29.450108465848942 ], [ -71.308086977936512, -29.450114774964213 ], [ -71.308081679888872, -29.450121605955481 ], [ -71.30806809073826, -29.450133732056859 ], [ -71.30806158389143, -29.450139528491604 ], [ -71.308053891932047, -29.450145336459379 ], [ -71.308039679741128, -29.450155894592587 ], [ -71.308031987779231, -29.450161702559225 ], [ -71.308024270592711, -29.450165941212841 ], [ -71.308015949644428, -29.450168097337514 ], [ -71.308006408056585, -29.450168695860661 ], [ -71.307997449358737, -29.450167723545025 ], [ -71.30799438786174, -29.450160433099423 ], [ -71.307996695737685, -29.450153103657705 ], [ -71.308000798377336, -29.450146284381013 ], [ -71.308009613102897, -29.450133158507164 ], [ -71.30802301527163, -29.450102757989406 ], [ -71.308025909111592, -29.450094904155819 ], [ -71.308026348028847, -29.450079235128275 ], [ -71.308026321043002, -29.450020225621859 ], [ -71.308026236547661, -29.450012396379805 ], [ -71.308023771324244, -29.450004581364364 ], [ -71.308020710035294, -29.449997299937024 ], [ -71.30802062379756, -29.449988938453551 ], [ -71.308025325777365, -29.449982641052951 ], [ -71.308027034300338, -29.449974789734334 ], [ -71.308022191632489, -29.449968044410106 ], [ -71.308013815841321, -29.449965501256404 ], [ -71.308004871876904, -29.44996608941366 ], [ -71.307996497624927, -29.449964069482206 ], [ -71.307993436339316, -29.449956788054028 ], [ -71.307995744211766, -29.449949458612373 ], [ -71.307999247496966, -29.449942117459301 ], [ -71.307999463983137, -29.449909203080498 ], [ -71.308001229740867, -29.449899645695996 ], [ -71.308006995352514, -29.449891750174839 ], [ -71.30801184818894, -29.449887335662847 ], [ -71.308015594260993, -29.449877743029777 ], [ -71.308015339448644, -29.449866488551471 ], [ -71.308012211086634, -29.449859613354676 ], [ -71.308007181843635, -29.449856236304644 ], [ -71.307999219238312, -29.449854642268008 ], [ -71.307982384323765, -29.449854934247107 ], [ -71.307959606340901, -29.449855329297385 ], [ -71.307893254786208, -29.449856480044346 ], [ -71.307833855033465, -29.44985837626599 ], [ -71.307796281263322, -29.449861626090584 ], [ -71.307755775173192, -29.449866659797099 ], [ -71.307715328883333, -29.449874289759681 ], [ -71.307680805028951, -29.449880950938162 ], [ -71.307650359450761, -29.449892738703205 ], [ -71.307616030550648, -29.449908058078442 ], [ -71.307582790825521, -29.44992768890414 ], [ -71.307565934761527, -29.44994129971797 ], [ -71.307549451564583, -29.449957175691477 ], [ -71.307531066411528, -29.449976548920304 ], [ -71.307507808811039, -29.4499994718145 ], [ -71.307477755105609, -29.450028574130979 ], [ -71.307455388619118, -29.450047150316692 ], [ -71.30743599366572, -29.450065674973825 ], [ -71.307411803610833, -29.450091212228539 ], [ -71.307385652777668, -29.450117648644628 ], [ -71.307366316585316, -29.450138770481235 ], [ -71.307347931365328, -29.45015814368795 ], [ -71.307331467695164, -29.450174885367218 ], [ -71.307321741328522, -29.450182849535913 ], [ -71.307295628379777, -29.450208365982434 ], [ -71.307288520805301, -29.450213126296475 ], [ -71.307274904795705, -29.450223159785537 ], [ -71.307268995502056, -29.450228945822651 ], [ -71.307246478682075, -29.450243752670264 ], [ -71.307238773292084, -29.450248514325292 ], [ -71.307223335967677, -29.450255954115136 ], [ -71.30721441718093, -29.450258111534268 ], [ -71.307204279299881, -29.450259234567422 ], [ -71.307194722991198, -29.450258272558973 ], [ -71.307186317377798, -29.450252590369228 ], [ -71.307176749231715, -29.4502511053145 ], [ -71.307168431323902, -29.450254307834655 ], [ -71.307164927764049, -29.450261639951375 ], [ -71.307165694640545, -29.450277306118192 ], [ -71.307162863017851, -29.45029246631638 ], [ -71.307159384871184, -29.450301376764489 ], [ -71.307154687425765, -29.450309243808704 ], [ -71.307149985580409, -29.450315550199999 ], [ -71.307143490505268, -29.450321869638117 ], [ -71.30713698205696, -29.450327142807389 ], [ -71.307130488514616, -29.450333985468532 ], [ -71.307119334569521, -29.450350787531029 ], [ -71.30711405267968, -29.450359702185466 ], [ -71.307108153876698, -29.450365497055628 ], [ -71.307101645423813, -29.450370770223394 ], [ -71.307093342205832, -29.450375533213613 ], [ -71.307075940604093, -29.45039023150359 ], [ -71.307070868306511, -29.450394516269263 ], [ -71.307063775409887, -29.450400837046622 ], [ -71.307054278506513, -29.450406143979535 ], [ -71.307038241798452, -29.450413061868751 ], [ -71.307029326061112, -29.450416265723611 ], [ -71.307018658535412, -29.450423135634697 ], [ -71.307010979863136, -29.450429989814943 ], [ -71.306986027407163, -29.450440111551419 ], [ -71.306976513853755, -29.450443316745254 ], [ -71.306965207272142, -29.450446544001114 ], [ -71.306955109480114, -29.450450805822342 ], [ -71.306946804714912, -29.450455045580444 ], [ -71.306937932148742, -29.450462434682759 ], [ -71.306932051096069, -29.450470836467481 ], [ -71.306926792857737, -29.450480797205593 ], [ -71.306920300824828, -29.450488163081264 ], [ -71.30691440179919, -29.450493948925725 ], [ -71.306907294186459, -29.450498709221264 ], [ -71.306893722605921, -29.450513442133982 ], [ -71.30688724066809, -29.450520798811628 ], [ -71.30687896876654, -29.45052922399789 ], [ -71.306871275173904, -29.45053450867859 ], [ -71.306839216590717, -29.450549913906755 ], [ -71.306823194542361, -29.450558392246307 ], [ -71.306805391297786, -29.450567415689747 ], [ -71.306795891095192, -29.450571667140288 ], [ -71.306764359063493, -29.450580279013341 ], [ -71.306754832324643, -29.450582446941613 ], [ -71.306744133631867, -29.450585663641885 ], [ -71.306734621792828, -29.450589401061215 ], [ -71.306726291802235, -29.450592071492732 ], [ -71.306717970786522, -29.450594227539455 ], [ -71.306659052399539, -29.450608808237899 ], [ -71.306649537286802, -29.450611490185974 ], [ -71.306641219331453, -29.45061469267549 ], [ -71.30663351694767, -29.450620500745725 ], [ -71.306626435843, -29.450627344547005 ], [ -71.306622347990441, -29.450635733279483 ], [ -71.306616554356467, -29.450653010747597 ], [ -71.306613076150896, -29.450661921184256 ], [ -71.306605998105667, -29.450669811432103 ], [ -71.30658348088437, -29.450684609159101 ], [ -71.306576361406997, -29.45068884639327 ], [ -71.306568041911277, -29.4506915256549 ], [ -71.306559710579904, -29.450693681870924 ], [ -71.306549599378329, -29.450696897394607 ], [ -71.306542489998151, -29.450701125430459 ], [ -71.306532991506657, -29.450705909105178 ], [ -71.306523479443825, -29.450709637492363 ], [ -71.306514548764923, -29.450711271822239 ], [ -71.306505033842313, -29.450713962778686 ], [ -71.306497331443111, -29.450719770841772 ], [ -71.306489625980589, -29.450724532456945 ], [ -71.306478927263328, -29.450727749137112 ], [ -71.306470612354858, -29.450731998064224 ], [ -71.306464103844689, -29.450737271203622 ], [ -71.306455227951957, -29.450743604811155 ], [ -71.306446941099352, -29.450750460480517 ], [ -71.306398215103897, -29.450768608355133 ], [ -71.306388701703099, -29.450771822527471 ], [ -71.306378588956932, -29.450774514815059 ], [ -71.306368477740804, -29.45077773032569 ], [ -71.306351831275336, -29.450784126431937 ], [ -71.306343510234626, -29.450786282456459 ], [ -71.306333372287071, -29.450787405426521 ], [ -71.306325653650958, -29.450791129781877 ], [ -71.306318544254324, -29.450795357806562 ], [ -71.306310825617018, -29.450799082161112 ], [ -71.306301883092047, -29.450800193432077 ], [ -71.306291171199959, -29.450802372846837 ], [ -71.306281043553582, -29.450803495634467 ], [ -71.306265008255821, -29.45081093666014 ], [ -71.306258499729552, -29.450816209790261 ], [ -71.306238888253517, -29.450823676705326 ], [ -71.306217497102594, -29.450832211939698 ], [ -71.30620919074363, -29.450835928431044 ], [ -71.306200859391495, -29.450838084625609 ], [ -71.306190137189091, -29.45084026421112 ], [ -71.306161553590755, -29.450845712410555 ], [ -71.306151439300649, -29.450847881457751 ], [ -71.306141896099462, -29.450847956627278 ], [ -71.306132367790113, -29.450849601289107 ], [ -71.306122841009795, -29.450851769174122 ], [ -71.306113898681303, -29.450852889450843 ], [ -71.306075712715526, -29.450852152863092 ], [ -71.306065571698909, -29.450852229365527 ], [ -71.306056016664144, -29.450851781483621 ], [ -71.306045278036848, -29.450851868340777 ], [ -71.306026804337307, -29.450853586818937 ], [ -71.306016678210369, -29.450855232810742 ], [ -71.306007749241118, -29.45085739934958 ], [ -71.305998220928046, -29.45085904400198 ], [ -71.305989293282678, -29.450861724745497 ], [ -71.305952418385502, -29.450872467889802 ], [ -71.305885764221046, -29.450888661841152 ], [ -71.305866722471464, -29.450893520621506 ], [ -71.305856623056513, -29.450897259140067 ], [ -71.305848307902011, -29.450901499012318 ], [ -71.305838766221953, -29.450902097384333 ], [ -71.30582745649177, -29.450904278100118 ], [ -71.305818554027979, -29.450908528147348 ], [ -71.305811446332314, -29.45091328838841 ], [ -71.305801363123791, -29.450919110602161 ], [ -71.305791851011108, -29.450922838939437 ], [ -71.305781736907576, -29.450925016977344 ], [ -71.305770998270773, -29.450925103812782 ], [ -71.305747797195508, -29.450931550268482 ], [ -71.305728157614865, -29.450936410366666 ], [ -71.305719215272788, -29.450937530617448 ], [ -71.305709104016458, -29.450940746079883 ], [ -71.30567752863459, -29.450945172449849 ], [ -71.305667997252229, -29.450945770631336 ], [ -71.305648288026291, -29.450944361940977 ], [ -71.305627395204652, -29.450943487983881 ], [ -71.305617851991443, -29.450943563116304 ], [ -71.30560889476304, -29.450943113866327 ], [ -71.305596972526942, -29.450943735423873 ], [ -71.305587417483224, -29.450943287508654 ], [ -71.305576081027937, -29.450943375664632 ], [ -71.305566567581067, -29.450946589780386 ], [ -71.305560070838197, -29.450952385924158 ], [ -71.305554771047866, -29.450958693601553 ], [ -71.305535772184484, -29.450967728574572 ], [ -71.305527453956913, -29.450970921979732 ], [ -71.305516761283656, -29.450976231481498 ], [ -71.305509067582634, -29.450981516088767 ], [ -71.305500737727087, -29.45098419546488 ], [ -71.305489999082184, -29.450984282277979 ], [ -71.305479872930832, -29.45098592823005 ], [ -71.305426207736517, -29.45098896902368 ], [ -71.305414871478959, -29.450989066184231 ], [ -71.305405924550115, -29.450988616742244 ], [ -71.305385644210958, -29.450989301887798 ], [ -71.305368846336023, -29.450989417882862 ], [ -71.305353117092309, -29.450988382254661 ], [ -71.305335129978374, -29.450986732579189 ], [ -71.305320118197741, -29.450984377293551 ], [ -71.30530290868144, -29.450984021366665 ], [ -71.305264894190444, -29.450985901437988 ], [ -71.305221063686417, -29.450986714860839 ], [ -71.305210290855882, -29.450987569076208 ], [ -71.305195349319504, -29.450989596135848 ], [ -71.305175585780603, -29.450991255646954 ], [ -71.305164116506262, -29.45099002892092 ], [ -71.305142415512876, -29.450988059235531 ], [ -71.305131610041826, -29.450988381737872 ], [ -71.305122032229463, -29.45098920622376 ], [ -71.305111890764536, -29.450991086973872 ], [ -71.305101129759805, -29.450992464226118 ], [ -71.305091529611275, -29.450992756824643 ], [ -71.305081941494322, -29.450993581486163 ], [ -71.305072837992526, -29.450991222162926 ], [ -71.305062573838228, -29.450989956509716 ], [ -71.305052398616908, -29.450990800360522 ], [ -71.305042854558067, -29.450992661735594 ], [ -71.30503397470801, -29.450996090377899 ], [ -71.305025658102821, -29.450998444719001 ], [ -71.305022331060073, -29.451005385800478 ], [ -71.305017798693243, -29.451012356781725 ], [ -71.305008840416193, -29.451013684757143 ], [ -71.30499740357493, -29.451012980705499 ], [ -71.304984773441234, -29.451012838616123 ], [ -71.304941405609625, -29.451009954114383 ], [ -71.304931052727923, -29.451006587964038 ], [ -71.304920766238538, -29.451004790414586 ], [ -71.304909971271329, -29.451005121738611 ], [ -71.304855977144967, -29.451007292908749 ], [ -71.30484585800599, -29.451009705524228 ], [ -71.304827963372148, -29.451012875300787 ], [ -71.30481718022962, -29.451013729663089 ], [ -71.304808841487031, -29.451015561123686 ], [ -71.304799939496107, -29.451018466883596 ], [ -71.304790506486171, -29.451022960613511 ], [ -71.304782212001996, -29.451025837807109 ], [ -71.304772656311314, -29.451027185135498 ], [ -71.304762536964077, -29.451029588726826 ], [ -71.30475365710015, -29.451033017351083 ], [ -71.304734680220164, -29.451039381449423 ], [ -71.304725057934704, -29.451039151154461 ], [ -71.304716596306605, -29.45103782719093 ], [ -71.304706951687848, -29.451037065009277 ], [ -71.304698490263974, -29.451035750062612 ], [ -71.304671755456056, -29.451028147811986 ], [ -71.304663724303268, -29.4510226123415 ], [ -71.304655107364766, -29.45101761026633 ], [ -71.304638592459398, -29.45101022795868 ], [ -71.304630019985154, -29.451006280634541 ], [ -71.30458658102657, -29.450986572033845 ], [ -71.304551006092851, -29.450968197742576 ], [ -71.304542522343581, -29.450966350900107 ], [ -71.304534591745437, -29.450963438954698 ], [ -71.304525421870849, -29.450959510990867 ], [ -71.304517501373439, -29.45095658984792 ], [ -71.304500400903834, -29.45094974993529 ], [ -71.304463643006187, -29.450931937399588 ], [ -71.304456231407741, -29.450926905415731 ], [ -71.304447027586633, -29.450921931532761 ], [ -71.304439638117771, -29.450917422415365 ], [ -71.304425400305504, -29.450906807013329 ], [ -71.304419724853616, -29.450900148145323 ], [ -71.304415851929051, -29.450893430997734 ], [ -71.304412542256614, -29.450885639551629 ], [ -71.304401108230351, -29.450854965765402 ], [ -71.30439602998662, -29.450848278511195 ], [ -71.304386514051274, -29.450835425181943 ], [ -71.304376965483215, -29.450822040144764 ], [ -71.304365636520217, -29.450809236252798 ], [ -71.304358190984061, -29.450803158349196 ], [ -71.304352515338749, -29.450796490459648 ], [ -71.304342369575821, -29.450783133804133 ], [ -71.30433725738844, -29.45077540063372 ], [ -71.304332211584125, -29.450769236065653 ], [ -71.304327111425877, -29.450762034958746 ], [ -71.304321446088622, -29.450755366889165 ], [ -71.304305646822641, -29.450735865206354 ], [ -71.304300556971668, -29.450728663919776 ], [ -71.304278339678575, -29.450698835419523 ], [ -71.304271469231452, -29.450692206258356 ], [ -71.304263438126483, -29.450686670760799 ], [ -71.304256567681165, -29.450680041598766 ], [ -71.304250914380432, -29.450673905589635 ], [ -71.304245846459651, -29.450667218150077 ], [ -71.304241951429248, -29.450659978128531 ], [ -71.304238619651784, -29.450651663809118 ], [ -71.304234116912667, -29.45064444333175 ], [ -71.304223914696749, -29.450629499848002 ], [ -71.3042194443901, -29.450622802059186 ], [ -71.304208678926187, -29.450608932871617 ], [ -71.304203025428592, -29.450602787841984 ], [ -71.304197979845185, -29.450596632285809 ], [ -71.304191099310586, -29.450590012316187 ], [ -71.304173507674889, -29.450570559693965 ], [ -71.304168417638152, -29.450563349383188 ], [ -71.304163261222854, -29.450554570469272 ], [ -71.304158205340698, -29.450548415089685 ], [ -71.304153712711937, -29.450541185412497 ], [ -71.304149817693357, -29.450533945387502 ], [ -71.304144086001969, -29.450525708705943 ], [ -71.304129681161996, -29.450510892111396 ], [ -71.304122269610829, -29.450505860106073 ], [ -71.304114194072625, -29.45049926984478 ], [ -71.304105543256085, -29.450493221816039 ], [ -71.304098717290344, -29.450487647397761 ], [ -71.304093041680289, -29.450480979494959 ], [ -71.304081656717941, -29.450466606792791 ], [ -71.304072241389477, -29.450456376971069 ], [ -71.304054164950372, -29.450440099294426 ], [ -71.304045514142402, -29.450434051261279 ], [ -71.304034463207543, -29.450428071848272 ], [ -71.304025913134012, -29.450424656366657 ], [ -71.304018523719748, -29.450420147222573 ], [ -71.304015236424377, -29.450412887649307 ], [ -71.304006140368941, -29.450395804926476 ], [ -71.304001094808015, -29.450389649361444 ], [ -71.303976974635191, -29.450357255538766 ], [ -71.303945649867046, -29.450309830217098 ], [ -71.303908504033728, -29.45025896740939 ], [ -71.303894178402984, -29.450239351746056 ], [ -71.303888535452899, -29.450233215540255 ], [ -71.303882793496911, -29.450224979023382 ], [ -71.303872591377001, -29.450210035506718 ], [ -71.303864159550855, -29.450194520046534 ], [ -71.303847724284523, -29.45015872734238 ], [ -71.30381659185376, -29.45008605631234 ], [ -71.303800446775739, -29.450057629196465 ], [ -71.303784379900321, -29.450031293727751 ], [ -71.303779764677429, -29.450020917631267 ], [ -71.303750958469138, -29.44996132366748 ], [ -71.303741164580217, -29.449941636748786 ], [ -71.30372807313492, -29.449914690424635 ], [ -71.303719540634859, -29.449896542398307 ], [ -71.303711879261854, -29.449869962168876 ], [ -71.303711500623123, -29.449860505100034 ], [ -71.303709882729507, -29.449850032004306 ], [ -71.303704665724993, -29.449824428895571 ], [ -71.303703600987305, -29.449812890700429 ], [ -71.303699997074759, -29.449782496279024 ], [ -71.303695834509483, -29.449768431543102 ], [ -71.303691850654133, -29.449759081992845 ], [ -71.303681437273795, -29.44973889156298 ], [ -71.303667106620949, -29.449710929202503 ], [ -71.303663652285437, -29.449699468459446 ], [ -71.303651743877808, -29.44967196035137 ], [ -71.303620823092061, -29.449604536148748 ], [ -71.303613992833519, -29.44958371532697 ], [ -71.303607983131954, -29.449568645082024 ], [ -71.303604607201166, -29.449559285004803 ], [ -71.303595829277299, -29.449534835140433 ], [ -71.303592453145157, -29.449525466044683 ], [ -71.303580210606682, -29.449489555610974 ], [ -71.303572007972704, -29.449464563513402 ], [ -71.303568632049277, -29.449455203434766 ], [ -71.303556534491918, -29.449422971287966 ], [ -71.303552015263989, -29.449399963324133 ], [ -71.303548248907148, -29.449380623127478 ], [ -71.303544806417705, -29.449369685425811 ], [ -71.303542635602241, -29.449360286442587 ], [ -71.303538362059555, -29.449343589322691 ], [ -71.303536766521859, -29.449333648108723 ], [ -71.303535456337926, -29.44931580808321 ], [ -71.303527172304584, -29.448971093009696 ], [ -71.303528540122784, -29.448960008890104 ], [ -71.303530389957587, -29.448931026656538 ], [ -71.303531238767931, -29.448922062567846 ], [ -71.303532696793482, -29.448913602163167 ], [ -71.303534784844757, -29.448905654103839 ], [ -71.303536196906236, -29.44889561572025 ], [ -71.303539000625449, -29.448875548327791 ], [ -71.303553329532235, -29.44878255857143 ], [ -71.303589737606103, -29.448625277829692 ], [ -71.303595812119497, -29.448596691586776 ], [ -71.303597799444987, -29.448586110972066 ], [ -71.303600406490801, -29.448576042880863 ], [ -71.303604186202648, -29.448565413196423 ], [ -71.303607324070796, -29.448553748120361 ], [ -71.303620041105233, -29.448510765749607 ], [ -71.303624551145717, -29.448503262928362 ], [ -71.303628397424092, -29.448494210865558 ], [ -71.30364898569367, -29.44843783955395 ], [ -71.303658950904406, -29.448401255999737 ], [ -71.303667091299388, -29.448364198825672 ], [ -71.303668559612248, -29.448355738241553 ], [ -71.303671245037577, -29.448347770817843 ], [ -71.303679530184056, -29.448314382915854 ], [ -71.303682344170369, -29.448294315342803 ], [ -71.303685626986066, -29.448286328556055 ], [ -71.303699342097701, -29.448253306756349 ], [ -71.303708329923523, -29.448237787438071 ], [ -71.303715881661489, -29.448231242375432 ], [ -71.303722902578329, -29.448226294297502 ], [ -71.303729935517723, -29.448221878283643 ], [ -71.303738084849201, -29.448215322874876 ], [ -71.303745028887903, -29.448208797352173 ], [ -71.30375380803595, -29.448202745269072 ], [ -71.30376379399074, -29.44819718652349 ], [ -71.303772651529243, -29.448193235107656 ], [ -71.303781486943933, -29.448188760823264 ], [ -71.303806810015118, -29.44817589072186 ], [ -71.3038155891565, -29.448169838635021 ], [ -71.303822577637419, -29.448164367862653 ], [ -71.303830771204872, -29.44815885818468 ], [ -71.303837140168952, -29.448152883907134 ], [ -71.303842833142667, -29.448144819306517 ], [ -71.30384727678171, -29.448135747875199 ], [ -71.303848014537792, -29.448124151409466 ], [ -71.303847579837637, -29.448113125556773 ], [ -71.303848101652306, -29.448081026804303 ], [ -71.3038520543179, -29.448059351719856 ], [ -71.303856849654977, -29.448043950080265 ], [ -71.303860774291877, -29.448036998680539 ], [ -71.303865306622782, -29.448030027738753 ], [ -71.303870458467685, -29.448023560301202 ], [ -71.303887209298665, -29.448006742796426 ], [ -71.303905851502321, -29.447991976528083 ], [ -71.303928249470331, -29.447978248573797 ], [ -71.303947619035924, -29.447966842871931 ], [ -71.303966926070402, -29.447952670432844 ], [ -71.303979357648629, -29.447942492690323 ], [ -71.304021043865276, -29.447896978893571 ], [ -71.304057442366272, -29.447860632330439 ], [ -71.304077786469108, -29.447843184233058 ], [ -71.304084819366523, -29.447838768202484 ], [ -71.304093047043139, -29.447834313442492 ], [ -71.304101351395929, -29.447831427107285 ], [ -71.304110907005963, -29.447830088860439 ], [ -71.304133667420288, -29.447828341555397 ], [ -71.304143233128968, -29.44782699410985 ], [ -71.304151527380014, -29.447824116968036 ], [ -71.304178133998818, -29.447813317580653 ], [ -71.304216349843372, -29.44779216791693 ], [ -71.304232726774799, -29.447781157713443 ], [ -71.30424274488594, -29.44777611260664 ], [ -71.304250419411119, -29.44777272293835 ], [ -71.304260437724324, -29.447767686848334 ], [ -71.304297923187661, -29.447743410303296 ], [ -71.304305430599939, -29.447735819475174 ], [ -71.304311821635423, -29.447730368045313 ], [ -71.304335096539262, -29.447711254302817 ], [ -71.304342525543163, -29.447701562805264 ], [ -71.30436078894725, -29.447677339412124 ], [ -71.304365807784535, -29.447667725733051 ], [ -71.304373522075295, -29.447650135422748 ], [ -71.304381258489414, -29.447633067979858 ], [ -71.304385657808453, -29.447622950798209 ], [ -71.304393416344638, -29.447606406222537 ], [ -71.304411653116333, -29.447566413584962 ], [ -71.304419367392569, -29.447548823272584 ], [ -71.304449906959846, -29.447485847159708 ], [ -71.30447324367573, -29.447453055629381 ], [ -71.304479634685009, -29.447447604192689 ], [ -71.304487806032853, -29.447441571611019 ], [ -71.304511778759149, -29.447425062011181 ], [ -71.30453805100035, -29.447405860246366 ], [ -71.304546807905197, -29.447399285248864 ], [ -71.304622107935188, -29.447343878931683 ], [ -71.304629748464052, -29.447339443329966 ], [ -71.304645008709329, -29.447330563464156 ], [ -71.3046648899101, -29.447316813120437 ], [ -71.304698216849772, -29.447293709117968 ], [ -71.30470647688513, -29.447289777012784 ], [ -71.304713509512567, -29.447285351934159 ], [ -71.304717589362909, -29.44728207862283 ], [ -71.304724762463508, -29.447266085462704 ], [ -71.304731108988747, -29.447259579261825 ], [ -71.304740396668279, -29.447251407264609 ], [ -71.304747992726007, -29.447245916903384 ], [ -71.304756286911143, -29.447243039727141 ], [ -71.304765244864626, -29.447241711785946 ], [ -71.304776049738507, -29.447241380316772 ], [ -71.304795170923455, -29.447238694535763 ], [ -71.304803342235388, -29.447232661936464 ], [ -71.304810950316551, -29.447227703635978 ], [ -71.304836094060946, -29.447210109155559 ], [ -71.30484179934146, -29.447202594618464 ], [ -71.30484686236781, -29.44719402665956 ], [ -71.304852555414215, -29.447185971039975 ], [ -71.304859531743219, -29.447179968155016 ], [ -71.304868998562739, -29.447176529369038 ], [ -71.304887210215171, -29.447165983500525 ], [ -71.304892915081766, -29.447158450925457 ], [ -71.304903648809628, -29.447141295457822 ], [ -71.304906975753227, -29.447134354382051 ], [ -71.304910202154488, -29.447124789771838 ], [ -71.30492155084012, -29.447092891434853 ], [ -71.30492857182324, -29.447087952318 ], [ -71.304936843657686, -29.447084543245815 ], [ -71.304945846054864, -29.447084270046467 ], [ -71.304976391573177, -29.447081756257703 ], [ -71.304985182579159, -29.447076236165685 ], [ -71.30498967033121, -29.447068210438058 ], [ -71.304995938411935, -29.447059603559268 ], [ -71.305003423593945, -29.447051489829079 ], [ -71.305010864313445, -29.447042321345403 ], [ -71.305015418652218, -29.447035873237724 ], [ -71.305021067215407, -29.44702676285884 ], [ -71.305023132788065, -29.447018282896913 ], [ -71.305023993287946, -29.447009841850349 ], [ -71.305026711009361, -29.44700239709459 ], [ -71.305031210784634, -29.446994903429868 ], [ -71.305042697167281, -29.446981406693165 ], [ -71.305052705058785, -29.446976370727754 ], [ -71.305062890388641, -29.446975535737888 ], [ -71.305074337077983, -29.44697623963053 ], [ -71.305095992748605, -29.446977154621731 ], [ -71.305118177689408, -29.446975949395565 ], [ -71.305135440067644, -29.446971744054796 ], [ -71.305150744674606, -29.446963918888923 ], [ -71.305157755130153, -29.446958970921401 ], [ -71.305164111911779, -29.446952464523672 ], [ -71.305170414130401, -29.446944912569187 ], [ -71.305176107137697, -29.446936856937608 ], [ -71.305179997484828, -29.446928850573649 ], [ -71.305183257810683, -29.446920331871723 ], [ -71.305193657183395, -29.446894774075513 ], [ -71.305211010912174, -29.446862699527898 ], [ -71.305215520767334, -29.446855196661357 ], [ -71.305220064781892, -29.446848748726111 ], [ -71.305225824169412, -29.446842261695213 ], [ -71.305250456013511, -29.446812063860492 ], [ -71.305261211776624, -29.446795431235895 ], [ -71.305265755785783, -29.446788983299353 ], [ -71.305272710137373, -29.446782466545795 ], [ -71.305279044771112, -29.446775437275967 ], [ -71.305286077337627, -29.44677101217005 ], [ -71.305293729620459, -29.44676709957967 ], [ -71.305309575276397, -29.446757677229236 ], [ -71.305318309944965, -29.446750579318657 ], [ -71.305324678530681, -29.446744595960237 ], [ -71.305331499686503, -29.44673492396333 ], [ -71.305332247781394, -29.446723336336426 ], [ -71.305332545714776, -29.446685458645103 ], [ -71.305332742415061, -29.44667546836515 ], [ -71.305333590857401, -29.446666495253787 ], [ -71.305335036885978, -29.44665751179074 ], [ -71.305337722143278, -29.446649544341064 ], [ -71.30534491723688, -29.446634074021251 ], [ -71.305373623984508, -29.446585347455969 ], [ -71.305384920999458, -29.446567126672658 ], [ -71.305390050545967, -29.446560136316815 ], [ -71.305401504196396, -29.446546107846611 ], [ -71.305410858353184, -29.446539513428512 ], [ -71.305426062320691, -29.446529064701632 ], [ -71.305434299930326, -29.446524600670312 ], [ -71.305441974523603, -29.446521219958019 ], [ -71.305450290555257, -29.446518856591837 ], [ -71.305457964943585, -29.446515466860657 ], [ -71.305465595069904, -29.44651103139427 ], [ -71.305473766283896, -29.44650499875852 ], [ -71.305481295649969, -29.446497930739859 ], [ -71.30548578333952, -29.446489904998359 ], [ -71.305488434622816, -29.446480891633104 ], [ -71.305490455682602, -29.446471356913243 ], [ -71.305492772662205, -29.446453941240804 ], [ -71.305494240805757, -29.446445480644066 ], [ -71.305495079134104, -29.446436516728788 ], [ -71.305496569408177, -29.446428578999406 ], [ -71.305499829897897, -29.446420069309468 ], [ -71.305505478386095, -29.446410958913436 ], [ -71.305520335988547, -29.44639157580627 ], [ -71.305528418258163, -29.446383433662209 ], [ -71.30555048756456, -29.446364358652175 ], [ -71.305558016915299, -29.446357290629891 ], [ -71.305563776458627, -29.446350812604631 ], [ -71.305576966113335, -29.446335157228965 ], [ -71.305583300699439, -29.446328127946881 ], [ -71.305589669447983, -29.446322153595741 ], [ -71.305599057531566, -29.446316605079161 ], [ -71.305614271545835, -29.446306147136784 ], [ -71.305620662422584, -29.446300695651651 ], [ -71.305633963127434, -29.446287672643759 ], [ -71.305640850823707, -29.446279578253659 ], [ -71.305654107056213, -29.446265500491343 ], [ -71.305659258701368, -29.446259032993979 ], [ -71.30567007063911, -29.446243978140355 ], [ -71.305675222282233, -29.446237510642469 ], [ -71.305679776544963, -29.446231062515565 ], [ -71.305683700992617, -29.44622411107089 ], [ -71.305693317960149, -29.446209085939973 ], [ -71.305709292033555, -29.446187572424591 ], [ -71.305713813653128, -29.446180592589883 ], [ -71.305717703932217, -29.446172586213258 ], [ -71.30572099683144, -29.446164599207847 ], [ -71.305725150169437, -29.446148171153833 ], [ -71.30572419633927, -29.446139265351935 ], [ -71.30572377308502, -29.446128753540751 ], [ -71.305722180702077, -29.44605834075335 ], [ -71.305723811323773, -29.446038834944559 ], [ -71.305725269141305, -29.446030374524653 ], [ -71.305729489074039, -29.446015524090491 ], [ -71.305737158755264, -29.445996887982108 ], [ -71.305741712800327, -29.44599043083565 ], [ -71.305750169351541, -29.445976508393663 ], [ -71.305760238841955, -29.445957794620206 ], [ -71.305771050735387, -29.445942739760305 ], [ -71.305775582848, -29.445935768763611 ], [ -71.305780734469934, -29.445929301262581 ], [ -71.305800224624988, -29.445905570665616 ], [ -71.305832340913014, -29.445867249954393 ], [ -71.3058393172998, -29.445861256043063 ], [ -71.305846327647274, -29.445856308044451 ], [ -71.305887205470185, -29.445826667629166 ], [ -71.30590367063985, -29.445817757731021 ], [ -71.305913744771871, -29.445814290310288 ], [ -71.30592378494093, -29.445809776975839 ], [ -71.305930817617281, -29.445805360858415 ], [ -71.305938469802854, -29.445801448235741 ], [ -71.305946109954178, -29.445797003548847 ], [ -71.30595366157354, -29.445790467392669 ], [ -71.305961146385442, -29.445782344598367 ], [ -71.305966828966277, -29.445774289117129 ], [ -71.305975782077311, -29.445757714740086 ], [ -71.305978344362515, -29.445746591862619 ], [ -71.305986840230091, -29.445718459762446 ], [ -71.305990044359788, -29.445708372264921 ], [ -71.305990892945928, -29.445699408169808 ], [ -71.305992461810959, -29.445693580120203 ], [ -71.305991864230577, -29.445693590474537 ], [ -71.305995442471115, -29.445677713672062 ], [ -71.305999322407999, -29.445669707467417 ], [ -71.306008582809852, -29.445645757146139 ], [ -71.306010921620555, -29.445628855317725 ], [ -71.306011034926001, -29.445601508993615 ], [ -71.30601124166428, -29.445591509518355 ], [ -71.306013284999807, -29.44558250667825 ], [ -71.306016511460513, -29.445572951065525 ], [ -71.306022422692749, -29.445555409956476 ], [ -71.306024729064021, -29.445537985439177 ], [ -71.306024360762819, -29.445528537221584 ], [ -71.306023396409245, -29.445519622582687 ], [ -71.306020913270615, -29.445502344205448 ], [ -71.306018223394958, -29.445495065303472 ], [ -71.306013101075791, -29.445487332362816 ], [ -71.306005435398092, -29.445472828601424 ], [ -71.306006880059357, -29.445465792911953 ], [ -71.306013182775132, -29.445460775972769 ], [ -71.306017111415628, -29.445457202120522 ], [ -71.306040238554218, -29.445444442748713 ], [ -71.306047868371948, -29.44543999823599 ], [ -71.306057886365494, -29.445434962026319 ], [ -71.306066699305234, -29.445429964739731 ], [ -71.306091401887812, -29.445416590756956 ], [ -71.3060996393789, -29.445412126690229 ], [ -71.306107313866178, -29.445408745944793 ], [ -71.306115507089032, -29.445403236142784 ], [ -71.306135298980081, -29.445387385120171 ], [ -71.306141611133995, -29.445379823930683 ], [ -71.306144915808503, -29.445372359962821 ], [ -71.306143984087498, -29.445363977031768 ], [ -71.306139469443877, -29.445356224544522 ], [ -71.306131394215797, -29.445349634385906 ], [ -71.306125143752155, -29.445343517814845 ], [ -71.306112642623148, -29.445331275653693 ], [ -71.306105816920891, -29.445325701321575 ], [ -71.306094800620187, -29.445320776982893 ], [ -71.306081394823835, -29.445315930133916 ], [ -71.306073229444621, -29.445314604714149 ], [ -71.306071578742078, -29.445312530390201 ], [ -71.306072285211243, -29.445308311393386 ], [ -71.306072205949732, -29.445304806986929 ], [ -71.306076523713642, -29.445299252472349 ], [ -71.306087881273768, -29.4452978467829 ], [ -71.306097525349344, -29.445298608894074 ], [ -71.306108330005571, -29.445298277328046 ], [ -71.306137692230237, -29.445296334111983 ], [ -71.306146605722674, -29.445293960353336 ], [ -71.30615482106802, -29.445288973416609 ], [ -71.306161211854061, -29.445283521909793 ], [ -71.306164526827544, -29.445276057763049 ], [ -71.306165365094316, -29.445267093845853 ], [ -71.306170516659634, -29.445260626332324 ], [ -71.306179971219947, -29.445256655400531 ], [ -71.306197574718112, -29.445246128927504 ], [ -71.306202128906676, -29.445239680786042 ], [ -71.30621357067804, -29.445225138229883 ], [ -71.306218655632733, -29.445217093095238 ], [ -71.306227630792961, -29.445201041572012 ], [ -71.306233067710124, -29.44518668426468 ], [ -71.306238069294977, -29.445161283085174 ], [ -71.306237746773505, -29.445153403827241 ], [ -71.306237570146351, -29.445118709953153 ], [ -71.306240277433687, -29.445111265356783 ], [ -71.306242365009922, -29.445103308248502 ], [ -71.306245613570667, -29.445094275498747 ], [ -71.306254254364148, -29.445069821670621 ], [ -71.306273407337827, -29.444992463657293 ], [ -71.30627549490967, -29.444984506548639 ], [ -71.306278190360331, -29.444976538906012 ], [ -71.306296231728894, -29.444916566663462 ], [ -71.306301452037687, -29.444881698070866 ], [ -71.306302920100123, -29.444873237468254 ], [ -71.306301402833284, -29.444865396957397 ], [ -71.306300392669939, -29.444854913362121 ], [ -71.306298162222831, -29.444829213491591 ], [ -71.306297186025418, -29.444819775809055 ], [ -71.306295612457163, -29.444810357499964 ], [ -71.306291070966054, -29.444786835788005 ], [ -71.306289519533024, -29.444777940345894 ], [ -71.306288287421054, -29.444762201024581 ], [ -71.306288439667441, -29.444755899530204 ], [ -71.306288745323315, -29.444743256826388 ], [ -71.306290387663864, -29.444724274059869 ], [ -71.306292475434333, -29.444716325969054 ], [ -71.306295182708965, -29.444708881371959 ], [ -71.30630025580318, -29.444700313189664 ], [ -71.306321577263034, -29.444662323784275 ], [ -71.30634248055091, -29.444629086965286 ], [ -71.306345751224626, -29.444620577080947 ], [ -71.306355704669883, -29.444583984539065 ], [ -71.30635539244733, -29.444576105102634 ], [ -71.306354482855212, -29.444568245039846 ], [ -71.306352943456531, -29.444559881662041 ], [ -71.306350850956861, -29.444552583392134 ], [ -71.306346380810538, -29.444545885662283 ], [ -71.30634131309138, -29.444539198287799 ], [ -71.306335660038457, -29.444533062350345 ], [ -71.306335911222206, -29.444524117627314 ], [ -71.306339756925055, -29.444515056484423 ], [ -71.306346321928686, -29.444499082807329 ], [ -71.306351372875156, -29.44448999175648 ], [ -71.306354699643848, -29.444483050652074 ], [ -71.306364316566913, -29.444468034501419 ], [ -71.306371292830477, -29.444462040567966 ], [ -71.306387668796489, -29.44445102111791 ], [ -71.30639526456072, -29.444445530676706 ], [ -71.306402816055453, -29.444438994500828 ], [ -71.306406098550426, -29.444431007661088 ], [ -71.306405188956518, -29.444423147598616 ], [ -71.306403096456663, -29.444415849329442 ], [ -71.306399809015772, -29.44440858078978 ], [ -71.306398247482463, -29.444399694545254 ], [ -71.306399073691537, -29.444390198563287 ], [ -71.306404203066691, -29.444383208176021 ], [ -71.306424720356546, -29.444355237607201 ], [ -71.306482308522661, -29.44429248699268 ], [ -71.30649062455133, -29.444290132589995 ], [ -71.306498276399452, -29.444286210923632 ], [ -71.306505894484388, -29.444281252362117 ], [ -71.306509221236453, -29.444274311254581 ], [ -71.306514261855298, -29.444265220377233 ], [ -71.306518107533776, -29.444256159230257 ], [ -71.306522617391821, -29.444248665346262 ], [ -71.306529527022789, -29.444241093786314 ], [ -71.306537100425061, -29.444235071453015 ], [ -71.306545935374402, -29.444230597007859 ], [ -71.306559336279079, -29.444220197456932 ], [ -71.306568835202725, -29.444217281255224 ], [ -71.306578953628375, -29.444214868545387 ], [ -71.306586561197008, -29.444209901140251 ], [ -71.306590495815811, -29.444202949495931 ], [ -71.306591322210593, -29.444193462531615 ], [ -71.306589804731658, -29.444185613005939 ], [ -71.306580613281469, -29.444181162284099 ], [ -71.306569674000357, -29.444177815419206 ], [ -71.306556380746954, -29.444176115188036 ], [ -71.306546759116088, -29.444175884989534 ], [ -71.306537801257093, -29.444177204017283 ], [ -71.306528346809685, -29.44418117496889 ], [ -71.306518127810932, -29.444180964142632 ], [ -71.306507323276648, -29.444181295735461 ], [ -71.306498343281788, -29.444182091893492 ], [ -71.306476269856489, -29.444185920669938 ], [ -71.306466726459547, -29.444187782112753 ], [ -71.306448358618937, -29.444194126833676 ], [ -71.306441326277181, -29.444198551990173 ], [ -71.306433752667431, -29.4442045653002 ], [ -71.306426798762629, -29.444211091121165 ], [ -71.30641114291204, -29.444225237599778 ], [ -71.30639782042833, -29.444237737801824 ], [ -71.306385702979867, -29.444250199076787 ], [ -71.306374780468175, -29.444262630621569 ], [ -71.306367770252493, -29.444267578641739 ], [ -71.306350530520675, -29.444272306983414 ], [ -71.306347796188788, -29.444263973333992 ], [ -71.306346864467827, -29.444255590403447 ], [ -71.306346507980891, -29.444246665232175 ], [ -71.306346770995731, -29.444238243554583 ], [ -71.306346458776844, -29.444230364117658 ], [ -71.306338779653501, -29.444218498509944 ], [ -71.306330485964196, -29.44422138478825 ], [ -71.306321651005149, -29.444225859219554 ], [ -71.30631403311844, -29.44423082678885 ], [ -71.306305717089643, -29.444233181180472 ], [ -71.306297177584014, -29.44422975662118 ], [ -71.306291524552122, -29.444223620680514 ], [ -71.306283404938682, -29.444215975773275 ], [ -71.306277132407246, -29.444209336337895 ], [ -71.306269564368975, -29.44420010309776 ], [ -71.306259927509302, -29.444184617676179 ], [ -71.306259615297563, -29.444176738238617 ], [ -71.306264102834703, -29.444168712477211 ], [ -71.306269232209431, -29.444161722095011 ], [ -71.306276252726306, -29.444156773901568 ], [ -71.306284502145132, -29.444152841892404 ], [ -71.306315661713199, -29.444135593994218 ], [ -71.306322671922985, -29.444130645977051 ], [ -71.306329040497459, -29.444124671598559 ], [ -71.306336038874989, -29.444119200535031 ], [ -71.306339365634429, -29.444112259431243 ], [ -71.306339009149553, -29.444103334259722 ], [ -71.30633451668804, -29.444096104642707 ], [ -71.306321926960166, -29.444081762005286 ], [ -71.306313409804787, -29.444078869331545 ], [ -71.306298112821594, -29.444071971288722 ], [ -71.306289540893616, -29.444068024039439 ], [ -71.306282151869183, -29.444063514997485 ], [ -71.30626617908888, -29.444054535658395 ], [ -71.306257132701987, -29.444053763197953 ], [ -71.30624881668578, -29.444056117585351 ], [ -71.306239881169162, -29.444057968477978 ], [ -71.306230923518939, -29.444059296502772 ], [ -71.306223556630727, -29.444055310324643 ], [ -71.306221464153111, -29.444048012051105 ], [ -71.306215432325928, -29.444032419048437 ], [ -71.306209779310507, -29.444026283103263 ], [ -71.306201837192035, -29.444022839163793 ], [ -71.306193907108124, -29.444019927287684 ], [ -71.306184263358006, -29.444019174194821 ], [ -71.306174110773128, -29.444020531943032 ], [ -71.306165275823261, -29.4440250063635 ], [ -71.306159558207327, -29.444027497956306 ], [ -71.306156924890388, -29.444027138517498 ], [ -71.306155183184742, -29.444025277777218 ], [ -71.306154261907736, -29.444018677324753 ], [ -71.306153824608202, -29.444013013946105 ], [ -71.306152159115186, -29.444007641594045 ], [ -71.306149410753036, -29.444003927224031 ], [ -71.306141424372683, -29.443999437546157 ], [ -71.306132366161307, -29.443998142031091 ], [ -71.306127350803649, -29.443996593325046 ], [ -71.306125619287201, -29.443995137476069 ], [ -71.306125406757133, -29.443992576327584 ], [ -71.30612537622423, -29.443991226328272 ], [ -71.30612708705381, -29.443986207758094 ], [ -71.306129771988552, -29.443978231278688 ], [ -71.306130598426094, -29.443968744314695 ], [ -71.306129622258041, -29.443959306628518 ], [ -71.306127507656882, -29.443951485485655 ], [ -71.306118891276029, -29.443946483471741 ], [ -71.306110374137049, -29.443943590784006 ], [ -71.30610128329154, -29.443941763559685 ], [ -71.306091639549066, -29.443941010459667 ], [ -71.30607904273397, -29.44394139111515 ], [ -71.306069996153752, -29.443940609623304 ], [ -71.306064331322759, -29.443933950625258 ], [ -71.306056300483007, -29.443928406189045 ], [ -71.306047131209709, -29.443924478294981 ], [ -71.306039764542049, -29.443920501123696 ], [ -71.306034708909337, -29.443914345798042 ], [ -71.306030194345865, -29.44390659330158 ], [ -71.306022252242329, -29.443903149350497 ], [ -71.306013746938461, -29.443900779702087 ], [ -71.306004103200067, -29.443900026595465 ], [ -71.305993298690851, -29.443900358145008 ], [ -71.305982538445235, -29.443901735428426 ], [ -71.305973602935836, -29.443903586302724 ], [ -71.305964025592601, -29.443904401795319 ], [ -71.305953740020627, -29.443902613303941 ], [ -71.305944007347634, -29.443899750687326 ], [ -71.305936087582765, -29.443896838616343 ], [ -71.305925824143472, -29.443895572990115 ], [ -71.305915582835908, -29.443894830230491 ], [ -71.305904203091941, -29.443895704011638 ], [ -71.305895200983073, -29.443895977260457 ], [ -71.30588667355083, -29.443893084736306 ], [ -71.305880378730009, -29.44388591339397 ], [ -71.305872392369977, -29.443881423698727 ], [ -71.30586555647983, -29.443875849525657 ], [ -71.305860422229742, -29.443867584508368 ], [ -71.305851393337775, -29.443852088519673 ], [ -71.305846889093814, -29.443844335837515 ], [ -71.305841766879098, -29.443836602883266 ], [ -71.305840237840329, -29.443828239317298 ], [ -71.305835952190861, -29.443811010202381 ], [ -71.305832035216525, -29.443803247344963 ], [ -71.305824267458817, -29.443789281213984 ], [ -71.305819200017595, -29.443782602833004 ], [ -71.305814065980314, -29.44377434683139 ], [ -71.305807749041421, -29.443766652617366 ], [ -71.305803842170107, -29.443758880562328 ], [ -71.305801041302402, -29.44374896927744 ], [ -71.305798351497344, -29.443741690365851 ], [ -71.305766082420689, -29.442990166449086 ], [ -71.30580462572793, -29.442963626650368 ], [ -71.30582936650012, -29.442932594156989 ], [ -71.3058573191866, -29.442902897138513 ], [ -71.305881998066937, -29.44286908345704 ], [ -71.305895864324398, -29.442849367459576 ], [ -71.305907732070295, -29.442811602353601 ], [ -71.305906725832315, -29.44276710556791 ], [ -71.305918939455637, -29.442744635949541 ], [ -71.30593629857286, -29.442738770690184 ], [ -71.305960142370537, -29.442738357579394 ], [ -71.30598052474646, -29.442725485207603 ], [ -71.30600844485636, -29.442694397599041 ], [ -71.306038144368983, -29.442671625006522 ], [ -71.306049019813926, -29.442660307568673 ], [ -71.306056652936007, -29.442646264958924 ], [ -71.3060735099059, -29.442618151274257 ], [ -71.306074565007322, -29.442594483856336 ], [ -71.306074406093799, -29.442587457004482 ], [ -71.30607438176321, -29.44258638115307 ], [ -71.305425028650475, -29.442365466875742 ], [ -71.303991321936351, -29.441877694647619 ], [ -71.30151105050308, -29.441033814819079 ], [ -71.301412979386825, -29.441125160792033 ], [ -71.300312643479472, -29.442650008651889 ] ] ] ] } },
{ "type": "Feature", "properties": { "fid": 11, "OBJECTID": 52, "ZONA": "ZEU-P2", "REG": "Coquimbo", "COM": "La Higuera", "LOC": "Totoralillo Norte", "NOM": "ZEU-P2 Zona de Actividades Productivas", "UPERM": "Por disposiciones específicas que regulan el área intercomunal: Actividades Productivas molestas e Infraestructura sanitaria, energética y de transporte de impacto ambiental. Según disposiciones transitorias: Equipamiento, Actividad Productiva, Área Verde y Espacio público.", "UPROH": "Residencial, Equipamiento, Actividades Productivas de calificación contaminante y peligrosa", "P_DO": "10-04-2019", "N_DOC": "1", "T_DO": "Resolucion", "Link Resolucion": "http://ide.gorecoquimbo.gob.cl:81/archivos/otros/1563895034_Diario_oficial_pri_elqui.pdf", "Link Promulgacion": "http://ide.gorecoquimbo.gob.cl:81/archivos/otros/1563896042_Res_01_2019_pri_elqui.pdf", "Link Memoria": "http://ide.gorecoquimbo.gob.cl:81/archivos/otros/Memoria.pdf", "Descripcion": "Los Planes Reguladores Intercomunales (PRI) son un Instrumento de Planificación Territorial que regula el desarrollo físico de las áreas urbanas y rurales de diversas comunas, que por sus relaciones, se integran en una unidad urbana. Cuando esta unidad sobrepase los 500.000 habitantes, le corresponderá la categoría de área metropolitana para los efectos de su planificación. Se diferencia del Plan Regulador Comunal, que se enfoca en una sola comuna. ", "Origen de la Informacion": "Servicio Rest del Ministerio de Viviendas y Urbanismo, Disponible en: https://geoide.minvu.cl/server/rest/services/IPT/PRI_Coquimbo/FeatureServer/2" }, "geometry": { "type": "MultiPolygon", "coordinates": [ [ [ [ -71.319925148287382, -29.395793176694021 ], [ -71.31986476502577, -29.396082909539459 ], [ -71.318359867123959, -29.396045954340071 ], [ -71.318231875331605, -29.396165458519977 ], [ -71.318236491472462, -29.396454059719286 ], [ -71.317914677139854, -29.396856597094317 ], [ -71.317919030889058, -29.397091075203466 ], [ -71.318317828582138, -29.397598351420267 ], [ -71.318458944780545, -29.398227387955938 ], [ -71.318072385603273, -29.398585944695846 ], [ -71.317483003518078, -29.398533048934777 ], [ -71.317289297300775, -29.398707823177315 ], [ -71.317364439059773, -29.399338008586678 ], [ -71.316979359415001, -29.399804792915468 ], [ -71.317183930769446, -29.400378598552177 ], [ -71.316857547560929, -29.400438403176729 ], [ -71.316525384761547, -29.400101368793099 ], [ -71.316330947620898, -29.400158877538246 ], [ -71.316271075259124, -29.400556856459659 ], [ -71.3164068117553, -29.400906327933345 ], [ -71.316281931862335, -29.401305436341204 ], [ -71.316418634552065, -29.401654890930583 ], [ -71.315387065993619, -29.402647125581012 ], [ -71.315432928896442, -29.402831964563696 ], [ -71.315456158619497, -29.402925585496902 ], [ -71.314937074655347, -29.403106011321 ], [ -71.314821546947655, -29.4041454703396 ], [ -71.31469374046587, -29.404373223687234 ], [ -71.314176276800538, -29.404725024256095 ], [ -71.314114908555453, -29.405014772089725 ], [ -71.313549067638149, -29.405486853033597 ], [ -71.313275643408232, -29.405714969178312 ], [ -71.312105161898316, -29.406078100817169 ], [ -71.31191143249626, -29.406252867441673 ], [ -71.31185387247514, -29.406768081761452 ], [ -71.311533753507206, -29.407233725229993 ], [ -71.31114311766612, -29.407357780224849 ], [ -71.310551999538418, -29.407187608588405 ], [ -71.308793421809327, -29.407615038692413 ], [ -71.308274557955713, -29.407849564610192 ], [ -71.307750984627532, -29.407804507766098 ], [ -71.307361755547916, -29.408090911851492 ], [ -71.306970393166608, -29.408097690233305 ], [ -71.306573543742587, -29.407761752322283 ], [ -71.306569213803286, -29.407527271881474 ], [ -71.306436864366731, -29.407412286517214 ], [ -71.306047120113448, -29.407590440093664 ], [ -71.305525091408853, -29.407599475500902 ], [ -71.305138502760727, -29.40800310580352 ], [ -71.304767101841662, -29.407975414288899 ], [ -71.305046578916972, -29.408167080263048 ], [ -71.306763915495495, -29.409761192721188 ], [ -71.308008933782148, -29.410100478268706 ], [ -71.308602201724582, -29.410550284756322 ], [ -71.308674148497218, -29.411126403444037 ], [ -71.309142401451055, -29.412155738942797 ], [ -71.309079792069866, -29.412391378657983 ], [ -71.309483361484354, -29.413421833927252 ], [ -71.309539449829927, -29.413807221618715 ], [ -71.30958379460175, -29.41411191723947 ], [ -71.309672880945115, -29.414508627494822 ], [ -71.309781572034026, -29.414831130666858 ], [ -71.309788404830954, -29.414851405452509 ], [ -71.310638213219875, -29.415160628355636 ], [ -71.311050210614027, -29.415310540406416 ], [ -71.311546187797433, -29.415491007426574 ], [ -71.311665470752715, -29.415591384126326 ], [ -71.311821326923607, -29.415685193211605 ], [ -71.311824590166864, -29.415687101461451 ], [ -71.31212010172041, -29.415469032024369 ], [ -71.312641505372838, -29.41528857375026 ], [ -71.314210158786082, -29.415270347475513 ], [ -71.314931041588892, -29.415438245913013 ], [ -71.315321762576147, -29.415260048940581 ], [ -71.315648338164863, -29.415263393104674 ], [ -71.315911968759337, -29.415430213903484 ], [ -71.316369484316553, -29.415485406654479 ], [ -71.317223267535212, -29.415876512506916 ], [ -71.31774831830576, -29.415984652777336 ], [ -71.319771683570593, -29.415741935569013 ], [ -71.32162636018748, -29.417964937641813 ], [ -71.321701733223634, -29.418829666396345 ], [ -71.32216941938519, -29.419741682221208 ], [ -71.322374517195144, -29.420604147764585 ], [ -71.322466998676958, -29.420683721372168 ], [ -71.32283695855196, -29.421002039764861 ], [ -71.322844508150965, -29.421687524043303 ], [ -71.323240970789726, -29.42208656532803 ], [ -71.324353113976812, -29.422139328001482 ], [ -71.324873293241282, -29.421904715429427 ], [ -71.32486914540543, -29.421552959057269 ], [ -71.325197027335093, -29.421556255275004 ], [ -71.325391026367683, -29.421435591134198 ], [ -71.325445617404398, -29.420397193621934 ], [ -71.325181047870132, -29.420176281028059 ], [ -71.325440290034749, -29.419937202233225 ], [ -71.325302781437756, -29.419371263479206 ], [ -71.32569349669177, -29.419193036317974 ], [ -71.325691051803773, -29.418958526482374 ], [ -71.325362966649806, -29.418846979060511 ], [ -71.325293094086206, -29.418451263597984 ], [ -71.325160709827173, -29.418336298966658 ], [ -71.325219396635845, -29.417703785927895 ], [ -71.325085308272364, -29.41747157370752 ], [ -71.325145966942898, -29.417010429923646 ], [ -71.325010929805345, -29.416552703000782 ], [ -71.325527725612801, -29.416029467875802 ], [ -71.326050756116047, -29.416020333968028 ], [ -71.32631455533587, -29.416250279365411 ], [ -71.326641721981289, -29.416307713428363 ], [ -71.32728508370522, -29.415376303445896 ], [ -71.32734711593379, -29.415032412112673 ], [ -71.32721281353966, -29.414691950111994 ], [ -71.327472930846056, -29.414633277749864 ], [ -71.327933708527439, -29.414859777173476 ], [ -71.328127424073372, -29.414684987143463 ], [ -71.32805718721545, -29.414217109184438 ], [ -71.328248978622014, -29.413816821713468 ], [ -71.32778820517612, -29.413590322225822 ], [ -71.327588888949364, -29.413250997801381 ], [ -71.327586913871187, -29.413079628675806 ], [ -71.32784474871977, -29.412723293296249 ], [ -71.327765909705505, -29.411524843030506 ], [ -71.328287261643965, -29.411344326894742 ], [ -71.328280217713981, -29.410767089293852 ], [ -71.328539904372732, -29.410591145572592 ], [ -71.328730301750213, -29.410073604755855 ], [ -71.32872619746955, -29.409667720330756 ], [ -71.328329918284624, -29.409331839484739 ], [ -71.328127196040455, -29.408758021455203 ], [ -71.32779701586702, -29.408411962719295 ], [ -71.327727144012925, -29.408016248092483 ], [ -71.326867590982289, -29.407102075277201 ], [ -71.326795868012368, -29.406525966889191 ], [ -71.326921943831621, -29.406180955811362 ], [ -71.326698234335055, -29.405988043601688 ], [ -71.326460524937019, -29.40578305749553 ], [ -71.326132748872169, -29.405725633180023 ], [ -71.324776221042441, -29.404504377295165 ], [ -71.324746319517686, -29.404477835428672 ], [ -71.32467387399312, -29.403784460357013 ], [ -71.324856939107022, -29.402689690289598 ], [ -71.325437408596613, -29.401939814394961 ], [ -71.326344780966835, -29.401238355102347 ], [ -71.326600827104045, -29.400719671381967 ], [ -71.326619389259932, -29.400714836407452 ], [ -71.326655067653846, -29.40070374374708 ], [ -71.326384464685972, -29.400606754592033 ], [ -71.325155308371052, -29.400041247434427 ], [ -71.325022212232085, -29.399809016437196 ], [ -71.323453807354753, -29.399827356995726 ], [ -71.323352754760748, -29.399739797932408 ], [ -71.323321128367397, -29.399712394416117 ], [ -71.322340413883808, -29.399666344138648 ], [ -71.321946011655228, -29.399438664020433 ], [ -71.322010283908867, -29.399320267010012 ], [ -71.321547949918781, -29.398922366263445 ], [ -71.321215746354241, -29.39841394027729 ], [ -71.321139029604723, -29.397431954937922 ], [ -71.321328654816497, -29.396851287655664 ], [ -71.32106512429057, -29.396630346381009 ], [ -71.320930401918019, -29.396226734574089 ], [ -71.319874393087829, -29.395315930575851 ], [ -71.319846757207941, -29.395280326400123 ], [ -71.319787009681804, -29.395281366763541 ], [ -71.319658698227329, -29.395400877795577 ], [ -71.319925148287382, -29.395793176694021 ] ] ] ] } },
{ "type": "Feature", "properties": { "fid": 12, "OBJECTID": 53, "ZONA": "ZEU-P2", "REG": "Coquimbo", "COM": "La Higuera", "LOC": "Totoralillo Norte", "NOM": "ZEU-P2 Zona de Actividades Productivas", "UPERM": "Por disposiciones específicas que regulan el área intercomunal: Actividades Productivas molestas e Infraestructura sanitaria, energética y de transporte de impacto ambiental. Según disposiciones transitorias: Equipamiento, Actividad Productiva, Área Verde y Espacio público.", "UPROH": "Residencial, Equipamiento, Actividades Productivas de calificación contaminante y peligrosa", "P_DO": "10-04-2019", "N_DOC": "1", "T_DO": "Resolucion", "Link Resolucion": "http://ide.gorecoquimbo.gob.cl:81/archivos/otros/1563895034_Diario_oficial_pri_elqui.pdf", "Link Promulgacion": "http://ide.gorecoquimbo.gob.cl:81/archivos/otros/1563896042_Res_01_2019_pri_elqui.pdf", "Link Memoria": "http://ide.gorecoquimbo.gob.cl:81/archivos/otros/Memoria.pdf", "Descripcion": "Los Planes Reguladores Intercomunales (PRI) son un Instrumento de Planificación Territorial que regula el desarrollo físico de las áreas urbanas y rurales de diversas comunas, que por sus relaciones, se integran en una unidad urbana. Cuando esta unidad sobrepase los 500.000 habitantes, le corresponderá la categoría de área metropolitana para los efectos de su planificación. Se diferencia del Plan Regulador Comunal, que se enfoca en una sola comuna. ", "Origen de la Informacion": "Servicio Rest del Ministerio de Viviendas y Urbanismo, Disponible en: https://geoide.minvu.cl/server/rest/services/IPT/PRI_Coquimbo/FeatureServer/2" }, "geometry": { "type": "MultiPolygon", "coordinates": [ [ [ [ -71.314406054188993, -29.489262734228969 ], [ -71.314620380429901, -29.491171197407422 ], [ -71.314643742833042, -29.491677301896051 ], [ -71.31471567836418, -29.493235599497304 ], [ -71.31474280955122, -29.493823306943629 ], [ -71.316101575308437, -29.495559070868694 ], [ -71.317679328712856, -29.497093048520789 ], [ -71.318699621122022, -29.497977677644464 ], [ -71.31905506276253, -29.498232836592262 ], [ -71.314253282827806, -29.509314829745531 ], [ -71.31419264537378, -29.511312153244202 ], [ -71.314183761267785, -29.511604779239004 ], [ -71.314424396196358, -29.511788861397786 ], [ -71.314588787233035, -29.511790359466698 ], [ -71.314706304929729, -29.511811923711715 ], [ -71.314870958199279, -29.511813432198611 ], [ -71.315035765156352, -29.511814941412418 ], [ -71.31508288028914, -29.511815373776297 ], [ -71.315295056126132, -29.511817316909546 ], [ -71.315342240350319, -29.511817748879707 ], [ -71.315554741093209, -29.51179935788678 ], [ -71.31567293941481, -29.511780196475172 ], [ -71.315791213453323, -29.511719755063019 ], [ -71.315862213430378, -29.511699862408939 ], [ -71.316051666288274, -29.511639800688656 ], [ -71.316099035236633, -29.511640105579467 ], [ -71.316241199227363, -29.511620437606084 ], [ -71.316478331513679, -29.511621955639981 ], [ -71.316480664896773, -29.511621565838777 ], [ -71.316596985286807, -29.511602115186093 ], [ -71.31669195094679, -29.511602719690064 ], [ -71.316739448693639, -29.511603020303294 ], [ -71.316977080985794, -29.511604532339287 ], [ -71.317095942388306, -29.511605215236884 ], [ -71.317167218565729, -29.511605515210686 ], [ -71.317309808478797, -29.511564860191076 ], [ -71.317476238229887, -29.511544915752371 ], [ -71.317571373260051, -29.511524672612374 ], [ -71.317714120621687, -29.511463336355153 ], [ -71.317785511274238, -29.51140169723552 ], [ -71.317856916187012, -29.511360686279911 ], [ -71.317999784298891, -29.511340588279282 ], [ -71.318285697417991, -29.511341680811032 ], [ -71.318357212038563, -29.511341953439242 ], [ -71.31852451094251, -29.511342921402015 ], [ -71.318716311547192, -29.511344401715377 ], [ -71.31876429340862, -29.511344771648169 ], [ -71.318932333116052, -29.511346068986338 ], [ -71.318956350849973, -29.511346253448131 ], [ -71.319124462698255, -29.511368169603482 ], [ -71.319292382492677, -29.511451976913168 ], [ -71.319436693569003, -29.511473761312434 ], [ -71.319653299999828, -29.511516789534806 ], [ -71.319749630730897, -29.511538221995895 ], [ -71.319918195656598, -29.511539382605022 ], [ -71.320110774634273, -29.511540564929057 ], [ -71.320183031699443, -29.511541007643793 ], [ -71.320249163889457, -29.511530081073005 ], [ -71.320303651382147, -29.511521079063673 ], [ -71.320375676967203, -29.511490723806318 ], [ -71.320400367880609, -29.511480317709339 ], [ -71.320521368075362, -29.511398204712837 ], [ -71.32059358986433, -29.511377764089136 ], [ -71.320690234970172, -29.511336823349879 ], [ -71.320834566449221, -29.511233469464781 ], [ -71.320978960605586, -29.51115085823745 ], [ -71.321027985400548, -29.511109853957208 ], [ -71.32112676588676, -29.511007277230267 ], [ -71.32117658080054, -29.510924895798123 ], [ -71.32142117816133, -29.51065629547552 ], [ -71.321738042081435, -29.510303813987814 ], [ -71.321886785138986, -29.510159124228124 ], [ -71.322108994649469, -29.509868321479122 ], [ -71.322475457397658, -29.509639595729329 ], [ -71.322911939127792, -29.509494393542518 ], [ -71.322977870628208, -29.509402923093031 ], [ -71.323065487417637, -29.509311549915239 ], [ -71.323130823405307, -29.509256459722589 ], [ -71.323217962314885, -29.509164224236713 ], [ -71.323304920494692, -29.5090716688903 ], [ -71.323391483414738, -29.508997301298752 ], [ -71.323499713356156, -29.508904315339301 ], [ -71.323631547319351, -29.508794707823228 ], [ -71.32369781905895, -29.508740155830139 ], [ -71.323763808572508, -29.508703992618518 ], [ -71.323896243196728, -29.508613156979695 ], [ -71.32398428974065, -29.508539706728818 ], [ -71.324094117202705, -29.508447531377428 ], [ -71.324137930844088, -29.508429302447702 ], [ -71.324225880168584, -29.508355493792081 ], [ -71.324248164790788, -29.508299689944941 ], [ -71.324380673938123, -29.508208005437943 ], [ -71.324447254686959, -29.508152928959287 ], [ -71.324514110709956, -29.508079171466509 ], [ -71.324558787036167, -29.508023749996831 ], [ -71.324625598402235, -29.507949805588112 ], [ -71.324630521956863, -29.507944298496472 ], [ -71.324692022107982, -29.507875509778213 ], [ -71.324801645679713, -29.507744562435544 ], [ -71.32486745118409, -29.507688575528032 ], [ -71.324911329075931, -29.50763239477984 ], [ -71.324955209966305, -29.507557354664186 ], [ -71.324957854709098, -29.507552905942891 ], [ -71.324999644254888, -29.507482614290382 ], [ -71.325110471748403, -29.507370889271133 ], [ -71.325221224072564, -29.507296709969744 ], [ -71.325241456421779, -29.507279734934034 ], [ -71.325265583661931, -29.507259492756663 ], [ -71.325397944962319, -29.507185121115203 ], [ -71.325485580831568, -29.507128901742469 ], [ -71.32550742225844, -29.507110089719262 ], [ -71.325639372605636, -29.507054249642934 ], [ -71.325727081499636, -29.506997987342622 ], [ -71.325881928909425, -29.506980333737619 ], [ -71.32603613842241, -29.506962343792225 ], [ -71.32627638126165, -29.506962838514383 ], [ -71.326472717789429, -29.506963127914762 ], [ -71.326692213107677, -29.507058505225494 ], [ -71.326823066101952, -29.507077571865821 ], [ -71.327019139219871, -29.50709663052638 ], [ -71.32715097365157, -29.507153896214337 ], [ -71.327346325882047, -29.507153748666184 ], [ -71.327389525754498, -29.507153637250809 ], [ -71.327627705540465, -29.507172169687163 ], [ -71.327692483690583, -29.507172002349169 ], [ -71.327727630386264, -29.507171911872348 ], [ -71.327778843227222, -29.5071717799825 ], [ -71.327888537391317, -29.507143476561659 ], [ -71.327928660476232, -29.507133123612107 ], [ -71.327947425868274, -29.507133228872476 ], [ -71.328061253874509, -29.507133865799943 ], [ -71.32812734771916, -29.507077417622696 ], [ -71.328215497335151, -29.507021053087552 ], [ -71.32828162242069, -29.506964579933506 ], [ -71.328347759555868, -29.50690809571206 ], [ -71.32841524751025, -29.506853091666891 ], [ -71.32841622755501, -29.506852293243259 ], [ -71.328428155626781, -29.506847822565476 ], [ -71.328511114277035, -29.506816731175046 ], [ -71.32857516282273, -29.506787816811372 ], [ -71.328611272725212, -29.506771514879663 ], [ -71.328629638497873, -29.506763223594522 ], [ -71.328629392454758, -29.506710542812598 ], [ -71.328955772366655, -29.506425169350059 ], [ -71.328823742681337, -29.506021530554079 ], [ -71.329019874480281, -29.505846692433977 ], [ -71.329412084837998, -29.505902968427229 ], [ -71.329673006211323, -29.505447338081815 ], [ -71.330064725942293, -29.505214943574831 ], [ -71.330129740844058, -29.505042402340926 ], [ -71.330128275342673, -29.504528222588164 ], [ -71.329997219870407, -29.504350097009095 ], [ -71.328653179820932, -29.503624890972073 ], [ -71.328725658603943, -29.50351085702966 ], [ -71.328850719748658, -29.503314711708068 ], [ -71.329112504061058, -29.503319146367286 ], [ -71.329241896603762, -29.503199604194165 ], [ -71.329302988428495, -29.502855730456226 ], [ -71.329696154160331, -29.502911988412869 ], [ -71.330086692002823, -29.502670594330993 ], [ -71.329686207855332, -29.501928857579891 ], [ -71.329815756226182, -29.501872460333271 ], [ -71.330147349863267, -29.502209452153814 ], [ -71.330472756328376, -29.502149621725614 ], [ -71.330007474359718, -29.501463148647943 ], [ -71.330137070125502, -29.501352622658406 ], [ -71.330466671638419, -29.501518247085887 ], [ -71.330793522002622, -29.50152153876833 ], [ -71.330922910314371, -29.501401995162421 ], [ -71.330975709819242, -29.500246361975005 ], [ -71.331105303028892, -29.500135836067162 ], [ -71.33136762599851, -29.500248511447854 ], [ -71.331503637085092, -29.500643056659623 ], [ -71.331701693018672, -29.500820005693615 ], [ -71.332227150557017, -29.500982191016952 ], [ -71.333465824225016, -29.500626672566991 ], [ -71.334115202108109, -29.50016421672894 ], [ -71.335006056992398, -29.497965456771215 ], [ -71.33505929279174, -29.496872963667307 ], [ -71.33557786119016, -29.496412798245764 ], [ -71.335896922724871, -29.495712565736653 ], [ -71.335893520332661, -29.495423948566621 ], [ -71.335627206598105, -29.494968549150453 ], [ -71.335299297529374, -29.494974308597659 ], [ -71.335077716887227, -29.494784380101812 ], [ -71.334969275213453, -29.494691428176864 ], [ -71.334898329263211, -29.494169447566655 ], [ -71.335215644233486, -29.493252739658374 ], [ -71.335713132594279, -29.492748991249197 ], [ -71.335732424121574, -29.492729457475967 ], [ -71.335728264865438, -29.492323578713531 ], [ -71.335387453103593, -29.491120731276304 ], [ -71.335580807877733, -29.49088278530872 ], [ -71.335578580293515, -29.490603168694239 ], [ -71.335706708946546, -29.490429516433529 ], [ -71.33576853295817, -29.490076605996737 ], [ -71.335305436464708, -29.489624660966406 ], [ -71.335167110424464, -29.488932461983289 ], [ -71.334835547491323, -29.488595479705786 ], [ -71.334834515422941, -29.488424096262019 ], [ -71.334224139416776, -29.487950955252103 ], [ -71.334178914249591, -29.487906276690751 ], [ -71.33332832880464, -29.487966310119745 ], [ -71.332420966062529, -29.488512529069162 ], [ -71.331638043551777, -29.489646706769062 ], [ -71.330950158254211, -29.490643185505949 ], [ -71.330044732766055, -29.491954308853426 ], [ -71.328119033618307, -29.494742738516791 ], [ -71.327240541326049, -29.495789437463454 ], [ -71.326491929128025, -29.495374128097751 ], [ -71.323921919381192, -29.493948297644156 ], [ -71.325910072393825, -29.490894061001558 ], [ -71.325445844111385, -29.490919035932958 ], [ -71.325314323278974, -29.49080405823279 ], [ -71.32387190138877, -29.490531568893054 ], [ -71.323600881319905, -29.49042256390366 ], [ -71.322754122988357, -29.490081988519925 ], [ -71.322147546441457, -29.489947607908618 ], [ -71.321508521818316, -29.489806035256724 ], [ -71.319340005800882, -29.488905654936335 ], [ -71.317776516332714, -29.488001205297355 ], [ -71.316705899974494, -29.487381853138512 ], [ -71.316308713972759, -29.486919660977534 ], [ -71.316302872717145, -29.486351416483313 ], [ -71.316803381823576, -29.48527380006291 ], [ -71.31681400449186, -29.485250928660736 ], [ -71.316465691148991, -29.483353486826658 ], [ -71.316375068021628, -29.48326107324926 ], [ -71.316135168914911, -29.483016432857841 ], [ -71.315087869781181, -29.48302564445925 ], [ -71.314692670348009, -29.482734818287536 ], [ -71.314691601050541, -29.482730326153114 ], [ -71.314556339756194, -29.482222971447527 ], [ -71.313937561910294, -29.483559147201877 ], [ -71.313871063854648, -29.483702739267724 ], [ -71.313950601852895, -29.4845294057396 ], [ -71.314073411048113, -29.485805771139511 ], [ -71.314406054188993, -29.489262734228969 ] ] ] ] } },
{ "type": "Feature", "properties": { "fid": 13, "OBJECTID": 54, "ZONA": "AV", "REG": "Coquimbo", "COM": "Coquimbo", "LOC": "Panul", "NOM": "Áreas Verdes Intercomunales", "UPERM": "Equipamiento: Científico, Culto y Cultura, Deporte y Esparcimiento; Espacio Público", "UPROH": "Todos los no indicados precedentemente como permitidos", "P_DO": "10-04-2019", "N_DOC": "1", "T_DO": "Resolucion", "Link Resolucion": "http://ide.gorecoquimbo.gob.cl:81/archivos/otros/1563895034_Diario_oficial_pri_elqui.pdf", "Link Promulgacion": "http://ide.gorecoquimbo.gob.cl:81/archivos/otros/1563896042_Res_01_2019_pri_elqui.pdf", "Link Memoria": "http://ide.gorecoquimbo.gob.cl:81/archivos/otros/Memoria.pdf", "Descripcion": "Los Planes Reguladores Intercomunales (PRI) son un Instrumento de Planificación Territorial que regula el desarrollo físico de las áreas urbanas y rurales de diversas comunas, que por sus relaciones, se integran en una unidad urbana. Cuando esta unidad sobrepase los 500.000 habitantes, le corresponderá la categoría de área metropolitana para los efectos de su planificación. Se diferencia del Plan Regulador Comunal, que se enfoca en una sola comuna. ", "Origen de la Informacion": "Servicio Rest del Ministerio de Viviendas y Urbanismo, Disponible en: https://geoide.minvu.cl/server/rest/services/IPT/PRI_Coquimbo/FeatureServer/2" }, "geometry": { "type": "MultiPolygon", "coordinates": [ [ [ [ -71.298427246456399, -29.459455237390763 ], [ -71.298236723022399, -29.460719667838138 ], [ -71.297711942994042, -29.464202292594248 ], [ -71.296024535968286, -29.467409573128609 ], [ -71.295951045229288, -29.467549253226579 ], [ -71.295720959731526, -29.467986562801382 ], [ -71.290039446022604, -29.470747570989221 ], [ -71.290046873351045, -29.470821909109706 ], [ -71.290048992550467, -29.470829178306882 ], [ -71.29005192494634, -29.470854870020617 ], [ -71.290120276496836, -29.471184637546035 ], [ -71.290148220557739, -29.471264850017899 ], [ -71.290151943342622, -29.471269523157403 ], [ -71.290153321608429, -29.471274651655872 ], [ -71.290246334626801, -29.471446544331258 ], [ -71.290257438898692, -29.471460050612578 ], [ -71.29029857346481, -29.471519215008644 ], [ -71.290591638679217, -29.471835856650291 ], [ -71.290858817436273, -29.472216843282322 ], [ -71.290882522169397, -29.472242612946083 ], [ -71.290896778026607, -29.472262521633581 ], [ -71.291240808381843, -29.472614821275918 ], [ -71.291642196901819, -29.473127412302546 ], [ -71.29171750188469, -29.47325042499709 ], [ -71.291801426594887, -29.4734256837449 ], [ -71.291992106944065, -29.473963084751986 ], [ -71.292008130133681, -29.474000709189937 ], [ -71.292036785197013, -29.474048089302933 ], [ -71.292180810263915, -29.474248609956504 ], [ -71.29224006314449, -29.474313229799357 ], [ -71.29250713987642, -29.474543501650061 ], [ -71.29255222867053, -29.474577417858164 ], [ -71.292796498446108, -29.474732714141673 ], [ -71.292830987499499, -29.474749226312394 ], [ -71.292853055194769, -29.474762912332803 ], [ -71.293102133602275, -29.474872929746354 ], [ -71.293134918835676, -29.474885748908214 ], [ -71.293135497371011, -29.474886075438398 ], [ -71.293570639031913, -29.475037579477299 ], [ -71.293769091841469, -29.475136890292244 ], [ -71.294012549601405, -29.475315453113279 ], [ -71.294067272235324, -29.475383702896419 ], [ -71.294284897067527, -29.475956566251732 ], [ -71.294148600403844, -29.476140303147925 ], [ -71.294128052174827, -29.476175320253308 ], [ -71.294120095520199, -29.476185516545218 ], [ -71.294065282087558, -29.476289412532445 ], [ -71.29406293382462, -29.476299225199277 ], [ -71.294055668211783, -29.476309158768771 ], [ -71.29402741747559, -29.476432659642459 ], [ -71.294024321952818, -29.476555206085596 ], [ -71.294025928649035, -29.476562315335578 ], [ -71.294024301905409, -29.476570288689238 ], [ -71.294045166119631, -29.47667670539073 ], [ -71.294091174473181, -29.476798144131493 ], [ -71.294104799823842, -29.476829228384034 ], [ -71.294139222761729, -29.476884409559752 ], [ -71.29426141195276, -29.477045175402719 ], [ -71.294286001971372, -29.477070929098357 ], [ -71.294295676118239, -29.477084196230322 ], [ -71.29475300915486, -29.47753735602295 ], [ -71.294856667154377, -29.477640067848654 ], [ -71.29520678234897, -29.478110600172862 ], [ -71.295379382619004, -29.47841227411055 ], [ -71.295395193637873, -29.478431065589721 ], [ -71.295428104679843, -29.478478306429558 ], [ -71.295719325602136, -29.478791853635148 ], [ -71.295789679420054, -29.478910510453616 ], [ -71.295872062726218, -29.479090942185771 ], [ -71.295980556484892, -29.479328556411147 ], [ -71.295993777507022, -29.479345737065042 ], [ -71.29599902341667, -29.479363472196926 ], [ -71.296247260069876, -29.479773868589024 ], [ -71.296620997891424, -29.480668989631592 ], [ -71.296630536761555, -29.480689805430416 ], [ -71.296654851772018, -29.480730999250376 ], [ -71.296730410260764, -29.480841032080253 ], [ -71.296745146218697, -29.480857204935795 ], [ -71.296854723111693, -29.480869656739326 ], [ -71.2971304160952, -29.480221377592716 ], [ -71.297335975916937, -29.4798960676946 ], [ -71.297831355228467, -29.479548815978362 ], [ -71.298487237775348, -29.479452808475298 ], [ -71.298952709046546, -29.479495566928922 ], [ -71.299323356537272, -29.47962463673484 ], [ -71.299974039870435, -29.480155294200035 ], [ -71.300351576400871, -29.480589065353431 ], [ -71.30064254656105, -29.48061790160639 ], [ -71.30128712088127, -29.48087770394568 ], [ -71.301773858453615, -29.481004757657633 ], [ -71.302180530646808, -29.48101465260789 ], [ -71.302738532754887, -29.480869514438862 ], [ -71.303199032943297, -29.480692193991718 ], [ -71.304020993790516, -29.480237654846533 ], [ -71.304959411103951, -29.479798028634409 ], [ -71.30573811022893, -29.479605794779136 ], [ -71.30676686611875, -29.480853249397139 ], [ -71.307599457641714, -29.482443418091943 ], [ -71.307684989734312, -29.482539183107885 ], [ -71.307903082177944, -29.482762312898831 ], [ -71.308417823050362, -29.482996502081846 ], [ -71.308797503513503, -29.482584705848552 ], [ -71.309621712033461, -29.482578497720016 ], [ -71.309896899033774, -29.482460259925329 ], [ -71.310749445679065, -29.48125414681207 ], [ -71.310885014156597, -29.481105916957855 ], [ -71.311775612977968, -29.480352965350015 ], [ -71.312377598571786, -29.480350604452187 ], [ -71.312962113729981, -29.480802372208732 ], [ -71.31305250646848, -29.481927268768548 ], [ -71.312871510304859, -29.482522016076846 ], [ -71.313185881947319, -29.482905544250674 ], [ -71.313188772154817, -29.483440363242753 ], [ -71.312946091701406, -29.484173952699599 ], [ -71.313205219448903, -29.48436799583412 ], [ -71.313391869250424, -29.484429580922377 ], [ -71.313950601852895, -29.4845294057396 ], [ -71.313871063854648, -29.483702739267724 ], [ -71.313937561910294, -29.483559147201877 ], [ -71.314556339756194, -29.482222971447527 ], [ -71.315069583020318, -29.481357008320103 ], [ -71.315514272486098, -29.480140404248562 ], [ -71.314920216905335, -29.479690655328394 ], [ -71.314716723582976, -29.478945422073359 ], [ -71.314484705096916, -29.478668032670992 ], [ -71.314415477053089, -29.478644195552778 ], [ -71.313883304014951, -29.478460953933858 ], [ -71.313086049417777, -29.478387803787719 ], [ -71.31307803636291, -29.478383546974879 ], [ -71.312657779789163, -29.47816029113671 ], [ -71.312614285988857, -29.478161047446481 ], [ -71.312598315176615, -29.478174667062266 ], [ -71.312386230261481, -29.4782259386932 ], [ -71.312419899883253, -29.47832681183495 ], [ -71.312359487226658, -29.478787952715262 ], [ -71.312100712740389, -29.479027007342768 ], [ -71.311514506225265, -29.479262730551081 ], [ -71.311056635710003, -29.47926166553831 ], [ -71.310333798403988, -29.478985538048804 ], [ -71.30967410527434, -29.478410604398047 ], [ -71.309610749255839, -29.478232497683948 ], [ -71.309451754516857, -29.477785525320837 ], [ -71.309404760269658, -29.477810504587861 ], [ -71.309057092029775, -29.476805787461902 ], [ -71.308966851845767, -29.476545002044372 ], [ -71.308729585436055, -29.474852291032203 ], [ -71.308663400916046, -29.474770570870266 ], [ -71.308576121256607, -29.473765601401787 ], [ -71.309094251104753, -29.473242389592251 ], [ -71.310653263464999, -29.472304156395168 ], [ -71.311829073648084, -29.472184493942073 ], [ -71.312090173381989, -29.472062677722167 ], [ -71.312202725579667, -29.471969043702142 ], [ -71.312931907667746, -29.471362419481999 ], [ -71.314240149614704, -29.471357711090938 ], [ -71.314435282819645, -29.471182909088917 ], [ -71.314431625444101, -29.470894288097025 ], [ -71.314038582682116, -29.470837975811619 ], [ -71.313840176317271, -29.470670020419444 ], [ -71.313318989064499, -29.470787341913077 ], [ -71.313120260319991, -29.470619391002582 ], [ -71.31298179376509, -29.469927151349985 ], [ -71.313107575958711, -29.469464874160956 ], [ -71.313113914476233, -29.469460253181651 ], [ -71.313625804480509, -29.469004793130942 ], [ -71.314409562883441, -29.468873881064397 ], [ -71.315577594723194, -29.468059675343671 ], [ -71.31649472697562, -29.468170008373047 ], [ -71.316688562232542, -29.467995227768398 ], [ -71.316946770000683, -29.46764791895275 ], [ -71.316940992900044, -29.467124779601203 ], [ -71.316022436232629, -29.466852086982929 ], [ -71.315889259949543, -29.466619849965966 ], [ -71.316018362839102, -29.466446195491184 ], [ -71.316011099529931, -29.465814825421337 ], [ -71.316204987350162, -29.465585915645672 ], [ -71.316197518301195, -29.464945527632214 ], [ -71.316457566987282, -29.464778616164036 ], [ -71.317046229562152, -29.464768364597507 ], [ -71.317369422135187, -29.464474052338769 ], [ -71.317631110599763, -29.464478515090057 ], [ -71.317760474356788, -29.464358983566445 ], [ -71.317952390501574, -29.463958700836205 ], [ -71.317948312378149, -29.463552807817052 ], [ -71.318398361067139, -29.462859342180877 ], [ -71.318199228226803, -29.46257412772783 ], [ -71.318195883747663, -29.462285501461615 ], [ -71.317671549819664, -29.462177357344697 ], [ -71.317088323550394, -29.462638584648879 ], [ -71.316824879811804, -29.462471765856243 ], [ -71.316821483572582, -29.462237269364824 ], [ -71.316559271481452, -29.462124555792169 ], [ -71.314998914706777, -29.463008746012271 ], [ -71.314736704430473, -29.462896030622922 ], [ -71.314668582484188, -29.462662658257592 ], [ -71.314406781745518, -29.462667212957598 ], [ -71.313696537199448, -29.463536596759955 ], [ -71.313107735265149, -29.463483685004419 ], [ -71.312646344546792, -29.463139870706158 ], [ -71.312144271864312, -29.46308995764473 ], [ -71.3121225933007, -29.463085823648441 ], [ -71.311460546166629, -29.462402677753467 ], [ -71.311523234974231, -29.462112903306256 ], [ -71.311391006455523, -29.462006944143223 ], [ -71.310997738735892, -29.46189649618503 ], [ -71.310665874770166, -29.461496297009731 ], [ -71.310208084994329, -29.461495223788607 ], [ -71.309879607503447, -29.461329519925432 ], [ -71.309680502974317, -29.461044291148617 ], [ -71.309741908271477, -29.460754539617472 ], [ -71.309910770061407, -29.460238766184101 ], [ -71.309838777881183, -29.460262369643562 ], [ -71.30924956358335, -29.460174584309605 ], [ -71.309069149748041, -29.460147704562797 ], [ -71.307457157176657, -29.459907520830491 ], [ -71.307303005390196, -29.45991611057033 ], [ -71.298427246456399, -29.459455237390763 ] ] ] ] } },
{ "type": "Feature", "properties": { "fid": 14, "OBJECTID": 109, "ZONA": "ZEU-6", "REG": "Coquimbo", "COM": "La Higuera", "LOC": "El Trapiche", "NOM": "ZEU-6 Zona de Extension Urbana 6", "UPERM": "Residencial, Equipamiento, Espacio Público, Área Verde", "UPROH": "Todos los no señalados como permitidos precedentemente", "P_DO": "10-04-2019", "N_DOC": "1", "T_DO": "Resolucion", "Link Resolucion": "http://ide.gorecoquimbo.gob.cl:81/archivos/otros/1563895034_Diario_oficial_pri_elqui.pdf", "Link Promulgacion": "http://ide.gorecoquimbo.gob.cl:81/archivos/otros/1563896042_Res_01_2019_pri_elqui.pdf", "Link Memoria": "http://ide.gorecoquimbo.gob.cl:81/archivos/otros/Memoria.pdf", "Descripcion": "Los Planes Reguladores Intercomunales (PRI) son un Instrumento de Planificación Territorial que regula el desarrollo físico de las áreas urbanas y rurales de diversas comunas, que por sus relaciones, se integran en una unidad urbana. Cuando esta unidad sobrepase los 500.000 habitantes, le corresponderá la categoría de área metropolitana para los efectos de su planificación. Se diferencia del Plan Regulador Comunal, que se enfoca en una sola comuna. ", "Origen de la Informacion": "Servicio Rest del Ministerio de Viviendas y Urbanismo, Disponible en: https://geoide.minvu.cl/server/rest/services/IPT/PRI_Coquimbo/FeatureServer/2" }, "geometry": { "type": "MultiPolygon", "coordinates": [ [ [ [ -71.119990212964794, -29.369797908464339 ], [ -71.119981375168337, -29.369809027272709 ], [ -71.119975841281246, -29.369800448511246 ], [ -71.11643921810051, -29.37116362465224 ], [ -71.115679558692179, -29.371410014623173 ], [ -71.115123842106698, -29.371742551682022 ], [ -71.11509290279399, -29.37176007840851 ], [ -71.11440611310897, -29.372149127104606 ], [ -71.114311513304841, -29.372203593632289 ], [ -71.11422664273131, -29.37225245814939 ], [ -71.113999762967225, -29.372383084298789 ], [ -71.11288801449146, -29.373037815540322 ], [ -71.112624033768512, -29.373411915767981 ], [ -71.112291617893931, -29.373842052762662 ], [ -71.111926516070014, -29.374116601910572 ], [ -71.111390945140954, -29.374494636292948 ], [ -71.110533841409989, -29.375090533857335 ], [ -71.109917186738343, -29.375257074354614 ], [ -71.108677707049154, -29.375601444831069 ], [ -71.106337165939721, -29.376242537537198 ], [ -71.106386107116521, -29.376387345765352 ], [ -71.106419217680283, -29.376604243101287 ], [ -71.106423852408312, -29.37682923229794 ], [ -71.106389082587611, -29.377265570241583 ], [ -71.106411702334739, -29.377446529802778 ], [ -71.106502580186259, -29.377696369318127 ], [ -71.106613761500469, -29.377817796845616 ], [ -71.106773783291374, -29.378123253683235 ], [ -71.106877407100797, -29.378324896528017 ], [ -71.106956768856108, -29.378555965494328 ], [ -71.107262759084492, -29.378493077918272 ], [ -71.107798689488192, -29.378382930885188 ], [ -71.108173067243825, -29.378302155775007 ], [ -71.108343347252458, -29.378265415943464 ], [ -71.108390817892868, -29.378255640966817 ], [ -71.110404893758684, -29.377840905566639 ], [ -71.110521402375596, -29.377816912933667 ], [ -71.110596683422884, -29.377801410679051 ], [ -71.110630048118637, -29.377794463912078 ], [ -71.110748299961827, -29.377769842597164 ], [ -71.111195144451202, -29.377676802424947 ], [ -71.111350256108267, -29.37764450524848 ], [ -71.111608577376188, -29.377590719364466 ], [ -71.111846336355356, -29.377541210531099 ], [ -71.111915861364494, -29.377526733448999 ], [ -71.11205635446764, -29.377497479327744 ], [ -71.112458696034807, -29.37741369957859 ], [ -71.112486016108306, -29.377408011122913 ], [ -71.112574050336917, -29.377389727985971 ], [ -71.113421852753007, -29.377213651018458 ], [ -71.113543973312233, -29.377188287448092 ], [ -71.113649459215765, -29.377166379627418 ], [ -71.113800270183404, -29.377135057287799 ], [ -71.113842467880971, -29.377125142075592 ], [ -71.114113697832252, -29.377061408980083 ], [ -71.114302201122328, -29.377017114219932 ], [ -71.114642172099423, -29.376937227002504 ], [ -71.114746847852601, -29.376904562224848 ], [ -71.115026547115775, -29.376817279297878 ], [ -71.115078151035632, -29.376801175854638 ], [ -71.115297576798653, -29.376717753055587 ], [ -71.115432783298601, -29.376635668366799 ], [ -71.115550758565163, -29.376569229141474 ], [ -71.116125397354793, -29.376196400850091 ], [ -71.116419941959421, -29.376010223869056 ], [ -71.116736821735842, -29.37580822564902 ], [ -71.116942617834169, -29.375730462515673 ], [ -71.11701875027984, -29.375659985996464 ], [ -71.117204893465541, -29.375489554978667 ], [ -71.117305996156617, -29.375384681359748 ], [ -71.117390244054377, -29.375297291654253 ], [ -71.117496807522173, -29.375183201548737 ], [ -71.117626370021696, -29.375026924283407 ], [ -71.117693763009257, -29.374939963667853 ], [ -71.117746857461469, -29.37487145331637 ], [ -71.117824205677294, -29.374764440431253 ], [ -71.117857236997082, -29.374718741254199 ], [ -71.117981799951878, -29.374526528121788 ], [ -71.118001693329362, -29.374495830531792 ], [ -71.118068223751436, -29.374387347358077 ], [ -71.118119629598183, -29.374240169905672 ], [ -71.118163485660617, -29.374114608799143 ], [ -71.118197858441462, -29.374018515249041 ], [ -71.118265275437494, -29.373892983907172 ], [ -71.118330123504279, -29.373772235449572 ], [ -71.118360817533855, -29.373716760713691 ], [ -71.118466426498827, -29.373525891359712 ], [ -71.118550659968321, -29.373351753264725 ], [ -71.118627477159222, -29.373192946298101 ], [ -71.118702755235915, -29.373037321539577 ], [ -71.118837238266522, -29.372868280632556 ], [ -71.118868136367169, -29.372829442267779 ], [ -71.118995497341388, -29.372667520192284 ], [ -71.119096451080111, -29.372539170929109 ], [ -71.119126149337944, -29.372497515893151 ], [ -71.119192393295094, -29.372404601938999 ], [ -71.119249566511172, -29.372324409165728 ], [ -71.119355608260832, -29.372177631205364 ], [ -71.119469286829798, -29.372009500610105 ], [ -71.11957128952254, -29.371862788517571 ], [ -71.119700610089623, -29.371669637567326 ], [ -71.119879202301149, -29.371514628521751 ], [ -71.120018963527812, -29.37138723134667 ], [ -71.120200035033179, -29.371205189734386 ], [ -71.120318705087669, -29.371082983485213 ], [ -71.120419521188893, -29.370984067839544 ], [ -71.120573471629271, -29.370833019985024 ], [ -71.120615669293329, -29.370791617824921 ], [ -71.120194098108485, -29.370138228380313 ], [ -71.120167417319664, -29.370096875235372 ], [ -71.120718775203059, -29.369629687031413 ], [ -71.120756326569108, -29.369594027426327 ], [ -71.121866708959132, -29.368539569841616 ], [ -71.121970115413603, -29.368439199015686 ], [ -71.121906429207868, -29.368384123260796 ], [ -71.121696989531557, -29.368202999731707 ], [ -71.120738115538302, -29.369133739923555 ], [ -71.119990212964794, -29.369797908464339 ] ] ] ] } },
{ "type": "Feature", "properties": { "fid": 15, "OBJECTID": 114, "ZONA": "AU", "REG": "Coquimbo", "COM": "Coquimbo", "LOC": "La Serena - Coquimbo", "NOM": "AU Area Urbana", "UPERM": "Plan Regulador Comunal vigente correspondiente", "UPROH": null, "P_DO": "10-04-2019", "N_DOC": "1", "T_DO": "Resolucion", "Link Resolucion": "http://ide.gorecoquimbo.gob.cl:81/archivos/otros/1563895034_Diario_oficial_pri_elqui.pdf", "Link Promulgacion": "http://ide.gorecoquimbo.gob.cl:81/archivos/otros/1563896042_Res_01_2019_pri_elqui.pdf", "Link Memoria": "http://ide.gorecoquimbo.gob.cl:81/archivos/otros/Memoria.pdf", "Descripcion": "Los Planes Reguladores Intercomunales (PRI) son un Instrumento de Planificación Territorial que regula el desarrollo físico de las áreas urbanas y rurales de diversas comunas, que por sus relaciones, se integran en una unidad urbana. Cuando esta unidad sobrepase los 500.000 habitantes, le corresponderá la categoría de área metropolitana para los efectos de su planificación. Se diferencia del Plan Regulador Comunal, que se enfoca en una sola comuna. ", "Origen de la Informacion": "Servicio Rest del Ministerio de Viviendas y Urbanismo, Disponible en: https://geoide.minvu.cl/server/rest/services/IPT/PRI_Coquimbo/FeatureServer/2" }, "geometry": { "type": "MultiPolygon", "coordinates": [ [ [ [ -71.28427855352092, -29.622083775847972 ], [ -71.284109790263813, -29.622212435491644 ], [ -71.283975635720225, -29.622305405432062 ], [ -71.283918516632525, -29.622346587890839 ], [ -71.283836532268595, -29.622403784933798 ], [ -71.283749810920199, -29.622459165404489 ], [ -71.283698683680001, -29.622507226264538 ], [ -71.283882693106023, -29.622725587342806 ], [ -71.284098149422917, -29.622971516318358 ], [ -71.284545740826189, -29.623510822619473 ], [ -71.28482042148508, -29.623832636643794 ], [ -71.284967886337483, -29.624005405330962 ], [ -71.285155834988217, -29.62423166243661 ], [ -71.286096916481341, -29.624271925150236 ], [ -71.286283973385693, -29.624279927052068 ], [ -71.286827521318372, -29.624303177794566 ], [ -71.28683543164162, -29.624300528898988 ], [ -71.286918006891739, -29.624272880322433 ], [ -71.287165548285444, -29.624183753288133 ], [ -71.287396265658685, -29.62410068343565 ], [ -71.287932578333596, -29.623908765516489 ], [ -71.288174484923104, -29.623817744661899 ], [ -71.288220507926269, -29.623800428609975 ], [ -71.288810074497093, -29.623691901481219 ], [ -71.289087845206808, -29.623495252437756 ], [ -71.289250218732775, -29.623372803534249 ], [ -71.289384363669939, -29.623288796739704 ], [ -71.2894868643709, -29.62324258112459 ], [ -71.289553095610984, -29.623229835073278 ], [ -71.289604701778259, -29.623216663118853 ], [ -71.28964695253012, -29.623205879178325 ], [ -71.289779348131802, -29.623159543159982 ], [ -71.289849242188623, -29.623119618045219 ], [ -71.289921902249986, -29.623083751674628 ], [ -71.29005502758956, -29.623086889754145 ], [ -71.29018106618031, -29.623095480854158 ], [ -71.290236194050408, -29.623090200208264 ], [ -71.29038708760477, -29.62307574692964 ], [ -71.29048548279232, -29.623065419194873 ], [ -71.290584286272463, -29.623038457871594 ], [ -71.29057109207038, -29.622999829673894 ], [ -71.290422849197128, -29.622565815401671 ], [ -71.290402293691471, -29.622562616930555 ], [ -71.290389046209938, -29.622563062271936 ], [ -71.290378114801783, -29.622565019289269 ], [ -71.290336914858514, -29.622570846077128 ], [ -71.290305090511566, -29.622573948830219 ], [ -71.290291807336459, -29.622575098448728 ], [ -71.290223316660459, -29.622581784498792 ], [ -71.290211671404151, -29.622582310405868 ], [ -71.290202885963467, -29.622581911840559 ], [ -71.29017046557, -29.622581488462004 ], [ -71.290160802266058, -29.622582449246696 ], [ -71.290145834948177, -29.622584918000587 ], [ -71.290133219392331, -29.622588194147756 ], [ -71.290120106102748, -29.622593201980351 ], [ -71.290112286301678, -29.622596693003686 ], [ -71.290101067186953, -29.622596886770246 ], [ -71.290070628944292, -29.622596907268502 ], [ -71.290059399304027, -29.622597092191899 ], [ -71.290048215881512, -29.622596581667224 ], [ -71.290036986445116, -29.622596775606631 ], [ -71.29002689699297, -29.622598068512392 ], [ -71.290017521379937, -29.622600792515421 ], [ -71.290009665881385, -29.622604987819695 ], [ -71.290001512162618, -29.622607411055178 ], [ -71.289991422708781, -29.622608703958328 ], [ -71.28998313520492, -29.62260658271018 ], [ -71.289972957777422, -29.622602617646415 ], [ -71.289954456950781, -29.622597226600703 ], [ -71.2899425136752, -29.622595989433684 ], [ -71.289924264646501, -29.622593056881403 ], [ -71.289916438983866, -29.622589899211807 ], [ -71.289908705759359, -29.622585350647434 ], [ -71.289900880301744, -29.622582201994735 ], [ -71.289893562698524, -29.62257731245948 ], [ -71.289889557044646, -29.622570489273897 ], [ -71.289896282884641, -29.62256519482985 ], [ -71.289952712855083, -29.622518761390086 ], [ -71.289976032208571, -29.622497077146953 ], [ -71.290001405092482, -29.622474428229292 ], [ -71.290003843428991, -29.622467196050891 ], [ -71.289999421745591, -29.622460695803131 ], [ -71.289992602085761, -29.622454083604694 ], [ -71.289968579985157, -29.622433749214494 ], [ -71.289960338510767, -29.622430923499039 ], [ -71.289951687069149, -29.62243507841697 ], [ -71.289943277100861, -29.622441692010469 ], [ -71.289933321851635, -29.622447547426972 ], [ -71.289876500077483, -29.622480311158473 ], [ -71.289864316518958, -29.622489903831699 ], [ -71.289802166678882, -29.622538177143351 ], [ -71.289788134930447, -29.622551879405794 ], [ -71.289774981250773, -29.622564231334344 ], [ -71.289768599635224, -29.622570593376647 ], [ -71.289737630483387, -29.622599635838533 ], [ -71.289700525436146, -29.622630841131585 ], [ -71.289695745838443, -29.622637274742466 ], [ -71.28968931799298, -29.622644332228546 ], [ -71.28968251001686, -29.622651017378967 ], [ -71.289675024307883, -29.622655585177945 ], [ -71.28966363510574, -29.622651911657403 ], [ -71.289643450340336, -29.622647848729724 ], [ -71.289629489004511, -29.622646862895632 ], [ -71.289618639484843, -29.622647420117595 ], [ -71.289604134186163, -29.622648861413143 ], [ -71.289595646747927, -29.622650225859456 ], [ -71.289582003858726, -29.622650993697757 ], [ -71.2895677445144, -29.622648244805362 ], [ -71.289557521079345, -29.622644984174109 ], [ -71.289547641670069, -29.622642782128871 ], [ -71.289536422545808, -29.622642975847963 ], [ -71.289526450694126, -29.622642164695403 ], [ -71.289512951610504, -29.622640160468737 ], [ -71.289499796348039, -29.622639205809772 ], [ -71.289486975197022, -29.622639327950541 ], [ -71.289464598020515, -29.622638306982019 ], [ -71.289452746982917, -29.622635669858621 ], [ -71.289441599456495, -29.622634464013867 ], [ -71.289418056926536, -29.622633048173373 ], [ -71.2894017797354, -29.622630559638221 ], [ -71.289371505515064, -29.622627789526316 ], [ -71.289351074594535, -29.622627907719412 ], [ -71.289341482873397, -29.622627468889199 ], [ -71.28930515489229, -29.622625470866986 ], [ -71.289295907397829, -29.622626099638978 ], [ -71.289241670111167, -29.622628885425119 ], [ -71.289203756231544, -29.622633464303828 ], [ -71.289192146656362, -29.622633285835061 ], [ -71.289155572700452, -29.622635477956006 ], [ -71.289132533723574, -29.622638979065194 ], [ -71.289118408543246, -29.622640792644965 ], [ -71.28910835476934, -29.622641381194764 ], [ -71.289096791417293, -29.622640507270528 ], [ -71.289088052195225, -29.622639413184192 ], [ -71.289060129528693, -29.622637441396776 ], [ -71.28903141111202, -29.62263543823337 ], [ -71.289003072823405, -29.62263380740119 ], [ -71.288976752185548, -29.622631907176164 ], [ -71.288966112940557, -29.622628978447466 ], [ -71.288947899829012, -29.622625350490541 ], [ -71.288935920651653, -29.622624808501321 ], [ -71.288924609073291, -29.622626393062877 ], [ -71.288915279444311, -29.622628412524584 ], [ -71.28890404999548, -29.622628606368277 ], [ -71.288893498466081, -29.622630926584929 ], [ -71.28888046702788, -29.622634534564352 ], [ -71.28887197957782, -29.622635898964774 ], [ -71.288858152183295, -29.622639466553178 ], [ -71.288846594616032, -29.622645241292492 ], [ -71.288835668943591, -29.622653846870165 ], [ -71.288816759353764, -29.622668733846766 ], [ -71.28879343412369, -29.622683778233032 ], [ -71.288782800453447, -29.62268748915745 ], [ -71.288755849347439, -29.622696064617074 ], [ -71.2887434081061, -29.622696550006669 ], [ -71.288734622654403, -29.622696151344222 ], [ -71.288723095202826, -29.622694582118541 ], [ -71.288716203997112, -29.622689369406896 ], [ -71.288705594679243, -29.62267908768434 ], [ -71.288668195870159, -29.622647995851686 ], [ -71.288656164690906, -29.622641500598199 ], [ -71.28864691141699, -29.622635480638969 ], [ -71.288640055921675, -29.622629563635982 ], [ -71.28863399658573, -29.622623696040836 ], [ -71.288613214453605, -29.62260280027526 ], [ -71.288594060145527, -29.622581290018069 ], [ -71.288588046839266, -29.62257471795542 ], [ -71.288583291340686, -29.622567149869919 ], [ -71.288585051665706, -29.622557782318406 ], [ -71.28858790573149, -29.6225502091946 ], [ -71.28859171404973, -29.622533237324568 ], [ -71.288587292450572, -29.622526737025048 ], [ -71.288580390942229, -29.622521524483375 ], [ -71.288573037699322, -29.622517339158428 ], [ -71.288557514822998, -29.622508937490537 ], [ -71.288548677395582, -29.622502585575322 ], [ -71.28853408413589, -29.622495980263157 ], [ -71.288526048959994, -29.6224914999768 ], [ -71.288513978806719, -29.622484010319326 ], [ -71.288502365727794, -29.622477282299151 ], [ -71.288493828963425, -29.622470116871686 ], [ -71.288488420684772, -29.622464821718438 ], [ -71.288482570660591, -29.622459534188948 ], [ -71.28847492401205, -29.622452737710287 ], [ -71.288466343745199, -29.622443647860681 ], [ -71.288446142757479, -29.622427445804362 ], [ -71.288407119640809, -29.622391178368652 ], [ -71.288383601369034, -29.622375760678725 ], [ -71.288372330284233, -29.622370001057526 ], [ -71.288354573543401, -29.622358696933098 ], [ -71.28834814443762, -29.622352456805235 ], [ -71.28834043667959, -29.622347204035588 ], [ -71.288333165597109, -29.622341627979768 ], [ -71.288326310140135, -29.622335710958261 ], [ -71.288312553406456, -29.622324590397046 ], [ -71.288302494112045, -29.622318539214454 ], [ -71.28829173112274, -29.622311047726225 ], [ -71.288284197765933, -29.62230300432439 ], [ -71.288273383008701, -29.622289568611713 ], [ -71.28826222404011, -29.622275065289031 ], [ -71.288230283097391, -29.622239666130291 ], [ -71.28822279598144, -29.622230927277148 ], [ -71.288205243848509, -29.622209488544385 ], [ -71.288197042925844, -29.622199318580115 ], [ -71.288187999822924, -29.622189803669222 ], [ -71.288155083051819, -29.62215051505401 ], [ -71.288140190988827, -29.622131646620787 ], [ -71.288129581788723, -29.622121364845047 ], [ -71.28804472436876, -29.622039823018316 ], [ -71.288036020912386, -29.622038024572088 ], [ -71.288025125411821, -29.622039286125712 ], [ -71.288015503561425, -29.62204619115434 ], [ -71.287997816050023, -29.622060786285537 ], [ -71.28798907801395, -29.622072989679602 ], [ -71.287985761852468, -29.62208159018618 ], [ -71.287983123586812, -29.622092317072635 ], [ -71.287972975103941, -29.622121604311527 ], [ -71.287961781411198, -29.622121093785449 ], [ -71.287954084011275, -29.622115840813052 ], [ -71.287942011509585, -29.6221034010862 ], [ -71.287901109811514, -29.622057096191448 ], [ -71.287889827351563, -29.622038039146631 ], [ -71.287876649302603, -29.622010489563266 ], [ -71.287851885330156, -29.621955480199709 ], [ -71.287841994588163, -29.621939980642033 ], [ -71.287824606470281, -29.621915742382374 ], [ -71.287811686114509, -29.621897309002982 ], [ -71.287804609177215, -29.621881589486851 ], [ -71.2878026721731, -29.621867152544969 ], [ -71.287787746302286, -29.621754497939591 ], [ -71.287783950940266, -29.621744179764367 ], [ -71.28777999128711, -29.621736643021784 ], [ -71.287775616010208, -29.621729447242547 ], [ -71.287767697114631, -29.621714391792402 ], [ -71.287763737667774, -29.621706864067082 ], [ -71.287760584286204, -29.621699367541627 ], [ -71.287751021763512, -29.621678287073014 ], [ -71.287741259446889, -29.621660701341259 ], [ -71.287735492284497, -29.621649939048073 ], [ -71.287731234870535, -29.621640648263394 ], [ -71.287725759977064, -29.621625000337282 ], [ -71.287723022632932, -29.621617180883046 ], [ -71.287719098902684, -29.621608948868822 ], [ -71.287711390350111, -29.621590407516052 ], [ -71.287703563740507, -29.62157395214826 ], [ -71.287698926214546, -29.621564289020366 ], [ -71.287694217067198, -29.621556025448545 ], [ -71.287687063934399, -29.621548354348146 ], [ -71.287675905135615, -29.621533850965733 ], [ -71.287666142847357, -29.621516265226639 ], [ -71.287661089500219, -29.621506934042248 ], [ -71.287657258248601, -29.621497311131051 ], [ -71.287651737141232, -29.621482358647786 ], [ -71.287647684369645, -29.621462933270461 ], [ -71.28760937147446, -29.621350555804064 ], [ -71.287589366615322, -29.621303403125449 ], [ -71.287570497504817, -29.621250583438012 ], [ -71.287570819717601, -29.621208962049817 ], [ -71.287563070396061, -29.621190989738427 ], [ -71.287548772782571, -29.621161999759813 ], [ -71.287536371730198, -29.621134601819872 ], [ -71.287530255088342, -29.621110884463654 ], [ -71.287522828062194, -29.62108432811667 ], [ -71.287516078906521, -29.621060080385487 ], [ -71.287509729929553, -29.621026080807489 ], [ -71.287503683511417, -29.621006567123839 ], [ -71.287473682079664, -29.620923454260133 ], [ -71.287467703612265, -29.620900412926954 ], [ -71.287467165452583, -29.620876596627454 ], [ -71.287465318817155, -29.620871775858507 ], [ -71.287463356757627, -29.62086806130306 ], [ -71.287461593199282, -29.620861296788153 ], [ -71.287450530064561, -29.620846726777014 ], [ -71.287449208990623, -29.620835738014783 ], [ -71.287446277818859, -29.62082477612519 ], [ -71.287446202183204, -29.620809548362381 ], [ -71.287444913370763, -29.620790985557171 ], [ -71.287443918894283, -29.620781473380973 ], [ -71.287447630562028, -29.62077324045293 ], [ -71.287440232018795, -29.620756350064152 ], [ -71.28742732777755, -29.620702795048253 ], [ -71.287420425149236, -29.62065123578742 ], [ -71.287412079214988, -29.620623214865777 ], [ -71.287408961813455, -29.620615023058324 ], [ -71.287401966988497, -29.620597903775199 ], [ -71.287386930089795, -29.620561184337493 ], [ -71.287379185570956, -29.620543329206555 ], [ -71.28737147717419, -29.62052478782358 ], [ -71.287369915536402, -29.62051736306384 ], [ -71.28736679814206, -29.620509171254938 ], [ -71.2873333592254, -29.620411089748959 ], [ -71.28731705283603, -29.620362050887763 ], [ -71.287311034078357, -29.620348830060522 ], [ -71.287290148072884, -29.620302739002931 ], [ -71.287282773384703, -29.620285256385113 ], [ -71.28727801830388, -29.620277697257293 ], [ -71.287273427122699, -29.620267338660064 ], [ -71.287270304075946, -29.620252498154414 ], [ -71.287255869752471, -29.620158861145477 ], [ -71.287148153207966, -29.620171050411898 ], [ -71.2870728588166, -29.620179570713617 ], [ -71.28697946693714, -29.620185491880513 ], [ -71.286933940165014, -29.620188378147024 ], [ -71.286519188279755, -29.620214671198209 ], [ -71.286494188851265, -29.62021587901042 ], [ -71.286490617209395, -29.620216051559726 ], [ -71.286225608148641, -29.620228854694641 ], [ -71.28619005259948, -29.620230571924857 ], [ -71.286055324381621, -29.620237080608426 ], [ -71.285866843985588, -29.620631105711279 ], [ -71.285744654172149, -29.620809244481251 ], [ -71.285743158045634, -29.620811300994806 ], [ -71.285727881194248, -29.620832293772267 ], [ -71.285708603621572, -29.6208587846067 ], [ -71.285649036383433, -29.620940641585943 ], [ -71.285547083886726, -29.621059414966922 ], [ -71.285444199797269, -29.621162088448152 ], [ -71.285366084087642, -29.621248376969035 ], [ -71.285192322247084, -29.621399911290194 ], [ -71.285125400109848, -29.621456857626516 ], [ -71.285048067781958, -29.621522662845379 ], [ -71.284921754949451, -29.621627117258072 ], [ -71.284761642316695, -29.621733209455929 ], [ -71.284629764904309, -29.621829712369525 ], [ -71.284448164875187, -29.621965310045425 ], [ -71.28427855352092, -29.622083775847972 ] ] ] ] } },
{ "type": "Feature", "properties": { "fid": 16, "OBJECTID": 115, "ZONA": "ZEU-3", "REG": "Coquimbo", "COM": "La Higuera", "LOC": "Caleta Hornos", "NOM": "ZEU-3 Zona de Extension Urbana 3", "UPERM": "Residencial, Equipamiento, Actividades Productivas, Infraestructura, Espacio Publico, Área Verde", "UPROH": "Todos los no indicados precedentemente", "P_DO": "10-04-2019", "N_DOC": "1", "T_DO": "Resolucion", "Link Resolucion": "http://ide.gorecoquimbo.gob.cl:81/archivos/otros/1563895034_Diario_oficial_pri_elqui.pdf", "Link Promulgacion": "http://ide.gorecoquimbo.gob.cl:81/archivos/otros/1563896042_Res_01_2019_pri_elqui.pdf", "Link Memoria": "http://ide.gorecoquimbo.gob.cl:81/archivos/otros/Memoria.pdf", "Descripcion": "Los Planes Reguladores Intercomunales (PRI) son un Instrumento de Planificación Territorial que regula el desarrollo físico de las áreas urbanas y rurales de diversas comunas, que por sus relaciones, se integran en una unidad urbana. Cuando esta unidad sobrepase los 500.000 habitantes, le corresponderá la categoría de área metropolitana para los efectos de su planificación. Se diferencia del Plan Regulador Comunal, que se enfoca en una sola comuna. ", "Origen de la Informacion": "Servicio Rest del Ministerio de Viviendas y Urbanismo, Disponible en: https://geoide.minvu.cl/server/rest/services/IPT/PRI_Coquimbo/FeatureServer/2" }, "geometry": { "type": "MultiPolygon", "coordinates": [ [ [ [ -71.121906429207868, -29.368384123260796 ], [ -71.121970115413603, -29.368439199015686 ], [ -71.122972148798581, -29.367466567672107 ], [ -71.122889609574116, -29.367402201060791 ], [ -71.122541342953269, -29.367130612974758 ], [ -71.122169736672035, -29.367502412120349 ], [ -71.122306060283677, -29.367611786624803 ], [ -71.121696989531557, -29.368202999731707 ], [ -71.121906429207868, -29.368384123260796 ] ] ] ] } },
{ "type": "Feature", "properties": { "fid": 17, "OBJECTID": 126, "ZONA": "ZEU-7", "REG": "Coquimbo", "COM": "La Higuera", "LOC": "Punta Choros", "NOM": "ZEU-7 Zona de Extension Urbana 7", "UPERM": "Residencial, Equipamiento, Actividades Productivas, Espacio Público, Área Verde", "UPROH": "Todos los no indicados precedentemente como permitidos", "P_DO": "10-04-2019", "N_DOC": "1", "T_DO": "Resolucion", "Link Resolucion": "http://ide.gorecoquimbo.gob.cl:81/archivos/otros/1563895034_Diario_oficial_pri_elqui.pdf", "Link Promulgacion": "http://ide.gorecoquimbo.gob.cl:81/archivos/otros/1563896042_Res_01_2019_pri_elqui.pdf", "Link Memoria": "http://ide.gorecoquimbo.gob.cl:81/archivos/otros/Memoria.pdf", "Descripcion": "Los Planes Reguladores Intercomunales (PRI) son un Instrumento de Planificación Territorial que regula el desarrollo físico de las áreas urbanas y rurales de diversas comunas, que por sus relaciones, se integran en una unidad urbana. Cuando esta unidad sobrepase los 500.000 habitantes, le corresponderá la categoría de área metropolitana para los efectos de su planificación. Se diferencia del Plan Regulador Comunal, que se enfoca en una sola comuna. ", "Origen de la Informacion": "Servicio Rest del Ministerio de Viviendas y Urbanismo, Disponible en: https://geoide.minvu.cl/server/rest/services/IPT/PRI_Coquimbo/FeatureServer/2" }, "geometry": { "type": "MultiPolygon", "coordinates": [ [ [ [ -71.462429495403541, -29.236765401135749 ], [ -71.456814519565611, -29.238813897763148 ], [ -71.454421364005768, -29.239686891015619 ], [ -71.454579783466357, -29.240289777341523 ], [ -71.454778773854173, -29.241076396248022 ], [ -71.455041105877697, -29.242081086336796 ], [ -71.455476892907583, -29.243775989571215 ], [ -71.455630242316701, -29.244357697531267 ], [ -71.455850157043542, -29.245191895443785 ], [ -71.455969134105089, -29.245643202181 ], [ -71.456155427604031, -29.24638416159852 ], [ -71.456185403328462, -29.246508002290035 ], [ -71.456284434370303, -29.2469171362461 ], [ -71.456208199918635, -29.246939735629901 ], [ -71.456023957099575, -29.246971471206631 ], [ -71.455398164817069, -29.24707925942662 ], [ -71.455511259891367, -29.247545035501968 ], [ -71.455755444998715, -29.248550678354622 ], [ -71.455557677896977, -29.249243102977374 ], [ -71.455548004136944, -29.249278403259265 ], [ -71.45473293743342, -29.252252717672295 ], [ -71.454689962690395, -29.252409537259943 ], [ -71.454797009820496, -29.255486808752462 ], [ -71.454807952942986, -29.25580136604129 ], [ -71.454811797751233, -29.25582790633597 ], [ -71.454990137055518, -29.255820914657146 ], [ -71.455100729011193, -29.25579086793319 ], [ -71.455179662894636, -29.255755589555385 ], [ -71.455257950416552, -29.25569825879823 ], [ -71.45532999850235, -29.255619014531547 ], [ -71.455367098310859, -29.255558115807265 ], [ -71.455419407060063, -29.255488181535497 ], [ -71.455473006828299, -29.255433960215164 ], [ -71.455540631681828, -29.255401922420582 ], [ -71.455596060081419, -29.255388234272917 ], [ -71.455672336824179, -29.255392106225894 ], [ -71.455777631830586, -29.25542454197112 ], [ -71.455833442409869, -29.255471864728118 ], [ -71.455909333099484, -29.255559605307401 ], [ -71.455970061555078, -29.255640598782172 ], [ -71.456046982239954, -29.255724249944716 ], [ -71.456203708900176, -29.255850167261784 ], [ -71.456323971407244, -29.255919209922425 ], [ -71.456435034635632, -29.25598530926203 ], [ -71.456569660500762, -29.256037732068471 ], [ -71.456758870763238, -29.256096312147378 ], [ -71.456884136263511, -29.256098782813616 ], [ -71.457007663260754, -29.256121561514426 ], [ -71.457123131454722, -29.25616956198941 ], [ -71.457226442508855, -29.256221367383109 ], [ -71.457375327549045, -29.256300976985905 ], [ -71.457532976647471, -29.256405486263606 ], [ -71.457625223674768, -29.256444850640982 ], [ -71.457693848248937, -29.256474134305158 ], [ -71.457907775965396, -29.256541804311567 ], [ -71.458001492442136, -29.256533486603512 ], [ -71.458010613264861, -29.256527851024291 ], [ -71.458018483730299, -29.256524218613031 ], [ -71.458026813886818, -29.256521353572246 ], [ -71.458032116807004, -29.256521256013158 ], [ -71.458037030047691, -29.256523489498253 ], [ -71.4580401720103, -29.256526420436444 ], [ -71.458041103258353, -29.256527290093363 ], [ -71.458045309231323, -29.256536897934176 ], [ -71.458047571987947, -29.256540661470847 ], [ -71.458048994820203, -29.256543029535553 ], [ -71.458054445993469, -29.256549128654594 ], [ -71.458057637229814, -29.256552700097036 ], [ -71.458059895067649, -29.256555226007727 ], [ -71.458063597111519, -29.256562131329588 ], [ -71.45806378247056, -29.256569878981797 ], [ -71.458063516342648, -29.256577245222015 ], [ -71.458060710456706, -29.256589307742306 ], [ -71.45805702946879, -29.256601772471939 ], [ -71.458058052779677, -29.256607565138097 ], [ -71.458058366726789, -29.256607916603965 ], [ -71.458062141462946, -29.256612141275632 ], [ -71.458067968930095, -29.256615521681752 ], [ -71.458072326124636, -29.256615841161519 ], [ -71.45807638450917, -29.256616140879007 ], [ -71.458089162076064, -29.256614355949896 ], [ -71.458096590377323, -29.256610731668715 ], [ -71.458104884502546, -29.256606317434198 ], [ -71.458111290538639, -29.256596901369459 ], [ -71.458115864059735, -29.256584806327545 ], [ -71.458115511951917, -29.256570089215518 ], [ -71.458115639097073, -29.25655691403993 ], [ -71.458117891616837, -29.256540212144728 ], [ -71.458122530007927, -29.256530828600535 ], [ -71.458125243225354, -29.256514893155142 ], [ -71.458127138009331, -29.256501685458566 ], [ -71.458128194778382, -29.256490430043161 ], [ -71.458134977071424, -29.25647829436382 ], [ -71.458141494268617, -29.25647352490541 ], [ -71.458150736538229, -29.256471805013678 ], [ -71.458160900205641, -29.256471618020839 ], [ -71.45816553794792, -29.256472957150763 ], [ -71.458168465440622, -29.256473803611247 ], [ -71.45817197999672, -29.256474850368061 ], [ -71.458178263127394, -29.256476723053627 ], [ -71.458183649429813, -29.256480110669472 ], [ -71.458186271982186, -29.256482315026041 ], [ -71.458189061463912, -29.256484659749265 ], [ -71.45818877683385, -29.256491252306201 ], [ -71.458183632437482, -29.256497932470818 ], [ -71.458174594000866, -29.256508171896197 ], [ -71.458169438312382, -29.256514466158372 ], [ -71.458167773661131, -29.256518760230094 ], [ -71.458168391831521, -29.256526108396443 ], [ -71.458172084647444, -29.25653262777513 ], [ -71.458175298231907, -29.256537606119185 ], [ -71.45817540938323, -29.256542251824619 ], [ -71.45817154312995, -29.256546972511881 ], [ -71.458165882476493, -29.256550564275312 ], [ -71.458154156065675, -29.256559305106254 ], [ -71.458146753878069, -29.256570040365119 ], [ -71.458146039019965, -29.256571077429594 ], [ -71.458146187277706, -29.256577274108206 ], [ -71.458146248652284, -29.256577517455021 ], [ -71.458148625621632, -29.2565869144663 ], [ -71.458153728303841, -29.256596893719284 ], [ -71.458159703988386, -29.256606468996345 ], [ -71.458166031322435, -29.256612166782961 ], [ -71.458183901289217, -29.256619974274319 ], [ -71.458202708928567, -29.256627844800487 ], [ -71.458202917795205, -29.256627932072302 ], [ -71.458223827463485, -29.256633320965307 ], [ -71.45822884175459, -29.256636380734861 ], [ -71.458242200636448, -29.256644531028545 ], [ -71.45825643317653, -29.256652476702119 ], [ -71.458262220051651, -29.256655708093412 ], [ -71.458282652889537, -29.256666879352714 ], [ -71.458301298259471, -29.256672309894281 ], [ -71.458322002281591, -29.256677702555034 ], [ -71.458342706305643, -29.256683095212438 ], [ -71.458352925611209, -29.256693530609013 ], [ -71.458359367659114, -29.256700109455796 ], [ -71.45837739916665, -29.256705552183366 ], [ -71.458397212991116, -29.256716734813907 ], [ -71.45841771136682, -29.256722131243116 ], [ -71.458439855020131, -29.256727497395314 ], [ -71.458454854425057, -29.256734471780938 ], [ -71.458463473511699, -29.256738479199928 ], [ -71.458467820087549, -29.256743943682725 ], [ -71.458468985552628, -29.256748539314962 ], [ -71.458466441534185, -29.256752283036111 ], [ -71.458461668159899, -29.256753272994345 ], [ -71.458459098719956, -29.256753804714791 ], [ -71.458455299899029, -29.256753432573696 ], [ -71.458451172080231, -29.256753025890589 ], [ -71.458438999384981, -29.256750940432678 ], [ -71.458413107672499, -29.25674818363067 ], [ -71.458389912585844, -29.256748146730491 ], [ -71.458381482602533, -29.256748301842155 ], [ -71.458371528432579, -29.256750796243388 ], [ -71.458368511057543, -29.256756856309238 ], [ -71.458368867872423, -29.256759343218434 ], [ -71.458370279390948, -29.256769191911033 ], [ -71.458371053991186, -29.256770264719552 ], [ -71.458382622962361, -29.256786286499352 ], [ -71.45839996888833, -29.256797514538025 ], [ -71.45841976571603, -29.25680626624921 ], [ -71.458421936978809, -29.256807924999396 ], [ -71.458425673777285, -29.256810778225173 ], [ -71.458448703891392, -29.256826061366034 ], [ -71.458464730836226, -29.256835005126852 ], [ -71.458477497366076, -29.25683985188612 ], [ -71.458492315620688, -29.256842350547728 ], [ -71.458503424323922, -29.256843994592671 ], [ -71.458515146028773, -29.256845418063733 ], [ -71.458516638961029, -29.256845598983233 ], [ -71.458528333945097, -29.256848356286024 ], [ -71.458529360253138, -29.256848598115035 ], [ -71.458542105741415, -29.256852522380917 ], [ -71.458545568987461, -29.256853960691583 ], [ -71.458551688098069, -29.256856501242758 ], [ -71.458565497613733, -29.256860867815014 ], [ -71.458577657219223, -29.256862491613429 ], [ -71.458583397426295, -29.256860074740008 ], [ -71.458596932753693, -29.256852897346501 ], [ -71.458605163834108, -29.256844430090169 ], [ -71.458612777982339, -29.256832279080836 ], [ -71.458617354770567, -29.256825266537756 ], [ -71.458622006839164, -29.256821485826261 ], [ -71.458627209505963, -29.256818616954654 ], [ -71.458638218794789, -29.256816106726628 ], [ -71.458647635426018, -29.256813160309147 ], [ -71.458658073988403, -29.256808811225248 ], [ -71.458665889055879, -29.256804970502316 ], [ -71.458676325559964, -29.256800621454907 ], [ -71.458687873489495, -29.25679852350536 ], [ -71.458693664862793, -29.256798416930756 ], [ -71.458703235284986, -29.256800779392862 ], [ -71.458712861870154, -29.256805316746842 ], [ -71.458725001310711, -29.256811256670264 ], [ -71.458735891993442, -29.256816858722882 ], [ -71.458762929866836, -29.256822887125601 ], [ -71.458780369277761, -29.256825467424253 ], [ -71.458791527919004, -29.256824899417147 ], [ -71.458796745959674, -29.256823489894781 ], [ -71.458797282579084, -29.256823344700521 ], [ -71.458797421757581, -29.25682318516942 ], [ -71.458800503861553, -29.2568196588755 ], [ -71.458800347729323, -29.256813134872871 ], [ -71.45879645283695, -29.256805954366378 ], [ -71.458792195592238, -29.256800956454182 ], [ -71.458784156212459, -29.256793489564121 ], [ -71.458776921613818, -29.256787410667915 ], [ -71.458771065440345, -29.256782488188342 ], [ -71.458768920672682, -29.256780088311626 ], [ -71.458765965146355, -29.256776781383167 ], [ -71.458759122543469, -29.256767480097707 ], [ -71.458755710410131, -29.256763191038335 ], [ -71.458755424177198, -29.256751230516617 ], [ -71.458756421424411, -29.256741058744922 ], [ -71.458756169891771, -29.256730548202004 ], [ -71.458753119106788, -29.256724077468697 ], [ -71.458752446157433, -29.256723512492655 ], [ -71.458749740603793, -29.25672123660333 ], [ -71.458746248270032, -29.256719442493687 ], [ -71.458744293253787, -29.256718437418701 ], [ -71.458739744067969, -29.256718521135792 ], [ -71.458733162704931, -29.256720092867482 ], [ -71.458727029373605, -29.256723105167083 ], [ -71.458721396209498, -29.256729736609866 ], [ -71.458717070470456, -29.256739243423159 ], [ -71.458713480214342, -29.256744749308016 ], [ -71.458710636578459, -29.256746977563985 ], [ -71.458706509441612, -29.256747416167634 ], [ -71.458697799446441, -29.256746488489107 ], [ -71.458696044528693, -29.2567451612809 ], [ -71.458693586589746, -29.256743302126242 ], [ -71.458692658560977, -29.256742137419998 ], [ -71.458690174503033, -29.256739014868405 ], [ -71.458688846600381, -29.256735412761262 ], [ -71.458690897638647, -29.256728651477882 ], [ -71.458707691156476, -29.256716795234542 ], [ -71.458724484670384, -29.25670493898928 ], [ -71.458743129114467, -29.256693048680038 ], [ -71.458757919595783, -29.256682651943454 ], [ -71.45876476790545, -29.256674911076292 ], [ -71.458774838521379, -29.256663484365632 ], [ -71.45878123761247, -29.256651932166339 ], [ -71.45879542508483, -29.256634350270037 ], [ -71.458796294945827, -29.256633643234029 ], [ -71.458809956323876, -29.256622535647509 ], [ -71.458809198215974, -29.25659945519299 ], [ -71.458807103639359, -29.256592962352972 ], [ -71.458803643408771, -29.256582235711857 ], [ -71.458789994555175, -29.256572716875453 ], [ -71.458780576255364, -29.256568628559997 ], [ -71.458762683806228, -29.256566116136931 ], [ -71.458748448252265, -29.256563891852299 ], [ -71.458733850061677, -29.256563451426331 ], [ -71.458727449310913, -29.256562596725161 ], [ -71.458724499739276, -29.256562203550434 ], [ -71.458723855585362, -29.256561896052119 ], [ -71.458718759644071, -29.256559465683338 ], [ -71.458714886021951, -29.25654994917986 ], [ -71.458715492438884, -29.25654141474071 ], [ -71.458722975817807, -29.256532398311499 ], [ -71.458732198711814, -29.256528321482875 ], [ -71.45874267953954, -29.256525997789065 ], [ -71.458759994859349, -29.256521417501542 ], [ -71.458777791782424, -29.256520024578759 ], [ -71.458798053560741, -29.25652000623807 ], [ -71.458811884989316, -29.256522237954783 ], [ -71.458817207776036, -29.25652404528741 ], [ -71.45882577591469, -29.256526955734408 ], [ -71.458834281196161, -29.256529603917034 ], [ -71.45883761657737, -29.256530643127842 ], [ -71.45886328768691, -29.256536564053771 ], [ -71.458884014091922, -29.256539023406226 ], [ -71.458902612830343, -29.256537261175186 ], [ -71.458908629548944, -29.256534664187566 ], [ -71.458915007894404, -29.256530284259817 ], [ -71.458922433676435, -29.256516540841915 ], [ -71.458932302269076, -29.256499038416742 ], [ -71.458946010837678, -29.256487238921036 ], [ -71.458955535645288, -29.25646396922011 ], [ -71.458962525004296, -29.256446519782841 ], [ -71.458963921225944, -29.256436685279191 ], [ -71.45896499087462, -29.256429152694462 ], [ -71.458969101007611, -29.256411756246766 ], [ -71.458971553149794, -29.256403444041585 ], [ -71.458974237376381, -29.256394340911854 ], [ -71.458971833967908, -29.256371290739569 ], [ -71.458962576287121, -29.25635414031581 ], [ -71.458957843098773, -29.256336906621993 ], [ -71.458957223083516, -29.256319597228693 ], [ -71.458957220044283, -29.256302276480447 ], [ -71.458955227960331, -29.256279218737305 ], [ -71.458950024762174, -29.256270544035846 ], [ -71.458944248210628, -29.256255794149347 ], [ -71.458943362837218, -29.25625353167543 ], [ -71.458942478250719, -29.256251602973343 ], [ -71.458936348039188, -29.256238238042478 ], [ -71.458929480769342, -29.256229108622104 ], [ -71.458929153769006, -29.256228727628447 ], [ -71.458922240265778, -29.256220675293896 ], [ -71.458911249047659, -29.256213535176382 ], [ -71.458897611898692, -29.256204675587139 ], [ -71.458885997279111, -29.256193237487881 ], [ -71.458885246212674, -29.256191987432679 ], [ -71.458883960491576, -29.256189846895957 ], [ -71.458885042559828, -29.256186057000654 ], [ -71.458890433143608, -29.256182530620986 ], [ -71.458897827690862, -29.256181023304432 ], [ -71.458904529914477, -29.256183299612299 ], [ -71.458909493750596, -29.256185626857231 ], [ -71.458910855689069, -29.256186266658826 ], [ -71.45891880602791, -29.256191605264327 ], [ -71.458926396319654, -29.256198319921676 ], [ -71.458932078206729, -29.256202237027377 ], [ -71.458937532106845, -29.256205998652486 ], [ -71.458941122142477, -29.256209425610621 ], [ -71.458946335635545, -29.256214404116097 ], [ -71.458955073624338, -29.256220071030942 ], [ -71.458965718177254, -29.256223644206745 ], [ -71.458978286810094, -29.256225812544386 ], [ -71.458994711690522, -29.256225853063633 ], [ -71.458995194671573, -29.256225873944814 ], [ -71.459011544751917, -29.256226571683655 ], [ -71.459018853839112, -29.256228199014018 ], [ -71.459030023833876, -29.256230687180807 ], [ -71.459033972580514, -29.256232553172609 ], [ -71.459041888842478, -29.256236295635919 ], [ -71.459051067632615, -29.25624219800514 ], [ -71.45905380509393, -29.25624395909011 ], [ -71.45906550279858, -29.256258824622336 ], [ -71.459085856473592, -29.256275929590878 ], [ -71.459098993165441, -29.256285627423772 ], [ -71.459117085290643, -29.256293561509072 ], [ -71.459133951348718, -29.256310572788276 ], [ -71.45914387162756, -29.256313155214468 ], [ -71.459154656336977, -29.256315964401214 ], [ -71.459178101408753, -29.256315532878777 ], [ -71.459184476262664, -29.256317326245604 ], [ -71.459197364776713, -29.25632095282333 ], [ -71.459203195615572, -29.256319229795189 ], [ -71.459218204819791, -29.256314794738785 ], [ -71.459238907798934, -29.256320188179657 ], [ -71.459246428388809, -29.256325579780739 ], [ -71.45925461047247, -29.256331444548991 ], [ -71.459268598345389, -29.256348507884635 ], [ -71.459290807414561, -29.25634809909252 ], [ -71.459312401564162, -29.256347701615404 ], [ -71.459332623621918, -29.2563415557903 ], [ -71.459353433413909, -29.256328847911448 ], [ -71.459368472130009, -29.256324399665363 ], [ -71.459379692310719, -29.256323052846749 ], [ -71.459387779192667, -29.256323521944687 ], [ -71.459389660286817, -29.256323630756615 ], [ -71.459416577965087, -29.25632730669691 ], [ -71.459430059512457, -29.25633009328255 ], [ -71.459437618036176, -29.256331353343541 ], [ -71.459444398823663, -29.256332484282616 ], [ -71.459460107404396, -29.256337883922257 ], [ -71.459470616099352, -29.256343000386906 ], [ -71.459479799870394, -29.256347003660281 ], [ -71.459486802967305, -29.256350287485791 ], [ -71.459495490301265, -29.256351644942551 ], [ -71.45950354505473, -29.256344669386991 ], [ -71.459511555483317, -29.256335799282251 ], [ -71.45951609559043, -29.25632661326523 ], [ -71.459520741371065, -29.256318704516076 ], [ -71.45952150151895, -29.256317411309738 ], [ -71.45952194472315, -29.25631615731643 ], [ -71.459526365612291, -29.256303667205533 ], [ -71.45953310452299, -29.256295958085882 ], [ -71.459537348866078, -29.256292466313106 ], [ -71.45955370443275, -29.256288751590482 ], [ -71.459583983520076, -29.256288194192351 ], [ -71.459617163866398, -29.25628227347033 ], [ -71.459631220802748, -29.256272912253777 ], [ -71.45964012322915, -29.256265163300593 ], [ -71.459645538209912, -29.256256340066436 ], [ -71.459646672543144, -29.256249491902363 ], [ -71.459644457073722, -29.25624074418592 ], [ -71.459643804836489, -29.25623816529016 ], [ -71.459643925494532, -29.256236544656723 ], [ -71.459645134987326, -29.256220331051711 ], [ -71.459653152504046, -29.256202862655538 ], [ -71.459660141727284, -29.256185413189144 ], [ -71.459662810070597, -29.256168043267056 ], [ -71.45966548252639, -29.256150673269214 ], [ -71.45966897555725, -29.256133288165049 ], [ -71.459675759115854, -29.256115842484139 ], [ -71.459685010568478, -29.256098351370337 ], [ -71.459694878992053, -29.256080848897813 ], [ -71.459701662543381, -29.256063403215936 ], [ -71.459710502671626, -29.256045919672925 ], [ -71.459717630036124, -29.256034241260739 ], [ -71.459723864105214, -29.256011032093859 ], [ -71.459728589013295, -29.255993624309891 ], [ -71.459727353958158, -29.255976326247346 ], [ -71.459724265927591, -29.255959062297499 ], [ -71.459722747555205, -29.255950427144068 ], [ -71.459720219164566, -29.255936042397551 ], [ -71.45972291210235, -29.255925673413664 ], [ -71.459724739463027, -29.255918639282594 ], [ -71.459724196622275, -29.255906621243643 ], [ -71.459722963635897, -29.25589770298177 ], [ -71.459719327928866, -29.25588837247788 ], [ -71.459719158009619, -29.255887935369042 ], [ -71.459712358521529, -29.25588090849811 ], [ -71.45970054635518, -29.255877549931327 ], [ -71.45966464257161, -29.255869269034388 ], [ -71.459653340438592, -29.255865901073982 ], [ -71.459646745977551, -29.255854546539844 ], [ -71.459645891885714, -29.255853075560857 ], [ -71.459646134478831, -29.25584189466802 ], [ -71.459651018782239, -29.255832863791248 ], [ -71.459665124362559, -29.255825451169898 ], [ -71.45967044791216, -29.255822994110456 ], [ -71.459673197223708, -29.255821726530989 ], [ -71.459676098273306, -29.255821640648215 ], [ -71.459699151463084, -29.255820959147417 ], [ -71.459719990364164, -29.255814801912525 ], [ -71.459729235746593, -29.255811282118025 ], [ -71.45973163758083, -29.255810368252465 ], [ -71.459733596640049, -29.255808577553605 ], [ -71.45973784998921, -29.255804689576664 ], [ -71.459745290359479, -29.255797320264943 ], [ -71.459748343842264, -29.255792257257163 ], [ -71.459754222426184, -29.255772677567425 ], [ -71.459755702919523, -29.255756225321974 ], [ -71.459755726349925, -29.25575595786162 ], [ -71.4597590783615, -29.255736980394559 ], [ -71.459762592263289, -29.255724679280522 ], [ -71.459770417221051, -29.255706732688864 ], [ -71.459778900139909, -29.255689885401726 ], [ -71.45978415858761, -29.255670872836621 ], [ -71.459788981283282, -29.255660214754023 ], [ -71.459793790593594, -29.25564899760019 ], [ -71.459797871335809, -29.255633903896314 ], [ -71.459801331908295, -29.255619375514502 ], [ -71.459804661382535, -29.255599285239175 ], [ -71.459809324322833, -29.255581954372129 ], [ -71.459815442468795, -29.255572382052957 ], [ -71.459821667215124, -29.255567262464229 ], [ -71.459825447285198, -29.255566079649732 ], [ -71.459830524954612, -29.255565986168104 ], [ -71.45983054659969, -29.255566030875851 ], [ -71.459831860413829, -29.255568742833145 ], [ -71.459831384664099, -29.255575426414666 ], [ -71.459827208741117, -29.255586630104503 ], [ -71.459822465971229, -29.255600626383526 ], [ -71.459819706921735, -29.255613002912199 ], [ -71.459819600987771, -29.25561347667384 ], [ -71.459818904511621, -29.255637410242326 ], [ -71.459819370467713, -29.255656873129592 ], [ -71.459820416612104, -29.255674100695153 ], [ -71.459823446975321, -29.25569462778866 ], [ -71.459828895378948, -29.255710105375556 ], [ -71.459832482159698, -29.25573041202966 ], [ -71.459833303266791, -29.25573505999667 ], [ -71.459838729137317, -29.255752518162105 ], [ -71.459842931135142, -29.255766036726495 ], [ -71.459847901866482, -29.255777804547321 ], [ -71.459865347987943, -29.255787589858922 ], [ -71.459873166030107, -29.255792214555481 ], [ -71.459885546308541, -29.255797946963959 ], [ -71.459893783061872, -29.255800724517648 ], [ -71.459895601127997, -29.255801337868935 ], [ -71.459905117923327, -29.255801162655434 ], [ -71.459918715989247, -29.255800912300593 ], [ -71.459931847996387, -29.255800273590101 ], [ -71.459948946081269, -29.255794791420982 ], [ -71.459962313889179, -29.255785009840704 ], [ -71.459983311549337, -29.255771906889255 ], [ -71.459999350556515, -29.255760087841153 ], [ -71.460009999479624, -29.255750352707185 ], [ -71.460024700141688, -29.255739352167492 ], [ -71.460034151280169, -29.255725607489033 ], [ -71.460035216022661, -29.255724060587589 ], [ -71.460035837375528, -29.255723415855588 ], [ -71.460058221174222, -29.255700191691922 ], [ -71.460066689392491, -29.255694075434644 ], [ -71.460075988451777, -29.25568476388899 ], [ -71.460083617311284, -29.255681444336219 ], [ -71.460091330748099, -29.255681700150941 ], [ -71.460097788347568, -29.255686348981136 ], [ -71.460098820279015, -29.255689919535687 ], [ -71.460099273446659, -29.255691488106059 ], [ -71.460099182989467, -29.255692006689152 ], [ -71.460097678241127, -29.255700655100554 ], [ -71.460094280803474, -29.255710256724033 ], [ -71.460090573502967, -29.255725821685459 ], [ -71.460091349288049, -29.25573931762359 ], [ -71.460095166217499, -29.255750157643011 ], [ -71.46010284635571, -29.255756326596369 ], [ -71.460109221613692, -29.255761446046797 ], [ -71.460126205803732, -29.255774838404779 ], [ -71.46014381747878, -29.255790806500723 ], [ -71.460154508553117, -29.255801736455602 ], [ -71.46015900095891, -29.255805513027493 ], [ -71.460162374195122, -29.255808348541333 ], [ -71.460166539925055, -29.255809480685212 ], [ -71.460170589666475, -29.255810580683914 ], [ -71.460178979685068, -29.255810951234853 ], [ -71.460183297747392, -29.255811141461326 ], [ -71.460191323041911, -29.255805431188811 ], [ -71.460195646443651, -29.255796607285237 ], [ -71.460197713066179, -29.255788224577394 ], [ -71.460197342124715, -29.255772732902944 ], [ -71.460198134789692, -29.255767943360691 ], [ -71.460198925743498, -29.255763168283945 ], [ -71.460200363429095, -29.255753824666229 ], [ -71.460200887732981, -29.255750415805721 ], [ -71.460201428616699, -29.255749289015768 ], [ -71.460210332077409, -29.255730717216899 ], [ -71.460211974091649, -29.255713366185169 ], [ -71.460226366847067, -29.255695780369795 ], [ -71.460241304888314, -29.255688121417432 ], [ -71.460251543493541, -29.25568170191243 ], [ -71.460263512950121, -29.255679084565923 ], [ -71.460274992728316, -29.255678873180802 ], [ -71.460279149989077, -29.255681928807412 ], [ -71.460279445277223, -29.255682145292749 ], [ -71.4602812240921, -29.255687864485875 ], [ -71.46028035947738, -29.255697468189233 ], [ -71.460273779677706, -29.255719637278588 ], [ -71.460270832136501, -29.255733591492962 ], [ -71.460271333381428, -29.25573996028562 ], [ -71.460271621202125, -29.255743645578377 ], [ -71.460271795210531, -29.255745198539536 ], [ -71.460272314258873, -29.255749861988448 ], [ -71.460276587421347, -29.255755094112214 ], [ -71.460279642894946, -29.255758836696945 ], [ -71.460285166634847, -29.255761131929383 ], [ -71.460302649402408, -29.255760330974997 ], [ -71.460316167193099, -29.255753850179968 ], [ -71.460328534564056, -29.255744994524203 ], [ -71.460334921907162, -29.255737686971898 ], [ -71.460342904487533, -29.255728432126887 ], [ -71.460354460919604, -29.255708566534718 ], [ -71.460358455610006, -29.255692675119047 ], [ -71.460364125861688, -29.255678190835727 ], [ -71.460364419460902, -29.255667639590516 ], [ -71.460362153917643, -29.255655556751936 ], [ -71.460361912047162, -29.25565426304826 ], [ -71.460354039492813, -29.255645300164293 ], [ -71.460346306714357, -29.255642088457893 ], [ -71.460339141815524, -29.255639822546275 ], [ -71.460300873162041, -29.255640527227477 ], [ -71.460287729314629, -29.255639811199956 ], [ -71.460269098186998, -29.255638236351437 ], [ -71.460255885505035, -29.255634645614293 ], [ -71.460245101051839, -29.255629396262325 ], [ -71.460242605017768, -29.25562818015036 ], [ -71.460240167306679, -29.255625876806107 ], [ -71.460238127442295, -29.25562394863703 ], [ -71.460237455219655, -29.255618688095272 ], [ -71.460242795378122, -29.255613316844848 ], [ -71.460257430223038, -29.255607775348263 ], [ -71.460275355709712, -29.25560265138342 ], [ -71.460289567631506, -29.255602389688473 ], [ -71.460290958336699, -29.255602555330732 ], [ -71.46029999080892, -29.25560363574456 ], [ -71.460309379825688, -29.255609080387092 ], [ -71.460314409239729, -29.255611998166039 ], [ -71.460314667476879, -29.255612042125598 ], [ -71.460334730474145, -29.25561545890173 ], [ -71.460355381186304, -29.255613217551179 ], [ -71.460356004016361, -29.255613150150456 ], [ -71.460387585969471, -29.255607294765113 ], [ -71.460404405865958, -29.255601711211725 ], [ -71.460414154777624, -29.255597697658029 ], [ -71.460422752198937, -29.255591307460449 ], [ -71.460428593507302, -29.255584009959303 ], [ -71.460439777038573, -29.25557134206419 ], [ -71.460452151030864, -29.255553055463807 ], [ -71.460458934422562, -29.255535609751831 ], [ -71.460462083449016, -29.255512457368184 ], [ -71.46046660461333, -29.255495053314949 ], [ -71.46047318234281, -29.255477611389658 ], [ -71.460480875224775, -29.255459825967694 ], [ -71.460481875457248, -29.255456487729067 ], [ -71.4604808724104, -29.255453006858378 ], [ -71.46048010726895, -29.255450353365653 ], [ -71.460476757770365, -29.255446146192828 ], [ -71.460471278796362, -29.255443399983086 ], [ -71.460443076827701, -29.255441072216772 ], [ -71.460422474007288, -29.255439555347799 ], [ -71.460414279293047, -29.255436384627625 ], [ -71.460407696923127, -29.255432711502827 ], [ -71.460405954781251, -29.255429254165005 ], [ -71.460404856309196, -29.255427072306308 ], [ -71.460404731415451, -29.255421856716325 ], [ -71.460408866437533, -29.255413716477875 ], [ -71.460417227300326, -29.255401228665121 ], [ -71.460423954195164, -29.25538829732551 ], [ -71.460427343937525, -29.255371631297344 ], [ -71.460427116864281, -29.255362148734449 ], [ -71.460423876788681, -29.255358687406499 ], [ -71.460421005127856, -29.255355618033374 ], [ -71.460414389717698, -29.255350521964147 ], [ -71.460406713214724, -29.255346394469466 ], [ -71.460400129822801, -29.255342721362826 ], [ -71.460399254633316, -29.25534118582436 ], [ -71.460395045174053, -29.255333801865191 ], [ -71.460394027420989, -29.255313897180052 ], [ -71.460394295796249, -29.255302507422854 ], [ -71.460396231834423, -29.255288500564657 ], [ -71.460396845534476, -29.255271168467132 ], [ -71.460390533336508, -29.255248189405268 ], [ -71.460389485786663, -29.255247360697965 ], [ -71.460376273379921, -29.255236905697803 ], [ -71.46037233084229, -29.255217984960648 ], [ -71.460378185219724, -29.255196455300041 ], [ -71.460400054585591, -29.255182902315113 ], [ -71.460405842014936, -29.255178424947704 ], [ -71.460408709887716, -29.255165655785603 ], [ -71.460406215279662, -29.255156164458946 ], [ -71.460401501868589, -29.255148699567059 ], [ -71.460398495193161, -29.255146564574286 ], [ -71.460395506257726, -29.255144440080258 ], [ -71.460394830304892, -29.255144179183727 ], [ -71.460388641707397, -29.255141784333873 ], [ -71.4603791239483, -29.255141959597136 ], [ -71.460368402643766, -29.255142911198448 ], [ -71.460367813404318, -29.255142963546593 ], [ -71.460365351513047, -29.255142915059395 ], [ -71.460357378129942, -29.255142756964453 ], [ -71.460350515680304, -29.25514010298161 ], [ -71.460347196006111, -29.255137312493691 ], [ -71.460344038012423, -29.255134657955725 ], [ -71.460340145664063, -29.255128530227505 ], [ -71.46033979611579, -29.25512798095518 ], [ -71.460338752634968, -29.255122123728526 ], [ -71.460337515442632, -29.255104825712881 ], [ -71.460336756986109, -29.255081743478367 ], [ -71.460334902870784, -29.25506445862683 ], [ -71.460332431745684, -29.255047183332515 ], [ -71.460337364229432, -29.255029771708607 ], [ -71.460343530646099, -29.255012337362945 ], [ -71.460340031242993, -29.254995081003358 ], [ -71.460319465672725, -29.254995459695266 ], [ -71.460319404011059, -29.254995419332943 ], [ -71.460302326559443, -29.254984228091857 ], [ -71.460292858875263, -29.254949760830506 ], [ -71.460272429304652, -29.254938590713952 ], [ -71.460265228116654, -29.254921402514135 ], [ -71.460273245440504, -29.25490393408981 ], [ -71.460288269754599, -29.25489279405193 ], [ -71.460289214849311, -29.25489209374085 ], [ -71.4602999066948, -29.254874575165591 ], [ -71.460305044833518, -29.25485715975579 ], [ -71.460309977315319, -29.254839748132724 ], [ -71.460300543359367, -29.254815539214238 ], [ -71.460300447428253, -29.254811532839714 ], [ -71.460301747451808, -29.254802154768473 ], [ -71.460304683333078, -29.2547974240928 ], [ -71.460312190931447, -29.254792609235089 ], [ -71.460322842293948, -29.254791745531598 ], [ -71.460331239753444, -29.254792258475064 ], [ -71.460347534397727, -29.25480744881407 ], [ -71.460350416400559, -29.25481013459618 ], [ -71.460362142054393, -29.254827241281927 ], [ -71.460376082142361, -29.254834706776595 ], [ -71.460382984977926, -29.254838403773817 ], [ -71.460401561425897, -29.254832288102648 ], [ -71.460410706996853, -29.254815368135954 ], [ -71.460411019314094, -29.254814792241906 ], [ -71.460410859677424, -29.254807653058954 ], [ -71.460410530827772, -29.254792802922204 ], [ -71.460408745464278, -29.254790805115512 ], [ -71.4604034813174, -29.254784913746576 ], [ -71.460397257782148, -29.254779684161019 ], [ -71.460387239433956, -29.254775192026148 ], [ -71.460380273908797, -29.254772571516181 ], [ -71.460378776991575, -29.254772008188862 ], [ -71.460370236672318, -29.254765486118732 ], [ -71.460366313904387, -29.254760879933222 ], [ -71.460366185949923, -29.254755536297285 ], [ -71.460367552044076, -29.254748831809273 ], [ -71.460375740582847, -29.254740662938744 ], [ -71.460383979197886, -29.25473449947139 ], [ -71.46039445256298, -29.254726288526584 ], [ -71.4604026751974, -29.254719457780016 ], [ -71.460408386989641, -29.254703316429318 ], [ -71.460412980230387, -29.254681963351544 ], [ -71.460416061792174, -29.254664585808772 ], [ -71.46041359066831, -29.254647310515249 ], [ -71.46040803467794, -29.254630090223138 ], [ -71.460407276303656, -29.25460701159518 ], [ -71.460416255902089, -29.254586254339095 ], [ -71.460417460022128, -29.254572871696375 ], [ -71.460415792185358, -29.254566888844003 ], [ -71.460411074487794, -29.254560962152734 ], [ -71.460404106065241, -29.254556415660094 ], [ -71.460398741479523, -29.254555179300031 ], [ -71.460396171329293, -29.254555678591903 ], [ -71.460387359076208, -29.254557389810699 ], [ -71.460377582650978, -29.254562914022721 ], [ -71.460364607832076, -29.254573461522636 ], [ -71.460364124486816, -29.25457385472814 ], [ -71.460361800160328, -29.254576758166291 ], [ -71.460355982843296, -29.254584024549274 ], [ -71.46034657215074, -29.254604908820376 ], [ -71.460341445346984, -29.25461368888314 ], [ -71.460335479700106, -29.254619142921324 ], [ -71.460328699026249, -29.254622609249644 ], [ -71.46031268304958, -29.254622234785774 ], [ -71.460301937852122, -29.254619092976672 ], [ -71.460294037132741, -29.254614363373399 ], [ -71.460285697033058, -29.25460937122261 ], [ -71.460278508917611, -29.2546053592181 ], [ -71.460271788975348, -29.25460160923004 ], [ -71.460263312586719, -29.254597756264726 ], [ -71.460248692655398, -29.254592013703352 ], [ -71.46023822078547, -29.25458447621396 ], [ -71.460237831379914, -29.254584195606235 ], [ -71.460232418819629, -29.254580955601163 ], [ -71.460225544208797, -29.254580412806391 ], [ -71.460211956986512, -29.254586007174609 ], [ -71.460204417443492, -29.254589487469637 ], [ -71.460187543615604, -29.2545851215468 ], [ -71.460184407319645, -29.254581181076425 ], [ -71.460176541552755, -29.25457129427588 ], [ -71.460163582846846, -29.254539464139391 ], [ -71.460158269087543, -29.254525828027838 ], [ -71.460152212043994, -29.254510278662632 ], [ -71.460147903756493, -29.254502674589727 ], [ -71.460145844620143, -29.254499038148097 ], [ -71.460131332352077, -29.254485073427613 ], [ -71.460120223785822, -29.254467957160081 ], [ -71.460115284862837, -29.25445072729574 ], [ -71.460112402487852, -29.25443345956592 ], [ -71.460114934614595, -29.254410318543933 ], [ -71.46011972546647, -29.254399021431183 ], [ -71.460122337024401, -29.254392861450004 ], [ -71.46012473249651, -29.254388331978756 ], [ -71.460131586209243, -29.254375370352633 ], [ -71.46014145441103, -29.254357867857234 ], [ -71.460149677374261, -29.254340395653799 ], [ -71.460159134304348, -29.254322902533989 ], [ -71.460168385490704, -29.254305409593321 ], [ -71.460172495359473, -29.254288013120561 ], [ -71.460172559663491, -29.254264919340574 ], [ -71.460170088551848, -29.254247642235182 ], [ -71.460169262718026, -29.254230336640461 ], [ -71.460180159171941, -29.25421281521016 ], [ -71.460193934823195, -29.254195242569999 ], [ -71.460205054630975, -29.254163504947996 ], [ -71.460205082192246, -29.254163109309754 ], [ -71.460205576335412, -29.254156163772073 ], [ -71.460204021133237, -29.254149470673941 ], [ -71.460203610015029, -29.254148540935809 ], [ -71.460201071618641, -29.254142804150803 ], [ -71.460199800256703, -29.254141950694333 ], [ -71.460193988157386, -29.254138048666331 ], [ -71.460188986992208, -29.254137897176541 ], [ -71.46018142965309, -29.254137668258732 ], [ -71.460169554706312, -29.254136663623314 ], [ -71.46016623803061, -29.254134813088108 ], [ -71.460163196618083, -29.254133116258586 ], [ -71.46015319919745, -29.254109386803247 ], [ -71.460147026367324, -29.254092179657807 ], [ -71.460146619636063, -29.254052161662759 ], [ -71.460146400330004, -29.254043001914447 ], [ -71.460147115214639, -29.254032944491637 ], [ -71.46014744374736, -29.254028319562426 ], [ -71.460148359172578, -29.254017486228179 ], [ -71.460149616243143, -29.254002618615168 ], [ -71.46015135579789, -29.253987923445695 ], [ -71.460153851004222, -29.25397565821978 ], [ -71.460157071579928, -29.253964601115509 ], [ -71.460162455748133, -29.253956559672194 ], [ -71.460167216880293, -29.253951584295603 ], [ -71.460172050086243, -29.253949662187221 ], [ -71.460174866975251, -29.253950832701253 ], [ -71.460178164421848, -29.253955876211101 ], [ -71.460179207685485, -29.253957471806018 ], [ -71.46018154571064, -29.253967815825188 ], [ -71.460184975649781, -29.253994634193734 ], [ -71.460193064432048, -29.254012204799483 ], [ -71.460196977759608, -29.2540159027259 ], [ -71.460198772345834, -29.254017599056763 ], [ -71.460218341206129, -29.254019682600099 ], [ -71.460237082336363, -29.254016282929385 ], [ -71.460254356006018, -29.254009854778957 ], [ -71.460295355181131, -29.253997071825268 ], [ -71.460313273923973, -29.253991505948679 ], [ -71.460337401443624, -29.25398449781639 ], [ -71.460344237392093, -29.253978873490443 ], [ -71.460351638885612, -29.253967739396554 ], [ -71.460358402730833, -29.253959060900332 ], [ -71.46036302109664, -29.25394129240529 ], [ -71.46036350902385, -29.253939415119913 ], [ -71.460363899913474, -29.253937910394708 ], [ -71.460367975655501, -29.253922226778695 ], [ -71.460374376383413, -29.253903238266883 ], [ -71.460382804928898, -29.253885762265632 ], [ -71.460386914749449, -29.253868365788414 ], [ -71.46039801678458, -29.25385084055705 ], [ -71.460407267935764, -29.253833349407063 ], [ -71.460418369963946, -29.25381582417435 ], [ -71.460430294601665, -29.253798283793159 ], [ -71.460429775964982, -29.253785044736084 ], [ -71.460429524101016, -29.253784235657207 ], [ -71.460427979327335, -29.253779267232666 ], [ -71.460424526131433, -29.253773519331155 ], [ -71.460419358447197, -29.253765381696816 ], [ -71.460410381385259, -29.253759734609488 ], [ -71.460404256497014, -29.25375836429955 ], [ -71.460390381901121, -29.253755260271515 ], [ -71.460388904455328, -29.253754950984337 ], [ -71.460377608063595, -29.2537525870354 ], [ -71.460373614308665, -29.25374733442937 ], [ -71.460372957844271, -29.253742989253592 ], [ -71.460373843357971, -29.25373911365725 ], [ -71.460373958901414, -29.253738611752418 ], [ -71.460375066243571, -29.253737599024639 ], [ -71.460382069765231, -29.253731197588429 ], [ -71.460390227006087, -29.253725720334508 ], [ -71.460397855234945, -29.253721220801388 ], [ -71.460405310636901, -29.253709460539881 ], [ -71.46040452560257, -29.253699788879437 ], [ -71.460401532882628, -29.253690157871091 ], [ -71.460397136837557, -29.253685461165407 ], [ -71.46039529351026, -29.25368349058644 ], [ -71.46039180789181, -29.253680856514201 ], [ -71.46038966538282, -29.253679236958103 ], [ -71.460380240458974, -29.253677956281031 ], [ -71.460368643682855, -29.253678169820553 ], [ -71.460359932230901, -29.253683658180247 ], [ -71.460353454737387, -29.253690074286574 ], [ -71.460347000388552, -29.253697457044449 ], [ -71.460341592446099, -29.253702399230544 ], [ -71.460338878958495, -29.25370438695975 ], [ -71.460334527503136, -29.253704087290313 ], [ -71.460333343543013, -29.253704005346666 ], [ -71.460331887807754, -29.25370339976207 ], [ -71.460329994660214, -29.253702613687551 ], [ -71.46032657728351, -29.253698318446968 ], [ -71.460323653086277, -29.253691591919548 ], [ -71.460321924591781, -29.253686683710242 ], [ -71.460321281046419, -29.253684854322856 ], [ -71.460318561310714, -29.253663595306957 ], [ -71.460316086017471, -29.253652502347482 ], [ -71.460315796249702, -29.253640400263034 ], [ -71.460321698397777, -29.253633026772366 ], [ -71.460331344038721, -29.253626898747438 ], [ -71.460349897387644, -29.2536214168084 ], [ -71.460352181452407, -29.25362074236115 ], [ -71.460356457360334, -29.253619390728208 ], [ -71.460371580256322, -29.253614609755388 ], [ -71.460390112161988, -29.253605611722506 ], [ -71.460411470933877, -29.25359747097545 ], [ -71.460426206913468, -29.253589935716693 ], [ -71.460447050426311, -29.253578578453212 ], [ -71.460464046833323, -29.253566718277064 ], [ -71.46048083964007, -29.25355486184807 ], [ -71.460498660706747, -29.253542986482149 ], [ -71.460516619959819, -29.253536882169122 ], [ -71.460532795797192, -29.253525037095301 ], [ -71.460553634182858, -29.253518879758751 ], [ -71.460570632623686, -29.253507019532382 ], [ -71.460587014102543, -29.253495170665463 ], [ -71.460599966940379, -29.25347761133656 ], [ -71.46061223535915, -29.253465838210019 ], [ -71.460632112920337, -29.253453924956187 ], [ -71.460669827920569, -29.253429275383521 ], [ -71.460674165635467, -29.253420796717847 ], [ -71.460675003995945, -29.253413706815056 ], [ -71.460674834702388, -29.253406637273308 ], [ -71.46067117873605, -29.253401400106394 ], [ -71.460670957216465, -29.253401213837478 ], [ -71.460665517978441, -29.253396642802453 ], [ -71.460658846396413, -29.25339190230908 ], [ -71.460656719081356, -29.253391088977029 ], [ -71.460652227697082, -29.253389370145438 ], [ -71.460645506210398, -29.253389075339946 ], [ -71.460645159167782, -29.25338906007995 ], [ -71.460623049503027, -29.253392561529704 ], [ -71.460607021830384, -29.25339727529353 ], [ -71.460582359164647, -29.253399499431552 ], [ -71.460562692618595, -29.25339986159242 ], [ -71.460558109598864, -29.25339977187852 ], [ -71.460551089429785, -29.253399634125518 ], [ -71.460539767606619, -29.253397624290091 ], [ -71.460526265893932, -29.253395226086411 ], [ -71.460514040397172, -29.253390146720069 ], [ -71.46050630927428, -29.253383216425703 ], [ -71.460493440334162, -29.253372402369891 ], [ -71.460483689664045, -29.253365507458714 ], [ -71.460474466060077, -29.253359486923685 ], [ -71.460460767231325, -29.253356202847591 ], [ -71.460449153116357, -29.253355604799427 ], [ -71.460448143735434, -29.253355553020537 ], [ -71.460434025697751, -29.253355812991074 ], [ -71.460418899963088, -29.253356091515748 ], [ -71.460417746852116, -29.253355880000775 ], [ -71.460412314038507, -29.253354884860137 ], [ -71.460408238897656, -29.253353192636194 ], [ -71.460407764506044, -29.253350350656461 ], [ -71.46040765039028, -29.253349666240641 ], [ -71.460407891537599, -29.253348738926277 ], [ -71.460409036007547, -29.253344336230942 ], [ -71.460425366451503, -29.253331215425302 ], [ -71.460453019535038, -29.2533063912446 ], [ -71.460463741074292, -29.253290721470115 ], [ -71.460473570265307, -29.253279930580661 ], [ -71.460480227197451, -29.253263008625908 ], [ -71.460485572596681, -29.253254510507883 ], [ -71.46049886727171, -29.253241002652402 ], [ -71.460512268793806, -29.253231914142795 ], [ -71.460523802037628, -29.253229049515244 ], [ -71.460544200966098, -29.2532295453275 ], [ -71.460544492266152, -29.253229552593019 ], [ -71.460553411181124, -29.253231183581452 ], [ -71.460557667099692, -29.253231962227968 ], [ -71.460566354057534, -29.253236665614065 ], [ -71.460570618319935, -29.253241014717169 ], [ -71.460573591926561, -29.253244047932004 ], [ -71.460579411398356, -29.253255433838412 ], [ -71.460582095809045, -29.253257688431962 ], [ -71.460592797887585, -29.253266682201037 ], [ -71.460603586941971, -29.253274883203879 ], [ -71.460611759477004, -29.253279154018763 ], [ -71.460619404243545, -29.253282907711171 ], [ -71.460620435839061, -29.253283414652806 ], [ -71.460627961093849, -29.253286387501095 ], [ -71.460631129671867, -29.253287639035719 ], [ -71.460661561010127, -29.253294594227857 ], [ -71.460678273370931, -29.253297380745547 ], [ -71.460693398065743, -29.253297102210961 ], [ -71.460704300665569, -29.25329436465362 ], [ -71.46071190599875, -29.253286977823908 ], [ -71.460719520516477, -29.253280017529761 ], [ -71.460725241617993, -29.253275223825877 ], [ -71.460732928573393, -29.253271245524104 ], [ -71.460738255124028, -29.253270294921002 ], [ -71.460742155227578, -29.253270648898578 ], [ -71.460742341241158, -29.253270898970001 ], [ -71.460744666633701, -29.253274012679938 ], [ -71.46074455360781, -29.253279731527055 ], [ -71.460744446599108, -29.253285100238887 ], [ -71.460744915464858, -29.253291834987845 ], [ -71.460745187007532, -29.253295742502786 ], [ -71.460745411456443, -29.253305115055607 ], [ -71.460745529586433, -29.25330549447893 ], [ -71.460748572525958, -29.25331528874101 ], [ -71.460751306418402, -29.253318621361053 ], [ -71.460754084793663, -29.25332200728932 ], [ -71.460759028039973, -29.253325326284561 ], [ -71.460768801279556, -29.25332727801705 ], [ -71.460778534712745, -29.253327524563737 ], [ -71.460785795515562, -29.253326112533351 ], [ -71.460796316994006, -29.253318671993377 ], [ -71.460806757871438, -29.253307822904947 ], [ -71.460817591236975, -29.253293130752347 ], [ -71.460823303148217, -29.253287910508604 ], [ -71.460833440288184, -29.253284739584331 ], [ -71.460838778080941, -29.25328421547524 ], [ -71.460841743995829, -29.253284736407569 ], [ -71.460843171682185, -29.253284987066142 ], [ -71.460848135358091, -29.253289159091921 ], [ -71.460852360907694, -29.253303145396334 ], [ -71.460856121591362, -29.253317995476433 ], [ -71.460859821075729, -29.253330290061587 ], [ -71.460863345009088, -29.253335340208565 ], [ -71.460871806428855, -29.253340461802878 ], [ -71.460872230230436, -29.253340718320171 ], [ -71.460884425097035, -29.253342198739155 ], [ -71.460895089444648, -29.253340724018397 ], [ -71.46089985819134, -29.253336799453077 ], [ -71.460901133624816, -29.253329103390865 ], [ -71.460903866104459, -29.2533213804935 ], [ -71.460910023564509, -29.253314447024287 ], [ -71.460916282034646, -29.253311774234394 ], [ -71.460920186158319, -29.253312081222141 ], [ -71.460920666451017, -29.253312119286758 ], [ -71.460921986546211, -29.253312988979445 ], [ -71.46092758575152, -29.253316679290066 ], [ -71.460934605100874, -29.253325502696558 ], [ -71.460942070988054, -29.253332611058166 ], [ -71.460951419044406, -29.253337126327729 ], [ -71.460959219300307, -29.25333783607336 ], [ -71.460970398558729, -29.253337630173924 ], [ -71.460981549293365, -29.25333614739014 ], [ -71.460989235235417, -29.253332169994636 ], [ -71.460998338434351, -29.253326461479418 ], [ -71.461003462890602, -29.25331698680202 ], [ -71.46100763307102, -29.253308386719155 ], [ -71.46100930297095, -29.253296844849732 ], [ -71.461009443399021, -29.2532823487259 ], [ -71.461011627291185, -29.253272080211083 ], [ -71.46101761020681, -29.253257902281288 ], [ -71.461025143065712, -29.253247533442792 ], [ -71.461038717203479, -29.253232811541835 ], [ -71.461051394789322, -29.253221030841516 ], [ -71.461059411908352, -29.253203564185096 ], [ -71.461070719413172, -29.25318603511937 ], [ -71.46107544403911, -29.253168629105613 ], [ -71.461082229209282, -29.253151181530498 ], [ -71.461090544402822, -29.253137999887933 ], [ -71.461090907008156, -29.253131663901492 ], [ -71.46108756507796, -29.25312132756541 ], [ -71.461084338033984, -29.25311827918372 ], [ -71.461079123722058, -29.253113349487624 ], [ -71.461071370468517, -29.253108803047883 ], [ -71.461068660816821, -29.253107212893184 ], [ -71.461058748636702, -29.253102422950029 ], [ -71.461046815036127, -29.253099479900044 ], [ -71.461037000214532, -29.25309875494073 ], [ -71.46103025371491, -29.253097071342353 ], [ -71.461025442143779, -29.253089929433063 ], [ -71.4610256759442, -29.253078172244468 ], [ -71.461032149869482, -29.25306856084779 ], [ -71.461050286892458, -29.253050598370525 ], [ -71.461071624081413, -29.253037096593641 ], [ -71.461089042724709, -29.253031748222625 ], [ -71.461098245806966, -29.253028922857133 ], [ -71.461110616285097, -29.253024808652679 ], [ -71.461121272203542, -29.253021265498301 ], [ -71.461146283505315, -29.253010408725672 ], [ -71.461160962797209, -29.252998837426418 ], [ -71.461172032922562, -29.252987333506542 ], [ -71.461185433775839, -29.252976073530689 ], [ -71.461189816511776, -29.252952898408132 ], [ -71.461191664002513, -29.252935543582172 ], [ -71.461192688887209, -29.252918203908202 ], [ -71.461183018850136, -29.252901060327076 ], [ -71.461168682836004, -29.252892001830077 ], [ -71.461165263085547, -29.25288984108192 ], [ -71.461154188472975, -29.252876331868926 ], [ -71.461151275427852, -29.252872777927792 ], [ -71.461156824648057, -29.25285535491901 ], [ -71.461161345610307, -29.252837950849795 ], [ -71.461166277873673, -29.252820539204588 ], [ -71.461196471643305, -29.252790564763252 ], [ -71.461200547635315, -29.252784476121445 ], [ -71.461200958841161, -29.25278386322147 ], [ -71.461201247306363, -29.25278285023467 ], [ -71.46120256559999, -29.252778233234903 ], [ -71.461201246237607, -29.252771638647229 ], [ -71.461197628429829, -29.252766104894697 ], [ -71.461191208847552, -29.252759558241962 ], [ -71.461189291813398, -29.252757602563207 ], [ -71.461181062835152, -29.252753680140458 ], [ -71.461169637373828, -29.252749917632148 ], [ -71.461169354305994, -29.252749824514456 ], [ -71.461166501877813, -29.252747426883104 ], [ -71.461162832642827, -29.252744341541408 ], [ -71.461160310015728, -29.252740552171495 ], [ -71.461159820228829, -29.252739816939997 ], [ -71.461161428017675, -29.252734186934845 ], [ -71.46116627161777, -29.252729265938825 ], [ -71.461166532744102, -29.252729001317128 ], [ -71.461175217682211, -29.252727822847778 ], [ -71.461190314524686, -29.252727544773283 ], [ -71.461190495260027, -29.252727531520872 ], [ -71.461199592629072, -29.252726865077097 ], [ -71.461205313853739, -29.252723195399696 ], [ -71.461206909437209, -29.252717055918406 ], [ -71.461205577894603, -29.252709952756653 ], [ -71.461205050708998, -29.252709459983656 ], [ -71.461200229356351, -29.252704958779599 ], [ -71.461196454421938, -29.252702184814535 ], [ -71.461190769481277, -29.252698006239378 ], [ -71.461178392563539, -29.252690596825801 ], [ -71.461171219010595, -29.25268456834721 ], [ -71.461168906208215, -29.252682624468459 ], [ -71.461164139708515, -29.252677621573344 ], [ -71.461162834697646, -29.252674417807974 ], [ -71.4611616716101, -29.252671556040148 ], [ -71.461162148291322, -29.252669338858457 ], [ -71.461163759787411, -29.252661844995092 ], [ -71.46116882895295, -29.252655131832924 ], [ -71.461175735457601, -29.252652458823849 ], [ -71.461184469134395, -29.252653315552163 ], [ -71.461193906742494, -29.252659252710647 ], [ -71.461201626807309, -29.252666237297248 ], [ -71.461209357040886, -29.252673732298707 ], [ -71.46122047552376, -29.252677090893702 ], [ -71.461226800079388, -29.252674430405524 ], [ -71.461232424771225, -29.25266668760743 ], [ -71.461237394426348, -29.252655905888641 ], [ -71.461242327450535, -29.252643594840769 ], [ -71.461245262676272, -29.25262063041281 ], [ -71.461245527740957, -29.252607387750896 ], [ -71.461247422894004, -29.252589532268988 ], [ -71.461247873051761, -29.252576544205329 ], [ -71.461254929222065, -29.252553319836611 ], [ -71.461256776699742, -29.252535965009887 ], [ -71.461261708936064, -29.252518553362236 ], [ -71.461259854702135, -29.252501266720511 ], [ -71.461257552612821, -29.252496462910145 ], [ -71.461251627358934, -29.252484097470262 ], [ -71.461248817279881, -29.252475393207774 ], [ -71.461246069405405, -29.252466880854133 ], [ -71.461239896472634, -29.252449671956889 ], [ -71.461234613612845, -29.252426674869728 ], [ -71.461226999162022, -29.252409496132366 ], [ -71.461228845346525, -29.252376453378439 ], [ -71.461230493074311, -29.252370687318212 ], [ -71.461235112405589, -29.252364864717904 ], [ -71.46124082464074, -29.252354850561268 ], [ -71.461240599896229, -29.252345467189869 ], [ -71.461238870688035, -29.252342033077646 ], [ -71.461237476306408, -29.2523392639789 ], [ -71.461235813266356, -29.252337346923941 ], [ -71.461232580242665, -29.252333618452759 ], [ -71.461225292279821, -29.252327493751711 ], [ -71.461194137701852, -29.252318678285611 ], [ -71.46118455779434, -29.252316247599666 ], [ -71.461177118014348, -29.252310656141592 ], [ -71.461173044053524, -29.252307594492354 ], [ -71.461165619767996, -29.252295734784557 ], [ -71.461157586637455, -29.252283365764534 ], [ -71.461145141406391, -29.252260645837957 ], [ -71.46114253657062, -29.252255613950936 ], [ -71.461141396452561, -29.252253410310672 ], [ -71.46113257473921, -29.252245998555928 ], [ -71.461131072429851, -29.252244736188075 ], [ -71.461119063185023, -29.252240262725511 ], [ -71.46110891392297, -29.252238885376897 ], [ -71.461089868526358, -29.252238714737576 ], [ -71.461079706738971, -29.252236814384961 ], [ -71.461068142035998, -29.252226075591498 ], [ -71.461064742149176, -29.252223368688167 ], [ -71.461056616860773, -29.252216901255615 ], [ -71.461044346456347, -29.252201479897391 ], [ -71.461031845178894, -29.252187328471372 ], [ -71.461027338689703, -29.252182227862097 ], [ -71.461016230258338, -29.252165111657881 ], [ -71.461006493983732, -29.252153745584334 ], [ -71.460997442014772, -29.252136589698392 ], [ -71.460988595742066, -29.252119431827477 ], [ -71.46099236155176, -29.252096268071014 ], [ -71.461007920123066, -29.252084432513232 ], [ -71.461015937175759, -29.252066965861534 ], [ -71.461019841188673, -29.252049573158768 ], [ -71.461024362192646, -29.252032170896456 ], [ -71.461020107614019, -29.252009153053759 ], [ -71.461018870385061, -29.251991855041666 ], [ -71.461026887386637, -29.251974386586166 ], [ -71.461035726983724, -29.251956902979714 ], [ -71.461045389175922, -29.251939404222167 ], [ -71.461056696560533, -29.251921875162687 ], [ -71.461065741797981, -29.251904387767009 ], [ -71.46107478703253, -29.251886900370874 ], [ -71.461081775770822, -29.251869450851359 ], [ -71.461088558857654, -29.251852005119293 ], [ -71.461097604041072, -29.251834515918524 ], [ -71.461106032360291, -29.251817041687417 ], [ -71.461112198492543, -29.25179960731769 ], [ -71.461119187219538, -29.251782157796729 ], [ -71.461126792891704, -29.251764696912215 ], [ -71.461139745437592, -29.251747137545109 ], [ -71.461150641488743, -29.251729616054963 ], [ -71.461161058805814, -29.251717876981381 ], [ -71.4611657854242, -29.251700470927961 ], [ -71.461174281067727, -29.251677218245021 ], [ -71.461192445604752, -29.251671110073303 ], [ -71.46120820978264, -29.25165927251226 ], [ -71.461220339663456, -29.251641726486742 ], [ -71.461225562654519, -29.251626963536076 ], [ -71.461226507867337, -29.251624293878656 ], [ -71.461228038718019, -29.251617470876528 ], [ -71.461231711098179, -29.251601103640677 ], [ -71.461236232008588, -29.251583699569967 ], [ -71.461237873835827, -29.25156634852997 ], [ -71.461238760496826, -29.25154323780005 ], [ -71.461241224917998, -29.251525871608333 ], [ -71.461242455490236, -29.251508529947507 ], [ -71.461244987295814, -29.251485387110705 ], [ -71.461250125145867, -29.25146797167595 ], [ -71.461256908225337, -29.251450527741071 ], [ -71.461260604433321, -29.251433137055958 ], [ -71.461260464904868, -29.25141004522759 ], [ -71.461264368859347, -29.251392652520043 ], [ -71.461266421977868, -29.251375293903834 ], [ -71.461264362130265, -29.251358011046246 ], [ -71.461259834504588, -29.251340773643623 ], [ -71.461256608241683, -29.25131774047502 ], [ -71.461253725761736, -29.251300470965163 ], [ -71.461252486454796, -29.251283172993261 ], [ -71.461253375214582, -29.251260064028262 ], [ -71.461251932273925, -29.2512427680028 ], [ -71.461254191041519, -29.251225405598586 ], [ -71.461251376038248, -29.251202363049963 ], [ -71.461247671015329, -29.251185110494458 ], [ -71.461243349050164, -29.251167869302371 ], [ -71.461236970607942, -29.251150665988654 ], [ -71.461234910729459, -29.251133381326085 ], [ -71.461235386142462, -29.251110279974164 ], [ -71.461238056207193, -29.25109290999421 ], [ -71.461241754509842, -29.251075521074913 ], [ -71.461250594046803, -29.251058039262272 ], [ -71.461261901266326, -29.251040508387636 ], [ -71.461278693582443, -29.251028651883988 ], [ -71.46129562617125, -29.251022566394401 ], [ -71.46131406160454, -29.251010679621082 ], [ -71.461332637312069, -29.251004563861226 ], [ -71.461350046556404, -29.250992695985424 ], [ -71.461368072739177, -29.250980816743411 ], [ -71.461379689269847, -29.250975857588227 ], [ -71.461380254157262, -29.250975734417281 ], [ -71.461386758469402, -29.250974312840263 ], [ -71.461390872314212, -29.250974102645635 ], [ -71.461395470091688, -29.250973868200603 ], [ -71.461404868137279, -29.250975110519594 ], [ -71.461413688245699, -29.250979195253919 ], [ -71.461418308837693, -29.250981373572017 ], [ -71.461421201268422, -29.250982737530329 ], [ -71.461429053806526, -29.2509868400867 ], [ -71.461438458635342, -29.250988365545528 ], [ -71.461447452894916, -29.250987695577606 ], [ -71.461453614069782, -29.250987237472703 ], [ -71.461455219372439, -29.250986272398308 ], [ -71.461462850444974, -29.250981687058623 ], [ -71.461465923213808, -29.250975118918127 ], [ -71.461471208574721, -29.250966527149195 ], [ -71.461476307691456, -29.250963602351042 ], [ -71.461484675093075, -29.250962315146914 ], [ -71.461485962448549, -29.25096284984792 ], [ -71.46148793764624, -29.250963670481529 ], [ -71.461493588050843, -29.25097036210234 ], [ -71.461499989820496, -29.250975954625677 ], [ -71.461501839043905, -29.250977571449557 ], [ -71.461509298383675, -29.250980117861779 ], [ -71.461511283514767, -29.250980794874177 ], [ -71.461518159735178, -29.25098094245201 ], [ -71.461518395417556, -29.250980947131712 ], [ -71.461528350045981, -29.250978498519423 ], [ -71.461534377090288, -29.250973857924315 ], [ -71.46153844556045, -29.250968403606937 ], [ -71.461546872483751, -29.250956073293835 ], [ -71.461551230958349, -29.250949198199866 ], [ -71.461558211985121, -29.250943972593483 ], [ -71.461570070946436, -29.250940073463639 ], [ -71.461591056252061, -29.250936294889943 ], [ -71.461612032285529, -29.250935908473291 ], [ -71.461629647700946, -29.250930502293443 ], [ -71.461632046483899, -29.250929767075331 ], [ -71.461640603799552, -29.250927261200829 ], [ -71.461653091936341, -29.250923603970158 ], [ -71.461673310726937, -29.250917457895035 ], [ -71.461694630644573, -29.25092283872937 ], [ -71.461717936198468, -29.250916635781635 ], [ -71.46173911787325, -29.250916245556713 ], [ -71.461761393129393, -29.250910061582559 ], [ -71.461781959916678, -29.250909682678959 ], [ -71.461802868542392, -29.25091507107312 ], [ -71.461823433273565, -29.250914692200968 ], [ -71.461844547549319, -29.250920076799684 ], [ -71.461865317928158, -29.250919694132264 ], [ -71.461874392755931, -29.250921872463664 ], [ -71.461887666133777, -29.250925057794564 ], [ -71.461908230865632, -29.250924678909264 ], [ -71.461929001244414, -29.250924296231897 ], [ -71.461935781848283, -29.250925906089972 ], [ -71.461951556064307, -29.250929653370246 ], [ -71.461973149032659, -29.250929255530224 ], [ -71.461994263317507, -29.250934640104578 ], [ -71.462014416754982, -29.250934268780835 ], [ -71.46203614798452, -29.250939641981297 ], [ -71.462054996661166, -29.250927747495425 ], [ -71.462070285705948, -29.250922493279287 ], [ -71.462072748706277, -29.250921647713081 ], [ -71.462074798354081, -29.250920165645958 ], [ -71.462089129564845, -29.250909796888777 ], [ -71.462105168607167, -29.25089218056695 ], [ -71.462121136149591, -29.250880339158844 ], [ -71.462134843625904, -29.25086853939246 ], [ -71.462148412832022, -29.250850968574561 ], [ -71.462162120301315, -29.250839168805754 ], [ -71.462175483851965, -29.250821601774771 ], [ -71.462188368726117, -29.250809817160704 ], [ -71.462204543949582, -29.250797971916629 ], [ -71.462220786545558, -29.250780351831423 ], [ -71.462236344819758, -29.25076851795194 ], [ -71.462254370853472, -29.250756638598268 ], [ -71.462271712568693, -29.250750545449861 ], [ -71.462289944241832, -29.250738662302389 ], [ -71.462306661568022, -29.250726860282832 ], [ -71.462306738439111, -29.250726805640973 ], [ -71.462324351106858, -29.250714933895502 ], [ -71.462343132338106, -29.250708814212057 ], [ -71.462361980935555, -29.250696919687066 ], [ -71.4623819960416, -29.250690777261237 ], [ -71.462401190614472, -29.25068464995303 ], [ -71.462421612895923, -29.2506785000181 ], [ -71.462442796566904, -29.250678109646685 ], [ -71.462465896364463, -29.250671910363806 ], [ -71.462486870273722, -29.250671523850968 ], [ -71.46250432056803, -29.250666271256812 ], [ -71.462507298759107, -29.250665375593147 ], [ -71.462508923075561, -29.250664861218535 ], [ -71.46252669682228, -29.250659240908835 ], [ -71.462543075614605, -29.250647393678769 ], [ -71.462561036288292, -29.250641289087451 ], [ -71.462579679199735, -29.250629398323678 ], [ -71.462598869634505, -29.250623271064168 ], [ -71.46261929805928, -29.250617120986682 ], [ -71.462641302244336, -29.250616715462748 ], [ -71.462661522961753, -29.250610569206888 ], [ -71.462679137622445, -29.250598697380124 ], [ -71.462692022409072, -29.250586912722145 ], [ -71.462695309157795, -29.250569531357037 ], [ -71.462703737066846, -29.250552055240764 ], [ -71.462717511823115, -29.250534482385874 ], [ -71.4627325203666, -29.250516883182375 ], [ -71.462749720106743, -29.2504876982036 ], [ -71.462763633103222, -29.250475894589272 ], [ -71.462781436536034, -29.250467093711393 ], [ -71.462797766774813, -29.250457944699299 ], [ -71.462812913638913, -29.250446118339262 ], [ -71.462830939546222, -29.250434238914512 ], [ -71.462848759803094, -29.250422363277792 ], [ -71.46286503013485, -29.250411273088091 ], [ -71.462866168806727, -29.250410497022944 ], [ -71.462879907552818, -29.25040163933901 ], [ -71.46288460700022, -29.250398609090379 ], [ -71.462894612693148, -29.25038687747967 ], [ -71.462912638580264, -29.250374998044951 ], [ -71.462933064877859, -29.25036884796118 ], [ -71.462947800420821, -29.250357029168146 ], [ -71.462962741606361, -29.250345206583244 ], [ -71.462978160409051, -29.250327602499077 ], [ -71.462982752476336, -29.250326058221159 ], [ -71.46299632454415, -29.25032149229779 ], [ -71.463014144761658, -29.250309616641108 ], [ -71.463029906459596, -29.25029777892539 ], [ -71.463048551308859, -29.25028588806456 ], [ -71.463068771933564, -29.250279741752021 ], [ -71.46309104901394, -29.250273557530459 ], [ -71.463112503464899, -29.250267386664447 ], [ -71.463132724124691, -29.250261242146099 ], [ -71.46315335603019, -29.250255088239964 ], [ -71.463172959704181, -29.250248953284455 ], [ -71.463194002895889, -29.250242791790853 ], [ -71.463215663022069, -29.250236618921683 ], [ -71.463236021949925, -29.25023624363104 ], [ -71.463257476425994, -29.250230074546121 ], [ -71.463279547836336, -29.250223894085234 ], [ -71.463300523697811, -29.250223507412237 ], [ -71.463322183812267, -29.250217334526383 ], [ -71.463344599191473, -29.250216921309818 ], [ -71.463367081884044, -29.250210733252924 ], [ -71.463388469032736, -29.250210338984228 ], [ -71.463408689575402, -29.250204190818788 ], [ -71.463430693658978, -29.25020378517014 ], [ -71.463449998942053, -29.250198334975416 ], [ -71.463452559492026, -29.250197612079589 ], [ -71.463476003092808, -29.250197179885458 ], [ -71.463482235385683, -29.250198704149227 ], [ -71.463497939780808, -29.250202545455124 ], [ -71.463519876600543, -29.250207916431393 ], [ -71.463544348430631, -29.250207465268808 ], [ -71.463565324284559, -29.250207078554471 ], [ -71.463590413050468, -29.250206616009461 ], [ -71.463613172414043, -29.250211970001136 ], [ -71.463637232952138, -29.250211526404318 ], [ -71.463659646268283, -29.250211113172913 ], [ -71.463680351235766, -29.250216505029712 ], [ -71.463701944026255, -29.250216106919297 ], [ -71.463722852585647, -29.25022149501568 ], [ -71.463746157833967, -29.250215291729944 ], [ -71.463767133686304, -29.250214904983853 ], [ -71.46378831518382, -29.250214514442792 ], [ -71.463809358324283, -29.25020835285477 ], [ -71.46384495002242, -29.250212871191774 ], [ -71.463854721161667, -29.25021865045991 ], [ -71.463865000389177, -29.250221937713263 ], [ -71.46386975133197, -29.25022466113175 ], [ -71.463875918670993, -29.250228195604951 ], [ -71.463878246664976, -29.250229228914108 ], [ -71.46388451325727, -29.250232011891629 ], [ -71.463894215049351, -29.250234812719359 ], [ -71.463899301114026, -29.250234222770473 ], [ -71.463903219363132, -29.250232163143309 ], [ -71.463906027300737, -29.250231118129641 ], [ -71.463908764836944, -29.250227093795939 ], [ -71.463910912016658, -29.250222087109012 ], [ -71.46391201322956, -29.250212497973312 ], [ -71.463913255704512, -29.25020167844195 ], [ -71.463915755148122, -29.250187723405283 ], [ -71.463918397472142, -29.250179727872357 ], [ -71.463922670675984, -29.250174066735106 ], [ -71.463923340674256, -29.250173179320662 ], [ -71.463927763211316, -29.250170957935371 ], [ -71.463929500302953, -29.250170085125532 ], [ -71.46393576502004, -29.250171459919581 ], [ -71.463941925089813, -29.250176235846599 ], [ -71.463943274059218, -29.250177280892078 ], [ -71.463950888231977, -29.250187572656898 ], [ -71.463958053818445, -29.250202837983895 ], [ -71.463963499948036, -29.250220355143298 ], [ -71.463963582414692, -29.250220619749289 ], [ -71.463964034696644, -29.25023948384586 ], [ -71.463962512585169, -29.250246963457542 ], [ -71.463958857286201, -29.250259947471356 ], [ -71.463955863971776, -29.250274670301518 ], [ -71.463955309089741, -29.25027739863302 ], [ -71.463954626287872, -29.25028075539738 ], [ -71.463952774919804, -29.250289862197221 ], [ -71.463953321080041, -29.250297067315046 ], [ -71.463953602344944, -29.250300775271548 ], [ -71.463956260973475, -29.250303327974468 ], [ -71.463961722514171, -29.250308573255253 ], [ -71.463963037271242, -29.25030930679635 ], [ -71.463968617426218, -29.250312419974676 ], [ -71.463977186141292, -29.250315242591221 ], [ -71.463982862566752, -29.250315634991736 ], [ -71.463999242950692, -29.250313345566653 ], [ -71.464037549208484, -29.250303698259785 ], [ -71.464045348981983, -29.250298090267624 ], [ -71.464052003755469, -29.250292007220537 ], [ -71.464058056257244, -29.250284444970056 ], [ -71.464060722354418, -29.250277441332859 ], [ -71.464060508073814, -29.250268504332571 ], [ -71.464057365786388, -29.250255647468069 ], [ -71.4640518749884, -29.250239357123593 ], [ -71.464041092968458, -29.250219347461098 ], [ -71.46403941883564, -29.250216238939981 ], [ -71.46403454224739, -29.250201925550087 ], [ -71.46403253307264, -29.250189047790361 ], [ -71.464036863113137, -29.250180523161919 ], [ -71.464040166167933, -29.250176488397724 ], [ -71.464046892367776, -29.25017338465198 ], [ -71.464061067063298, -29.25017361944035 ], [ -71.46406461027712, -29.250175525244732 ], [ -71.464069101825999, -29.250177941304297 ], [ -71.464078297656414, -29.250183236800403 ], [ -71.464083197325778, -29.250185641725199 ], [ -71.464088048106532, -29.250188024096087 ], [ -71.464098871114132, -29.25019030806525 ], [ -71.464122096717617, -29.250189879777611 ], [ -71.464136753612465, -29.250186628879796 ], [ -71.464146819584926, -29.25018097909231 ], [ -71.464162896315969, -29.250169029890664 ], [ -71.464164637703362, -29.250167735706697 ], [ -71.464166463133864, -29.250166471547239 ], [ -71.464178819207802, -29.250157915282486 ], [ -71.464184891118137, -29.250152364405505 ], [ -71.464189567561078, -29.250140311492451 ], [ -71.464190817090397, -29.250135064249722 ], [ -71.464191259182513, -29.250133209449238 ], [ -71.464190411991183, -29.25012966709501 ], [ -71.464189189509369, -29.250124544825283 ], [ -71.464185625676336, -29.250117660581886 ], [ -71.464185284821696, -29.250117002002121 ], [ -71.46417886093883, -29.250107873692414 ], [ -71.464178170970712, -29.250104667637398 ], [ -71.464177463460331, -29.250101373497706 ], [ -71.464178181244051, -29.250092354356863 ], [ -71.464178433093039, -29.250089343835253 ], [ -71.464180741374093, -29.250082819507437 ], [ -71.464186181250241, -29.250076736304969 ], [ -71.464191116366848, -29.250075557335546 ], [ -71.464193060889301, -29.250076085304347 ], [ -71.464198612876501, -29.250077595016268 ], [ -71.46421050268782, -29.250081726700667 ], [ -71.46422475629069, -29.250080919867994 ], [ -71.464230274391653, -29.250078099105998 ], [ -71.464232031177673, -29.250073714862477 ], [ -71.46422939260583, -29.250067236653507 ], [ -71.464226768100488, -29.250061302165843 ], [ -71.46422848579428, -29.250055287603026 ], [ -71.464233990834217, -29.250051922198875 ], [ -71.464250118559747, -29.250051624783371 ], [ -71.464254316540632, -29.250052951974112 ], [ -71.464258245042259, -29.250054194824017 ], [ -71.464270636544811, -29.250053423228408 ], [ -71.46428279850052, -29.250042864210833 ], [ -71.464284528179093, -29.25003739250506 ], [ -71.464286892993982, -29.250032453969251 ], [ -71.464291790020525, -29.250029643756342 ], [ -71.464310346718889, -29.250027126518507 ], [ -71.464323849908396, -29.250020893706797 ], [ -71.464330489669152, -29.250013156428434 ], [ -71.46433525738037, -29.250004910595365 ], [ -71.464341211926907, -29.249994466049362 ], [ -71.464347050175547, -29.249979128723091 ], [ -71.464349890575676, -29.249968198529213 ], [ -71.464354735443223, -29.249963213353002 ], [ -71.464367823247102, -29.249955101856532 ], [ -71.464380744513321, -29.249950512615843 ], [ -71.464390048920635, -29.249950341021279 ], [ -71.464398165422068, -29.249952366354805 ], [ -71.464409707218508, -29.249952409699254 ], [ -71.464418001237078, -29.249951456552825 ], [ -71.464424694170106, -29.249945894212573 ], [ -71.464427626840191, -29.249938769278842 ], [ -71.464427925544655, -29.249935439443117 ], [ -71.464428117455554, -29.249933318618812 ], [ -71.464427233529861, -29.249921209472362 ], [ -71.464426712416838, -29.249914063435657 ], [ -71.464432348611098, -29.249902783977749 ], [ -71.464439015462418, -29.249896134156415 ], [ -71.464449469658135, -29.249892133487446 ], [ -71.464457532992981, -29.249891984777157 ], [ -71.464468789754136, -29.249895585035674 ], [ -71.464478198447523, -29.249899762455666 ], [ -71.464488070733594, -29.249897405360219 ], [ -71.464494156657679, -29.249892397290456 ], [ -71.464498355438437, -29.249886336965876 ], [ -71.464498897243686, -29.249883063990961 ], [ -71.464498094696566, -29.249875463964123 ], [ -71.464492883735275, -29.249865225338262 ], [ -71.464491517507923, -29.249858398904212 ], [ -71.464491474209026, -29.249858180486655 ], [ -71.464495091059192, -29.249853762837006 ], [ -71.464499975032069, -29.249850408876981 ], [ -71.464508039391561, -29.249850260144868 ], [ -71.464508880743551, -29.24985047015867 ], [ -71.464516155908328, -29.249852286373308 ], [ -71.464531133787247, -29.24985581709505 ], [ -71.464537002203485, -29.249855422888402 ], [ -71.464542284195801, -29.249855068365143 ], [ -71.464542410895461, -29.24985503264978 ], [ -71.464548449379961, -29.249853322715673 ], [ -71.464553889200431, -29.249847238598296 ], [ -71.464555528656504, -29.24983796249272 ], [ -71.464553524136903, -29.249832015675011 ], [ -71.464547797469919, -29.249826138408686 ], [ -71.464535222461834, -29.249819299487228 ], [ -71.46453186468554, -29.249816289683817 ], [ -71.464525709437524, -29.249810771247152 ], [ -71.464525333820134, -29.249809563915928 ], [ -71.464523019769715, -29.249802119867891 ], [ -71.464523942004178, -29.24979373475708 ], [ -71.464524039187964, -29.249792854295976 ], [ -71.464528779745663, -29.249783520093985 ], [ -71.464532305316069, -29.249775296261767 ], [ -71.464545715381817, -29.249768013270259 ], [ -71.464545781394563, -29.249767977772045 ], [ -71.464548972805929, -29.249766967170704 ], [ -71.46456665317595, -29.249761368168201 ], [ -71.464587352127253, -29.249749439217577 ], [ -71.464607022850984, -29.24973752922843 ], [ -71.464623403258074, -29.24972567992312 ], [ -71.464639989305795, -29.249713826823101 ], [ -71.464646771659929, -29.249696380949214 ], [ -71.464654376632794, -29.249678921706725 ], [ -71.464663832316049, -29.249661424720415 ], [ -71.464659507813067, -29.24964418370331 ], [ -71.464659503898403, -29.249626862996177 ], [ -71.464671156520524, -29.249615100886007 ], [ -71.464686370277533, -29.249597499498844 ], [ -71.464707001941207, -29.249591345365427 ], [ -71.464718446853226, -29.249579587082568 ], [ -71.46473057593461, -29.249562042586501 ], [ -71.46474003163847, -29.249544547399374 ], [ -71.464740352815497, -29.249535506704415 ], [ -71.464740646700221, -29.249527215275691 ], [ -71.464738369167236, -29.24951854908219 ], [ -71.464736117597724, -29.249509978936995 ], [ -71.464732890607266, -29.249486944085806 ], [ -71.464735148765925, -29.249469581655557 ], [ -71.464745838325257, -29.249452063710073 ], [ -71.464761807384207, -29.249440221977082 ], [ -71.464777365151662, -29.249428387828598 ], [ -71.464795800922857, -29.249416501495354 ], [ -71.464798198421377, -29.249415758127068 ], [ -71.464815610974384, -29.249410361599381 ], [ -71.464833636456632, -29.249398481926963 ], [ -71.464850223434723, -29.24938662788416 ], [ -71.464850693428744, -29.249386108612725 ], [ -71.464860843676902, -29.249374884801853 ], [ -71.46487557884781, -29.24936306581597 ], [ -71.464892781739792, -29.249351201309388 ], [ -71.464908545121972, -29.24933936335389 ], [ -71.46492533671875, -29.249327506430109 ], [ -71.46494377140418, -29.249315619195595 ], [ -71.464962759901567, -29.249309495335513 ], [ -71.464980990992061, -29.24929761185172 ], [ -71.464998605104299, -29.249285737942504 ], [ -71.465013134645886, -29.249273924539867 ], [ -71.465028898001918, -29.249262086571559 ], [ -71.465043840836785, -29.249250263737622 ], [ -71.465060630346414, -29.249238406836405 ], [ -71.465081056269284, -29.249232256443992 ], [ -71.465101620613112, -29.249231877087443 ], [ -71.465122457818623, -29.249225719101769 ], [ -71.465143227803921, -29.249225335945276 ], [ -71.465164614719058, -29.249224941404535 ], [ -71.465176840024512, -29.24922136267935 ], [ -71.465185659661742, -29.249218781381131 ], [ -71.46519140318749, -29.249220215349734 ], [ -71.465207182904621, -29.249224156106546 ], [ -71.465227680032115, -29.249229551562753 ], [ -71.465249272590171, -29.249229153214653 ], [ -71.465270181007227, -29.249234541076522 ], [ -71.465291567922222, -29.249234146515356 ], [ -71.465311859411798, -29.24923954575214 ], [ -71.465332629396912, -29.249239162566063 ], [ -71.465353949106273, -29.249244542826553 ], [ -71.46537513037859, -29.249244152045875 ], [ -71.465397478307835, -29.2492495133292 ], [ -71.46541927651073, -29.249249111159351 ], [ -71.465440046496099, -29.249248727956473 ], [ -71.465461366211798, -29.249254108199363 ], [ -71.46548248028607, -29.249259492232873 ], [ -71.465503044629116, -29.249259112814272 ], [ -71.465526009497026, -29.249264462692867 ], [ -71.465548218987834, -29.249264052913347 ], [ -71.465556081914443, -29.249266100898929 ], [ -71.465568921824072, -29.249269446324782 ], [ -71.465575272328124, -29.249270968310842 ], [ -71.465591269680033, -29.249274803967843 ], [ -71.465613273528547, -29.24927439797171 ], [ -71.465635073789599, -29.24927399572843 ], [ -71.46565748892408, -29.249273582136219 ], [ -71.465678668141067, -29.249273191345047 ], [ -71.465701288918055, -29.249272773951034 ], [ -71.465723294820748, -29.249272367898886 ], [ -71.465745502253526, -29.249271958124421 ], [ -71.465767917385676, -29.249271544513732 ], [ -71.465790265379752, -29.249276907533169 ], [ -71.465814325659551, -29.249276463557461 ], [ -71.465836608491443, -29.249287599557839 ], [ -71.465856553847885, -29.249287231506631 ], [ -71.465875752034506, -29.249298424421266 ], [ -71.465895563042722, -29.249309606024347 ], [ -71.465920034615195, -29.249309154439544 ], [ -71.465939914858652, -29.24931456116769 ], [ -71.465960000747486, -29.249319964097843 ], [ -71.465978991250694, -29.249331160829431 ], [ -71.46600017253084, -29.249330769948674 ], [ -71.466007884392056, -29.249335267253681 ], [ -71.466019366627165, -29.249341962917093 ], [ -71.466034221486964, -29.249352200322949 ], [ -71.466035686880801, -29.24935320981983 ], [ -71.46605426611076, -29.249364414129872 ], [ -71.466063045845345, -29.249372559758285 ], [ -71.466066469344014, -29.249375735202019 ], [ -71.466085872205497, -29.249386925209606 ], [ -71.466099100278868, -29.249390369870113 ], [ -71.466106574038989, -29.249392317651722 ], [ -71.466127138398903, -29.24939193813556 ], [ -71.466149759194366, -29.249391520664137 ], [ -71.466170323553456, -29.249391141141341 ], [ -71.466181150800693, -29.249393989594246 ], [ -71.466190820710949, -29.249396534641175 ], [ -71.466213170762515, -29.249401895745439 ], [ -71.466235585915101, -29.249401482054672 ], [ -71.466255875420586, -29.249406881180931 ], [ -71.466276166984429, -29.249412280266021 ], [ -71.466297281124682, -29.249417664166131 ], [ -71.466317574748842, -29.24942306320672 ], [ -71.466338481192949, -29.249428450933479 ], [ -71.466359184051811, -29.249433842414408 ], [ -71.466381326418201, -29.249439207322997 ], [ -71.466389628721629, -29.249441516883447 ], [ -71.466400795462334, -29.249444623374089 ], [ -71.466414176610911, -29.24945178824019 ], [ -71.466421636782727, -29.249455784074424 ], [ -71.466443846299839, -29.2494553741437 ], [ -71.466464616310802, -29.249454990779224 ], [ -71.466487581260722, -29.249460340486745 ], [ -71.466509035342796, -29.249454170899828 ], [ -71.466530216639839, -29.249453779933628 ], [ -71.466551192292769, -29.249453392759904 ], [ -71.466574774176664, -29.249458731064685 ], [ -71.466596366760882, -29.249458332496211 ], [ -71.466617820834685, -29.249452162892204 ], [ -71.466641469853201, -29.249451726357119 ], [ -71.466662995303722, -29.249457102605803 ], [ -71.466682875607049, -29.249462509219207 ], [ -71.466704401061534, -29.249467885460955 ], [ -71.466709083352029, -29.249470232956678 ], [ -71.466720609482209, -29.249476012091776 ], [ -71.466738210218281, -29.249479231630115 ], [ -71.466750996332493, -29.249478404710548 ], [ -71.466763037074401, -29.24947463799796 ], [ -71.466778334415906, -29.249469063754798 ], [ -71.46677840477858, -29.249469038098578 ], [ -71.466798585853439, -29.249466146825881 ], [ -71.466820933887945, -29.249471507863543 ], [ -71.466837868068239, -29.249482742428075 ], [ -71.46684048245325, -29.249484907073363 ], [ -71.466851513002993, -29.249494038613872 ], [ -71.466870709271035, -29.2495052314144 ], [ -71.466894134518071, -29.249517113848036 ], [ -71.466901157065593, -29.249522719001966 ], [ -71.466907875543058, -29.249528084391454 ], [ -71.466912088540937, -29.249535093694458 ], [ -71.466912286937529, -29.249543358892474 ], [ -71.466907237227119, -29.249557631686795 ], [ -71.466905428300421, -29.249566523930572 ], [ -71.466906564982622, -29.249570594976777 ], [ -71.466906904941766, -29.249571815588233 ], [ -71.466909723783388, -29.249574183945835 ], [ -71.466911719553323, -29.249575861135725 ], [ -71.466912988028653, -29.249576251792831 ], [ -71.46691714995427, -29.249577533556547 ], [ -71.466929949227151, -29.249577297267102 ], [ -71.466931956614246, -29.249577187136325 ], [ -71.466946104803199, -29.249576407221909 ], [ -71.466958932387683, -29.249577350384051 ], [ -71.466975187229139, -29.249580595639312 ], [ -71.466992857806602, -29.24958676650246 ], [ -71.46700370646883, -29.249589519768449 ], [ -71.467041619705597, -29.249588679086564 ], [ -71.467063006665654, -29.249588284237731 ], [ -71.467086448007251, -29.249587851456702 ], [ -71.467107837022823, -29.249587456562736 ], [ -71.467130046556889, -29.249587046516346 ], [ -71.467154518172592, -29.249586594701714 ], [ -71.467175699486546, -29.249586203631665 ], [ -71.467198937238308, -29.249585774589782 ], [ -71.467219501619951, -29.249585394903338 ], [ -71.467241916795501, -29.249584981041522 ], [ -71.467264059229947, -29.249590345798957 ], [ -71.467284762159679, -29.249595737131454 ], [ -71.467305532185819, -29.249595353634689 ], [ -71.467328153005909, -29.249594935961269 ], [ -71.467349539962626, -29.249594541066521 ], [ -71.467370859828151, -29.249599920994122 ], [ -71.467392658072853, -29.24959951849819 ], [ -71.467414389228807, -29.249604890824326 ], [ -71.46743639311768, -29.249604484524021 ], [ -71.467457368787009, -29.249604097206337 ], [ -71.467479305590359, -29.249609465724404 ], [ -71.467486621917288, -29.249611238615728 ], [ -71.467501446026418, -29.24961483228283 ], [ -71.467517096589191, -29.249619086377322 ], [ -71.467521329458478, -29.249620237808195 ], [ -71.467527855561471, -29.249621788030872 ], [ -71.467543882192842, -29.249625595843899 ], [ -71.467555627122536, -29.249628788988069 ], [ -71.467563763572343, -29.249631001400658 ], [ -71.467585767464314, -29.249630595075445 ], [ -71.467606537492756, -29.249630211531503 ], [ -71.467627718808501, -29.249629820389305 ], [ -71.467641286811883, -29.249625655524564 ], [ -71.467647732329311, -29.249623678124788 ], [ -71.467669119286839, -29.249623283178579 ], [ -71.467690094956339, -29.249622895824167 ], [ -71.467716640796468, -29.249627045219302 ], [ -71.467720889737663, -29.249627709200606 ], [ -71.467737235981645, -29.249630261647614 ], [ -71.467757263175656, -29.24963111507688 ], [ -71.467758159123676, -29.249631285270453 ], [ -71.467767078156854, -29.24963297351875 ], [ -71.467773251315222, -29.249638160389431 ], [ -71.46777347611642, -29.249639854033038 ], [ -71.46777438632914, -29.249646701476113 ], [ -71.467770862013467, -29.249654923556058 ], [ -71.467766484425709, -29.249666423469836 ], [ -71.467767072503136, -29.249676777098493 ], [ -71.46776729382249, -29.24968068190941 ], [ -71.467768181482214, -29.249682863087699 ], [ -71.467771246750871, -29.249690395136792 ], [ -71.467774203717198, -29.249697272440461 ], [ -71.467784096979273, -29.249702390609066 ], [ -71.467801383605547, -29.249705335244716 ], [ -71.467814446186139, -29.249706725045112 ], [ -71.467837233593627, -29.249706304207894 ], [ -71.46786602984011, -29.249704141356077 ], [ -71.467885601052032, -29.249705410946127 ], [ -71.467908070514909, -29.249711112361048 ], [ -71.467928612488905, -29.249713996858283 ], [ -71.467945036022826, -29.249719809927413 ], [ -71.467965206040034, -29.249727509602689 ], [ -71.467988788085606, -29.249732849452922 ], [ -71.468006750647632, -29.249744064868288 ], [ -71.468027455695562, -29.249749456043407 ], [ -71.468049803841211, -29.249754816867757 ], [ -71.468070502723776, -29.249760208149887 ], [ -71.468085396584854, -29.249769617349077 ], [ -71.468088262761157, -29.2497714281964 ], [ -71.468107047916376, -29.249782628404226 ], [ -71.468127339631707, -29.249788027197592 ], [ -71.468148109683469, -29.249787643567643 ], [ -71.468157999025905, -29.249790113147586 ], [ -71.468169634259425, -29.249793020485082 ], [ -71.468191021243754, -29.249792625453317 ], [ -71.468209664302947, -29.249780733028928 ], [ -71.468229061885424, -29.249774601152293 ], [ -71.46824681778493, -29.249785819449052 ], [ -71.4682518349791, -29.249796284316659 ], [ -71.468255049120202, -29.249802989063017 ], [ -71.468255558257979, -29.249803543485253 ], [ -71.468270681546997, -29.249820020164119 ], [ -71.468291591258833, -29.249825408418697 ], [ -71.468293695092441, -29.249826958195602 ], [ -71.468306879443972, -29.249836672289156 ], [ -71.468327788110855, -29.249842059655005 ], [ -71.468348763814518, -29.249841672194634 ], [ -71.468370150806081, -29.249841277133612 ], [ -71.468389825633196, -29.24984668818329 ], [ -71.468399906723505, -29.249863821813594 ], [ -71.468408273597475, -29.249886761595182 ], [ -71.468417534196234, -29.249903911282374 ], [ -71.468428299325339, -29.249915261396151 ], [ -71.468434184224435, -29.249918338081532 ], [ -71.468437413706866, -29.24992002764013 ], [ -71.468445305802149, -29.249922172341201 ], [ -71.468456541394787, -29.249923601239292 ], [ -71.468476957774726, -29.24991864221003 ], [ -71.468491845464413, -29.249914087520626 ], [ -71.468492895241866, -29.249913766819105 ], [ -71.46849471456764, -29.249913064737811 ], [ -71.468512502274038, -29.24990620477611 ], [ -71.468520594772841, -29.249901146832936 ], [ -71.468532085737763, -29.249897661656437 ], [ -71.468542861662826, -29.249895499570098 ], [ -71.46854839644287, -29.249892779364149 ], [ -71.468553177899892, -29.249889745604019 ], [ -71.468556052816766, -29.249885110614027 ], [ -71.468559221225533, -29.249875521158064 ], [ -71.468559533834608, -29.249874574469303 ], [ -71.468559713939243, -29.249874064149274 ], [ -71.468562329163234, -29.249866668951128 ], [ -71.468566690221465, -29.249861679036126 ], [ -71.468572559980743, -29.249857316190791 ], [ -71.468583157466639, -29.249855177244498 ], [ -71.468590486568104, -29.249854183028003 ], [ -71.468607168476424, -29.24985473367002 ], [ -71.468626330580435, -29.249856528525896 ], [ -71.46863421097602, -29.249858100584206 ], [ -71.468651037359493, -29.24986466570855 ], [ -71.468663859540996, -29.249867865914787 ], [ -71.468674191216209, -29.249869392684928 ], [ -71.468686918955711, -29.249864293302746 ], [ -71.468694661862997, -29.249852604893043 ], [ -71.468703978220361, -29.249829336638111 ], [ -71.468706433056454, -29.249803488779357 ], [ -71.468705881612877, -29.249797704634464 ], [ -71.468705778525077, -29.249796624894145 ], [ -71.468703236510208, -29.249792807164198 ], [ -71.468702859624685, -29.249792491167156 ], [ -71.46869673149267, -29.249787339594945 ], [ -71.468682356396016, -29.249780729189833 ], [ -71.468677482215071, -29.249776091213516 ], [ -71.468674831381733, -29.249773567332692 ], [ -71.468672758093803, -29.249768878513564 ], [ -71.468673572934364, -29.249761989286633 ], [ -71.468677317122712, -29.249754615629442 ], [ -71.468683834914245, -29.249744213727318 ], [ -71.468684399620386, -29.249743312899817 ], [ -71.468685370149316, -29.249741748731935 ], [ -71.468693838519386, -29.249728101041782 ], [ -71.468703349610792, -29.249715894623641 ], [ -71.46871915830009, -29.249700564182721 ], [ -71.468740408446976, -29.24968432490855 ], [ -71.46875596575515, -29.24967249032176 ], [ -71.468774880370816, -29.249654820123155 ], [ -71.468790437670492, -29.249642985532795 ], [ -71.468809012611729, -29.249636868772587 ], [ -71.468827998837909, -29.249630744411196 ], [ -71.46884760199255, -29.249624608649057 ], [ -71.468868027719154, -29.249618457686509 ], [ -71.468884147005994, -29.249616785937224 ], [ -71.468885034304805, -29.249616810139109 ], [ -71.468892283053293, -29.249617010899371 ], [ -71.468912400683479, -29.249617389771824 ], [ -71.468923794693339, -29.249617835097702 ], [ -71.468944950756239, -29.249618662980488 ], [ -71.468968928053073, -29.24961934491267 ], [ -71.468984780370889, -29.249620176962946 ], [ -71.468991614150113, -29.249619675414699 ], [ -71.468997975174418, -29.249617307990775 ], [ -71.469003435683163, -29.24961308169274 ], [ -71.469007168262891, -29.249608137657393 ], [ -71.469011192128505, -29.249597762875947 ], [ -71.469012003927759, -29.249595672092898 ], [ -71.469012957730939, -29.249593668898289 ], [ -71.469021371561809, -29.249575997829155 ], [ -71.469032905927179, -29.249557408476878 ], [ -71.469045957821166, -29.249540113595678 ], [ -71.469059294420049, -29.249528632142066 ], [ -71.469059663273526, -29.249528314094505 ], [ -71.46907255428529, -29.249515798019392 ], [ -71.469086389436697, -29.249503916732447 ], [ -71.469102308217344, -29.249489747050873 ], [ -71.46911990380309, -29.24947523785843 ], [ -71.469135733669532, -29.249457624610848 ], [ -71.469151290896278, -29.24944578998236 ], [ -71.469165819903338, -29.249433974351543 ], [ -71.469174624793496, -29.249421021364835 ], [ -71.469177743541948, -29.249416432376169 ], [ -71.469179471103487, -29.24941405222987 ], [ -71.469190487736071, -29.249398877041827 ], [ -71.469200669113121, -29.24938665730366 ], [ -71.469205558468573, -29.249382593108461 ], [ -71.469211826211236, -29.249379298212745 ], [ -71.46921680146724, -29.249378809344908 ], [ -71.469223646705842, -29.249380669329945 ], [ -71.469225371637776, -29.249382118740943 ], [ -71.469229199458738, -29.249385335342886 ], [ -71.469231797738033, -29.249387427165072 ], [ -71.469240293355256, -29.249394269746599 ], [ -71.469249695071838, -29.249402775335916 ], [ -71.469252344953105, -29.249405173827828 ], [ -71.46925272877975, -29.249405650272834 ], [ -71.469264963491554, -29.249420836050067 ], [ -71.469277551896056, -29.24943207572213 ], [ -71.469279787853736, -29.249434072298691 ], [ -71.469288335247754, -29.249445638334524 ], [ -71.469295722641675, -29.249455634461501 ], [ -71.469306384252249, -29.249465371616985 ], [ -71.469313749758825, -29.249470004128185 ], [ -71.469318763193684, -29.24947110409034 ], [ -71.469330516881769, -29.249469694287001 ], [ -71.469336765537292, -29.249465604968368 ], [ -71.469344250462257, -29.249456327252002 ], [ -71.46935125329999, -29.249445865838265 ], [ -71.469355628568792, -29.249430466950123 ], [ -71.469363643947176, -29.249412998083518 ], [ -71.4693681633903, -29.249395593819354 ], [ -71.469372271545993, -29.249378197155419 ], [ -71.469377202272611, -29.249360785290712 ], [ -71.469382544283789, -29.249343365825528 ], [ -71.469384558111869, -29.249322460718595 ], [ -71.469384108180549, -29.249316236270328 ], [ -71.469383564090407, -29.249308704582617 ], [ -71.469381411103697, -29.249298687509555 ], [ -71.469379856804721, -29.249291453245704 ], [ -71.469384443219965, -29.249268274160876 ], [ -71.469389785226269, -29.249250854695529 ], [ -71.469390554321109, -29.249240008700824 ], [ -71.469391015382044, -29.249233510312958 ], [ -71.469399053691987, -29.249226158322273 ], [ -71.469403898182847, -29.249221725981425 ], [ -71.469424940719492, -29.249215563539451 ], [ -71.469444749397113, -29.249209423895863 ], [ -71.46944474468097, -29.249192103235536 ], [ -71.469431577785656, -29.249175024908062 ], [ -71.469412176738516, -29.249163837170958 ], [ -71.4694097043173, -29.249146562112585 ], [ -71.469404764186407, -29.249129332656334 ], [ -71.469396121441932, -29.24911217072021 ], [ -71.469379598355943, -29.249100928892201 ], [ -71.469363486558493, -29.249089679461679 ], [ -71.469350046918194, -29.249080043261333 ], [ -71.46934778604944, -29.249078422428816 ], [ -71.469330852717306, -29.249067188175285 ], [ -71.469317274594488, -29.249050118336033 ], [ -71.469296299067622, -29.249050505938811 ], [ -71.469286638561343, -29.249068005201256 ], [ -71.469276159527254, -29.249071730648375 ], [ -71.469269504301153, -29.249074096303541 ], [ -71.469263700547103, -29.249072426367299 ], [ -71.469250651130452, -29.249068670196138 ], [ -71.469234334758696, -29.249057425431516 ], [ -71.469229540271797, -29.24905276435106 ], [ -71.469216849425052, -29.249040426877613 ], [ -71.469199231167181, -29.249034978845796 ], [ -71.469183187439498, -29.24901795545329 ], [ -71.469168581113848, -29.249000903694395 ], [ -71.469155142704281, -29.248989604838759 ], [ -71.469144238998538, -29.248972485563179 ], [ -71.469138682038604, -29.248955269296296 ], [ -71.469132096782943, -29.248938068420873 ], [ -71.469126745426166, -29.248920846549993 ], [ -71.46912201099785, -29.248903613279573 ], [ -71.469118166134876, -29.248880589988644 ], [ -71.469116516341501, -29.248863299721975 ], [ -71.469115072190945, -29.248846005655516 ], [ -71.469114309906189, -29.248822925406433 ], [ -71.46911266217154, -29.248805635101501 ], [ -71.469111681846783, -29.248794288276866 ], [ -71.469110670149675, -29.24878257757441 ], [ -71.46911007052887, -29.248779626985812 ], [ -71.469108332325874, -29.248771073603791 ], [ -71.46910634030624, -29.248748016076437 ], [ -71.469105785724082, -29.248724931989159 ], [ -71.46910557547298, -29.248707616927408 ], [ -71.469103375714809, -29.248684561433944 ], [ -71.469102137212971, -29.248667263566965 ], [ -71.469100552368971, -29.248644198515656 ], [ -71.469099794205306, -29.248621118189597 ], [ -71.469098717921241, -29.248614169180247 ], [ -71.469097118271137, -29.248603846881927 ], [ -71.469095100970407, -29.248593909387715 ], [ -71.469093615659148, -29.248586590848706 ], [ -71.469090799027228, -29.248563548556689 ], [ -71.4690881210404, -29.248546277286533 ], [ -71.469085237413267, -29.248529009815865 ], [ -71.469085094166871, -29.24850591993167 ], [ -71.469087557173197, -29.248488551867151 ], [ -71.469090704144264, -29.248465399385463 ], [ -71.469093167235854, -29.248448034927758 ], [ -71.469097275369862, -29.248430636466111 ], [ -71.469099121493088, -29.248413281603778 ], [ -71.469099114789188, -29.248395960976115 ], [ -71.469096993422127, -29.24837976467434 ], [ -71.469096096636278, -29.248372922407015 ], [ -71.469085066423702, -29.248362865470273 ], [ -71.469083684470604, -29.248361604577781 ], [ -71.469065516414446, -29.248350393097407 ], [ -71.469047965285284, -29.248339170215683 ], [ -71.469031854675208, -29.248327920715774 ], [ -71.469028758433353, -29.248322312593984 ], [ -71.469022389483357, -29.248310773042252 ], [ -71.469016626946825, -29.248293560564917 ], [ -71.46901216521789, -29.248270548664745 ], [ -71.469008459051224, -29.248253296388473 ], [ -71.469007631857764, -29.248235990919412 ], [ -71.469010300558466, -29.248218620859287 ], [ -71.469020989291721, -29.24820110442278 ], [ -71.469036825955868, -29.248189647149999 ], [ -71.469037369922987, -29.248189253697355 ], [ -71.469051143216035, -29.248171678462693 ], [ -71.469062381815618, -29.248159923643477 ], [ -71.469057919034796, -29.248136910861945 ], [ -71.469047278821947, -29.248128613972789 ], [ -71.469043452553848, -29.248125630984031 ], [ -71.46902528454541, -29.248114419495103 ], [ -71.469006021333726, -29.248109001822971 ], [ -71.468973592504611, -29.248086506642746 ], [ -71.468953508794712, -29.248081104122157 ], [ -71.468937806433189, -29.248069847065754 ], [ -71.468928820644891, -29.248046918745917 ], [ -71.468922235536866, -29.248029719655946 ], [ -71.468916473036188, -29.248012507171715 ], [ -71.468910916091374, -29.247995287280883 ], [ -71.46890597611295, -29.247978057795272 ], [ -71.468903982111186, -29.247955000296816 ], [ -71.468903264038573, -29.247946390173574 ], [ -71.468902540077167, -29.247937706185063 ], [ -71.468902913342049, -29.247931362779742 ], [ -71.468903562663598, -29.24792036744066 ], [ -71.468902559389036, -29.247911018335422 ], [ -71.468901708300351, -29.247903080044605 ], [ -71.468898909647635, -29.247891788460976 ], [ -71.468896010723299, -29.24788009097038 ], [ -71.468897584226667, -29.247868514730111 ], [ -71.468899291752138, -29.24784538884434 ], [ -71.468895174344951, -29.247828144160408 ], [ -71.46888961750264, -29.24781092787434 ], [ -71.468883854935754, -29.247793711780258 ], [ -71.468878298054278, -29.247776493689994 ], [ -71.468872396951411, -29.247753510178327 ], [ -71.468868073870368, -29.247736267488609 ], [ -71.468868274910477, -29.247718943019841 ], [ -71.468868270310963, -29.247701622350235 ], [ -71.468866209357415, -29.247684341475935 ], [ -71.468867711207082, -29.247661217585506 ], [ -71.468869968644839, -29.247643855124693 ], [ -71.468872136722879, -29.247629752781723 ], [ -71.468872639374425, -29.24762648322401 ], [ -71.46887287255295, -29.247625399075243 ], [ -71.468877636175975, -29.247603299274751 ], [ -71.468880304890646, -29.247585929215415 ], [ -71.468883280186688, -29.247574470514326 ], [ -71.468884825366885, -29.247568524042496 ], [ -71.468885342795218, -29.247559274942844 ], [ -71.468886120609952, -29.247545406675194 ], [ -71.468895302771955, -29.247533689863985 ], [ -71.468907842174644, -29.247516137441583 ], [ -71.468915857506872, -29.247498668601651 ], [ -71.468916058541552, -29.247481344132762 ], [ -71.468909884757764, -29.247464137440112 ], [ -71.468908312085432, -29.247462301808053 ], [ -71.468895280772429, -29.247447085593983 ], [ -71.468887258492202, -29.247441697479402 ], [ -71.468878551372612, -29.24743584840229 ], [ -71.468872312729047, -29.24743015850154 ], [ -71.46886614031375, -29.247424527819117 ], [ -71.468859847351183, -29.247414649463582 ], [ -71.468855237933781, -29.247407411189794 ], [ -71.468844128825239, -29.247390295672279 ], [ -71.46883651558592, -29.247373115568813 ], [ -71.468823760321825, -29.247356029559214 ], [ -71.468804085985681, -29.247350619446514 ], [ -71.468787768896192, -29.247339373722948 ], [ -71.468774776822201, -29.247324419288329 ], [ -71.468772958303845, -29.247322326580662 ], [ -71.468761791542292, -29.247312788146832 ], [ -71.468759725807629, -29.247311023868107 ], [ -71.468743203090185, -29.247299781937354 ], [ -71.468730037622862, -29.247282704397811 ], [ -71.468720162383136, -29.247265566074073 ], [ -71.468715839440748, -29.247248326982454 ], [ -71.468711283128457, -29.247239487356048 ], [ -71.468706994414504, -29.247231167821376 ], [ -71.468695765964156, -29.247218246658431 ], [ -71.468692182845317, -29.247214121588868 ], [ -71.468681702100426, -29.247205948917877 ], [ -71.468677716539275, -29.247202841659853 ], [ -71.46866393312979, -29.247185774625972 ], [ -71.46864679352683, -29.24717454407774 ], [ -71.46862944828878, -29.247163317325839 ], [ -71.468609362720883, -29.247157914779049 ], [ -71.468590099709829, -29.247152497034318 ], [ -71.468571726287735, -29.247141289267791 ], [ -71.4685707508268, -29.247140634303424 ], [ -71.468554999028981, -29.247130051992055 ], [ -71.468540598733625, -29.247112996339425 ], [ -71.46852387148283, -29.247101759059284 ], [ -71.46851084468102, -29.247090452519835 ], [ -71.46849809055729, -29.24707336735592 ], [ -71.468488929637616, -29.247062969108917 ], [ -71.468483073363899, -29.247056323091559 ], [ -71.468470663488063, -29.247045005151961 ], [ -71.468460171400523, -29.247027878200026 ], [ -71.468457080245329, -29.247010614539935 ], [ -71.468453376245549, -29.24699336039566 ], [ -71.468448436447019, -29.246976132686861 ], [ -71.468437533094217, -29.246959013329278 ], [ -71.468417653213351, -29.246953606952093 ], [ -71.46839777333436, -29.246948200571833 ], [ -71.468383168546467, -29.246931151383297 ], [ -71.468374938463995, -29.246913980837501 ], [ -71.468369381725154, -29.246896762716137 ], [ -71.468364647541293, -29.246879529401106 ], [ -71.468359707721021, -29.246862299884089 ], [ -71.468356001731578, -29.246845047576929 ], [ -71.468354763401067, -29.24682774968996 ], [ -71.468354620350624, -29.246804659789806 ], [ -71.468354204530243, -29.24678734490606 ], [ -71.468359684125289, -29.246773252669193 ], [ -71.468360988140176, -29.246769898847269 ], [ -71.468362312189655, -29.246765580285874 ], [ -71.468366329219307, -29.246752480335111 ], [ -71.468383118976874, -29.246740623941609 ], [ -71.468404299685034, -29.246740232711463 ], [ -71.468410726560776, -29.246741941700602 ], [ -71.468424591805629, -29.246745630575752 ], [ -71.468446116749334, -29.246751006566964 ], [ -71.468467091820685, -29.246750619125176 ], [ -71.468488133929966, -29.246744456855378 ], [ -71.468505157167542, -29.246739281766935 ], [ -71.468508352478281, -29.246738310697239 ], [ -71.468511523122743, -29.246737297683321 ], [ -71.468527544847504, -29.246732181687523 ], [ -71.468543924312556, -29.246720331951472 ], [ -71.468546181797024, -29.246702969491899 ], [ -71.468544737800372, -29.246685675406731 ], [ -71.468539386686686, -29.246668453494273 ], [ -71.46853136228431, -29.246651280962691 ], [ -71.468517578979075, -29.246634213906599 ], [ -71.468512807740609, -29.246631456745025 ], [ -71.468507878604768, -29.246631547795488 ], [ -71.468501308479972, -29.246631669157839 ], [ -71.468496030675638, -29.246634288984001 ], [ -71.468486373262664, -29.246642748861426 ], [ -71.468472267199118, -29.246654174096808 ], [ -71.468456816924984, -29.24666094033833 ], [ -71.468446174817544, -29.246662578506008 ], [ -71.468434981041511, -29.246658464101802 ], [ -71.468424038046905, -29.246655368973869 ], [ -71.468413470992346, -29.246652379666322 ], [ -71.468411710868068, -29.246651860980773 ], [ -71.468403126675909, -29.246649327605713 ], [ -71.468386867532089, -29.246639545803124 ], [ -71.468374758156884, -29.246631486181737 ], [ -71.468362729270737, -29.246619753432142 ], [ -71.468352854162461, -29.246602615072298 ], [ -71.468347091810472, -29.246585400746341 ], [ -71.468347272217471, -29.246552735150722 ], [ -71.468348243752601, -29.246543246719138 ], [ -71.468348029110487, -29.246534308841042 ], [ -71.468347688091313, -29.246520108507664 ], [ -71.46834442265633, -29.246509121424577 ], [ -71.468336372303, -29.246498747757034 ], [ -71.468334995183866, -29.246497900840243 ], [ -71.468327234671705, -29.246493128512743 ], [ -71.468312758089866, -29.246490238470777 ], [ -71.468302558472004, -29.246490426860955 ], [ -71.46829542229176, -29.246493191062839 ], [ -71.468288349211463, -29.246498582885252 ], [ -71.468277190610436, -29.246508782704453 ], [ -71.468259845825656, -29.24653646264899 ], [ -71.468242402051374, -29.246559935114028 ], [ -71.468227933231148, -29.246582298950749 ], [ -71.468205588779355, -29.246601650815602 ], [ -71.468180629855198, -29.246612107317393 ], [ -71.46816038212225, -29.246618794336413 ], [ -71.468137123542661, -29.246625010120265 ], [ -71.468116681607256, -29.246628964580502 ], [ -71.468110345764444, -29.246630189403731 ], [ -71.468089370712008, -29.246630576788117 ], [ -71.468075562119438, -29.246627018540575 ], [ -71.468068461671734, -29.24662518846046 ], [ -71.468062091380517, -29.246623565013063 ], [ -71.468047349095329, -29.246619805692688 ], [ -71.468036597640477, -29.246616975827543 ], [ -71.468026853390867, -29.246614409724678 ], [ -71.468005737712204, -29.246609026105315 ], [ -71.467987948652052, -29.24660424140075 ], [ -71.467985653330402, -29.246603624338682 ], [ -71.467983030827739, -29.246602918596015 ], [ -71.467965566850808, -29.246598220803438 ], [ -71.467945275785254, -29.246592821945427 ], [ -71.467924365752097, -29.246587434515003 ], [ -71.467906134151988, -29.246581997617692 ], [ -71.467895637511859, -29.246571144062809 ], [ -71.467889679787476, -29.246564982525669 ], [ -71.467879119703682, -29.246553628560488 ], [ -71.467876647656411, -29.246536354350365 ], [ -71.467873214474423, -29.246513323399387 ], [ -71.467869892509725, -29.246509447880996 ], [ -71.467867761359528, -29.246507656829213 ], [ -71.467867272134868, -29.246507245474369 ], [ -71.467861238936152, -29.246505480473353 ], [ -71.467855250770498, -29.24650559105655 ], [ -71.467850599779226, -29.246507926841101 ], [ -71.467846851329128, -29.246512122374504 ], [ -71.467844881636395, -29.246519283717042 ], [ -71.467842099486589, -29.246536991448501 ], [ -71.467842102859649, -29.246547628320027 ], [ -71.467842104947735, -29.246554313013856 ], [ -71.467835733540966, -29.246571750535505 ], [ -71.467822782774761, -29.246589310458408 ], [ -71.467802974475035, -29.246595449839408 ], [ -71.467782140040327, -29.24660160816661 ], [ -71.467768020457356, -29.246613416080372 ], [ -71.467762061360332, -29.246630846887314 ], [ -71.467753223331471, -29.246648330857063 ], [ -71.467742740196627, -29.246665845205104 ], [ -71.467722314963055, -29.246671995967269 ], [ -71.467700928620133, -29.246672390885834 ], [ -71.467680226274624, -29.246666999582185 ], [ -71.467661834002655, -29.246661682894512 ], [ -71.467644929649452, -29.246659043294493 ], [ -71.467634785591372, -29.246657262175578 ], [ -71.467621799202689, -29.246654059470949 ], [ -71.467601529669622, -29.246645358391845 ], [ -71.467593190782466, -29.246640702248921 ], [ -71.467581512386928, -29.246634181736244 ], [ -71.467569895216442, -29.24662656942499 ], [ -71.467564371938494, -29.246622950153053 ], [ -71.467548672008292, -29.246611692870932 ], [ -71.467531121341338, -29.246600469759819 ], [ -71.467514599916839, -29.246589228543996 ], [ -71.467502257295649, -29.24657213567637 ], [ -71.467495087899152, -29.246565247731048 ], [ -71.46749046340355, -29.246560803557998 ], [ -71.46747676617116, -29.246546457405358 ], [ -71.467474213717139, -29.246543784632504 ], [ -71.467453855585347, -29.246544160525417 ], [ -71.467433291815468, -29.246544540212092 ], [ -71.467412044032443, -29.246550706113954 ], [ -71.467389629521108, -29.246551119965346 ], [ -71.467367626284755, -29.246551526219477 ], [ -71.467347062512061, -29.246551905892971 ], [ -71.467323483333971, -29.246546567647457 ], [ -71.467302094954292, -29.246546962538673 ], [ -71.467281531181499, -29.246547342202032 ], [ -71.467239308336673, -29.24655389533045 ], [ -71.46721943064162, -29.246548488728244 ], [ -71.467198109371552, -29.246543108774329 ], [ -71.467178023986207, -29.246537706000179 ], [ -71.467157321689626, -29.246532314612132 ], [ -71.467136346642064, -29.24653270184584 ], [ -71.467115168012725, -29.24653309283466 ], [ -71.467094052387822, -29.246527709067244 ], [ -71.46707376137212, -29.246522310073225 ], [ -71.467052991962987, -29.246522693497443 ], [ -71.467032016915738, -29.24652308071467 ], [ -71.46701083623033, -29.246523471724817 ], [ -71.466990272457707, -29.24652385134311 ], [ -71.466969091771503, -29.246524242346648 ], [ -71.466948800761614, -29.246518843333188 ], [ -71.466928442626667, -29.246519219145824 ], [ -71.466906917749839, -29.246513841098775 ], [ -71.466886353977529, -29.246514220700988 ], [ -71.466866063016326, -29.24650882347802 ], [ -71.466846388926882, -29.24650341306058 ], [ -71.466838446251202, -29.246494005287257 ], [ -71.466831990046813, -29.246486358083025 ], [ -71.466815262024028, -29.246475119688064 ], [ -71.46679784995743, -29.24646966750807 ], [ -71.466778654289342, -29.246458474658457 ], [ -71.466771890587097, -29.246456573339014 ], [ -71.466759392538449, -29.246453057518373 ], [ -71.46674822469366, -29.246449805822362 ], [ -71.466740745602564, -29.246447627222601 ], [ -71.466720660255078, -29.246442224377049 ], [ -71.466701053324741, -29.24643103910692 ], [ -71.466681379257324, -29.246425628663712 ], [ -71.46667829088625, -29.246422097923777 ], [ -71.466671438349266, -29.246414265874233 ], [ -71.466654160585051, -29.246397264014082 ], [ -71.466639215648343, -29.246393243952816 ], [ -71.466634074201338, -29.246391860271874 ], [ -71.466613716086698, -29.246392236035103 ], [ -71.466598663687122, -29.246382837687602 ], [ -71.46659575427681, -29.246381020383605 ], [ -71.466579643208078, -29.246369770569803 ], [ -71.466565861302897, -29.246352704172963 ], [ -71.466550778429024, -29.246341435377705 ], [ -71.466534461690671, -29.246330187549763 ], [ -71.466514993330563, -29.246324775088301 ], [ -71.466494908016855, -29.246319372206582 ], [ -71.466476123682554, -29.246308171718873 ], [ -71.466475098662329, -29.246307465329778 ], [ -71.466459808050331, -29.246296926567151 ], [ -71.466452599424457, -29.246291958102955 ], [ -71.46644349237836, -29.246285679609752 ], [ -71.466429229976882, -29.246274393852609 ], [ -71.466412913348464, -29.246263149615181 ], [ -71.466397075112695, -29.246246121150651 ], [ -71.466379868741129, -29.246240665117142 ], [ -71.46636211261935, -29.246229445635716 ], [ -71.466361014983633, -29.246228199311631 ], [ -71.466347097995808, -29.246212402866483 ], [ -71.466336127909514, -29.246201058141256 ], [ -71.46633020808693, -29.246193127667546 ], [ -71.466323375259975, -29.246183971818976 ], [ -71.466309799059772, -29.24616690159619 ], [ -71.466296153643938, -29.246155606241018 ], [ -71.466295799983769, -29.246155314164906 ], [ -71.466282511337297, -29.246144311729054 ], [ -71.466268112601142, -29.246127256681358 ], [ -71.466255850294061, -29.246118344466876 ], [ -71.46625261746847, -29.246115994555467 ], [ -71.466239247976134, -29.246098921411892 ], [ -71.466238934718433, -29.246098641219739 ], [ -71.466226631725277, -29.246087604349572 ], [ -71.466211961272208, -29.24607632970573 ], [ -71.466210868295605, -29.246074934443822 ], [ -71.46619859177035, -29.246059255655563 ], [ -71.466185563291802, -29.246047948902682 ], [ -71.466171781496286, -29.246030882458008 ], [ -71.466168314837574, -29.24602821840983 ], [ -71.466157111035727, -29.246019606905509 ], [ -71.466143436610508, -29.246008944457142 ], [ -71.466142644115536, -29.246008325790868 ], [ -71.466129890516598, -29.245991240367044 ], [ -71.466122277841151, -29.245974060072609 ], [ -71.466114665211691, -29.245956881581016 ], [ -71.466103556674568, -29.245939763992414 ], [ -71.466102196349453, -29.245938544164414 ], [ -71.466090943608037, -29.24592844956323 ], [ -71.46607901164046, -29.245912467605201 ], [ -71.466078187971888, -29.245911364171135 ], [ -71.466076450544406, -29.245909989821492 ], [ -71.466063928812147, -29.245900081017222 ], [ -71.46604997296572, -29.245869412840172 ], [ -71.466049848743125, -29.245864235137372 ], [ -71.466053970725426, -29.245851210890208 ], [ -71.466058123730065, -29.245839479716082 ], [ -71.466062307800442, -29.245829043418421 ], [ -71.466070955408966, -29.245819819301445 ], [ -71.466083974447315, -29.245807925420923 ], [ -71.4660895484392, -29.245793554571183 ], [ -71.466093572635103, -29.245776669233241 ], [ -71.466093106848163, -29.245757255102379 ], [ -71.466092827376215, -29.245745606623817 ], [ -71.466093515772016, -29.245737942106128 ], [ -71.46609399332776, -29.245732636924515 ], [ -71.46610085403394, -29.245714960403561 ], [ -71.466105307912599, -29.245703636848763 ], [ -71.46611152387878, -29.245662388903568 ], [ -71.466107916763264, -29.245635262748475 ], [ -71.466104651255563, -29.24562237482488 ], [ -71.46609713955624, -29.245617333446425 ], [ -71.46609566376226, -29.245617217242163 ], [ -71.466083809962683, -29.245616282168143 ], [ -71.466071256536324, -29.245617741610427 ], [ -71.466070542588653, -29.245617824248594 ], [ -71.466055402236094, -29.245621131163588 ], [ -71.466034570085171, -29.245625066339333 ], [ -71.46602045848239, -29.245627692108055 ], [ -71.466009646383114, -29.24562730163256 ], [ -71.466007583702151, -29.245626518761963 ], [ -71.46599329853467, -29.245621095372755 ], [ -71.465987237598696, -29.245617098940667 ], [ -71.465983695507816, -29.245614762847545 ], [ -71.465976004553042, -29.245603664301388 ], [ -71.465945747651489, -29.245578941492965 ], [ -71.465937312454741, -29.245561774557746 ], [ -71.465927232216785, -29.245544639780579 ], [ -71.465921264700398, -29.245527429114361 ], [ -71.465915297229472, -29.245510220251155 ], [ -71.465907478951706, -29.245493041930089 ], [ -71.465899660719998, -29.245475865411802 ], [ -71.465893281941462, -29.2454586623324 ], [ -71.465890890920718, -29.245451996453159 ], [ -71.465887110857366, -29.245441455420224 ], [ -71.465883244986529, -29.245426908735837 ], [ -71.46588100285274, -29.24541847375043 ], [ -71.465874829717251, -29.24540126687528 ], [ -71.465868862219622, -29.245384056205374 ], [ -71.465863511630985, -29.24536683415214 ], [ -71.465861245577671, -29.245349555184216 ], [ -71.465855278129226, -29.245332346316715 ], [ -71.465851572586814, -29.245315092104899 ], [ -71.465861644664486, -29.245297585479797 ], [ -71.465874595634688, -29.245280025733845 ], [ -71.465886724102361, -29.245262482967597 ], [ -71.465900086291541, -29.245244913827531 ], [ -71.46590649014928, -29.245232248022536 ], [ -71.465908926599226, -29.245227429927649 ], [ -71.465910250413941, -29.245218810063701 ], [ -71.465911593733324, -29.245210059933964 ], [ -71.465913440338895, -29.245192703276285 ], [ -71.465915492665786, -29.245175346431097 ], [ -71.46591617269172, -29.245152239509764 ], [ -71.465919802910037, -29.245140627142842 ], [ -71.465921305432431, -29.245117503240571 ], [ -71.465924385889437, -29.245100125620016 ], [ -71.465928972979157, -29.245076946605675 ], [ -71.465933698513865, -29.245059538630052 ], [ -71.465931021189746, -29.245042267251609 ], [ -71.46592841105543, -29.245019221039776 ], [ -71.465929229482938, -29.245001883353559 ], [ -71.465936833945804, -29.244984424060302 ], [ -71.465934975270343, -29.244977008616662 ], [ -71.465932513602183, -29.244967182998593 ], [ -71.465929879508721, -29.244954200421684 ], [ -71.465927845023785, -29.244944172964455 ], [ -71.465930925519984, -29.244926797147166 ], [ -71.465939558108033, -29.244909317078736 ], [ -71.465939142812957, -29.244892005765404 ], [ -71.465938110527929, -29.244874702228191 ], [ -71.465927002193268, -29.244857586417194 ], [ -71.465922769516226, -29.244854332973887 ], [ -71.465912330885175, -29.24484630994176 ], [ -71.465901495426792, -29.244823417303845 ], [ -71.465899229342895, -29.244806136531491 ], [ -71.465900253454095, -29.244788796853914 ], [ -71.465908474768923, -29.244771324376117 ], [ -71.465904561554467, -29.244754073996031 ], [ -71.465891193361784, -29.244737001683319 ], [ -71.465872615023756, -29.244725797293079 ], [ -71.465855064861117, -29.244714573928949 ], [ -71.465839159776351, -29.244703320208835 ], [ -71.465835531992695, -29.244701055154788 ], [ -71.46582119940237, -29.244692105310879 ], [ -71.465810382922768, -29.244688955298493 ], [ -71.465802552832912, -29.244686674860983 ], [ -71.465784385781561, -29.244675462869036 ], [ -71.465768069441893, -29.244664216727756 ], [ -71.465767248495681, -29.244663612115442 ], [ -71.465752781276635, -29.244652951614032 ], [ -71.465752637032793, -29.244652770242087 ], [ -71.465739205431973, -29.244635883115599 ], [ -71.465727891480697, -29.24461876927457 ], [ -71.465714315601673, -29.244601698969554 ], [ -71.465703412969944, -29.244584579341403 ], [ -71.465696350184928, -29.244573162461389 ], [ -71.46568524192547, -29.244556046625277 ], [ -71.465675778741584, -29.244538900436702 ], [ -71.465677417736885, -29.244521549414348 ], [ -71.46567392004043, -29.244504294967271 ], [ -71.465663015327181, -29.244487173569077 ], [ -71.465643549373127, -29.244481759114496 ], [ -71.465628945358205, -29.244464707767854 ], [ -71.465615780828045, -29.244447631666073 ], [ -71.465604194076818, -29.244436296440092 ], [ -71.465594114017364, -29.244419161625363 ], [ -71.465581360723291, -29.244402076128416 ], [ -71.465575962619283, -29.244396034056937 ], [ -71.465550857663345, -29.244367928747948 ], [ -71.465534351919345, -29.244355215606483 ], [ -71.465514558959455, -29.244346115672272 ], [ -71.46550848497489, -29.244340756345057 ], [ -71.465500766373566, -29.244333945168059 ], [ -71.465480269517116, -29.244323673725152 ], [ -71.465469921273296, -29.24431439774051 ], [ -71.465453429735248, -29.244302276119615 ], [ -71.465449393168768, -29.244298706004539 ], [ -71.465440327905753, -29.244290685561054 ], [ -71.465434830735603, -29.244286645320191 ], [ -71.465429375100015, -29.244284379693376 ], [ -71.465423314830758, -29.24428508148165 ], [ -71.465418004132061, -29.244288730213476 ], [ -71.465413450935401, -29.244295913927662 ], [ -71.465414507703358, -29.244301890852487 ], [ -71.465415014736422, -29.244304761079423 ], [ -71.465415339603922, -29.244306383420589 ], [ -71.465416546007077, -29.244312423440007 ], [ -71.465413315490451, -29.244318400970915 ], [ -71.465407328212038, -29.244322060379535 ], [ -71.465396712942791, -29.244324810120521 ], [ -71.465392570704211, -29.244325883382356 ], [ -71.465368955743429, -29.244326319020232 ], [ -71.465350047942351, -29.244326076026077 ], [ -71.465340833614817, -29.244325993410513 ], [ -71.465328444284779, -29.244325882760144 ], [ -71.465327841958697, -29.244325558281112 ], [ -71.465318869752878, -29.24432073143662 ], [ -71.465293109648798, -29.244315014451569 ], [ -71.465275148393417, -29.244303800392753 ], [ -71.465254925129685, -29.244292626253444 ], [ -71.465236279708023, -29.244287196600887 ], [ -71.465214961052396, -29.24428181625688 ], [ -71.465161401331969, -29.244261255179666 ], [ -71.46513344730154, -29.244250524028896 ], [ -71.465131588453659, -29.244250432921262 ], [ -71.46511420798295, -29.244249581654525 ], [ -71.465094968750989, -29.244248642884262 ], [ -71.465080224994779, -29.244250208483773 ], [ -71.465060679145736, -29.24425179680183 ], [ -71.465059572446307, -29.244251886678587 ], [ -71.465057689907269, -29.244251794202661 ], [ -71.46504033209915, -29.244250944312505 ], [ -71.465022447208909, -29.244244800552778 ], [ -71.465018713984179, -29.24424234075671 ], [ -71.465001422175206, -29.244230945614138 ], [ -71.464991031622105, -29.244222948680751 ], [ -71.464983349999869, -29.244217034403686 ], [ -71.464959439707883, -29.244196102283727 ], [ -71.464958282916129, -29.244195089785403 ], [ -71.464944632197728, -29.244182268877939 ], [ -71.464923803583901, -29.244164764818393 ], [ -71.464910980807744, -29.244157001282222 ], [ -71.464909465249448, -29.244156083808686 ], [ -71.464894426993652, -29.24415085821342 ], [ -71.464882538965497, -29.244149346296791 ], [ -71.464880254626152, -29.244149055544604 ], [ -71.464866129674178, -29.24414931606049 ], [ -71.464849689341463, -29.244150994116293 ], [ -71.464837069437465, -29.244148473586904 ], [ -71.464831544019987, -29.24414720065657 ], [ -71.464825888722913, -29.244140425357887 ], [ -71.464797945036622, -29.244117982563086 ], [ -71.464787127493693, -29.244109293438996 ], [ -71.464775476616822, -29.244096265128146 ], [ -71.464768900213869, -29.244088911412447 ], [ -71.464762563320051, -29.244082366093323 ], [ -71.464749195467107, -29.24406855663155 ], [ -71.464730907178563, -29.244045586626907 ], [ -71.464712802996118, -29.244030380516151 ], [ -71.464700765962149, -29.244021537960379 ], [ -71.464685929131306, -29.244019220683541 ], [ -71.464668201503486, -29.244019547619022 ], [ -71.464649115403546, -29.244025079604164 ], [ -71.464640343656669, -29.244029125920179 ], [ -71.464621381843102, -29.244020192748547 ], [ -71.464607331058502, -29.244005527119825 ], [ -71.464592505282894, -29.243989255565708 ], [ -71.464590894851014, -29.243984423715176 ], [ -71.464586919001874, -29.243972487051259 ], [ -71.464583454875623, -29.243954221567623 ], [ -71.464582258534747, -29.243947912519552 ], [ -71.464578784495032, -29.243936055009371 ], [ -71.46457620988096, -29.243927260765759 ], [ -71.464569925088568, -29.243913277360566 ], [ -71.464563461785716, -29.243900085703814 ], [ -71.464563307148239, -29.243899771007673 ], [ -71.464561690692051, -29.243897133234711 ], [ -71.464553675802733, -29.243884052283875 ], [ -71.464549879978449, -29.243879109176873 ], [ -71.464543358532509, -29.24387061414966 ], [ -71.46453670785948, -29.243856385796963 ], [ -71.464531922565371, -29.243848870936461 ], [ -71.464526705355368, -29.243840673915354 ], [ -71.464519908616793, -29.243819709384308 ], [ -71.464518741725954, -29.243801885975795 ], [ -71.464522330518918, -29.243781933360243 ], [ -71.464523165439104, -29.243767761824074 ], [ -71.464523383410821, -29.243764068114796 ], [ -71.464523491823769, -29.243761467996656 ], [ -71.464524088484112, -29.243747183577973 ], [ -71.464524798606007, -29.243730852852561 ], [ -71.464524031936207, -29.2437143202208 ], [ -71.464521013326973, -29.243696530959351 ], [ -71.464522467467035, -29.243679956471745 ], [ -71.46452236425047, -29.243663938445991 ], [ -71.464522332203543, -29.243658869096535 ], [ -71.46452182207689, -29.243650376881195 ], [ -71.464521101152087, -29.243638369364909 ], [ -71.464521343810418, -29.243617599785278 ], [ -71.464522061498087, -29.243601284256226 ], [ -71.464520098894042, -29.243581204873049 ], [ -71.464519387146623, -29.243576144449253 ], [ -71.464517868226466, -29.243565346963646 ], [ -71.464516653253483, -29.243559590358213 ], [ -71.464514526161125, -29.243549511353386 ], [ -71.464510296930058, -29.243528077279141 ], [ -71.464510910783858, -29.243510047823619 ], [ -71.464510948599752, -29.243508922176822 ], [ -71.46450989156186, -29.243500357051158 ], [ -71.46450819129052, -29.243486585898133 ], [ -71.464500062801974, -29.243471811042312 ], [ -71.464498516981124, -29.243466756075719 ], [ -71.464494439713846, -29.243453419375527 ], [ -71.464490716557535, -29.243440050885653 ], [ -71.464489566226433, -29.243435917814271 ], [ -71.464487689134231, -29.243419404756011 ], [ -71.464484310280724, -29.243402205810224 ], [ -71.464481394713374, -29.243383693848799 ], [ -71.464481252779066, -29.243382793439334 ], [ -71.464480935394519, -29.243380924676977 ], [ -71.46447866656689, -29.243367593418885 ], [ -71.464477168614778, -29.243351963765775 ], [ -71.464475220671176, -29.24333223774331 ], [ -71.46447202059359, -29.24330722129611 ], [ -71.464468476332982, -29.243282950937772 ], [ -71.464467622149769, -29.243262080698283 ], [ -71.464467587348295, -29.243261229734326 ], [ -71.464469756214967, -29.243243661457011 ], [ -71.464472998130333, -29.243231422089615 ], [ -71.46447349716864, -29.243229540978454 ], [ -71.464473925121283, -29.24322808427462 ], [ -71.464478288315235, -29.24321323152402 ], [ -71.464481543972013, -29.243204954936854 ], [ -71.464483174776589, -29.243200812077735 ], [ -71.464484746001403, -29.243197401940407 ], [ -71.464488452642939, -29.243189358806173 ], [ -71.464491249426942, -29.243182493484507 ], [ -71.464490653814806, -29.243173095307277 ], [ -71.464486188779816, -29.243152850970624 ], [ -71.464485454820903, -29.243149523937344 ], [ -71.464482272147279, -29.243141708882582 ], [ -71.464474298940686, -29.243122125541568 ], [ -71.46446919927763, -29.243105486069421 ], [ -71.464462908731434, -29.243084952433691 ], [ -71.464452338862444, -29.243054666353466 ], [ -71.464450613522104, -29.243037445935659 ], [ -71.464450098010133, -29.243016628990322 ], [ -71.464448358836137, -29.242998831467645 ], [ -71.464443326099214, -29.242980520926828 ], [ -71.464437412096387, -29.242968442275657 ], [ -71.464433148123447, -29.242950705743631 ], [ -71.464429895940498, -29.242933726381395 ], [ -71.464427424580677, -29.242916451157825 ], [ -71.46442659353265, -29.242910103796373 ], [ -71.464425160909101, -29.242899172104394 ], [ -71.464424382072551, -29.242891012313638 ], [ -71.46442351006165, -29.242881883554762 ], [ -71.464421928466194, -29.242858816521128 ], [ -71.464420690895054, -29.242841518546349 ], [ -71.464417808321954, -29.242824252709188 ], [ -71.464416432360323, -29.242801181883397 ], [ -71.464417670058353, -29.242789565855276 ], [ -71.464418281307616, -29.242783826993886 ], [ -71.464418844938763, -29.24277700285235 ], [ -71.464419714880663, -29.24276647976372 ], [ -71.464419572703804, -29.242743386187154 ], [ -71.464419157701315, -29.242726074848385 ], [ -71.464418331394967, -29.242708769289624 ], [ -71.464416338545405, -29.242685709838682 ], [ -71.464414278501096, -29.242668428833731 ], [ -71.464412012784067, -29.242651149816968 ], [ -71.464411597784405, -29.242633838477847 ], [ -71.464411455611838, -29.242610744900748 ], [ -71.464411040569743, -29.242593431758056 ], [ -71.464411653679193, -29.242576099656638 ], [ -71.464411444267839, -29.242558782722135 ], [ -71.464418020652261, -29.242541340660239 ], [ -71.464419963086684, -29.242524924962641 ], [ -71.464420759401193, -29.242518195764077 ], [ -71.464420008607149, -29.242511205511551 ], [ -71.464418902892191, -29.242500909201375 ], [ -71.464417665330501, -29.242483611225452 ], [ -71.464418484069611, -29.242466275332127 ], [ -71.464418547615054, -29.24244318156974 ], [ -71.464416281861958, -29.242425900748806 ], [ -71.464419362530478, -29.242408523146359 ], [ -71.464422854457908, -29.242391137960396 ], [ -71.464427168946926, -29.242373739410862 ], [ -71.464426204256569, -29.242350661000078 ], [ -71.464428462403134, -29.2423332985644 ], [ -71.464430309289725, -29.242315943712143 ], [ -71.464429894249449, -29.242298630568943 ], [ -71.464431741135627, -29.242281275716643 ], [ -71.464429952752084, -29.242272451632317 ], [ -71.464428243707843, -29.242264019411387 ], [ -71.464426658709229, -29.242255012053803 ], [ -71.464424192606899, -29.242241001520835 ], [ -71.464425833820997, -29.24222364865674 ], [ -71.464427886336978, -29.242206290012646 ], [ -71.464430966999771, -29.242188912409908 ], [ -71.464428699240443, -29.242171633429763 ], [ -71.464429381689683, -29.242148526450102 ], [ -71.46443225466561, -29.242131152676947 ], [ -71.464435131796606, -29.242113780631364 ], [ -71.464440679964639, -29.242096355724343 ], [ -71.464450135129709, -29.242078860577646 ], [ -71.464461992616378, -29.242067094731066 ], [ -71.464475558345825, -29.24204952558912 ], [ -71.464490496107672, -29.242037701136088 ], [ -71.464503842467508, -29.24202042110818 ], [ -71.46450406694764, -29.24202013099519 ], [ -71.464516744881564, -29.242008350015062 ], [ -71.464529901349181, -29.241990786610771 ], [ -71.464542784905589, -29.241979001836658 ], [ -71.464556763881134, -29.241961423262669 ], [ -71.464571703720424, -29.241949600567256 ], [ -71.46458486017147, -29.241932037158406 ], [ -71.464592031029156, -29.241926437144659 ], [ -71.464600004625666, -29.24192021158898 ], [ -71.464614329580428, -29.241908398423835 ], [ -71.464616102012769, -29.241905916469868 ], [ -71.464626868126118, -29.241890847308081 ], [ -71.464638723515009, -29.241879081485887 ], [ -71.464651263059679, -29.24186152944754 ], [ -71.46466421385766, -29.241843969824153 ], [ -71.464677164651349, -29.241826410199732 ], [ -71.464690870685303, -29.241814610245061 ], [ -71.464705810487956, -29.241802787536578 ], [ -71.464718966898204, -29.241785224116633 ], [ -71.464733495436221, -29.241773408989683 ], [ -71.464747407085213, -29.241761605237791 ], [ -71.464766870701283, -29.24174969909571 ], [ -71.464782419027657, -29.241738975672497 ], [ -71.464784071392685, -29.241737835586068 ], [ -71.464799422430289, -29.241726005283855 ], [ -71.464800372984257, -29.241725281389908 ], [ -71.464814980099291, -29.241714170267123 ], [ -71.464831153643431, -29.241702324792634 ], [ -71.464847121555394, -29.241690483108677 ], [ -71.464861650065046, -29.241678667969282 ], [ -71.464873983919844, -29.241661119705562 ], [ -71.46488912930721, -29.241649293186541 ], [ -71.464902491295319, -29.241631725958801 ], [ -71.464919076072789, -29.241619872890126 ], [ -71.464937447072813, -29.241631081268451 ], [ -71.464939472711762, -29.241632425062182 ], [ -71.464954380735037, -29.241642316153317 ], [ -71.464974603425631, -29.241653490374905 ], [ -71.464994276489065, -29.24165890113235 ], [ -71.465009010604646, -29.241647082185622 ], [ -71.465019905032094, -29.241629560457859 ], [ -71.465023651670691, -29.241618212992954 ], [ -71.465025659757188, -29.241612132622993 ], [ -71.465010782396647, -29.241600860723587 ], [ -71.465008185081544, -29.24159738132014 ], [ -71.464998030587751, -29.241583774217318 ], [ -71.464981157241141, -29.241578743941076 ], [ -71.464979792823357, -29.241578336987942 ], [ -71.464959301376254, -29.24157294132133 ], [ -71.464956342496166, -29.241563777080444 ], [ -71.464953743500502, -29.241555723032395 ], [ -71.464957646531417, -29.241538328449138 ], [ -71.464971214165601, -29.241520759226805 ], [ -71.464990404827375, -29.241514631686918 ], [ -71.464996775430095, -29.241497193396309 ], [ -71.464998827843814, -29.241479834748269 ], [ -71.465007460393679, -29.241462356543099 ], [ -71.465019315647467, -29.241450588888473 ], [ -71.465031855077669, -29.241433036820307 ], [ -71.465044738507743, -29.241421252004407 ], [ -71.465061940118744, -29.241409387542902 ], [ -71.465079141725695, -29.241397523079407 ], [ -71.465097163783341, -29.241385643481216 ], [ -71.465112516788878, -29.24137381310976 ], [ -71.465128895873065, -29.241361963811176 ], [ -71.465144039131118, -29.241350137305023 ], [ -71.465162205680627, -29.241344026827097 ], [ -71.465181667155548, -29.241332122472766 ], [ -71.465200652140481, -29.24132599869812 ], [ -71.465219842750571, -29.24131987112807 ], [ -71.465240061496104, -29.241313724591087 ], [ -71.465260280239008, -29.24130757805116 ], [ -71.465273018606709, -29.241301541522205 ], [ -71.465273068444887, -29.241301518049795 ], [ -71.465273463208604, -29.241301423262069 ], [ -71.465279561775489, -29.241299966604871 ], [ -71.465300010463864, -29.24130173647174 ], [ -71.4653124209118, -29.241308662301474 ], [ -71.465321532728566, -29.241314218206661 ], [ -71.465333754533987, -29.241313277378968 ], [ -71.465354253083405, -29.241305845548919 ], [ -71.46536857585194, -29.241294034153459 ], [ -71.465380692425441, -29.241262326499449 ], [ -71.465382866010444, -29.241250838443744 ], [ -71.465387556181156, -29.241242165505323 ], [ -71.465395536831494, -29.241236324080631 ], [ -71.46539557724337, -29.241236293565059 ], [ -71.465396754542851, -29.241235975049079 ], [ -71.465401254248462, -29.241234758074846 ], [ -71.465406965549519, -29.241234652721339 ], [ -71.465411245233767, -29.241237214294628 ], [ -71.465412761541316, -29.241238121827177 ], [ -71.465415235807541, -29.24124303245787 ], [ -71.465417048059734, -29.24124663007942 ], [ -71.465419414503643, -29.241250990598722 ], [ -71.465424733015738, -29.241260798719988 ], [ -71.465432588870073, -29.241265022794764 ], [ -71.46543630993348, -29.241267022724902 ], [ -71.46544530274204, -29.241267573123409 ], [ -71.465460804996113, -29.241267287155214 ], [ -71.465472107539881, -29.241262070061918 ], [ -71.465481657338771, -29.241251876705221 ], [ -71.465486332386945, -29.241242487755745 ], [ -71.465492685457775, -29.241235216712074 ], [ -71.465503970869179, -29.241229285449663 ], [ -71.465528225750901, -29.241219535303483 ], [ -71.465549028750416, -29.241209874091471 ], [ -71.46556012866904, -29.241192348533453 ], [ -71.465563620375562, -29.241174963328621 ], [ -71.465564027672812, -29.241157635023896 ], [ -71.46556895876823, -29.241140223265578 ], [ -71.465574368339418, -29.241117029083281 ], [ -71.465581355702696, -29.24109957939109 ], [ -71.465591360247686, -29.241087847635136 ], [ -71.465613354416107, -29.241052800306562 ], [ -71.465627060238731, -29.241041000267021 ], [ -71.465637748916876, -29.241023484094303 ], [ -71.465640006801863, -29.241006119845363 ], [ -71.465634312501578, -29.240983130506809 ], [ -71.465628962237417, -29.240965908418037 ], [ -71.46562422885566, -29.24094867494869 ], [ -71.465618878595421, -29.240931452859225 ], [ -71.465621959032944, -29.24091407524017 ], [ -71.465619693175682, -29.240896796249487 ], [ -71.465619585732597, -29.24089669087877 ], [ -71.465608108910928, -29.240885460956818 ], [ -71.465591447179321, -29.240868449342337 ], [ -71.465572663976261, -29.240857248654592 ], [ -71.465555937043177, -29.240846010031017 ], [ -71.465554665738964, -29.240845110609936 ], [ -71.465540033669768, -29.240834757114804 ], [ -71.465533448621727, -29.240817556897305 ], [ -71.465531176442923, -29.240815882971894 ], [ -71.465518159028775, -29.24080629175344 ], [ -71.465497325577303, -29.240812449667754 ], [ -71.465476831180581, -29.240807054129469 ], [ -71.465469218034158, -29.240789873775554 ], [ -71.465465434592133, -29.240786172687081 ], [ -71.465457631784943, -29.240778540309364 ], [ -71.465443850878827, -29.240761473728462 ], [ -71.46543438813211, -29.24074432749093 ], [ -71.465423486004042, -29.240727207804035 ], [ -71.465417107659476, -29.240710004668667 ], [ -71.46541052369092, -29.240692805325885 ], [ -71.46540760694171, -29.240685183852733 ], [ -71.465403941781034, -29.240675605944691 ], [ -71.465400481083449, -29.24066627595769 ], [ -71.465397561387249, -29.240658402845817 ], [ -71.465392416766122, -29.240641175146987 ], [ -71.465387477859608, -29.240623947261721 ], [ -71.465384595173205, -29.240606679642678 ], [ -71.465382329366307, -29.240589400644488 ], [ -71.465380953300539, -29.240566331636131 ], [ -71.465381977512209, -29.240548991949886 ], [ -71.465385469235727, -29.240531606747712 ], [ -71.465388344080409, -29.240514232924458 ], [ -71.465389791421217, -29.24049845332571 ], [ -71.465390465712417, -29.240491099397126 ], [ -71.465391588695113, -29.240485813882891 ], [ -71.465394162052661, -29.240473711322487 ], [ -71.465401149411875, -29.240456261638972 ], [ -71.465413367536485, -29.24044453417131 ], [ -71.4654134158055, -29.240444488174699 ], [ -71.465427188810608, -29.240426913320078 ], [ -71.46544253958416, -29.240415082957771 ], [ -71.465455490077602, -29.240397523272961 ], [ -71.465470207119282, -29.240386031167038 ], [ -71.465470634211314, -29.240385697621601 ], [ -71.465474698473884, -29.240384424627933 ], [ -71.465490236888826, -29.240379561516335 ], [ -71.465509495541781, -29.240367658156789 ], [ -71.465509655045125, -29.240367532525475 ], [ -71.465524434039054, -29.240355836293062 ], [ -71.465531421369136, -29.24033838660424 ], [ -71.46553573556487, -29.240320986226777 ], [ -71.465539670795081, -29.240310215336986 ], [ -71.465542107021022, -29.240303546996472 ], [ -71.465544615622264, -29.240299510622592 ], [ -71.465552999173056, -29.240286025273736 ], [ -71.465551761476519, -29.240268727312824 ], [ -71.465548673151901, -29.240251463490747 ], [ -71.465543184551905, -29.240228470349063 ], [ -71.465540975967272, -29.240215722572163 ], [ -71.46553738273407, -29.240193874444962 ], [ -71.465536761268098, -29.240190091572927 ], [ -71.46552581728784, -29.240167107049079 ], [ -71.465509859935835, -29.240151668359115 ], [ -71.465506642370187, -29.24014681474214 ], [ -71.465497116628114, -29.240132443701334 ], [ -71.465491732739622, -29.240127541637349 ], [ -71.465485527569854, -29.240121890623413 ], [ -71.465474348836864, -29.24010884642605 ], [ -71.465471122223875, -29.240103186475491 ], [ -71.465465474302007, -29.240093278880327 ], [ -71.465455310948784, -29.240083115379619 ], [ -71.465452488085262, -29.240079880108965 ], [ -71.465447288639652, -29.24007391915476 ], [ -71.465439545866175, -29.240064584258473 ], [ -71.465438210196723, -29.240062973344561 ], [ -71.465429363349529, -29.24004581483937 ], [ -71.465409896208556, -29.240040400334962 ], [ -71.465397349168285, -29.240023310983407 ], [ -71.465381651570041, -29.240012054245597 ], [ -71.465368075363713, -29.2399949829726 ], [ -71.465349225109875, -29.239989557079827 ], [ -71.465334210587486, -29.239972513235713 ], [ -71.465326598564957, -29.239955332847693 ], [ -71.465315629262989, -29.239943986179455 ], [ -71.465309662287623, -29.239926777251004 ], [ -71.465297732152948, -29.239909676509608 ], [ -71.465277648169504, -29.239904273362246 ], [ -71.465256947313705, -29.239898881589891 ], [ -71.465237685833074, -29.239893463265368 ], [ -71.465226311534607, -29.239878223271461 ], [ -71.46522493426508, -29.239876378569981 ], [ -71.465213481597885, -29.239853494512577 ], [ -71.465196070749698, -29.239848042047527 ], [ -71.465178321835126, -29.239854143013154 ], [ -71.465159058310093, -29.239848724714431 ], [ -71.465158030216799, -29.23984801566197 ], [ -71.465142742840257, -29.239837478440062 ], [ -71.465128550872961, -29.239820419398992 ], [ -71.4651157320788, -29.2398091095308 ], [ -71.465105446986755, -29.239791978429299 ], [ -71.465095367522821, -29.239774843534299 ], [ -71.465092821581777, -29.239770330249488 ], [ -71.46508570027467, -29.239757698329285 ], [ -71.465076505329264, -29.239743263416823 ], [ -71.465074796306851, -29.239740580443382 ], [ -71.465059510013901, -29.239729315176064 ], [ -71.465058727693986, -29.239728346288526 ], [ -71.465045730353012, -29.239712248520476 ], [ -71.46504091422868, -29.239701381038536 ], [ -71.465038116387092, -29.239695069952791 ], [ -71.465029270647605, -29.239677910493739 ], [ -71.465023098070546, -29.23966070353702 ], [ -71.465018159241438, -29.239643473825907 ], [ -71.465015482324134, -29.239626204202448 ], [ -71.465010132206729, -29.239608980271953 ], [ -71.465008756254264, -29.239585911250977 ], [ -71.464999293744413, -29.23956876677266 ], [ -71.464979413365896, -29.239563358017513 ], [ -71.464967804778439, -29.23955374436132 ], [ -71.464965773131368, -29.239552062379989 ], [ -71.464950765686652, -29.239541443289845 ], [ -71.46494986897865, -29.239540808493121 ], [ -71.464943490800579, -29.239523605323342 ], [ -71.464933822683776, -29.239506464631432 ], [ -71.464930940075391, -29.239489195190178 ], [ -71.464935254349683, -29.239471794826201 ], [ -71.464946765459715, -29.239454261735585 ], [ -71.464949229158634, -29.23943689730449 ], [ -71.464940794706749, -29.239419730252397 ], [ -71.464926602834382, -29.239402671183505 ], [ -71.464924162984389, -29.239398763970257 ], [ -71.464915908627333, -29.239385547608578 ], [ -71.464910852974398, -29.239373482907283 ], [ -71.464908706964948, -29.239368360525081 ], [ -71.464913843734408, -29.239350944993113 ], [ -71.46492528757031, -29.239339186744921 ], [ -71.464934742432476, -29.239321691577228 ], [ -71.464937890224959, -29.239298539125887 ], [ -71.46493192331414, -29.239281328369653 ], [ -71.464922599162577, -29.239269953127526 ], [ -71.464920732489972, -29.239267772836101 ], [ -71.464907997031901, -29.23925289891503 ], [ -71.464894354835522, -29.239241605108219 ], [ -71.464881061457135, -29.239227313420589 ], [ -71.464878515953416, -29.239224576406496 ], [ -71.464867341202122, -29.239213235288283 ], [ -71.464853354995924, -29.239196172416683 ], [ -71.464842658811762, -29.239179050674785 ], [ -71.464833196284928, -29.239161902572985 ], [ -71.464825995661087, -29.239144714562091 ], [ -71.464820851272663, -29.239127488631024 ], [ -71.464820436220776, -29.239110175484669 ], [ -71.464822077401365, -29.239092824418702 ], [ -71.464824402723735, -29.239069687136048 ], [ -71.46483509132112, -29.23905216922347 ], [ -71.464854281542685, -29.239046041727846 ], [ -71.464867024307139, -29.239028485931001 ], [ -71.46486455507501, -29.239011210667236 ], [ -71.464863080396881, -29.239010278903727 ], [ -71.464846801463295, -29.238999991772531 ], [ -71.46483110303565, -29.238988734072873 ], [ -71.464836856673358, -29.238971307167422 ], [ -71.464836234948777, -29.238953996930078 ], [ -71.464799300860378, -29.238926699533014 ], [ -71.464792618342983, -29.238922970691569 ], [ -71.464791200691693, -29.238920899393726 ], [ -71.464788063689355, -29.238916314005472 ], [ -71.464787902146881, -29.238909575403916 ], [ -71.464799706539779, -29.238897798790642 ], [ -71.464810482165092, -29.238888931556712 ], [ -71.464823501042105, -29.238881949892811 ], [ -71.464837524566036, -29.238871095822489 ], [ -71.464849375123379, -29.238861245292927 ], [ -71.464855596064538, -29.238845720469921 ], [ -71.464857423853829, -29.238830275760751 ], [ -71.464862638045403, -29.23881862157733 ], [ -71.464870118554373, -29.238809815105867 ], [ -71.464883136367547, -29.238802832554132 ], [ -71.464896201382317, -29.238797776069784 ], [ -71.464925832158428, -29.238796266154051 ], [ -71.464948919933434, -29.238796803837815 ], [ -71.46496557567032, -29.23879972717917 ], [ -71.464978712283411, -29.238802033412867 ], [ -71.464993078228702, -29.238805420272211 ], [ -71.465005233628787, -29.238808285874249 ], [ -71.465014304976592, -29.238810276458057 ], [ -71.465029533825501, -29.238813617629059 ], [ -71.465059281032836, -29.23881692107933 ], [ -71.465076578413189, -29.238810998965093 ], [ -71.465085143457856, -29.238799293799371 ], [ -71.465088085586672, -29.238776145138118 ], [ -71.465090343588287, -29.23875878269407 ], [ -71.465092190344436, -29.238741427834636 ], [ -71.465083754928884, -29.238724261708679 ], [ -71.465064493680458, -29.238718843344774 ], [ -71.465043998699358, -29.238713447731499 ], [ -71.465023503720218, -29.238708052114948 ], [ -71.465001980630987, -29.238702675456079 ], [ -71.464982240880232, -29.238703039504777 ], [ -71.464962362772908, -29.238697632502046 ], [ -71.464942551934811, -29.238686450655511 ], [ -71.464910932861088, -29.238679031922857 ], [ -71.464908345492091, -29.238678023250156 ], [ -71.464892078764336, -29.2386716754771 ], [ -71.464887015418924, -29.23867078643929 ], [ -71.464872216853379, -29.238668187883896 ], [ -71.464860044234499, -29.238664560290754 ], [ -71.464846863841927, -29.238664803355146 ], [ -71.464831531520133, -29.238667013041567 ], [ -71.464815243720821, -29.238675017555277 ], [ -71.464798343362304, -29.238694883678285 ], [ -71.464789297714333, -29.238712371289967 ], [ -71.464771687308101, -29.238724243241659 ], [ -71.46475078214263, -29.238718856048983 ], [ -71.464732205055611, -29.238707651419329 ], [ -71.464727609008364, -29.238686266497208 ], [ -71.464723061656272, -29.238673348925207 ], [ -71.464720535163792, -29.238666169492578 ], [ -71.4647125469141, -29.238653795302035 ], [ -71.464708708146588, -29.238650570626984 ], [ -71.464705816190346, -29.238648140404969 ], [ -71.464695931924481, -29.238648322672944 ], [ -71.464689480198757, -29.238654220657267 ], [ -71.464665025197363, -29.238668474122914 ], [ -71.464643846091448, -29.238668864662955 ], [ -71.464623829667815, -29.238657686558351 ], [ -71.46460497969602, -29.238652260542757 ], [ -71.464585307236632, -29.238646849690543 ], [ -71.464564401045024, -29.238641461584368 ], [ -71.464546440857958, -29.238630245552194 ], [ -71.464530742476896, -29.238618986007928 ], [ -71.464518286275506, -29.238605414975233 ], [ -71.464515112527124, -29.238601956109292 ], [ -71.464511546973426, -29.238598757964841 ], [ -71.464502486767714, -29.238590622765479 ], [ -71.464491392192599, -29.238573524573287 ], [ -71.464487520766809, -29.238566019007379 ], [ -71.464482545689322, -29.238556367788444 ], [ -71.464470615863306, -29.238539266952454 ], [ -71.464471228990973, -29.238521934843249 ], [ -71.464490290429339, -29.238503786252537 ], [ -71.464494406628148, -29.23849215232746 ], [ -71.464494175856885, -29.238482524591692 ], [ -71.46448847495536, -29.238473960284921 ], [ -71.464480835852754, -29.238470786730666 ], [ -71.464479596435623, -29.23847027191702 ], [ -71.464468954883955, -29.238470013459587 ], [ -71.464450108688368, -29.238481908154952 ], [ -71.464431329785157, -29.238488028005605 ], [ -71.464416783281493, -29.238497617875218 ], [ -71.464413307119742, -29.238499908413814 ], [ -71.464392333666581, -29.238500295120723 ], [ -71.464374170355768, -29.238490043571954 ], [ -71.464372521874026, -29.238489112300652 ], [ -71.464356617954394, -29.238477858327947 ], [ -71.464345292572474, -29.238468895232405 ], [ -71.464342360064151, -29.238466574906738 ], [ -71.464333150453541, -29.238454994526574 ], [ -71.464328784246362, -29.238449503502256 ], [ -71.464315826305594, -29.238432419802116 ], [ -71.464302257744464, -29.238421186815557 ], [ -71.464302185335271, -29.238421126806049 ], [ -71.464293134262277, -29.238403972876064 ], [ -71.46428202592395, -29.238386855972962 ], [ -71.464264684690036, -29.238375626683574 ], [ -71.464255767645938, -29.238359472540697 ], [ -71.464255220371072, -29.238358482173702 ], [ -71.464251721100482, -29.238341225882909 ], [ -71.464248838696605, -29.238323958218949 ], [ -71.464245867282955, -29.238308727390613 ], [ -71.464246387922429, -29.238286590461939 ], [ -71.464250129145455, -29.238267163681115 ], [ -71.464251746784271, -29.238246852275729 ], [ -71.464251371305735, -29.238231185672955 ], [ -71.464251106305468, -29.238220128697936 ], [ -71.464243614588725, -29.238214734987576 ], [ -71.464232968638441, -29.238209399429927 ], [ -71.464224536630908, -29.238208632914581 ], [ -71.464197360021373, -29.238215587757349 ], [ -71.464178547101184, -29.238220544456667 ], [ -71.464159625804527, -29.238220893290872 ], [ -71.46415324150064, -29.238217330320214 ], [ -71.464146834233034, -29.238213753338588 ], [ -71.464145540791947, -29.238212486242929 ], [ -71.464133910147936, -29.238201083995236 ], [ -71.464129391911655, -29.23819701661359 ], [ -71.46411886261491, -29.238187535434047 ], [ -71.464104998238824, -29.238179493283173 ], [ -71.464097875044203, -29.23817793131375 ], [ -71.464081737420415, -29.238174390274601 ], [ -71.464068108130306, -29.238169118723501 ], [ -71.464065811655374, -29.238168230066233 ], [ -71.464054249559567, -29.238168443216068 ], [ -71.464045930037457, -29.238172284476352 ], [ -71.464038745468159, -29.238179792701878 ], [ -71.464033646390234, -29.238186338704548 ], [ -71.46402527858362, -29.238188336909428 ], [ -71.464012641618183, -29.238187647898748 ], [ -71.464006384762229, -29.238185497103927 ], [ -71.463999918413577, -29.238183274392213 ], [ -71.463992040676672, -29.238179197669357 ], [ -71.463977553689588, -29.238171699236432 ], [ -71.463962572390159, -29.238160913547894 ], [ -71.463946538311944, -29.238150147264847 ], [ -71.463930484209243, -29.238138459376657 ], [ -71.463902322304776, -29.238122496684909 ], [ -71.463881005006783, -29.238117116043806 ], [ -71.463862774087971, -29.238111678505788 ], [ -71.463858482256512, -29.238101134190533 ], [ -71.463855777274716, -29.238094486673727 ], [ -71.463849605005549, -29.23807727964186 ], [ -71.463842404675347, -29.238060093364656 ], [ -71.463830680593531, -29.238042986866876 ], [ -71.463816694725395, -29.238025923864431 ], [ -71.463801819043226, -29.238014650865704 ], [ -71.463790506259215, -29.237997538586523 ], [ -71.463780632827152, -29.237980399774543 ], [ -71.463772198746355, -29.237963234430122 ], [ -71.463765204016127, -29.237946042553585 ], [ -71.463759237393674, -29.237928831725572 ], [ -71.463752242668349, -29.237911639848008 ], [ -71.463743397356723, -29.237894482081341 ], [ -71.463736952204698, -29.2378830554803 ], [ -71.463730847265751, -29.237860071792319 ], [ -71.463724469413251, -29.237842868542174 ], [ -71.463717269079723, -29.237825680452016 ], [ -71.463709451886331, -29.237808503731564 ], [ -71.463700744872142, -29.237797117015695 ], [ -71.463696488521478, -29.237774101055717 ], [ -71.463693608289418, -29.2377568333341 ], [ -71.46368476300259, -29.237739675561834 ], [ -71.463665915298606, -29.237734249362234 ], [ -71.463659708603785, -29.237722213937072 ], [ -71.463657067962302, -29.237717091625591 ], [ -71.46364986765019, -29.237699903530299 ], [ -71.463643901107318, -29.237682694498034 ], [ -71.463638551341859, -29.237665470488512 ], [ -71.463634435344645, -29.237648225542319 ], [ -71.46363120921913, -29.237625192394315 ], [ -71.463634906758259, -29.237607801625977 ], [ -71.463640041626078, -29.237590386169192 ], [ -71.463643739206077, -29.237572997204129 ], [ -71.463643943252634, -29.237555670827138 ], [ -71.463641472265834, -29.237538397364418 ], [ -71.463637561895126, -29.237521148627792 ], [ -71.463635569409902, -29.237498089132689 ], [ -71.463635071574004, -29.237489717561637 ], [ -71.463634539824042, -29.23748078910204 ], [ -71.463633660923961, -29.237471581067176 ], [ -71.463632890272422, -29.237463499596238 ], [ -71.463631858588386, -29.237446197799883 ], [ -71.463630210044712, -29.237428907373239 ], [ -71.463635963823037, -29.237411480508982 ], [ -71.463652342494782, -29.237399631412348 ], [ -71.463663236767275, -29.237382109798084 ], [ -71.4636580926813, -29.237364883801401 ], [ -71.463642805876617, -29.237353618357186 ], [ -71.463639922564795, -29.237336349787316 ], [ -71.463636998715018, -29.237332886291075 ], [ -71.463625525592306, -29.237319294335538 ], [ -71.46360879941605, -29.237308053612669 ], [ -71.463602832907725, -29.237290844575888 ], [ -71.463619828424726, -29.237278984114344 ], [ -71.463637990310303, -29.237272875756773 ], [ -71.463658825250178, -29.23726671812744 ], [ -71.463680004083201, -29.237266327760373 ], [ -71.463700977296085, -29.237265941179992 ], [ -71.463721950508543, -29.237265554596309 ], [ -71.463743746199498, -29.237265152849012 ], [ -71.463763964271124, -29.237259006574003 ], [ -71.463779931664547, -29.237247165044007 ], [ -71.46379411581465, -29.237229582778713 ], [ -71.463801308893338, -29.237212129378058 ], [ -71.463808090730609, -29.237194683557465 ], [ -71.463810143316408, -29.237177324910782 ], [ -71.463807466653179, -29.237160053438096 ], [ -71.463808285522049, -29.2371427175324 ], [ -71.4638000571357, -29.237125548393827 ], [ -71.463778501252079, -29.237112433691372 ], [ -71.463765312311381, -29.237107332606332 ], [ -71.463762673548231, -29.237106237350286 ], [ -71.463760032685727, -29.237105140328627 ], [ -71.463755514077505, -29.237098350322942 ], [ -71.463752137129148, -29.237091644822119 ], [ -71.463750940590344, -29.237089269929506 ], [ -71.463750916614657, -29.237089127835599 ], [ -71.463749923497375, -29.237083180384435 ], [ -71.463755785051319, -29.237068793496917 ], [ -71.46375650681675, -29.237067021950114 ], [ -71.463766682034944, -29.237055379203639 ], [ -71.463768443762007, -29.237053998052623 ], [ -71.463778653726166, -29.237045994741759 ], [ -71.463781244620691, -29.237044019142161 ], [ -71.463788919371623, -29.237038169024675 ], [ -71.463798406706303, -29.237034176351067 ], [ -71.463803152278217, -29.237034641879735 ], [ -71.463811504221198, -29.237035462224981 ], [ -71.463823695386708, -29.237035237505676 ], [ -71.463825267401404, -29.237034652819329 ], [ -71.46383233015824, -29.237032021939015 ], [ -71.46383831499314, -29.23702733062618 ], [ -71.46384246880541, -29.2370188534648 ], [ -71.463845567911093, -29.237002760153793 ], [ -71.463850335406022, -29.236983579687454 ], [ -71.463855100886448, -29.236964401062352 ], [ -71.46385560686312, -29.236949116944807 ], [ -71.463852794340809, -29.236940769999215 ], [ -71.4638447549397, -29.236932517597076 ], [ -71.463835010505278, -29.23692582301992 ], [ -71.463823508299228, -29.236918399448925 ], [ -71.463823111668702, -29.236918201075351 ], [ -71.463814692672031, -29.236913980952828 ], [ -71.463811923880542, -29.236913811870991 ], [ -71.463805094560001, -29.236913392870925 ], [ -71.463796530856939, -29.236919659918627 ], [ -71.463786302830798, -29.23692901224118 ], [ -71.463781614605097, -29.236933300758903 ], [ -71.463779483846196, -29.236935248932262 ], [ -71.463772530005741, -29.236938175503433 ], [ -71.463769996519503, -29.236939241604095 ], [ -71.463763901970296, -29.236939353942152 ], [ -71.463762326586277, -29.236938252617023 ], [ -71.463758584724815, -29.236935634156573 ], [ -71.463757457874991, -29.236924963836206 ], [ -71.46376196808923, -29.236912215759851 ], [ -71.463763170345203, -29.236908819649368 ], [ -71.463764036882381, -29.236904075636414 ], [ -71.463766250154606, -29.236891963496998 ], [ -71.463768313857116, -29.236869015976982 ], [ -71.463768370155279, -29.236858444733063 ], [ -71.463768472357145, -29.236839229377185 ], [ -71.4637697933223, -29.236821642446316 ], [ -71.463772213317611, -29.236819488669898 ], [ -71.463776069472203, -29.236816059879462 ], [ -71.463791936507079, -29.23680715842335 ], [ -71.463805747010667, -29.236796348988026 ], [ -71.463820274999833, -29.236784533987855 ], [ -71.46382771801197, -29.236771331305896 ], [ -71.463830142098388, -29.236767030394102 ], [ -71.463832438918985, -29.236762955555317 ], [ -71.463840006131079, -29.236749527758345 ], [ -71.463848844166762, -29.236732045838508 ], [ -71.46385809335041, -29.236714552730916 ], [ -71.463865080770034, -29.236697103118559 ], [ -71.463870834476282, -29.236679676247221 ], [ -71.463877616316495, -29.23666223222806 ], [ -71.463883369975861, -29.236644803552874 ], [ -71.463885628163439, -29.236627441114916 ], [ -71.46389076500796, -29.236610025613668 ], [ -71.46388891612898, -29.236600901315253 ], [ -71.463887267936144, -29.236592769264195 ], [ -71.463888572519053, -29.236587505670713 ], [ -71.463891580249637, -29.236575368961741 ], [ -71.463908781236768, -29.236563504680994 ], [ -71.463905282107959, -29.23654624836988 ], [ -71.463897670615978, -29.236529067863327 ], [ -71.463885125155059, -29.236513044617951 ], [ -71.46388430286693, -29.236511994365024 ], [ -71.463873400441017, -29.236494873617222 ], [ -71.463872640697716, -29.23649424440611 ], [ -71.463859759746228, -29.236483578751489 ], [ -71.463850297704113, -29.236466432352902 ], [ -71.463840628997531, -29.236449288860769 ], [ -71.463821573854688, -29.236443866496735 ], [ -71.463805260137732, -29.236432620895997 ], [ -71.463796003727765, -29.236415470702543 ], [ -71.46378571923114, -29.236398339458471 ], [ -71.463775640356062, -29.236381204423324 ], [ -71.463766589574092, -29.236364050437111 ], [ -71.463760416352827, -29.236346840703831 ], [ -71.463759854752027, -29.236345680998365 ], [ -71.463744745761417, -29.236314442826409 ], [ -71.46374049129561, -29.236308845070212 ], [ -71.463740781332163, -29.236306397669917 ], [ -71.463740981546238, -29.236304708808699 ], [ -71.463743234998773, -29.236302129593177 ], [ -71.463743272022597, -29.236302086510847 ], [ -71.463745903648729, -29.236300781343246 ], [ -71.463750834496608, -29.236298335006857 ], [ -71.463769599069394, -29.23629540905414 ], [ -71.463771306046326, -29.23629530632267 ], [ -71.463781944339573, -29.236294665485786 ], [ -71.46379421340221, -29.236290827225595 ], [ -71.463801701743677, -29.23628398189199 ], [ -71.463806774974671, -29.236274600093147 ], [ -71.463807800994189, -29.236267197282107 ], [ -71.463808061417865, -29.236265316962498 ], [ -71.463808114050309, -29.236264938001693 ], [ -71.463458337757999, -29.236387390989602 ], [ -71.463443324080657, -29.236395289752107 ], [ -71.463442045247561, -29.236395961949331 ], [ -71.46323811268924, -29.236470369336516 ], [ -71.462493863158301, -29.236741915652537 ], [ -71.462429495403541, -29.236765401135749 ] ] ] ] } },
{ "type": "Feature", "properties": { "fid": 18, "OBJECTID": 128, "ZONA": "ZEU-3", "REG": "Coquimbo", "COM": "La Higuera", "LOC": "Caleta Hornos", "NOM": "ZEU-3 Zona de Extension Urbana 3", "UPERM": "Residencial, Equipamiento, Actividades Productivas, Infraestructura, Espacio Publico, Área Verde", "UPROH": "Todos los no indicados precedentemente", "P_DO": "10-04-2019", "N_DOC": "1", "T_DO": "Resolucion", "Link Resolucion": "http://ide.gorecoquimbo.gob.cl:81/archivos/otros/1563895034_Diario_oficial_pri_elqui.pdf", "Link Promulgacion": "http://ide.gorecoquimbo.gob.cl:81/archivos/otros/1563896042_Res_01_2019_pri_elqui.pdf", "Link Memoria": "http://ide.gorecoquimbo.gob.cl:81/archivos/otros/Memoria.pdf", "Descripcion": "Los Planes Reguladores Intercomunales (PRI) son un Instrumento de Planificación Territorial que regula el desarrollo físico de las áreas urbanas y rurales de diversas comunas, que por sus relaciones, se integran en una unidad urbana. Cuando esta unidad sobrepase los 500.000 habitantes, le corresponderá la categoría de área metropolitana para los efectos de su planificación. Se diferencia del Plan Regulador Comunal, que se enfoca en una sola comuna. ", "Origen de la Informacion": "Servicio Rest del Ministerio de Viviendas y Urbanismo, Disponible en: https://geoide.minvu.cl/server/rest/services/IPT/PRI_Coquimbo/FeatureServer/2" }, "geometry": { "type": "MultiPolygon", "coordinates": [ [ [ [ -71.286548257856381, -29.620198151494531 ], [ -71.286490617209395, -29.620216051559726 ], [ -71.286494188851265, -29.62021587901042 ], [ -71.286519188279755, -29.620214671198209 ], [ -71.286933940165014, -29.620188378147024 ], [ -71.28697946693714, -29.620185491880513 ], [ -71.2870728588166, -29.620179570713617 ], [ -71.287148153207966, -29.620171050411898 ], [ -71.287255869752471, -29.620158861145477 ], [ -71.287252562051677, -29.620137401194917 ], [ -71.287250366291673, -29.620123159052987 ], [ -71.287245903512257, -29.620110714289961 ], [ -71.287234856136308, -29.620074169592737 ], [ -71.287232949312497, -29.620052379651781 ], [ -71.287231054024787, -29.620043896115952 ], [ -71.287229908434313, -29.620036148427349 ], [ -71.287225395041702, -29.620006747862746 ], [ -71.287221252116183, -29.619979760454463 ], [ -71.287216813732044, -29.619953314014804 ], [ -71.287217018409592, -29.619943179422226 ], [ -71.2872171653176, -29.619920433871432 ], [ -71.287214924833862, -29.619897585156252 ], [ -71.287210485450501, -29.619857841149951 ], [ -71.287206900573111, -29.619844037049692 ], [ -71.287206563059655, -29.619842579595751 ], [ -71.287204955277289, -29.619835624742731 ], [ -71.287084416273231, -29.619910780940383 ], [ -71.286938177846849, -29.620001960260851 ], [ -71.286902191155576, -29.620024397410525 ], [ -71.28679393981804, -29.620091891548949 ], [ -71.286763213884484, -29.62011104886507 ], [ -71.286734801957948, -29.620125232450928 ], [ -71.286716023013454, -29.620134607487092 ], [ -71.286653003631457, -29.620160392182658 ], [ -71.28660854500076, -29.620178158807061 ], [ -71.286548257856381, -29.620198151494531 ] ] ] ] } },
{ "type": "Feature", "properties": { "fid": 19, "OBJECTID": 129, "ZONA": "ZEU-3", "REG": "Coquimbo", "COM": "La Higuera", "LOC": "Caleta Hornos", "NOM": "ZEU-3 Zona de Extension Urbana 3", "UPERM": "Residencial, Equipamiento, Actividades Productivas, Infraestructura, Espacio Publico, Área Verde", "UPROH": "Todos los no indicados precedentemente", "P_DO": "10-04-2019", "N_DOC": "1", "T_DO": "Resolucion", "Link Resolucion": "http://ide.gorecoquimbo.gob.cl:81/archivos/otros/1563895034_Diario_oficial_pri_elqui.pdf", "Link Promulgacion": "http://ide.gorecoquimbo.gob.cl:81/archivos/otros/1563896042_Res_01_2019_pri_elqui.pdf", "Link Memoria": "http://ide.gorecoquimbo.gob.cl:81/archivos/otros/Memoria.pdf", "Descripcion": "Los Planes Reguladores Intercomunales (PRI) son un Instrumento de Planificación Territorial que regula el desarrollo físico de las áreas urbanas y rurales de diversas comunas, que por sus relaciones, se integran en una unidad urbana. Cuando esta unidad sobrepase los 500.000 habitantes, le corresponderá la categoría de área metropolitana para los efectos de su planificación. Se diferencia del Plan Regulador Comunal, que se enfoca en una sola comuna. ", "Origen de la Informacion": "Servicio Rest del Ministerio de Viviendas y Urbanismo, Disponible en: https://geoide.minvu.cl/server/rest/services/IPT/PRI_Coquimbo/FeatureServer/2" }, "geometry": { "type": "MultiPolygon", "coordinates": [ [ [ [ -71.283244830137605, -29.619924253738624 ], [ -71.283589269684512, -29.620768611186154 ], [ -71.283592341838386, -29.620767578551668 ], [ -71.283592310260985, -29.620768558823588 ], [ -71.283394332157954, -29.621211407765387 ], [ -71.283386752872829, -29.621228360554845 ], [ -71.283308594167295, -29.621403187763235 ], [ -71.283174489988539, -29.621525068828415 ], [ -71.28299532792991, -29.621671639569502 ], [ -71.282968421511839, -29.621689763185056 ], [ -71.282845546952856, -29.621772532114093 ], [ -71.282723182827652, -29.621875610233396 ], [ -71.282616560562644, -29.622002331293679 ], [ -71.282569955303074, -29.622093476062883 ], [ -71.282483175498328, -29.622156084704898 ], [ -71.282358774383113, -29.622168855072967 ], [ -71.282230558199529, -29.622147146088995 ], [ -71.282118350717354, -29.622130221585966 ], [ -71.28205662126993, -29.622120910219625 ], [ -71.28191350359802, -29.622112745963179 ], [ -71.2817067248603, -29.622113646557306 ], [ -71.281621965254487, -29.622131047725833 ], [ -71.281324180252739, -29.622276999681461 ], [ -71.280942230760331, -29.622466911461498 ], [ -71.280502054616363, -29.622772083830473 ], [ -71.280462594322771, -29.622775418402288 ], [ -71.280356314205662, -29.622782561639607 ], [ -71.28019561395827, -29.622803923808409 ], [ -71.280050232412137, -29.622830337812541 ], [ -71.279908489679727, -29.622883260863219 ], [ -71.279761323500949, -29.622965504698492 ], [ -71.279580897634261, -29.623056293331768 ], [ -71.279478313633234, -29.623092600021465 ], [ -71.279317911710621, -29.623127242809264 ], [ -71.279236550249237, -29.62316052678424 ], [ -71.279160318472123, -29.623286722852125 ], [ -71.279082246076641, -29.623466094069787 ], [ -71.278907677002465, -29.62381717988735 ], [ -71.278820900355456, -29.624015300993957 ], [ -71.278726549157312, -29.624147123685692 ], [ -71.278709684444109, -29.624208526619704 ], [ -71.278734911803895, -29.624383466432299 ], [ -71.27881730008103, -29.624530850265909 ], [ -71.278827915122321, -29.624597096363733 ], [ -71.278748056371043, -29.624832299381712 ], [ -71.278515893407587, -29.625056831119998 ], [ -71.278339519813727, -29.625192718973047 ], [ -71.27823353375048, -29.625213140534804 ], [ -71.278066450775526, -29.625221324950363 ], [ -71.277856146315571, -29.625201023992179 ], [ -71.277737226363001, -29.625187124220929 ], [ -71.277569192480271, -29.625288324686679 ], [ -71.277439194727265, -29.625457957908935 ], [ -71.277415188553903, -29.625742684914695 ], [ -71.277400567366044, -29.626151362426437 ], [ -71.277319341072428, -29.626357828704997 ], [ -71.27705465304021, -29.62655244135663 ], [ -71.276936052587629, -29.626624502657894 ], [ -71.27642382763635, -29.626758340924852 ], [ -71.276058815588286, -29.626819627467739 ], [ -71.27591649535411, -29.626932574344846 ], [ -71.274302089653261, -29.628213753412943 ], [ -71.274197089694894, -29.628297078738502 ], [ -71.274365560689233, -29.628460632951541 ], [ -71.275437624159494, -29.629501390195358 ], [ -71.276196735503547, -29.628871257052673 ], [ -71.279228179650133, -29.628826992857714 ], [ -71.279285579949132, -29.629143459784657 ], [ -71.279337780744243, -29.629427661555088 ], [ -71.27943060458486, -29.629736174094703 ], [ -71.279528475789661, -29.630014588128319 ], [ -71.279577187387233, -29.630143795535126 ], [ -71.279673032050596, -29.63033221390927 ], [ -71.279727128637191, -29.630446323288417 ], [ -71.279768795239775, -29.630519886622505 ], [ -71.279774825940365, -29.63053053286551 ], [ -71.279810176051939, -29.630574941059013 ], [ -71.281401794057601, -29.629657932847522 ], [ -71.281723302226467, -29.629472692119233 ], [ -71.282527530146709, -29.629009320708047 ], [ -71.28297067466994, -29.62875399020697 ], [ -71.285211135200811, -29.627463045877374 ], [ -71.28534470243315, -29.627386083255875 ], [ -71.285401493087292, -29.627384814763179 ], [ -71.286621766387725, -29.62735755286441 ], [ -71.286759105333516, -29.627354484115401 ], [ -71.286922944183075, -29.627350822814815 ], [ -71.287030789197445, -29.627348413172854 ], [ -71.287275039353602, -29.627208460770472 ], [ -71.28862883531292, -29.626432734710107 ], [ -71.290102471561042, -29.625588311532002 ], [ -71.290995893414518, -29.625076349717876 ], [ -71.290964794395123, -29.623743335094996 ], [ -71.290946904157892, -29.622976473353507 ], [ -71.290943656893177, -29.622837283975084 ], [ -71.290942937310163, -29.622806447691431 ], [ -71.290940834096219, -29.622716255480761 ], [ -71.290936944294771, -29.622462539550387 ], [ -71.290924662662604, -29.622466653504258 ], [ -71.290914444924866, -29.622470032639384 ], [ -71.29088922422163, -29.622476584896503 ], [ -71.29088035689162, -29.622477586109575 ], [ -71.290845718801805, -29.62248090901063 ], [ -71.290834823305204, -29.622482170795877 ], [ -71.290817550471289, -29.622483136794518 ], [ -71.290804139000628, -29.62248637262654 ], [ -71.290790599620067, -29.622491712656078 ], [ -71.290782364031912, -29.622495535672005 ], [ -71.290773584509111, -29.622501785823015 ], [ -71.290766350475621, -29.622508803157793 ], [ -71.290763506898315, -29.622516376141462 ], [ -71.290763800514853, -29.622524788046622 ], [ -71.290765790080229, -29.622545178152215 ], [ -71.290758192344512, -29.62255848067295 ], [ -71.290754305044601, -29.622558304251811 ], [ -71.290749406906301, -29.622558082143872 ], [ -71.290738937337764, -29.622559002770995 ], [ -71.290729309936282, -29.622559268327922 ], [ -71.290666333336944, -29.622560951697178 ], [ -71.290607084488286, -29.622560369415439 ], [ -71.290586781713444, -29.622558392617272 ], [ -71.290576060331489, -29.622556854735855 ], [ -71.290563228878355, -29.622556977158418 ], [ -71.290500550500141, -29.622560432515581 ], [ -71.290491210595235, -29.622562452264532 ], [ -71.290468089792597, -29.622567353336496 ], [ -71.290440383257362, -29.622568544623181 ], [ -71.290422849197128, -29.622565815401671 ], [ -71.29057109207038, -29.622999829673894 ], [ -71.290584286272463, -29.623038457871594 ], [ -71.29048548279232, -29.623065419194873 ], [ -71.29038708760477, -29.62307574692964 ], [ -71.290236194050408, -29.623090200208264 ], [ -71.29018106618031, -29.623095480854158 ], [ -71.29005502758956, -29.623086889754145 ], [ -71.289921902249986, -29.623083751674628 ], [ -71.289849242188623, -29.623119618045219 ], [ -71.289779348131802, -29.623159543159982 ], [ -71.28964695253012, -29.623205879178325 ], [ -71.289604701778259, -29.623216663118853 ], [ -71.289553095610984, -29.623229835073278 ], [ -71.2894868643709, -29.62324258112459 ], [ -71.289384363669939, -29.623288796739704 ], [ -71.289250218732775, -29.623372803534249 ], [ -71.289087845206808, -29.623495252437756 ], [ -71.288810074497093, -29.623691901481219 ], [ -71.288220507926269, -29.623800428609975 ], [ -71.288174484923104, -29.623817744661899 ], [ -71.287932578333596, -29.623908765516489 ], [ -71.287396265658685, -29.62410068343565 ], [ -71.287165548285444, -29.624183753288133 ], [ -71.286918006891739, -29.624272880322433 ], [ -71.28683543164162, -29.624300528898988 ], [ -71.286827521318372, -29.624303177794566 ], [ -71.286283973385693, -29.624279927052068 ], [ -71.286096916481341, -29.624271925150236 ], [ -71.285155834988217, -29.62423166243661 ], [ -71.284967886337483, -29.624005405330962 ], [ -71.28482042148508, -29.623832636643794 ], [ -71.284545740826189, -29.623510822619473 ], [ -71.284098149422917, -29.622971516318358 ], [ -71.283882693106023, -29.622725587342806 ], [ -71.283698683680001, -29.622507226264538 ], [ -71.283749810920199, -29.622459165404489 ], [ -71.283836532268595, -29.622403784933798 ], [ -71.283918516632525, -29.622346587890839 ], [ -71.283975635720225, -29.622305405432062 ], [ -71.284109790263813, -29.622212435491644 ], [ -71.28427855352092, -29.622083775847972 ], [ -71.284448164875187, -29.621965310045425 ], [ -71.284629764904309, -29.621829712369525 ], [ -71.284761642316695, -29.621733209455929 ], [ -71.284921754949451, -29.621627117258072 ], [ -71.285048067781958, -29.621522662845379 ], [ -71.285125400109848, -29.621456857626516 ], [ -71.285192322247084, -29.621399911290194 ], [ -71.285366084087642, -29.621248376969035 ], [ -71.285444199797269, -29.621162088448152 ], [ -71.285547083886726, -29.621059414966922 ], [ -71.285649036383433, -29.620940641585943 ], [ -71.285708603621572, -29.6208587846067 ], [ -71.285727881194248, -29.620832293772267 ], [ -71.285743158045634, -29.620811300994806 ], [ -71.285744654172149, -29.620809244481251 ], [ -71.285866843985588, -29.620631105711279 ], [ -71.286055324381621, -29.620237080608426 ], [ -71.28619005259948, -29.620230571924857 ], [ -71.286225608148641, -29.620228854694641 ], [ -71.286214838858285, -29.620226645177585 ], [ -71.286136433989796, -29.620212833704137 ], [ -71.286080142355331, -29.620217594981028 ], [ -71.286002593181905, -29.620241676725666 ], [ -71.28599303028291, -29.620246893583886 ], [ -71.285931147834461, -29.620280653136479 ], [ -71.285923588003413, -29.620279286803051 ], [ -71.285828511501805, -29.620262097136163 ], [ -71.285752378156701, -29.620248331981468 ], [ -71.285628722163906, -29.620225974755591 ], [ -71.285520434683747, -29.620206395455991 ], [ -71.28517758630268, -29.620144407112061 ], [ -71.285099954002249, -29.620130370601796 ], [ -71.285032325110492, -29.620118142774505 ], [ -71.285035891573528, -29.62008196942077 ], [ -71.285080784865826, -29.619626705905468 ], [ -71.285081750193356, -29.61961691454708 ], [ -71.285047851637543, -29.619614179700822 ], [ -71.284229863925944, -29.619548194740997 ], [ -71.284198545850742, -29.619602260201336 ], [ -71.284199930820861, -29.619605435346145 ], [ -71.284197512380871, -29.619606243826972 ], [ -71.283244830137605, -29.619924253738624 ] ] ] ] } },
{ "type": "Feature", "properties": { "fid": 20, "OBJECTID": 131, "ZONA": "APVN", "REG": "Coquimbo", "COM": "Coquimbo", "LOC": "Tongoy", "NOM": "APVN Área de Protección de Recursos de Valor Natural", "UPERM": "Residencial; Equipamiento: científico, comercio, culto y cultura, deporte, educación, salud, seguridad, servicios; Espacios Públicos; Áreas Verdes; Actividades productivas inofensivas.", "UPROH": "Todos los no señalados precedentemente como permitidos y específicamente los siguientes: Estaciones o centros de servicio automotor, estadios, medialuna, centro de rehabilitación conductual, cementerios, crematorios, cárcel y centro de detención.", "P_DO": "10-04-2019", "N_DOC": "1", "T_DO": "Resolucion", "Link Resolucion": "http://ide.gorecoquimbo.gob.cl:81/archivos/otros/1563895034_Diario_oficial_pri_elqui.pdf", "Link Promulgacion": "http://ide.gorecoquimbo.gob.cl:81/archivos/otros/1563896042_Res_01_2019_pri_elqui.pdf", "Link Memoria": "http://ide.gorecoquimbo.gob.cl:81/archivos/otros/Memoria.pdf", "Descripcion": "Los Planes Reguladores Intercomunales (PRI) son un Instrumento de Planificación Territorial que regula el desarrollo físico de las áreas urbanas y rurales de diversas comunas, que por sus relaciones, se integran en una unidad urbana. Cuando esta unidad sobrepase los 500.000 habitantes, le corresponderá la categoría de área metropolitana para los efectos de su planificación. Se diferencia del Plan Regulador Comunal, que se enfoca en una sola comuna. ", "Origen de la Informacion": "Servicio Rest del Ministerio de Viviendas y Urbanismo, Disponible en: https://geoide.minvu.cl/server/rest/services/IPT/PRI_Coquimbo/FeatureServer/2" }, "geometry": { "type": "MultiPolygon", "coordinates": [ [ [ [ -71.510556302683042, -29.250595963643612 ], [ -71.510102764012018, -29.250893149557491 ], [ -71.509512690897353, -29.250660670158183 ], [ -71.508731640971888, -29.250729459422704 ], [ -71.50827787485899, -29.251017622555128 ], [ -71.508028269755314, -29.252005575904228 ], [ -71.508502906151932, -29.253494121760735 ], [ -71.508116929133521, -29.253952408042135 ], [ -71.508254398626434, -29.254527159273628 ], [ -71.507933899745936, -29.255047361675917 ], [ -71.508004371628587, -29.255451975606977 ], [ -71.508337008870242, -29.255968938199196 ], [ -71.50808089549389, -29.256433807578059 ], [ -71.508213249455935, -29.256548593294074 ], [ -71.50906288732763, -29.256713057888028 ], [ -71.509326412634508, -29.256933630041971 ], [ -71.509594512565059, -29.257505925667669 ], [ -71.509470562598253, -29.258031460575609 ], [ -71.508699737938201, -29.259074307561107 ], [ -71.508380966224763, -29.259711748225847 ], [ -71.50870905046844, -29.259876984478996 ], [ -71.508645432863716, -29.26004957401382 ], [ -71.50903980871351, -29.260276709311935 ], [ -71.509305820813353, -29.26067764935215 ], [ -71.509957448886112, -29.260611285342875 ], [ -71.510472000191754, -29.260033307127792 ], [ -71.51073324231956, -29.260028398602564 ], [ -71.511128757146551, -29.260426901765268 ], [ -71.511130855586643, -29.260598257053331 ], [ -71.511853910856388, -29.261053747208535 ], [ -71.511732069373622, -29.261750638714897 ], [ -71.511474405480271, -29.261981002228641 ], [ -71.510823326718551, -29.262155613646438 ], [ -71.510374899980633, -29.26279549554733 ], [ -71.510648933569229, -29.263945007776165 ], [ -71.510912702239111, -29.264174591275186 ], [ -71.511500735923121, -29.264280808847612 ], [ -71.511764088718067, -29.264447252785899 ], [ -71.51176851050846, -29.264798979901393 ], [ -71.51151197582233, -29.265200717994755 ], [ -71.511519054279205, -29.265832039700644 ], [ -71.511137988180124, -29.266696177856186 ], [ -71.510620595751547, -29.266994568219022 ], [ -71.510104530693411, -29.267518450936958 ], [ -71.510108887778316, -29.267861158366053 ], [ -71.510309244789596, -29.268317454267617 ], [ -71.510507109901695, -29.268494151159633 ], [ -71.51083296673211, -29.268488027087468 ], [ -71.51148236462096, -29.268999025663785 ], [ -71.511429808253723, -29.269288678431455 ], [ -71.511695276227073, -29.269626477516496 ], [ -71.512018835610817, -29.269394873737365 ], [ -71.512344855324642, -29.269388741889241 ], [ -71.512476266964811, -29.269503540932721 ], [ -71.512614208570909, -29.270141421345439 ], [ -71.513013000485287, -29.27071124926313 ], [ -71.513021994418338, -29.27145980486473 ], [ -71.513421934596593, -29.272201003891098 ], [ -71.51290586057705, -29.27272489778645 ], [ -71.512719462004711, -29.273477129471406 ], [ -71.513384535541803, -29.274502004731335 ], [ -71.513525116875911, -29.275365353198815 ], [ -71.513858474412459, -29.275999554127381 ], [ -71.513862264678536, -29.276279126694334 ], [ -71.513476816756963, -29.276800564355739 ], [ -71.51367969642331, -29.277437221119225 ], [ -71.513624302171834, -29.278241112193975 ], [ -71.512784416376775, -29.278942494427383 ], [ -71.512329604580103, -29.279113424870545 ], [ -71.513257010156551, -29.280259654779538 ], [ -71.513261221209021, -29.280602364771354 ], [ -71.513004298017137, -29.280949988386201 ], [ -71.512162283596382, -29.281480013392049 ], [ -71.512164387989685, -29.281651368928635 ], [ -71.512951783499076, -29.282042488890294 ], [ -71.512956934667258, -29.282502450942172 ], [ -71.513089329639911, -29.282617229972217 ], [ -71.514069480687809, -29.282725072185293 ], [ -71.51426679905002, -29.282838627602327 ], [ -71.514268907140561, -29.283009981959683 ], [ -71.514011982121815, -29.283357607558877 ], [ -71.514081541138282, -29.283762232287398 ], [ -71.514344950212575, -29.283928667437284 ], [ -71.515061703698805, -29.283870066474389 ], [ -71.515449276075657, -29.283519977847924 ], [ -71.516294545072597, -29.283332659592251 ], [ -71.516617932599914, -29.283046922621619 ], [ -71.517009720726122, -29.283039538943335 ], [ -71.517467802548211, -29.283211319115527 ], [ -71.517931076089226, -29.283725788218931 ], [ -71.517878031260651, -29.284755152931044 ], [ -71.518210822919983, -29.285272081061052 ], [ -71.518862818133542, -29.285214680668584 ], [ -71.519256130255314, -29.28543277917597 ], [ -71.520686151215713, -29.284963777651061 ], [ -71.521273157158944, -29.284898571464371 ], [ -71.52172335399078, -29.284375889321218 ], [ -71.522506195042681, -29.284370124378263 ], [ -71.522830138111061, -29.284192611645672 ], [ -71.522825528840286, -29.283795786805893 ], [ -71.522297307874794, -29.283282562603336 ], [ -71.522352208491, -29.282415535267894 ], [ -71.522087208569516, -29.282014607641813 ], [ -71.522083172886894, -29.28172602007557 ], [ -71.522921476282789, -29.28091636180552 ], [ -71.523177777410794, -29.280505587052215 ], [ -71.523032861780948, -29.279299546908209 ], [ -71.523223451555339, -29.278844909585931 ], [ -71.52321421691515, -29.278096363894601 ], [ -71.523079109948497, -29.277747107600515 ], [ -71.522748238057034, -29.27734742428909 ], [ -71.522545889706024, -29.276773919715374 ], [ -71.521690502387457, -29.276212744425127 ], [ -71.521227785562516, -29.275635132451111 ], [ -71.520703109409268, -29.275473640971502 ], [ -71.520438136769485, -29.275072708205659 ], [ -71.519977796586929, -29.274846854220858 ], [ -71.519582189474235, -29.27444838347288 ], [ -71.519579489485565, -29.274213895250316 ], [ -71.520220027404292, -29.2732275699639 ], [ -71.520213518431163, -29.272713510345241 ], [ -71.520405642066166, -29.272367097195925 ], [ -71.520401613617949, -29.272078508894573 ], [ -71.520137015131979, -29.271731692181085 ], [ -71.520066903749736, -29.2713902264049 ], [ -71.519278985381447, -29.270936010262819 ], [ -71.518942013766051, -29.270076372152303 ], [ -71.518019253742779, -29.269281900828439 ], [ -71.517819484087283, -29.268942877635912 ], [ -71.517938976087933, -29.268020508351956 ], [ -71.517408171846085, -29.267272767650212 ], [ -71.517403167261136, -29.266812802953453 ], [ -71.517981467856899, -29.266062201044992 ], [ -71.518034498028527, -29.265077938934446 ], [ -71.518288692403402, -29.264450714938839 ], [ -71.518280066582093, -29.26381040244166 ], [ -71.518146546090733, -29.263524255480931 ], [ -71.517224436943735, -29.262792908509024 ], [ -71.517286494302041, -29.262557199417987 ], [ -71.517738533006948, -29.262151767675707 ], [ -71.517863990499336, -29.261689343908511 ], [ -71.517595832986515, -29.261117067745296 ], [ -71.517648505596682, -29.260078686571411 ], [ -71.517776232564771, -29.259787615282331 ], [ -71.518618628892582, -29.259320700201691 ], [ -71.518940230999718, -29.258971847489427 ], [ -71.519461802580082, -29.258971034329772 ], [ -71.519591635450524, -29.258851316903929 ], [ -71.519523651199151, -29.25868120394712 ], [ -71.51899940515068, -29.258402423786258 ], [ -71.518930637594153, -29.25811505539448 ], [ -71.518600051741288, -29.257769477467662 ], [ -71.518791193504285, -29.257423085463024 ], [ -71.519376355228701, -29.257249678955617 ], [ -71.51956902205005, -29.257011505997149 ], [ -71.518979074485742, -29.25673396527111 ], [ -71.518710926041919, -29.256161690559257 ], [ -71.518903592638296, -29.255923518556209 ], [ -71.51883446471814, -29.255582032321545 ], [ -71.518246839052139, -29.255529962892496 ], [ -71.51811411461496, -29.255361069175958 ], [ -71.518178076126418, -29.255242593758577 ], [ -71.518504049428984, -29.255236450484126 ], [ -71.518632190204798, -29.255008515321101 ], [ -71.518435083867644, -29.254894960879373 ], [ -71.51797885967855, -29.254957683138855 ], [ -71.517781231422191, -29.254790012180006 ], [ -71.51770957703917, -29.254214032834987 ], [ -71.517966424738972, -29.253866402970743 ], [ -71.517961985129347, -29.253514676790505 ], [ -71.517696182232086, -29.253122770508281 ], [ -71.517234745087492, -29.252716508180587 ], [ -71.516062415039428, -29.252900960736405 ], [ -71.515733562082545, -29.252618486415574 ], [ -71.515664808700734, -29.252331116234611 ], [ -71.515270090803213, -29.252049880678122 ], [ -71.515136596308238, -29.251763727924114 ], [ -71.514740337487666, -29.251419374941971 ], [ -71.514347729062663, -29.251309492277759 ], [ -71.51401714317447, -29.250909775697366 ], [ -71.513493150114428, -29.250685092070988 ], [ -71.512965515819047, -29.250225933396408 ], [ -71.51283280719835, -29.25005703337273 ], [ -71.512827829976786, -29.249597066150216 ], [ -71.512628479534769, -29.249312148792672 ], [ -71.51255973660588, -29.249024775345813 ], [ -71.512296424160851, -29.248858330329522 ], [ -71.511970827429451, -29.248918576045146 ], [ -71.511715292804311, -29.249320293927713 ], [ -71.511458273776071, -29.249667914661963 ], [ -71.511465305452205, -29.250245113876694 ], [ -71.511207865988652, -29.250529597332761 ], [ -71.510556302683042, -29.250595963643612 ] ] ], [ [ [ -71.470638086426987, -29.252348091602638 ], [ -71.470509107523952, -29.252458727346557 ], [ -71.470183131087154, -29.25246475307755 ], [ -71.469928876425598, -29.253100919414596 ], [ -71.469476499187991, -29.253452076332088 ], [ -71.469621417945959, -29.253656879573455 ], [ -71.469711529080115, -29.25378150744644 ], [ -71.469863449221577, -29.255086737657297 ], [ -71.469675612492139, -29.255784822557985 ], [ -71.46974926517376, -29.25641492806108 ], [ -71.470279120418596, -29.257099746052138 ], [ -71.470997031309324, -29.257095492589471 ], [ -71.47125975155727, -29.25719888519696 ], [ -71.47172283969509, -29.25771353429602 ], [ -71.472658526168331, -29.259491388964896 ], [ -71.472744947900793, -29.261158662473765 ], [ -71.472620763889864, -29.261729279304497 ], [ -71.472109928201533, -29.262604742129508 ], [ -71.472116528278548, -29.263172938331643 ], [ -71.471867674423152, -29.264160824068295 ], [ -71.471939831305647, -29.264727808033538 ], [ -71.472203681862396, -29.26495747006533 ], [ -71.473056172958294, -29.265239382607881 ], [ -71.473780590691717, -29.265803310069259 ], [ -71.474042250215234, -29.265861610669312 ], [ -71.47423504195082, -29.265623497098133 ], [ -71.474562400372136, -29.265626454462822 ], [ -71.474955209920367, -29.265790575198217 ], [ -71.475549793910233, -29.266302772625355 ], [ -71.47588175628762, -29.266756686835819 ], [ -71.476662444514773, -29.266579839569356 ], [ -71.477122662413976, -29.266805851113265 ], [ -71.477717036535722, -29.267435312761037 ], [ -71.47863409829182, -29.267706970071792 ], [ -71.479681274153847, -29.267867954208853 ], [ -71.480074317351892, -29.26804107595617 ], [ -71.480866196784959, -29.268666856064844 ], [ -71.482242206453492, -29.269110381356914 ], [ -71.48321959660062, -29.268983965883965 ], [ -71.484192873302874, -29.268514826123127 ], [ -71.485746534138556, -29.267457545020214 ], [ -71.486591960213943, -29.267279435345682 ], [ -71.486914825091219, -29.266930632138148 ], [ -71.486769585664447, -29.265778663331883 ], [ -71.486898720854512, -29.265668009156531 ], [ -71.486896097303912, -29.265433515519124 ], [ -71.486761534374523, -29.265147352165837 ], [ -71.487012337511459, -29.264285700589916 ], [ -71.486612748119754, -29.263715801412964 ], [ -71.486410814944776, -29.263196348956679 ], [ -71.486334432002948, -29.262331765737965 ], [ -71.485933760620071, -29.261590488529322 ], [ -71.485923097418976, -29.260724681762817 ], [ -71.486242763912188, -29.260204542824361 ], [ -71.486238649192032, -29.259861826501588 ], [ -71.484720169206426, -29.258500855532787 ], [ -71.48418218407474, -29.25718478722936 ], [ -71.48365332837831, -29.256671406417471 ], [ -71.483198372491628, -29.256788113337841 ], [ -71.483019684074364, -29.256583952912273 ], [ -71.482935645325753, -29.256558452110582 ], [ -71.482611650225181, -29.256853141142031 ], [ -71.482479162070376, -29.256738330443387 ], [ -71.482607388185812, -29.256510425902185 ], [ -71.48260141880499, -29.256050470796026 ], [ -71.482335862853191, -29.255703589203844 ], [ -71.481943083002463, -29.255539487471363 ], [ -71.481092703094049, -29.255428987740736 ], [ -71.480501331980676, -29.255088151121686 ], [ -71.479060209106748, -29.254708953734582 ], [ -71.478213005384916, -29.254769772490373 ], [ -71.477750799525737, -29.254372402001589 ], [ -71.477490689104087, -29.254377225283118 ], [ -71.476833304553324, -29.254037595626293 ], [ -71.474550544343586, -29.254115970524239 ], [ -71.474092644318333, -29.254070323791019 ], [ -71.473156412753326, -29.25371779602931 ], [ -71.473036005672611, -29.253656878019246 ], [ -71.472147946781533, -29.253195200353215 ], [ -71.472340206558727, -29.252848847091233 ], [ -71.472272303512113, -29.252678705935171 ], [ -71.471879332522093, -29.252505556593292 ], [ -71.471420492477904, -29.252333623459823 ], [ -71.470638086426987, -29.252348091602638 ] ] ], [ [ [ -71.502150606624198, -29.228282270463112 ], [ -71.50176260773749, -29.228569177913517 ], [ -71.501436714739583, -29.228575275320857 ], [ -71.501242517152789, -29.228750304960528 ], [ -71.501053789311314, -29.229322150949162 ], [ -71.501256066321417, -29.22989570159589 ], [ -71.50119778876585, -29.230420002156947 ], [ -71.50165746558767, -29.230754194470904 ], [ -71.501726162241681, -29.231041576803651 ], [ -71.501989470235443, -29.231217065951082 ], [ -71.501992473161167, -29.231505677633287 ], [ -71.501219098763841, -29.232313984381552 ], [ -71.500046357740956, -29.232381024739553 ], [ -71.49958910463792, -29.232272303712016 ], [ -71.498683042870667, -29.232911681639568 ], [ -71.498226896922077, -29.232974331483998 ], [ -71.498035883971909, -29.233320693609784 ], [ -71.497584100327458, -29.233735074308512 ], [ -71.497719753453111, -29.234192604111911 ], [ -71.497728962822706, -29.234995289771522 ], [ -71.497932389161576, -29.235622949801975 ], [ -71.497803869803874, -29.235796747667372 ], [ -71.497283736478408, -29.235977861711348 ], [ -71.497292184812935, -29.236663290416161 ], [ -71.496842047444645, -29.237185888444429 ], [ -71.496847109598434, -29.237645858345232 ], [ -71.496004992582428, -29.238121649756344 ], [ -71.495029417213544, -29.238356363896479 ], [ -71.494506629098609, -29.238302974803972 ], [ -71.493921173385999, -29.238422149340789 ], [ -71.493528794644902, -29.238312197948339 ], [ -71.493269482380953, -29.238434305862668 ], [ -71.49347418026251, -29.23928747192311 ], [ -71.493155174853214, -29.239870758349788 ], [ -71.493230620219009, -29.240735355840457 ], [ -71.4929739026352, -29.241137063353765 ], [ -71.493572502907085, -29.242109173093858 ], [ -71.494033742496129, -29.242506507111536 ], [ -71.494620373404103, -29.242441434286881 ], [ -71.495137161939041, -29.242034869541261 ], [ -71.4953283603176, -29.241688507402866 ], [ -71.495323303353629, -29.241228537301538 ], [ -71.495120843248856, -29.240600855479965 ], [ -71.495314108422406, -29.240425851062696 ], [ -71.49583537532186, -29.24041611876369 ], [ -71.496359895046112, -29.240586740973139 ], [ -71.497075956311178, -29.24046511617146 ], [ -71.497525755598957, -29.239888397447046 ], [ -71.49791623195965, -29.239826976120696 ], [ -71.498370333200015, -29.239592967408196 ], [ -71.49862568163951, -29.239182255825618 ], [ -71.498948831804157, -29.238896568341971 ], [ -71.499274215939934, -29.238782234366219 ], [ -71.500369040511643, -29.237616110853846 ], [ -71.50036431489201, -29.237210260382653 ], [ -71.500098052118418, -29.236755177154308 ], [ -71.500218450740178, -29.235950068316239 ], [ -71.500541367436099, -29.235655360704012 ], [ -71.501452168641805, -29.235421819953299 ], [ -71.501711110742676, -29.235245578796967 ], [ -71.502159326430785, -29.234605729687228 ], [ -71.502611885159794, -29.234263486778545 ], [ -71.50287290303676, -29.234258600527419 ], [ -71.502939524235572, -29.234374623999919 ], [ -71.502104409017178, -29.235472760020262 ], [ -71.502106841783586, -29.235698235267851 ], [ -71.502303893473353, -29.235811818305681 ], [ -71.503021641987573, -29.235807401587099 ], [ -71.503545183029587, -29.2359780153364 ], [ -71.504457843641305, -29.235906794898064 ], [ -71.504846053669013, -29.235673999928853 ], [ -71.504974012569562, -29.235391955662212 ], [ -71.505625679498905, -29.235379743240987 ], [ -71.505884773034282, -29.235203490538751 ], [ -71.506142033621259, -29.234919022066464 ], [ -71.505943086687836, -29.234688209538565 ], [ -71.506007050656947, -29.234569739569611 ], [ -71.506332413297372, -29.23445538960414 ], [ -71.50691991561537, -29.234507519227215 ], [ -71.506983879353456, -29.234389048842637 ], [ -71.506785151552307, -29.234167254586765 ], [ -71.506779826542186, -29.233698271422703 ], [ -71.506119859129967, -29.233079186046076 ], [ -71.505924127415668, -29.233019708672288 ], [ -71.505532365144617, -29.233027051477148 ], [ -71.504825439556996, -29.233897279650986 ], [ -71.50443534441456, -29.234012837887239 ], [ -71.503592882746858, -29.234425535198099 ], [ -71.503263353826483, -29.234197164092226 ], [ -71.50325861801349, -29.23379131511339 ], [ -71.502994787207669, -29.233561712864894 ], [ -71.503572265103145, -29.232693918307636 ], [ -71.503560929197974, -29.231719878678991 ], [ -71.504401286840761, -29.231135825058299 ], [ -71.504917214379361, -29.230611971031646 ], [ -71.505043823633542, -29.230320931870317 ], [ -71.505028147289707, -29.229004181479443 ], [ -71.504632372908958, -29.228542511568289 ], [ -71.504371209516535, -29.228547403389552 ], [ -71.502740505507148, -29.228559897051106 ], [ -71.502542761842705, -29.228338077049759 ], [ -71.502150606624198, -29.228282270463112 ] ] ], [ [ [ -71.506093906295121, -29.230833482160747 ], [ -71.50622484528688, -29.230885152218129 ], [ -71.507264694513935, -29.230595030515044 ], [ -71.506934047408052, -29.230195292625105 ], [ -71.506346924002827, -29.230197279774607 ], [ -71.506089160480045, -29.230427632857737 ], [ -71.506093906295121, -29.230833482160747 ] ] ], [ [ [ -71.489775387102299, -29.268317623324723 ], [ -71.490103286705107, -29.268428782885131 ], [ -71.490298109593013, -29.268362004708244 ], [ -71.490165410771809, -29.268193082637399 ], [ -71.490293630541018, -29.267965170347971 ], [ -71.490161280553735, -29.267850366703783 ], [ -71.490158649088769, -29.267615872745267 ], [ -71.489765034460802, -29.267505938112446 ], [ -71.489505646123433, -29.267628043798346 ], [ -71.489443708218786, -29.267917865311897 ], [ -71.489775387102299, -29.268317623324723 ] ] ], [ [ [ -71.492613816581084, -29.238202970362835 ], [ -71.492810676919561, -29.238262445193751 ], [ -71.492939393832387, -29.238142773132381 ], [ -71.492936575079796, -29.237854157906938 ], [ -71.492804321971192, -29.237748373439786 ], [ -71.49260877314714, -29.237742999205487 ], [ -71.492416073435194, -29.23798113546022 ], [ -71.492613816581084, -29.238202970362835 ] ] ], [ [ [ -71.496450203445235, -29.242777125646072 ], [ -71.496646855563668, -29.242827577988916 ], [ -71.49684012186043, -29.242652571320829 ], [ -71.496772962390153, -29.242428304034426 ], [ -71.496447213308031, -29.242488514268928 ], [ -71.496450203445235, -29.242777125646072 ] ] ], [ [ [ -71.468599002736809, -29.256174400819937 ], [ -71.468796223667951, -29.256288029877147 ], [ -71.468991256039985, -29.256230300464594 ], [ -71.468791791215054, -29.255936294224696 ], [ -71.468401390780357, -29.255997632850082 ], [ -71.468599002736809, -29.256174400819937 ] ] ], [ [ [ -71.496120554188636, -29.236910695016523 ], [ -71.496381740433975, -29.236905817135657 ], [ -71.496510452392684, -29.236786142843247 ], [ -71.496443486214915, -29.236615996466842 ], [ -71.496182461074142, -29.236620870527599 ], [ -71.49605374995086, -29.236740545399563 ], [ -71.496120554188636, -29.236910695016523 ] ] ], [ [ [ -71.494168698220804, -29.242855803147762 ], [ -71.494235504151504, -29.243025952614079 ], [ -71.494560688357964, -29.242902612937733 ], [ -71.494492757201996, -29.242732483750842 ], [ -71.494168698220804, -29.242855803147762 ] ] ], [ [ [ -71.494102944711798, -29.243497512315979 ], [ -71.494179744886566, -29.243523141536663 ], [ -71.49437024153714, -29.243366231303469 ], [ -71.494303783451954, -29.243250200473575 ], [ -71.494044460237973, -29.243372311402418 ], [ -71.494102944711798, -29.243497512315979 ] ] ], [ [ [ -71.49411803815623, -29.244119670352816 ], [ -71.494248989515029, -29.244171352307891 ], [ -71.494377930322173, -29.244060695668583 ], [ -71.494311311328246, -29.243944667874338 ], [ -71.49411597056546, -29.243948312696439 ], [ -71.49411803815623, -29.244119670352816 ] ] ], [ [ [ -71.494629376210739, -29.243189999150182 ], [ -71.494695994995965, -29.243306026805385 ], [ -71.494955724309392, -29.243247053225154 ], [ -71.494888917041337, -29.243076904204109 ], [ -71.494629376210739, -29.243189999150182 ] ] ], [ [ [ -71.494569530641797, -29.243651180775714 ], [ -71.494765090616937, -29.243656551456514 ], [ -71.494762802152337, -29.243476176829564 ], [ -71.494567462346581, -29.243479822258184 ], [ -71.494569530641797, -29.243651180775714 ] ] ], [ [ [ -71.49490947820432, -29.244222170527085 ], [ -71.494957493457832, -29.244293441422482 ], [ -71.495154912303377, -29.24416346424977 ], [ -71.495096088884864, -29.24411043658743 ], [ -71.49490947820432, -29.244222170527085 ] ] ] ] } }
]
}
