{
"type": "FeatureCollection",
"name": "ipt_ZUBC",
"crs": { "type": "name", "properties": { "name": "urn:ogc:def:crs:OGC:1.3:CRS84" } },
"features": [
{ "type": "Feature", "properties": { "fid": 1, "OBJECTID_1": 223, "OBJECTID": 234, "NOM_COM": "LA HIGUERA", "PROVINCIA": "ELQUI", "Z_COMUNAL": "ZONA DE CONSERVACION DE LA NATURALEZA", "USO": "RESTRICCION ECOLOGICA ACUATICA", "REGIONAL": "AREAS PROTEGIDAS", "Shape_Leng": 138.80485683000001, "LEYENDA": "RESTRICCION ECOLOGICA ACUATICA", "Shape__Area": 1229.4443359375, "Shape__Length": 138.80085939730219, "Nota": "La Zonificación de Uso del Borde Costero de la Región de Coquimbo, constituye un instrumento aún vigente, y que declara áreas con orientaciones de usos específicos, en el borde costero regional. Por lo tanto, se sugiere su uso de acuerdo a la microzonificación según se señala en todas las publicaciones, y que fué aprobada mediante Decreto Supremo Nº 518 Zonificación de Coquimbo, 12 de diciembre de 2005.", "Origen Dato": "https://gorecoquimbo.maps.arcgis.com/apps/CompareAnalysis/index.html?appid=b4f178d41fb24ab8a871596de568a2f7", "Mapa Completo": "https://www.gorecoquimbo.cl/gorecoquimbo/site/artic/20150722/asocfile/20150722092144/comunal.jpg", "Link Memoria": "https://www.gorecoquimbo.cl/gorecoquimbo/site/artic/20150722/asocfile/20150722091730/memoria_explicativa_zonifi.pdf" }, "geometry": { "type": "MultiPolygon", "coordinates": [ [ [ [ -71.361158534939023, -29.414210094577783 ], [ -71.361351879462674, -29.41429048974247 ], [ -71.361462456212905, -29.414104117720488 ], [ -71.361267173750306, -29.413939925564179 ], [ -71.361017578276545, -29.413910827349493 ], [ -71.360943734010249, -29.414029491625907 ], [ -71.361022228092324, -29.41411192249231 ], [ -71.361158534939023, -29.414210094577783 ] ] ] ] } },
{ "type": "Feature", "properties": { "fid": 2, "OBJECTID_1": 199, "OBJECTID": 210, "NOM_COM": "LA HIGUERA", "PROVINCIA": "ELQUI", "Z_COMUNAL": "ZONA DE PESCA ARTESANAL Y CALETAS", "USO": " ", "REGIONAL": "AREAS PARA ACTIVIDADES INDUSTRIALES, ECONOMICAS Y DE DESARROLLO", "Shape_Leng": 230.03105992, "LEYENDA": "AREAS DE MANEJO Y EXPLOTACION (AMERB)", "Shape__Area": 2282.97265625, "Shape__Length": 230.02428695144118, "Nota": "La Zonificación de Uso del Borde Costero de la Región de Coquimbo, constituye un instrumento aún vigente, y que declara áreas con orientaciones de usos específicos, en el borde costero regional. Por lo tanto, se sugiere su uso de acuerdo a la microzonificación según se señala en todas las publicaciones, y que fué aprobada mediante Decreto Supremo Nº 518 Zonificación de Coquimbo, 12 de diciembre de 2005.", "Origen Dato": "https://gorecoquimbo.maps.arcgis.com/apps/CompareAnalysis/index.html?appid=b4f178d41fb24ab8a871596de568a2f7", "Mapa Completo": "https://www.gorecoquimbo.cl/gorecoquimbo/site/artic/20150722/asocfile/20150722092144/comunal.jpg", "Link Memoria": "https://www.gorecoquimbo.cl/gorecoquimbo/site/artic/20150722/asocfile/20150722091730/memoria_explicativa_zonifi.pdf" }, "geometry": { "type": "MultiPolygon", "coordinates": [ [ [ [ -71.322935570773254, -29.425346596553108 ], [ -71.322820204122891, -29.425220933898217 ], [ -71.322283047151231, -29.424701745137821 ], [ -71.32230622548704, -29.425363264306881 ], [ -71.322935570773254, -29.425346596553108 ] ] ] ] } },
{ "type": "Feature", "properties": { "fid": 3, "OBJECTID_1": 220, "OBJECTID": 231, "NOM_COM": "LA HIGUERA", "PROVINCIA": "ELQUI", "Z_COMUNAL": "ZONA DE CONSERVACION DE LA NATURALEZA", "USO": "AREAS APROPIADAS PARA LA ACUICULTURA (AAA)", "REGIONAL": "AREAS PROTEGIDAS", "Shape_Leng": 256.98222461, "LEYENDA": "RESTRICCION ECOLOGICA", "Shape__Area": 4199.2401123046875, "Shape__Length": 256.97467911418744, "Nota": "La Zonificación de Uso del Borde Costero de la Región de Coquimbo, constituye un instrumento aún vigente, y que declara áreas con orientaciones de usos específicos, en el borde costero regional. Por lo tanto, se sugiere su uso de acuerdo a la microzonificación según se señala en todas las publicaciones, y que fué aprobada mediante Decreto Supremo Nº 518 Zonificación de Coquimbo, 12 de diciembre de 2005.", "Origen Dato": "https://gorecoquimbo.maps.arcgis.com/apps/CompareAnalysis/index.html?appid=b4f178d41fb24ab8a871596de568a2f7", "Mapa Completo": "https://www.gorecoquimbo.cl/gorecoquimbo/site/artic/20150722/asocfile/20150722092144/comunal.jpg", "Link Memoria": "https://www.gorecoquimbo.cl/gorecoquimbo/site/artic/20150722/asocfile/20150722091730/memoria_explicativa_zonifi.pdf" }, "geometry": { "type": "MultiPolygon", "coordinates": [ [ [ [ -71.334079770932149, -29.486804694190287 ], [ -71.334083292339102, -29.486958255505566 ], [ -71.33432868249858, -29.48693858612323 ], [ -71.334641098597785, -29.486779469943414 ], [ -71.334740429916351, -29.486516558403299 ], [ -71.334734795042863, -29.48627085244221 ], [ -71.334643867985719, -29.486134179380198 ], [ -71.33450274221029, -29.486105932857981 ], [ -71.334363729511594, -29.486169821880484 ], [ -71.334262293787489, -29.486340596420003 ], [ -71.334144000900338, -29.486542391066202 ], [ -71.334079770932149, -29.486804694190287 ] ] ] ] } },
{ "type": "Feature", "properties": { "fid": 4, "OBJECTID_1": 476, "OBJECTID": 489, "NOM_COM": "LA HIGUERA", "PROVINCIA": "ELQUI", "Z_COMUNAL": "ZONA PREFERENTEMENTE TURISTICA", "USO": " ", "REGIONAL": "AREAS PARA ACTIVIDADES INDUSTRIALES, ECONOMICAS Y DE DESARROLLO", "Shape_Leng": 431.18970464, "LEYENDA": "PESCA DEPORTIVA", "Shape__Area": 6537.4066162109375, "Shape__Length": 431.17678177227862, "Nota": "La Zonificación de Uso del Borde Costero de la Región de Coquimbo, constituye un instrumento aún vigente, y que declara áreas con orientaciones de usos específicos, en el borde costero regional. Por lo tanto, se sugiere su uso de acuerdo a la microzonificación según se señala en todas las publicaciones, y que fué aprobada mediante Decreto Supremo Nº 518 Zonificación de Coquimbo, 12 de diciembre de 2005.", "Origen Dato": "https://gorecoquimbo.maps.arcgis.com/apps/CompareAnalysis/index.html?appid=b4f178d41fb24ab8a871596de568a2f7", "Mapa Completo": "https://www.gorecoquimbo.cl/gorecoquimbo/site/artic/20150722/asocfile/20150722092144/comunal.jpg", "Link Memoria": "https://www.gorecoquimbo.cl/gorecoquimbo/site/artic/20150722/asocfile/20150722091730/memoria_explicativa_zonifi.pdf" }, "geometry": { "type": "MultiPolygon", "coordinates": [ [ [ [ -71.290447654423943, -29.622404916681663 ], [ -71.290571198681363, -29.622593836247571 ], [ -71.290934258476952, -29.622619240914602 ], [ -71.291551669433275, -29.622671916069304 ], [ -71.292165497264349, -29.622566288470892 ], [ -71.292477691234225, -29.622339077476919 ], [ -71.292468489882751, -29.622333306787198 ], [ -71.292388400996629, -29.622334690505376 ], [ -71.292254412535158, -29.622313636003931 ], [ -71.292121227901802, -29.622327576848246 ], [ -71.292040770299337, -29.622317328210787 ], [ -71.291987146818954, -29.622306624714678 ], [ -71.291932728882998, -29.622260832626758 ], [ -71.291892154988531, -29.622238162167033 ], [ -71.291864635254143, -29.622203636564983 ], [ -71.29177070455566, -29.622181990229144 ], [ -71.291663877878932, -29.622183836527636 ], [ -71.291529794744093, -29.622162782013504 ], [ -71.291476434561844, -29.622163704157391 ], [ -71.291396864276948, -29.622188450077669 ], [ -71.291317039859464, -29.622201468900172 ], [ -71.29123746929568, -29.622226205710408 ], [ -71.291079403058902, -29.622322218319749 ], [ -71.291000108084418, -29.622358682576696 ], [ -71.290921064977638, -29.622406688941634 ], [ -71.290760781654697, -29.622409457188127 ], [ -71.290626531267975, -29.622376775149565 ], [ -71.290519449247455, -29.622366892595572 ], [ -71.290493345180693, -29.622390714391862 ], [ -71.290447654423943, -29.622404916681663 ] ] ] ] } },
{ "type": "Feature", "properties": { "fid": 5, "OBJECTID_1": 477, "OBJECTID": 490, "NOM_COM": "LA HIGUERA", "PROVINCIA": "ELQUI", "Z_COMUNAL": "ZONA PREFERENTEMENTE TURISTICA", "USO": " ", "REGIONAL": "AREAS PARA ACTIVIDADES INDUSTRIALES, ECONOMICAS Y DE DESARROLLO", "Shape_Leng": 431.18970464, "LEYENDA": "PESCA DEPORTIVA", "Shape__Area": 6537.4066162109375, "Shape__Length": 431.17678177227862, "Nota": "La Zonificación de Uso del Borde Costero de la Región de Coquimbo, constituye un instrumento aún vigente, y que declara áreas con orientaciones de usos específicos, en el borde costero regional. Por lo tanto, se sugiere su uso de acuerdo a la microzonificación según se señala en todas las publicaciones, y que fué aprobada mediante Decreto Supremo Nº 518 Zonificación de Coquimbo, 12 de diciembre de 2005.", "Origen Dato": "https://gorecoquimbo.maps.arcgis.com/apps/CompareAnalysis/index.html?appid=b4f178d41fb24ab8a871596de568a2f7", "Mapa Completo": "https://www.gorecoquimbo.cl/gorecoquimbo/site/artic/20150722/asocfile/20150722092144/comunal.jpg", "Link Memoria": "https://www.gorecoquimbo.cl/gorecoquimbo/site/artic/20150722/asocfile/20150722091730/memoria_explicativa_zonifi.pdf" }, "geometry": { "type": "MultiPolygon", "coordinates": [ [ [ [ -71.290447654423943, -29.622404916681663 ], [ -71.290571198681363, -29.622593836247571 ], [ -71.290934258476952, -29.622619240914602 ], [ -71.291551669433275, -29.622671916069304 ], [ -71.292165497264349, -29.622566288470892 ], [ -71.292477691234225, -29.622339077476919 ], [ -71.292468489882751, -29.622333306787198 ], [ -71.292388400996629, -29.622334690505376 ], [ -71.292254412535158, -29.622313636003931 ], [ -71.292121227901802, -29.622327576848246 ], [ -71.292040770299337, -29.622317328210787 ], [ -71.291987146818954, -29.622306624714678 ], [ -71.291932728882998, -29.622260832626758 ], [ -71.291892154988531, -29.622238162167033 ], [ -71.291864635254143, -29.622203636564983 ], [ -71.29177070455566, -29.622181990229144 ], [ -71.291663877878932, -29.622183836527636 ], [ -71.291529794744093, -29.622162782013504 ], [ -71.291476434561844, -29.622163704157391 ], [ -71.291396864276948, -29.622188450077669 ], [ -71.291317039859464, -29.622201468900172 ], [ -71.29123746929568, -29.622226205710408 ], [ -71.291079403058902, -29.622322218319749 ], [ -71.291000108084418, -29.622358682576696 ], [ -71.290921064977638, -29.622406688941634 ], [ -71.290760781654697, -29.622409457188127 ], [ -71.290626531267975, -29.622376775149565 ], [ -71.290519449247455, -29.622366892595572 ], [ -71.290493345180693, -29.622390714391862 ], [ -71.290447654423943, -29.622404916681663 ] ] ] ] } },
{ "type": "Feature", "properties": { "fid": 6, "OBJECTID_1": 8, "OBJECTID": 8, "NOM_COM": "LA HIGUERA", "PROVINCIA": "ELQUI", "Z_COMUNAL": "ZONA DE PESCA ARTESANAL Y CALETAS", "USO": "CALETA PESQUERA", "REGIONAL": "AREAS PARA ACTIVIDADES INDUSTRIALES, ECONOMICAS Y DE DESARROLLO", "Shape_Leng": 460.12156369000002, "LEYENDA": "CALETA PESQUERA", "Shape__Area": 13604.875732421875, "Shape__Length": 460.10821692465657, "Nota": "La Zonificación de Uso del Borde Costero de la Región de Coquimbo, constituye un instrumento aún vigente, y que declara áreas con orientaciones de usos específicos, en el borde costero regional. Por lo tanto, se sugiere su uso de acuerdo a la microzonificación según se señala en todas las publicaciones, y que fué aprobada mediante Decreto Supremo Nº 518 Zonificación de Coquimbo, 12 de diciembre de 2005.", "Origen Dato": "https://gorecoquimbo.maps.arcgis.com/apps/CompareAnalysis/index.html?appid=b4f178d41fb24ab8a871596de568a2f7", "Mapa Completo": "https://www.gorecoquimbo.cl/gorecoquimbo/site/artic/20150722/asocfile/20150722092144/comunal.jpg", "Link Memoria": "https://www.gorecoquimbo.cl/gorecoquimbo/site/artic/20150722/asocfile/20150722091730/memoria_explicativa_zonifi.pdf" }, "geometry": { "type": "MultiPolygon", "coordinates": [ [ [ [ -71.468916925891335, -29.248166804107139 ], [ -71.468928595209192, -29.248139578057966 ], [ -71.468939135878315, -29.248021476794573 ], [ -71.468949205509631, -29.247879828007409 ], [ -71.468947791293274, -29.247820956356279 ], [ -71.468920954242407, -29.247821452185214 ], [ -71.468932343959651, -29.247738695732203 ], [ -71.468888631719736, -29.247597957582766 ], [ -71.468818106456723, -29.247457806788706 ], [ -71.468766682550154, -29.247347638748913 ], [ -71.468531193221651, -29.247369992657951 ], [ -71.467810354224525, -29.247238054559784 ], [ -71.467535597526094, -29.247291532498007 ], [ -71.46726782040858, -29.247635389957935 ], [ -71.467443825079698, -29.248067881078484 ], [ -71.468606141507621, -29.248191666145708 ], [ -71.468916925891335, -29.248166804107139 ] ] ] ] } },
{ "type": "Feature", "properties": { "fid": 7, "OBJECTID_1": 194, "OBJECTID": 205, "NOM_COM": "LA HIGUERA", "PROVINCIA": "ELQUI", "Z_COMUNAL": "ZONA DE PESCA ARTESANAL Y CALETAS", "USO": " ", "REGIONAL": "AREAS PARA ACTIVIDADES INDUSTRIALES, ECONOMICAS Y DE DESARROLLO", "Shape_Leng": 475.2935939, "LEYENDA": "AREAS DE MANEJO Y EXPLOTACION (AMERB)", "Shape__Area": 7343.677001953125, "Shape__Length": 475.27980303621962, "Nota": "La Zonificación de Uso del Borde Costero de la Región de Coquimbo, constituye un instrumento aún vigente, y que declara áreas con orientaciones de usos específicos, en el borde costero regional. Por lo tanto, se sugiere su uso de acuerdo a la microzonificación según se señala en todas las publicaciones, y que fué aprobada mediante Decreto Supremo Nº 518 Zonificación de Coquimbo, 12 de diciembre de 2005.", "Origen Dato": "https://gorecoquimbo.maps.arcgis.com/apps/CompareAnalysis/index.html?appid=b4f178d41fb24ab8a871596de568a2f7", "Mapa Completo": "https://www.gorecoquimbo.cl/gorecoquimbo/site/artic/20150722/asocfile/20150722092144/comunal.jpg", "Link Memoria": "https://www.gorecoquimbo.cl/gorecoquimbo/site/artic/20150722/asocfile/20150722091730/memoria_explicativa_zonifi.pdf" }, "geometry": { "type": "MultiPolygon", "coordinates": [ [ [ [ -71.383204867773571, -29.291600710004268 ], [ -71.383768051810179, -29.291933303441336 ], [ -71.385321640151446, -29.292186265683625 ], [ -71.383549360506279, -29.291227167990844 ], [ -71.383491174691699, -29.291292242977498 ], [ -71.383336081735123, -29.291469391336616 ], [ -71.383206453170857, -29.291599536879623 ], [ -71.383204867773571, -29.291600710004268 ] ] ] ] } },
{ "type": "Feature", "properties": { "fid": 8, "OBJECTID_1": 200, "OBJECTID": 211, "NOM_COM": "LA HIGUERA", "PROVINCIA": "ELQUI", "Z_COMUNAL": "ZONA PREFERENTEMENTE TURISTICA", "USO": " ", "REGIONAL": "AREAS PARA ACTIVIDADES INDUSTRIALES, ECONOMICAS Y DE DESARROLLO", "Shape_Leng": 629.69461872, "LEYENDA": "ZONA MULTIPLES RECREACIONAL", "Shape__Area": 18259.505493164062, "Shape__Length": 629.67604585700246, "Nota": "La Zonificación de Uso del Borde Costero de la Región de Coquimbo, constituye un instrumento aún vigente, y que declara áreas con orientaciones de usos específicos, en el borde costero regional. Por lo tanto, se sugiere su uso de acuerdo a la microzonificación según se señala en todas las publicaciones, y que fué aprobada mediante Decreto Supremo Nº 518 Zonificación de Coquimbo, 12 de diciembre de 2005.", "Origen Dato": "https://gorecoquimbo.maps.arcgis.com/apps/CompareAnalysis/index.html?appid=b4f178d41fb24ab8a871596de568a2f7", "Mapa Completo": "https://www.gorecoquimbo.cl/gorecoquimbo/site/artic/20150722/asocfile/20150722092144/comunal.jpg", "Link Memoria": "https://www.gorecoquimbo.cl/gorecoquimbo/site/artic/20150722/asocfile/20150722091730/memoria_explicativa_zonifi.pdf" }, "geometry": { "type": "MultiPolygon", "coordinates": [ [ [ [ -71.3141662536311, -29.422191767867503 ], [ -71.314213969616574, -29.42429616073807 ], [ -71.315011193387264, -29.424282303482585 ], [ -71.314925799089949, -29.422120118591955 ], [ -71.314249240805353, -29.422095794872742 ], [ -71.3141662536311, -29.422191767867503 ] ] ] ] } },
{ "type": "Feature", "properties": { "fid": 9, "OBJECTID_1": 31, "OBJECTID": 31, "NOM_COM": "LA HIGUERA", "PROVINCIA": "ELQUI", "Z_COMUNAL": "ZONA INDUSTRIAL", "USO": "INDUSTRIAL BAJO IMPACTO", "REGIONAL": "AREAS PARA ACTIVIDADES INDUSTRIALES, ECONOMICAS Y DE DESARROLLO", "Shape_Leng": 751.9975498, "LEYENDA": "INDUSTRIAL BAJO IMPACTO", "Shape__Area": 17729.8115234375, "Shape__Length": 751.97540595780652, "Nota": "La Zonificación de Uso del Borde Costero de la Región de Coquimbo, constituye un instrumento aún vigente, y que declara áreas con orientaciones de usos específicos, en el borde costero regional. Por lo tanto, se sugiere su uso de acuerdo a la microzonificación según se señala en todas las publicaciones, y que fué aprobada mediante Decreto Supremo Nº 518 Zonificación de Coquimbo, 12 de diciembre de 2005.", "Origen Dato": "https://gorecoquimbo.maps.arcgis.com/apps/CompareAnalysis/index.html?appid=b4f178d41fb24ab8a871596de568a2f7", "Mapa Completo": "https://www.gorecoquimbo.cl/gorecoquimbo/site/artic/20150722/asocfile/20150722092144/comunal.jpg", "Link Memoria": "https://www.gorecoquimbo.cl/gorecoquimbo/site/artic/20150722/asocfile/20150722091730/memoria_explicativa_zonifi.pdf" }, "geometry": { "type": "MultiPolygon", "coordinates": [ [ [ [ -71.303497719438482, -29.448536533107177 ], [ -71.303571903757614, -29.448185588322495 ], [ -71.303510866708507, -29.44817620599056 ], [ -71.30255035075227, -29.44826942699698 ], [ -71.302201599930342, -29.448326517376589 ], [ -71.301758462209321, -29.448078866735077 ], [ -71.301466871317544, -29.448083909811039 ], [ -71.301118696612036, -29.448166529274012 ], [ -71.300768794287023, -29.448172579099008 ], [ -71.300453799966874, -29.448433328956792 ], [ -71.300374388311454, -29.448792141160002 ], [ -71.300351571330964, -29.4490733746191 ], [ -71.300815798064733, -29.448963225873062 ], [ -71.30139725672602, -29.448876581983807 ], [ -71.301889500724286, -29.448714878413064 ], [ -71.302090728510208, -29.448583749504195 ], [ -71.30238232072314, -29.448578705886245 ], [ -71.303315397764791, -29.448562561243854 ], [ -71.303497719438482, -29.448536533107177 ] ] ] ] } },
{ "type": "Feature", "properties": { "fid": 10, "OBJECTID_1": 30, "OBJECTID": 30, "NOM_COM": "LA HIGUERA", "PROVINCIA": "ELQUI", "Z_COMUNAL": "ZONA INDUSTRIAL", "USO": "INDUSTRIAL BAJO IMPACTO", "REGIONAL": "AREAS PARA ACTIVIDADES INDUSTRIALES, ECONOMICAS Y DE DESARROLLO", "Shape_Leng": 811.27095924000002, "LEYENDA": "INDUSTRIAL BAJO IMPACTO", "Shape__Area": 40069.402465820312, "Shape__Length": 811.24704630505823, "Nota": "La Zonificación de Uso del Borde Costero de la Región de Coquimbo, constituye un instrumento aún vigente, y que declara áreas con orientaciones de usos específicos, en el borde costero regional. Por lo tanto, se sugiere su uso de acuerdo a la microzonificación según se señala en todas las publicaciones, y que fué aprobada mediante Decreto Supremo Nº 518 Zonificación de Coquimbo, 12 de diciembre de 2005.", "Origen Dato": "https://gorecoquimbo.maps.arcgis.com/apps/CompareAnalysis/index.html?appid=b4f178d41fb24ab8a871596de568a2f7", "Mapa Completo": "https://www.gorecoquimbo.cl/gorecoquimbo/site/artic/20150722/asocfile/20150722092144/comunal.jpg", "Link Memoria": "https://www.gorecoquimbo.cl/gorecoquimbo/site/artic/20150722/asocfile/20150722091730/memoria_explicativa_zonifi.pdf" }, "geometry": { "type": "MultiPolygon", "coordinates": [ [ [ [ -71.304647254271302, -29.447017160398424 ], [ -71.304695966213089, -29.446965943098352 ], [ -71.304878151622148, -29.446800036153366 ], [ -71.304981491006998, -29.446670321456956 ], [ -71.305150234797281, -29.446493017274484 ], [ -71.305266868579722, -29.446363155100649 ], [ -71.305409170688762, -29.446197855337289 ], [ -71.305526065041676, -29.446079545067075 ], [ -71.305536650144376, -29.446065033643183 ], [ -71.30568072737492, -29.445867648340435 ], [ -71.305732468950296, -29.445808562823146 ], [ -71.305771298008764, -29.445761433548558 ], [ -71.305783801702702, -29.445726298047067 ], [ -71.305849887736485, -29.44571352245201 ], [ -71.305882573508612, -29.445643007432434 ], [ -71.305638887442228, -29.445535192364851 ], [ -71.304876753851929, -29.445369668308661 ], [ -71.304350179059099, -29.445302195485514 ], [ -71.303856225530083, -29.445387336721659 ], [ -71.303186166217799, -29.445424466345919 ], [ -71.302924907376152, -29.445480054034267 ], [ -71.302787761356612, -29.445865389369906 ], [ -71.302708358348681, -29.446224202555246 ], [ -71.302745001603896, -29.446555474037986 ], [ -71.302981724265692, -29.446704559612073 ], [ -71.303683836699406, -29.446794533799476 ], [ -71.304267575663275, -29.446809961653599 ], [ -71.304445979437403, -29.446960054264032 ], [ -71.304647254271302, -29.447017160398424 ] ] ] ] } },
{ "type": "Feature", "properties": { "fid": 11, "OBJECTID_1": 219, "OBJECTID": 230, "NOM_COM": "LA HIGUERA", "PROVINCIA": "ELQUI", "Z_COMUNAL": "ZONA DE CONSERVACION DE LA NATURALEZA", "USO": "RESTRICCION ECOLOGICA ACUATICA", "REGIONAL": "AREAS PROTEGIDAS", "Shape_Leng": 965.69675200999995, "LEYENDA": "RESTRICCION ECOLOGICA", "Shape__Area": 61983.912841796875, "Shape__Length": 965.66832102707224, "Nota": "La Zonificación de Uso del Borde Costero de la Región de Coquimbo, constituye un instrumento aún vigente, y que declara áreas con orientaciones de usos específicos, en el borde costero regional. Por lo tanto, se sugiere su uso de acuerdo a la microzonificación según se señala en todas las publicaciones, y que fué aprobada mediante Decreto Supremo Nº 518 Zonificación de Coquimbo, 12 de diciembre de 2005.", "Origen Dato": "https://gorecoquimbo.maps.arcgis.com/apps/CompareAnalysis/index.html?appid=b4f178d41fb24ab8a871596de568a2f7", "Mapa Completo": "https://www.gorecoquimbo.cl/gorecoquimbo/site/artic/20150722/asocfile/20150722092144/comunal.jpg", "Link Memoria": "https://www.gorecoquimbo.cl/gorecoquimbo/site/artic/20150722/asocfile/20150722091730/memoria_explicativa_zonifi.pdf" }, "geometry": { "type": "MultiPolygon", "coordinates": [ [ [ [ -71.333537167425661, -29.483050273882458 ], [ -71.33329355646886, -29.483146721418116 ], [ -71.332767007805614, -29.483155958421051 ], [ -71.332423005865806, -29.483469255374107 ], [ -71.331865248297035, -29.484416179320789 ], [ -71.331839291670747, -29.484816072030451 ], [ -71.331883540701625, -29.48521474170736 ], [ -71.332125085126691, -29.485794299704299 ], [ -71.332658695375855, -29.486092195433347 ], [ -71.332800514546435, -29.486151165977692 ], [ -71.333269858359074, -29.485943212979489 ], [ -71.333707607342745, -29.485889445984387 ], [ -71.334232065966575, -29.48578805868905 ], [ -71.334455655616082, -29.485584415449075 ], [ -71.334457722156515, -29.484908403799459 ], [ -71.334468230975659, -29.484600955874171 ], [ -71.333986925375129, -29.484286787548982 ], [ -71.333760812657005, -29.48361478040573 ], [ -71.333537167425661, -29.483050273882458 ] ] ] ] } },
{ "type": "Feature", "properties": { "fid": 12, "OBJECTID_1": 13, "OBJECTID": 13, "NOM_COM": "LA HIGUERA", "PROVINCIA": "ELQUI", "Z_COMUNAL": "ZONA DE CONSERVACION DEL PATRIMONIO CULTURAL Y ARQ", "USO": "PATRIMONIO ARQUEOLOGICO COSTERO", "REGIONAL": "AREAS PROTEGIDAS", "Shape_Leng": 989.94237008000005, "LEYENDA": "PATRIMONIO ARQUEOLOGICO COSTERO", "Shape__Area": 58621.046020507812, "Shape__Length": 989.91338796044204, "Nota": "La Zonificación de Uso del Borde Costero de la Región de Coquimbo, constituye un instrumento aún vigente, y que declara áreas con orientaciones de usos específicos, en el borde costero regional. Por lo tanto, se sugiere su uso de acuerdo a la microzonificación según se señala en todas las publicaciones, y que fué aprobada mediante Decreto Supremo Nº 518 Zonificación de Coquimbo, 12 de diciembre de 2005.", "Origen Dato": "https://gorecoquimbo.maps.arcgis.com/apps/CompareAnalysis/index.html?appid=b4f178d41fb24ab8a871596de568a2f7", "Mapa Completo": "https://www.gorecoquimbo.cl/gorecoquimbo/site/artic/20150722/asocfile/20150722092144/comunal.jpg", "Link Memoria": "https://www.gorecoquimbo.cl/gorecoquimbo/site/artic/20150722/asocfile/20150722091730/memoria_explicativa_zonifi.pdf" }, "geometry": { "type": "MultiPolygon", "coordinates": [ [ [ [ -71.389619757661819, -29.277896372052489 ], [ -71.390226317465533, -29.278600675628798 ], [ -71.392357422572431, -29.276907761739597 ], [ -71.392118572604474, -29.276352880671485 ], [ -71.391328517278765, -29.275333392495121 ], [ -71.388955981868904, -29.27723638735554 ], [ -71.389619757661819, -29.277896372052489 ] ] ] ] } },
{ "type": "Feature", "properties": { "fid": 13, "OBJECTID_1": 9, "OBJECTID": 9, "NOM_COM": "LA HIGUERA", "PROVINCIA": "ELQUI", "Z_COMUNAL": "ZONA DE PESCA ARTESANAL Y CALETAS", "USO": "CALETA PESQUERA", "REGIONAL": "AREAS PARA ACTIVIDADES INDUSTRIALES, ECONOMICAS Y DE DESARROLLO", "Shape_Leng": 1099.64541317, "LEYENDA": "CALETA PESQUERA", "Shape__Area": 49606.93212890625, "Shape__Length": 1099.613266293924, "Nota": "La Zonificación de Uso del Borde Costero de la Región de Coquimbo, constituye un instrumento aún vigente, y que declara áreas con orientaciones de usos específicos, en el borde costero regional. Por lo tanto, se sugiere su uso de acuerdo a la microzonificación según se señala en todas las publicaciones, y que fué aprobada mediante Decreto Supremo Nº 518 Zonificación de Coquimbo, 12 de diciembre de 2005.", "Origen Dato": "https://gorecoquimbo.maps.arcgis.com/apps/CompareAnalysis/index.html?appid=b4f178d41fb24ab8a871596de568a2f7", "Mapa Completo": "https://www.gorecoquimbo.cl/gorecoquimbo/site/artic/20150722/asocfile/20150722092144/comunal.jpg", "Link Memoria": "https://www.gorecoquimbo.cl/gorecoquimbo/site/artic/20150722/asocfile/20150722091730/memoria_explicativa_zonifi.pdf" }, "geometry": { "type": "MultiPolygon", "coordinates": [ [ [ [ -71.464780448136935, -29.249679435285277 ], [ -71.464784094001146, -29.249678158288617 ], [ -71.464890231497478, -29.249617283716418 ], [ -71.464997123505995, -29.249591774637697 ], [ -71.465103823347533, -29.249554353769557 ], [ -71.465157593103996, -29.249553361840245 ], [ -71.465319102370998, -29.249562197346737 ], [ -71.465480999826212, -29.249582839705393 ], [ -71.465805252167257, -29.249647598561236 ], [ -71.465967031415019, -29.249668150484755 ], [ -71.46628958838852, -29.249662198521566 ], [ -71.466451380200979, -29.24968284163716 ], [ -71.466612711092395, -29.249679863748288 ], [ -71.466774218558058, -29.249688614516771 ], [ -71.466896272278063, -29.249733537867357 ], [ -71.467018985871093, -29.249802003352336 ], [ -71.46718191003923, -29.249869801183049 ], [ -71.467832672584095, -29.250093609242899 ], [ -71.467995595460224, -29.250161313141536 ], [ -71.468158059865004, -29.250205506963567 ], [ -71.468373066736746, -29.250201535472176 ], [ -71.468479944526692, -29.25017592283843 ], [ -71.468587214272162, -29.250162219015817 ], [ -71.468908071449249, -29.250085468241299 ], [ -71.46905394347489, -29.250000227902817 ], [ -71.469264409299598, -29.249807710548748 ], [ -71.469317624821585, -29.249783180886919 ], [ -71.469326644195533, -29.249748243718273 ], [ -71.465454942967469, -29.248007758655557 ], [ -71.464818292576282, -29.249084638129943 ], [ -71.464780448136935, -29.249679435285277 ] ] ] ] } },
{ "type": "Feature", "properties": { "fid": 14, "OBJECTID_1": 198, "OBJECTID": 209, "NOM_COM": "LA HIGUERA", "PROVINCIA": "ELQUI", "Z_COMUNAL": "ZONA PORTUARIA", "USO": "AREA FONDEO", "REGIONAL": "AREAS PORTUARIAS", "Shape_Leng": 1161.74712828, "LEYENDA": "AREA FONDEO", "Shape__Area": 105838.40283203125, "Shape__Length": 1161.7129029719144, "Nota": "La Zonificación de Uso del Borde Costero de la Región de Coquimbo, constituye un instrumento aún vigente, y que declara áreas con orientaciones de usos específicos, en el borde costero regional. Por lo tanto, se sugiere su uso de acuerdo a la microzonificación según se señala en todas las publicaciones, y que fué aprobada mediante Decreto Supremo Nº 518 Zonificación de Coquimbo, 12 de diciembre de 2005.", "Origen Dato": "https://gorecoquimbo.maps.arcgis.com/apps/CompareAnalysis/index.html?appid=b4f178d41fb24ab8a871596de568a2f7", "Mapa Completo": "https://www.gorecoquimbo.cl/gorecoquimbo/site/artic/20150722/asocfile/20150722092144/comunal.jpg", "Link Memoria": "https://www.gorecoquimbo.cl/gorecoquimbo/site/artic/20150722/asocfile/20150722091730/memoria_explicativa_zonifi.pdf" }, "geometry": { "type": "MultiPolygon", "coordinates": [ [ [ [ -71.313563817509433, -29.42051192906148 ], [ -71.31379875641025, -29.420546285908983 ], [ -71.314362700653504, -29.420453891010631 ], [ -71.314921962430915, -29.420155100443079 ], [ -71.315432191199733, -29.419774556132257 ], [ -71.315610486956118, -29.419317196586043 ], [ -71.315690743657626, -29.418696350670864 ], [ -71.31544094759586, -29.418081243197314 ], [ -71.315053451172474, -29.417633710348849 ], [ -71.314574466378758, -29.41731166413804 ], [ -71.313864414351229, -29.41720011426796 ], [ -71.313252406848434, -29.417252047825219 ], [ -71.312832741506853, -29.417465820391815 ], [ -71.312461145391694, -29.417720049601417 ], [ -71.312139519622463, -29.418097299878212 ], [ -71.311867830895267, -29.418597578483517 ], [ -71.311979897573934, -29.41938027522945 ], [ -71.312179724989477, -29.419872359678781 ], [ -71.312564412616666, -29.420196060987887 ], [ -71.31304153568297, -29.42043555122212 ], [ -71.313563817509433, -29.42051192906148 ] ] ] ] } },
{ "type": "Feature", "properties": { "fid": 15, "OBJECTID_1": 201, "OBJECTID": 212, "NOM_COM": "LA HIGUERA", "PROVINCIA": "ELQUI", "Z_COMUNAL": "ZONA DE PESCA ARTESANAL Y CALETAS", "USO": "AREAS DE MANEJO Y EXPLOTACION (AMERB)", "REGIONAL": "AREAS PARA ACTIVIDADES INDUSTRIALES, ECONOMICAS Y DE DESARROLLO", "Shape_Leng": 1189.9134183000001, "LEYENDA": "AREAS DE MANEJO Y EXPLOTACION (AMERB)", "Shape__Area": 38534.928100585938, "Shape__Length": 1189.8782997378937, "Nota": "La Zonificación de Uso del Borde Costero de la Región de Coquimbo, constituye un instrumento aún vigente, y que declara áreas con orientaciones de usos específicos, en el borde costero regional. Por lo tanto, se sugiere su uso de acuerdo a la microzonificación según se señala en todas las publicaciones, y que fué aprobada mediante Decreto Supremo Nº 518 Zonificación de Coquimbo, 12 de diciembre de 2005.", "Origen Dato": "https://gorecoquimbo.maps.arcgis.com/apps/CompareAnalysis/index.html?appid=b4f178d41fb24ab8a871596de568a2f7", "Mapa Completo": "https://www.gorecoquimbo.cl/gorecoquimbo/site/artic/20150722/asocfile/20150722092144/comunal.jpg", "Link Memoria": "https://www.gorecoquimbo.cl/gorecoquimbo/site/artic/20150722/asocfile/20150722091730/memoria_explicativa_zonifi.pdf" }, "geometry": { "type": "MultiPolygon", "coordinates": [ [ [ [ -71.313563817509433, -29.42051192906148 ], [ -71.314130299339368, -29.42209151542578 ], [ -71.3141662536311, -29.422191767867503 ], [ -71.314249240805353, -29.422095794872742 ], [ -71.316740230456347, -29.419214952463214 ], [ -71.31544094759586, -29.418081243197314 ], [ -71.315690743657626, -29.418696350670864 ], [ -71.315610486956118, -29.419317196586043 ], [ -71.315432191199733, -29.419774556132257 ], [ -71.314921962430915, -29.420155100443079 ], [ -71.314362700653504, -29.420453891010631 ], [ -71.31379875641025, -29.420546285908983 ], [ -71.313563817509433, -29.42051192906148 ] ] ] ] } },
{ "type": "Feature", "properties": { "fid": 16, "OBJECTID_1": 212, "OBJECTID": 223, "NOM_COM": "LA HIGUERA", "PROVINCIA": "ELQUI", "Z_COMUNAL": "ZONA PORTUARIA", "USO": "AREA FONDEO", "REGIONAL": "AREAS PORTUARIAS", "Shape_Leng": 1218.68662821, "LEYENDA": "AREA FONDEO", "Shape__Area": 116942.64599609375, "Shape__Length": 1218.6503497912208, "Nota": "La Zonificación de Uso del Borde Costero de la Región de Coquimbo, constituye un instrumento aún vigente, y que declara áreas con orientaciones de usos específicos, en el borde costero regional. Por lo tanto, se sugiere su uso de acuerdo a la microzonificación según se señala en todas las publicaciones, y que fué aprobada mediante Decreto Supremo Nº 518 Zonificación de Coquimbo, 12 de diciembre de 2005.", "Origen Dato": "https://gorecoquimbo.maps.arcgis.com/apps/CompareAnalysis/index.html?appid=b4f178d41fb24ab8a871596de568a2f7", "Mapa Completo": "https://www.gorecoquimbo.cl/gorecoquimbo/site/artic/20150722/asocfile/20150722092144/comunal.jpg", "Link Memoria": "https://www.gorecoquimbo.cl/gorecoquimbo/site/artic/20150722/asocfile/20150722091730/memoria_explicativa_zonifi.pdf" }, "geometry": { "type": "MultiPolygon", "coordinates": [ [ [ [ -71.312239836147839, -29.618834681387817 ], [ -71.312984151417993, -29.618821702584189 ], [ -71.313614649212312, -29.618580282326342 ], [ -71.314102486062694, -29.618205805839938 ], [ -71.314478071083656, -29.617670641145494 ], [ -71.314526466609294, -29.617073400146481 ], [ -71.314436244267327, -29.616519251139323 ], [ -71.314178236985271, -29.616090021141947 ], [ -71.313735394228303, -29.615718221147013 ], [ -71.313264654685113, -29.615482468128256 ], [ -71.312672948504499, -29.615384347039889 ], [ -71.312207461988592, -29.615378911012037 ], [ -71.311729255153665, -29.615495678198243 ], [ -71.311300968953788, -29.61576066775849 ], [ -71.310859950249878, -29.616147879062257 ], [ -71.310545456030098, -29.616641315866396 ], [ -71.310510683875989, -29.617156981504269 ], [ -71.310647726011183, -29.617723869987657 ], [ -71.311001227390946, -29.618259883261345 ], [ -71.311599435406166, -29.618642525964461 ], [ -71.312239836147839, -29.618834681387817 ] ] ] ] } },
{ "type": "Feature", "properties": { "fid": 17, "OBJECTID_1": 203, "OBJECTID": 214, "NOM_COM": "LA HIGUERA", "PROVINCIA": "ELQUI", "Z_COMUNAL": "ZONA DE PESCA ARTESANAL Y CALETAS", "USO": " ", "REGIONAL": "AREAS PARA ACTIVIDADES INDUSTRIALES, ECONOMICAS Y DE DESARROLLO", "Shape_Leng": 1279.66862446, "LEYENDA": "AREAS DE MANEJO Y EXPLOTACION (AMERB)", "Shape__Area": 83580.753662109375, "Shape__Length": 1279.6306969334996, "Nota": "La Zonificación de Uso del Borde Costero de la Región de Coquimbo, constituye un instrumento aún vigente, y que declara áreas con orientaciones de usos específicos, en el borde costero regional. Por lo tanto, se sugiere su uso de acuerdo a la microzonificación según se señala en todas las publicaciones, y que fué aprobada mediante Decreto Supremo Nº 518 Zonificación de Coquimbo, 12 de diciembre de 2005.", "Origen Dato": "https://gorecoquimbo.maps.arcgis.com/apps/CompareAnalysis/index.html?appid=b4f178d41fb24ab8a871596de568a2f7", "Mapa Completo": "https://www.gorecoquimbo.cl/gorecoquimbo/site/artic/20150722/asocfile/20150722092144/comunal.jpg", "Link Memoria": "https://www.gorecoquimbo.cl/gorecoquimbo/site/artic/20150722/asocfile/20150722091730/memoria_explicativa_zonifi.pdf" }, "geometry": { "type": "MultiPolygon", "coordinates": [ [ [ [ -71.306591727603021, -29.443791888495188 ], [ -71.306590474608953, -29.443805526457684 ], [ -71.306592576682547, -29.443898496038614 ], [ -71.306490567211654, -29.44408629489633 ], [ -71.306440561820452, -29.444226725997247 ], [ -71.306403941906481, -29.44436683309597 ], [ -71.306380510779064, -29.444506803649986 ], [ -71.306363314496423, -29.444555147798084 ], [ -71.306230699290793, -29.44492790921079 ], [ -71.306040894301248, -29.445349800536263 ], [ -71.305887928313354, -29.445631487939913 ], [ -71.305882573508612, -29.445643007432434 ], [ -71.305849887736485, -29.44571352245201 ], [ -71.305783801702702, -29.445726298047067 ], [ -71.305771298008764, -29.445761433548558 ], [ -71.305732468950296, -29.445808562823146 ], [ -71.30568072737492, -29.445867648340435 ], [ -71.305536650144376, -29.446065033643183 ], [ -71.308845696689758, -29.445994500190949 ], [ -71.308817946056593, -29.445588787028921 ], [ -71.309001473319668, -29.444675725980879 ], [ -71.309331751930927, -29.442866481894278 ], [ -71.309359966942765, -29.442595426830376 ], [ -71.306591727603021, -29.443791888495188 ] ] ] ] } },
{ "type": "Feature", "properties": { "fid": 18, "OBJECTID_1": 35, "OBJECTID": 35, "NOM_COM": "LA HIGUERA", "PROVINCIA": "ELQUI", "Z_COMUNAL": "ZONA DE CONSERVACION DE LA NATURALEZA", "USO": "VALOR PAISAJISTICO", "REGIONAL": "AREAS PROTEGIDAS", "Shape_Leng": 1452.01767292, "LEYENDA": "VALOR PAISAJISTICO", "Shape__Area": 96858.272583007812, "Shape__Length": 1451.974678415525, "Nota": "La Zonificación de Uso del Borde Costero de la Región de Coquimbo, constituye un instrumento aún vigente, y que declara áreas con orientaciones de usos específicos, en el borde costero regional. Por lo tanto, se sugiere su uso de acuerdo a la microzonificación según se señala en todas las publicaciones, y que fué aprobada mediante Decreto Supremo Nº 518 Zonificación de Coquimbo, 12 de diciembre de 2005.", "Origen Dato": "https://gorecoquimbo.maps.arcgis.com/apps/CompareAnalysis/index.html?appid=b4f178d41fb24ab8a871596de568a2f7", "Mapa Completo": "https://www.gorecoquimbo.cl/gorecoquimbo/site/artic/20150722/asocfile/20150722092144/comunal.jpg", "Link Memoria": "https://www.gorecoquimbo.cl/gorecoquimbo/site/artic/20150722/asocfile/20150722091730/memoria_explicativa_zonifi.pdf" }, "geometry": { "type": "MultiPolygon", "coordinates": [ [ [ [ -71.300924531629448, -29.442394481298788 ], [ -71.301346693695081, -29.44395076782828 ], [ -71.30198528788965, -29.443913379202105 ], [ -71.303706154422628, -29.443909130841309 ], [ -71.304931919050887, -29.443938977401029 ], [ -71.306363314496423, -29.444555147798084 ], [ -71.306380510779064, -29.444506803649986 ], [ -71.306403941906481, -29.44436683309597 ], [ -71.306440561820452, -29.444226725997247 ], [ -71.306490567211654, -29.44408629489633 ], [ -71.306592576682547, -29.443898496038614 ], [ -71.306590474608953, -29.443805526457684 ], [ -71.306591727603021, -29.443791888495188 ], [ -71.306601137921461, -29.443689056394835 ], [ -71.306585741809641, -29.44359630728524 ], [ -71.30657139853534, -29.443550099318323 ], [ -71.306450048094192, -29.443470734009384 ], [ -71.306316196645923, -29.443426596100618 ], [ -71.306262604318462, -29.443404245528477 ], [ -71.306182964107691, -29.443405625535672 ], [ -71.306088728008376, -29.443349161315812 ], [ -71.306007918890302, -29.44330400296862 ], [ -71.30599358620664, -29.443257793840665 ], [ -71.30595118535058, -29.443142243188515 ], [ -71.305948556636324, -29.443026002536403 ], [ -71.305915664562534, -29.442747535330728 ], [ -71.305939097151736, -29.442607656813628 ], [ -71.305968080252313, -29.442496689172611 ], [ -71.304329124717057, -29.441986544152083 ], [ -71.302833964068398, -29.442245997745211 ], [ -71.300924531629448, -29.442394481298788 ] ] ] ] } },
{ "type": "Feature", "properties": { "fid": 19, "OBJECTID_1": 4, "OBJECTID": 4, "NOM_COM": "LA HIGUERA", "PROVINCIA": "ELQUI", "Z_COMUNAL": "ZONA DE PESCA ARTESANAL Y CALETAS", "USO": "CALETA PESQUERA", "REGIONAL": "AREAS PARA ACTIVIDADES INDUSTRIALES, ECONOMICAS Y DE DESARROLLO", "Shape_Leng": 1459.7354453, "LEYENDA": "CALETA PESQUERA", "Shape__Area": 132470.22082519531, "Shape__Length": 1459.6928711170324, "Nota": "La Zonificación de Uso del Borde Costero de la Región de Coquimbo, constituye un instrumento aún vigente, y que declara áreas con orientaciones de usos específicos, en el borde costero regional. Por lo tanto, se sugiere su uso de acuerdo a la microzonificación según se señala en todas las publicaciones, y que fué aprobada mediante Decreto Supremo Nº 518 Zonificación de Coquimbo, 12 de diciembre de 2005.", "Origen Dato": "https://gorecoquimbo.maps.arcgis.com/apps/CompareAnalysis/index.html?appid=b4f178d41fb24ab8a871596de568a2f7", "Mapa Completo": "https://www.gorecoquimbo.cl/gorecoquimbo/site/artic/20150722/asocfile/20150722092144/comunal.jpg", "Link Memoria": "https://www.gorecoquimbo.cl/gorecoquimbo/site/artic/20150722/asocfile/20150722091730/memoria_explicativa_zonifi.pdf" }, "geometry": { "type": "MultiPolygon", "coordinates": [ [ [ [ -71.492638774153349, -29.180760389681453 ], [ -71.492649912165291, -29.180808328439731 ], [ -71.492632481698337, -29.181145284223216 ], [ -71.492745037796851, -29.181569588820039 ], [ -71.493041406559868, -29.182192436748306 ], [ -71.493485714890554, -29.182588112951823 ], [ -71.49400834825731, -29.18304965031032 ], [ -71.494931828975325, -29.18316709153634 ], [ -71.495981498325463, -29.183214841088336 ], [ -71.496617813656755, -29.183090765083296 ], [ -71.497276986377045, -29.182854043092405 ], [ -71.497669662784702, -29.182173463568958 ], [ -71.498052261266594, -29.181847262186924 ], [ -71.498065578691183, -29.18178177862794 ], [ -71.498048408853094, -29.181628831769732 ], [ -71.498005562875505, -29.181523539633094 ], [ -71.498002706230437, -29.18140568595059 ], [ -71.498040126091169, -29.181287081329383 ], [ -71.498037269434263, -29.181169227645835 ], [ -71.49804787012711, -29.181051123654107 ], [ -71.49801808965023, -29.180933772551118 ], [ -71.497961595075381, -29.180816920995369 ], [ -71.497945280095678, -29.180699226498586 ], [ -71.497943852968291, -29.180640345634938 ], [ -71.497916939479026, -29.180640848002234 ], [ -71.497915510142036, -29.180581875162233 ], [ -71.497861478397652, -29.180438493149101 ], [ -71.497858148983681, -29.180429678437278 ], [ -71.497815600503728, -29.180336204724451 ], [ -71.497775209320835, -29.180336958620718 ], [ -71.49776128528778, -29.180313579365542 ], [ -71.497720714741163, -29.180302605428924 ], [ -71.497679010712957, -29.180244393292231 ], [ -71.497624992044436, -29.18023357740115 ], [ -71.497221242303951, -29.180205750002543 ], [ -71.497087233766905, -29.18022006566903 ], [ -71.496819798205507, -29.180272239203841 ], [ -71.496685207062924, -29.180262936112911 ], [ -71.4965509132671, -29.180265440600444 ], [ -71.496417188535275, -29.18029148147685 ], [ -71.495613030259804, -29.180377293107579 ], [ -71.495345580817698, -29.180429371978885 ], [ -71.495079274895431, -29.180528697416712 ], [ -71.494945835212093, -29.180566545705169 ], [ -71.494812967398076, -29.180628022372787 ], [ -71.494546658372698, -29.180727263851104 ], [ -71.494412935400817, -29.180753384824616 ], [ -71.494278923539667, -29.180767614783992 ], [ -71.494144058233161, -29.180746581275123 ], [ -71.494009763568798, -29.18074908415354 ], [ -71.49374287254868, -29.180824788657766 ], [ -71.493475422732033, -29.1808769468694 ], [ -71.493341424036515, -29.180891267670624 ], [ -71.492936814656247, -29.180827990026089 ], [ -71.492801381214178, -29.180783420368979 ], [ -71.492666513848022, -29.180762293378081 ], [ -71.492638774153349, -29.180760389681453 ] ] ] ] } },
{ "type": "Feature", "properties": { "fid": 20, "OBJECTID_1": 202, "OBJECTID": 213, "NOM_COM": "LA HIGUERA", "PROVINCIA": "ELQUI", "Z_COMUNAL": "ZONA DE PESCA ARTESANAL Y CALETAS", "USO": " ", "REGIONAL": "AREAS PARA ACTIVIDADES INDUSTRIALES, ECONOMICAS Y DE DESARROLLO", "Shape_Leng": 1523.6267983499999, "LEYENDA": "AREAS DE MANEJO Y EXPLOTACION (AMERB)", "Shape__Area": 33277.73681640625, "Shape__Length": 1523.5818364775992, "Nota": "La Zonificación de Uso del Borde Costero de la Región de Coquimbo, constituye un instrumento aún vigente, y que declara áreas con orientaciones de usos específicos, en el borde costero regional. Por lo tanto, se sugiere su uso de acuerdo a la microzonificación según se señala en todas las publicaciones, y que fué aprobada mediante Decreto Supremo Nº 518 Zonificación de Coquimbo, 12 de diciembre de 2005.", "Origen Dato": "https://gorecoquimbo.maps.arcgis.com/apps/CompareAnalysis/index.html?appid=b4f178d41fb24ab8a871596de568a2f7", "Mapa Completo": "https://www.gorecoquimbo.cl/gorecoquimbo/site/artic/20150722/asocfile/20150722092144/comunal.jpg", "Link Memoria": "https://www.gorecoquimbo.cl/gorecoquimbo/site/artic/20150722/asocfile/20150722091730/memoria_explicativa_zonifi.pdf" }, "geometry": { "type": "MultiPolygon", "coordinates": [ [ [ [ -71.314511771964746, -29.43536496157768 ], [ -71.314995881057925, -29.435242041817382 ], [ -71.314930071169712, -29.43408402756598 ], [ -71.314903661913505, -29.43117792672038 ], [ -71.314891384880312, -29.428894418099151 ], [ -71.314352924515433, -29.428885995528731 ], [ -71.314395017590257, -29.430199331705232 ], [ -71.314511141453821, -29.435318099285276 ], [ -71.314511771964746, -29.43536496157768 ] ] ] ] } },
{ "type": "Feature", "properties": { "fid": 21, "OBJECTID_1": 222, "OBJECTID": 233, "NOM_COM": "LA HIGUERA", "PROVINCIA": "ELQUI", "Z_COMUNAL": "ZONA DE CONSERVACION DE LA NATURALEZA", "USO": "RESTRICCION ECOLOGICA ACUATICA", "REGIONAL": "AREAS PROTEGIDAS", "Shape_Leng": 1708.9435895399999, "LEYENDA": "RESTRICCION ECOLOGICA ACUATICA", "Shape__Area": 150309.03881835938, "Shape__Length": 1708.893126473399, "Nota": "La Zonificación de Uso del Borde Costero de la Región de Coquimbo, constituye un instrumento aún vigente, y que declara áreas con orientaciones de usos específicos, en el borde costero regional. Por lo tanto, se sugiere su uso de acuerdo a la microzonificación según se señala en todas las publicaciones, y que fué aprobada mediante Decreto Supremo Nº 518 Zonificación de Coquimbo, 12 de diciembre de 2005.", "Origen Dato": "https://gorecoquimbo.maps.arcgis.com/apps/CompareAnalysis/index.html?appid=b4f178d41fb24ab8a871596de568a2f7", "Mapa Completo": "https://www.gorecoquimbo.cl/gorecoquimbo/site/artic/20150722/asocfile/20150722092144/comunal.jpg", "Link Memoria": "https://www.gorecoquimbo.cl/gorecoquimbo/site/artic/20150722/asocfile/20150722091730/memoria_explicativa_zonifi.pdf" }, "geometry": { "type": "MultiPolygon", "coordinates": [ [ [ [ -71.355064665284218, -29.410679998632776 ], [ -71.35497438053622, -29.410916305940582 ], [ -71.354945760454385, -29.411335934584073 ], [ -71.355147201835038, -29.411768262182051 ], [ -71.355249480310803, -29.412051454180602 ], [ -71.355644648517583, -29.412580943632982 ], [ -71.356276449475004, -29.413408012959422 ], [ -71.356632195049059, -29.413887906535834 ], [ -71.356754385379901, -29.414204278253418 ], [ -71.356835583629675, -29.414404019129712 ], [ -71.357068746492942, -29.414550772210756 ], [ -71.357223031487422, -29.414598340287231 ], [ -71.357410173089647, -29.41441061695857 ], [ -71.357750823293813, -29.414236932040975 ], [ -71.358043911555583, -29.413661741878624 ], [ -71.358217326678556, -29.413708961986423 ], [ -71.35833061765328, -29.413639899515154 ], [ -71.358575180148435, -29.413451156896599 ], [ -71.35878688854261, -29.413497698060745 ], [ -71.359038031757223, -29.413593838373636 ], [ -71.359288401014751, -29.413656469200724 ], [ -71.359420047541079, -29.413553538993085 ], [ -71.359759540795025, -29.413329589657184 ], [ -71.359650277395914, -29.412744748973417 ], [ -71.359476089806279, -29.4126640126516 ], [ -71.358973033291846, -29.412438212222209 ], [ -71.359046103603774, -29.412286039971011 ], [ -71.359139863653951, -29.412200547505186 ], [ -71.359385970302739, -29.412078832439967 ], [ -71.359422316542435, -29.411994365956236 ], [ -71.359342663548603, -29.411861655591778 ], [ -71.359300509600374, -29.411694757247034 ], [ -71.35929702422213, -29.411543930251373 ], [ -71.359368158271067, -29.41130796958257 ], [ -71.359343993092253, -29.411090452688864 ], [ -71.359129579902046, -29.410926596790674 ], [ -71.358879216720297, -29.410863974297172 ], [ -71.35862343605109, -29.410566736771244 ], [ -71.358468393000948, -29.410485659883648 ], [ -71.358238334337244, -29.410472966512611 ], [ -71.358008275722725, -29.410460273642428 ], [ -71.357891881710785, -29.410395278088082 ], [ -71.357778593833885, -29.410464339130058 ], [ -71.357609826954317, -29.410618214755221 ], [ -71.357495764704481, -29.410653757519192 ], [ -71.357416491966291, -29.41053780544323 ], [ -71.357354824157284, -29.41035448448778 ], [ -71.35740604623679, -29.410085343571996 ], [ -71.357251778449879, -29.410037775119303 ], [ -71.356925629203303, -29.410010013811551 ], [ -71.356728826299644, -29.409778794826082 ], [ -71.356537436811294, -29.409782180506358 ], [ -71.356232749690349, -29.409854627632154 ], [ -71.355610427349816, -29.410267991410397 ], [ -71.355064665284218, -29.410679998632776 ] ] ] ] } },
{ "type": "Feature", "properties": { "fid": 22, "OBJECTID_1": 34, "OBJECTID": 34, "NOM_COM": "LA HIGUERA", "PROVINCIA": "ELQUI", "Z_COMUNAL": "ZONA DE PESCA ARTESANAL Y CALETAS", "USO": "CALETA PESQUERA", "REGIONAL": "AREAS PARA ACTIVIDADES INDUSTRIALES, ECONOMICAS Y DE DESARROLLO", "Shape_Leng": 1729.2874130600001, "LEYENDA": "CALETA PESQUERA", "Shape__Area": 56987.148681640625, "Shape__Length": 1729.2364770277543, "Nota": "La Zonificación de Uso del Borde Costero de la Región de Coquimbo, constituye un instrumento aún vigente, y que declara áreas con orientaciones de usos específicos, en el borde costero regional. Por lo tanto, se sugiere su uso de acuerdo a la microzonificación según se señala en todas las publicaciones, y que fué aprobada mediante Decreto Supremo Nº 518 Zonificación de Coquimbo, 12 de diciembre de 2005.", "Origen Dato": "https://gorecoquimbo.maps.arcgis.com/apps/CompareAnalysis/index.html?appid=b4f178d41fb24ab8a871596de568a2f7", "Mapa Completo": "https://www.gorecoquimbo.cl/gorecoquimbo/site/artic/20150722/asocfile/20150722092144/comunal.jpg", "Link Memoria": "https://www.gorecoquimbo.cl/gorecoquimbo/site/artic/20150722/asocfile/20150722091730/memoria_explicativa_zonifi.pdf" }, "geometry": { "type": "MultiPolygon", "coordinates": [ [ [ [ -71.30501085716547, -29.450649036145276 ], [ -71.305179210007623, -29.451006801013289 ], [ -71.305477734029822, -29.451308001530712 ], [ -71.305772208711446, -29.45143056612568 ], [ -71.306792796119097, -29.451412879740207 ], [ -71.307667004735805, -29.451372191279052 ], [ -71.30801460574709, -29.451264029825655 ], [ -71.308593745727194, -29.451075270472749 ], [ -71.308585077012481, -29.450692458787042 ], [ -71.310653647538629, -29.450579969649738 ], [ -71.311054936962648, -29.450266631308523 ], [ -71.311310427052007, -29.449955813429646 ], [ -71.311613319137223, -29.449483592779742 ], [ -71.311603704885897, -29.44932020465453 ], [ -71.311499194816321, -29.449394287081379 ], [ -71.311342276310683, -29.449501658024303 ], [ -71.311081390137943, -29.449715488828737 ], [ -71.3109770125198, -29.44979867671983 ], [ -71.310806798425048, -29.449906286982444 ], [ -71.31068911651154, -29.449989706590166 ], [ -71.310518806784771, -29.45009730914337 ], [ -71.310400860683302, -29.450169092598923 ], [ -71.310269473551031, -29.450229561727632 ], [ -71.310005950151748, -29.45032715132314 ], [ -71.309873929342501, -29.450364269782412 ], [ -71.309741741449685, -29.450389833510872 ], [ -71.309608930651038, -29.45039213864565 ], [ -71.309476648069236, -29.45041771368113 ], [ -71.309343838219306, -29.450420017633778 ], [ -71.30921155240236, -29.450445500445323 ], [ -71.309038441598673, -29.450425317150863 ], [ -71.308903251883635, -29.450323007477348 ], [ -71.308862170126872, -29.450265540296108 ], [ -71.308847824478761, -29.450219323706882 ], [ -71.308847297628773, -29.450196062662968 ], [ -71.308806626163772, -29.450161849505751 ], [ -71.308778470386741, -29.4500926014226 ], [ -71.308670395603713, -29.450013100253088 ], [ -71.308536271086624, -29.449957331008598 ], [ -71.308415796470825, -29.449912871523861 ], [ -71.308375399014054, -29.449890292174128 ], [ -71.308279830269441, -29.449775756852762 ], [ -71.308238895912083, -29.449729917481648 ], [ -71.308223507341921, -29.449637169493339 ], [ -71.308210213776249, -29.449637400074025 ], [ -71.308169648873687, -29.449603184854716 ], [ -71.308168597388615, -29.449556745705891 ], [ -71.308070762275477, -29.449505750425615 ], [ -71.307925338531973, -29.449442693119554 ], [ -71.307807602276213, -29.449505177576082 ], [ -71.307926280427964, -29.45019904018109 ], [ -71.3076875496822, -29.450244499963183 ], [ -71.307519823420961, -29.449651717967917 ], [ -71.307493456848846, -29.449661468266331 ], [ -71.307401043723587, -29.449686340862918 ], [ -71.307335638451562, -29.449733940439234 ], [ -71.307256782146922, -29.449770217491395 ], [ -71.307139096200871, -29.449853633225281 ], [ -71.307074332554521, -29.449924492659427 ], [ -71.306866073681917, -29.450114132941408 ], [ -71.306801195130745, -29.450185077243511 ], [ -71.306735894350126, -29.450232674732508 ], [ -71.306683509358166, -29.450268492598077 ], [ -71.306657300711123, -29.450280586508082 ], [ -71.30664453151887, -29.450303995050987 ], [ -71.306605177061115, -29.450327956428723 ], [ -71.306578600002339, -29.450328416195021 ], [ -71.30649948072049, -29.450353057767252 ], [ -71.306419834067299, -29.450354438229038 ], [ -71.306340714924602, -29.450379088727956 ], [ -71.306260963145633, -29.450380470917292 ], [ -71.306181840806218, -29.450405028457013 ], [ -71.306102195124964, -29.450406408713143 ], [ -71.306022969521493, -29.450431051850344 ], [ -71.305863677044172, -29.450433811243212 ], [ -71.305626209374793, -29.450507661596266 ], [ -71.305547352013846, -29.450543946714774 ], [ -71.305468126148028, -29.4505685895341 ], [ -71.305389277911758, -29.450604781482159 ], [ -71.305309620696008, -29.450606161469018 ], [ -71.305230501046424, -29.450630811331834 ], [ -71.305150759311786, -29.450632192688378 ], [ -71.305137981276843, -29.450655683349304 ], [ -71.305071638342582, -29.450656832557801 ], [ -71.30501085716547, -29.450649036145276 ] ] ] ] } },
{ "type": "Feature", "properties": { "fid": 23, "OBJECTID_1": 186, "OBJECTID": 197, "NOM_COM": "LA HIGUERA", "PROVINCIA": "ELQUI", "Z_COMUNAL": "ZONA PORTUARIA", "USO": "AREA FONDEO", "REGIONAL": "AREAS PORTUARIAS", "Shape_Leng": 1749.5711742599999, "LEYENDA": "AREA FONDEO", "Shape__Area": 240067.96228027344, "Shape__Length": 1749.5199808908351, "Nota": "La Zonificación de Uso del Borde Costero de la Región de Coquimbo, constituye un instrumento aún vigente, y que declara áreas con orientaciones de usos específicos, en el borde costero regional. Por lo tanto, se sugiere su uso de acuerdo a la microzonificación según se señala en todas las publicaciones, y que fué aprobada mediante Decreto Supremo Nº 518 Zonificación de Coquimbo, 12 de diciembre de 2005.", "Origen Dato": "https://gorecoquimbo.maps.arcgis.com/apps/CompareAnalysis/index.html?appid=b4f178d41fb24ab8a871596de568a2f7", "Mapa Completo": "https://www.gorecoquimbo.cl/gorecoquimbo/site/artic/20150722/asocfile/20150722092144/comunal.jpg", "Link Memoria": "https://www.gorecoquimbo.cl/gorecoquimbo/site/artic/20150722/asocfile/20150722091730/memoria_explicativa_zonifi.pdf" }, "geometry": { "type": "MultiPolygon", "coordinates": [ [ [ [ -71.46158147155613, -29.257017884184709 ], [ -71.461585859383163, -29.257201020256534 ], [ -71.461929394260892, -29.25789109503933 ], [ -71.462361424301534, -29.258374706900003 ], [ -71.463075584484514, -29.258935052389027 ], [ -71.464345190352702, -29.259280318624104 ], [ -71.46537051050926, -29.259179477530214 ], [ -71.466570826984011, -29.258583817081611 ], [ -71.467161143156829, -29.257876525083336 ], [ -71.46728156274429, -29.257055003041167 ], [ -71.46726288220259, -29.256277027628006 ], [ -71.466870655123088, -29.255505929627578 ], [ -71.466152549701349, -29.254781832478681 ], [ -71.464927737983501, -29.254353808723707 ], [ -71.464039590368913, -29.254329229468087 ], [ -71.46306394721114, -29.254552029154958 ], [ -71.462188561215953, -29.255059743446086 ], [ -71.461737315094481, -29.25572350291894 ], [ -71.461568202700732, -29.256463981694036 ], [ -71.46158147155613, -29.257017884184709 ] ] ] ] } },
{ "type": "Feature", "properties": { "fid": 24, "OBJECTID_1": 6, "OBJECTID": 6, "NOM_COM": "LA HIGUERA", "PROVINCIA": "ELQUI", "Z_COMUNAL": "ZONA INDUSTRIAL", "USO": "INDUSTRIAL MOLESTO", "REGIONAL": "AREAS PARA ACTIVIDADES INDUSTRIALES, ECONOMICAS Y DE DESARROLLO", "Shape_Leng": 1889.61812964, "LEYENDA": "INDUSTRIAL MOLESTO", "Shape__Area": 166481.31774902344, "Shape__Length": 1889.5628159659439, "Nota": "La Zonificación de Uso del Borde Costero de la Región de Coquimbo, constituye un instrumento aún vigente, y que declara áreas con orientaciones de usos específicos, en el borde costero regional. Por lo tanto, se sugiere su uso de acuerdo a la microzonificación según se señala en todas las publicaciones, y que fué aprobada mediante Decreto Supremo Nº 518 Zonificación de Coquimbo, 12 de diciembre de 2005.", "Origen Dato": "https://gorecoquimbo.maps.arcgis.com/apps/CompareAnalysis/index.html?appid=b4f178d41fb24ab8a871596de568a2f7", "Mapa Completo": "https://www.gorecoquimbo.cl/gorecoquimbo/site/artic/20150722/asocfile/20150722092144/comunal.jpg", "Link Memoria": "https://www.gorecoquimbo.cl/gorecoquimbo/site/artic/20150722/asocfile/20150722091730/memoria_explicativa_zonifi.pdf" }, "geometry": { "type": "MultiPolygon", "coordinates": [ [ [ [ -71.455820952983615, -29.255787371170801 ], [ -71.45593337549262, -29.255774312343096 ], [ -71.455974010543486, -29.255808474094991 ], [ -71.455974842632187, -29.255843284484769 ], [ -71.45601508364274, -29.25586582325289 ], [ -71.456044117941545, -29.255969931684209 ], [ -71.456032517134986, -29.256039879293628 ], [ -71.456033073344827, -29.256063147535993 ], [ -71.45606238584233, -29.256178890076971 ], [ -71.456078984355031, -29.256318052771682 ], [ -71.456146594886235, -29.256374997041789 ], [ -71.456331918954547, -29.256359951758295 ], [ -71.456398149393308, -29.256358734131421 ], [ -71.456491736909783, -29.256391922167854 ], [ -71.456506382287216, -29.256449756136245 ], [ -71.45651082682204, -29.256635690107291 ], [ -71.456553685370167, -29.256762823578178 ], [ -71.456566952485247, -29.256762579644718 ], [ -71.456714326100609, -29.256829604233946 ], [ -71.456915881274099, -29.256942189228305 ], [ -71.456917268670423, -29.257000248893753 ], [ -71.456957338033618, -29.257011151276302 ], [ -71.457063916469338, -29.257032469775211 ], [ -71.45715472501962, -29.256949427108925 ], [ -71.457192846874662, -29.256878899670667 ], [ -71.457206113998353, -29.256878655672882 ], [ -71.457216594241672, -29.256762273638316 ], [ -71.457229026821054, -29.256727136327832 ], [ -71.457254066082228, -29.256668572605282 ], [ -71.457266777919145, -29.256645069382753 ], [ -71.457318721950045, -29.256597557133773 ], [ -71.457370853057228, -29.256561782592165 ], [ -71.457687236351404, -29.256486127844614 ], [ -71.457713484341866, -29.256474107734345 ], [ -71.457779252774031, -29.256449619468082 ], [ -71.457792135613587, -29.256437743258608 ], [ -71.457871449612796, -29.256424654919186 ], [ -71.45791058925802, -29.256400656451454 ], [ -71.457976360006171, -29.256376269086999 ], [ -71.458069102901149, -29.256374563785961 ], [ -71.458149979117451, -29.256431160997295 ], [ -71.45817734725793, -29.256465575141341 ], [ -71.458206381729042, -29.256569590978696 ], [ -71.45827315865543, -29.256591640805809 ], [ -71.458501237520807, -29.256703726319479 ], [ -71.458541028501429, -29.25670299412587 ], [ -71.458857413586941, -29.25662743852698 ], [ -71.458870124034036, -29.256603936094177 ], [ -71.458975865743753, -29.256590341786993 ], [ -71.459014450687178, -29.256543175812617 ], [ -71.459064726775452, -29.25642596926361 ], [ -71.459114619199497, -29.256297121519982 ], [ -71.459140031555947, -29.256250197958874 ], [ -71.45916600889457, -29.256226450415465 ], [ -71.459178718988724, -29.25620293804009 ], [ -71.459277626157274, -29.25620923757338 ], [ -71.45971020376426, -29.256251342581564 ], [ -71.459842468936145, -29.256237269236795 ], [ -71.459935756166502, -29.25625873813334 ], [ -71.460018228516248, -29.256246920115345 ], [ -71.460032631478313, -29.2562373612366 ], [ -71.460053642219378, -29.256198463575053 ], [ -71.460050581735445, -29.256070599524101 ], [ -71.460037056967877, -29.256059218350533 ], [ -71.460010246635477, -29.256048164784058 ], [ -71.459995308544833, -29.255978613551719 ], [ -71.459994475111785, -29.25594380416964 ], [ -71.46008110674812, -29.255686367390734 ], [ -71.460107929474717, -29.255697512735484 ], [ -71.460146319344005, -29.255638711741838 ], [ -71.460225526175677, -29.255625614087581 ], [ -71.460251492601287, -29.255601857527086 ], [ -71.460278315320963, -29.255613002837958 ], [ -71.460434214901881, -29.255482211662152 ], [ -71.460473460657099, -29.255458303442857 ], [ -71.460512032008296, -29.255411045307131 ], [ -71.46050785803348, -29.255236745964062 ], [ -71.460480883057599, -29.255213955264342 ], [ -71.460344435401538, -29.255053730882604 ], [ -71.460317633392037, -29.255042585197305 ], [ -71.46028998779876, -29.254996638431884 ], [ -71.460302419374273, -29.254961510820259 ], [ -71.460312903686528, -29.254845017628597 ], [ -71.460306782340666, -29.254589371617165 ], [ -71.460290176609817, -29.254450126777236 ], [ -71.460247132973777, -29.254311451730121 ], [ -71.46021727093553, -29.25417245095819 ], [ -71.460197765495423, -29.254036214844959 ], [ -71.46030942502901, -29.253857612101452 ], [ -71.46029733652496, -29.25376979270106 ], [ -71.460348192139605, -29.253650948540276 ], [ -71.460406364714117, -29.253561826358947 ], [ -71.459963639053484, -29.253315751835608 ], [ -71.459405377094484, -29.253590191595897 ], [ -71.458195935682724, -29.253806109630823 ], [ -71.455810233192778, -29.253317395112514 ], [ -71.454589215399068, -29.253049336197492 ], [ -71.454458331026188, -29.254504219241721 ], [ -71.455820952983615, -29.255787371170801 ] ] ] ] } },
{ "type": "Feature", "properties": { "fid": 25, "OBJECTID_1": 218, "OBJECTID": 229, "NOM_COM": "LA HIGUERA", "PROVINCIA": "ELQUI", "Z_COMUNAL": "ZONA PORTUARIA", "USO": "AREA FONDEO", "REGIONAL": "AREAS PORTUARIAS", "Shape_Leng": 2102.2103923200002, "LEYENDA": "AREA FONDEO", "Shape__Area": 348164.39038085938, "Shape__Length": 2102.1483494743447, "Nota": "La Zonificación de Uso del Borde Costero de la Región de Coquimbo, constituye un instrumento aún vigente, y que declara áreas con orientaciones de usos específicos, en el borde costero regional. Por lo tanto, se sugiere su uso de acuerdo a la microzonificación según se señala en todas las publicaciones, y que fué aprobada mediante Decreto Supremo Nº 518 Zonificación de Coquimbo, 12 de diciembre de 2005.", "Origen Dato": "https://gorecoquimbo.maps.arcgis.com/apps/CompareAnalysis/index.html?appid=b4f178d41fb24ab8a871596de568a2f7", "Mapa Completo": "https://www.gorecoquimbo.cl/gorecoquimbo/site/artic/20150722/asocfile/20150722092144/comunal.jpg", "Link Memoria": "https://www.gorecoquimbo.cl/gorecoquimbo/site/artic/20150722/asocfile/20150722091730/memoria_explicativa_zonifi.pdf" }, "geometry": { "type": "MultiPolygon", "coordinates": [ [ [ [ -71.323381667332669, -29.484461678245268 ], [ -71.323518141057832, -29.484823841948927 ], [ -71.32415886376414, -29.485469870829284 ], [ -71.324920568588624, -29.485931217437489 ], [ -71.325845814690595, -29.486243642519909 ], [ -71.326846978658921, -29.486226128894533 ], [ -71.327845648116664, -29.48609912022031 ], [ -71.328043412806764, -29.485991854487818 ], [ -71.328958600188074, -29.485495442955873 ], [ -71.329566787886137, -29.484718025608256 ], [ -71.329922176634923, -29.483835514111725 ], [ -71.329983887786312, -29.48288512185027 ], [ -71.329671008187177, -29.481977790353067 ], [ -71.32894267519319, -29.481150766405651 ], [ -71.328263583475433, -29.480651488521975 ], [ -71.327721586618026, -29.480439797449353 ], [ -71.327547785169955, -29.480371921789473 ], [ -71.326628437872031, -29.480314983012217 ], [ -71.325835879091755, -29.480328844680933 ], [ -71.324677087585826, -29.480750731407003 ], [ -71.323814427317103, -29.481350008640881 ], [ -71.323289649458687, -29.482125933735002 ], [ -71.323059353773388, -29.483006255206686 ], [ -71.323162769480362, -29.483880736808178 ], [ -71.323381667332669, -29.484461678245268 ] ] ] ] } },
{ "type": "Feature", "properties": { "fid": 26, "OBJECTID_1": 207, "OBJECTID": 218, "NOM_COM": "LA HIGUERA", "PROVINCIA": "ELQUI", "Z_COMUNAL": "ZONA PREFERENTEMENTE TURISTICA", "USO": " ", "REGIONAL": "AREAS PARA ACTIVIDADES INDUSTRIALES, ECONOMICAS Y DE DESARROLLO", "Shape_Leng": 2380.61024761, "LEYENDA": "ZONA MULTIPLES RECREACIONAL", "Shape__Area": 301424.14538574219, "Shape__Length": 2380.5401479891943, "Nota": "La Zonificación de Uso del Borde Costero de la Región de Coquimbo, constituye un instrumento aún vigente, y que declara áreas con orientaciones de usos específicos, en el borde costero regional. Por lo tanto, se sugiere su uso de acuerdo a la microzonificación según se señala en todas las publicaciones, y que fué aprobada mediante Decreto Supremo Nº 518 Zonificación de Coquimbo, 12 de diciembre de 2005.", "Origen Dato": "https://gorecoquimbo.maps.arcgis.com/apps/CompareAnalysis/index.html?appid=b4f178d41fb24ab8a871596de568a2f7", "Mapa Completo": "https://www.gorecoquimbo.cl/gorecoquimbo/site/artic/20150722/asocfile/20150722092144/comunal.jpg", "Link Memoria": "https://www.gorecoquimbo.cl/gorecoquimbo/site/artic/20150722/asocfile/20150722091730/memoria_explicativa_zonifi.pdf" }, "geometry": { "type": "MultiPolygon", "coordinates": [ [ [ [ -71.318038715560078, -29.462407277827939 ], [ -71.318173126429116, -29.46247468106127 ], [ -71.318281221793413, -29.462554164222112 ], [ -71.318308066537867, -29.462565335975395 ], [ -71.318297162015739, -29.462670179955992 ], [ -71.318273216543346, -29.462786882609169 ], [ -71.318314412159296, -29.462844260517763 ], [ -71.318327972096583, -29.462855663764952 ], [ -71.318354722123615, -29.462866837155786 ], [ -71.31846308281871, -29.462957955063594 ], [ -71.318505338712257, -29.463061872600377 ], [ -71.318506660252595, -29.463119946244081 ], [ -71.318467579168058, -29.463155545958223 ], [ -71.318441885778071, -29.463190810409994 ], [ -71.318339078525696, -29.463343805110561 ], [ -71.318315143303508, -29.463460507586909 ], [ -71.318264615550333, -29.463577589562355 ], [ -71.318226687552155, -29.46365970834869 ], [ -71.31817430877237, -29.463695447687389 ], [ -71.318174838245497, -29.463718717548492 ], [ -71.318136114041792, -29.463765848557298 ], [ -71.318096504161446, -29.463778178299965 ], [ -71.318046771048969, -29.463930247986244 ], [ -71.318062700844237, -29.464046255792471 ], [ -71.318105229609614, -29.464161707188538 ], [ -71.318106288545053, -29.464208246909696 ], [ -71.31806719536047, -29.464243836809143 ], [ -71.318041671521641, -29.464290738685254 ], [ -71.31793886179608, -29.464443650164 ], [ -71.317875144770213, -29.464561044816492 ], [ -71.317837913367228, -29.464677977981783 ], [ -71.317824977443564, -29.46468984290944 ], [ -71.317826033975933, -29.46473628163535 ], [ -71.317706765368385, -29.464749998250717 ], [ -71.317692677956614, -29.464715417972325 ], [ -71.317559850254455, -29.46471773113759 ], [ -71.317506943453367, -29.464730292365346 ], [ -71.317494281395781, -29.464753700017194 ], [ -71.317246932340709, -29.464978947219624 ], [ -71.317142004748689, -29.465038870680281 ], [ -71.317142269381819, -29.465050505617015 ], [ -71.317036032197208, -29.465052356019378 ], [ -71.316930313916004, -29.465077476393429 ], [ -71.31653181680727, -29.465084415305903 ], [ -71.316439668499626, -29.465120929521408 ], [ -71.316374352146894, -29.465168532120828 ], [ -71.316270757614475, -29.465286620432458 ], [ -71.31625746208401, -29.465286851927981 ], [ -71.31626010390741, -29.465403091362045 ], [ -71.316301036291449, -29.465448843934947 ], [ -71.31631581358188, -29.465518405884978 ], [ -71.31633227805429, -29.465657590806085 ], [ -71.316334656689662, -29.465762204285369 ], [ -71.316308964029517, -29.465797560371659 ], [ -71.316258432946839, -29.465914641736678 ], [ -71.31618062600802, -29.465997455265466 ], [ -71.316154826240506, -29.46603273019209 ], [ -71.316117592430203, -29.466149663891262 ], [ -71.316120235401911, -29.466265911419985 ], [ -71.316136173879229, -29.466381919340439 ], [ -71.316139342639062, -29.46652133576551 ], [ -71.316129218832145, -29.466661075644847 ], [ -71.316105373440934, -29.466777692333796 ], [ -71.315977827245518, -29.467012482002595 ], [ -71.315979412080523, -29.467082190658676 ], [ -71.316032754564105, -29.467092901501008 ], [ -71.316046579392705, -29.467115939899426 ], [ -71.316207047474649, -29.46715960311095 ], [ -71.316475787096181, -29.467294488090573 ], [ -71.316875877276303, -29.46735725659941 ], [ -71.317008878296974, -29.467366579612335 ], [ -71.317101928245918, -29.467364958845785 ], [ -71.317061723623524, -29.467827463553906 ], [ -71.317061442110585, -29.467923726083178 ], [ -71.317041096982905, -29.467970924613912 ], [ -71.320167778766759, -29.468193065741751 ], [ -71.320758541255231, -29.467325129693162 ], [ -71.32114915450623, -29.466840281039673 ], [ -71.322012925204703, -29.46596757779831 ], [ -71.322276328812833, -29.465541203625421 ], [ -71.322896936166117, -29.464574320826209 ], [ -71.322917201187494, -29.464053762773499 ], [ -71.322845353009612, -29.462311626379382 ], [ -71.318038715560078, -29.462407277827939 ] ] ] ] } },
{ "type": "Feature", "properties": { "fid": 27, "OBJECTID_1": 22, "OBJECTID": 22, "NOM_COM": "LA HIGUERA", "PROVINCIA": "ELQUI", "Z_COMUNAL": "ZONA DE CONSERVACION DEL PATRIMONIO CULTURAL Y ARQ", "USO": "PATRIMONIO ARQUEOLOGICO COSTERO", "REGIONAL": "AREAS PROTEGIDAS", "Shape_Leng": 2529.0771456900002, "LEYENDA": "PATRIMONIO ARQUEOLOGICO COSTERO", "Shape__Area": 354587.7294921875, "Shape__Length": 2529.0028496907598, "Nota": "La Zonificación de Uso del Borde Costero de la Región de Coquimbo, constituye un instrumento aún vigente, y que declara áreas con orientaciones de usos específicos, en el borde costero regional. Por lo tanto, se sugiere su uso de acuerdo a la microzonificación según se señala en todas las publicaciones, y que fué aprobada mediante Decreto Supremo Nº 518 Zonificación de Coquimbo, 12 de diciembre de 2005.", "Origen Dato": "https://gorecoquimbo.maps.arcgis.com/apps/CompareAnalysis/index.html?appid=b4f178d41fb24ab8a871596de568a2f7", "Mapa Completo": "https://www.gorecoquimbo.cl/gorecoquimbo/site/artic/20150722/asocfile/20150722092144/comunal.jpg", "Link Memoria": "https://www.gorecoquimbo.cl/gorecoquimbo/site/artic/20150722/asocfile/20150722091730/memoria_explicativa_zonifi.pdf" }, "geometry": { "type": "MultiPolygon", "coordinates": [ [ [ [ -71.336961590464952, -29.319034794338659 ], [ -71.343731037373985, -29.323271732686923 ], [ -71.346607514411801, -29.320574103752378 ], [ -71.339468151689545, -29.315766241511245 ], [ -71.336961590464952, -29.319034794338659 ] ] ] ] } },
{ "type": "Feature", "properties": { "fid": 28, "OBJECTID_1": 188, "OBJECTID": 199, "NOM_COM": "LA HIGUERA", "PROVINCIA": "ELQUI", "Z_COMUNAL": "ZONA AAA", "USO": "AREAS APROPIADAS PARA LA ACUICULTURA (AAA)", "REGIONAL": "AREAS PARA ACTIVIDADES INDUSTRIALES, ECONOMICAS Y DE DESARROLLO", "Shape_Leng": 2669.40190992, "LEYENDA": "AREAS APROPIADAS PARA LA ACUICULTURA (AAA)", "Shape__Area": 317135.46081542969, "Shape__Length": 2669.323440450451, "Nota": "La Zonificación de Uso del Borde Costero de la Región de Coquimbo, constituye un instrumento aún vigente, y que declara áreas con orientaciones de usos específicos, en el borde costero regional. Por lo tanto, se sugiere su uso de acuerdo a la microzonificación según se señala en todas las publicaciones, y que fué aprobada mediante Decreto Supremo Nº 518 Zonificación de Coquimbo, 12 de diciembre de 2005.", "Origen Dato": "https://gorecoquimbo.maps.arcgis.com/apps/CompareAnalysis/index.html?appid=b4f178d41fb24ab8a871596de568a2f7", "Mapa Completo": "https://www.gorecoquimbo.cl/gorecoquimbo/site/artic/20150722/asocfile/20150722092144/comunal.jpg", "Link Memoria": "https://www.gorecoquimbo.cl/gorecoquimbo/site/artic/20150722/asocfile/20150722091730/memoria_explicativa_zonifi.pdf" }, "geometry": { "type": "MultiPolygon", "coordinates": [ [ [ [ -71.4555709481576, -29.26303610529061 ], [ -71.452711188836943, -29.262197141261236 ], [ -71.451226193878881, -29.261671049151289 ], [ -71.448929365909322, -29.260913891118793 ], [ -71.448871567845742, -29.269817236977769 ], [ -71.4555709481576, -29.26303610529061 ] ] ] ] } },
{ "type": "Feature", "properties": { "fid": 29, "OBJECTID_1": 36, "OBJECTID": 36, "NOM_COM": "LA HIGUERA", "PROVINCIA": "ELQUI", "Z_COMUNAL": "ZONA DE CONSERVACION DE LA NATURALEZA", "USO": "RESTRICCION ECOLOGICA ACUATICA", "REGIONAL": "AREAS PROTEGIDAS", "Shape_Leng": 2719.5205202900001, "LEYENDA": "RESTRICCION ECOLOGICA", "Shape__Area": 314756.92626953125, "Shape__Length": 2719.4401933135614, "Nota": "La Zonificación de Uso del Borde Costero de la Región de Coquimbo, constituye un instrumento aún vigente, y que declara áreas con orientaciones de usos específicos, en el borde costero regional. Por lo tanto, se sugiere su uso de acuerdo a la microzonificación según se señala en todas las publicaciones, y que fué aprobada mediante Decreto Supremo Nº 518 Zonificación de Coquimbo, 12 de diciembre de 2005.", "Origen Dato": "https://gorecoquimbo.maps.arcgis.com/apps/CompareAnalysis/index.html?appid=b4f178d41fb24ab8a871596de568a2f7", "Mapa Completo": "https://www.gorecoquimbo.cl/gorecoquimbo/site/artic/20150722/asocfile/20150722092144/comunal.jpg", "Link Memoria": "https://www.gorecoquimbo.cl/gorecoquimbo/site/artic/20150722/asocfile/20150722091730/memoria_explicativa_zonifi.pdf" }, "geometry": { "type": "MultiPolygon", "coordinates": [ [ [ [ -71.305715026204751, -29.477481737045945 ], [ -71.306131561728662, -29.47841181746843 ], [ -71.307861105882282, -29.479614496512212 ], [ -71.309955200936528, -29.480066073154148 ], [ -71.310864402998433, -29.479362196384653 ], [ -71.310528326314156, -29.479222420325708 ], [ -71.310420743664366, -29.479166100613128 ], [ -71.310312803362208, -29.479098239486358 ], [ -71.310204479807894, -29.479018570350782 ], [ -71.31005601855064, -29.478905039598878 ], [ -71.309920534577529, -29.478791107349579 ], [ -71.309824934723011, -29.478676575171807 ], [ -71.309728805137425, -29.478538680980147 ], [ -71.309645869055387, -29.478400649602062 ], [ -71.30958962152333, -29.478262061768703 ], [ -71.309500463438951, -29.477845009924128 ], [ -71.309444123750168, -29.477706516522574 ], [ -71.309361292869156, -29.477568391066399 ], [ -71.309318239388929, -29.477429666891521 ], [ -71.30929134316338, -29.47742986596695 ], [ -71.309012356037371, -29.47683035653559 ], [ -71.30898312686962, -29.476714569388314 ], [ -71.308967204352925, -29.476598561141643 ], [ -71.308924785694785, -29.476483104894836 ], [ -71.308908852767999, -29.476367086891013 ], [ -71.3088663363569, -29.476251540293632 ], [ -71.308850404786412, -29.47613553127357 ], [ -71.308847243749966, -29.475996115250624 ], [ -71.308830783629915, -29.475856836266217 ], [ -71.308854206251965, -29.475716957856609 ], [ -71.308851044188799, -29.475577448922294 ], [ -71.308861705641107, -29.475460979148693 ], [ -71.308859069941221, -29.475344730281776 ], [ -71.308843140700489, -29.475228814123227 ], [ -71.308840505271576, -29.475112575170492 ], [ -71.308811286204715, -29.474996787759373 ], [ -71.308795460136878, -29.474880777775471 ], [ -71.308752936167991, -29.474765314221454 ], [ -71.308737004048552, -29.474649305162139 ], [ -71.308694489715833, -29.474533758414712 ], [ -71.308664839564557, -29.474394709219879 ], [ -71.308661678985501, -29.474255292240411 ], [ -71.308672340604431, -29.474138821554671 ], [ -71.308772265454834, -29.473858051361084 ], [ -71.30886259175206, -29.473740198701641 ], [ -71.30928128839119, -29.473453895169737 ], [ -71.309386491957255, -29.473405602341188 ], [ -71.309596360144667, -29.473285674498072 ], [ -71.309701034780957, -29.473214028486037 ], [ -71.309806227578463, -29.473165735527022 ], [ -71.310015566938546, -29.473022537108235 ], [ -71.310225446958597, -29.47290269923359 ], [ -71.310330637284338, -29.472854322923325 ], [ -71.310388729076621, -29.472814589910683 ], [ -71.30972302028033, -29.472417277354516 ], [ -71.309359443818622, -29.472051539115014 ], [ -71.30795199727109, -29.470635722270906 ], [ -71.307041544748472, -29.471349206434425 ], [ -71.306622681224241, -29.471884454970859 ], [ -71.306077559802134, -29.472553880908318 ], [ -71.305620719346081, -29.473316064021081 ], [ -71.30546246931867, -29.47394107281395 ], [ -71.30535029306921, -29.474697281427765 ], [ -71.305383999862102, -29.476186371392537 ], [ -71.305461002751755, -29.476731876726181 ], [ -71.305715026204751, -29.477481737045945 ] ] ] ] } },
{ "type": "Feature", "properties": { "fid": 30, "OBJECTID_1": 23, "OBJECTID": 23, "NOM_COM": "LA HIGUERA", "PROVINCIA": "ELQUI", "Z_COMUNAL": "ZONA DE CONSERVACION DEL PATRIMONIO CULTURAL Y ARQ", "USO": "PATRIMONIO ARQUEOLOGICO COSTERO", "REGIONAL": "AREAS PROTEGIDAS", "Shape_Leng": 2755.4981049799999, "LEYENDA": "PATRIMONIO ARQUEOLOGICO COSTERO", "Shape__Area": 471301.07092285156, "Shape__Length": 2755.4171763547893, "Nota": "La Zonificación de Uso del Borde Costero de la Región de Coquimbo, constituye un instrumento aún vigente, y que declara áreas con orientaciones de usos específicos, en el borde costero regional. Por lo tanto, se sugiere su uso de acuerdo a la microzonificación según se señala en todas las publicaciones, y que fué aprobada mediante Decreto Supremo Nº 518 Zonificación de Coquimbo, 12 de diciembre de 2005.", "Origen Dato": "https://gorecoquimbo.maps.arcgis.com/apps/CompareAnalysis/index.html?appid=b4f178d41fb24ab8a871596de568a2f7", "Mapa Completo": "https://www.gorecoquimbo.cl/gorecoquimbo/site/artic/20150722/asocfile/20150722092144/comunal.jpg", "Link Memoria": "https://www.gorecoquimbo.cl/gorecoquimbo/site/artic/20150722/asocfile/20150722091730/memoria_explicativa_zonifi.pdf" }, "geometry": { "type": "MultiPolygon", "coordinates": [ [ [ [ -71.323252617427983, -29.337013491114316 ], [ -71.329178733102808, -29.340971033126987 ], [ -71.333052575046437, -29.335827243305438 ], [ -71.326451431089794, -29.332370450681928 ], [ -71.323252617427983, -29.337013491114316 ] ] ] ] } },
{ "type": "Feature", "properties": { "fid": 31, "OBJECTID_1": 32, "OBJECTID": 32, "NOM_COM": "LA HIGUERA", "PROVINCIA": "ELQUI", "Z_COMUNAL": "ZONA INDUSTRIAL", "USO": "INDUSTRIAL BAJO IMPACTO", "REGIONAL": "AREAS PARA ACTIVIDADES INDUSTRIALES, ECONOMICAS Y DE DESARROLLO", "Shape_Leng": 2781.9284233399999, "LEYENDA": "ZONA DE USO VARIABLE", "Shape__Area": 163678.27209472656, "Shape__Length": 2781.8464760828338, "Nota": "La Zonificación de Uso del Borde Costero de la Región de Coquimbo, constituye un instrumento aún vigente, y que declara áreas con orientaciones de usos específicos, en el borde costero regional. Por lo tanto, se sugiere su uso de acuerdo a la microzonificación según se señala en todas las publicaciones, y que fué aprobada mediante Decreto Supremo Nº 518 Zonificación de Coquimbo, 12 de diciembre de 2005.", "Origen Dato": "https://gorecoquimbo.maps.arcgis.com/apps/CompareAnalysis/index.html?appid=b4f178d41fb24ab8a871596de568a2f7", "Mapa Completo": "https://www.gorecoquimbo.cl/gorecoquimbo/site/artic/20150722/asocfile/20150722092144/comunal.jpg", "Link Memoria": "https://www.gorecoquimbo.cl/gorecoquimbo/site/artic/20150722/asocfile/20150722091730/memoria_explicativa_zonifi.pdf" }, "geometry": { "type": "MultiPolygon", "coordinates": [ [ [ [ -71.315906282727809, -29.448492812550896 ], [ -71.315863814247791, -29.448551028669694 ], [ -71.315851154606136, -29.448574528128965 ], [ -71.315734017273087, -29.448681211760587 ], [ -71.315641607645787, -29.448706098946367 ], [ -71.315549619112176, -29.448754155952695 ], [ -71.315362700209647, -29.448710951866815 ], [ -71.3152288250715, -29.448666731762021 ], [ -71.315175239519988, -29.448644383956392 ], [ -71.314988731681012, -29.448624441413852 ], [ -71.314726124398049, -29.448756850855389 ], [ -71.314660724245556, -29.448804537705755 ], [ -71.314596473387368, -29.44889866993713 ], [ -71.314557657806631, -29.448945801430948 ], [ -71.314545261771315, -29.448980926752046 ], [ -71.31453434352521, -29.44908577183401 ], [ -71.314561615691304, -29.449120123316746 ], [ -71.314724441932427, -29.449268486659687 ], [ -71.314791585164983, -29.449302228462393 ], [ -71.314845275015685, -29.449324481675113 ], [ -71.315004575032134, -29.449321710550254 ], [ -71.315243088785294, -29.449294374862792 ], [ -71.315416029032932, -29.4493029225114 ], [ -71.315417878493946, -29.449384349324284 ], [ -71.315365505612363, -29.449420086376954 ], [ -71.315301529436752, -29.449525844708262 ], [ -71.315293841007545, -29.449623234166314 ], [ -71.314885368168717, -29.450354405640191 ], [ -71.314726104444077, -29.450544822067361 ], [ -71.31463473976514, -29.451791468941174 ], [ -71.313836527115654, -29.451778652618053 ], [ -71.3138119100133, -29.449976485574151 ], [ -71.313820614905353, -29.449642443651573 ], [ -71.313536994254974, -29.449626275221892 ], [ -71.313444582936384, -29.449651151936031 ], [ -71.31331283037558, -29.449699990754887 ], [ -71.313180546755532, -29.449725477411825 ], [ -71.313048002176458, -29.449739420908951 ], [ -71.312915288337052, -29.449741726728284 ], [ -71.312782743681822, -29.449755669964155 ], [ -71.312517114998172, -29.44976028533749 ], [ -71.31238456920579, -29.449774228198656 ], [ -71.312225014582893, -29.449765361044431 ], [ -71.312224486972426, -29.449742100054465 ], [ -71.31212865014875, -29.449615923702915 ], [ -71.312099690569525, -29.449511780613935 ], [ -71.312072323215219, -29.449477337332244 ], [ -71.312029647600227, -29.449350154247234 ], [ -71.312002007395463, -29.449304177138469 ], [ -71.311961874395834, -29.449293234797381 ], [ -71.31192121284279, -29.449259031464937 ], [ -71.311887705067235, -29.449259613591803 ], [ -71.311800343991621, -29.449692000046593 ], [ -71.311604326072725, -29.450052842232999 ], [ -71.311296887683071, -29.450645390879629 ], [ -71.310555520378642, -29.45139866352315 ], [ -71.31044813745666, -29.451809022575421 ], [ -71.311512344118853, -29.452428818110153 ], [ -71.31296028472282, -29.453246182494361 ], [ -71.313271137545797, -29.453416815039073 ], [ -71.313421439848227, -29.453314027819605 ], [ -71.31357784470957, -29.453183384107572 ], [ -71.313852808425651, -29.45300421237425 ], [ -71.313931137328453, -29.452944754352682 ], [ -71.314061576000626, -29.452837831777952 ], [ -71.314074869928447, -29.4528376005903 ], [ -71.314176345527358, -29.452626535461413 ], [ -71.314201509927472, -29.452568010900038 ], [ -71.314227833339018, -29.452555904498745 ], [ -71.314226248549716, -29.452486103620767 ], [ -71.31429128296989, -29.452426876616382 ], [ -71.31430484101557, -29.452438280390872 ], [ -71.314462923137967, -29.452377434979017 ], [ -71.31458164855961, -29.452340451175573 ], [ -71.314674061936913, -29.452315573562121 ], [ -71.31474015055133, -29.45230278436993 ], [ -71.314819377003275, -29.452278219948315 ], [ -71.315014592841635, -29.452100350222238 ], [ -71.31505277466168, -29.452029950454325 ], [ -71.315079098030338, -29.452017852914729 ], [ -71.315072499779632, -29.451727291400285 ], [ -71.315095382053869, -29.451564142242809 ], [ -71.315173456407848, -29.451493057421931 ], [ -71.315212270262677, -29.4514458238244 ], [ -71.315251348578073, -29.451410235113126 ], [ -71.315289805387948, -29.45135146015263 ], [ -71.315316382529204, -29.451350997731137 ], [ -71.315474461290052, -29.451290151251015 ], [ -71.315792095721321, -29.451238075513796 ], [ -71.316097502609978, -29.45123276111314 ], [ -71.316162790206889, -29.451185167515384 ], [ -71.316295081921254, -29.451159585689396 ], [ -71.316359586517549, -29.45107708782151 ], [ -71.316448406339291, -29.450889521492439 ], [ -71.316483946026892, -29.450702872692197 ], [ -71.316639117922421, -29.450514150285379 ], [ -71.316714538128167, -29.450326817074476 ], [ -71.316895132250309, -29.450091093532858 ], [ -71.316921180344309, -29.450067369897393 ], [ -71.316960005270928, -29.450020228560128 ], [ -71.316959212124971, -29.449985332684491 ], [ -71.317011741928212, -29.449961138930774 ], [ -71.316997128449628, -29.4499032974724 ], [ -71.316982777104528, -29.449856988170964 ], [ -71.316969073438273, -29.449834049574026 ], [ -71.316914577185443, -29.449776800560947 ], [ -71.316661187390139, -29.44973475478939 ], [ -71.31656825962601, -29.449736372522104 ], [ -71.316527162435847, -29.449678899107216 ], [ -71.316549418753937, -29.449492490536663 ], [ -71.316559005981802, -29.449329572625931 ], [ -71.316528310041718, -29.44914408583081 ], [ -71.316551346064827, -29.448992490376042 ], [ -71.316643228984276, -29.448944425504031 ], [ -71.316710224579055, -29.448966529321041 ], [ -71.316869238995409, -29.448952130405075 ], [ -71.316893977082827, -29.448870324657157 ], [ -71.316933063929596, -29.448834725426213 ], [ -71.316969658134994, -29.448694533433404 ], [ -71.316995178882536, -29.448647622831313 ], [ -71.317021501147735, -29.448635524962093 ], [ -71.317018332458773, -29.44849610826757 ], [ -71.317004774685358, -29.448484704751433 ], [ -71.316976877379545, -29.44842700163375 ], [ -71.316935518230054, -29.448357986235827 ], [ -71.316921442136959, -29.448323321612566 ], [ -71.316853392378988, -29.448254769970902 ], [ -71.31685075071384, -29.448138531206055 ], [ -71.316873640026387, -29.447975381682614 ], [ -71.316870208238285, -29.447824329972658 ], [ -71.316803064371058, -29.447790589214875 ], [ -71.316629585746625, -29.447758690505804 ], [ -71.316630114523932, -29.447781960448093 ], [ -71.316577321322939, -29.447794519030207 ], [ -71.316564281928819, -29.44780637566307 ], [ -71.316341970836703, -29.447961356824724 ], [ -71.316173625230633, -29.448150316223366 ], [ -71.316018455721363, -29.448339037998537 ], [ -71.315906282727809, -29.448492812550896 ] ] ] ] } },
{ "type": "Feature", "properties": { "fid": 32, "OBJECTID_1": 217, "OBJECTID": 228, "NOM_COM": "LA HIGUERA", "PROVINCIA": "ELQUI", "Z_COMUNAL": "ZONA AAA", "USO": "ZONA MULTIPLES RECREACIONAL", "REGIONAL": "AREAS PARA ACTIVIDADES INDUSTRIALES, ECONOMICAS Y DE DESARROLLO", "Shape_Leng": 2880.5141672899999, "LEYENDA": "AREAS APROPIADAS PARA LA ACUICULTURA (AAA)", "Shape__Area": 297656.50415039062, "Shape__Length": 2880.4291765206394, "Nota": "La Zonificación de Uso del Borde Costero de la Región de Coquimbo, constituye un instrumento aún vigente, y que declara áreas con orientaciones de usos específicos, en el borde costero regional. Por lo tanto, se sugiere su uso de acuerdo a la microzonificación según se señala en todas las publicaciones, y que fué aprobada mediante Decreto Supremo Nº 518 Zonificación de Coquimbo, 12 de diciembre de 2005.", "Origen Dato": "https://gorecoquimbo.maps.arcgis.com/apps/CompareAnalysis/index.html?appid=b4f178d41fb24ab8a871596de568a2f7", "Mapa Completo": "https://www.gorecoquimbo.cl/gorecoquimbo/site/artic/20150722/asocfile/20150722092144/comunal.jpg", "Link Memoria": "https://www.gorecoquimbo.cl/gorecoquimbo/site/artic/20150722/asocfile/20150722091730/memoria_explicativa_zonifi.pdf" }, "geometry": { "type": "MultiPolygon", "coordinates": [ [ [ [ -71.310666393431305, -29.472629584309018 ], [ -71.311567695230579, -29.473028201660252 ], [ -71.315725554094314, -29.474649625959067 ], [ -71.316745630520757, -29.472828850530803 ], [ -71.317644562129473, -29.471174103296594 ], [ -71.318618314948566, -29.470064402723239 ], [ -71.320167778766759, -29.468193065741751 ], [ -71.317041096982905, -29.467970924613912 ], [ -71.31703617341222, -29.467982354011323 ], [ -71.317010489969377, -29.468017627979112 ], [ -71.316958364821872, -29.468065085040692 ], [ -71.316918752107654, -29.468077414542471 ], [ -71.316840942298796, -29.46816014462738 ], [ -71.316738919637501, -29.468347942193621 ], [ -71.31672563401743, -29.468348173578217 ], [ -71.316660580254819, -29.46840740231988 ], [ -71.316501684986221, -29.468433448577269 ], [ -71.316422025780966, -29.46843483487363 ], [ -71.316342101186891, -29.468424596122631 ], [ -71.316288136131206, -29.468390710106178 ], [ -71.316234804253583, -29.468379998307753 ], [ -71.316154245507747, -29.468346492294579 ], [ -71.316020714116036, -29.468313897711329 ], [ -71.315887619153543, -29.468304667407285 ], [ -71.315848004104438, -29.46831690461882 ], [ -71.315755577033073, -29.468341792790472 ], [ -71.315676446880715, -29.468366449424241 ], [ -71.315663415217543, -29.468378305905684 ], [ -71.315637087835697, -29.468390403761372 ], [ -71.315597739302561, -29.468414367828121 ], [ -71.315440004360894, -29.468486848877294 ], [ -71.315282691957393, -29.468582601490176 ], [ -71.315124956533055, -29.468655083092155 ], [ -71.315059544445973, -29.468702769795165 ], [ -71.314968172202825, -29.468774096238782 ], [ -71.314902864019302, -29.468821689041835 ], [ -71.314759639797401, -29.468952114548969 ], [ -71.314668266892625, -29.469023430887976 ], [ -71.314484995498958, -29.469142904396318 ], [ -71.31447222819375, -29.469166405643996 ], [ -71.314020646826336, -29.46917427026753 ], [ -71.31396800132147, -29.469198456167266 ], [ -71.313928481501037, -29.469210691169664 ], [ -71.313639125056426, -29.469343647557423 ], [ -71.313521264131154, -29.469415433780402 ], [ -71.313416607430028, -29.469487081379256 ], [ -71.31332539239996, -29.469570042673787 ], [ -71.313133517619278, -29.470077409558137 ], [ -71.313139917146415, -29.470177888139233 ], [ -71.313127675575799, -29.470224558198961 ], [ -71.313117546786955, -29.470364307059587 ], [ -71.313119129676863, -29.47043400680381 ], [ -71.313146514845073, -29.470468449245917 ], [ -71.31316033744541, -29.470491395059529 ], [ -71.313177592469174, -29.470665476310856 ], [ -71.313166935061204, -29.470781946228573 ], [ -71.313208925260454, -29.470874231397598 ], [ -71.313235675938699, -29.470885405739576 ], [ -71.313250555446146, -29.470954883256351 ], [ -71.313290962549047, -29.47097745964151 ], [ -71.313318083466655, -29.471000258058677 ], [ -71.313345363522686, -29.471034692353527 ], [ -71.313465165941409, -29.471044166194293 ], [ -71.313477935779957, -29.471020757006904 ], [ -71.313544406996087, -29.471019600879735 ], [ -71.313557174723798, -29.470996099702756 ], [ -71.31359641858738, -29.470972138014037 ], [ -71.313609450795838, -29.470960280806374 ], [ -71.313740978890053, -29.470899888153451 ], [ -71.313874079311404, -29.470909212411708 ], [ -71.313901357656462, -29.470943564520613 ], [ -71.313941500553483, -29.470954505747557 ], [ -71.313969150270566, -29.471000573929434 ], [ -71.314023538418425, -29.471057724476097 ], [ -71.314063691677461, -29.471068665483497 ], [ -71.31452579274783, -29.471174019502001 ], [ -71.314532736903473, -29.471479640240997 ], [ -71.314419062536075, -29.471504352409834 ], [ -71.314406557237888, -29.471539395723713 ], [ -71.314367471406257, -29.471574985428465 ], [ -71.314354175037494, -29.471575216778579 ], [ -71.314341153357987, -29.471587082896452 ], [ -71.314262271284733, -29.47162328199709 ], [ -71.314156291374417, -29.471636764522206 ], [ -71.313943781172583, -29.471640461600462 ], [ -71.313757345368515, -29.471620425676228 ], [ -71.313570267898569, -29.47157722258558 ], [ -71.313384086195455, -29.471568820360687 ], [ -71.313198443336944, -29.471583688511533 ], [ -71.313145268118106, -29.471584613257885 ], [ -71.313145796408079, -29.471607874156376 ], [ -71.313040068143238, -29.4716328989537 ], [ -71.313013844716195, -29.471644994519487 ], [ -71.312908921247683, -29.471705007783374 ], [ -71.312804248416796, -29.471776563243651 ], [ -71.312699734517494, -29.471859755417977 ], [ -71.312608896493501, -29.47195434929673 ], [ -71.312505280753555, -29.47207243626054 ], [ -71.312401135593504, -29.472167261362227 ], [ -71.312296736388035, -29.472250451248438 ], [ -71.312230898555015, -29.472274865862115 ], [ -71.312205097811642, -29.472310223118537 ], [ -71.312178504841413, -29.472310685395804 ], [ -71.312152817632381, -29.472345958573548 ], [ -71.312073048994648, -29.472347345180477 ], [ -71.312020507738524, -29.472371537586039 ], [ -71.311967585879771, -29.472384097029803 ], [ -71.311862383449764, -29.472432381881756 ], [ -71.311756402270603, -29.472445863457057 ], [ -71.311357981039521, -29.472452786603078 ], [ -71.311172484686807, -29.472479289005069 ], [ -71.310855317798698, -29.472554534190763 ], [ -71.31074984242484, -29.472591276287549 ], [ -71.310666393431305, -29.472629584309018 ] ] ] ] } },
{ "type": "Feature", "properties": { "fid": 33, "OBJECTID_1": 192, "OBJECTID": 203, "NOM_COM": "LA HIGUERA", "PROVINCIA": "ELQUI", "Z_COMUNAL": "ZONA PORTUARIA", "USO": "AREA FONDEO", "REGIONAL": "AREAS PORTUARIAS", "Shape_Leng": 2904.6987884199998, "LEYENDA": "AREA FONDEO", "Shape__Area": 663406.38952636719, "Shape__Length": 2904.6137014642882, "Nota": "La Zonificación de Uso del Borde Costero de la Región de Coquimbo, constituye un instrumento aún vigente, y que declara áreas con orientaciones de usos específicos, en el borde costero regional. Por lo tanto, se sugiere su uso de acuerdo a la microzonificación según se señala en todas las publicaciones, y que fué aprobada mediante Decreto Supremo Nº 518 Zonificación de Coquimbo, 12 de diciembre de 2005.", "Origen Dato": "https://gorecoquimbo.maps.arcgis.com/apps/CompareAnalysis/index.html?appid=b4f178d41fb24ab8a871596de568a2f7", "Mapa Completo": "https://www.gorecoquimbo.cl/gorecoquimbo/site/artic/20150722/asocfile/20150722092144/comunal.jpg", "Link Memoria": "https://www.gorecoquimbo.cl/gorecoquimbo/site/artic/20150722/asocfile/20150722091730/memoria_explicativa_zonifi.pdf" }, "geometry": { "type": "MultiPolygon", "coordinates": [ [ [ [ -71.473877426002446, -29.24291825938586 ], [ -71.473762784471646, -29.242966245277252 ], [ -71.472434453216636, -29.244055910535081 ], [ -71.471629512122774, -29.245545531000595 ], [ -71.471743562252442, -29.246403668722575 ], [ -71.471814859811602, -29.247426470075659 ], [ -71.47194948539088, -29.247698563090299 ], [ -71.472256735727342, -29.248319520680326 ], [ -71.472743333172971, -29.24912980671516 ], [ -71.473692910094996, -29.249767667617043 ], [ -71.47487396873737, -29.250319307192719 ], [ -71.476374975405335, -29.25057824993895 ], [ -71.477585971297984, -29.250432918750214 ], [ -71.479022523545382, -29.249955658021459 ], [ -71.47998326092673, -29.249118547763146 ], [ -71.480070796834667, -29.249003054167144 ], [ -71.480707581303946, -29.248162925494952 ], [ -71.481099108388108, -29.246967687774127 ], [ -71.481012895297098, -29.24533069938175 ], [ -71.480519339766488, -29.244233826734867 ], [ -71.479324492856122, -29.243108984786627 ], [ -71.478282574778859, -29.242513842715283 ], [ -71.476545280077104, -29.24213639941847 ], [ -71.47519628837415, -29.2423662092041 ], [ -71.473877426002446, -29.24291825938586 ] ] ] ] } },
{ "type": "Feature", "properties": { "fid": 34, "OBJECTID_1": 46, "OBJECTID": 46, "NOM_COM": "LA HIGUERA", "PROVINCIA": "ELQUI", "Z_COMUNAL": "ZONA DE ASENTAMIENTOS HUMANOS", "USO": "RESTRICCION ECOLOGICA ACUATICA", "REGIONAL": "AREAS EN LAS CUALES EXISTEN ASENTAMIENTOS HUMANOS", "Shape_Leng": 3073.3723252300001, "LEYENDA": "LOCALIDAD", "Shape__Area": 527973.54309082031, "Shape__Length": 3073.2813436244383, "Nota": "La Zonificación de Uso del Borde Costero de la Región de Coquimbo, constituye un instrumento aún vigente, y que declara áreas con orientaciones de usos específicos, en el borde costero regional. Por lo tanto, se sugiere su uso de acuerdo a la microzonificación según se señala en todas las publicaciones, y que fué aprobada mediante Decreto Supremo Nº 518 Zonificación de Coquimbo, 12 de diciembre de 2005.", "Origen Dato": "https://gorecoquimbo.maps.arcgis.com/apps/CompareAnalysis/index.html?appid=b4f178d41fb24ab8a871596de568a2f7", "Mapa Completo": "https://www.gorecoquimbo.cl/gorecoquimbo/site/artic/20150722/asocfile/20150722092144/comunal.jpg", "Link Memoria": "https://www.gorecoquimbo.cl/gorecoquimbo/site/artic/20150722/asocfile/20150722091730/memoria_explicativa_zonifi.pdf" }, "geometry": { "type": "MultiPolygon", "coordinates": [ [ [ [ -71.288146699852518, -29.629191628596654 ], [ -71.288825885109219, -29.628768184056621 ], [ -71.291204278153771, -29.626541794821996 ], [ -71.292763499714511, -29.624962957796743 ], [ -71.293633506241193, -29.62336435897442 ], [ -71.293903041894708, -29.622751897384799 ], [ -71.293840201503997, -29.622752984497808 ], [ -71.293707279033114, -29.622778552807382 ], [ -71.293627708710716, -29.622803291043969 ], [ -71.293614655971581, -29.622815156240385 ], [ -71.293601773989849, -29.62283874991406 ], [ -71.293548677154035, -29.622851307764432 ], [ -71.29339008515403, -29.622924053346768 ], [ -71.293256518726139, -29.62292636344657 ], [ -71.293229370323203, -29.622903563166524 ], [ -71.293162321452115, -29.62289299131216 ], [ -71.292903615042619, -29.622675807475272 ], [ -71.292834824090079, -29.622583622754991 ], [ -71.292725883192546, -29.622492141247367 ], [ -71.292617207883964, -29.622412377465334 ], [ -71.292522747777284, -29.622367369973791 ], [ -71.292477691234225, -29.622339077476919 ], [ -71.292165497264349, -29.622566288470892 ], [ -71.291551669433275, -29.622671916069304 ], [ -71.290934258476952, -29.622619240914602 ], [ -71.290571198681363, -29.622593836247571 ], [ -71.290447654423943, -29.622404916681663 ], [ -71.290413784576685, -29.622415451449104 ], [ -71.290334899945677, -29.622475177162968 ], [ -71.290255866729353, -29.622523182973847 ], [ -71.290176569169475, -29.622559553877053 ], [ -71.290016381732272, -29.622562329498951 ], [ -71.289748322527359, -29.622520317101245 ], [ -71.289681117263683, -29.622498105828061 ], [ -71.289627388388894, -29.622487394169006 ], [ -71.289507255182301, -29.62248946850902 ], [ -71.289374058413742, -29.622503407722295 ], [ -71.289294498617807, -29.62252815222482 ], [ -71.289214399098697, -29.622529535115127 ], [ -71.289134847253607, -29.622554177444457 ], [ -71.289054747929271, -29.622555570159154 ], [ -71.288974290303372, -29.622545318751364 ], [ -71.288528164119768, -29.622514405792952 ], [ -71.288276497125779, -29.62239398467532 ], [ -71.288248978506218, -29.622359457357451 ], [ -71.28822172273, -29.622336556814997 ], [ -71.287932646020266, -29.622018041357016 ], [ -71.287825290206655, -29.621832239975795 ], [ -71.287822177057876, -29.621795046941109 ], [ -71.287795291636172, -29.621783862346994 ], [ -71.287650130541223, -29.621272964789267 ], [ -71.287607449932764, -29.621156964787314 ], [ -71.287538043959145, -29.621041508809768 ], [ -71.287508774727911, -29.620925277402396 ], [ -71.287464536943787, -29.620851704897845 ], [ -71.28703815134989, -29.620797148251636 ], [ -71.285856243432079, -29.620869939508363 ], [ -71.285582086063556, -29.621571425527829 ], [ -71.285447164944571, -29.622017149830043 ], [ -71.283914997253063, -29.62479894015695 ], [ -71.283598169811214, -29.62521612904958 ], [ -71.283644398370328, -29.625658722703008 ], [ -71.284134041228995, -29.626473744735957 ], [ -71.28488804951273, -29.62775927450717 ], [ -71.288146699852518, -29.629191628596654 ] ] ] ] } },
{ "type": "Feature", "properties": { "fid": 35, "OBJECTID_1": 210, "OBJECTID": 221, "NOM_COM": "LA HIGUERA", "PROVINCIA": "ELQUI", "Z_COMUNAL": "ZONA DE CONSERVACION DE LA NATURALEZA", "USO": " ", "REGIONAL": "AREAS PROTEGIDAS", "Shape_Leng": 3109.5545250800001, "LEYENDA": "RESTRICCION ECOLOGICA", "Shape__Area": 441685.00280761719, "Shape__Length": 3109.4624208888717, "Nota": "La Zonificación de Uso del Borde Costero de la Región de Coquimbo, constituye un instrumento aún vigente, y que declara áreas con orientaciones de usos específicos, en el borde costero regional. Por lo tanto, se sugiere su uso de acuerdo a la microzonificación según se señala en todas las publicaciones, y que fué aprobada mediante Decreto Supremo Nº 518 Zonificación de Coquimbo, 12 de diciembre de 2005.", "Origen Dato": "https://gorecoquimbo.maps.arcgis.com/apps/CompareAnalysis/index.html?appid=b4f178d41fb24ab8a871596de568a2f7", "Mapa Completo": "https://www.gorecoquimbo.cl/gorecoquimbo/site/artic/20150722/asocfile/20150722092144/comunal.jpg", "Link Memoria": "https://www.gorecoquimbo.cl/gorecoquimbo/site/artic/20150722/asocfile/20150722091730/memoria_explicativa_zonifi.pdf" }, "geometry": { "type": "MultiPolygon", "coordinates": [ [ [ [ -71.332707944215798, -29.541315445426491 ], [ -71.331898753446893, -29.541830534848632 ], [ -71.332265020209363, -29.542010380537004 ], [ -71.332629588824162, -29.542115744812428 ], [ -71.332873226664006, -29.542521273781208 ], [ -71.333121154754792, -29.543113002671813 ], [ -71.333201714846993, -29.5438380697124 ], [ -71.333106370036404, -29.544324062849057 ], [ -71.333006308453079, -29.544605239281637 ], [ -71.333115780974069, -29.544733705534455 ], [ -71.333291270535881, -29.544954153806042 ], [ -71.333324121365465, -29.545456527438066 ], [ -71.333461719500789, -29.545882540558953 ], [ -71.333769688147996, -29.546305559668507 ], [ -71.334304204855286, -29.546389309257936 ], [ -71.334949044253804, -29.54663876174255 ], [ -71.335354497802584, -29.54666888793491 ], [ -71.335822139228696, -29.546623409054039 ], [ -71.336521865963732, -29.546480713587844 ], [ -71.336654347232653, -29.546683281853106 ], [ -71.3369303290619, -29.546641170255416 ], [ -71.337033808887938, -29.546508961057963 ], [ -71.338246750981483, -29.546450357881003 ], [ -71.338822992464756, -29.546496089980145 ], [ -71.339145851023304, -29.546639425399832 ], [ -71.339359656754965, -29.54667291476396 ], [ -71.339425691516283, -29.546764894147483 ], [ -71.33942869450199, -29.546895229361866 ], [ -71.339621629301789, -29.546947718607193 ], [ -71.339704235057312, -29.546834497938839 ], [ -71.339742534386161, -29.546647547892583 ], [ -71.339853293438253, -29.546831871762954 ], [ -71.34010712627429, -29.546752889315403 ], [ -71.340175726134646, -29.546956579409343 ], [ -71.340323078245788, -29.546879472848751 ], [ -71.340252752235841, -29.546601303334718 ], [ -71.340226742135769, -29.546396853751787 ], [ -71.340478417157286, -29.546224766078737 ], [ -71.3403463574478, -29.54604082712671 ], [ -71.340278176731402, -29.545855752447132 ], [ -71.340268307244813, -29.545427487724165 ], [ -71.340050642159184, -29.545226424205232 ], [ -71.339871705306393, -29.544857015470964 ], [ -71.340062074137506, -29.544797784066841 ], [ -71.340016910460164, -29.544686814465521 ], [ -71.340121661170002, -29.544610458830736 ], [ -71.340355046408945, -29.544569090908929 ], [ -71.34031615497625, -29.543806050459835 ], [ -71.340545665410886, -29.543597098896694 ], [ -71.340815627823275, -29.543294300419234 ], [ -71.341171194550327, -29.543008615222451 ], [ -71.34108301418388, -29.542879781497199 ], [ -71.340697576250264, -29.542793431462549 ], [ -71.340627680882733, -29.542533877098961 ], [ -71.340500775597377, -29.542573368950976 ], [ -71.339973580006756, -29.542806188212246 ], [ -71.339200991332362, -29.54255900965126 ], [ -71.338942880432384, -29.542451789035383 ], [ -71.339045924681699, -29.542300954341989 ], [ -71.339167255938364, -29.542019408398907 ], [ -71.338781822554964, -29.541933052520847 ], [ -71.338756235878193, -29.541747227607289 ], [ -71.338668498659331, -29.541637007063152 ], [ -71.338308213891679, -29.541717859647434 ], [ -71.337921924943217, -29.541594261692889 ], [ -71.337853323609878, -29.541390570016581 ], [ -71.337804307438702, -29.541112014501156 ], [ -71.337737002745072, -29.54096417815656 ], [ -71.337217386363719, -29.540600778870974 ], [ -71.336656471160225, -29.540293973201798 ], [ -71.335691832914179, -29.540031518856679 ], [ -71.334877544420408, -29.539822302635919 ], [ -71.334535136560021, -29.539753810312483 ], [ -71.334395492032741, -29.540166072728177 ], [ -71.334273721202564, -29.54042899880444 ], [ -71.333870431301307, -29.540491973201917 ], [ -71.333404965972989, -29.540630547972995 ], [ -71.332919482590071, -29.54082534209018 ], [ -71.332864160874848, -29.541198866468033 ], [ -71.332801556601126, -29.541255853419404 ], [ -71.332707944215798, -29.541315445426491 ] ] ] ] } },
{ "type": "Feature", "properties": { "fid": 36, "OBJECTID_1": 26, "OBJECTID": 26, "NOM_COM": "LA HIGUERA", "PROVINCIA": "ELQUI", "Z_COMUNAL": "ZONA DE CONSERVACION DEL PATRIMONIO CULTURAL Y ARQ", "USO": "PATRIMONIO ARQUEOLOGICO COSTERO", "REGIONAL": "AREAS PROTEGIDAS", "Shape_Leng": 3258.1300614800002, "LEYENDA": "PATRIMONIO ARQUEOLOGICO COSTERO", "Shape__Area": 567939.63488769531, "Shape__Length": 3258.0341879697498, "Nota": "La Zonificación de Uso del Borde Costero de la Región de Coquimbo, constituye un instrumento aún vigente, y que declara áreas con orientaciones de usos específicos, en el borde costero regional. Por lo tanto, se sugiere su uso de acuerdo a la microzonificación según se señala en todas las publicaciones, y que fué aprobada mediante Decreto Supremo Nº 518 Zonificación de Coquimbo, 12 de diciembre de 2005.", "Origen Dato": "https://gorecoquimbo.maps.arcgis.com/apps/CompareAnalysis/index.html?appid=b4f178d41fb24ab8a871596de568a2f7", "Mapa Completo": "https://www.gorecoquimbo.cl/gorecoquimbo/site/artic/20150722/asocfile/20150722092144/comunal.jpg", "Link Memoria": "https://www.gorecoquimbo.cl/gorecoquimbo/site/artic/20150722/asocfile/20150722091730/memoria_explicativa_zonifi.pdf" }, "geometry": { "type": "MultiPolygon", "coordinates": [ [ [ [ -71.315827527224258, -29.409670569586137 ], [ -71.310659456647343, -29.403722378675251 ], [ -71.301940172563889, -29.407663580582653 ], [ -71.311084487065074, -29.41138363758191 ], [ -71.315827527224258, -29.409670569586137 ] ] ] ] } },
{ "type": "Feature", "properties": { "fid": 37, "OBJECTID_1": 181, "OBJECTID": 192, "NOM_COM": "LA HIGUERA", "PROVINCIA": "ELQUI", "Z_COMUNAL": "ZONA PREFERENTEMENTE TURISTICA", "USO": "PESCA DEPORTIVA", "REGIONAL": "AREAS PARA ACTIVIDADES INDUSTRIALES, ECONOMICAS Y DE DESARROLLO", "Shape_Leng": 3504.2751050900001, "LEYENDA": "ZONA MULTIPLES RECREACIONAL", "Shape__Area": 558415.27038574219, "Shape__Length": 3504.1727718829979, "Nota": "La Zonificación de Uso del Borde Costero de la Región de Coquimbo, constituye un instrumento aún vigente, y que declara áreas con orientaciones de usos específicos, en el borde costero regional. Por lo tanto, se sugiere su uso de acuerdo a la microzonificación según se señala en todas las publicaciones, y que fué aprobada mediante Decreto Supremo Nº 518 Zonificación de Coquimbo, 12 de diciembre de 2005.", "Origen Dato": "https://gorecoquimbo.maps.arcgis.com/apps/CompareAnalysis/index.html?appid=b4f178d41fb24ab8a871596de568a2f7", "Mapa Completo": "https://www.gorecoquimbo.cl/gorecoquimbo/site/artic/20150722/asocfile/20150722092144/comunal.jpg", "Link Memoria": "https://www.gorecoquimbo.cl/gorecoquimbo/site/artic/20150722/asocfile/20150722091730/memoria_explicativa_zonifi.pdf" }, "geometry": { "type": "MultiPolygon", "coordinates": [ [ [ [ -71.471678337884811, -29.216897396740951 ], [ -71.471292195878902, -29.217047002611388 ], [ -71.471307248671678, -29.21720029768921 ], [ -71.47123802316419, -29.217240115830844 ], [ -71.471132487676925, -29.217324602497321 ], [ -71.470920944101692, -29.217469974812168 ], [ -71.470815692917213, -29.21756628014813 ], [ -71.470498339448284, -29.217784319109121 ], [ -71.470287361994806, -29.217953308495478 ], [ -71.470195862901051, -29.218061091466168 ], [ -71.47003778792967, -29.218193733567158 ], [ -71.469933100096782, -29.218313574233306 ], [ -71.46982823240802, -29.218421603911889 ], [ -71.469710929929576, -29.218577038937354 ], [ -71.469619704010725, -29.21869672275956 ], [ -71.469514553000721, -29.218792933288643 ], [ -71.469396957155368, -29.218936651265533 ], [ -71.469292372694198, -29.219056489570338 ], [ -71.469109915502273, -29.219295673614671 ], [ -71.468900639333384, -29.219535361650582 ], [ -71.468718180403258, -29.219774544346965 ], [ -71.468613206172535, -29.219882575131127 ], [ -71.468482532141337, -29.220038256059212 ], [ -71.46816855883084, -29.220397772880371 ], [ -71.468077328426446, -29.220517364728476 ], [ -71.468013032623631, -29.220636458464583 ], [ -71.467935264645092, -29.220755801738161 ], [ -71.46787086266761, -29.220874897374781 ], [ -71.467779631498956, -29.220994488155675 ], [ -71.467701873279537, -29.221113831129948 ], [ -71.467597179059865, -29.221233679291728 ], [ -71.467544366201906, -29.221270005557692 ], [ -71.467518007113711, -29.221294131313744 ], [ -71.467465089778912, -29.221330477521064 ], [ -71.466989928082128, -29.221692967232816 ], [ -71.466831844465517, -29.221825605129958 ], [ -71.466695512539175, -29.22196070672096 ], [ -71.473406978622222, -29.221862349584814 ], [ -71.476731789918858, -29.218627417394732 ], [ -71.480131012974255, -29.215516714122444 ], [ -71.478791455335312, -29.213728779426614 ], [ -71.475575585354491, -29.213729980609237 ], [ -71.475576121702375, -29.213752279304007 ], [ -71.475551465504552, -29.213847004079689 ], [ -71.475500644073364, -29.213965852464632 ], [ -71.475436257019922, -29.214085043962946 ], [ -71.475345040464049, -29.214204639140544 ], [ -71.47533242890691, -29.214240243061422 ], [ -71.475252121362303, -29.214253451746924 ], [ -71.475239615615564, -29.214289052799735 ], [ -71.475199788756655, -29.214313420207741 ], [ -71.475041453383255, -29.214434257499484 ], [ -71.474894784068425, -29.214484156692027 ], [ -71.474855334588383, -29.214520247339085 ], [ -71.474828506340046, -29.214520743840211 ], [ -71.474748775909944, -29.214557580815363 ], [ -71.474641829348784, -29.2145831053645 ], [ -71.474534315835157, -29.214585094878295 ], [ -71.474321084094186, -29.214659771485948 ], [ -71.474215554050986, -29.214744270228699 ], [ -71.474178097031341, -29.214862870005661 ], [ -71.474180930087343, -29.214980715316326 ], [ -71.474208715501561, -29.215015664639907 ], [ -71.474236949172266, -29.215074049167178 ], [ -71.474267281676404, -29.215214941930704 ], [ -71.474270683169038, -29.215356424997541 ], [ -71.474260044275923, -29.215474528583279 ], [ -71.47419396429612, -29.215522926909799 ], [ -71.474194814050946, -29.215558272654334 ], [ -71.474141627213442, -29.215582803064098 ], [ -71.4739689676436, -29.215668542749508 ], [ -71.473876898409102, -29.215752792234333 ], [ -71.473837173483332, -29.215777073484318 ], [ -71.473825789308407, -29.215859830270489 ], [ -71.473799433868137, -29.215883947175936 ], [ -71.473786633098157, -29.215907730329935 ], [ -71.473747655074845, -29.215967451227005 ], [ -71.473721108285616, -29.215979673539806 ], [ -71.473574719930241, -29.216041381314355 ], [ -71.47336148419771, -29.216116046677477 ], [ -71.473254535637238, -29.216141571129167 ], [ -71.472825809298158, -29.216196684640316 ], [ -71.472718861671424, -29.216222300670676 ], [ -71.472612301376074, -29.216259631664439 ], [ -71.47250505717497, -29.21627333684561 ], [ -71.472398790959573, -29.216322486386471 ], [ -71.472292681923477, -29.216383448069781 ], [ -71.47218686450951, -29.216456126492737 ], [ -71.472081720613019, -29.216552439786344 ], [ -71.471976186554244, -29.216636927945867 ], [ -71.471870934194214, -29.216733151075168 ], [ -71.471765495585572, -29.216817646337645 ], [ -71.471678337884811, -29.216897396740951 ] ] ] ] } },
{ "type": "Feature", "properties": { "fid": 38, "OBJECTID_1": 189, "OBJECTID": 200, "NOM_COM": "LA HIGUERA", "PROVINCIA": "ELQUI", "Z_COMUNAL": "ZONA AAA", "USO": "ZONA MULTIPLES RECREACIONAL", "REGIONAL": "AREAS PARA ACTIVIDADES INDUSTRIALES, ECONOMICAS Y DE DESARROLLO", "Shape_Leng": 3528.4996694500001, "LEYENDA": "AREAS APROPIADAS PARA LA ACUICULTURA (AAA)", "Shape__Area": 572891.39514160156, "Shape__Length": 3528.3963200561248, "Nota": "La Zonificación de Uso del Borde Costero de la Región de Coquimbo, constituye un instrumento aún vigente, y que declara áreas con orientaciones de usos específicos, en el borde costero regional. Por lo tanto, se sugiere su uso de acuerdo a la microzonificación según se señala en todas las publicaciones, y que fué aprobada mediante Decreto Supremo Nº 518 Zonificación de Coquimbo, 12 de diciembre de 2005.", "Origen Dato": "https://gorecoquimbo.maps.arcgis.com/apps/CompareAnalysis/index.html?appid=b4f178d41fb24ab8a871596de568a2f7", "Mapa Completo": "https://www.gorecoquimbo.cl/gorecoquimbo/site/artic/20150722/asocfile/20150722092144/comunal.jpg", "Link Memoria": "https://www.gorecoquimbo.cl/gorecoquimbo/site/artic/20150722/asocfile/20150722091730/memoria_explicativa_zonifi.pdf" }, "geometry": { "type": "MultiPolygon", "coordinates": [ [ [ [ -71.463960714127339, -29.231591278878216 ], [ -71.463962762515678, -29.231676779822187 ], [ -71.46393831965672, -29.231722087670256 ], [ -71.464200820106043, -29.23155297010085 ], [ -71.464588999857142, -29.231278241593913 ], [ -71.467783189620434, -29.231282273101922 ], [ -71.469105264594162, -29.231301612652775 ], [ -71.469508933745018, -29.226393117730211 ], [ -71.473406978622222, -29.221862349584814 ], [ -71.466695512539175, -29.22196070672096 ], [ -71.466674240430805, -29.221981781306024 ], [ -71.46656963873771, -29.222101627928669 ], [ -71.466113477299572, -29.222699578274732 ], [ -71.465957953345239, -29.222938261690661 ], [ -71.465893548858915, -29.223057356536245 ], [ -71.465802313566272, -29.223176947083797 ], [ -71.465646777923382, -29.223415629495282 ], [ -71.465464304910185, -29.2236548093788 ], [ -71.465386542102834, -29.22377415033862 ], [ -71.465295304809757, -29.223893749637007 ], [ -71.465217541639205, -29.224013090516873 ], [ -71.465153135711546, -29.224132185980377 ], [ -71.465061897611221, -29.224251775229376 ], [ -71.464997596200391, -29.224370867798619 ], [ -71.464793841772774, -29.224846254224797 ], [ -71.464769834285278, -29.224964603857419 ], [ -71.46473236337053, -29.225083202588902 ], [ -71.464721713314759, -29.225201305967452 ], [ -71.4647497897016, -29.225247974104576 ], [ -71.464764560204245, -29.225306701784458 ], [ -71.464795156649544, -29.225459406315185 ], [ -71.464798544323614, -29.225600797300132 ], [ -71.46478790463776, -29.225718901386553 ], [ -71.464761649660886, -29.225743023836145 ], [ -71.464763907296515, -29.22583725082702 ], [ -71.464723885068906, -29.225849803807787 ], [ -71.464710704736135, -29.225861870963566 ], [ -71.464659770988845, -29.225980716966408 ], [ -71.464647424751817, -29.226028028355529 ], [ -71.464607976791669, -29.226064125242161 ], [ -71.464595069083742, -29.226088002513411 ], [ -71.464581994351434, -29.2261000577879 ], [ -71.46458255822958, -29.22612359379794 ], [ -71.464529920134822, -29.226171739945467 ], [ -71.464517586541945, -29.226219153032051 ], [ -71.464491035960776, -29.226231373715407 ], [ -71.464453283424689, -29.226338245417487 ], [ -71.464426347030908, -29.226338741947327 ], [ -71.46437550629966, -29.226457586143098 ], [ -71.464336233946028, -29.22650540285607 ], [ -71.464284276727014, -29.226577175691972 ], [ -71.464233331903316, -29.226696021760258 ], [ -71.464077681917743, -29.226934705614234 ], [ -71.46402685183925, -29.227053549500518 ], [ -71.463989274618996, -29.227172150018148 ], [ -71.463993226391565, -29.227337169966049 ], [ -71.464020444968043, -29.227348399566552 ], [ -71.464048406335564, -29.227395060024673 ], [ -71.464145846126414, -29.227534718430316 ], [ -71.464189823231493, -29.227687269358203 ], [ -71.464192646554352, -29.227805124349668 ], [ -71.464166378450102, -29.227829154928365 ], [ -71.46411543194921, -29.227948000995141 ], [ -71.464051127444904, -29.228067094152195 ], [ -71.464013549950806, -29.228185693778851 ], [ -71.464043310067296, -29.228303053201344 ], [ -71.464157509511153, -29.228583948988152 ], [ -71.464187833766076, -29.22872484346188 ], [ -71.464190092348829, -29.228819163348486 ], [ -71.46415092717568, -29.228867070074585 ], [ -71.464152056850565, -29.228914225049408 ], [ -71.464167108646208, -29.228984679730257 ], [ -71.464173884251224, -29.22926754556142 ], [ -71.464163348624083, -29.229385646769622 ], [ -71.464097808847896, -29.229457586034844 ], [ -71.464085570164599, -29.229504988315973 ], [ -71.464033503512283, -29.229576679216017 ], [ -71.464007695903973, -29.229624330686185 ], [ -71.464021439792049, -29.22963580861644 ], [ -71.463997160317376, -29.229742441808018 ], [ -71.463975868651445, -29.229978649166366 ], [ -71.463978691993944, -29.23009650413649 ], [ -71.463957505133436, -29.230332709554681 ], [ -71.463920032810307, -29.230451308123936 ], [ -71.463909392013747, -29.230569411250229 ], [ -71.463871908238772, -29.230688009117245 ], [ -71.463850626534679, -29.230924216264427 ], [ -71.463856272183264, -29.231159928013668 ], [ -71.463916809121969, -29.231441811944116 ], [ -71.463960502870719, -29.231582460880364 ], [ -71.463960714127339, -29.231591278878216 ] ] ] ] } },
{ "type": "Feature", "properties": { "fid": 39, "OBJECTID_1": 187, "OBJECTID": 198, "NOM_COM": "LA HIGUERA", "PROVINCIA": "ELQUI", "Z_COMUNAL": "ZONA PREFERENTEMENTE TURISTICA", "USO": "ZONA MULTIPLES RECREACIONAL", "REGIONAL": "AREAS PARA ACTIVIDADES INDUSTRIALES, ECONOMICAS Y DE DESARROLLO", "Shape_Leng": 3577.8730455300001, "LEYENDA": "ZONA MULTIPLES RECREACIONAL", "Shape__Area": 506333.9970703125, "Shape__Length": 3577.7682957093698, "Nota": "La Zonificación de Uso del Borde Costero de la Región de Coquimbo, constituye un instrumento aún vigente, y que declara áreas con orientaciones de usos específicos, en el borde costero regional. Por lo tanto, se sugiere su uso de acuerdo a la microzonificación según se señala en todas las publicaciones, y que fué aprobada mediante Decreto Supremo Nº 518 Zonificación de Coquimbo, 12 de diciembre de 2005.", "Origen Dato": "https://gorecoquimbo.maps.arcgis.com/apps/CompareAnalysis/index.html?appid=b4f178d41fb24ab8a871596de568a2f7", "Mapa Completo": "https://www.gorecoquimbo.cl/gorecoquimbo/site/artic/20150722/asocfile/20150722092144/comunal.jpg", "Link Memoria": "https://www.gorecoquimbo.cl/gorecoquimbo/site/artic/20150722/asocfile/20150722091730/memoria_explicativa_zonifi.pdf" }, "geometry": { "type": "MultiPolygon", "coordinates": [ [ [ [ -71.436266143694482, -29.255572568120375 ], [ -71.438018525910024, -29.259439940975451 ], [ -71.438850516506022, -29.258608739560135 ], [ -71.439952143693816, -29.2585056375571 ], [ -71.441619700375213, -29.258323043342287 ], [ -71.442481228994964, -29.258736049158586 ], [ -71.443997380423639, -29.259482856717064 ], [ -71.44447133603768, -29.259515681869011 ], [ -71.445893555426579, -29.259627959505782 ], [ -71.448012087731115, -29.259838122638321 ], [ -71.448903579272013, -29.259832067812113 ], [ -71.448883955207435, -29.259008754480529 ], [ -71.448900577568836, -29.256764321883555 ], [ -71.448896759730616, -29.256063550569081 ], [ -71.44879327880632, -29.256033281787488 ], [ -71.448606672201024, -29.255990152801832 ], [ -71.448420332714875, -29.255958658823889 ], [ -71.447862885036031, -29.255934055218923 ], [ -71.447677664287141, -29.255949078737466 ], [ -71.447571366760116, -29.255939395755604 ], [ -71.447385486984771, -29.255931160515953 ], [ -71.447199424740717, -29.25591128998623 ], [ -71.44701308765741, -29.255879876969829 ], [ -71.446826100183529, -29.255825123072846 ], [ -71.446652199515725, -29.255758572983677 ], [ -71.446478744994394, -29.255715201026693 ], [ -71.446359010312023, -29.255694197798736 ], [ -71.446292960201433, -29.255706962504544 ], [ -71.446280258211857, -29.255730464599747 ], [ -71.4462281257358, -29.255766336912735 ], [ -71.446215687193089, -29.255801380538369 ], [ -71.446152129444314, -29.25591883591472 ], [ -71.446160430147089, -29.256267530313025 ], [ -71.446123509101369, -29.25638440508996 ], [ -71.446073217883296, -29.256501607631211 ], [ -71.446060227678984, -29.256513484728735 ], [ -71.446008923245941, -29.256584157706765 ], [ -71.445809605205341, -29.256564619968653 ], [ -71.445795784340561, -29.256541604332938 ], [ -71.445755439125719, -29.256519063407655 ], [ -71.445648312475697, -29.256474569165839 ], [ -71.445607785013124, -29.256440393150978 ], [ -71.445499007480194, -29.256326101433864 ], [ -71.445280222353759, -29.256051076001029 ], [ -71.445184159002181, -29.255913273637471 ], [ -71.445169509918117, -29.255855446348342 ], [ -71.445115992623528, -29.255833147169735 ], [ -71.445141144896454, -29.255774591497094 ], [ -71.445272202539215, -29.255714098556076 ], [ -71.445337420388483, -29.25566635775975 ], [ -71.44544316499406, -29.255652783119615 ], [ -71.445548632651693, -29.255627574183965 ], [ -71.445587870927412, -29.255603669439751 ], [ -71.44564000380403, -29.255567807286834 ], [ -71.445679517801224, -29.255555444734526 ], [ -71.445677581715444, -29.255474106241923 ], [ -71.44555718695608, -29.255429761818732 ], [ -71.445517121383418, -29.255418948784001 ], [ -71.44533133710371, -29.255410708887446 ], [ -71.44525240152241, -29.255435340065098 ], [ -71.445146945257918, -29.255460547651353 ], [ -71.445042031141085, -29.255509015684659 ], [ -71.444936467663169, -29.255534133053988 ], [ -71.444883504259309, -29.255535102206938 ], [ -71.444829894775765, -29.255512896607584 ], [ -71.444710712218225, -29.255515077348647 ], [ -71.444710158583376, -29.255491808906839 ], [ -71.44464383351945, -29.255493022441772 ], [ -71.444537270055619, -29.255471702588782 ], [ -71.44451018233049, -29.255448919601914 ], [ -71.444469934628856, -29.255426469391345 ], [ -71.444146906638906, -29.255223092688656 ], [ -71.443972084727704, -29.255121637970685 ], [ -71.443837318293774, -29.25503108967807 ], [ -71.443702945201693, -29.254952182357275 ], [ -71.443554646872528, -29.254850242855976 ], [ -71.443258699144323, -29.254669637257361 ], [ -71.443110401626726, -29.254567696307301 ], [ -71.442962381242538, -29.254477399330924 ], [ -71.442827351229937, -29.254375215463622 ], [ -71.442653178928666, -29.254297034634 ], [ -71.442504882527459, -29.254195092939565 ], [ -71.442356233530248, -29.254104445881616 ], [ -71.440843751027828, -29.254466591539469 ], [ -71.440121590107225, -29.254704954841401 ], [ -71.438335337455172, -29.255080191324854 ], [ -71.436489123791532, -29.255455961040429 ], [ -71.43635795577157, -29.255516448458735 ], [ -71.436266143694482, -29.255572568120375 ] ] ] ] } },
{ "type": "Feature", "properties": { "fid": 40, "OBJECTID_1": 24, "OBJECTID": 24, "NOM_COM": "LA HIGUERA", "PROVINCIA": "ELQUI", "Z_COMUNAL": "ZONA INDUSTRIAL", "USO": "TURISMO INMOBILIARIO", "REGIONAL": "AREAS PARA ACTIVIDADES INDUSTRIALES, ECONOMICAS Y DE DESARROLLO", "Shape_Leng": 3707.4727932000001, "LEYENDA": "INDUSTRIAL BAJO IMPACTO", "Shape__Area": 653013.63012695312, "Shape__Length": 3707.3633862735705, "Nota": "La Zonificación de Uso del Borde Costero de la Región de Coquimbo, constituye un instrumento aún vigente, y que declara áreas con orientaciones de usos específicos, en el borde costero regional. Por lo tanto, se sugiere su uso de acuerdo a la microzonificación según se señala en todas las publicaciones, y que fué aprobada mediante Decreto Supremo Nº 518 Zonificación de Coquimbo, 12 de diciembre de 2005.", "Origen Dato": "https://gorecoquimbo.maps.arcgis.com/apps/CompareAnalysis/index.html?appid=b4f178d41fb24ab8a871596de568a2f7", "Mapa Completo": "https://www.gorecoquimbo.cl/gorecoquimbo/site/artic/20150722/asocfile/20150722092144/comunal.jpg", "Link Memoria": "https://www.gorecoquimbo.cl/gorecoquimbo/site/artic/20150722/asocfile/20150722091730/memoria_explicativa_zonifi.pdf" }, "geometry": { "type": "MultiPolygon", "coordinates": [ [ [ [ -71.310054289094154, -29.424438345491371 ], [ -71.310056598538523, -29.424409853179963 ], [ -71.310043044889397, -29.424398448698362 ], [ -71.30996000062396, -29.424248786210573 ], [ -71.309878007582597, -29.424145553906783 ], [ -71.309901851586602, -29.424028844918602 ], [ -71.309939091037648, -29.423911913454937 ], [ -71.309963032010117, -29.423795304718528 ], [ -71.309973165276361, -29.423655564234735 ], [ -71.309970009433655, -29.423516146321735 ], [ -71.309940271252671, -29.42337709665507 ], [ -71.309870674182505, -29.423238739361068 ], [ -71.309814474556475, -29.423100241627814 ], [ -71.309731681507813, -29.422962112258407 ], [ -71.309645639683552, -29.422684567388021 ], [ -71.30958944071547, -29.422546069515697 ], [ -71.309519949802905, -29.422407709241021 ], [ -71.309492582188014, -29.422373366954488 ], [ -71.309424299619749, -29.422293082825668 ], [ -71.309381380873887, -29.422154354501561 ], [ -71.309325074401329, -29.422015765426142 ], [ -71.309282166232464, -29.421877036872285 ], [ -71.309199270976094, -29.421738909760624 ], [ -71.30914307218346, -29.421600411637893 ], [ -71.309047002819426, -29.421462511973555 ], [ -71.308934501073978, -29.421185425316978 ], [ -71.308904765398836, -29.42104638427778 ], [ -71.308861741693363, -29.420907648516479 ], [ -71.308845296870686, -29.420768368873823 ], [ -71.308829379572913, -29.420652451391462 ], [ -71.308824236633541, -29.420419959637961 ], [ -71.308834781474715, -29.420303491293662 ], [ -71.308832151922317, -29.420187250479614 ], [ -71.308842287789446, -29.42004760194915 ], [ -71.308825843215672, -29.419908322278527 ], [ -71.308782935775582, -29.419769593455548 ], [ -71.308781621045242, -29.419711427032116 ], [ -71.308766491354262, -29.419630313765367 ], [ -71.308627402144054, -29.419353686760214 ], [ -71.308571206686281, -29.419215188218121 ], [ -71.308541482383561, -29.419076138706622 ], [ -71.308525553428595, -29.418960128420174 ], [ -71.308536225275276, -29.418843657869246 ], [ -71.308533598115943, -29.418727500873096 ], [ -71.30855753783915, -29.418610800300719 ], [ -71.308607951241399, -29.418493630831886 ], [ -71.308684943740829, -29.418376010459678 ], [ -71.30877454315916, -29.418223344537918 ], [ -71.308865077615621, -29.418117128931129 ], [ -71.30896865852803, -29.417999038379357 ], [ -71.309058928355938, -29.417881187591341 ], [ -71.309175779699189, -29.417762958801994 ], [ -71.309266322614178, -29.417656742799949 ], [ -71.309370418762384, -29.417561921423612 ], [ -71.309475292303347, -29.417501923338527 ], [ -71.309579913381484, -29.417430362980248 ], [ -71.309685060024236, -29.417381990627842 ], [ -71.309789945362581, -29.417322075100895 ], [ -71.31010537587882, -29.417177130705362 ], [ -71.31021077481364, -29.417140384202206 ], [ -71.310315656442981, -29.417080375421456 ], [ -71.310421057478763, -29.417043729762899 ], [ -71.310944240029087, -29.416685786100455 ], [ -71.311048333597384, -29.416590963538525 ], [ -71.311152690421238, -29.416507776877225 ], [ -71.311256772304574, -29.416412955268932 ], [ -71.311465473927953, -29.41624658989333 ], [ -71.311570093528161, -29.416175038006909 ], [ -71.311779855933011, -29.416055102256518 ], [ -71.311884465012412, -29.415983559340759 ], [ -71.312093162425626, -29.415817092073159 ], [ -71.312138983415238, -29.415801155601915 ], [ -71.306857377806381, -29.41366053890868 ], [ -71.305332359200506, -29.415229487942078 ], [ -71.303413678172916, -29.417201885490616 ], [ -71.30319091104991, -29.418483850116392 ], [ -71.302912848096042, -29.419546401785759 ], [ -71.30329689930025, -29.420950083742891 ], [ -71.303519056965072, -29.421871762122116 ], [ -71.303496584859715, -29.423106188303862 ], [ -71.303515477133303, -29.423943244334094 ], [ -71.303377431774408, -29.424518572508447 ], [ -71.310054289094154, -29.424438345491371 ] ] ] ] } },
{ "type": "Feature", "properties": { "fid": 41, "OBJECTID_1": 28, "OBJECTID": 28, "NOM_COM": "LA HIGUERA", "PROVINCIA": "ELQUI", "Z_COMUNAL": "ZONA DE RESTRICCION POR RIESGO", "USO": "QUEBRADAS", "REGIONAL": "AREAS DE RESTRICCION POR RIESGO", "Shape_Leng": 3712.8694042799998, "LEYENDA": "QUEBRADAS", "Shape__Area": 137825.3466796875, "Shape__Length": 3712.7601255138507, "Nota": "La Zonificación de Uso del Borde Costero de la Región de Coquimbo, constituye un instrumento aún vigente, y que declara áreas con orientaciones de usos específicos, en el borde costero regional. Por lo tanto, se sugiere su uso de acuerdo a la microzonificación según se señala en todas las publicaciones, y que fué aprobada mediante Decreto Supremo Nº 518 Zonificación de Coquimbo, 12 de diciembre de 2005.", "Origen Dato": "https://gorecoquimbo.maps.arcgis.com/apps/CompareAnalysis/index.html?appid=b4f178d41fb24ab8a871596de568a2f7", "Mapa Completo": "https://www.gorecoquimbo.cl/gorecoquimbo/site/artic/20150722/asocfile/20150722092144/comunal.jpg", "Link Memoria": "https://www.gorecoquimbo.cl/gorecoquimbo/site/artic/20150722/asocfile/20150722091730/memoria_explicativa_zonifi.pdf" }, "geometry": { "type": "MultiPolygon", "coordinates": [ [ [ [ -71.290766273991963, -29.449442581253734 ], [ -71.290718364370122, -29.449238592854631 ], [ -71.290947657457934, -29.448564264324116 ], [ -71.290553956710198, -29.448642034159953 ], [ -71.289172054152004, -29.449065956205274 ], [ -71.288207014589759, -29.44946529529452 ], [ -71.287459765583165, -29.449826093184534 ], [ -71.287205746080232, -29.450021840393166 ], [ -71.285671083097256, -29.4498394289826 ], [ -71.284237706472581, -29.449742254883621 ], [ -71.283483427876604, -29.449789998132726 ], [ -71.282797723450386, -29.449349418644832 ], [ -71.282281880318294, -29.44939306465897 ], [ -71.28028752826485, -29.448209409483596 ], [ -71.279416746362614, -29.448380897898957 ], [ -71.278448183397302, -29.448623663204213 ], [ -71.277217808465068, -29.448714300451776 ], [ -71.275690151719431, -29.448844817690532 ], [ -71.274429336992526, -29.449353513006173 ], [ -71.273977753127696, -29.449604796263205 ], [ -71.273529658814837, -29.45001260027275 ], [ -71.273492240013411, -29.450117619315769 ], [ -71.274112104918345, -29.450281006219253 ], [ -71.274689111954729, -29.450305944675264 ], [ -71.275165221211907, -29.450263007195097 ], [ -71.276213697399044, -29.450036312657204 ], [ -71.277460071898602, -29.449771423204787 ], [ -71.279995665329849, -29.449380055488621 ], [ -71.280787742907819, -29.449244701200087 ], [ -71.281065142484977, -29.449205147434967 ], [ -71.2811648762396, -29.449220833402709 ], [ -71.281187478124707, -29.449342229103902 ], [ -71.281310192080582, -29.449496707807342 ], [ -71.281469936667236, -29.449528768410527 ], [ -71.282567066424704, -29.449701328822517 ], [ -71.283206027795188, -29.449829547054346 ], [ -71.283784979668411, -29.449941396513019 ], [ -71.285219137791771, -29.450073361110519 ], [ -71.286673935933052, -29.45023974459879 ], [ -71.287732125657001, -29.450447729933913 ], [ -71.288450965931091, -29.450591952845606 ], [ -71.290194007307846, -29.449431118331326 ], [ -71.290766273991963, -29.449442581253734 ] ] ] ] } },
{ "type": "Feature", "properties": { "fid": 42, "OBJECTID_1": 214, "OBJECTID": 225, "NOM_COM": "LA HIGUERA", "PROVINCIA": "ELQUI", "Z_COMUNAL": "ZONA AAA", "USO": "AREAS APROPIADAS PARA LA ACUICULTURA (AAA)", "REGIONAL": "AREAS PARA ACTIVIDADES INDUSTRIALES, ECONOMICAS Y DE DESARROLLO", "Shape_Leng": 3768.2668502199999, "LEYENDA": "AREAS APROPIADAS PARA LA ACUICULTURA (AAA)", "Shape__Area": 543317.16418457031, "Shape__Length": 3768.154864123841, "Nota": "La Zonificación de Uso del Borde Costero de la Región de Coquimbo, constituye un instrumento aún vigente, y que declara áreas con orientaciones de usos específicos, en el borde costero regional. Por lo tanto, se sugiere su uso de acuerdo a la microzonificación según se señala en todas las publicaciones, y que fué aprobada mediante Decreto Supremo Nº 518 Zonificación de Coquimbo, 12 de diciembre de 2005.", "Origen Dato": "https://gorecoquimbo.maps.arcgis.com/apps/CompareAnalysis/index.html?appid=b4f178d41fb24ab8a871596de568a2f7", "Mapa Completo": "https://www.gorecoquimbo.cl/gorecoquimbo/site/artic/20150722/asocfile/20150722092144/comunal.jpg", "Link Memoria": "https://www.gorecoquimbo.cl/gorecoquimbo/site/artic/20150722/asocfile/20150722091730/memoria_explicativa_zonifi.pdf" }, "geometry": { "type": "MultiPolygon", "coordinates": [ [ [ [ -71.294458280726332, -29.620295434908442 ], [ -71.299378825096341, -29.621661156459123 ], [ -71.300299736191661, -29.621933786983149 ], [ -71.301182460892534, -29.622762088676275 ], [ -71.305216887809991, -29.626886830655902 ], [ -71.305207993896246, -29.6223517115777 ], [ -71.305299109634831, -29.615455824860568 ], [ -71.302500275213205, -29.616761904220436 ], [ -71.294458280726332, -29.620295434908442 ] ] ] ] } },
{ "type": "Feature", "properties": { "fid": 43, "OBJECTID_1": 205, "OBJECTID": 216, "NOM_COM": "LA HIGUERA", "PROVINCIA": "ELQUI", "Z_COMUNAL": "ZONA PREFERENTEMENTE TURISTICA", "USO": "QUEBRADAS", "REGIONAL": "AREAS PARA ACTIVIDADES INDUSTRIALES, ECONOMICAS Y DE DESARROLLO", "Shape_Leng": 3896.44330949, "LEYENDA": "ZONA DEPORTES NAUTICOS", "Shape__Area": 508465.09655761719, "Shape__Length": 3896.3286227955932, "Nota": "La Zonificación de Uso del Borde Costero de la Región de Coquimbo, constituye un instrumento aún vigente, y que declara áreas con orientaciones de usos específicos, en el borde costero regional. Por lo tanto, se sugiere su uso de acuerdo a la microzonificación según se señala en todas las publicaciones, y que fué aprobada mediante Decreto Supremo Nº 518 Zonificación de Coquimbo, 12 de diciembre de 2005.", "Origen Dato": "https://gorecoquimbo.maps.arcgis.com/apps/CompareAnalysis/index.html?appid=b4f178d41fb24ab8a871596de568a2f7", "Mapa Completo": "https://www.gorecoquimbo.cl/gorecoquimbo/site/artic/20150722/asocfile/20150722092144/comunal.jpg", "Link Memoria": "https://www.gorecoquimbo.cl/gorecoquimbo/site/artic/20150722/asocfile/20150722091730/memoria_explicativa_zonifi.pdf" }, "geometry": { "type": "MultiPolygon", "coordinates": [ [ [ [ -71.308845696689758, -29.445994500190949 ], [ -71.305536650144376, -29.446065033643183 ], [ -71.305526065041676, -29.446079545067075 ], [ -71.305409170688762, -29.446197855337289 ], [ -71.305266868579722, -29.446363155100649 ], [ -71.305150234797281, -29.446493017274484 ], [ -71.304981491006998, -29.446670321456956 ], [ -71.304878151622148, -29.446800036153366 ], [ -71.304695966213089, -29.446965943098352 ], [ -71.304647254271302, -29.447017160398424 ], [ -71.304527221935771, -29.447143339682292 ], [ -71.304423363956673, -29.447249700785704 ], [ -71.304267492438214, -29.447403603931818 ], [ -71.30415033217281, -29.447510278162429 ], [ -71.303954588007599, -29.447664778392511 ], [ -71.303837437641548, -29.447771462119306 ], [ -71.303707771872581, -29.447913271363472 ], [ -71.303592196895764, -29.448089653524576 ], [ -71.303571903757614, -29.448185588322495 ], [ -71.303497719438482, -29.448536533107177 ], [ -71.30347550975651, -29.448641535265072 ], [ -71.303474093092632, -29.448742788105509 ], [ -71.303489487488207, -29.448835536719663 ], [ -71.303491587186414, -29.448928507335477 ], [ -71.303506981637867, -29.449021255942839 ], [ -71.303564347262181, -29.44920628498258 ], [ -71.303619243203784, -29.449286711061937 ], [ -71.303661224997498, -29.449378999395257 ], [ -71.30370256647349, -29.449448103444297 ], [ -71.303757306054919, -29.44951690155774 ], [ -71.303812212407351, -29.449597317438343 ], [ -71.303854184236428, -29.44968960677047 ], [ -71.303895640514597, -29.449758624859079 ], [ -71.304059659923198, -29.449965087248284 ], [ -71.304195623081014, -29.450102297608868 ], [ -71.304263299035881, -29.450159222841396 ], [ -71.30434435428198, -29.450216008376191 ], [ -71.304398473893968, -29.450261537678756 ], [ -71.304560236186404, -29.450363382003815 ], [ -71.304600789768458, -29.450397589530585 ], [ -71.304654751635312, -29.450431481831007 ], [ -71.304695568332065, -29.450477324390029 ], [ -71.304776896366263, -29.450545651613691 ], [ -71.304854220549885, -29.450596543593793 ], [ -71.304924997790565, -29.450636102366854 ], [ -71.304991719210577, -29.450646586295164 ], [ -71.30501085716547, -29.450649036145276 ], [ -71.305071638342582, -29.450656832557801 ], [ -71.305137981276843, -29.450655683349304 ], [ -71.305150759311786, -29.450632192688378 ], [ -71.305230501046424, -29.450630811331834 ], [ -71.305309620696008, -29.450606161469018 ], [ -71.305389277911758, -29.450604781482159 ], [ -71.305468126148028, -29.4505685895341 ], [ -71.305547352013846, -29.450543946714774 ], [ -71.305626209374793, -29.450507661596266 ], [ -71.305863677044172, -29.450433811243212 ], [ -71.306022969521493, -29.450431051850344 ], [ -71.306102195124964, -29.450406408713143 ], [ -71.306181840806218, -29.450405028457013 ], [ -71.306260963145633, -29.450380470917292 ], [ -71.306340714924602, -29.450379088727956 ], [ -71.306419834067299, -29.450354438229038 ], [ -71.30649948072049, -29.450353057767252 ], [ -71.306578600002339, -29.450328416195021 ], [ -71.306605177061115, -29.450327956428723 ], [ -71.30664453151887, -29.450303995050987 ], [ -71.306657300711123, -29.450280586508082 ], [ -71.306683509358166, -29.450268492598077 ], [ -71.306735894350126, -29.450232674732508 ], [ -71.306801195130745, -29.450185077243511 ], [ -71.306866073681917, -29.450114132941408 ], [ -71.307074332554521, -29.449924492659427 ], [ -71.307139096200871, -29.449853633225281 ], [ -71.307256782146922, -29.449770217491395 ], [ -71.307335638451562, -29.449733940439234 ], [ -71.307401043723587, -29.449686340862918 ], [ -71.307493456848846, -29.449661468266331 ], [ -71.307519823420961, -29.449651717967917 ], [ -71.3076875496822, -29.450244499963183 ], [ -71.307926280427964, -29.45019904018109 ], [ -71.307807602276213, -29.449505177576082 ], [ -71.307925338531973, -29.449442693119554 ], [ -71.308070762275477, -29.449505750425615 ], [ -71.308168597388615, -29.449556745705891 ], [ -71.308169648873687, -29.449603184854716 ], [ -71.308210213776249, -29.449637400074025 ], [ -71.308223507341921, -29.449637169493339 ], [ -71.308238895912083, -29.449729917481648 ], [ -71.308279830269441, -29.449775756852762 ], [ -71.308375399014054, -29.449890292174128 ], [ -71.308415796470825, -29.449912871523861 ], [ -71.308536271086624, -29.449957331008598 ], [ -71.308670395603713, -29.450013100253088 ], [ -71.308778470386741, -29.4500926014226 ], [ -71.308806626163772, -29.450161849505751 ], [ -71.308847297628773, -29.450196062662968 ], [ -71.308847824478761, -29.450219323706882 ], [ -71.308862170126872, -29.450265540296108 ], [ -71.308903251883635, -29.450323007477348 ], [ -71.309038441598673, -29.450425317150863 ], [ -71.30921155240236, -29.450445500445323 ], [ -71.309343838219306, -29.450420017633778 ], [ -71.309476648069236, -29.45041771368113 ], [ -71.309608930651038, -29.45039213864565 ], [ -71.309741741449685, -29.450389833510872 ], [ -71.309873929342501, -29.450364269782412 ], [ -71.310005950151748, -29.45032715132314 ], [ -71.310269473551031, -29.450229561727632 ], [ -71.310400860683302, -29.450169092598923 ], [ -71.310518806784771, -29.45009730914337 ], [ -71.31068911651154, -29.449989706590166 ], [ -71.310806798425048, -29.449906286982444 ], [ -71.3109770125198, -29.44979867671983 ], [ -71.311081390137943, -29.449715488828737 ], [ -71.311342276310683, -29.449501658024303 ], [ -71.311499194816321, -29.449394287081379 ], [ -71.311603704885897, -29.44932020465453 ], [ -71.311616865058824, -29.449310867002776 ], [ -71.311629630880404, -29.44928736606494 ], [ -71.311749156888126, -29.449285290647254 ], [ -71.311788499543113, -29.449261337028869 ], [ -71.311887705067235, -29.449259613591803 ], [ -71.31192121284279, -29.449259031464937 ], [ -71.311961874395834, -29.449293234797381 ], [ -71.312002007395463, -29.449304177138469 ], [ -71.312029647600227, -29.449350154247234 ], [ -71.312072323215219, -29.449477337332244 ], [ -71.312099690569525, -29.449511780613935 ], [ -71.31212865014875, -29.449615923702915 ], [ -71.312224486972426, -29.449742100054465 ], [ -71.312225014582893, -29.449765361044431 ], [ -71.31238456920579, -29.449774228198656 ], [ -71.312517114998172, -29.44976028533749 ], [ -71.312782743681822, -29.449755669964155 ], [ -71.312915288337052, -29.449741726728284 ], [ -71.313048002176458, -29.449739420908951 ], [ -71.313180546755532, -29.449725477411825 ], [ -71.31331283037558, -29.449699990754887 ], [ -71.313444582936384, -29.449651151936031 ], [ -71.313536994254974, -29.449626275221892 ], [ -71.313820614905353, -29.449642443651573 ], [ -71.3138119100133, -29.449976485574151 ], [ -71.313836527115654, -29.451778652618053 ], [ -71.31463473976514, -29.451791468941174 ], [ -71.314726104444077, -29.450544822067361 ], [ -71.314885368168717, -29.450354405640191 ], [ -71.315293841007545, -29.449623234166314 ], [ -71.315301529436752, -29.449525844708262 ], [ -71.315365505612363, -29.449420086376954 ], [ -71.315417878493946, -29.449384349324284 ], [ -71.315416029032932, -29.4493029225114 ], [ -71.315243088785294, -29.449294374862792 ], [ -71.315004575032134, -29.449321710550254 ], [ -71.314845275015685, -29.449324481675113 ], [ -71.314791585164983, -29.449302228462393 ], [ -71.314724441932427, -29.449268486659687 ], [ -71.314561615691304, -29.449120123316746 ], [ -71.31453434352521, -29.44908577183401 ], [ -71.314545261771315, -29.448980926752046 ], [ -71.314557657806631, -29.448945801430948 ], [ -71.314596473387368, -29.44889866993713 ], [ -71.314660724245556, -29.448804537705755 ], [ -71.314726124398049, -29.448756850855389 ], [ -71.314988731681012, -29.448624441413852 ], [ -71.315175239519988, -29.448644383956392 ], [ -71.3152288250715, -29.448666731762021 ], [ -71.315362700209647, -29.448710951866815 ], [ -71.315549619112176, -29.448754155952695 ], [ -71.315641607645787, -29.448706098946367 ], [ -71.315734017273087, -29.448681211760587 ], [ -71.315851154606136, -29.448574528128965 ], [ -71.315863814247791, -29.448551028669694 ], [ -71.315906282727809, -29.448492812550896 ], [ -71.315667866827937, -29.448250192829512 ], [ -71.314208251653497, -29.446305540788448 ], [ -71.313301513067245, -29.445204261646854 ], [ -71.313140070121847, -29.445247685421592 ], [ -71.312423798801845, -29.445381996715483 ], [ -71.311129034238988, -29.445587263996082 ], [ -71.310111675665425, -29.44574709517763 ], [ -71.308845696689758, -29.445994500190949 ] ] ] ] } },
{ "type": "Feature", "properties": { "fid": 44, "OBJECTID_1": 208, "OBJECTID": 219, "NOM_COM": "LA HIGUERA", "PROVINCIA": "ELQUI", "Z_COMUNAL": "ZONA DE PESCA ARTESANAL Y CALETAS", "USO": " ", "REGIONAL": "AREAS PARA ACTIVIDADES INDUSTRIALES, ECONOMICAS Y DE DESARROLLO", "Shape_Leng": 4160.8204453199996, "LEYENDA": "AREAS DE MANEJO Y EXPLOTACION (AMERB)", "Shape__Area": 298453.49108886719, "Shape__Length": 4160.6977209200413, "Nota": "La Zonificación de Uso del Borde Costero de la Región de Coquimbo, constituye un instrumento aún vigente, y que declara áreas con orientaciones de usos específicos, en el borde costero regional. Por lo tanto, se sugiere su uso de acuerdo a la microzonificación según se señala en todas las publicaciones, y que fué aprobada mediante Decreto Supremo Nº 518 Zonificación de Coquimbo, 12 de diciembre de 2005.", "Origen Dato": "https://gorecoquimbo.maps.arcgis.com/apps/CompareAnalysis/index.html?appid=b4f178d41fb24ab8a871596de568a2f7", "Mapa Completo": "https://www.gorecoquimbo.cl/gorecoquimbo/site/artic/20150722/asocfile/20150722092144/comunal.jpg", "Link Memoria": "https://www.gorecoquimbo.cl/gorecoquimbo/site/artic/20150722/asocfile/20150722091730/memoria_explicativa_zonifi.pdf" }, "geometry": { "type": "MultiPolygon", "coordinates": [ [ [ [ -71.330435221037902, -29.508414965444864 ], [ -71.332514299561211, -29.508455855037504 ], [ -71.332683849119178, -29.507468119051989 ], [ -71.333182580314116, -29.504072761793505 ], [ -71.333490916399015, -29.501953720796177 ], [ -71.335162777347634, -29.500627362204273 ], [ -71.337074430894759, -29.498984527875745 ], [ -71.33715069715069, -29.49871899082757 ], [ -71.335310811556411, -29.498703276193087 ], [ -71.335331091890225, -29.498390687224937 ], [ -71.335118530079313, -29.498125743787121 ], [ -71.334957175885421, -29.49863954962094 ], [ -71.334729532745072, -29.499139783962235 ], [ -71.334709779348884, -29.499183197287081 ], [ -71.334509233924621, -29.499499034128789 ], [ -71.334270402574504, -29.500411602807127 ], [ -71.333485367017772, -29.500922193837013 ], [ -71.332488369127788, -29.501251913696066 ], [ -71.331722178863046, -29.501073746219241 ], [ -71.331651381929348, -29.501003987696379 ], [ -71.331541619776218, -29.500750426397474 ], [ -71.331503400479946, -29.500595027122284 ], [ -71.331396565727843, -29.500469162104896 ], [ -71.331220884673101, -29.500358656259667 ], [ -71.331084944913499, -29.500474626136914 ], [ -71.331058102925184, -29.500815744705715 ], [ -71.33105390005646, -29.501383537162113 ], [ -71.330973487654418, -29.501654594734244 ], [ -71.330906812542466, -29.501769349870901 ], [ -71.330804201376509, -29.501827886631297 ], [ -71.330700386491159, -29.501829706915906 ], [ -71.330543545042147, -29.501789870300193 ], [ -71.330297612765094, -29.501638111277906 ], [ -71.330210708852007, -29.501625389891409 ], [ -71.330039567217142, -29.501713552073031 ], [ -71.330200211364698, -29.501923636225811 ], [ -71.330465083631722, -29.502146156643931 ], [ -71.330539236628283, -29.502357757551 ], [ -71.330540860576619, -29.502428637428739 ], [ -71.330473858950384, -29.50252922725425 ], [ -71.330300776205348, -29.502532261646465 ], [ -71.330157680839577, -29.502336030975236 ], [ -71.330049315862198, -29.502139191347851 ], [ -71.32985686642391, -29.502057401491875 ], [ -71.329771579087293, -29.50211572676438 ], [ -71.329757181123711, -29.502243726949295 ], [ -71.329934592578397, -29.502425102755833 ], [ -71.330131822162585, -29.50271971778546 ], [ -71.330188001512298, -29.502903218288974 ], [ -71.330137995641039, -29.502989256182474 ], [ -71.329933518667133, -29.503134832188874 ], [ -71.329709453723126, -29.503181345083114 ], [ -71.32950049236274, -29.503135299267896 ], [ -71.329447237414129, -29.50307949412468 ], [ -71.329377738427013, -29.503066458200532 ], [ -71.329292774138992, -29.50313893846452 ], [ -71.329333255760062, -29.503393715739783 ], [ -71.329335855675012, -29.503507247167491 ], [ -71.329215920174846, -29.503566095396533 ], [ -71.329129653528852, -29.503581767945807 ], [ -71.328836969524886, -29.503657896541597 ], [ -71.329040890923736, -29.503857847825234 ], [ -71.329335609899786, -29.504153730105163 ], [ -71.329680571230298, -29.504329020452058 ], [ -71.329715646160764, -29.504333810428697 ], [ -71.32971644671936, -29.504368806720322 ], [ -71.329784207665384, -29.50441425076562 ], [ -71.330040691980471, -29.504760878464268 ], [ -71.330181075999178, -29.50485656871869 ], [ -71.330181315273663, -29.504862421227902 ], [ -71.33023514549771, -29.50488475639624 ], [ -71.330250851049968, -29.504989494858734 ], [ -71.330225586485, -29.505048300930238 ], [ -71.33019889046227, -29.505048768939723 ], [ -71.33018692665911, -29.505107350850491 ], [ -71.330136194472843, -29.505224884433026 ], [ -71.330137531262068, -29.505283234074685 ], [ -71.330178606201358, -29.505329145702394 ], [ -71.330205837527188, -29.505352039190871 ], [ -71.330195476891916, -29.505480596479462 ], [ -71.33019708008456, -29.505550571856553 ], [ -71.330157617465161, -29.505574634555693 ], [ -71.330091726032563, -29.505610790962713 ], [ -71.329959651905583, -29.50567138636006 ], [ -71.329854403555501, -29.505731594412463 ], [ -71.329749840254607, -29.505826801596506 ], [ -71.329723132678666, -29.505827269720434 ], [ -71.329685540237818, -29.505932942432057 ], [ -71.329610888788622, -29.506167630417298 ], [ -71.329598121047354, -29.506191133061463 ], [ -71.329572226106777, -29.506226588210986 ], [ -71.329453293217, -29.506275396381838 ], [ -71.329386598708282, -29.506276565238991 ], [ -71.329359195868207, -29.506242044180954 ], [ -71.329332231144932, -29.506230794306038 ], [ -71.329278131973936, -29.506196740174232 ], [ -71.329264994455684, -29.506208693734536 ], [ -71.32914420086334, -29.506175808305326 ], [ -71.329091435913242, -29.506200011787175 ], [ -71.329065529446808, -29.506235467046416 ], [ -71.328986604745069, -29.50628357374389 ], [ -71.32889856105831, -29.506397437624209 ], [ -71.328901845288797, -29.506540905448109 ], [ -71.328968622003487, -29.506637894741289 ], [ -71.329071874811788, -29.506719169133806 ], [ -71.329036516111131, -29.506787814729247 ], [ -71.32889169240039, -29.506903661394784 ], [ -71.328785500335655, -29.507094339427741 ], [ -71.328715935022117, -29.507276884281872 ], [ -71.328764099561269, -29.507366708367275 ], [ -71.328994740229064, -29.507377733782921 ], [ -71.329675043573346, -29.507379346094069 ], [ -71.329758674651046, -29.507378508084205 ], [ -71.329812067935009, -29.507377572169702 ], [ -71.329839204714631, -29.507400458345991 ], [ -71.329865912721914, -29.507399991077936 ], [ -71.329892875915334, -29.507411157858709 ], [ -71.32990644547381, -29.507422651438233 ], [ -71.329919736068021, -29.507422418458486 ], [ -71.329946976135957, -29.507445219803614 ], [ -71.329973941250188, -29.507456469530418 ], [ -71.329987508716314, -29.50746787111926 ], [ -71.330000809624835, -29.507467637950352 ], [ -71.330027774977637, -29.507478897585099 ], [ -71.330041342245977, -29.507490290150123 ], [ -71.330188044006817, -29.507487718290086 ], [ -71.330214205598523, -29.507463897775256 ], [ -71.330240912563724, -29.507463429547265 ], [ -71.330267237474573, -29.507451328584249 ], [ -71.330293944435468, -29.507450860345788 ], [ -71.33034670882283, -29.50742657338871 ], [ -71.330413403008734, -29.507425404026858 ], [ -71.330441170122938, -29.507471650797367 ], [ -71.330481712045881, -29.507494209775199 ], [ -71.330495281471769, -29.507505694272368 ], [ -71.33049554808936, -29.507517329024388 ], [ -71.330562508953008, -29.50752779433606 ], [ -71.330695803619463, -29.507525457000309 ], [ -71.330722243948046, -29.507513353924605 ], [ -71.330748940607378, -29.507512885774656 ], [ -71.330775275792732, -29.507500785434654 ], [ -71.330828670133087, -29.507499849090387 ], [ -71.330881433371076, -29.507475561944737 ], [ -71.330908141357554, -29.507475093564494 ], [ -71.330934465151444, -29.507462992491547 ], [ -71.331121164314979, -29.507459718146265 ], [ -71.331148137953519, -29.50747088448286 ], [ -71.331201436388653, -29.507469949671339 ], [ -71.331255376336443, -29.507492366332947 ], [ -71.331281967826527, -29.507491899920669 ], [ -71.33136277547716, -29.507525492817248 ], [ -71.331376437943149, -29.507536892591411 ], [ -71.33138973884752, -29.507536659283101 ], [ -71.331416703047694, -29.507547816707255 ], [ -71.331430272807367, -29.507559311022181 ], [ -71.331443678867814, -29.507559075863792 ], [ -71.331470536873994, -29.507570234237171 ], [ -71.331484209666826, -29.507581633818347 ], [ -71.331498046171589, -29.507604762869189 ], [ -71.331511347083691, -29.507604529548228 ], [ -71.331552948906378, -29.507673802298893 ], [ -71.331568751287634, -29.507778538803141 ], [ -71.331529555551512, -29.507814218621384 ], [ -71.331477488462127, -29.507873505000116 ], [ -71.331425002427878, -29.507909435965288 ], [ -71.331385259901111, -29.50792176349356 ], [ -71.331358831976047, -29.507933958502623 ], [ -71.33130580001874, -29.507946528135079 ], [ -71.331239372034418, -29.507959323690475 ], [ -71.331186864217699, -29.507995254947907 ], [ -71.331173468406547, -29.50799548990274 ], [ -71.331147401770281, -29.508019308936422 ], [ -71.330885785478344, -29.508245646201924 ], [ -71.330845787627197, -29.508246347650193 ], [ -71.330818288888793, -29.508211828622272 ], [ -71.33076417574371, -29.508177683389718 ], [ -71.330628102955117, -29.508063425393694 ], [ -71.330521399231856, -29.50806529643177 ], [ -71.330468902015696, -29.508101209187359 ], [ -71.330377743201055, -29.508196181870805 ], [ -71.330365149294252, -29.508231412982628 ], [ -71.330380148642064, -29.508301153446524 ], [ -71.330435221037902, -29.508414965444864 ] ] ] ] } },
{ "type": "Feature", "properties": { "fid": 45, "OBJECTID_1": 216, "OBJECTID": 227, "NOM_COM": "LA HIGUERA", "PROVINCIA": "ELQUI", "Z_COMUNAL": "ZONA DE PESCA ARTESANAL Y CALETAS", "USO": "AREAS DE MANEJO Y EXPLOTACION (AMERB)", "REGIONAL": "AREAS PARA ACTIVIDADES INDUSTRIALES, ECONOMICAS Y DE DESARROLLO", "Shape_Leng": 4257.6103932100004, "LEYENDA": "AREA DE MANEJO EN TRAMITE", "Shape__Area": 524531.17602539062, "Shape__Length": 4257.4835347052112, "Nota": "La Zonificación de Uso del Borde Costero de la Región de Coquimbo, constituye un instrumento aún vigente, y que declara áreas con orientaciones de usos específicos, en el borde costero regional. Por lo tanto, se sugiere su uso de acuerdo a la microzonificación según se señala en todas las publicaciones, y que fué aprobada mediante Decreto Supremo Nº 518 Zonificación de Coquimbo, 12 de diciembre de 2005.", "Origen Dato": "https://gorecoquimbo.maps.arcgis.com/apps/CompareAnalysis/index.html?appid=b4f178d41fb24ab8a871596de568a2f7", "Mapa Completo": "https://www.gorecoquimbo.cl/gorecoquimbo/site/artic/20150722/asocfile/20150722092144/comunal.jpg", "Link Memoria": "https://www.gorecoquimbo.cl/gorecoquimbo/site/artic/20150722/asocfile/20150722091730/memoria_explicativa_zonifi.pdf" }, "geometry": { "type": "MultiPolygon", "coordinates": [ [ [ [ -71.317968292085226, -29.642747989958121 ], [ -71.317977160064743, -29.642776425173729 ], [ -71.318017746550552, -29.642799076917338 ], [ -71.318153626179537, -29.642901713774155 ], [ -71.318289352865236, -29.642992620053281 ], [ -71.318451431169805, -29.643071519771858 ], [ -71.318492285616699, -29.643105805952761 ], [ -71.318493621938387, -29.64316414496475 ], [ -71.318389459410099, -29.643282618730776 ], [ -71.318350198571494, -29.643318306314747 ], [ -71.318365923622636, -29.643423043679963 ], [ -71.318394805944209, -29.643515901688708 ], [ -71.318383626629455, -29.643609470383264 ], [ -71.318384159828312, -29.643632730593115 ], [ -71.318306195062348, -29.643727467490503 ], [ -71.31830673056109, -29.643750828699247 ], [ -71.318267200721863, -29.643774789673014 ], [ -71.318269875474186, -29.643891477586617 ], [ -71.318283996579623, -29.643926240441711 ], [ -71.318338169250296, -29.643960294600859 ], [ -71.318379558324267, -29.644017933002072 ], [ -71.318420154863475, -29.64404050142528 ], [ -71.318461008703835, -29.644074788510409 ], [ -71.318502397896651, -29.644132426865987 ], [ -71.318510643375419, -29.64414058763154 ], [ -71.318546460579853, -29.644306680045801 ], [ -71.318534073923701, -29.644311136742857 ], [ -71.318163782298029, -29.644511748676219 ], [ -71.318137689897711, -29.64453556660531 ], [ -71.317980141997225, -29.644654964811608 ], [ -71.317914694272915, -29.644714480854745 ], [ -71.317984151763042, -29.644829908771154 ], [ -71.318011325297618, -29.644852804088575 ], [ -71.318012393686828, -29.644899416492084 ], [ -71.317988161564244, -29.645004852725581 ], [ -71.318001749430138, -29.645016347275032 ], [ -71.31796276480955, -29.645063669213606 ], [ -71.317936031692881, -29.645064136760652 ], [ -71.317924316419351, -29.645134343316808 ], [ -71.317913136593575, -29.645227911983987 ], [ -71.317926990923723, -29.645251031234874 ], [ -71.318048751828982, -29.645318913245145 ], [ -71.318169453223021, -29.645340071623014 ], [ -71.31823678559148, -29.645362265355811 ], [ -71.318290412144634, -29.645372957580285 ], [ -71.318317948413224, -29.64540747673562 ], [ -71.318331813390543, -29.645430604774326 ], [ -71.318359884226879, -29.645488486040716 ], [ -71.318386883964251, -29.645499643994942 ], [ -71.318400738647668, -29.645522772205169 ], [ -71.318415126606226, -29.645569161517852 ], [ -71.318455981079111, -29.645603447662111 ], [ -71.318509994312379, -29.645625864320024 ], [ -71.318696413062511, -29.645599241458104 ], [ -71.318816571245222, -29.645597140106045 ], [ -71.318884332816566, -29.645642677607896 ], [ -71.318884599598846, -29.645654312213971 ], [ -71.318925989962182, -29.645711960295838 ], [ -71.318952733554568, -29.645711492359343 ], [ -71.318980802489961, -29.645769271568639 ], [ -71.319034976593372, -29.645803333483713 ], [ -71.319035781030266, -29.645838413141956 ], [ -71.318998402272996, -29.645955709807346 ], [ -71.318935080977994, -29.646108460301875 ], [ -71.318909255175129, -29.646143912995164 ], [ -71.318910862062296, -29.64621398844972 ], [ -71.318939093728815, -29.646283497004688 ], [ -71.318940162814201, -29.646330118385148 ], [ -71.319007762596485, -29.64636393726429 ], [ -71.319114879548906, -29.646373702171481 ], [ -71.319220927298346, -29.646336845620134 ], [ -71.319327127054237, -29.646311708593213 ], [ -71.319406441241966, -29.646275319740099 ], [ -71.319620140223662, -29.646271579648349 ], [ -71.319727513684924, -29.646292979742931 ], [ -71.319769171461985, -29.646362252194123 ], [ -71.319810562422077, -29.646419890933156 ], [ -71.319863934324957, -29.646418956701627 ], [ -71.319892016633219, -29.646476836490432 ], [ -71.319921329950631, -29.646592965940524 ], [ -71.319925343387993, -29.646767909607988 ], [ -71.319979346210289, -29.646790326712178 ], [ -71.320086732698982, -29.646811817377699 ], [ -71.32022155824707, -29.646867728234035 ], [ -71.320289683433202, -29.646924906875576 ], [ -71.320305399949092, -29.647029644017593 ], [ -71.320215186090692, -29.64717123654594 ], [ -71.320202306559437, -29.647194823559211 ], [ -71.320135614928844, -29.647195991127482 ], [ -71.320122736408052, -29.647219578116044 ], [ -71.319990583308112, -29.647280170935403 ], [ -71.319912083706157, -29.64735163961236 ], [ -71.31988614255674, -29.647387103530342 ], [ -71.319846356208274, -29.647399430226432 ], [ -71.319806837834591, -29.647423483504717 ], [ -71.319780371033943, -29.647435586052783 ], [ -71.319767051667625, -29.647435819195888 ], [ -71.31967496359141, -29.647495802427727 ], [ -71.319568380214037, -29.647509307218762 ], [ -71.319501592337616, -29.647510476159738 ], [ -71.319462064541852, -29.647534529504188 ], [ -71.319355223517633, -29.647536399366103 ], [ -71.319247942900304, -29.647514915299752 ], [ -71.319114357793907, -29.64751725208653 ], [ -71.319062053446018, -29.647564807433479 ], [ -71.319023327897384, -29.647623848322212 ], [ -71.319010981666565, -29.647670704439317 ], [ -71.318971464007191, -29.647694757465889 ], [ -71.318879096163911, -29.647743022796348 ], [ -71.318667544235737, -29.647840087401804 ], [ -71.318522884586699, -29.647935991355805 ], [ -71.318430154355909, -29.647972614433456 ], [ -71.318323848385774, -29.647997844682411 ], [ -71.318217904890687, -29.648034698759091 ], [ -71.318086188808962, -29.648118643649191 ], [ -71.318007140430865, -29.648166666397337 ], [ -71.317795157833388, -29.648240468572521 ], [ -71.317370002425875, -29.648341182910162 ], [ -71.3171562989384, -29.648344928629289 ], [ -71.317048378031203, -29.648300165511767 ], [ -71.316941642348624, -29.648302031613497 ], [ -71.316726869694946, -29.648259155216099 ], [ -71.316619320029361, -29.648225941531624 ], [ -71.316403479414873, -29.648136433224188 ], [ -71.316295836893886, -29.648103303886447 ], [ -71.316188555108326, -29.648081817358872 ], [ -71.316081437480676, -29.648072050151793 ], [ -71.315866140863463, -29.648005809995524 ], [ -71.315758325258898, -29.647960960953188 ], [ -71.315650671953819, -29.647927840284797 ], [ -71.315436433119615, -29.647908221962322 ], [ -71.315115994615411, -29.647913819206416 ], [ -71.315008075195209, -29.647869064269212 ], [ -71.314793942643135, -29.6478494331168 ], [ -71.314686568492704, -29.647828038979331 ], [ -71.314472436260147, -29.647808416316579 ], [ -71.314365584245238, -29.647810282354001 ], [ -71.314152957454581, -29.64786063551848 ], [ -71.31404647984165, -29.647874217049708 ], [ -71.313940428337375, -29.647911069639214 ], [ -71.313834118928924, -29.647936203459214 ], [ -71.313728067271711, -29.647973055886066 ], [ -71.313622390192975, -29.648021633903337 ], [ -71.313516338359079, -29.648058486169212 ], [ -71.31338488732392, -29.648154153205542 ], [ -71.313332313639364, -29.6481900718018 ], [ -71.313320337205795, -29.648248561224261 ], [ -71.313280818061472, -29.648272621654069 ], [ -71.313201765842322, -29.648320632663257 ], [ -71.313056460423425, -29.648393179632958 ], [ -71.312963995561461, -29.648441516623471 ], [ -71.312831580549613, -29.648490477696072 ], [ -71.312778475296412, -29.648503126770322 ], [ -71.312739754030858, -29.648562081987187 ], [ -71.312686274394324, -29.648563015267769 ], [ -71.312673488909354, -29.648586599973505 ], [ -71.312582622113155, -29.648704827594127 ], [ -71.312507583031547, -29.648927893487713 ], [ -71.312481209643721, -29.648939983968067 ], [ -71.312482009786265, -29.648974970890158 ], [ -71.312445737303193, -29.649023601711448 ], [ -71.312462642019526, -29.649188936207359 ], [ -71.312746334904006, -29.649437122674147 ], [ -71.312882334571867, -29.649539761731965 ], [ -71.312922922870911, -29.649562415832296 ], [ -71.312950886476642, -29.649620290235958 ], [ -71.312978421454773, -29.649654820454735 ], [ -71.312994418681598, -29.649771183161477 ], [ -71.31298375602772, -29.649888021101876 ], [ -71.312973381847499, -29.650016567272829 ], [ -71.313013704395189, -29.650027594801465 ], [ -71.313162107655074, -29.6500950071406 ], [ -71.313309548863771, -29.650115712041696 ], [ -71.313349882651764, -29.65012673114953 ], [ -71.313377149587865, -29.65014953374218 ], [ -71.31345752655858, -29.650159861906413 ], [ -71.313485327639782, -29.650206007705389 ], [ -71.313514903400545, -29.650333865476242 ], [ -71.313487997800991, -29.650322705820649 ], [ -71.313448743925576, -29.6503583919602 ], [ -71.313395529341335, -29.650370950301483 ], [ -71.313382219852116, -29.650371182643852 ], [ -71.313276165738614, -29.650408044762948 ], [ -71.313236645568338, -29.650432096200888 ], [ -71.313224926642391, -29.650502302499447 ], [ -71.313225714425243, -29.650536735707743 ], [ -71.313225727299141, -29.650537298412605 ], [ -71.313244347649118, -29.650545019483467 ], [ -71.31464277261945, -29.650505796523319 ], [ -71.316307009984328, -29.650455456413617 ], [ -71.324570027239815, -29.650205191059531 ], [ -71.322042294261635, -29.642587073325647 ], [ -71.317968292085226, -29.642747989958121 ] ] ] ] } },
{ "type": "Feature", "properties": { "fid": 46, "OBJECTID_1": 206, "OBJECTID": 217, "NOM_COM": "LA HIGUERA", "PROVINCIA": "ELQUI", "Z_COMUNAL": "ZONA DE PESCA ARTESANAL Y CALETAS", "USO": "INDUSTRIAL BAJO IMPACTO", "REGIONAL": "AREAS PARA ACTIVIDADES INDUSTRIALES, ECONOMICAS Y DE DESARROLLO", "Shape_Leng": 4354.2484823300001, "LEYENDA": "AREAS DE MANEJO Y EXPLOTACION (AMERB)", "Shape__Area": 677337.11303710938, "Shape__Length": 4354.1197065568867, "Nota": "La Zonificación de Uso del Borde Costero de la Región de Coquimbo, constituye un instrumento aún vigente, y que declara áreas con orientaciones de usos específicos, en el borde costero regional. Por lo tanto, se sugiere su uso de acuerdo a la microzonificación según se señala en todas las publicaciones, y que fué aprobada mediante Decreto Supremo Nº 518 Zonificación de Coquimbo, 12 de diciembre de 2005.", "Origen Dato": "https://gorecoquimbo.maps.arcgis.com/apps/CompareAnalysis/index.html?appid=b4f178d41fb24ab8a871596de568a2f7", "Mapa Completo": "https://www.gorecoquimbo.cl/gorecoquimbo/site/artic/20150722/asocfile/20150722092144/comunal.jpg", "Link Memoria": "https://www.gorecoquimbo.cl/gorecoquimbo/site/artic/20150722/asocfile/20150722091730/memoria_explicativa_zonifi.pdf" }, "geometry": { "type": "MultiPolygon", "coordinates": [ [ [ [ -71.313271137545797, -29.453416815039073 ], [ -71.313264422992006, -29.453421402840224 ], [ -71.313198058011366, -29.453422555652541 ], [ -71.313105548624534, -29.453447442976909 ], [ -71.313067881527346, -29.453541104336384 ], [ -71.313028274793552, -29.453553431500648 ], [ -71.313030909791465, -29.453669588440018 ], [ -71.313021835576123, -29.453855766552007 ], [ -71.313026054641256, -29.454041723506606 ], [ -71.312966557269604, -29.454345063844979 ], [ -71.312914975044208, -29.454415788932074 ], [ -71.312826251056805, -29.454603352409027 ], [ -71.312722123950905, -29.454698176979971 ], [ -71.312629705976676, -29.45472296950582 ], [ -71.3125492674002, -29.45468954171006 ], [ -71.312521633564515, -29.454643472672817 ], [ -71.312441447713127, -29.454621679094817 ], [ -71.312427109145474, -29.454575378977687 ], [ -71.312320871186571, -29.45457722521887 ], [ -71.312281790649649, -29.454612813175849 ], [ -71.312258893193885, -29.454775962243584 ], [ -71.312327462342125, -29.454867786273105 ], [ -71.312381325812325, -29.454901759939126 ], [ -71.312370405106279, -29.455006604012535 ], [ -71.312321552103811, -29.455193474288876 ], [ -71.312152553650691, -29.455359162227801 ], [ -71.311980223828812, -29.455373795367517 ], [ -71.311859108404576, -29.455306071300111 ], [ -71.311657827549979, -29.45521655272255 ], [ -71.311498423151036, -29.455219321991851 ], [ -71.311261846047927, -29.455328085926055 ], [ -71.311235257489855, -29.45532854777365 ], [ -71.311196176301735, -29.455364136346152 ], [ -71.311185254353092, -29.455468980384911 ], [ -71.311159034501131, -29.455481066378418 ], [ -71.311146267893434, -29.45550456729935 ], [ -71.310996490554601, -29.455895183234389 ], [ -71.310979746552604, -29.456315884836968 ], [ -71.311007690492843, -29.456425458613147 ], [ -71.311008743544562, -29.456471896719087 ], [ -71.311035584934928, -29.456483071001188 ], [ -71.311049670679111, -29.456517735175591 ], [ -71.311050726064764, -29.456564275182732 ], [ -71.311172629767952, -29.456666711939288 ], [ -71.31121292545599, -29.456689291161233 ], [ -71.311266631027564, -29.456711637430455 ], [ -71.311320483859035, -29.456745611680514 ], [ -71.311348389888181, -29.456803222887238 ], [ -71.31140287482657, -29.456860382287154 ], [ -71.311447397241665, -29.457068900294498 ], [ -71.31144950611457, -29.457161878371352 ], [ -71.3114781927395, -29.457254395627302 ], [ -71.311493595991891, -29.457347133719619 ], [ -71.311520702584914, -29.457369941963741 ], [ -71.311547988403063, -29.457404377647755 ], [ -71.311548252315632, -29.457416012643925 ], [ -71.311654743793923, -29.457425710066978 ], [ -71.311734500778897, -29.45742432434659 ], [ -71.311814943454394, -29.457457845404349 ], [ -71.311828501746191, -29.457469240383986 ], [ -71.311868808199989, -29.457491819200314 ], [ -71.311950135356071, -29.457560142500473 ], [ -71.311950399316203, -29.457571777493062 ], [ -71.311977675028018, -29.457606213256081 ], [ -71.312084535802455, -29.457627543486804 ], [ -71.312164198121764, -29.457626159147733 ], [ -71.312244378120084, -29.457648044920209 ], [ -71.312284250501037, -29.457647351992051 ], [ -71.312311790345603, -29.45769342266837 ], [ -71.312352189700562, -29.457715907695903 ], [ -71.312366012094358, -29.457738937604052 ], [ -71.312393129284914, -29.457761745473611 ], [ -71.312393919216248, -29.457796557554193 ], [ -71.312382207259532, -29.457866580522641 ], [ -71.31238299721096, -29.457901393504734 ], [ -71.312356408002955, -29.45790185561281 ], [ -71.312343915504357, -29.457936981532207 ], [ -71.312304665820719, -29.457960942814871 ], [ -71.312212931516115, -29.458020633886189 ], [ -71.312120522826618, -29.458045518022651 ], [ -71.312067978417019, -29.458069710269932 ], [ -71.312002041227259, -29.458094034181002 ], [ -71.312002833143097, -29.458128939154619 ], [ -71.311963582045777, -29.458152890442516 ], [ -71.311964109982, -29.458176160425374 ], [ -71.311925817848504, -29.458246562235477 ], [ -71.311901348232325, -29.458340002108791 ], [ -71.311916740766549, -29.458432740305103 ], [ -71.311931353194737, -29.458490592264422 ], [ -71.311958470301846, -29.458513391196679 ], [ -71.311986105066211, -29.458559460282878 ], [ -71.31201390612226, -29.458617083051809 ], [ -71.31201496183364, -29.458663613994549 ], [ -71.31198900440053, -29.45868725129116 ], [ -71.311976247740702, -29.458710743095864 ], [ -71.311949922286416, -29.458722840124771 ], [ -71.311952558472399, -29.45883907912614 ], [ -71.31197941190959, -29.458850252075511 ], [ -71.311993222207391, -29.458873199228712 ], [ -71.311996915208482, -29.459035969146736 ], [ -71.311957831089828, -29.45907147502276 ], [ -71.311945064280962, -29.459094976023284 ], [ -71.311932571520714, -29.459130101913985 ], [ -71.311906507840988, -29.459153741946604 ], [ -71.311893318174455, -29.459153971136271 ], [ -71.311882132849078, -29.459247180170241 ], [ -71.311857654615594, -29.459340704084145 ], [ -71.311818570336087, -29.459376209926788 ], [ -71.31179277239309, -29.459411566995378 ], [ -71.311753793169629, -29.459447070995058 ], [ -71.311727467501669, -29.459459167990556 ], [ -71.311661900482576, -29.459495216930463 ], [ -71.311543681117215, -29.459555375883184 ], [ -71.311478283094004, -29.459603061378868 ], [ -71.311400210701692, -29.459674153270431 ], [ -71.311373884929935, -29.459686250201017 ], [ -71.311375729837678, -29.459767584234722 ], [ -71.311351354265469, -29.459861023289577 ], [ -71.311312535385895, -29.45990824605872 ], [ -71.311299504421299, -29.459920112014608 ], [ -71.311286735072613, -29.459943511961939 ], [ -71.311207873931508, -29.459979800661163 ], [ -71.311208401734504, -29.460003070650068 ], [ -71.311047933442964, -29.459959308841551 ], [ -71.310954196156942, -29.459926110336571 ], [ -71.31086177280639, -29.459950892880507 ], [ -71.310821899484466, -29.459951585431664 ], [ -71.310796734090331, -29.460010220420838 ], [ -71.310770408154326, -29.460022317240046 ], [ -71.310705893688393, -29.460104812852023 ], [ -71.3106795778167, -29.460116900458068 ], [ -71.310640482498101, -29.460152405266459 ], [ -71.310614694481771, -29.460187771876576 ], [ -71.310588473379013, -29.460199857819767 ], [ -71.310575706121838, -29.460223358710117 ], [ -71.310497263686841, -29.460282816951512 ], [ -71.310365863168684, -29.460343204719209 ], [ -71.310286631219142, -29.46036785072873 ], [ -71.31020724175778, -29.460380867964272 ], [ -71.310048987012166, -29.460430072221119 ], [ -71.30998384137088, -29.460489401245287 ], [ -71.30995751500258, -29.460501488896782 ], [ -71.309932357205028, -29.460560031590141 ], [ -71.309932620762694, -29.460571657576093 ], [ -71.309947759777117, -29.460652769868808 ], [ -71.309949867385612, -29.4607457389762 ], [ -71.309938679188633, -29.460838948852604 ], [ -71.309912616694277, -29.46086268052137 ], [ -71.309913669437421, -29.460909118632316 ], [ -71.309887606920071, -29.460932850297269 ], [ -71.309862082007498, -29.460979842768459 ], [ -71.309809545837879, -29.461004034046489 ], [ -71.309810598764997, -29.46105048207961 ], [ -71.309785063465128, -29.461097473815887 ], [ -71.309760579838795, -29.461190905483743 ], [ -71.309761632526744, -29.461237343597382 ], [ -71.309789277665999, -29.461283421975871 ], [ -71.309831270652296, -29.461375708535051 ], [ -71.309885914816192, -29.461444495359295 ], [ -71.309953960107563, -29.461513041359623 ], [ -71.310063367603945, -29.461650715643554 ], [ -71.310076662718444, -29.461650484792564 ], [ -71.310157106047185, -29.461683904778084 ], [ -71.310237278448682, -29.461705782758692 ], [ -71.310316932723538, -29.46170439954841 ], [ -71.31039723131569, -29.461726294184366 ], [ -71.310476875292863, -29.46172491105645 ], [ -71.310636712375825, -29.461745405256249 ], [ -71.310716998440228, -29.461767197969252 ], [ -71.310797445183496, -29.461800710417513 ], [ -71.310851311193815, -29.461834693534261 ], [ -71.31089197562676, -29.461868803994577 ], [ -71.310932906084261, -29.461914642319346 ], [ -71.310933169975087, -29.461926277312685 ], [ -71.310960823850309, -29.461972254223681 ], [ -71.310975847519899, -29.462053368350215 ], [ -71.311003493233969, -29.462099437410927 ], [ -71.311017580105769, -29.462134111439781 ], [ -71.311178038459317, -29.462177781298855 ], [ -71.311257693049996, -29.462176397505537 ], [ -71.31133788687049, -29.462198284348574 ], [ -71.31133815058557, -29.462209909418323 ], [ -71.311472557232563, -29.462277319684784 ], [ -71.311580373464977, -29.462345182803237 ], [ -71.311621578703352, -29.462402655693445 ], [ -71.311623951964378, -29.462507259653023 ], [ -71.311572626923279, -29.462589527420125 ], [ -71.311561441149394, -29.46268273641958 ], [ -71.311615138502518, -29.462705073531616 ], [ -71.31161619232526, -29.462751521493587 ], [ -71.311642941458899, -29.462762686357078 ], [ -71.311683881048452, -29.462808441262499 ], [ -71.311697693969364, -29.462831480391447 ], [ -71.311765645777783, -29.462900036017349 ], [ -71.311820928132988, -29.462992173907047 ], [ -71.311875046507197, -29.463037689810104 ], [ -71.311901901077192, -29.463048862708611 ], [ -71.311969159253081, -29.463082613501953 ], [ -71.312009992756131, -29.463128360214657 ], [ -71.312050660207419, -29.463162563150096 ], [ -71.312091495035531, -29.463208319735372 ], [ -71.312382720933215, -29.463340291419353 ], [ -71.312859493782526, -29.463448649950351 ], [ -71.312854919867277, -29.463474087160844 ], [ -71.312855447896155, -29.463497347190675 ], [ -71.312909570126578, -29.463542955496536 ], [ -71.312949456129672, -29.463542262046424 ], [ -71.312963805936405, -29.463588478805587 ], [ -71.312990544314772, -29.463599653493393 ], [ -71.313085342045383, -29.463679381197064 ], [ -71.313112196700274, -29.463690544815645 ], [ -71.313233575006905, -29.463769809337713 ], [ -71.313366413216286, -29.46376750035996 ], [ -71.313499768461725, -29.46378846048307 ], [ -71.313765328397906, -29.463783842984604 ], [ -71.313831266397813, -29.463759417038581 ], [ -71.313883540715551, -29.463723681172247 ], [ -71.313882483933739, -29.463677150326401 ], [ -71.313935126720182, -29.463652965498898 ], [ -71.31396013395964, -29.463582785184148 ], [ -71.313996746469641, -29.463442593601503 ], [ -71.314061893488201, -29.463383354642804 ], [ -71.314113111714889, -29.463301088741922 ], [ -71.314125878671405, -29.463277596563334 ], [ -71.314152194670569, -29.463265499240144 ], [ -71.314191448976416, -29.46324163020855 ], [ -71.314256593870098, -29.46318230820086 ], [ -71.314360200219326, -29.463064221216626 ], [ -71.3145168727401, -29.462945293947083 ], [ -71.314569250654884, -29.462909473031413 ], [ -71.314648376995834, -29.462884818157288 ], [ -71.314754623436428, -29.462882969586595 ], [ -71.314782524062082, -29.462940672907564 ], [ -71.314837712372977, -29.463032727174369 ], [ -71.314854175223374, -29.463171912440917 ], [ -71.314869042983872, -29.463241390048999 ], [ -71.314909457531542, -29.463263965934718 ], [ -71.314923017171566, -29.463275369546377 ], [ -71.314949766782547, -29.463286534618156 ], [ -71.315029252458345, -29.463273511913588 ], [ -71.315134970710631, -29.463248402121923 ], [ -71.315161286568326, -29.463236304605928 ], [ -71.315265684858474, -29.463153112820617 ], [ -71.315423147530538, -29.463068997415938 ], [ -71.315555182289259, -29.463031882641207 ], [ -71.315673402043814, -29.462971636174291 ], [ -71.315739232866974, -29.462947211180502 ], [ -71.315764768861285, -29.462900310402613 ], [ -71.315803585368798, -29.462853076501723 ], [ -71.315959992536904, -29.462722521687219 ], [ -71.3159727587866, -29.462699020338746 ], [ -71.316104790744831, -29.462661813070465 ], [ -71.316236032209218, -29.462589792795825 ], [ -71.316367442165827, -29.462529409017201 ], [ -71.316485396295533, -29.462457526935403 ], [ -71.316657040214523, -29.462408072846106 ], [ -71.316789864971639, -29.462405759844227 ], [ -71.316871115906679, -29.462474081145924 ], [ -71.316897960495027, -29.462485253193694 ], [ -71.316927087966718, -29.462601030470019 ], [ -71.316943553748004, -29.462740224351517 ], [ -71.316997781342167, -29.462785829107013 ], [ -71.317052432013114, -29.462854613549837 ], [ -71.317065991614655, -29.462866007915462 ], [ -71.317225407340842, -29.462863231327013 ], [ -71.317277954007281, -29.462839045989082 ], [ -71.317343627924799, -29.46280307632302 ], [ -71.317603886078061, -29.462565973674032 ], [ -71.317658217856248, -29.462520981468892 ], [ -71.317395476150992, -29.458469418248114 ], [ -71.317042843129471, -29.452381842927505 ], [ -71.316921180344309, -29.450067369897393 ], [ -71.316895132250309, -29.450091093532858 ], [ -71.316714538128167, -29.450326817074476 ], [ -71.316639117922421, -29.450514150285379 ], [ -71.316483946026892, -29.450702872692197 ], [ -71.316448406339291, -29.450889521492439 ], [ -71.316359586517549, -29.45107708782151 ], [ -71.316295081921254, -29.451159585689396 ], [ -71.316162790206889, -29.451185167515384 ], [ -71.316097502609978, -29.45123276111314 ], [ -71.315792095721321, -29.451238075513796 ], [ -71.315474461290052, -29.451290151251015 ], [ -71.315316382529204, -29.451350997731137 ], [ -71.315289805387948, -29.45135146015263 ], [ -71.315251348578073, -29.451410235113126 ], [ -71.315212270262677, -29.4514458238244 ], [ -71.315173456407848, -29.451493057421931 ], [ -71.315095382053869, -29.451564142242809 ], [ -71.315072499779632, -29.451727291400285 ], [ -71.315079098030338, -29.452017852914729 ], [ -71.31505277466168, -29.452029950454325 ], [ -71.315014592841635, -29.452100350222238 ], [ -71.314819377003275, -29.452278219948315 ], [ -71.31474015055133, -29.45230278436993 ], [ -71.314674061936913, -29.452315573562121 ], [ -71.31458164855961, -29.452340451175573 ], [ -71.314462923137967, -29.452377434979017 ], [ -71.31430484101557, -29.452438280390872 ], [ -71.31429128296989, -29.452426876616382 ], [ -71.314226248549716, -29.452486103620767 ], [ -71.314227833339018, -29.452555904498745 ], [ -71.314201509927472, -29.452568010900038 ], [ -71.314176345527358, -29.452626535461413 ], [ -71.314074869928447, -29.4528376005903 ], [ -71.314061576000626, -29.452837831777952 ], [ -71.313931137328453, -29.452944754352682 ], [ -71.313852808425651, -29.45300421237425 ], [ -71.31357784470957, -29.453183384107572 ], [ -71.313421439848227, -29.453314027819605 ], [ -71.313271137545797, -29.453416815039073 ] ] ] ] } },
{ "type": "Feature", "properties": { "fid": 47, "OBJECTID_1": 475, "OBJECTID": 488, "NOM_COM": "LA HIGUERA", "PROVINCIA": "ELQUI", "Z_COMUNAL": "ZONA DE CONSERVACION DE LA NATURALEZA", "USO": "AREAS DE MANEJO Y EXPLOTACION (AMERB)", "REGIONAL": "AREAS PROTEGIDAS", "Shape_Leng": 4876.3564527999997, "LEYENDA": "RESTRICCION ECOLOGICA", "Shape__Area": 619066.90441894531, "Shape__Length": 4876.2140433887798, "Nota": "La Zonificación de Uso del Borde Costero de la Región de Coquimbo, constituye un instrumento aún vigente, y que declara áreas con orientaciones de usos específicos, en el borde costero regional. Por lo tanto, se sugiere su uso de acuerdo a la microzonificación según se señala en todas las publicaciones, y que fué aprobada mediante Decreto Supremo Nº 518 Zonificación de Coquimbo, 12 de diciembre de 2005.", "Origen Dato": "https://gorecoquimbo.maps.arcgis.com/apps/CompareAnalysis/index.html?appid=b4f178d41fb24ab8a871596de568a2f7", "Mapa Completo": "https://www.gorecoquimbo.cl/gorecoquimbo/site/artic/20150722/asocfile/20150722092144/comunal.jpg", "Link Memoria": "https://www.gorecoquimbo.cl/gorecoquimbo/site/artic/20150722/asocfile/20150722091730/memoria_explicativa_zonifi.pdf" }, "geometry": { "type": "MultiPolygon", "coordinates": [ [ [ [ -71.471678337884811, -29.216897396740951 ], [ -71.471765495585572, -29.216817646337645 ], [ -71.471870934194214, -29.216733151075168 ], [ -71.471976186554244, -29.216636927945867 ], [ -71.472081720613019, -29.216552439786344 ], [ -71.47218686450951, -29.216456126492737 ], [ -71.472292681923477, -29.216383448069781 ], [ -71.472398790959573, -29.216322486386471 ], [ -71.47250505717497, -29.21627333684561 ], [ -71.472612301376074, -29.216259631664439 ], [ -71.472718861671424, -29.216222300670676 ], [ -71.472825809298158, -29.216196684640316 ], [ -71.473254535637238, -29.216141571129167 ], [ -71.47336148419771, -29.216116046677477 ], [ -71.473574719930241, -29.216041381314355 ], [ -71.473721108285616, -29.215979673539806 ], [ -71.473747655074845, -29.215967451227005 ], [ -71.473786633098157, -29.215907730329935 ], [ -71.473799433868137, -29.215883947175936 ], [ -71.473825789308407, -29.215859830270489 ], [ -71.473837173483332, -29.215777073484318 ], [ -71.473876898409102, -29.215752792234333 ], [ -71.4739689676436, -29.215668542749508 ], [ -71.474141627213442, -29.215582803064098 ], [ -71.474194814050946, -29.215558272654334 ], [ -71.47419396429612, -29.215522926909799 ], [ -71.474260044275923, -29.215474528583279 ], [ -71.474270683169038, -29.215356424997541 ], [ -71.474267281676404, -29.215214941930704 ], [ -71.474236949172266, -29.215074049167178 ], [ -71.474208715501561, -29.215015664639907 ], [ -71.474180930087343, -29.214980715316326 ], [ -71.474178097031341, -29.214862870005661 ], [ -71.474215554050986, -29.214744270228699 ], [ -71.474321084094186, -29.214659771485948 ], [ -71.474534315835157, -29.214585094878295 ], [ -71.474641829348784, -29.2145831053645 ], [ -71.474748775909944, -29.214557580815363 ], [ -71.474828506340046, -29.214520743840211 ], [ -71.474855334588383, -29.214520247339085 ], [ -71.474894784068425, -29.214484156692027 ], [ -71.475041453383255, -29.214434257499484 ], [ -71.475199788756655, -29.214313420207741 ], [ -71.475239615615564, -29.214289052799735 ], [ -71.475252121362303, -29.214253451746924 ], [ -71.47533242890691, -29.214240243061422 ], [ -71.475345040464049, -29.214204639140544 ], [ -71.475436257019922, -29.214085043962946 ], [ -71.475500644073364, -29.213965852464632 ], [ -71.475551465504552, -29.213847004079689 ], [ -71.475576121702375, -29.213752279304007 ], [ -71.475575585354491, -29.213729980609237 ], [ -71.475575553384871, -29.213728651470323 ], [ -71.475626480738697, -29.213609811024256 ], [ -71.475731052146983, -29.21348995852075 ], [ -71.475849191182405, -29.213369864680018 ], [ -71.475994062248773, -29.213249275809254 ], [ -71.476085845674547, -29.213153308094935 ], [ -71.47629735960615, -29.213007845729326 ], [ -71.476403454650423, -29.212946974253381 ], [ -71.476509265190231, -29.21287428383069 ], [ -71.476721923129347, -29.212775985228053 ], [ -71.476828478167775, -29.212738651242205 ], [ -71.476934854569308, -29.212689496348986 ], [ -71.477253039277116, -29.212506788280439 ], [ -71.477358564485272, -29.212422287397821 ], [ -71.477517743981366, -29.212336802382119 ], [ -71.477570369827561, -29.212288642771828 ], [ -71.477596346412838, -29.212252791067531 ], [ -71.477636351350597, -29.212240235706922 ], [ -71.477636067070691, -29.212228425863614 ], [ -71.477673519302627, -29.212109825368898 ], [ -71.477694778792937, -29.211873617340739 ], [ -71.477732229808737, -29.211755015952889 ], [ -71.477770250352592, -29.211660034225009 ], [ -71.477810255018397, -29.211647477924576 ], [ -71.47790231742735, -29.211563226994176 ], [ -71.478008409977349, -29.211502353475339 ], [ -71.478114688921124, -29.211453199515347 ], [ -71.478326871204601, -29.211331361016008 ], [ -71.4784992250584, -29.211233806650885 ], [ -71.478762222899249, -29.210993119145396 ], [ -71.478854001505411, -29.210897139854719 ], [ -71.478959429430333, -29.210812649537495 ], [ -71.479064655791262, -29.210716338752796 ], [ -71.479170367554772, -29.210643648202083 ], [ -71.479276455126794, -29.210582681813548 ], [ -71.479382830272854, -29.210533617134843 ], [ -71.479489664156176, -29.210507998164008 ], [ -71.479596888547093, -29.210494195994045 ], [ -71.479916764599309, -29.21038217255332 ], [ -71.47993011418518, -29.210376004379363 ], [ -71.480077197099675, -29.210267184584886 ], [ -71.480404073338889, -29.210138089249941 ], [ -71.480447858519881, -29.210112964973661 ], [ -71.480553661172038, -29.210040187804104 ], [ -71.480659655951655, -29.209979315010177 ], [ -71.480766026506586, -29.209930157346481 ], [ -71.480979800204778, -29.209879007233742 ], [ -71.481063996484266, -29.209877445301224 ], [ -71.481435029363595, -29.209730910368808 ], [ -71.481460541780137, -29.209728266499653 ], [ -71.481512888816084, -29.209692303707342 ], [ -71.481618407794514, -29.209607809727537 ], [ -71.481724957321177, -29.209570462203384 ], [ -71.481831327921441, -29.209521303725396 ], [ -71.482044543135331, -29.209446625056671 ], [ -71.482258315053102, -29.209395472993016 ], [ -71.482365536724586, -29.209381668709685 ], [ -71.482419013545311, -29.209368953945315 ], [ -71.482580740828283, -29.209389489234844 ], [ -71.482903157255521, -29.20938350487268 ], [ -71.483226720559514, -29.209424683011584 ], [ -71.483551419503627, -29.20951292279522 ], [ -71.483714003412814, -29.209568903181101 ], [ -71.484040411227383, -29.209727924724987 ], [ -71.484286801801218, -29.209911986198943 ], [ -71.484423411865635, -29.210003809498506 ], [ -71.484559738148548, -29.210083822838637 ], [ -71.48459551608606, -29.210113909668554 ], [ -71.484913408439454, -29.210205745611461 ], [ -71.484964732545194, -29.21015884515581 ], [ -71.485030992095304, -29.210122160635564 ], [ -71.48504418053399, -29.21011018439695 ], [ -71.485097358436064, -29.210085557094985 ], [ -71.485121910513314, -29.20999083284395 ], [ -71.485105605120793, -29.209873229519726 ], [ -71.485102759918476, -29.20975537517711 ], [ -71.485139738125028, -29.209613142570934 ], [ -71.48513774623602, -29.209530634611408 ], [ -71.48509593202931, -29.209472503986753 ], [ -71.484958458648279, -29.20934533606431 ], [ -71.484835036401947, -29.20924153708475 ], [ -71.484737860676759, -29.209113621098062 ], [ -71.484668177467455, -29.209008823535768 ], [ -71.484558395185388, -29.208916502048513 ], [ -71.484449287956423, -29.20884779718542 ], [ -71.484339505033901, -29.208755476415181 ], [ -71.484203181990964, -29.208675471718895 ], [ -71.484067429082401, -29.20861908555241 ], [ -71.483931958004618, -29.208574416174244 ], [ -71.483796773223887, -29.20854156544414 ], [ -71.48352525476912, -29.208428700323321 ], [ -71.483389216614498, -29.208360504546956 ], [ -71.483265974901954, -29.208268422808811 ], [ -71.483184263540892, -29.208222763477675 ], [ -71.483128800502143, -29.208153062362758 ], [ -71.483018262511479, -29.208025392160341 ], [ -71.482934278644677, -29.207885498596674 ], [ -71.482892570014698, -29.207827273214996 ], [ -71.482823931462249, -29.207769639757231 ], [ -71.482794262818118, -29.207652283165146 ], [ -71.482792273973615, -29.207569774113544 ], [ -71.482818247834899, -29.207533931469456 ], [ -71.48288262373498, -29.207414829055978 ], [ -71.482948031964213, -29.207342883922337 ], [ -71.482987748179895, -29.207318508301729 ], [ -71.483094401136299, -29.207281176815776 ], [ -71.483201800466219, -29.207279182842505 ], [ -71.483309030834846, -29.207265367808397 ], [ -71.483416536014246, -29.207263372599954 ], [ -71.483483365344142, -29.20725039960325 ], [ -71.483523367528576, -29.207237842630381 ], [ -71.483589447800284, -29.207189431006086 ], [ -71.483683209311025, -29.207175967722623 ], [ -71.483844080470817, -29.207161156148796 ], [ -71.484005617512139, -29.207169981135209 ], [ -71.484043536513695, -29.207169276884834 ], [ -71.483803200977079, -29.207041283602472 ], [ -71.483181589610368, -29.206842368127674 ], [ -71.482722734398692, -29.204866632468026 ], [ -71.480810438678603, -29.205142626826596 ], [ -71.479890707902257, -29.205370128017456 ], [ -71.477541071836768, -29.205984893883709 ], [ -71.477668871601807, -29.208447825543526 ], [ -71.477571897080907, -29.208690138134855 ], [ -71.474407005110237, -29.211033624125765 ], [ -71.472957911429546, -29.212052558505412 ], [ -71.471577306195869, -29.213070213335385 ], [ -71.470669742021855, -29.213808531673596 ], [ -71.46996119793765, -29.214272583981611 ], [ -71.468907070686924, -29.214562299539399 ], [ -71.468908676461652, -29.214565152186616 ], [ -71.46907296870252, -29.214736227432923 ], [ -71.469974721632795, -29.215672470484034 ], [ -71.471292195878902, -29.217047002611388 ], [ -71.471678337884811, -29.216897396740951 ] ] ] ] } },
{ "type": "Feature", "properties": { "fid": 48, "OBJECTID_1": 10, "OBJECTID": 10, "NOM_COM": "LA HIGUERA", "PROVINCIA": "ELQUI", "Z_COMUNAL": "ZONA INDUSTRIAL", "USO": "ZONA MULTIPLES RECREACIONAL", "REGIONAL": "AREAS PARA ACTIVIDADES INDUSTRIALES, ECONOMICAS Y DE DESARROLLO", "Shape_Leng": 5052.2346011199998, "LEYENDA": "INDUSTRIAL BAJO IMPACTO", "Shape__Area": 873914.35888671875, "Shape__Length": 5052.086743293331, "Nota": "La Zonificación de Uso del Borde Costero de la Región de Coquimbo, constituye un instrumento aún vigente, y que declara áreas con orientaciones de usos específicos, en el borde costero regional. Por lo tanto, se sugiere su uso de acuerdo a la microzonificación según se señala en todas las publicaciones, y que fué aprobada mediante Decreto Supremo Nº 518 Zonificación de Coquimbo, 12 de diciembre de 2005.", "Origen Dato": "https://gorecoquimbo.maps.arcgis.com/apps/CompareAnalysis/index.html?appid=b4f178d41fb24ab8a871596de568a2f7", "Mapa Completo": "https://www.gorecoquimbo.cl/gorecoquimbo/site/artic/20150722/asocfile/20150722092144/comunal.jpg", "Link Memoria": "https://www.gorecoquimbo.cl/gorecoquimbo/site/artic/20150722/asocfile/20150722091730/memoria_explicativa_zonifi.pdf" }, "geometry": { "type": "MultiPolygon", "coordinates": [ [ [ [ -71.46997315721562, -29.215673571105256 ], [ -71.469974721632795, -29.215672470484034 ], [ -71.46907296870252, -29.214736227432923 ], [ -71.468908676461652, -29.214565152186616 ], [ -71.468907070686924, -29.214562299539399 ], [ -71.46861860898882, -29.214047294609518 ], [ -71.46691115234556, -29.216171668117433 ], [ -71.465240419759112, -29.218114926831756 ], [ -71.463299217844394, -29.220360846415172 ], [ -71.461355992324428, -29.222525589920114 ], [ -71.460053538475464, -29.223965855005158 ], [ -71.45948764258172, -29.226105227938053 ], [ -71.458860410560206, -29.227830758776282 ], [ -71.459006436222367, -29.231788299930756 ], [ -71.463713671298436, -29.231656530779691 ], [ -71.463960714127339, -29.231591278878216 ], [ -71.463960502870719, -29.231582460880364 ], [ -71.463916809121969, -29.231441811944116 ], [ -71.463856272183264, -29.231159928013668 ], [ -71.463850626534679, -29.230924216264427 ], [ -71.463871908238772, -29.230688009117245 ], [ -71.463909392013747, -29.230569411250229 ], [ -71.463920032810307, -29.230451308123936 ], [ -71.463957505133436, -29.230332709554681 ], [ -71.463978691993944, -29.23009650413649 ], [ -71.463975868651445, -29.229978649166366 ], [ -71.463997160317376, -29.229742441808018 ], [ -71.464021439792049, -29.22963580861644 ], [ -71.464007695903973, -29.229624330686185 ], [ -71.464033503512283, -29.229576679216017 ], [ -71.464085570164599, -29.229504988315973 ], [ -71.464097808847896, -29.229457586034844 ], [ -71.464163348624083, -29.229385646769622 ], [ -71.464173884251224, -29.22926754556142 ], [ -71.464167108646208, -29.228984679730257 ], [ -71.464152056850565, -29.228914225049408 ], [ -71.46415092717568, -29.228867070074585 ], [ -71.464190092348829, -29.228819163348486 ], [ -71.464187833766076, -29.22872484346188 ], [ -71.464157509511153, -29.228583948988152 ], [ -71.464043310067296, -29.228303053201344 ], [ -71.464013549950806, -29.228185693778851 ], [ -71.464051127444904, -29.228067094152195 ], [ -71.46411543194921, -29.227948000995141 ], [ -71.464166378450102, -29.227829154928365 ], [ -71.464192646554352, -29.227805124349668 ], [ -71.464189823231493, -29.227687269358203 ], [ -71.464145846126414, -29.227534718430316 ], [ -71.464048406335564, -29.227395060024673 ], [ -71.464020444968043, -29.227348399566552 ], [ -71.463993226391565, -29.227337169966049 ], [ -71.463989274618996, -29.227172150018148 ], [ -71.46402685183925, -29.227053549500518 ], [ -71.464077681917743, -29.226934705614234 ], [ -71.464233331903316, -29.226696021760258 ], [ -71.464284276727014, -29.226577175691972 ], [ -71.464336233946028, -29.22650540285607 ], [ -71.46437550629966, -29.226457586143098 ], [ -71.464426347030908, -29.226338741947327 ], [ -71.464453283424689, -29.226338245417487 ], [ -71.464491035960776, -29.226231373715407 ], [ -71.464517586541945, -29.226219153032051 ], [ -71.464529920134822, -29.226171739945467 ], [ -71.46458255822958, -29.22612359379794 ], [ -71.464581994351434, -29.2261000577879 ], [ -71.464595069083742, -29.226088002513411 ], [ -71.464607976791669, -29.226064125242161 ], [ -71.464647424751817, -29.226028028355529 ], [ -71.464659770988845, -29.225980716966408 ], [ -71.464710704736135, -29.225861870963566 ], [ -71.464723885068906, -29.225849803807787 ], [ -71.464763907296515, -29.22583725082702 ], [ -71.464761649660886, -29.225743023836145 ], [ -71.46478790463776, -29.225718901386553 ], [ -71.464798544323614, -29.225600797300132 ], [ -71.464795156649544, -29.225459406315185 ], [ -71.464764560204245, -29.225306701784458 ], [ -71.4647497897016, -29.225247974104576 ], [ -71.464721713314759, -29.225201305967452 ], [ -71.46473236337053, -29.225083202588902 ], [ -71.464769834285278, -29.224964603857419 ], [ -71.464793841772774, -29.224846254224797 ], [ -71.464997596200391, -29.224370867798619 ], [ -71.465061897611221, -29.224251775229376 ], [ -71.465153135711546, -29.224132185980377 ], [ -71.465217541639205, -29.224013090516873 ], [ -71.465295304809757, -29.223893749637007 ], [ -71.465386542102834, -29.22377415033862 ], [ -71.465464304910185, -29.2236548093788 ], [ -71.465646777923382, -29.223415629495282 ], [ -71.465802313566272, -29.223176947083797 ], [ -71.465893548858915, -29.223057356536245 ], [ -71.465957953345239, -29.222938261690661 ], [ -71.466113477299572, -29.222699578274732 ], [ -71.46656963873771, -29.222101627928669 ], [ -71.466674240430805, -29.221981781306024 ], [ -71.466695512539175, -29.22196070672096 ], [ -71.466831844465517, -29.221825605129958 ], [ -71.466989928082128, -29.221692967232816 ], [ -71.467465089778912, -29.221330477521064 ], [ -71.467518007113711, -29.221294131313744 ], [ -71.467544366201906, -29.221270005557692 ], [ -71.467597179059865, -29.221233679291728 ], [ -71.467701873279537, -29.221113831129948 ], [ -71.467779631498956, -29.220994488155675 ], [ -71.46787086266761, -29.220874897374781 ], [ -71.467935264645092, -29.220755801738161 ], [ -71.468013032623631, -29.220636458464583 ], [ -71.468077328426446, -29.220517364728476 ], [ -71.46816855883084, -29.220397772880371 ], [ -71.468482532141337, -29.220038256059212 ], [ -71.468613206172535, -29.219882575131127 ], [ -71.468718180403258, -29.219774544346965 ], [ -71.468900639333384, -29.219535361650582 ], [ -71.469109915502273, -29.219295673614671 ], [ -71.469292372694198, -29.219056489570338 ], [ -71.469396957155368, -29.218936651265533 ], [ -71.469514553000721, -29.218792933288643 ], [ -71.469619704010725, -29.21869672275956 ], [ -71.469710929929576, -29.218577038937354 ], [ -71.46982823240802, -29.218421603911889 ], [ -71.469933100096782, -29.218313574233306 ], [ -71.47003778792967, -29.218193733567158 ], [ -71.470195862901051, -29.218061091466168 ], [ -71.470287361994806, -29.217953308495478 ], [ -71.470498339448284, -29.217784319109121 ], [ -71.470815692917213, -29.21756628014813 ], [ -71.470920944101692, -29.217469974812168 ], [ -71.471132487676925, -29.217324602497321 ], [ -71.47123802316419, -29.217240115830844 ], [ -71.471307248671678, -29.21720029768921 ], [ -71.471292195878902, -29.217047002611388 ], [ -71.46997315721562, -29.215673571105256 ] ] ] ] } },
{ "type": "Feature", "properties": { "fid": 49, "OBJECTID_1": 213, "OBJECTID": 224, "NOM_COM": "LA HIGUERA", "PROVINCIA": "ELQUI", "Z_COMUNAL": "ZONA AAA", "USO": "AREAS APROPIADAS PARA LA ACUICULTURA (AAA)", "REGIONAL": "AREAS PARA ACTIVIDADES INDUSTRIALES, ECONOMICAS Y DE DESARROLLO", "Shape_Leng": 5458.1542533700003, "LEYENDA": "AREAS APROPIADAS PARA LA ACUICULTURA (AAA)", "Shape__Area": 1325726.4771728516, "Shape__Length": 5457.9921860218337, "Nota": "La Zonificación de Uso del Borde Costero de la Región de Coquimbo, constituye un instrumento aún vigente, y que declara áreas con orientaciones de usos específicos, en el borde costero regional. Por lo tanto, se sugiere su uso de acuerdo a la microzonificación según se señala en todas las publicaciones, y que fué aprobada mediante Decreto Supremo Nº 518 Zonificación de Coquimbo, 12 de diciembre de 2005.", "Origen Dato": "https://gorecoquimbo.maps.arcgis.com/apps/CompareAnalysis/index.html?appid=b4f178d41fb24ab8a871596de568a2f7", "Mapa Completo": "https://www.gorecoquimbo.cl/gorecoquimbo/site/artic/20150722/asocfile/20150722092144/comunal.jpg", "Link Memoria": "https://www.gorecoquimbo.cl/gorecoquimbo/site/artic/20150722/asocfile/20150722091730/memoria_explicativa_zonifi.pdf" }, "geometry": { "type": "MultiPolygon", "coordinates": [ [ [ [ -71.292586856752962, -29.616894100868706 ], [ -71.293555729949162, -29.616223111377913 ], [ -71.300431793898738, -29.610900773496184 ], [ -71.30525751714751, -29.607087997357755 ], [ -71.305164471804446, -29.597012980225195 ], [ -71.30219553652384, -29.599145325127001 ], [ -71.300369549507337, -29.600398029157116 ], [ -71.298784139325008, -29.602179359591858 ], [ -71.296824310957092, -29.604255758556747 ], [ -71.294244592797966, -29.607008869582419 ], [ -71.292384153661374, -29.608994687661596 ], [ -71.292478358236863, -29.612034549268873 ], [ -71.292586370254156, -29.61680581580913 ], [ -71.292586856752962, -29.616894100868706 ] ] ] ] } },
{ "type": "Feature", "properties": { "fid": 50, "OBJECTID_1": 14, "OBJECTID": 14, "NOM_COM": "LA HIGUERA", "PROVINCIA": "ELQUI", "Z_COMUNAL": "ZONA DE ASENTAMIENTOS HUMANOS", "USO": "CIUDAD", "REGIONAL": "AREAS EN LAS CUALES EXISTEN ASENTAMIENTOS HUMANOS", "Shape_Leng": 5632.8441286400002, "LEYENDA": "LOCALIDAD", "Shape__Area": 1643023.5693359375, "Shape__Length": 5632.6791797251635, "Nota": "La Zonificación de Uso del Borde Costero de la Región de Coquimbo, constituye un instrumento aún vigente, y que declara áreas con orientaciones de usos específicos, en el borde costero regional. Por lo tanto, se sugiere su uso de acuerdo a la microzonificación según se señala en todas las publicaciones, y que fué aprobada mediante Decreto Supremo Nº 518 Zonificación de Coquimbo, 12 de diciembre de 2005.", "Origen Dato": "https://gorecoquimbo.maps.arcgis.com/apps/CompareAnalysis/index.html?appid=b4f178d41fb24ab8a871596de568a2f7", "Mapa Completo": "https://www.gorecoquimbo.cl/gorecoquimbo/site/artic/20150722/asocfile/20150722092144/comunal.jpg", "Link Memoria": "https://www.gorecoquimbo.cl/gorecoquimbo/site/artic/20150722/asocfile/20150722091730/memoria_explicativa_zonifi.pdf" }, "geometry": { "type": "MultiPolygon", "coordinates": [ [ [ [ -71.337476592506974, -29.291998120337862 ], [ -71.33183794329949, -29.290339501786629 ], [ -71.334072877185108, -29.287509594990006 ], [ -71.320434476929918, -29.284026105317576 ], [ -71.315729250894293, -29.287241050259752 ], [ -71.315872214615183, -29.289335808927643 ], [ -71.316795615288001, -29.292088138778908 ], [ -71.322122389732499, -29.294889791188112 ], [ -71.327723395181465, -29.295001994332416 ], [ -71.332530509412194, -29.293869493037263 ], [ -71.333486158769404, -29.293810845798252 ], [ -71.335332461209276, -29.292939683832298 ], [ -71.337476592506974, -29.291998120337862 ] ] ] ] } },
{ "type": "Feature", "properties": { "fid": 51, "OBJECTID_1": 43, "OBJECTID": 43, "NOM_COM": "LA HIGUERA", "PROVINCIA": "ELQUI", "Z_COMUNAL": "ZONA INDUSTRIAL", "USO": "INDUSTRIAL BAJO IMPACTO", "REGIONAL": "AREAS PARA ACTIVIDADES INDUSTRIALES, ECONOMICAS Y DE DESARROLLO", "Shape_Leng": 5697.47445702, "LEYENDA": "INDUSTRIAL BAJO IMPACTO", "Shape__Area": 568815.32397460938, "Shape__Length": 5697.3055954914707, "Nota": "La Zonificación de Uso del Borde Costero de la Región de Coquimbo, constituye un instrumento aún vigente, y que declara áreas con orientaciones de usos específicos, en el borde costero regional. Por lo tanto, se sugiere su uso de acuerdo a la microzonificación según se señala en todas las publicaciones, y que fué aprobada mediante Decreto Supremo Nº 518 Zonificación de Coquimbo, 12 de diciembre de 2005.", "Origen Dato": "https://gorecoquimbo.maps.arcgis.com/apps/CompareAnalysis/index.html?appid=b4f178d41fb24ab8a871596de568a2f7", "Mapa Completo": "https://www.gorecoquimbo.cl/gorecoquimbo/site/artic/20150722/asocfile/20150722092144/comunal.jpg", "Link Memoria": "https://www.gorecoquimbo.cl/gorecoquimbo/site/artic/20150722/asocfile/20150722091730/memoria_explicativa_zonifi.pdf" }, "geometry": { "type": "MultiPolygon", "coordinates": [ [ [ [ -71.326074333469663, -29.551942478297043 ], [ -71.325843074014259, -29.551442191623849 ], [ -71.325495750133825, -29.550574302209103 ], [ -71.325174280690987, -29.550082679176576 ], [ -71.324587184783169, -29.549279260332515 ], [ -71.322823863534751, -29.546778622329281 ], [ -71.32210589577663, -29.54552543641195 ], [ -71.322100728987479, -29.545299500143585 ], [ -71.322511400532534, -29.542911512649123 ], [ -71.322777016655607, -29.540963047416572 ], [ -71.323022657691595, -29.538894379714055 ], [ -71.323319605290166, -29.537563159912949 ], [ -71.323667890615255, -29.536215984744125 ], [ -71.324255222092702, -29.534020795020673 ], [ -71.324987217040331, -29.532124432172502 ], [ -71.32539574691603, -29.531152909945515 ], [ -71.325043323611283, -29.530031603981765 ], [ -71.32219822039022, -29.530023496665333 ], [ -71.321946898499206, -29.530606489682555 ], [ -71.321485211754563, -29.533565424295563 ], [ -71.32127616524825, -29.535999198700548 ], [ -71.320797267789871, -29.538206255046429 ], [ -71.320388462706958, -29.540585652728456 ], [ -71.320412245587889, -29.541626726332616 ], [ -71.321229689934654, -29.545546922584556 ], [ -71.321826287660613, -29.548487355720734 ], [ -71.322766905146779, -29.552000366970752 ], [ -71.322978579589801, -29.55257525353684 ], [ -71.326074333469663, -29.551942478297043 ] ] ] ] } },
{ "type": "Feature", "properties": { "fid": 52, "OBJECTID_1": 7, "OBJECTID": 7, "NOM_COM": "LA HIGUERA", "PROVINCIA": "ELQUI", "Z_COMUNAL": "ZONA INDUSTRIAL", "USO": "INDUSTRIAL BAJO IMPACTO", "REGIONAL": "AREAS PARA ACTIVIDADES INDUSTRIALES, ECONOMICAS Y DE DESARROLLO", "Shape_Leng": 6018.9827283200002, "LEYENDA": "INDUSTRIAL BAJO IMPACTO", "Shape__Area": 1013180.4801025391, "Shape__Length": 6018.8067680297017, "Nota": "La Zonificación de Uso del Borde Costero de la Región de Coquimbo, constituye un instrumento aún vigente, y que declara áreas con orientaciones de usos específicos, en el borde costero regional. Por lo tanto, se sugiere su uso de acuerdo a la microzonificación según se señala en todas las publicaciones, y que fué aprobada mediante Decreto Supremo Nº 518 Zonificación de Coquimbo, 12 de diciembre de 2005.", "Origen Dato": "https://gorecoquimbo.maps.arcgis.com/apps/CompareAnalysis/index.html?appid=b4f178d41fb24ab8a871596de568a2f7", "Mapa Completo": "https://www.gorecoquimbo.cl/gorecoquimbo/site/artic/20150722/asocfile/20150722092144/comunal.jpg", "Link Memoria": "https://www.gorecoquimbo.cl/gorecoquimbo/site/artic/20150722/asocfile/20150722091730/memoria_explicativa_zonifi.pdf" }, "geometry": { "type": "MultiPolygon", "coordinates": [ [ [ [ -71.436145112930589, -29.255646560372252 ], [ -71.436266153977513, -29.25557256793287 ], [ -71.43635795577157, -29.255516448458735 ], [ -71.436489123791532, -29.255455961040429 ], [ -71.438335337455172, -29.255080191324854 ], [ -71.440121590107225, -29.254704954841401 ], [ -71.440843751027828, -29.254466591539469 ], [ -71.442356233530248, -29.254104445881616 ], [ -71.442504882527459, -29.254195092939565 ], [ -71.442653178928666, -29.254297034634 ], [ -71.442827351229937, -29.254375215463622 ], [ -71.442962381242538, -29.254477399330924 ], [ -71.443110401626726, -29.254567696307301 ], [ -71.443258699144323, -29.254669637257361 ], [ -71.443554646872528, -29.254850242855976 ], [ -71.443702945201693, -29.254952182357275 ], [ -71.443837318293774, -29.25503108967807 ], [ -71.443972084727704, -29.255121637970685 ], [ -71.444146906638906, -29.255223092688656 ], [ -71.444469934628856, -29.255426469391345 ], [ -71.444510182115948, -29.255448910584537 ], [ -71.444537270055619, -29.255471702588782 ], [ -71.44464383351945, -29.255493022441772 ], [ -71.444710158583376, -29.255491808906839 ], [ -71.444710712218225, -29.255515077348647 ], [ -71.444829894775765, -29.255512896607584 ], [ -71.444883504259309, -29.255535102206938 ], [ -71.444936467663169, -29.255534133053988 ], [ -71.445042031141085, -29.255509015684659 ], [ -71.445146945257918, -29.255460547651353 ], [ -71.445252401286353, -29.255435330145993 ], [ -71.44533133710371, -29.255410708887446 ], [ -71.445517121383418, -29.255418948784001 ], [ -71.445557186741453, -29.255429752801362 ], [ -71.445677581715444, -29.255474106241923 ], [ -71.445679517801224, -29.255555444734526 ], [ -71.44564000380403, -29.255567807286834 ], [ -71.445587870927412, -29.255603669439751 ], [ -71.445548632651693, -29.255627574183965 ], [ -71.44544316499406, -29.255652783119615 ], [ -71.445337420388483, -29.25566635775975 ], [ -71.445272202539215, -29.255714098556076 ], [ -71.445141144896454, -29.255774591497094 ], [ -71.445115992838126, -29.255833156187098 ], [ -71.445169509918117, -29.255855446348342 ], [ -71.44518415921678, -29.255913282654848 ], [ -71.445280222353759, -29.256051076001029 ], [ -71.445499007265553, -29.256326092416487 ], [ -71.445607785013124, -29.256440393150978 ], [ -71.445648312475697, -29.256474569165839 ], [ -71.445755439125719, -29.256519063407655 ], [ -71.445795784340561, -29.256541604332938 ], [ -71.445809605205341, -29.256564619968653 ], [ -71.446008923245941, -29.256584157706765 ], [ -71.446060227678984, -29.256513484728735 ], [ -71.446073218097965, -29.256501616648581 ], [ -71.446123509101369, -29.25638440508996 ], [ -71.446160430147089, -29.256267530313025 ], [ -71.446152129444314, -29.25591883591472 ], [ -71.446215687193089, -29.255801380538369 ], [ -71.4462281257358, -29.255766336912735 ], [ -71.446280257997159, -29.25573045558237 ], [ -71.446292959986749, -29.255706953487184 ], [ -71.446359010312023, -29.255694197798736 ], [ -71.446478744994394, -29.255715201026693 ], [ -71.446652199515725, -29.255758572983677 ], [ -71.446826100183529, -29.255825123072846 ], [ -71.44701308765741, -29.255879876969829 ], [ -71.447199424740717, -29.25591128998623 ], [ -71.447385486984771, -29.255931160515953 ], [ -71.447571366760116, -29.255939395755604 ], [ -71.447677664287141, -29.255949078737466 ], [ -71.447862885036031, -29.255934055218923 ], [ -71.448420332714875, -29.255958658823889 ], [ -71.448606672201024, -29.255990152801832 ], [ -71.44879327880632, -29.256033281787488 ], [ -71.448896759730616, -29.256063550569081 ], [ -71.449167158045853, -29.256142628458832 ], [ -71.449353498234871, -29.256174130377964 ], [ -71.449539111312149, -29.256170728476039 ], [ -71.449645410174838, -29.256180409847104 ], [ -71.449830630842513, -29.256165383591433 ], [ -71.450016416140059, -29.256173607205746 ], [ -71.450202861249153, -29.256205097881743 ], [ -71.450388922098725, -29.256224872182713 ], [ -71.450481676675295, -29.256223171044002 ], [ -71.450495764696143, -29.256257821414938 ], [ -71.450575529675476, -29.256267997705191 ], [ -71.450736538379658, -29.25634641826424 ], [ -71.450884473612703, -29.256436726711705 ], [ -71.45096516450657, -29.256481785501993 ], [ -71.450991879495433, -29.256492841768544 ], [ -71.451032503036402, -29.25652700528963 ], [ -71.451158455344896, -29.256803723735203 ], [ -71.451173641441073, -29.256884817972917 ], [ -71.451241815288711, -29.256965033896705 ], [ -71.451306743005588, -29.256905655434377 ], [ -71.451333181744687, -29.256905170359957 ], [ -71.451358875055163, -29.256869864192186 ], [ -71.451397556407585, -29.25682261641596 ], [ -71.451423525288789, -29.256798861438607 ], [ -71.451449134652535, -29.256763574838104 ], [ -71.451458519168199, -29.256600564065192 ], [ -71.451431707287469, -29.256589416754039 ], [ -71.451350556515763, -29.256521171183493 ], [ -71.451229883061799, -29.256465289912487 ], [ -71.451160613119825, -29.256338639894469 ], [ -71.451104782069294, -29.256223381646297 ], [ -71.451090962090049, -29.25620044958406 ], [ -71.451036899949216, -29.256154893346714 ], [ -71.450942482703425, -29.256086890868126 ], [ -71.450862441569868, -29.256065089622911 ], [ -71.450835917688863, -29.25606557615717 ], [ -71.450769027472575, -29.256043533624407 ], [ -71.450755482669862, -29.256032133792434 ], [ -71.450701700241581, -29.255998294531597 ], [ -71.450700590453877, -29.255951766877438 ], [ -71.45071052206832, -29.255812116594317 ], [ -71.450668237183507, -29.255708239895654 ], [ -71.450640603664809, -29.255662199629452 ], [ -71.450560286388949, -29.255628846987495 ], [ -71.450517819085221, -29.255513343337341 ], [ -71.450557515240902, -29.255512615281948 ], [ -71.450609174512351, -29.255453481425615 ], [ -71.450661584860427, -29.255429333645406 ], [ -71.45076677343215, -29.255392496425838 ], [ -71.450977693813215, -29.255342079470672 ], [ -71.451163019527883, -29.255327133402101 ], [ -71.451308735255438, -29.255324460121503 ], [ -71.451349078641144, -29.255346897432432 ], [ -71.451523536344482, -29.255436709593035 ], [ -71.451645318858723, -29.255539117390672 ], [ -71.451659696282491, -29.255585410594481 ], [ -71.451699764213771, -29.255596296587679 ], [ -71.45172739642787, -29.255642263567879 ], [ -71.451727673825829, -29.255653888710036 ], [ -71.451742508711192, -29.255723359997681 ], [ -71.451809943849867, -29.2557686705495 ], [ -71.451957418385234, -29.255835707757683 ], [ -71.452037737960936, -29.25586913256242 ], [ -71.452079364077875, -29.255949742353021 ], [ -71.452120828799437, -29.256018715838 ], [ -71.452126930862093, -29.256274436426857 ], [ -71.452140473645329, -29.25628574413177 ], [ -71.452235446142112, -29.25637701403048 ], [ -71.452370487578023, -29.256479187651419 ], [ -71.452518519490411, -29.256569473499304 ], [ -71.452558770401538, -29.256592013146108 ], [ -71.452560158777942, -29.256650174881454 ], [ -71.452627325246539, -29.256683758642367 ], [ -71.452680545073306, -29.256694420932806 ], [ -71.45274733160548, -29.256716482417026 ], [ -71.452800389909598, -29.256715508376399 ], [ -71.45296140062122, -29.256793917089198 ], [ -71.453110448766253, -29.256930731540308 ], [ -71.453137802963099, -29.256965055018718 ], [ -71.453177882280542, -29.256975958371275 ], [ -71.453205422928491, -29.257022009672657 ], [ -71.453311986887016, -29.257043221408342 ], [ -71.453326087500685, -29.257077880223704 ], [ -71.453352621876348, -29.257077392991302 ], [ -71.453457524024557, -29.257029011659629 ], [ -71.453563268671104, -29.257015439588301 ], [ -71.453668735004612, -29.256990215260004 ], [ -71.453662905529086, -29.256746120136668 ], [ -71.453648251585477, -29.256688294071484 ], [ -71.453660410807728, -29.256641615740353 ], [ -71.453686655906751, -29.256629494515249 ], [ -71.453724513364534, -29.256547324565741 ], [ -71.45373767456519, -29.256547082859807 ], [ -71.453776912329332, -29.256523184801402 ], [ -71.453829692631786, -29.256510576218385 ], [ -71.453868833580486, -29.256486588797504 ], [ -71.453921891721308, -29.256485614318724 ], [ -71.454107955385695, -29.256505466323183 ], [ -71.454214253937707, -29.256515153046553 ], [ -71.454399473859155, -29.25650011234104 ], [ -71.454770584562525, -29.25649329541378 ], [ -71.454902862384586, -29.256479225795637 ], [ -71.454956092553729, -29.256489886982642 ], [ -71.4549699154135, -29.256512902451842 ], [ -71.454998393130012, -29.256593751911645 ], [ -71.45506516974315, -29.256615813301906 ], [ -71.455091425744655, -29.256603682585578 ], [ -71.455156811270669, -29.256567572405494 ], [ -71.455143094061398, -29.256544545995141 ], [ -71.45519438058804, -29.256473869182781 ], [ -71.455219802937535, -29.256426854997372 ], [ -71.455230284193817, -29.256310463983549 ], [ -71.455227507688676, -29.256194232697226 ], [ -71.455240774743615, -29.256193988899668 ], [ -71.455266370123468, -29.256158609862357 ], [ -71.45530421726157, -29.256076541647538 ], [ -71.455394748508283, -29.255981866006593 ], [ -71.455499381522486, -29.255921838932398 ], [ -71.455603734610946, -29.255850104617458 ], [ -71.455709190247305, -29.25582497997468 ], [ -71.455814377098719, -29.255788138862648 ], [ -71.455820952983615, -29.255787371170801 ], [ -71.454458331026188, -29.254504219241721 ], [ -71.454589215399068, -29.253049336197492 ], [ -71.453260147423592, -29.252880077747172 ], [ -71.45258983494449, -29.252553476164067 ], [ -71.450639905188751, -29.251814598507362 ], [ -71.449201623085685, -29.251695715271122 ], [ -71.448148501142455, -29.251521346633066 ], [ -71.446548143096521, -29.251550654888685 ], [ -71.444609770545398, -29.251295634042119 ], [ -71.441534362439256, -29.249657290104249 ], [ -71.43772780251966, -29.249775191145535 ], [ -71.433662492054012, -29.250623946612571 ], [ -71.432571395995637, -29.251176386357798 ], [ -71.434052062880653, -29.253086087036149 ], [ -71.435531627216079, -29.254947345943233 ], [ -71.436145112930589, -29.255646560372252 ] ] ] ] } },
{ "type": "Feature", "properties": { "fid": 53, "OBJECTID_1": 47, "OBJECTID": 47, "NOM_COM": "LA HIGUERA", "PROVINCIA": "ELQUI", "Z_COMUNAL": "ZONA DE CONSERVACION DE LA NATURALEZA", "USO": "RESTRICCION ECOLOGICA ACUATICA", "REGIONAL": "AREAS PROTEGIDAS", "Shape_Leng": 6070.4710383700003, "LEYENDA": "RESTRICCION ECOLOGICA", "Shape__Area": 785310.41967773438, "Shape__Length": 6070.2905788469816, "Nota": "La Zonificación de Uso del Borde Costero de la Región de Coquimbo, constituye un instrumento aún vigente, y que declara áreas con orientaciones de usos específicos, en el borde costero regional. Por lo tanto, se sugiere su uso de acuerdo a la microzonificación según se señala en todas las publicaciones, y que fué aprobada mediante Decreto Supremo Nº 518 Zonificación de Coquimbo, 12 de diciembre de 2005.", "Origen Dato": "https://gorecoquimbo.maps.arcgis.com/apps/CompareAnalysis/index.html?appid=b4f178d41fb24ab8a871596de568a2f7", "Mapa Completo": "https://www.gorecoquimbo.cl/gorecoquimbo/site/artic/20150722/asocfile/20150722092144/comunal.jpg", "Link Memoria": "https://www.gorecoquimbo.cl/gorecoquimbo/site/artic/20150722/asocfile/20150722091730/memoria_explicativa_zonifi.pdf" }, "geometry": { "type": "MultiPolygon", "coordinates": [ [ [ [ -71.284443533201198, -29.614184883182748 ], [ -71.284304284588956, -29.614859942112069 ], [ -71.284033631076426, -29.61576310599882 ], [ -71.284162226024009, -29.616303373877699 ], [ -71.284253184676743, -29.616895152708338 ], [ -71.284360097271389, -29.61733408780303 ], [ -71.28463849337345, -29.617634431212675 ], [ -71.285113516128362, -29.618050071898953 ], [ -71.285291129055537, -29.61818263944566 ], [ -71.285490917958043, -29.619298072396276 ], [ -71.285562113692038, -29.619873239070326 ], [ -71.286148926600788, -29.620083508082097 ], [ -71.28658020526683, -29.620279514227278 ], [ -71.28703815134989, -29.620797148251636 ], [ -71.287464536943787, -29.620851704897845 ], [ -71.287439369244552, -29.620809830372806 ], [ -71.287273913065718, -29.620579303769667 ], [ -71.287204497806229, -29.62046385766428 ], [ -71.2869718379022, -29.620064516156177 ], [ -71.286965422040694, -29.619931198090356 ], [ -71.286936153869178, -29.61981496648616 ], [ -71.286930885952501, -29.619581768623345 ], [ -71.286954882757485, -29.619464609372191 ], [ -71.286965659758835, -29.61934778005164 ], [ -71.286989656690309, -29.61923062981343 ], [ -71.286987022521359, -29.619114021859332 ], [ -71.287019162350873, -29.618763443351451 ], [ -71.287067357128848, -29.61852923140221 ], [ -71.287064720867534, -29.618412531459381 ], [ -71.287102120084867, -29.618295242073007 ], [ -71.287123587750358, -29.618061482037724 ], [ -71.287120953776267, -29.617944883993708 ], [ -71.287166934246912, -29.617617335694373 ], [ -71.287192342550156, -29.617558525213749 ], [ -71.287203287095295, -29.617453331519666 ], [ -71.28719591159512, -29.617126796360804 ], [ -71.287229629023798, -29.616846092204216 ], [ -71.287226995037187, -29.6167294932457 ], [ -71.287251086203739, -29.616612341329439 ], [ -71.287261767818947, -29.61649551270898 ], [ -71.287285860802669, -29.616378444654362 ], [ -71.287323276703901, -29.61626106290549 ], [ -71.287374000870841, -29.616143543623387 ], [ -71.287398090741348, -29.616026391705258 ], [ -71.287472915615808, -29.615791711260002 ], [ -71.287510312584558, -29.615674422712594 ], [ -71.287561035250917, -29.615556903394516 ], [ -71.287585135959247, -29.615439742238198 ], [ -71.287622543014706, -29.615322453489298 ], [ -71.287646633497531, -29.615205301520731 ], [ -71.28768404039252, -29.615088011857338 ], [ -71.287708035615054, -29.614970852500544 ], [ -71.287745548670173, -29.614853560990724 ], [ -71.287766898273304, -29.61461981278979 ], [ -71.287791000671803, -29.614502743588265 ], [ -71.287801679734272, -29.614385831970601 ], [ -71.28782577070298, -29.614268762959931 ], [ -71.287820500898121, -29.614035473948597 ], [ -71.287841956362186, -29.613801713974116 ], [ -71.287836685567541, -29.613568424065026 ], [ -71.287847367256859, -29.613451586365741 ], [ -71.287871456151095, -29.613334434381507 ], [ -71.287936561669468, -29.612820805471372 ], [ -71.288019007743344, -29.612137994337427 ], [ -71.288069851525691, -29.611495690577069 ], [ -71.288581475904479, -29.610351969641364 ], [ -71.288589404676699, -29.610241590912942 ], [ -71.288615602443343, -29.610217776055549 ], [ -71.288615339519822, -29.610206141139102 ], [ -71.288653016894742, -29.610100477902289 ], [ -71.28867699905777, -29.60998332762631 ], [ -71.288714404264709, -29.609866037736769 ], [ -71.288738502933967, -29.609748885440329 ], [ -71.288733230738202, -29.609515586517254 ], [ -71.288704914828315, -29.609446072417114 ], [ -71.288662241052947, -29.609330164344762 ], [ -71.288646289510993, -29.609213703137076 ], [ -71.288657497054373, -29.609120228115167 ], [ -71.288615087234675, -29.609015945894857 ], [ -71.288612187706818, -29.608887629028189 ], [ -71.288582921529397, -29.608771387620081 ], [ -71.288580286868893, -29.608654789531922 ], [ -71.288550926096136, -29.608538559665298 ], [ -71.288534977776621, -29.608422181364933 ], [ -71.28852970653702, -29.608188891379889 ], [ -71.288553690645486, -29.608071833996355 ], [ -71.288564474754551, -29.607954911444608 ], [ -71.288601878477564, -29.607837621604819 ], [ -71.288625966436953, -29.607720460474933 ], [ -71.28867669579131, -29.607602940687428 ], [ -71.288714099301004, -29.607485651726005 ], [ -71.288906383022379, -29.607132207260488 ], [ -71.288997139456399, -29.607013997533393 ], [ -71.289189539058526, -29.606660643625055 ], [ -71.289290971679293, -29.606425512087554 ], [ -71.28931505861101, -29.606308350870272 ], [ -71.289416595917132, -29.606073218344822 ], [ -71.289440684725662, -29.605956149094052 ], [ -71.28951548782949, -29.605721477034702 ], [ -71.289579518106024, -29.605603728265368 ], [ -71.289670375635211, -29.605485423466511 ], [ -71.28990270325184, -29.605131379417987 ], [ -71.290265921441801, -29.60465833866251 ], [ -71.290343370525363, -29.604540357876168 ], [ -71.290447424666894, -29.604421824736654 ], [ -71.290629032097698, -29.60418529886271 ], [ -71.29075993635783, -29.604066394756288 ], [ -71.290863991416643, -29.603947944299101 ], [ -71.290981473858182, -29.603829179768415 ], [ -71.29124315231681, -29.603591279215212 ], [ -71.291451479290913, -29.603354300709427 ], [ -71.291542239668601, -29.603236080322983 ], [ -71.291670492624036, -29.603000483861781 ], [ -71.291851988496376, -29.602763959294077 ], [ -71.291929529287842, -29.60264597518508 ], [ -71.292057685545259, -29.602410371942682 ], [ -71.292108386925477, -29.602292851486446 ], [ -71.292263264820321, -29.602056795364806 ], [ -71.292626048104097, -29.601638332312991 ], [ -71.292862249483804, -29.601260133941405 ], [ -71.292856129549506, -29.601113009983809 ], [ -71.292880223878583, -29.600995940126086 ], [ -71.292878111712596, -29.600902611146783 ], [ -71.293018605642686, -29.600620153042794 ], [ -71.293057584690175, -29.600572745561649 ], [ -71.293212458994759, -29.600336780535493 ], [ -71.293329924303194, -29.600218013513782 ], [ -71.293434088166251, -29.60009956025392 ], [ -71.293524841584528, -29.599981254871437 ], [ -71.293655716495962, -29.599862347765946 ], [ -71.293759772268459, -29.599743803219912 ], [ -71.294048168948009, -29.599505529473369 ], [ -71.294205940896404, -29.599397704167629 ], [ -71.294324990396788, -29.599348995501085 ], [ -71.294430471671177, -29.599288807979416 ], [ -71.294535689106354, -29.599216975572944 ], [ -71.294747065161943, -29.599120037860683 ], [ -71.29498248443862, -29.599058867926811 ], [ -71.29521114143904, -29.599068261081278 ], [ -71.295307161856215, -29.599086987292729 ], [ -71.295308774059023, -29.599087661265276 ], [ -71.295030985254357, -29.598542392159271 ], [ -71.294317781919943, -29.597383991445671 ], [ -71.292599324243696, -29.597338648890943 ], [ -71.291363729984823, -29.598140484176255 ], [ -71.290402590076724, -29.599688049583847 ], [ -71.289704586893222, -29.600720741444103 ], [ -71.289366648334749, -29.600966724697379 ], [ -71.288530257213978, -29.601956765014247 ], [ -71.287639976518861, -29.602842669742351 ], [ -71.287225328648148, -29.603495228553093 ], [ -71.286068891455798, -29.605526427623811 ], [ -71.285824655235004, -29.60688149102705 ], [ -71.285188163423655, -29.61064483225466 ], [ -71.284895775687318, -29.612150807931641 ], [ -71.284443533201198, -29.614184883182748 ] ] ] ] } },
{ "type": "Feature", "properties": { "fid": 54, "OBJECTID_1": 209, "OBJECTID": 220, "NOM_COM": "LA HIGUERA", "PROVINCIA": "ELQUI", "Z_COMUNAL": "ZONA PREFERENTEMENTE TURISTICA", "USO": "RESTRICCION ECOLOGICA ACUATICA", "REGIONAL": "AREAS PARA ACTIVIDADES INDUSTRIALES, ECONOMICAS Y DE DESARROLLO", "Shape_Leng": 6167.4457695800002, "LEYENDA": "ZONA MULTIPLES RECREACIONAL", "Shape__Area": 1371061.5504150391, "Shape__Length": 6167.2629048889621, "Nota": "La Zonificación de Uso del Borde Costero de la Región de Coquimbo, constituye un instrumento aún vigente, y que declara áreas con orientaciones de usos específicos, en el borde costero regional. Por lo tanto, se sugiere su uso de acuerdo a la microzonificación según se señala en todas las publicaciones, y que fué aprobada mediante Decreto Supremo Nº 518 Zonificación de Coquimbo, 12 de diciembre de 2005.", "Origen Dato": "https://gorecoquimbo.maps.arcgis.com/apps/CompareAnalysis/index.html?appid=b4f178d41fb24ab8a871596de568a2f7", "Mapa Completo": "https://www.gorecoquimbo.cl/gorecoquimbo/site/artic/20150722/asocfile/20150722092144/comunal.jpg", "Link Memoria": "https://www.gorecoquimbo.cl/gorecoquimbo/site/artic/20150722/asocfile/20150722091730/memoria_explicativa_zonifi.pdf" }, "geometry": { "type": "MultiPolygon", "coordinates": [ [ [ [ -71.328250780006044, -29.551361528834143 ], [ -71.330180018715765, -29.551350804555021 ], [ -71.333915068385721, -29.551448409340193 ], [ -71.33381908164165, -29.547272450562613 ], [ -71.333769688147996, -29.546305559668507 ], [ -71.333461719500789, -29.545882540558953 ], [ -71.333324121365465, -29.545456527438066 ], [ -71.333291270535881, -29.544954153806042 ], [ -71.333115780974069, -29.544733705534455 ], [ -71.333006308453079, -29.544605239281637 ], [ -71.333106370036404, -29.544324062849057 ], [ -71.333201714846993, -29.5438380697124 ], [ -71.333121154754792, -29.543113002671813 ], [ -71.332873226664006, -29.542521273781208 ], [ -71.332629588824162, -29.542115744812428 ], [ -71.332265020209363, -29.542010380537004 ], [ -71.331898753446893, -29.541830534848632 ], [ -71.332707944215798, -29.541315445426491 ], [ -71.332500570850641, -29.540245824195299 ], [ -71.33248633637028, -29.539625963269476 ], [ -71.332504165647947, -29.538777064896706 ], [ -71.332870367520115, -29.536844989599299 ], [ -71.332885197683794, -29.535865589088356 ], [ -71.332785369452537, -29.53374320826601 ], [ -71.332665967752405, -29.529954843099887 ], [ -71.328218254759051, -29.530016376063578 ], [ -71.328196414185143, -29.530031307624963 ], [ -71.328131041827817, -29.530090816273166 ], [ -71.328039862450495, -29.5301857882659 ], [ -71.327933668252669, -29.530210918945176 ], [ -71.327774700821791, -29.530260437085889 ], [ -71.327694686592153, -29.530261839063392 ], [ -71.327375665611072, -29.530394186192897 ], [ -71.327350847722357, -29.530396237608219 ], [ -71.327339689941965, -29.530489714326841 ], [ -71.327313244473459, -29.530501909941961 ], [ -71.32731484729328, -29.530571884297629 ], [ -71.327342093395984, -29.530594685795879 ], [ -71.327347705735633, -29.530839698831397 ], [ -71.327308500335945, -29.53087538777913 ], [ -71.327269816549901, -29.530934345489111 ], [ -71.327243915074945, -29.530969800453985 ], [ -71.327166038115394, -29.531064538860594 ], [ -71.327154871723025, -29.531158098712591 ], [ -71.327157809938328, -29.531286422624653 ], [ -71.327184951032791, -29.531309225986806 ], [ -71.327186553837549, -29.531379201242157 ], [ -71.32721352543723, -29.531390460178454 ], [ -71.327214326841045, -29.531425447354209 ], [ -71.327228965346947, -29.53148347184278 ], [ -71.327245037178713, -29.531599926259183 ], [ -71.327273783145301, -29.531692786906326 ], [ -71.327276989118673, -29.531832745515281 ], [ -71.327250924207974, -29.531856480947138 ], [ -71.327238048811964, -29.53188006921404 ], [ -71.327162030210175, -29.532056416908979 ], [ -71.327135700824726, -29.532068609566618 ], [ -71.327110332033939, -29.532127333992211 ], [ -71.327084418883672, -29.53216278913855 ], [ -71.327046549369356, -29.532256826666725 ], [ -71.327048687025439, -29.532350154356823 ], [ -71.327037520694887, -29.532443724115566 ], [ -71.327052959622293, -29.532536734903172 ], [ -71.32705937310385, -29.532816735089835 ], [ -71.327074545651513, -29.532898112031752 ], [ -71.327101526892022, -29.532909278787002 ], [ -71.327090895495161, -29.533026200978437 ], [ -71.327159744657095, -29.533118369021867 ], [ -71.327215727612213, -29.533234032209773 ], [ -71.327205093408622, -29.533350871454289 ], [ -71.327181062689633, -29.533468018459317 ], [ -71.327186405841999, -29.533701313737946 ], [ -71.327202381182275, -29.533817677787976 ], [ -71.327231758148287, -29.533933908088184 ], [ -71.327234429184088, -29.534050505207674 ], [ -71.327195221531241, -29.534086193292513 ], [ -71.327183691735215, -29.534168037090343 ], [ -71.327133052205809, -29.534285660161171 ], [ -71.327095703783158, -29.534402967381581 ], [ -71.327085082658257, -29.534519889376707 ], [ -71.327093096554194, -29.534869771831666 ], [ -71.327108004263721, -29.534939522995998 ], [ -71.327148547686036, -29.534962174525365 ], [ -71.327162118751701, -29.534973576175542 ], [ -71.327242402253177, -29.534983809966892 ], [ -71.327349669485258, -29.535005292440104 ], [ -71.327456659876788, -29.535015140275707 ], [ -71.32751105162761, -29.535060837771553 ], [ -71.327538557008907, -29.535095348001672 ], [ -71.327567666138663, -29.535199851456561 ], [ -71.327516396707949, -29.535294123903629 ], [ -71.327463338777051, -29.535306692962337 ], [ -71.327423865219387, -29.535330746383913 ], [ -71.327397427757958, -29.535342848994379 ], [ -71.327107869100189, -29.535568672777465 ], [ -71.32700147613356, -29.535751871114474 ], [ -71.326983169293712, -29.535898516092637 ], [ -71.326987978370468, -29.536108448955666 ], [ -71.32701495126571, -29.536119708759134 ], [ -71.327042733850149, -29.536165862648126 ], [ -71.327179272607893, -29.536303476296339 ], [ -71.327262776147236, -29.536453760331401 ], [ -71.327198722675774, -29.536571525528501 ], [ -71.327132905635864, -29.536607679810881 ], [ -71.327040546620367, -29.536656031365062 ], [ -71.326829330019038, -29.536753012630719 ], [ -71.326724198719873, -29.536824856584335 ], [ -71.32661933588966, -29.536908428077922 ], [ -71.326528150367565, -29.537003398435836 ], [ -71.326451336287349, -29.537144758531994 ], [ -71.326053037219083, -29.537730812669206 ], [ -71.326051439383249, -29.537746813026843 ], [ -71.326012764720218, -29.537805853280855 ], [ -71.326000261000033, -29.537841073439758 ], [ -71.325961052549658, -29.537876761227221 ], [ -71.32596131918406, -29.537888404981441 ], [ -71.325948442814678, -29.537911993161899 ], [ -71.325922644439316, -29.537947446115641 ], [ -71.3258969969703, -29.537994535824385 ], [ -71.325819648504989, -29.538112626150713 ], [ -71.32575559240027, -29.538230390773361 ], [ -71.325704949693801, -29.538348022452677 ], [ -71.325680913543664, -29.538465087221052 ], [ -71.325643575464724, -29.538582476906125 ], [ -71.325595598993957, -29.538816612860522 ], [ -71.325558260714374, -29.538934002528372 ], [ -71.325563601122099, -29.539167288866828 ], [ -71.325579564581076, -29.539283653277671 ], [ -71.325622258009119, -29.539399641689023 ], [ -71.325654301934605, -29.539632376547615 ], [ -71.325712959577857, -29.53986473830652 ], [ -71.325782357715696, -29.539980259945512 ], [ -71.325825038250002, -29.540096155567323 ], [ -71.325963717643091, -29.540327106880419 ], [ -71.32596638812457, -29.540443713010774 ], [ -71.326009081537379, -29.540559701246302 ], [ -71.326038457346641, -29.540675830671315 ], [ -71.326054435157502, -29.540792286740658 ], [ -71.326166515969859, -29.541023712602563 ], [ -71.326209197478747, -29.5411396089379 ], [ -71.326278586805174, -29.541255129497305 ], [ -71.326497300520273, -29.541484595321574 ], [ -71.326606444217958, -29.541587687911704 ], [ -71.326879108068738, -29.541839662671237 ], [ -71.327028007476514, -29.541930418986986 ], [ -71.327461263136726, -29.542202857477804 ], [ -71.327543156145509, -29.542283064082472 ], [ -71.327668004008856, -29.542490985929803 ], [ -71.327655405556726, -29.542526208786573 ], [ -71.327695416985762, -29.542525507561127 ], [ -71.327710687934939, -29.542606881631166 ], [ -71.327740078845778, -29.542723102308106 ], [ -71.327782763175833, -29.542839006990469 ], [ -71.327812046955387, -29.542955137502037 ], [ -71.327820068231716, -29.543305112214703 ], [ -71.327796129879545, -29.543422183651668 ], [ -71.327756824194111, -29.54345787460834 ], [ -71.327745122515893, -29.543528082007867 ], [ -71.327718674827537, -29.543540276945322 ], [ -71.327462681156163, -29.544011438506047 ], [ -71.32741460398951, -29.54424566056176 ], [ -71.327393339478775, -29.544479420852632 ], [ -71.327345272318837, -29.544713642708256 ], [ -71.327334637801854, -29.544830472817846 ], [ -71.327337312453665, -29.544947170736528 ], [ -71.327366596511567, -29.54506330130717 ], [ -71.327371942588087, -29.545296595246164 ], [ -71.327361311228429, -29.545413517313211 ], [ -71.327263748999982, -29.545955239596882 ], [ -71.327339553192957, -29.546444946688894 ], [ -71.327308015906951, -29.546581273824888 ], [ -71.327317638619704, -29.547001139691403 ], [ -71.32736085866658, -29.547140387750055 ], [ -71.327403558244598, -29.547256384187961 ], [ -71.327432938114825, -29.547372513003463 ], [ -71.327435611917792, -29.547489201869649 ], [ -71.327398806726563, -29.547629861387648 ], [ -71.327388066990025, -29.547746692409635 ], [ -71.327415319917733, -29.547769577450516 ], [ -71.327416388833427, -29.547816208259764 ], [ -71.327471312641009, -29.547885248855913 ], [ -71.327499357331874, -29.547943120236873 ], [ -71.327543381416746, -29.548117364261973 ], [ -71.327532750420147, -29.548234296222063 ], [ -71.327522556500725, -29.548374480334864 ], [ -71.327499162698132, -29.548514904815004 ], [ -71.32750130236893, -29.548608240362682 ], [ -71.32755568080178, -29.548653918778726 ], [ -71.327570056167929, -29.548700317258426 ], [ -71.327597844752546, -29.548746553711972 ], [ -71.327626156544483, -29.548816060647624 ], [ -71.327682150164705, -29.548931731902567 ], [ -71.327711533080659, -29.549047952566589 ], [ -71.32775422035003, -29.549163847995256 ], [ -71.327756895748081, -29.549280536785226 ], [ -71.327746273156748, -29.549397375673234 ], [ -71.32776277695109, -29.549537090895839 ], [ -71.327805477173527, -29.549653088005524 ], [ -71.32783485838786, -29.54976921663043 ], [ -71.327917560458047, -29.549884409631339 ], [ -71.327973567294464, -29.550000163478291 ], [ -71.327976241133001, -29.550116769272048 ], [ -71.327965610365794, -29.550233691299177 ], [ -71.32794530951665, -29.550514066985468 ], [ -71.327946378588081, -29.550560688740124 ], [ -71.327973365845793, -29.550571947929395 ], [ -71.328001048080935, -29.550618103129384 ], [ -71.328097954925724, -29.550768048967416 ], [ -71.328153962522521, -29.55088380268614 ], [ -71.328156636457365, -29.551000399431651 ], [ -71.328172619155168, -29.551116854857831 ], [ -71.328202001534635, -29.551232992349522 ], [ -71.328244692560673, -29.551348979485457 ], [ -71.328250780006044, -29.551361528834143 ] ] ] ] } },
{ "type": "Feature", "properties": { "fid": 55, "OBJECTID_1": 182, "OBJECTID": 193, "NOM_COM": "LA HIGUERA", "PROVINCIA": "ELQUI", "Z_COMUNAL": "ZONA DE CONSERVACION DE LA NATURALEZA", "USO": "SITIO SNASPE", "REGIONAL": "AREAS PROTEGIDAS", "Shape_Leng": 6175.3085238800004, "LEYENDA": "SITIO SNASPE", "Shape__Area": 559813.2236328125, "Shape__Length": 6175.127690481645, "Nota": "La Zonificación de Uso del Borde Costero de la Región de Coquimbo, constituye un instrumento aún vigente, y que declara áreas con orientaciones de usos específicos, en el borde costero regional. Por lo tanto, se sugiere su uso de acuerdo a la microzonificación según se señala en todas las publicaciones, y que fué aprobada mediante Decreto Supremo Nº 518 Zonificación de Coquimbo, 12 de diciembre de 2005.", "Origen Dato": "https://gorecoquimbo.maps.arcgis.com/apps/CompareAnalysis/index.html?appid=b4f178d41fb24ab8a871596de568a2f7", "Mapa Completo": "https://www.gorecoquimbo.cl/gorecoquimbo/site/artic/20150722/asocfile/20150722092144/comunal.jpg", "Link Memoria": "https://www.gorecoquimbo.cl/gorecoquimbo/site/artic/20150722/asocfile/20150722091730/memoria_explicativa_zonifi.pdf" }, "geometry": { "type": "MultiPolygon", "coordinates": [ [ [ [ -71.528092063964451, -29.228723355635417 ], [ -71.527993329125934, -29.228828910541107 ], [ -71.527756998144085, -29.228833379446915 ], [ -71.527590021736813, -29.228910609257255 ], [ -71.527559902821338, -29.229059307723361 ], [ -71.527394006918925, -29.229180949084732 ], [ -71.527296726523872, -29.229345742417117 ], [ -71.527354280120804, -29.229626105208407 ], [ -71.527327070541773, -29.229893262470839 ], [ -71.52733289079886, -29.230130162071621 ], [ -71.527358496380401, -29.230485202333917 ], [ -71.527315494700915, -29.230797098464805 ], [ -71.527585587206246, -29.23079199178996 ], [ -71.527805755599843, -29.230817453701654 ], [ -71.527843890971425, -29.2309944946978 ], [ -71.527899626641684, -29.23120082610377 ], [ -71.527987666087455, -29.231347299143767 ], [ -71.528074977727698, -29.23146415359718 ], [ -71.528063198739588, -29.231671761724314 ], [ -71.527915275345023, -29.231837513270015 ], [ -71.527902757734537, -29.232015503077186 ], [ -71.527768805825758, -29.232062476479481 ], [ -71.527589307470834, -29.232317705391281 ], [ -71.527441744909524, -29.232498247746296 ], [ -71.527310330096952, -29.232648870411104 ], [ -71.526381523233638, -29.232651610024547 ], [ -71.525873651478094, -29.23260195850299 ], [ -71.525737142860805, -29.232545280515769 ], [ -71.525640584158594, -29.232739683365796 ], [ -71.525404981162367, -29.232773758011863 ], [ -71.525221839478831, -29.232880905733644 ], [ -71.524972623082959, -29.233048567777384 ], [ -71.524959384655091, -29.23319694692454 ], [ -71.524589088977081, -29.233248380541575 ], [ -71.524304295310301, -29.233342639764711 ], [ -71.524242944762094, -29.233595625227807 ], [ -71.524026405041724, -29.233718227283571 ], [ -71.523912594218999, -29.233898129620105 ], [ -71.523766477711277, -29.234137907381481 ], [ -71.523856340525199, -29.234358413373354 ], [ -71.523848540257774, -29.234728892481169 ], [ -71.523890657099329, -29.23506880484063 ], [ -71.523896834189046, -29.235320515083565 ], [ -71.523985971697016, -29.235511410402051 ], [ -71.524041330141515, -29.235702934495389 ], [ -71.524045328286036, -29.235865814163702 ], [ -71.523914640349702, -29.236046043373861 ], [ -71.523763069680996, -29.236063712497135 ], [ -71.523628384722159, -29.23608107165952 ], [ -71.523580283992814, -29.236185668575974 ], [ -71.523601529298134, -29.236363029780687 ], [ -71.523524381306643, -29.236660752685932 ], [ -71.523347406217255, -29.237019617632303 ], [ -71.523166071851293, -29.23720080324097 ], [ -71.52308566237383, -29.237365266434423 ], [ -71.523075316695412, -29.23763210478317 ], [ -71.52302903058731, -29.237810740857707 ], [ -71.522899066185317, -29.238020579748792 ], [ -71.522736056194802, -29.238260675485073 ], [ -71.522568697191318, -29.238323081754768 ], [ -71.522419302601747, -29.238429598176662 ], [ -71.522153183293995, -29.238597565568465 ], [ -71.52171643547112, -29.238694686395679 ], [ -71.521144633428207, -29.238794353437068 ], [ -71.520504210267788, -29.23885087177322 ], [ -71.520134627318271, -29.238931904714093 ], [ -71.519930954091762, -29.238891304533027 ], [ -71.519777927848793, -29.238849748299064 ], [ -71.519714387730161, -29.239013900688352 ], [ -71.519641590664463, -29.239489303220321 ], [ -71.519513068507436, -29.239758359520728 ], [ -71.519364031437902, -29.239879683058856 ], [ -71.519301215512314, -29.240073436847819 ], [ -71.519322091909558, -29.24023598970177 ], [ -71.519312824223562, -29.240547248173659 ], [ -71.519318629811124, -29.240784157860613 ], [ -71.519389427704809, -29.240916145407272 ], [ -71.519273787292903, -29.241022013244454 ], [ -71.519208078325889, -29.24109731648365 ], [ -71.519162872792052, -29.241320371525539 ], [ -71.519234023544712, -29.241467168663032 ], [ -71.519354018570937, -29.241538971351417 ], [ -71.519472189168695, -29.241536744590704 ], [ -71.519476542732036, -29.241714425024693 ], [ -71.51964682274992, -29.241770472304452 ], [ -71.519798402593679, -29.241752797396948 ], [ -71.519820369126847, -29.241959769932532 ], [ -71.519874997505568, -29.24212168532879 ], [ -71.519978833231406, -29.242223426223735 ], [ -71.519982825766448, -29.242386296325385 ], [ -71.5200525378268, -29.242473862599457 ], [ -71.52013912435693, -29.242561111530925 ], [ -71.520176889551536, -29.24272334474831 ], [ -71.520394178682992, -29.24263036629641 ], [ -71.520745083787247, -29.242475619841581 ], [ -71.520896300205237, -29.242443135245669 ], [ -71.521040982652437, -29.242144138738098 ], [ -71.521122850195198, -29.242038906510068 ], [ -71.521222330085294, -29.241962956264842 ], [ -71.521339421796867, -29.241916306915996 ], [ -71.521351212938512, -29.241708698795929 ], [ -71.521329617977401, -29.241516536686671 ], [ -71.521377359670907, -29.241397121138483 ], [ -71.521389151786465, -29.241189512989337 ], [ -71.521367192679918, -29.240982540677205 ], [ -71.521178575575846, -29.240867593972364 ], [ -71.52115770633759, -29.240705041413698 ], [ -71.521238847358489, -29.240570189622467 ], [ -71.521338688011639, -29.240509049600231 ], [ -71.521675240321585, -29.240458259662653 ], [ -71.521877827577029, -29.240454438043709 ], [ -71.522081141182198, -29.240480225709337 ], [ -71.522637154938394, -29.240425292674814 ], [ -71.522840105392319, -29.240436278897974 ], [ -71.523022546048097, -29.240299513904393 ], [ -71.523187365038453, -29.240133457170639 ], [ -71.523370521154206, -29.24002630151514 ], [ -71.523538256902398, -29.23997869507631 ], [ -71.523740114998148, -29.239945259352854 ], [ -71.52394124705981, -29.239882213761664 ], [ -71.524090278325531, -29.239760885441559 ], [ -71.524206628846585, -29.239684624442859 ], [ -71.524306831380827, -29.239638291614131 ], [ -71.524559335549156, -29.239603899020892 ], [ -71.524588733427251, -29.239425581536565 ], [ -71.524636107047542, -29.239291365718444 ], [ -71.524733763691785, -29.239141382993733 ], [ -71.524918008489962, -29.239078655015192 ], [ -71.524983358455046, -29.238988539808602 ], [ -71.525116955868839, -29.238926758465592 ], [ -71.525268893888821, -29.238923887825184 ], [ -71.525369094160283, -29.238877555189585 ], [ -71.525466022012907, -29.238697961585991 ], [ -71.525529916564423, -29.238548625305999 ], [ -71.52564626437217, -29.238472353269636 ], [ -71.525659513214052, -29.238323974866965 ], [ -71.525671659296265, -29.238131166167019 ], [ -71.526009303545024, -29.23812478625916 ], [ -71.526173749541201, -29.237943926066951 ], [ -71.526254516925249, -29.237794261563327 ], [ -71.526230003756382, -29.237483641875471 ], [ -71.526206570852139, -29.237217442051691 ], [ -71.526233420152437, -29.236935483838781 ], [ -71.526060609555017, -29.236775804841578 ], [ -71.526039723489802, -29.236613244550291 ], [ -71.526168953243655, -29.236373792621951 ], [ -71.526315794430275, -29.236163631883102 ], [ -71.526396208075013, -29.235999166893468 ], [ -71.526546685268357, -29.235937066144047 ], [ -71.526697152994913, -29.235874964508774 ], [ -71.526846175566746, -29.235753643514691 ], [ -71.527011718205728, -29.235617192099891 ], [ -71.527248054645483, -29.235612724666048 ], [ -71.527484389981566, -29.235608255932977 ], [ -71.527668272879311, -29.235530715169478 ], [ -71.527932180449127, -29.235273898679058 ], [ -71.528129660130361, -29.235062778422506 ], [ -71.528328959218811, -29.234925687910732 ], [ -71.528510281256345, -29.234744496010983 ], [ -71.528898181599587, -29.234722342440605 ], [ -71.528966802743028, -29.234765484408282 ], [ -71.528869520157002, -29.234930269912688 ], [ -71.528752440097179, -29.234976925219282 ], [ -71.528586911162719, -29.235113377504916 ], [ -71.528438983919301, -29.235279120785815 ], [ -71.528323359581904, -29.235385005510498 ], [ -71.52827562713037, -29.235504413082214 ], [ -71.528279631701452, -29.235667282303705 ], [ -71.528369131357778, -29.235872984515098 ], [ -71.528456457921536, -29.235989837292315 ], [ -71.528727645946987, -29.236029148184457 ], [ -71.528946743575105, -29.236010186811875 ], [ -71.529133529054945, -29.236051093776553 ], [ -71.529439215725134, -29.23611937454827 ], [ -71.529576449129124, -29.236205657945749 ], [ -71.529778661595785, -29.236187023773088 ], [ -71.530079249520341, -29.236048014466082 ], [ -71.530399624555599, -29.236027133603432 ], [ -71.530584224083569, -29.235979198529197 ], [ -71.530597829957273, -29.235845620238081 ], [ -71.530797491387517, -29.235723335379749 ], [ -71.530981724608878, -29.235660590604766 ], [ -71.531165958838187, -29.235597854586089 ], [ -71.531520101759, -29.235576331635045 ], [ -71.531637181032409, -29.235529673940697 ], [ -71.531720126125037, -29.235468855598057 ], [ -71.531765302484075, -29.235245797935715 ], [ -71.532018156799907, -29.235226192210177 ], [ -71.532135225146007, -29.235179534309665 ], [ -71.53206624913328, -29.235121583752559 ], [ -71.531995803705726, -29.235004413691158 ], [ -71.532111423854602, -29.234898535955502 ], [ -71.532246470885113, -29.234895977596448 ], [ -71.532377141231478, -29.234715741198951 ], [ -71.532562466568749, -29.234697413859962 ], [ -71.532715855263348, -29.234753764724214 ], [ -71.532903013290991, -29.234809465570525 ], [ -71.532988145389666, -29.234837486337412 ], [ -71.533034412977145, -29.234658847870044 ], [ -71.532899002570389, -29.234646596891785 ], [ -71.532878836053058, -29.234513658443266 ], [ -71.532641773894753, -29.234488525396788 ], [ -71.532553715759747, -29.234342056227696 ], [ -71.532466396575572, -29.23422520610649 ], [ -71.532497977925729, -29.234135726444563 ], [ -71.532681478910007, -29.234043369248266 ], [ -71.532764422202803, -29.233982550355144 ], [ -71.532742432507774, -29.233775572184978 ], [ -71.532455458469016, -29.233781009454098 ], [ -71.532416960682582, -29.233589169987685 ], [ -71.532364130210354, -29.233501289548286 ], [ -71.532126342195681, -29.233446537007119 ], [ -71.531821754916848, -29.233422682417512 ], [ -71.531619184091994, -29.233426518243071 ], [ -71.531354197277196, -29.233638921713606 ], [ -71.531274157882976, -29.233818198361369 ], [ -71.531126965953092, -29.234013563602911 ], [ -71.530860518922694, -29.23416673747953 ], [ -71.530176411264137, -29.234505586502511 ], [ -71.529642044704559, -29.234752708866374 ], [ -71.529439105612227, -29.234741732336108 ], [ -71.52924868179025, -29.23455276574785 ], [ -71.529129054128362, -29.234495772007381 ], [ -71.529040646069575, -29.234334499823042 ], [ -71.529019756370232, -29.234171950118256 ], [ -71.52888361858669, -29.234130084635776 ], [ -71.528877429599291, -29.233878375318426 ], [ -71.529091061410483, -29.233637315050675 ], [ -71.529415569092905, -29.233097899708401 ], [ -71.529579636897537, -29.232902216896427 ], [ -71.529592151378381, -29.232724219007736 ], [ -71.529551838269839, -29.232458338471965 ], [ -71.529559608161321, -29.232087861269562 ], [ -71.52979156531346, -29.231905709667899 ], [ -71.530024261626153, -29.231753177762773 ], [ -71.530321910852933, -29.23149570943287 ], [ -71.530603061150657, -29.231253377980014 ], [ -71.530764573631643, -29.230954054645302 ], [ -71.530927553842005, -29.230713950711415 ], [ -71.531006852880409, -29.23050506326685 ], [ -71.530966173280632, -29.230224383941284 ], [ -71.530976853114709, -29.229972346404089 ], [ -71.531039641913964, -29.229778588566131 ], [ -71.53112148965522, -29.22967334223306 ], [ -71.531100608476009, -29.22951079179731 ], [ -71.530946499939716, -29.229424828171116 ], [ -71.531058825860882, -29.229185693085896 ], [ -71.531089314163438, -29.229051794152706 ], [ -71.530935934971566, -29.228995440806646 ], [ -71.530848247870139, -29.228863779219978 ], [ -71.530459641954224, -29.228856327654707 ], [ -71.530460734770458, -29.22890074724053 ], [ -71.530208634081347, -29.2289499592715 ], [ -71.530022579496105, -29.228938663571224 ], [ -71.529936361752021, -29.228866230841625 ], [ -71.529734891097931, -29.228914483801418 ], [ -71.529584060799863, -29.228961777336224 ], [ -71.529365352560689, -29.228995539790692 ], [ -71.528977837851571, -29.229032493652305 ], [ -71.528773090029091, -29.22894748628363 ], [ -71.528599188872761, -29.22874338944845 ], [ -71.528328019295444, -29.228704077108304 ], [ -71.528092063964451, -29.228723355635417 ] ] ] ] } },
{ "type": "Feature", "properties": { "fid": 56, "OBJECTID_1": 185, "OBJECTID": 196, "NOM_COM": "LA HIGUERA", "PROVINCIA": "ELQUI", "Z_COMUNAL": "ZONA DE ASENTAMIENTOS HUMANOS", "USO": "TURISMO INMOBILIARIO", "REGIONAL": "AREAS EN LAS CUALES EXISTEN ASENTAMIENTOS HUMANOS", "Shape_Leng": 6201.2119241500004, "LEYENDA": "TURISMO INMOBILIARIO", "Shape__Area": 1946400.509765625, "Shape__Length": 6201.03037490102, "Nota": "La Zonificación de Uso del Borde Costero de la Región de Coquimbo, constituye un instrumento aún vigente, y que declara áreas con orientaciones de usos específicos, en el borde costero regional. Por lo tanto, se sugiere su uso de acuerdo a la microzonificación según se señala en todas las publicaciones, y que fué aprobada mediante Decreto Supremo Nº 518 Zonificación de Coquimbo, 12 de diciembre de 2005.", "Origen Dato": "https://gorecoquimbo.maps.arcgis.com/apps/CompareAnalysis/index.html?appid=b4f178d41fb24ab8a871596de568a2f7", "Mapa Completo": "https://www.gorecoquimbo.cl/gorecoquimbo/site/artic/20150722/asocfile/20150722092144/comunal.jpg", "Link Memoria": "https://www.gorecoquimbo.cl/gorecoquimbo/site/artic/20150722/asocfile/20150722091730/memoria_explicativa_zonifi.pdf" }, "geometry": { "type": "MultiPolygon", "coordinates": [ [ [ [ -71.470231519356233, -29.253457069962558 ], [ -71.47021305927619, -29.25424392495129 ], [ -71.470340869427417, -29.254896996447563 ], [ -71.470128567569787, -29.255392500962945 ], [ -71.47006645101213, -29.25591799472144 ], [ -71.470458899888058, -29.256697262183472 ], [ -71.470726687068975, -29.256954479392181 ], [ -71.471436430124115, -29.256941353442048 ], [ -71.471849702704475, -29.257032014019025 ], [ -71.47243367067253, -29.258004378223429 ], [ -71.472788797860218, -29.25878431922531 ], [ -71.472986609827331, -29.259239463392102 ], [ -71.473005532310268, -29.260025634435511 ], [ -71.473141256747212, -29.261006280910362 ], [ -71.472936044255107, -29.261796590934054 ], [ -71.47257351403502, -29.262262096793261 ], [ -71.472589282501275, -29.262917237281993 ], [ -71.472310918694149, -29.26377444935347 ], [ -71.472365624103148, -29.264494418990665 ], [ -71.47267079919925, -29.264750939051449 ], [ -71.473309827499577, -29.264902972613047 ], [ -71.473881235081677, -29.265351187788262 ], [ -71.474185617371049, -29.265574962846308 ], [ -71.474486064729277, -29.265634937481785 ], [ -71.474520269585568, -29.265503216097773 ], [ -71.474815970638886, -29.265366650347641 ], [ -71.475229280332044, -29.265457316207844 ], [ -71.475914363201952, -29.265968965444738 ], [ -71.476182979041553, -29.266258928449368 ], [ -71.476300580629385, -29.266486150677331 ], [ -71.476674164690181, -29.266479225521849 ], [ -71.477043008217493, -29.266275758956041 ], [ -71.477385550609284, -29.266531574543073 ], [ -71.477803608624512, -29.26681877136274 ], [ -71.478150105786625, -29.267238364805245 ], [ -71.478862288122386, -29.267323474749819 ], [ -71.479618170018966, -29.267669926529909 ], [ -71.480102250334525, -29.267595401607341 ], [ -71.480404278352111, -29.26772088183079 ], [ -71.480747635205361, -29.268009446950082 ], [ -71.480978896815884, -29.268300093185907 ], [ -71.481885803231293, -29.268709275793118 ], [ -71.482749811050127, -29.268889857606673 ], [ -71.483643262549975, -29.268742161358595 ], [ -71.484601925850285, -29.268199992761986 ], [ -71.485597918141508, -29.267657114004294 ], [ -71.486258482689706, -29.267153254762608 ], [ -71.486705984893945, -29.267112151752453 ], [ -71.487041413914, -29.267073133070923 ], [ -71.487259226028598, -29.266806912350045 ], [ -71.48720679318896, -29.266185233333253 ], [ -71.487156751145918, -29.265661814888418 ], [ -71.487340361873564, -29.265527318014041 ], [ -71.487295862780655, -29.265233206711358 ], [ -71.487140888262374, -29.265006690927525 ], [ -71.487134543282849, -29.264744633925154 ], [ -71.487276032573732, -29.264414284885735 ], [ -71.487378595218132, -29.2640191219493 ], [ -71.48691840722401, -29.263536112450044 ], [ -71.486753910455391, -29.262916519922243 ], [ -71.486772238728022, -29.26212966110668 ], [ -71.486421762278226, -29.261546303577202 ], [ -71.486260443729648, -29.261057729089643 ], [ -71.486361411860159, -29.260597047852063 ], [ -71.486354277308024, -29.260302239555909 ], [ -71.486570482057999, -29.25997050159631 ], [ -71.486560968235906, -29.259577415180427 ], [ -71.48572092153681, -29.258839303281576 ], [ -71.484957969155829, -29.258198064194673 ], [ -71.484709283528289, -29.257186778874928 ], [ -71.484248348608446, -29.256671007023971 ], [ -71.484094176484632, -29.256477236600954 ], [ -71.48376115574645, -29.256614515317008 ], [ -71.483420217209286, -29.256424224956511 ], [ -71.483233449575948, -29.256427696365222 ], [ -71.483014854956267, -29.256661160038256 ], [ -71.482860685284777, -29.256467397068327 ], [ -71.483002981114169, -29.2561698029273 ], [ -71.482956125626075, -29.255777418477088 ], [ -71.4826120253082, -29.255456097110407 ], [ -71.482011195794698, -29.255336170455166 ], [ -71.481373799734499, -29.255249694062307 ], [ -71.480954201422989, -29.25489699538355 ], [ -71.480277079735629, -29.254712937531085 ], [ -71.479524476973666, -29.254497502950521 ], [ -71.47896416223152, -29.254507898926402 ], [ -71.478590623354833, -29.254514827891029 ], [ -71.47817182619346, -29.254194879017799 ], [ -71.47775936119892, -29.254136988649982 ], [ -71.477415271702569, -29.253815651814964 ], [ -71.476854971090958, -29.253826038521893 ], [ -71.475622296352313, -29.253848880530754 ], [ -71.474766314773618, -29.253995824470117 ], [ -71.472611128895835, -29.252954246232946 ], [ -71.472640604907298, -29.252625983767246 ], [ -71.472636663907309, -29.252462202698769 ], [ -71.471917487425884, -29.252082251181083 ], [ -71.471207777143348, -29.252095377726079 ], [ -71.470611701247734, -29.252171938601503 ], [ -71.470365975223743, -29.252831915527128 ], [ -71.470148942055857, -29.253130879273854 ], [ -71.469926385455295, -29.253200532569881 ], [ -71.470231519356233, -29.253457069962558 ] ] ] ] } },
{ "type": "Feature", "properties": { "fid": 57, "OBJECTID_1": 5, "OBJECTID": 5, "NOM_COM": "LA HIGUERA", "PROVINCIA": "ELQUI", "Z_COMUNAL": "ZONA DE ASENTAMIENTOS HUMANOS", "USO": "CIUDAD", "REGIONAL": "AREAS EN LAS CUALES EXISTEN ASENTAMIENTOS HUMANOS", "Shape_Leng": 6290.60226521, "LEYENDA": "LOCALIDAD", "Shape__Area": 1685762.7548828125, "Shape__Length": 6290.4184942360125, "Nota": "La Zonificación de Uso del Borde Costero de la Región de Coquimbo, constituye un instrumento aún vigente, y que declara áreas con orientaciones de usos específicos, en el borde costero regional. Por lo tanto, se sugiere su uso de acuerdo a la microzonificación según se señala en todas las publicaciones, y que fué aprobada mediante Decreto Supremo Nº 518 Zonificación de Coquimbo, 12 de diciembre de 2005.", "Origen Dato": "https://gorecoquimbo.maps.arcgis.com/apps/CompareAnalysis/index.html?appid=b4f178d41fb24ab8a871596de568a2f7", "Mapa Completo": "https://www.gorecoquimbo.cl/gorecoquimbo/site/artic/20150722/asocfile/20150722092144/comunal.jpg", "Link Memoria": "https://www.gorecoquimbo.cl/gorecoquimbo/site/artic/20150722/asocfile/20150722091730/memoria_explicativa_zonifi.pdf" }, "geometry": { "type": "MultiPolygon", "coordinates": [ [ [ [ -71.447756174636382, -29.246638522135054 ], [ -71.454859057808861, -29.250478347609164 ], [ -71.459963639053484, -29.253315751835608 ], [ -71.460406364714117, -29.253561826358947 ], [ -71.460426086892411, -29.253531607368576 ], [ -71.46047817731457, -29.253459917054371 ], [ -71.46046357075241, -29.253413010299784 ], [ -71.46054108757491, -29.253281850975124 ], [ -71.460619452039012, -29.253186140338631 ], [ -71.460724738052562, -29.253089840052887 ], [ -71.46089690785675, -29.252980577555864 ], [ -71.461015575132251, -29.252884030609714 ], [ -71.461213526129583, -29.252727108147372 ], [ -71.461292181706241, -29.252643122118005 ], [ -71.46133192346926, -29.252618843703289 ], [ -71.461358583711515, -29.252606528457409 ], [ -71.46138371862456, -29.252535343382473 ], [ -71.461409720716048, -29.252499503815937 ], [ -71.461420364718876, -29.252381400035194 ], [ -71.461416976781095, -29.2522399163595 ], [ -71.461400123090655, -29.25209877364987 ], [ -71.461356419698802, -29.251958032599383 ], [ -71.461326195288564, -29.251817154205149 ], [ -71.461309906129827, -29.251699528487428 ], [ -71.461307083329061, -29.251581672759201 ], [ -71.461344565613189, -29.251463075513545 ], [ -71.461422457676761, -29.251343732989334 ], [ -71.461488198511077, -29.25128352301887 ], [ -71.461514179910608, -29.251247691941089 ], [ -71.4617276010881, -29.2511730201626 ], [ -71.461834485405433, -29.251147514570587 ], [ -71.461941753982998, -29.251133714100504 ], [ -71.462048459916133, -29.25109638747892 ], [ -71.462154786970416, -29.251047243608223 ], [ -71.462300950665224, -29.25097382825615 ], [ -71.462459354162931, -29.250853002470738 ], [ -71.46255145232486, -29.250768759034408 ], [ -71.462577549195402, -29.250732916618244 ], [ -71.462656473672169, -29.250660731018733 ], [ -71.462762507474764, -29.250599767949637 ], [ -71.462869211707158, -29.250562449755911 ], [ -71.462976199688896, -29.250536931449943 ], [ -71.463083656105795, -29.250534951676393 ], [ -71.463190925049304, -29.250521159247498 ], [ -71.463298476029621, -29.25051917755852 ], [ -71.463405639818987, -29.250505377875907 ], [ -71.463512343466633, -29.250468050170024 ], [ -71.463725090475151, -29.25036976742323 ], [ -71.463830947021833, -29.250297074683786 ], [ -71.463936426146205, -29.250212593552206 ], [ -71.464146902589121, -29.250020083678443 ], [ -71.4642527587079, -29.24994740055898 ], [ -71.464358330669342, -29.249862916504497 ], [ -71.464464091875598, -29.249790234978882 ], [ -71.464571076367449, -29.249764623487131 ], [ -71.46467749753252, -29.249715567982385 ], [ -71.464780448136935, -29.249679435285277 ], [ -71.464818292576282, -29.249084638129943 ], [ -71.465454942967469, -29.248007758655557 ], [ -71.469326644195533, -29.249748243718273 ], [ -71.469329862534224, -29.249735769239447 ], [ -71.469468937838087, -29.249367663747211 ], [ -71.469560473174724, -29.249259871731539 ], [ -71.469666606386042, -29.249198919591706 ], [ -71.469772363081134, -29.249126243134459 ], [ -71.469785544527639, -29.249114175394926 ], [ -71.469825566815246, -29.249101713504992 ], [ -71.469838183669367, -29.249066109905883 ], [ -71.469905334148194, -29.249064869662355 ], [ -71.469918233015349, -29.249041001963597 ], [ -71.470009483955849, -29.248921407948995 ], [ -71.470048372379409, -29.248861772437607 ], [ -71.470046389614467, -29.248779273035272 ], [ -71.470030365279442, -29.248673476965791 ], [ -71.469976133192986, -29.248650840176833 ], [ -71.469840897043056, -29.248617978383145 ], [ -71.469719871888429, -29.248620215193004 ], [ -71.469666941872887, -29.248656554808985 ], [ -71.469587467783157, -29.248705208177419 ], [ -71.469547448850264, -29.248717761945837 ], [ -71.469507145129214, -29.24871850677199 ], [ -71.469507710656444, -29.248742042614953 ], [ -71.469467962161247, -29.24876632346329 ], [ -71.469212655745665, -29.24877104125806 ], [ -71.469144571145847, -29.248736946934194 ], [ -71.469130812457678, -29.248725460035857 ], [ -71.469103123806065, -29.248690518234362 ], [ -71.46903587792923, -29.248691760729123 ], [ -71.468994160724463, -29.248633624722363 ], [ -71.468979951074076, -29.248598525865873 ], [ -71.468936711318577, -29.248481417351339 ], [ -71.468923340518543, -29.248481664387079 ], [ -71.468881904338971, -29.248435263368389 ], [ -71.468877659630763, -29.24825851855195 ], [ -71.468916925891335, -29.248166804107139 ], [ -71.468606141507621, -29.248191666145708 ], [ -71.467443825079698, -29.248067881078484 ], [ -71.46726782040858, -29.247635389957935 ], [ -71.467535597526094, -29.247291532498007 ], [ -71.467810354224525, -29.247238054559784 ], [ -71.468531193221651, -29.247369992657951 ], [ -71.468766682550154, -29.247347638748913 ], [ -71.468747172074274, -29.247305839382665 ], [ -71.46864998610252, -29.247177913109333 ], [ -71.468566256337326, -29.247049738184572 ], [ -71.468345596464204, -29.246817999208659 ], [ -71.468235502182324, -29.246713940318184 ], [ -71.468207817674511, -29.24667909112992 ], [ -71.46816723111823, -29.246668025638069 ], [ -71.468152633384349, -29.246621109703842 ], [ -71.468111765283638, -29.246598318185924 ], [ -71.4680836913642, -29.246551661054941 ], [ -71.46798886605356, -29.246518041876445 ], [ -71.46771886173353, -29.246475851495578 ], [ -71.467584194082235, -29.246466523079217 ], [ -71.467315426836208, -29.246471485565909 ], [ -71.467180195282268, -29.24643862082884 ], [ -71.467045246454873, -29.246417574863383 ], [ -71.466910579484761, -29.246408227705981 ], [ -71.466775630277652, -29.246387162526116 ], [ -71.466640964000462, -29.2463778421447 ], [ -71.466506015106162, -29.246356786605599 ], [ -71.466411378459171, -29.246334903933548 ], [ -71.466371043702694, -29.246335648347692 ], [ -71.466289601945746, -29.246301780924991 ], [ -71.466248734563564, -29.246278997821211 ], [ -71.466207289757634, -29.246232577088325 ], [ -71.466152390170578, -29.246186405538765 ], [ -71.466151259808441, -29.246139250737865 ], [ -71.466063858159458, -29.245857863769487 ], [ -71.46602072895331, -29.245740752048306 ], [ -71.466017901463786, -29.245622897535348 ], [ -71.466028445440074, -29.245504795377215 ], [ -71.466066025364569, -29.245386195225645 ], [ -71.466077689741979, -29.245315267000255 ], [ -71.466090034306703, -29.245267845494332 ], [ -71.466115731125626, -29.245220278631557 ], [ -71.466100108122134, -29.245126205670175 ], [ -71.466069772481674, -29.244985219507448 ], [ -71.465985483178585, -29.244833506711615 ], [ -71.465943779622407, -29.244775368435398 ], [ -71.465929736548901, -29.244751989201152 ], [ -71.465888306302986, -29.244705670000947 ], [ -71.465847145644503, -29.244671058990519 ], [ -71.465832830616392, -29.244635869643425 ], [ -71.465709370911213, -29.244532055046012 ], [ -71.465599846727997, -29.244451547609259 ], [ -71.465464053364215, -29.244395126971764 ], [ -71.465218275920307, -29.244234577558515 ], [ -71.465109599600751, -29.244189396573987 ], [ -71.465013542938422, -29.24410863118236 ], [ -71.464972666221428, -29.244085838785416 ], [ -71.464904972734715, -29.24406344806404 ], [ -71.464890367842443, -29.244016624733071 ], [ -71.464792613062841, -29.243865067397916 ], [ -71.464695428094601, -29.243737219931258 ], [ -71.4646382593331, -29.243596747125565 ], [ -71.464579010098063, -29.243405958762263 ], [ -71.463130541600378, -29.243160633737347 ], [ -71.458291710843611, -29.241651997708576 ], [ -71.453561063878226, -29.240044365942843 ], [ -71.447787034683927, -29.243297263257109 ], [ -71.447756174636382, -29.246638522135054 ] ] ] ] } },
{ "type": "Feature", "properties": { "fid": 58, "OBJECTID_1": 33, "OBJECTID": 33, "NOM_COM": "LA HIGUERA", "PROVINCIA": "ELQUI", "Z_COMUNAL": "ZONA DE ASENTAMIENTOS HUMANOS", "USO": "CIUDAD", "REGIONAL": "AREAS EN LAS CUALES EXISTEN ASENTAMIENTOS HUMANOS", "Shape_Leng": 6422.4269012200002, "LEYENDA": "LOCALIDAD", "Shape__Area": 935883.68762207031, "Shape__Length": 6422.237599964561, "Nota": "La Zonificación de Uso del Borde Costero de la Región de Coquimbo, constituye un instrumento aún vigente, y que declara áreas con orientaciones de usos específicos, en el borde costero regional. Por lo tanto, se sugiere su uso de acuerdo a la microzonificación según se señala en todas las publicaciones, y que fué aprobada mediante Decreto Supremo Nº 518 Zonificación de Coquimbo, 12 de diciembre de 2005.", "Origen Dato": "https://gorecoquimbo.maps.arcgis.com/apps/CompareAnalysis/index.html?appid=b4f178d41fb24ab8a871596de568a2f7", "Mapa Completo": "https://www.gorecoquimbo.cl/gorecoquimbo/site/artic/20150722/asocfile/20150722092144/comunal.jpg", "Link Memoria": "https://www.gorecoquimbo.cl/gorecoquimbo/site/artic/20150722/asocfile/20150722091730/memoria_explicativa_zonifi.pdf" }, "geometry": { "type": "MultiPolygon", "coordinates": [ [ [ [ -71.301346693695081, -29.44395076782828 ], [ -71.300683754999497, -29.444108075033245 ], [ -71.297954453471107, -29.444993815049717 ], [ -71.296284975204713, -29.446699812788129 ], [ -71.295910421826505, -29.448565758334009 ], [ -71.296238847418564, -29.450200815378896 ], [ -71.296573854619893, -29.452127442373644 ], [ -71.299213252198228, -29.454634103399677 ], [ -71.301438454218058, -29.455397767633322 ], [ -71.303138443008208, -29.455040210916682 ], [ -71.303798975613219, -29.454773555232329 ], [ -71.304579485859819, -29.454286058288908 ], [ -71.306135544886502, -29.45309236826915 ], [ -71.306617120365146, -29.452281894145798 ], [ -71.308348068218535, -29.451819931910094 ], [ -71.31044813745666, -29.451809022575421 ], [ -71.310555520378642, -29.45139866352315 ], [ -71.311296887683071, -29.450645390879629 ], [ -71.311604326072725, -29.450052842232999 ], [ -71.311800343991621, -29.449692000046593 ], [ -71.311887705067235, -29.449259613591803 ], [ -71.311788499543113, -29.449261337028869 ], [ -71.311749156888126, -29.449285290647254 ], [ -71.311629630880404, -29.44928736606494 ], [ -71.311616865058824, -29.449310867002776 ], [ -71.311603704885897, -29.44932020465453 ], [ -71.311613319137223, -29.449483592779742 ], [ -71.311310427052007, -29.449955813429646 ], [ -71.311054936962648, -29.450266631308523 ], [ -71.310653647538629, -29.450579969649738 ], [ -71.308585077012481, -29.450692458787042 ], [ -71.308593745727194, -29.451075270472749 ], [ -71.30801460574709, -29.451264029825655 ], [ -71.307667004735805, -29.451372191279052 ], [ -71.306792796119097, -29.451412879740207 ], [ -71.305772208711446, -29.45143056612568 ], [ -71.305477734029822, -29.451308001530712 ], [ -71.305179210007623, -29.451006801013289 ], [ -71.30501085716547, -29.450649036145276 ], [ -71.304991719210577, -29.450646586295164 ], [ -71.304924997790565, -29.450636102366854 ], [ -71.304854220549885, -29.450596543593793 ], [ -71.304776896366263, -29.450545651613691 ], [ -71.304695568332065, -29.450477324390029 ], [ -71.304654751635312, -29.450431481831007 ], [ -71.304600789768458, -29.450397589530585 ], [ -71.304560236186404, -29.450363382003815 ], [ -71.304398473893968, -29.450261537678756 ], [ -71.30434435428198, -29.450216008376191 ], [ -71.304263299035881, -29.450159222841396 ], [ -71.304195623081014, -29.450102297608868 ], [ -71.304059659923198, -29.449965087248284 ], [ -71.303895640514597, -29.449758624859079 ], [ -71.303854184236428, -29.44968960677047 ], [ -71.303812212407351, -29.449597317438343 ], [ -71.303757306054919, -29.44951690155774 ], [ -71.30370256647349, -29.449448103444297 ], [ -71.303661224997498, -29.449378999395257 ], [ -71.303619243203784, -29.449286711061937 ], [ -71.303564347262181, -29.44920628498258 ], [ -71.303506981637867, -29.449021255942839 ], [ -71.303491587186414, -29.448928507335477 ], [ -71.303489487488207, -29.448835536719663 ], [ -71.303474093092632, -29.448742788105509 ], [ -71.30347550975651, -29.448641535265072 ], [ -71.303497719438482, -29.448536533107177 ], [ -71.303315397764791, -29.448562561243854 ], [ -71.30238232072314, -29.448578705886245 ], [ -71.302090728510208, -29.448583749504195 ], [ -71.301889500724286, -29.448714878413064 ], [ -71.30139725672602, -29.448876581983807 ], [ -71.300815798064733, -29.448963225873062 ], [ -71.300351571330964, -29.4490733746191 ], [ -71.300374388311454, -29.448792141160002 ], [ -71.300453799966874, -29.448433328956792 ], [ -71.300768794287023, -29.448172579099008 ], [ -71.301118696612036, -29.448166529274012 ], [ -71.301466871317544, -29.448083909811039 ], [ -71.301758462209321, -29.448078866735077 ], [ -71.302201599930342, -29.448326517376589 ], [ -71.30255035075227, -29.44826942699698 ], [ -71.303510866708507, -29.44817620599056 ], [ -71.303571903757614, -29.448185588322495 ], [ -71.303592196895764, -29.448089653524576 ], [ -71.303707771872581, -29.447913271363472 ], [ -71.303837437641548, -29.447771462119306 ], [ -71.303954588007599, -29.447664778392511 ], [ -71.30415033217281, -29.447510278162429 ], [ -71.304267492438214, -29.447403603931818 ], [ -71.304423363956673, -29.447249700785704 ], [ -71.304527221935771, -29.447143339682292 ], [ -71.304647254271302, -29.447017160398424 ], [ -71.304445979437403, -29.446960054264032 ], [ -71.304267575663275, -29.446809961653599 ], [ -71.303683836699406, -29.446794533799476 ], [ -71.302981724265692, -29.446704559612073 ], [ -71.302745001603896, -29.446555474037986 ], [ -71.302708358348681, -29.446224202555246 ], [ -71.302787761356612, -29.445865389369906 ], [ -71.302924907376152, -29.445480054034267 ], [ -71.303186166217799, -29.445424466345919 ], [ -71.303856225530083, -29.445387336721659 ], [ -71.304350179059099, -29.445302195485514 ], [ -71.304876753851929, -29.445369668308661 ], [ -71.305638887442228, -29.445535192364851 ], [ -71.305882573508612, -29.445643007432434 ], [ -71.305887928313354, -29.445631487939913 ], [ -71.306040894301248, -29.445349800536263 ], [ -71.306230699290793, -29.44492790921079 ], [ -71.306363314496423, -29.444555147798084 ], [ -71.304931919050887, -29.443938977401029 ], [ -71.303706154422628, -29.443909130841309 ], [ -71.30198528788965, -29.443913379202105 ], [ -71.301346693695081, -29.44395076782828 ] ] ] ] } },
{ "type": "Feature", "properties": { "fid": 59, "OBJECTID_1": 29, "OBJECTID": 29, "NOM_COM": "LA HIGUERA", "PROVINCIA": "ELQUI", "Z_COMUNAL": "ZONA FORESTAL", "USO": "PLANTACIONES FORESTALES", "REGIONAL": "AREAS PARA ACTIVIDADES INDUSTRIALES, ECONOMICAS Y DE DESARROLLO", "Shape_Leng": 6843.0589244800003, "LEYENDA": "PLANTACIONES FORESTALES", "Shape__Area": 1071367.7890625, "Shape__Length": 6842.8569995747657, "Nota": "La Zonificación de Uso del Borde Costero de la Región de Coquimbo, constituye un instrumento aún vigente, y que declara áreas con orientaciones de usos específicos, en el borde costero regional. Por lo tanto, se sugiere su uso de acuerdo a la microzonificación según se señala en todas las publicaciones, y que fué aprobada mediante Decreto Supremo Nº 518 Zonificación de Coquimbo, 12 de diciembre de 2005.", "Origen Dato": "https://gorecoquimbo.maps.arcgis.com/apps/CompareAnalysis/index.html?appid=b4f178d41fb24ab8a871596de568a2f7", "Mapa Completo": "https://www.gorecoquimbo.cl/gorecoquimbo/site/artic/20150722/asocfile/20150722092144/comunal.jpg", "Link Memoria": "https://www.gorecoquimbo.cl/gorecoquimbo/site/artic/20150722/asocfile/20150722091730/memoria_explicativa_zonifi.pdf" }, "geometry": { "type": "MultiPolygon", "coordinates": [ [ [ [ -71.292334215616094, -29.44406224881223 ], [ -71.291884049341775, -29.445499540917577 ], [ -71.29130449239824, -29.447514853872985 ], [ -71.290947657457934, -29.448564264324116 ], [ -71.290718364370122, -29.449238592854631 ], [ -71.290766273991963, -29.449442581253734 ], [ -71.290948681432653, -29.45021906064461 ], [ -71.292196603817558, -29.453843631762876 ], [ -71.293641189745031, -29.455094857172497 ], [ -71.295799504629684, -29.45658898476184 ], [ -71.296634043448421, -29.456647507749089 ], [ -71.298195583498213, -29.45675699127462 ], [ -71.29997217330255, -29.456881529291003 ], [ -71.302683186202202, -29.457016952548258 ], [ -71.30405662132128, -29.456956716610399 ], [ -71.306673621165942, -29.456619695699242 ], [ -71.308585951178074, -29.456440696148707 ], [ -71.308582648671347, -29.456294906667207 ], [ -71.306617120365146, -29.452281894145798 ], [ -71.306135544886502, -29.45309236826915 ], [ -71.304579485859819, -29.454286058288908 ], [ -71.303798975613219, -29.454773555232329 ], [ -71.303138443008208, -29.455040210916682 ], [ -71.301438454218058, -29.455397767633322 ], [ -71.299213252198228, -29.454634103399677 ], [ -71.296573854619893, -29.452127442373644 ], [ -71.296238847418564, -29.450200815378896 ], [ -71.295910421826505, -29.448565758334009 ], [ -71.296284975204713, -29.446699812788129 ], [ -71.297954453471107, -29.444993815049717 ], [ -71.300683754999497, -29.444108075033245 ], [ -71.301346693695081, -29.44395076782828 ], [ -71.300924531629448, -29.442394481298788 ], [ -71.300902691636949, -29.442396179622445 ], [ -71.298207802896243, -29.442705505323413 ], [ -71.296101915951354, -29.442508269260742 ], [ -71.293980921208032, -29.443383090842946 ], [ -71.292334215616094, -29.44406224881223 ] ] ] ] } },
{ "type": "Feature", "properties": { "fid": 60, "OBJECTID_1": 191, "OBJECTID": 202, "NOM_COM": "LA HIGUERA", "PROVINCIA": "ELQUI", "Z_COMUNAL": "ZONA AAA", "USO": "AREAS APROPIADAS PARA LA ACUICULTURA (AAA)", "REGIONAL": "AREAS PARA ACTIVIDADES INDUSTRIALES, ECONOMICAS Y DE DESARROLLO", "Shape_Leng": 7546.08656565, "LEYENDA": "AREAS APROPIADAS PARA LA ACUICULTURA (AAA)", "Shape__Area": 1984320.4967041016, "Shape__Length": 7545.865550039548, "Nota": "La Zonificación de Uso del Borde Costero de la Región de Coquimbo, constituye un instrumento aún vigente, y que declara áreas con orientaciones de usos específicos, en el borde costero regional. Por lo tanto, se sugiere su uso de acuerdo a la microzonificación según se señala en todas las publicaciones, y que fué aprobada mediante Decreto Supremo Nº 518 Zonificación de Coquimbo, 12 de diciembre de 2005.", "Origen Dato": "https://gorecoquimbo.maps.arcgis.com/apps/CompareAnalysis/index.html?appid=b4f178d41fb24ab8a871596de568a2f7", "Mapa Completo": "https://www.gorecoquimbo.cl/gorecoquimbo/site/artic/20150722/asocfile/20150722092144/comunal.jpg", "Link Memoria": "https://www.gorecoquimbo.cl/gorecoquimbo/site/artic/20150722/asocfile/20150722091730/memoria_explicativa_zonifi.pdf" }, "geometry": { "type": "MultiPolygon", "coordinates": [ [ [ [ -71.469105264594162, -29.231301612652775 ], [ -71.469685950348264, -29.23131009126368 ], [ -71.471104049239912, -29.231331110105259 ], [ -71.471168791632977, -29.235204423251371 ], [ -71.47119365864539, -29.240614412126078 ], [ -71.471153314208834, -29.247685639224063 ], [ -71.47194948539088, -29.247698563090299 ], [ -71.471814859811602, -29.247426470075659 ], [ -71.471743562252442, -29.246403668722575 ], [ -71.471629512122774, -29.245545531000595 ], [ -71.472434453216636, -29.244055910535081 ], [ -71.473762784471646, -29.242966245277252 ], [ -71.473877426002446, -29.24291825938586 ], [ -71.483094866609406, -29.225011423670818 ], [ -71.484766489195493, -29.221832317627701 ], [ -71.473406978622222, -29.221862349584814 ], [ -71.469508933745018, -29.226393117730211 ], [ -71.469105264594162, -29.231301612652775 ] ] ] ] } },
{ "type": "Feature", "properties": { "fid": 61, "OBJECTID_1": 40, "OBJECTID": 40, "NOM_COM": "LA HIGUERA", "PROVINCIA": "ELQUI", "Z_COMUNAL": "ZONA DE CONSERVACION DE LA NATURALEZA", "USO": "INDUSTRIAL BAJO IMPACTO", "REGIONAL": "AREAS PROTEGIDAS", "Shape_Leng": 7736.1163359399998, "LEYENDA": "VALOR PAISAJISTICO", "Shape__Area": 1297088.67578125, "Shape__Length": 7735.8880870261628, "Nota": "La Zonificación de Uso del Borde Costero de la Región de Coquimbo, constituye un instrumento aún vigente, y que declara áreas con orientaciones de usos específicos, en el borde costero regional. Por lo tanto, se sugiere su uso de acuerdo a la microzonificación según se señala en todas las publicaciones, y que fué aprobada mediante Decreto Supremo Nº 518 Zonificación de Coquimbo, 12 de diciembre de 2005.", "Origen Dato": "https://gorecoquimbo.maps.arcgis.com/apps/CompareAnalysis/index.html?appid=b4f178d41fb24ab8a871596de568a2f7", "Mapa Completo": "https://www.gorecoquimbo.cl/gorecoquimbo/site/artic/20150722/asocfile/20150722092144/comunal.jpg", "Link Memoria": "https://www.gorecoquimbo.cl/gorecoquimbo/site/artic/20150722/asocfile/20150722091730/memoria_explicativa_zonifi.pdf" }, "geometry": { "type": "MultiPolygon", "coordinates": [ [ [ [ -71.306617120365146, -29.452281894145798 ], [ -71.308582648671347, -29.456294906667207 ], [ -71.308585951178074, -29.456440696148707 ], [ -71.308288605564599, -29.456958856000441 ], [ -71.307705609576303, -29.457855231881524 ], [ -71.307311749352451, -29.458540891477305 ], [ -71.306939003219924, -29.459207338837615 ], [ -71.306616150283517, -29.460174626942472 ], [ -71.306525952871141, -29.460949310049802 ], [ -71.306477546103082, -29.46166669717276 ], [ -71.306621291003523, -29.462305325551608 ], [ -71.307128428414742, -29.463767354264018 ], [ -71.307615326934453, -29.465286294532135 ], [ -71.307685734047212, -29.466491896642438 ], [ -71.30776619388439, -29.469092699831545 ], [ -71.307815488734249, -29.47031752150982 ], [ -71.30795199727109, -29.470635722270906 ], [ -71.309359443818622, -29.472051539115014 ], [ -71.30972302028033, -29.472417277354516 ], [ -71.310388729076621, -29.472814589910683 ], [ -71.310644650682207, -29.472639569038556 ], [ -71.310666393431305, -29.472629584309018 ], [ -71.31074984242484, -29.472591276287549 ], [ -71.310855317798698, -29.472554534190763 ], [ -71.311172484686807, -29.472479289005069 ], [ -71.311357981039521, -29.472452786603078 ], [ -71.311756402270603, -29.472445863457057 ], [ -71.311862383449764, -29.472432381881756 ], [ -71.311967585879771, -29.472384097029803 ], [ -71.312020507738524, -29.472371537586039 ], [ -71.312073048994648, -29.472347345180477 ], [ -71.312152817632381, -29.472345958573548 ], [ -71.312178504841413, -29.472310685395804 ], [ -71.312205097811642, -29.472310223118537 ], [ -71.312230898555015, -29.472274865862115 ], [ -71.312296736388035, -29.472250451248438 ], [ -71.312401135593504, -29.472167261362227 ], [ -71.312505280753555, -29.47207243626054 ], [ -71.312608896493501, -29.47195434929673 ], [ -71.312699734517494, -29.471859755417977 ], [ -71.312804248416796, -29.471776563243651 ], [ -71.312908921247683, -29.471705007783374 ], [ -71.313013844716195, -29.471644994519487 ], [ -71.313040068143238, -29.4716328989537 ], [ -71.313145796408079, -29.471607874156376 ], [ -71.313145268118106, -29.471584613257885 ], [ -71.313198443336944, -29.471583688511533 ], [ -71.313384086195455, -29.471568820360687 ], [ -71.313570267898569, -29.47157722258558 ], [ -71.313757345368515, -29.471620425676228 ], [ -71.313943781172583, -29.471640461600462 ], [ -71.314156291374417, -29.471636764522206 ], [ -71.314262271284733, -29.47162328199709 ], [ -71.314341153357987, -29.471587082896452 ], [ -71.314354175037494, -29.471575216778579 ], [ -71.314367471406257, -29.471574985428465 ], [ -71.314406557237888, -29.471539395723713 ], [ -71.314419062536075, -29.471504352409834 ], [ -71.314532736903473, -29.471479640240997 ], [ -71.31452579274783, -29.471174019502001 ], [ -71.314063691677461, -29.471068665483497 ], [ -71.314023538418425, -29.471057724476097 ], [ -71.313969150270566, -29.471000573929434 ], [ -71.313941500553483, -29.470954505747557 ], [ -71.313901357656462, -29.470943564520613 ], [ -71.313874079311404, -29.470909212411708 ], [ -71.313740978890053, -29.470899888153451 ], [ -71.313609450795838, -29.470960280806374 ], [ -71.31359641858738, -29.470972138014037 ], [ -71.313557174723798, -29.470996099702756 ], [ -71.313544406996087, -29.471019600879735 ], [ -71.313477935779957, -29.471020757006904 ], [ -71.313465165941409, -29.471044166194293 ], [ -71.313345363522686, -29.471034692353527 ], [ -71.313318083466655, -29.471000258058677 ], [ -71.313290962549047, -29.47097745964151 ], [ -71.313250555446146, -29.470954883256351 ], [ -71.313235675938699, -29.470885405739576 ], [ -71.313208925260454, -29.470874231397598 ], [ -71.313166935061204, -29.470781946228573 ], [ -71.313177592469174, -29.470665476310856 ], [ -71.31316033744541, -29.470491395059529 ], [ -71.313146514845073, -29.470468449245917 ], [ -71.313119129676863, -29.47043400680381 ], [ -71.313117546786955, -29.470364307059587 ], [ -71.313127675575799, -29.470224558198961 ], [ -71.313139917146415, -29.470177888139233 ], [ -71.313133517619278, -29.470077409558137 ], [ -71.31332539239996, -29.469570042673787 ], [ -71.313416607430028, -29.469487081379256 ], [ -71.313521264131154, -29.469415433780402 ], [ -71.313639125056426, -29.469343647557423 ], [ -71.313928481501037, -29.469210691169664 ], [ -71.31396800132147, -29.469198456167266 ], [ -71.314020646826336, -29.46917427026753 ], [ -71.31447222819375, -29.469166405643996 ], [ -71.314484995498958, -29.469142904396318 ], [ -71.314668266892625, -29.469023430887976 ], [ -71.314759639797401, -29.468952114548969 ], [ -71.314902864019302, -29.468821689041835 ], [ -71.314968172202825, -29.468774096238782 ], [ -71.315059544445973, -29.468702769795165 ], [ -71.315124956533055, -29.468655083092155 ], [ -71.315282691957393, -29.468582601490176 ], [ -71.315440004360894, -29.468486848877294 ], [ -71.315597739302561, -29.468414367828121 ], [ -71.315637087835697, -29.468390403761372 ], [ -71.315663415217543, -29.468378305905684 ], [ -71.315676446880715, -29.468366449424241 ], [ -71.315755577033073, -29.468341792790472 ], [ -71.315848004104438, -29.46831690461882 ], [ -71.315887619153543, -29.468304667407285 ], [ -71.316020714116036, -29.468313897711329 ], [ -71.316154245507747, -29.468346492294579 ], [ -71.316234804253583, -29.468379998307753 ], [ -71.316288136131206, -29.468390710106178 ], [ -71.316342101186891, -29.468424596122631 ], [ -71.316422025780966, -29.46843483487363 ], [ -71.316501684986221, -29.468433448577269 ], [ -71.316660580254819, -29.46840740231988 ], [ -71.31672563401743, -29.468348173578217 ], [ -71.316738919637501, -29.468347942193621 ], [ -71.316840942298796, -29.46816014462738 ], [ -71.316918752107654, -29.468077414542471 ], [ -71.316958364821872, -29.468065085040692 ], [ -71.317010489969377, -29.468017627979112 ], [ -71.31703617341222, -29.467982354011323 ], [ -71.317041096982905, -29.467970924613912 ], [ -71.317061442110585, -29.467923726083178 ], [ -71.317061723623524, -29.467827463553906 ], [ -71.317101928245918, -29.467364958845785 ], [ -71.317008878296974, -29.467366579612335 ], [ -71.316875877276303, -29.46735725659941 ], [ -71.316475787096181, -29.467294488090573 ], [ -71.316207047474649, -29.46715960311095 ], [ -71.316046579392705, -29.467115939899426 ], [ -71.316032754564105, -29.467092901501008 ], [ -71.315979412080523, -29.467082190658676 ], [ -71.315977827245518, -29.467012482002595 ], [ -71.316105373440934, -29.466777692333796 ], [ -71.316129218832145, -29.466661075644847 ], [ -71.316139342639062, -29.46652133576551 ], [ -71.316136173879229, -29.466381919340439 ], [ -71.316120235401911, -29.466265911419985 ], [ -71.316117592430203, -29.466149663891262 ], [ -71.316154826240506, -29.46603273019209 ], [ -71.31618062600802, -29.465997455265466 ], [ -71.316258432946839, -29.465914641736678 ], [ -71.316308964029517, -29.465797560371659 ], [ -71.316334656689662, -29.465762204285369 ], [ -71.31633227805429, -29.465657590806085 ], [ -71.31631581358188, -29.465518405884978 ], [ -71.316301036291449, -29.465448843934947 ], [ -71.31626010390741, -29.465403091362045 ], [ -71.31625746208401, -29.465286851927981 ], [ -71.316270757614475, -29.465286620432458 ], [ -71.316374352146894, -29.465168532120828 ], [ -71.316439668499626, -29.465120929521408 ], [ -71.31653181680727, -29.465084415305903 ], [ -71.316930313916004, -29.465077476393429 ], [ -71.317036032197208, -29.465052356019378 ], [ -71.317142269381819, -29.465050505617015 ], [ -71.317142004748689, -29.465038870680281 ], [ -71.317246932340709, -29.464978947219624 ], [ -71.317494281395781, -29.464753700017194 ], [ -71.317506943453367, -29.464730292365346 ], [ -71.317559850254455, -29.46471773113759 ], [ -71.317692677956614, -29.464715417972325 ], [ -71.317706765368385, -29.464749998250717 ], [ -71.317826033975933, -29.46473628163535 ], [ -71.317824977443564, -29.46468984290944 ], [ -71.317837913367228, -29.464677977981783 ], [ -71.317875144770213, -29.464561044816492 ], [ -71.31793886179608, -29.464443650164 ], [ -71.318041671521641, -29.464290738685254 ], [ -71.31806719536047, -29.464243836809143 ], [ -71.318106288545053, -29.464208246909696 ], [ -71.318105229609614, -29.464161707188538 ], [ -71.318062700844237, -29.464046255792471 ], [ -71.318046771048969, -29.463930247986244 ], [ -71.318096504161446, -29.463778178299965 ], [ -71.318136114041792, -29.463765848557298 ], [ -71.318174838245497, -29.463718717548492 ], [ -71.31817430877237, -29.463695447687389 ], [ -71.318226687552155, -29.46365970834869 ], [ -71.318264615550333, -29.463577589562355 ], [ -71.318315143303508, -29.463460507586909 ], [ -71.318339078525696, -29.463343805110561 ], [ -71.318441885778071, -29.463190810409994 ], [ -71.318467579168058, -29.463155545958223 ], [ -71.318506660252595, -29.463119946244081 ], [ -71.318505338712257, -29.463061872600377 ], [ -71.31846308281871, -29.462957955063594 ], [ -71.318354722123615, -29.462866837155786 ], [ -71.318327972096583, -29.462855663764952 ], [ -71.318314412159296, -29.462844260517763 ], [ -71.318273216543346, -29.462786882609169 ], [ -71.318297162015739, -29.462670179955992 ], [ -71.318308066537867, -29.462565335975395 ], [ -71.318281221793413, -29.462554164222112 ], [ -71.318173126429116, -29.46247468106127 ], [ -71.318038715560078, -29.462407277827939 ], [ -71.317931940678122, -29.46238586814113 ], [ -71.31790536174023, -29.462386331223907 ], [ -71.317747361660651, -29.462447179731363 ], [ -71.317658217856248, -29.462520981468892 ], [ -71.317603886078061, -29.462565973674032 ], [ -71.317343627924799, -29.46280307632302 ], [ -71.317277954007281, -29.462839045989082 ], [ -71.317225407340842, -29.462863231327013 ], [ -71.317065991614655, -29.462866007915462 ], [ -71.317052432013114, -29.462854613549837 ], [ -71.316997781342167, -29.462785829107013 ], [ -71.316943553748004, -29.462740224351517 ], [ -71.316927087966718, -29.462601030470019 ], [ -71.316897960495027, -29.462485253193694 ], [ -71.316871115906679, -29.462474081145924 ], [ -71.316789864971639, -29.462405759844227 ], [ -71.316657040214523, -29.462408072846106 ], [ -71.316485396295533, -29.462457526935403 ], [ -71.316367442165827, -29.462529409017201 ], [ -71.316236032209218, -29.462589792795825 ], [ -71.316104790744831, -29.462661813070465 ], [ -71.3159727587866, -29.462699020338746 ], [ -71.315959992536904, -29.462722521687219 ], [ -71.315803585368798, -29.462853076501723 ], [ -71.315764768861285, -29.462900310402613 ], [ -71.315739232866974, -29.462947211180502 ], [ -71.315673402043814, -29.462971636174291 ], [ -71.315555182289259, -29.463031882641207 ], [ -71.315423147530538, -29.463068997415938 ], [ -71.315265684858474, -29.463153112820617 ], [ -71.315161286568326, -29.463236304605928 ], [ -71.315134970710631, -29.463248402121923 ], [ -71.315029252458345, -29.463273511913588 ], [ -71.314949766782547, -29.463286534618156 ], [ -71.314923017171566, -29.463275369546377 ], [ -71.314909457531542, -29.463263965934718 ], [ -71.314869042983872, -29.463241390048999 ], [ -71.314854175223374, -29.463171912440917 ], [ -71.314837712372977, -29.463032727174369 ], [ -71.314782524062082, -29.462940672907564 ], [ -71.314754623436428, -29.462882969586595 ], [ -71.314648376995834, -29.462884818157288 ], [ -71.314569250654884, -29.462909473031413 ], [ -71.3145168727401, -29.462945293947083 ], [ -71.314360200219326, -29.463064221216626 ], [ -71.314256593870098, -29.46318230820086 ], [ -71.314191448976416, -29.46324163020855 ], [ -71.314152194670569, -29.463265499240144 ], [ -71.314125878671405, -29.463277596563334 ], [ -71.314113111714889, -29.463301088741922 ], [ -71.314061893488201, -29.463383354642804 ], [ -71.313996746469641, -29.463442593601503 ], [ -71.31396013395964, -29.463582785184148 ], [ -71.313935126720182, -29.463652965498898 ], [ -71.313882483933739, -29.463677150326401 ], [ -71.313883540715551, -29.463723681172247 ], [ -71.313831266397813, -29.463759417038581 ], [ -71.313765328397906, -29.463783842984604 ], [ -71.313499768461725, -29.46378846048307 ], [ -71.313366413216286, -29.46376750035996 ], [ -71.313233575006905, -29.463769809337713 ], [ -71.313112196700274, -29.463690544815645 ], [ -71.313085342045383, -29.463679381197064 ], [ -71.312990544314772, -29.463599653493393 ], [ -71.312963805936405, -29.463588478805587 ], [ -71.312949456129672, -29.463542262046424 ], [ -71.312909570126578, -29.463542955496536 ], [ -71.312855447896155, -29.463497347190675 ], [ -71.312854919867277, -29.463474087160844 ], [ -71.312859493782526, -29.463448649950351 ], [ -71.312382720933215, -29.463340291419353 ], [ -71.312091495035531, -29.463208319735372 ], [ -71.312050660207419, -29.463162563150096 ], [ -71.312009992756131, -29.463128360214657 ], [ -71.311969159253081, -29.463082613501953 ], [ -71.311901901077192, -29.463048862708611 ], [ -71.311875046507197, -29.463037689810104 ], [ -71.311820928132988, -29.462992173907047 ], [ -71.311765645777783, -29.462900036017349 ], [ -71.311697693969364, -29.462831480391447 ], [ -71.311683881048452, -29.462808441262499 ], [ -71.311642941458899, -29.462762686357078 ], [ -71.31161619232526, -29.462751521493587 ], [ -71.311615138502518, -29.462705073531616 ], [ -71.311561441149394, -29.46268273641958 ], [ -71.311572626923279, -29.462589527420125 ], [ -71.311623951964378, -29.462507259653023 ], [ -71.311621578703352, -29.462402655693445 ], [ -71.311580373464977, -29.462345182803237 ], [ -71.311472557232563, -29.462277319684784 ], [ -71.31133815058557, -29.462209909418323 ], [ -71.31133788687049, -29.462198284348574 ], [ -71.311257693049996, -29.462176397505537 ], [ -71.311178038459317, -29.462177781298855 ], [ -71.311017580105769, -29.462134111439781 ], [ -71.311003493233969, -29.462099437410927 ], [ -71.310975847519899, -29.462053368350215 ], [ -71.310960823850309, -29.461972254223681 ], [ -71.310933169975087, -29.461926277312685 ], [ -71.310932906084261, -29.461914642319346 ], [ -71.31089197562676, -29.461868803994577 ], [ -71.310851311193815, -29.461834693534261 ], [ -71.310797445183496, -29.461800710417513 ], [ -71.310716998440228, -29.461767197969252 ], [ -71.310636712375825, -29.461745405256249 ], [ -71.310476875292863, -29.46172491105645 ], [ -71.31039723131569, -29.461726294184366 ], [ -71.310316932723538, -29.46170439954841 ], [ -71.310237278448682, -29.461705782758692 ], [ -71.310157106047185, -29.461683904778084 ], [ -71.310076662718444, -29.461650484792564 ], [ -71.310063367603945, -29.461650715643554 ], [ -71.309953960107563, -29.461513041359623 ], [ -71.309885914816192, -29.461444495359295 ], [ -71.309831270652296, -29.461375708535051 ], [ -71.309789277665999, -29.461283421975871 ], [ -71.309761632526744, -29.461237343597382 ], [ -71.309760579838795, -29.461190905483743 ], [ -71.309785063465128, -29.461097473815887 ], [ -71.309810598764997, -29.46105048207961 ], [ -71.309809545837879, -29.461004034046489 ], [ -71.309862082007498, -29.460979842768459 ], [ -71.309887606920071, -29.460932850297269 ], [ -71.309913669437421, -29.460909118632316 ], [ -71.309912616694277, -29.46086268052137 ], [ -71.309938679188633, -29.460838948852604 ], [ -71.309949867385612, -29.4607457389762 ], [ -71.309947759777117, -29.460652769868808 ], [ -71.309932620762694, -29.460571657576093 ], [ -71.309932357205028, -29.460560031590141 ], [ -71.30995751500258, -29.460501488896782 ], [ -71.30998384137088, -29.460489401245287 ], [ -71.310048987012166, -29.460430072221119 ], [ -71.31020724175778, -29.460380867964272 ], [ -71.310286631219142, -29.46036785072873 ], [ -71.310365863168684, -29.460343204719209 ], [ -71.310497263686841, -29.460282816951512 ], [ -71.310575706121838, -29.460223358710117 ], [ -71.310588473379013, -29.460199857819767 ], [ -71.310614694481771, -29.460187771876576 ], [ -71.310640482498101, -29.460152405266459 ], [ -71.3106795778167, -29.460116900458068 ], [ -71.310705893688393, -29.460104812852023 ], [ -71.310770408154326, -29.460022317240046 ], [ -71.310796734090331, -29.460010220420838 ], [ -71.310821899484466, -29.459951585431664 ], [ -71.31086177280639, -29.459950892880507 ], [ -71.310954196156942, -29.459926110336571 ], [ -71.311047933442964, -29.459959308841551 ], [ -71.311208401734504, -29.460003070650068 ], [ -71.311207873931508, -29.459979800661163 ], [ -71.311286735072613, -29.459943511961939 ], [ -71.311299504421299, -29.459920112014608 ], [ -71.311312535385895, -29.45990824605872 ], [ -71.311351354265469, -29.459861023289577 ], [ -71.311375729837678, -29.459767584234722 ], [ -71.311373884929935, -29.459686250201017 ], [ -71.311400210701692, -29.459674153270431 ], [ -71.311478283094004, -29.459603061378868 ], [ -71.311543681117215, -29.459555375883184 ], [ -71.311661900482576, -29.459495216930463 ], [ -71.311727467501669, -29.459459167990556 ], [ -71.311753793169629, -29.459447070995058 ], [ -71.31179277239309, -29.459411566995378 ], [ -71.311818570336087, -29.459376209926788 ], [ -71.311857654615594, -29.459340704084145 ], [ -71.311882132849078, -29.459247180170241 ], [ -71.311893318174455, -29.459153971136271 ], [ -71.311906507840988, -29.459153741946604 ], [ -71.311932571520714, -29.459130101913985 ], [ -71.311945064280962, -29.459094976023284 ], [ -71.311957831089828, -29.45907147502276 ], [ -71.311996915208482, -29.459035969146736 ], [ -71.311993222207391, -29.458873199228712 ], [ -71.31197941190959, -29.458850252075511 ], [ -71.311952558472399, -29.45883907912614 ], [ -71.311949922286416, -29.458722840124771 ], [ -71.311976247740702, -29.458710743095864 ], [ -71.31198900440053, -29.45868725129116 ], [ -71.31201496183364, -29.458663613994549 ], [ -71.31201390612226, -29.458617083051809 ], [ -71.311986105066211, -29.458559460282878 ], [ -71.311958470301846, -29.458513391196679 ], [ -71.311931353194737, -29.458490592264422 ], [ -71.311916740766549, -29.458432740305103 ], [ -71.311901348232325, -29.458340002108791 ], [ -71.311925817848504, -29.458246562235477 ], [ -71.311964109982, -29.458176160425374 ], [ -71.311963582045777, -29.458152890442516 ], [ -71.312002833143097, -29.458128939154619 ], [ -71.312002041227259, -29.458094034181002 ], [ -71.312067978417019, -29.458069710269932 ], [ -71.312120522826618, -29.458045518022651 ], [ -71.312212931516115, -29.458020633886189 ], [ -71.312304665820719, -29.457960942814871 ], [ -71.312343915504357, -29.457936981532207 ], [ -71.312356408002955, -29.45790185561281 ], [ -71.31238299721096, -29.457901393504734 ], [ -71.312382207259532, -29.457866580522641 ], [ -71.312393919216248, -29.457796557554193 ], [ -71.312393129284914, -29.457761745473611 ], [ -71.312366012094358, -29.457738937604052 ], [ -71.312352189700562, -29.457715907695903 ], [ -71.312311790345603, -29.45769342266837 ], [ -71.312284250501037, -29.457647351992051 ], [ -71.312244378120084, -29.457648044920209 ], [ -71.312164198121764, -29.457626159147733 ], [ -71.312084535802455, -29.457627543486804 ], [ -71.311977675028018, -29.457606213256081 ], [ -71.311950399316203, -29.457571777493062 ], [ -71.311950135356071, -29.457560142500473 ], [ -71.311868808199989, -29.457491819200314 ], [ -71.311828501746191, -29.457469240383986 ], [ -71.311814943454394, -29.457457845404349 ], [ -71.311734500778897, -29.45742432434659 ], [ -71.311654743793923, -29.457425710066978 ], [ -71.311548252315632, -29.457416012643925 ], [ -71.311547988403063, -29.457404377647755 ], [ -71.311520702584914, -29.457369941963741 ], [ -71.311493595991891, -29.457347133719619 ], [ -71.3114781927395, -29.457254395627302 ], [ -71.31144950611457, -29.457161878371352 ], [ -71.311447397241665, -29.457068900294498 ], [ -71.31140287482657, -29.456860382287154 ], [ -71.311348389888181, -29.456803222887238 ], [ -71.311320483859035, -29.456745611680514 ], [ -71.311266631027564, -29.456711637430455 ], [ -71.31121292545599, -29.456689291161233 ], [ -71.311172629767952, -29.456666711939288 ], [ -71.311050726064764, -29.456564275182732 ], [ -71.311049670679111, -29.456517735175591 ], [ -71.311035584934928, -29.456483071001188 ], [ -71.311008743544562, -29.456471896719087 ], [ -71.311007690492843, -29.456425458613147 ], [ -71.310979746552604, -29.456315884836968 ], [ -71.310996490554601, -29.455895183234389 ], [ -71.311146267893434, -29.45550456729935 ], [ -71.311159034501131, -29.455481066378418 ], [ -71.311185254353092, -29.455468980384911 ], [ -71.311196176301735, -29.455364136346152 ], [ -71.311235257489855, -29.45532854777365 ], [ -71.311261846047927, -29.455328085926055 ], [ -71.311498423151036, -29.455219321991851 ], [ -71.311657827549979, -29.45521655272255 ], [ -71.311859108404576, -29.455306071300111 ], [ -71.311980223828812, -29.455373795367517 ], [ -71.312152553650691, -29.455359162227801 ], [ -71.312321552103811, -29.455193474288876 ], [ -71.312370405106279, -29.455006604012535 ], [ -71.312381325812325, -29.454901759939126 ], [ -71.312327462342125, -29.454867786273105 ], [ -71.312258893193885, -29.454775962243584 ], [ -71.312281790649649, -29.454612813175849 ], [ -71.312320871186571, -29.45457722521887 ], [ -71.312427109145474, -29.454575378977687 ], [ -71.312441447713127, -29.454621679094817 ], [ -71.312521633564515, -29.454643472672817 ], [ -71.3125492674002, -29.45468954171006 ], [ -71.312629705976676, -29.45472296950582 ], [ -71.312722123950905, -29.454698176979971 ], [ -71.312826251056805, -29.454603352409027 ], [ -71.312914975044208, -29.454415788932074 ], [ -71.312966557269604, -29.454345063844979 ], [ -71.313026054641256, -29.454041723506606 ], [ -71.313021835576123, -29.453855766552007 ], [ -71.313030909791465, -29.453669588440018 ], [ -71.313028274793552, -29.453553431500648 ], [ -71.313067881527346, -29.453541104336384 ], [ -71.313105548624534, -29.453447442976909 ], [ -71.313198058011366, -29.453422555652541 ], [ -71.313264422992006, -29.453421402840224 ], [ -71.313271137545797, -29.453416815039073 ], [ -71.31296028472282, -29.453246182494361 ], [ -71.311512344118853, -29.452428818110153 ], [ -71.31044813745666, -29.451809022575421 ], [ -71.308348068218535, -29.451819931910094 ], [ -71.306617120365146, -29.452281894145798 ] ] ] ] } },
{ "type": "Feature", "properties": { "fid": 62, "OBJECTID_1": 211, "OBJECTID": 222, "NOM_COM": "LA HIGUERA", "PROVINCIA": "ELQUI", "Z_COMUNAL": "ZONA DE PESCA ARTESANAL Y CALETAS", "USO": "AREAS DE MANEJO Y EXPLOTACION (AMERB)", "REGIONAL": "AREAS PARA ACTIVIDADES INDUSTRIALES, ECONOMICAS Y DE DESARROLLO", "Shape_Leng": 9085.57374428, "LEYENDA": "AREAS DE MANEJO Y EXPLOTACION (AMERB)", "Shape__Area": 1085980.5203857422, "Shape__Length": 9085.3044013189592, "Nota": "La Zonificación de Uso del Borde Costero de la Región de Coquimbo, constituye un instrumento aún vigente, y que declara áreas con orientaciones de usos específicos, en el borde costero regional. Por lo tanto, se sugiere su uso de acuerdo a la microzonificación según se señala en todas las publicaciones, y que fué aprobada mediante Decreto Supremo Nº 518 Zonificación de Coquimbo, 12 de diciembre de 2005.", "Origen Dato": "https://gorecoquimbo.maps.arcgis.com/apps/CompareAnalysis/index.html?appid=b4f178d41fb24ab8a871596de568a2f7", "Mapa Completo": "https://www.gorecoquimbo.cl/gorecoquimbo/site/artic/20150722/asocfile/20150722092144/comunal.jpg", "Link Memoria": "https://www.gorecoquimbo.cl/gorecoquimbo/site/artic/20150722/asocfile/20150722091730/memoria_explicativa_zonifi.pdf" }, "geometry": { "type": "MultiPolygon", "coordinates": [ [ [ [ -71.309248192462348, -29.586771102320071 ], [ -71.309860502939259, -29.587079227611007 ], [ -71.311627007635153, -29.588205887446826 ], [ -71.314387607165571, -29.585296742843308 ], [ -71.316827686657831, -29.582692265063663 ], [ -71.317553464090167, -29.58189931124047 ], [ -71.318831592996318, -29.580537506086188 ], [ -71.321055809759031, -29.577611610390839 ], [ -71.3226133932843, -29.575464612376059 ], [ -71.323985052257271, -29.573645961542724 ], [ -71.325312034505174, -29.571828089610978 ], [ -71.325962732566964, -29.571010405136548 ], [ -71.327606953871722, -29.568757802773359 ], [ -71.328215256853198, -29.566094193380568 ], [ -71.328707257532798, -29.563549670079325 ], [ -71.329030108784352, -29.562061483952515 ], [ -71.33013864584818, -29.557217323245652 ], [ -71.327941349383309, -29.556646642108998 ], [ -71.327913073716601, -29.556675599363704 ], [ -71.327873592323854, -29.556699653297304 ], [ -71.327847244427289, -29.556711754599863 ], [ -71.327808028816364, -29.556747443221585 ], [ -71.32774129182431, -29.55674861322515 ], [ -71.327661792494325, -29.556773377680489 ], [ -71.327581758407931, -29.556774780711379 ], [ -71.32742274774813, -29.556824198636107 ], [ -71.327342712576637, -29.556825601543235 ], [ -71.327237018240723, -29.556874187537755 ], [ -71.327198347240682, -29.556933145180359 ], [ -71.327123117254473, -29.557144573198737 ], [ -71.327097742193772, -29.557203297780148 ], [ -71.32696866172104, -29.557392297871214 ], [ -71.32687708441334, -29.557475544376103 ], [ -71.326824295174987, -29.557499840256927 ], [ -71.326811523086491, -29.557523426720646 ], [ -71.326691631461912, -29.557537166184741 ], [ -71.326612131019573, -29.557561921038527 ], [ -71.326468392152151, -29.557692731701891 ], [ -71.326417809280102, -29.557952520482392 ], [ -71.326382964627484, -29.558044342473693 ], [ -71.326424317625936, -29.558101898649451 ], [ -71.326533492763588, -29.558205081889366 ], [ -71.326536165633172, -29.558321678640954 ], [ -71.326509711943899, -29.558333781550456 ], [ -71.326484166562238, -29.558380961662653 ], [ -71.326473170171312, -29.558486158563809 ], [ -71.326527404034948, -29.558520218372102 ], [ -71.326595629867086, -29.558589025955527 ], [ -71.32661011254568, -29.558635412641383 ], [ -71.326626094280101, -29.558751868180405 ], [ -71.32662742983446, -29.558810124615331 ], [ -71.326600977956758, -29.558822311413614 ], [ -71.326575441749227, -29.558869399364788 ], [ -71.326511910733885, -29.559010526956001 ], [ -71.326475100174449, -29.559151186310679 ], [ -71.326463675707572, -29.55923312008769 ], [ -71.326491616144082, -29.559290902215032 ], [ -71.326534309511302, -29.559406898711398 ], [ -71.326536449056178, -29.559500226054212 ], [ -71.326510366981793, -29.559523960927287 ], [ -71.326393424751657, -29.559666015366059 ], [ -71.326303278545922, -29.559807701244601 ], [ -71.32627683476511, -29.559819803947168 ], [ -71.326279241018895, -29.559924775014256 ], [ -71.326253160701043, -29.559948593709688 ], [ -71.326256368950609, -29.560088551825185 ], [ -71.326232865390764, -29.560228968942159 ], [ -71.326193648937533, -29.560264657156718 ], [ -71.326194717628212, -29.560311278901079 ], [ -71.326088760663211, -29.560348136426803 ], [ -71.325984418008403, -29.560454977718017 ], [ -71.32592152576413, -29.560619455608617 ], [ -71.325895616962768, -29.560654910605326 ], [ -71.325805478494999, -29.560796504032531 ], [ -71.325688618679706, -29.560938565495295 ], [ -71.325688887227514, -29.560950283156881 ], [ -71.325649830712152, -29.560997607792377 ], [ -71.325570061943623, -29.561010737374509 ], [ -71.325544247819082, -29.561046190650647 ], [ -71.325531100243865, -29.561058060316729 ], [ -71.325464475834593, -29.561059227307304 ], [ -71.325465010980068, -29.561082579670469 ], [ -71.32535878441071, -29.561107719003985 ], [ -71.325251491369698, -29.561086318546895 ], [ -71.325064693928965, -29.561089590007136 ], [ -71.324878268222164, -29.561104494067422 ], [ -71.324812328740151, -29.561140649852305 ], [ -71.324772576438946, -29.561152985314685 ], [ -71.324746134221527, -29.561165179720156 ], [ -71.324706636885196, -29.561189141050576 ], [ -71.324562807904925, -29.561320033541648 ], [ -71.324550035063822, -29.561343628847986 ], [ -71.324511084095988, -29.561390951322792 ], [ -71.324485443224773, -29.561438132766522 ], [ -71.324473737066597, -29.561508340860179 ], [ -71.324433707752505, -29.561509041703502 ], [ -71.324409400014076, -29.561614470637657 ], [ -71.3244158119075, -29.561894388064168 ], [ -71.324405708742376, -29.562034579339731 ], [ -71.324353087949575, -29.562070501734986 ], [ -71.324353889367345, -29.562105488820418 ], [ -71.324234621680247, -29.562142577989437 ], [ -71.32412903582356, -29.562191158932166 ], [ -71.324089283021934, -29.562203494215041 ], [ -71.324077216195789, -29.562262069219958 ], [ -71.324024678714807, -29.562297990034025 ], [ -71.323999301772758, -29.562356714131415 ], [ -71.323986794923115, -29.562391934184756 ], [ -71.323961152570035, -29.562439116467587 ], [ -71.323964357984579, -29.562579074758837 ], [ -71.323939249312446, -29.562649516521326 ], [ -71.323899484961643, -29.562661851956239 ], [ -71.323833660680421, -29.562698005280986 ], [ -71.323794165675835, -29.562722058342121 ], [ -71.323634086647345, -29.562724860224041 ], [ -71.323528126352684, -29.56276172489871 ], [ -71.323528392564782, -29.562773350593954 ], [ -71.323396255556915, -29.562834035051083 ], [ -71.323358103573128, -29.56291634436203 ], [ -71.323332288434059, -29.562951807186682 ], [ -71.323312788210814, -29.563267261416161 ], [ -71.323316527562298, -29.563430573046848 ], [ -71.323290347815117, -29.563454309049156 ], [ -71.323265868103448, -29.563548102345056 ], [ -71.323252731288335, -29.563559971614946 ], [ -71.323227184255813, -29.563607152104311 ], [ -71.323187696944046, -29.563631111945622 ], [ -71.323122290110874, -29.563690629312664 ], [ -71.323071368644534, -29.563760266853908 ], [ -71.323064081497009, -29.56384347670927 ], [ -71.323241892955778, -29.563961156807359 ], [ -71.323249037605876, -29.563980162498947 ], [ -71.323317114348583, -29.564037242885693 ], [ -71.323317648239836, -29.564060604309873 ], [ -71.323385575241886, -29.564192843427282 ], [ -71.323516516524592, -29.564273634960834 ], [ -71.323574057925256, -29.564370870581794 ], [ -71.323580160086138, -29.56445276533562 ], [ -71.323553981209699, -29.564476502281359 ], [ -71.323554515185634, -29.564499864601835 ], [ -71.323529500741117, -29.564570304648612 ], [ -71.323518234617012, -29.564663866709214 ], [ -71.323519570815066, -29.564722215202202 ], [ -71.323546549084554, -29.564733382388464 ], [ -71.323574596962146, -29.564791255233846 ], [ -71.323711716895403, -29.564952231291471 ], [ -71.323793904600251, -29.565044074526352 ], [ -71.323849732665963, -29.565148110521108 ], [ -71.323904664381146, -29.565217152048113 ], [ -71.323946822732907, -29.565309787916114 ], [ -71.323975682911666, -29.565402655663966 ], [ -71.323991129187192, -29.565495750110568 ], [ -71.32401997706954, -29.565588526942566 ], [ -71.324024253013263, -29.565775198920658 ], [ -71.324070684472545, -29.566054405708222 ], [ -71.324099439829325, -29.566147276145596 ], [ -71.324101577721478, -29.566240603555386 ], [ -71.324159286666244, -29.566426248006394 ], [ -71.324174722191756, -29.566519351617146 ], [ -71.324176860392015, -29.566612688034464 ], [ -71.324192305193066, -29.566705698556856 ], [ -71.324221165895622, -29.566798558083441 ], [ -71.324223304162842, -29.56689189449375 ], [ -71.324167143862056, -29.567355136175898 ], [ -71.324081148248808, -29.567628541240591 ], [ -71.324095218954739, -29.567710935116239 ], [ -71.324056265531183, -29.567758257561003 ], [ -71.324057600968359, -29.567816597004789 ], [ -71.32407287451521, -29.567897981080076 ], [ -71.324087253345738, -29.567944452795544 ], [ -71.324141120022603, -29.567966881347289 ], [ -71.32418167446923, -29.567989441013363 ], [ -71.324262262925089, -29.568011391727875 ], [ -71.324275666715394, -29.568011157037919 ], [ -71.3243695653548, -29.568032884556789 ], [ -71.324584156630593, -29.568075767343011 ], [ -71.324692155486176, -29.568132239774034 ], [ -71.324719936543701, -29.568178393704315 ], [ -71.324801058513316, -29.56822361436431 ], [ -71.324909687923437, -29.568303446305052 ], [ -71.324922996844506, -29.568303213209788 ], [ -71.324952392050008, -29.568419341878187 ], [ -71.324847228302005, -29.568491194915108 ], [ -71.324834454517543, -29.568514780351638 ], [ -71.324620919199418, -29.568518519967114 ], [ -71.324515326051781, -29.568567009527854 ], [ -71.324435827050962, -29.568591772378259 ], [ -71.324409638972838, -29.568615592670564 ], [ -71.324370150326729, -29.568639562857996 ], [ -71.324330918789826, -29.568675250892582 ], [ -71.324225497859288, -29.568735459577674 ], [ -71.324198774672922, -29.56873592747549 ], [ -71.324119265156909, -29.568760691229439 ], [ -71.3240126137338, -29.568762557576644 ], [ -71.323959177653521, -29.568763493101422 ], [ -71.323905310596416, -29.56874106540096 ], [ -71.323878052434864, -29.568718179970045 ], [ -71.323717953644717, -29.568720982648049 ], [ -71.32361173089015, -29.56874620379936 ], [ -71.323558935101431, -29.568770498706218 ], [ -71.323455372412397, -29.568912316736764 ], [ -71.323404444587908, -29.569018221356092 ], [ -71.323442700748103, -29.569142952351513 ], [ -71.323566544874126, -29.569314534301103 ], [ -71.323532534967214, -29.569366010122749 ], [ -71.323493047736292, -29.569390063938936 ], [ -71.323467125714075, -29.569425518767677 ], [ -71.323402527185408, -29.569520022407559 ], [ -71.323311041976964, -29.569603275147209 ], [ -71.323260104190965, -29.569709169971134 ], [ -71.323235527419044, -29.569802964943356 ], [ -71.323237665247333, -29.569896310394601 ], [ -71.323253111830596, -29.569989404868931 ], [ -71.323339566635838, -29.570267920283218 ], [ -71.323341704187087, -29.570361247685518 ], [ -71.323330540925099, -29.570454723993105 ], [ -71.32334572143931, -29.570536192757007 ], [ -71.323347324132982, -29.570606166888588 ], [ -71.323388148339731, -29.570640463342091 ], [ -71.323402085257854, -29.570663489104184 ], [ -71.323430308633931, -29.570733090189734 ], [ -71.323459157823734, -29.570825866121428 ], [ -71.323446649948096, -29.570861086149872 ], [ -71.323434581248193, -29.570919670138533 ], [ -71.323395093392392, -29.570943723052913 ], [ -71.323396161261158, -29.570990344815122 ], [ -71.323370077791793, -29.571014173019204 ], [ -71.323292168751806, -29.571108900586676 ], [ -71.323213992433409, -29.571191919450666 ], [ -71.323122935051842, -29.571298517321733 ], [ -71.323071739390343, -29.571392787161184 ], [ -71.323033841583566, -29.571486731335838 ], [ -71.322969241480124, -29.571581235733245 ], [ -71.322930554495017, -29.571640275597577 ], [ -71.322745605068633, -29.571725153721889 ], [ -71.322666628587797, -29.57177326819405 ], [ -71.322587372188721, -29.571809657037296 ], [ -71.32250919352586, -29.5718926665391 ], [ -71.322483549388153, -29.571939847723144 ], [ -71.322444316179968, -29.571975545208893 ], [ -71.322341291977637, -29.572140630900591 ], [ -71.32233038569629, -29.572245825913903 ], [ -71.322349278806826, -29.572404095486142 ], [ -71.322394115047288, -29.572843464348257 ], [ -71.322269554139027, -29.572919978864967 ], [ -71.321997724870315, -29.573041645089095 ], [ -71.321777075002018, -29.573379480460304 ], [ -71.321470651954598, -29.573531893884269 ], [ -71.321500507513548, -29.573894021656162 ], [ -71.321488970856521, -29.573975865007096 ], [ -71.321423128461888, -29.574012026724876 ], [ -71.321278998260297, -29.57413119105474 ], [ -71.321188845411655, -29.57427286503194 ], [ -71.321058024509199, -29.574391804502792 ], [ -71.320939542139882, -29.574463888524267 ], [ -71.320886742547998, -29.57448817352779 ], [ -71.320873603884095, -29.574500032717054 ], [ -71.320834102911206, -29.574524095084229 ], [ -71.320781311678374, -29.574548296904872 ], [ -71.320782112270919, -29.574583284013372 ], [ -71.320742612047951, -29.574607336418378 ], [ -71.320678542287709, -29.574725192278596 ], [ -71.320601160668247, -29.57484319786073 ], [ -71.320536811960253, -29.574949326246905 ], [ -71.320496787549246, -29.574950026011432 ], [ -71.320484278217563, -29.574985245824259 ], [ -71.320470968378217, -29.574985478522329 ], [ -71.320458098153509, -29.575009075195197 ], [ -71.320418328336572, -29.575021399933384 ], [ -71.320392785628883, -29.575068486968174 ], [ -71.32033988058835, -29.575092783535396 ], [ -71.320273940899611, -29.575128937398432 ], [ -71.320221140794231, -29.57515322216231 ], [ -71.320117033347003, -29.575271694687412 ], [ -71.320053057360767, -29.575389547736329 ], [ -71.320040452940546, -29.575424770077309 ], [ -71.320028475709947, -29.575483259295968 ], [ -71.320029544332954, -29.575529973119004 ], [ -71.320003084192422, -29.575542065989733 ], [ -71.319991653573879, -29.575624000311546 ], [ -71.32003721965232, -29.575761592540299 ], [ -71.319863109175913, -29.57599179761451 ], [ -71.319589893148759, -29.576170229729499 ], [ -71.319655921604891, -29.576119913780399 ], [ -71.319576404894065, -29.576144665242502 ], [ -71.319564695344283, -29.5762148721183 ], [ -71.319540646377817, -29.576331945055905 ], [ -71.319530005244204, -29.576448866664158 ], [ -71.319531871800621, -29.576530475645026 ], [ -71.319520867529448, -29.576635672206734 ], [ -71.319588942279466, -29.576692855255502 ], [ -71.319576432454241, -29.576728075003128 ], [ -71.319551583179859, -29.576810160813309 ], [ -71.319525936337214, -29.576857332518458 ], [ -71.319447475225232, -29.576928714982682 ], [ -71.319341498483453, -29.576965568114996 ], [ -71.319209177821676, -29.577014520883299 ], [ -71.319169686601839, -29.577038572703426 ], [ -71.3191712870657, -29.577108556893574 ], [ -71.31922568850905, -29.5771542377347 ], [ -71.319267048276799, -29.577211887767358 ], [ -71.319307873785732, -29.577246175456143 ], [ -71.319321290190942, -29.577245941001671 ], [ -71.319363450245049, -29.577338578128 ], [ -71.319352700520753, -29.577455409598375 ], [ -71.319315343853802, -29.577572798052884 ], [ -71.31923795863166, -29.577690802096267 ], [ -71.319186222174622, -29.577761709299182 ], [ -71.319160573050269, -29.577808797986382 ], [ -71.3191351918788, -29.577867604355934 ], [ -71.3190964893206, -29.577926653420803 ], [ -71.319059130092782, -29.578043948938117 ], [ -71.319035188408762, -29.578161102916578 ], [ -71.319037854003341, -29.578277708974962 ], [ -71.318995081696869, -29.57874522385363 ], [ -71.318971137705944, -29.578862284939238 ], [ -71.318880058195404, -29.578968889618874 ], [ -71.318801340161627, -29.579028627854289 ], [ -71.318774891619967, -29.579040822252367 ], [ -71.318735397408517, -29.579064781102016 ], [ -71.318722887273623, -29.579100010709205 ], [ -71.31869829424781, -29.57919380435013 ], [ -71.318684995187709, -29.579194036700869 ], [ -71.318674618006085, -29.579322593006427 ], [ -71.318703094874238, -29.579403747000644 ], [ -71.318705773260817, -29.579520426812088 ], [ -71.318671078449583, -29.579754328312852 ], [ -71.31863157597941, -29.579778390128478 ], [ -71.318526235173579, -29.579838593346619 ], [ -71.318419731439931, -29.57985209241583 ], [ -71.318299908772687, -29.579865907961697 ], [ -71.318247266540396, -29.57990182955043 ], [ -71.31819446053747, -29.579926029805968 ], [ -71.318155502070312, -29.579973443726672 ], [ -71.318130385835616, -29.580043884674836 ], [ -71.318065337159808, -29.580115033041366 ], [ -71.318052187167169, -29.580126893081562 ], [ -71.317974000977031, -29.580210001365266 ], [ -71.317868551980311, -29.580270113959763 ], [ -71.317762945498529, -29.580318691791874 ], [ -71.317656974907351, -29.580355543606899 ], [ -71.317550194229597, -29.580357407461527 ], [ -71.317496589214741, -29.58034662118423 ], [ -71.31746906217343, -29.58031210075162 ], [ -71.317441814305894, -29.580289297810058 ], [ -71.317387687824436, -29.580255240938222 ], [ -71.3173073563228, -29.580244912248993 ], [ -71.317280640290704, -29.580245378739054 ], [ -71.317174498811426, -29.580270602800194 ], [ -71.317042590825579, -29.580342908128284 ], [ -71.317003096772993, -29.580366959408728 ], [ -71.316976646560775, -29.580379060575581 ], [ -71.316963601837159, -29.580390927696794 ], [ -71.31691159764118, -29.580450198491086 ], [ -71.31687210374136, -29.580474259655698 ], [ -71.316767986941187, -29.580592720055542 ], [ -71.316636888138717, -29.580700021933268 ], [ -71.316545389476573, -29.580783352791205 ], [ -71.316439950327393, -29.580843464125444 ], [ -71.316294846166031, -29.580916009010679 ], [ -71.316176246318605, -29.580988081246208 ], [ -71.316123442368095, -29.581012373596298 ], [ -71.315992715205411, -29.58113139076745 ], [ -71.315888596707424, -29.581249850558716 ], [ -71.315797788711521, -29.581368078907591 ], [ -71.315679838094525, -29.581463510179368 ], [ -71.315562420792489, -29.581582303731899 ], [ -71.315431414131552, -29.581689593868294 ], [ -71.31533954056583, -29.581761199092764 ], [ -71.315234461519935, -29.581833043663703 ], [ -71.31512848935246, -29.581869893568616 ], [ -71.315022240310043, -29.581895117858892 ], [ -71.314915457833024, -29.581896980584247 ], [ -71.314809311623549, -29.581922101873399 ], [ -71.314595757898417, -29.581925825799239 ], [ -71.314383364339932, -29.5819762626112 ], [ -71.314370479240651, -29.581999757074705 ], [ -71.314277645885923, -29.58202474681374 ], [ -71.314171396217745, -29.582049961424342 ], [ -71.314064624861956, -29.58205182327638 ], [ -71.313851695690587, -29.582078814802248 ], [ -71.313812201197365, -29.58210286518656 ], [ -71.313732146348144, -29.582104260955553 ], [ -71.313496216411068, -29.582295029295448 ], [ -71.313365388462529, -29.582414044883901 ], [ -71.313234378513741, -29.582521342040067 ], [ -71.313142502574721, -29.582592945859471 ], [ -71.313037432169409, -29.582664779597067 ], [ -71.312931701983146, -29.582713262975819 ], [ -71.312826527151984, -29.582785191295454 ], [ -71.312720807253953, -29.582833683355517 ], [ -71.312615724939732, -29.582905516984162 ], [ -71.312510004601705, -29.582953999869865 ], [ -71.312404562760904, -29.583014200211796 ], [ -71.312298576849926, -29.58305104816996 ], [ -71.312087773440894, -29.583171373980825 ], [ -71.311982597490044, -29.583243300783096 ], [ -71.311864108297343, -29.58331536832403 ], [ -71.311719689589609, -29.583422896765668 ], [ -71.311654102539975, -29.583470679865894 ], [ -71.311601720204877, -29.583518232919484 ], [ -71.311588941827836, -29.58354182722147 ], [ -71.311511545134337, -29.583659911260721 ], [ -71.311474175331853, -29.583777205139853 ], [ -71.311449052595989, -29.583847646008675 ], [ -71.311451710891319, -29.583964242656208 ], [ -71.311438399788798, -29.583964474512658 ], [ -71.311399690509091, -29.584023521651559 ], [ -71.311374568682666, -29.584093961590245 ], [ -71.311283062793876, -29.584177299099057 ], [ -71.311177605487501, -29.584237406779824 ], [ -71.311072426926771, -29.58430924996286 ], [ -71.310926931700763, -29.584370146749666 ], [ -71.310755633298399, -29.584466503816913 ], [ -71.310624787933676, -29.584585425172552 ], [ -71.310507350505816, -29.584704205877575 ], [ -71.310416638599534, -29.584822438179263 ], [ -71.310276734135513, -29.585128265160741 ], [ -71.310277796589915, -29.585174887256908 ], [ -71.31022579635686, -29.585234155555955 ], [ -71.310160633319455, -29.58530529238859 ], [ -71.310082169434452, -29.585376670663937 ], [ -71.30996393324827, -29.585460462738713 ], [ -71.309820051894789, -29.585591342612339 ], [ -71.30979438624793, -29.585638429960444 ], [ -71.309768038977211, -29.585650527970248 ], [ -71.309729592993548, -29.585721200464228 ], [ -71.309695030974083, -29.585753551032166 ], [ -71.30959340604818, -29.586190338620053 ], [ -71.309529314453798, -29.586308097123197 ], [ -71.309451903072329, -29.586426180339341 ], [ -71.309361199832765, -29.586544411843622 ], [ -71.309335267470772, -29.586579855333181 ], [ -71.309282990842405, -29.586627497728767 ], [ -71.309270381690453, -29.586662728288264 ], [ -71.309248192462348, -29.586771102320071 ] ] ] ] } },
{ "type": "Feature", "properties": { "fid": 63, "OBJECTID_1": 38, "OBJECTID": 38, "NOM_COM": "LA HIGUERA", "PROVINCIA": "ELQUI", "Z_COMUNAL": "ZONA DE ASENTAMIENTOS HUMANOS", "USO": "TURISMO INMOBILIARIO", "REGIONAL": "AREAS EN LAS CUALES EXISTEN ASENTAMIENTOS HUMANOS", "Shape_Leng": 9169.0392968800006, "LEYENDA": "TURISMO INMOBILIARIO", "Shape__Area": 4506347.2717285156, "Shape__Length": 9168.7686092312324, "Nota": "La Zonificación de Uso del Borde Costero de la Región de Coquimbo, constituye un instrumento aún vigente, y que declara áreas con orientaciones de usos específicos, en el borde costero regional. Por lo tanto, se sugiere su uso de acuerdo a la microzonificación según se señala en todas las publicaciones, y que fué aprobada mediante Decreto Supremo Nº 518 Zonificación de Coquimbo, 12 de diciembre de 2005.", "Origen Dato": "https://gorecoquimbo.maps.arcgis.com/apps/CompareAnalysis/index.html?appid=b4f178d41fb24ab8a871596de568a2f7", "Mapa Completo": "https://www.gorecoquimbo.cl/gorecoquimbo/site/artic/20150722/asocfile/20150722092144/comunal.jpg", "Link Memoria": "https://www.gorecoquimbo.cl/gorecoquimbo/site/artic/20150722/asocfile/20150722091730/memoria_explicativa_zonifi.pdf" }, "geometry": { "type": "MultiPolygon", "coordinates": [ [ [ [ -71.293200754579999, -29.481601396575321 ], [ -71.296450636060712, -29.480451640437508 ], [ -71.301436009799005, -29.478856949275944 ], [ -71.305715026204751, -29.477481737045945 ], [ -71.305461002751755, -29.476731876726181 ], [ -71.305383999862102, -29.476186371392537 ], [ -71.30535029306921, -29.474697281427765 ], [ -71.30546246931867, -29.47394107281395 ], [ -71.305620719346081, -29.473316064021081 ], [ -71.306077559802134, -29.472553880908318 ], [ -71.306622681224241, -29.471884454970859 ], [ -71.307041544748472, -29.471349206434425 ], [ -71.30795199727109, -29.470635722270906 ], [ -71.307815488734249, -29.47031752150982 ], [ -71.30776619388439, -29.469092699831545 ], [ -71.307685734047212, -29.466491896642438 ], [ -71.307615326934453, -29.465286294532135 ], [ -71.307128428414742, -29.463767354264018 ], [ -71.306621291003523, -29.462305325551608 ], [ -71.306477546103082, -29.46166669717276 ], [ -71.306525952871141, -29.460949310049802 ], [ -71.306616150283517, -29.460174626942472 ], [ -71.306939003219924, -29.459207338837615 ], [ -71.307311749352451, -29.458540891477305 ], [ -71.307705609576303, -29.457855231881524 ], [ -71.308288605564599, -29.456958856000441 ], [ -71.308585951178074, -29.456440696148707 ], [ -71.306673621165942, -29.456619695699242 ], [ -71.30405662132128, -29.456956716610399 ], [ -71.302683186202202, -29.457016952548258 ], [ -71.29997217330255, -29.456881529291003 ], [ -71.298195583498213, -29.45675699127462 ], [ -71.296634043448421, -29.456647507749089 ], [ -71.295799504629684, -29.45658898476184 ], [ -71.294187219477806, -29.456600107646906 ], [ -71.292618559064763, -29.456792333767186 ], [ -71.290735428328873, -29.456989965022004 ], [ -71.288161659174833, -29.457254513835593 ], [ -71.287493276963403, -29.458312247175826 ], [ -71.287402014507038, -29.458507506547058 ], [ -71.287496206868269, -29.458864158758232 ], [ -71.287574363420234, -29.459466231657693 ], [ -71.287560020277553, -29.459787041284976 ], [ -71.287456127380679, -29.45995854564481 ], [ -71.28746162816519, -29.460203586217741 ], [ -71.287575676229409, -29.460484469893157 ], [ -71.287690136998634, -29.460784210521254 ], [ -71.287694792239336, -29.460991557063902 ], [ -71.287825712351321, -29.461064733674725 ], [ -71.28784936444238, -29.46115860814777 ], [ -71.287766181949493, -29.461292038177508 ], [ -71.287685516739884, -29.46153856032868 ], [ -71.287540253063881, -29.46178619406896 ], [ -71.287521667920686, -29.461918513255615 ], [ -71.287677944744175, -29.462160971127325 ], [ -71.288429328425067, -29.462996601735362 ], [ -71.288737646746284, -29.463293006415768 ], [ -71.288807347561374, -29.463518078948216 ], [ -71.288930285552269, -29.464194807614039 ], [ -71.288961149447815, -29.464609129387043 ], [ -71.289002589192435, -29.46549468551629 ], [ -71.289019528082818, -29.466248654584593 ], [ -71.288938015942932, -29.466457483479505 ], [ -71.288878909239259, -29.466703636197032 ], [ -71.288844304162623, -29.467081365904917 ], [ -71.288851926659589, -29.467420661469927 ], [ -71.288965119313573, -29.467663848609686 ], [ -71.28910622521758, -29.468189400311839 ], [ -71.289156077743215, -29.468490250681953 ], [ -71.289140045903835, -29.468735661301665 ], [ -71.289187367618268, -29.468923418991785 ], [ -71.28929845620182, -29.469072361769737 ], [ -71.289430670517106, -29.469202085719612 ], [ -71.289476711449595, -29.46933328369467 ], [ -71.289461104239606, -29.469597551142002 ], [ -71.289446767884215, -29.469918360278921 ], [ -71.289493656697246, -29.470087261095866 ], [ -71.28964910443085, -29.470292012569523 ], [ -71.289957874460299, -29.470607259639468 ], [ -71.290113747719275, -29.470830857382218 ], [ -71.290332117635245, -29.470959096932596 ], [ -71.290464335613137, -29.471088810598566 ], [ -71.290489688884961, -29.47125809171051 ], [ -71.290235011150287, -29.471432184719092 ], [ -71.290048772768415, -29.47177480767569 ], [ -71.289903067074917, -29.472003596500709 ], [ -71.289822845851077, -29.472268966309855 ], [ -71.289741755390182, -29.472496652535405 ], [ -71.289662803770398, -29.472818572972216 ], [ -71.289498099719793, -29.473160824563134 ], [ -71.289415736472705, -29.473331950033785 ], [ -71.289204988057435, -29.473543012518206 ], [ -71.289080394014277, -29.473752573961409 ], [ -71.288912721253908, -29.473962885663845 ], [ -71.288875150143596, -29.474208666801008 ], [ -71.288946121179563, -29.474490289374 ], [ -71.288974025450926, -29.474772662976243 ], [ -71.289086390824735, -29.474978155285633 ], [ -71.28930476986389, -29.4751063960213 ], [ -71.289479646566264, -29.475216521980872 ], [ -71.289567095464051, -29.475271589197707 ], [ -71.289508400113206, -29.475536589181672 ], [ -71.289360569615482, -29.475671133151149 ], [ -71.289342420637993, -29.475822299068394 ], [ -71.288954235652227, -29.475810125111611 ], [ -71.288523820631426, -29.475836385086513 ], [ -71.288290677811958, -29.476010104265413 ], [ -71.288165655871765, -29.476200827132516 ], [ -71.28795828589702, -29.476562665294452 ], [ -71.287879739684058, -29.476903441995926 ], [ -71.287736564261039, -29.477245320444752 ], [ -71.287553271218997, -29.477719889054725 ], [ -71.287558775407206, -29.477964938894718 ], [ -71.287522883762648, -29.478286117600199 ], [ -71.287529658276355, -29.478587709123477 ], [ -71.287535586853437, -29.47885159683123 ], [ -71.287717667430002, -29.479282171314487 ], [ -71.287920018879475, -29.479655825991987 ], [ -71.288319231182385, -29.48015808250636 ], [ -71.288712940361023, -29.480415306969903 ], [ -71.288909366094984, -29.480525062440528 ], [ -71.289987780033755, -29.48056307161642 ], [ -71.290378526397646, -29.480688342750284 ], [ -71.29107467646277, -29.480978059200961 ], [ -71.291400369337495, -29.481085584711909 ], [ -71.291643285195931, -29.481345397246827 ], [ -71.291798321087626, -29.48153128811315 ], [ -71.292185679042419, -29.481505758829076 ], [ -71.292553606333598, -29.481574844179846 ], [ -71.293200754579999, -29.481601396575321 ] ] ] ] } },
{ "type": "Feature", "properties": { "fid": 64, "OBJECTID_1": 48, "OBJECTID": 48, "NOM_COM": "LA HIGUERA", "PROVINCIA": "ELQUI", "Z_COMUNAL": "ZONA DE ASENTAMIENTOS HUMANOS", "USO": "INTERES ECOLOGICO", "REGIONAL": "AREAS EN LAS CUALES EXISTEN ASENTAMIENTOS HUMANOS", "Shape_Leng": 9446.0626703199996, "LEYENDA": "TURISMO INMOBILIARIO", "Shape__Area": 1992799.3170166016, "Shape__Length": 9445.7821271515786, "Nota": "La Zonificación de Uso del Borde Costero de la Región de Coquimbo, constituye un instrumento aún vigente, y que declara áreas con orientaciones de usos específicos, en el borde costero regional. Por lo tanto, se sugiere su uso de acuerdo a la microzonificación según se señala en todas las publicaciones, y que fué aprobada mediante Decreto Supremo Nº 518 Zonificación de Coquimbo, 12 de diciembre de 2005.", "Origen Dato": "https://gorecoquimbo.maps.arcgis.com/apps/CompareAnalysis/index.html?appid=b4f178d41fb24ab8a871596de568a2f7", "Mapa Completo": "https://www.gorecoquimbo.cl/gorecoquimbo/site/artic/20150722/asocfile/20150722092144/comunal.jpg", "Link Memoria": "https://www.gorecoquimbo.cl/gorecoquimbo/site/artic/20150722/asocfile/20150722091730/memoria_explicativa_zonifi.pdf" }, "geometry": { "type": "MultiPolygon", "coordinates": [ [ [ [ -71.288146699852518, -29.629191628596654 ], [ -71.289171784013703, -29.630179591040946 ], [ -71.29121735955016, -29.632305783355861 ], [ -71.292941325925227, -29.63425903153416 ], [ -71.294270169760381, -29.635802641971029 ], [ -71.295810465476052, -29.637659869746773 ], [ -71.297600886969747, -29.639532575197812 ], [ -71.299324642888962, -29.641465899627757 ], [ -71.301046660769344, -29.643319906828257 ], [ -71.303315168815388, -29.645243715476635 ], [ -71.304866740112317, -29.646585033564989 ], [ -71.305422663978518, -29.64707112729835 ], [ -71.308360053425801, -29.64646475081754 ], [ -71.310710584848437, -29.646007365430989 ], [ -71.313339742127937, -29.645822691518138 ], [ -71.31474621038528, -29.645778304572403 ], [ -71.315051210622642, -29.644226215419415 ], [ -71.315101137663092, -29.643432124904304 ], [ -71.315022174715978, -29.642957585860337 ], [ -71.314824759622326, -29.642266970290898 ], [ -71.314806447682017, -29.642219957087168 ], [ -71.314733931159779, -29.64230797247783 ], [ -71.314721041786925, -29.642331569091407 ], [ -71.31470853406563, -29.642366788411636 ], [ -71.314656219691685, -29.64241434220073 ], [ -71.314630287885848, -29.642449795946757 ], [ -71.314591571727178, -29.642508835435279 ], [ -71.314527979389979, -29.642649959411727 ], [ -71.314507651402366, -29.642930341325279 ], [ -71.314496736639896, -29.643035627500403 ], [ -71.314470269207575, -29.643047728984889 ], [ -71.314380584424626, -29.643212670124786 ], [ -71.314354640977911, -29.643248124027526 ], [ -71.314235818234053, -29.643308478293577 ], [ -71.314223033905535, -29.643332072128292 ], [ -71.314130946657755, -29.643392042479309 ], [ -71.314024899776769, -29.64342889490328 ], [ -71.313971699418545, -29.643441463026175 ], [ -71.313945595907001, -29.643465280351684 ], [ -71.313892396550131, -29.643477848426215 ], [ -71.313892931045118, -29.64350121061069 ], [ -71.313853402263817, -29.643525262299921 ], [ -71.313840349535681, -29.643537129471316 ], [ -71.313735379276849, -29.643620603067113 ], [ -71.313526060233031, -29.643810993691122 ], [ -71.313208728052317, -29.643956545136138 ], [ -71.312995672356777, -29.643983625072426 ], [ -71.312888834592414, -29.643985489522027 ], [ -71.312675776796468, -29.644012485086787 ], [ -71.312569462855308, -29.644037711664883 ], [ -71.312395828735319, -29.644040740291068 ], [ -71.312355232339669, -29.644018077949763 ], [ -71.312206317096582, -29.643927394629955 ], [ -71.312150972048755, -29.643846626102231 ], [ -71.312110120329478, -29.643812337850584 ], [ -71.311947767897351, -29.643721796609743 ], [ -71.311867664219861, -29.64372319298122 ], [ -71.311788349162086, -29.643759587290489 ], [ -71.311749097035971, -29.643795272853364 ], [ -71.311683378977605, -29.643843151342285 ], [ -71.31147458723305, -29.644056808291168 ], [ -71.311369072478072, -29.644117020898918 ], [ -71.311158689505049, -29.644260693370335 ], [ -71.311053174113113, -29.644320895826887 ], [ -71.310841087335405, -29.644394604702153 ], [ -71.310734343948155, -29.644396465783416 ], [ -71.310628026686757, -29.644421588949424 ], [ -71.310227482676481, -29.64442857950732 ], [ -71.310039997052073, -29.644408568787476 ], [ -71.309853043955712, -29.64441182624374 ], [ -71.309666622267571, -29.644438353706846 ], [ -71.309559773448314, -29.644440215680092 ], [ -71.30934724879539, -29.644490651206894 ], [ -71.309241740420802, -29.644550769146555 ], [ -71.309136756683216, -29.644634322491036 ], [ -71.309032143934488, -29.644729518534586 ], [ -71.308926892314261, -29.644801354077458 ], [ -71.308846520118777, -29.644791031918427 ], [ -71.308819255670471, -29.644768228242768 ], [ -71.308765605341506, -29.644757439623845 ], [ -71.308765072023689, -29.644734078260875 ], [ -71.308631489617952, -29.644736405191097 ], [ -71.308525279998221, -29.644761625862053 ], [ -71.308473409983051, -29.644832540259141 ], [ -71.308446666424587, -29.644833006069671 ], [ -71.308355106169245, -29.64491632592215 ], [ -71.308261947772962, -29.644929587740496 ], [ -71.308048259177667, -29.644933308311593 ], [ -71.307673381649934, -29.644893194935261 ], [ -71.307485629083345, -29.644861462937772 ], [ -71.307233065213893, -29.644722777960094 ], [ -71.307215108657488, -29.64471443548581 ], [ -71.307174247789646, -29.644680144922333 ], [ -71.307146450989777, -29.644633988507827 ], [ -71.307090152190099, -29.644506594041459 ], [ -71.307061289830159, -29.644413722935202 ], [ -71.307045841579196, -29.644320618323501 ], [ -71.307003662378875, -29.644228071921358 ], [ -71.306988109129577, -29.644134978146734 ], [ -71.306903216289285, -29.643926439104622 ], [ -71.306765361047042, -29.643678315983767 ], [ -71.306720632979946, -29.64353285407077 ], [ -71.30671797368224, -29.643416257178483 ], [ -71.306755365141925, -29.643298871219422 ], [ -71.306806076332748, -29.643181337325917 ], [ -71.306843467620709, -29.64306395134837 ], [ -71.306841073600467, -29.642958989167898 ], [ -71.306814180760014, -29.642947817900126 ], [ -71.306785841713364, -29.642878309159681 ], [ -71.30677145737603, -29.642831826276225 ], [ -71.306728756842546, -29.642715926253182 ], [ -71.306726098450227, -29.642599320311472 ], [ -71.306696958493205, -29.642494731576218 ], [ -71.306681779487974, -29.64241335444051 ], [ -71.306600877619232, -29.642379760491227 ], [ -71.306573336787594, -29.642345238786323 ], [ -71.306559762960376, -29.642333835673799 ], [ -71.306506019993577, -29.642323039572023 ], [ -71.306465169665756, -29.642288748551639 ], [ -71.306142216988164, -29.642092914344357 ], [ -71.306112673637173, -29.642061503652858 ], [ -71.306085516873054, -29.642038697482874 ], [ -71.306058515912326, -29.642027435009542 ], [ -71.306057719248244, -29.641992447874038 ], [ -71.306017391525188, -29.641981519197866 ], [ -71.306002914632316, -29.641935121716759 ], [ -71.305974681738746, -29.641865610013916 ], [ -71.305970692356723, -29.641690581508609 ], [ -71.30599546925275, -29.641608509112835 ], [ -71.306022212005317, -29.641608043842457 ], [ -71.306021148849624, -29.641561412083146 ], [ -71.306047084620957, -29.641525959849623 ], [ -71.306085805632065, -29.641466923503355 ], [ -71.306163780768017, -29.641372193245282 ], [ -71.30620303410268, -29.641336509270037 ], [ -71.306202236152515, -29.641301512232864 ], [ -71.306228447400443, -29.641277694507949 ], [ -71.306267435392556, -29.641230375798589 ], [ -71.306446830941951, -29.640900503091217 ], [ -71.306471447287507, -29.640806794079705 ], [ -71.30650935943595, -29.640712760778673 ], [ -71.306533974603553, -29.640618958857768 ], [ -71.306527592907003, -29.640339051106896 ], [ -71.306485670032089, -29.640258139288644 ], [ -71.306444833002743, -29.640223848893008 ], [ -71.306417024421492, -29.640177599527505 ], [ -71.306336125503577, -29.640144005286896 ], [ -71.306229015699316, -29.640134229612979 ], [ -71.30609554441925, -29.640136551830299 ], [ -71.306042705802739, -29.640160749784901 ], [ -71.305936128352229, -29.640174326281198 ], [ -71.305830092872981, -29.640211180959682 ], [ -71.305723502082856, -29.640224674523292 ], [ -71.305615966028995, -29.640191534173351 ], [ -71.305575383142028, -29.640168878414674 ], [ -71.305241552361821, -29.640174683814291 ], [ -71.305054076208236, -29.640154665528204 ], [ -71.304866054732003, -29.640111210879109 ], [ -71.304704246413678, -29.640044012470405 ], [ -71.304541919716257, -29.639953553204034 ], [ -71.304527272061236, -29.639895445165234 ], [ -71.304487221537954, -29.639896141485377 ], [ -71.304472467373472, -29.639838025366906 ], [ -71.304429760608173, -29.639722124523825 ], [ -71.304389177951848, -29.639699459357985 ], [ -71.304361744136145, -29.639664944287571 ], [ -71.304266360215777, -29.6395849511627 ], [ -71.304132889475341, -29.639587271365862 ], [ -71.303945147619004, -29.639555532833423 ], [ -71.303891511852655, -29.639544742759622 ], [ -71.303836442725981, -29.639475687925035 ], [ -71.303822592399769, -29.639452566965097 ], [ -71.303726517784057, -29.639337593414577 ], [ -71.303603605016747, -29.639223077185637 ], [ -71.303576701298724, -29.639211822397716 ], [ -71.303576171393189, -29.639188552911058 ], [ -71.303442064034385, -29.639167520866948 ], [ -71.303360899787293, -29.639122197981205 ], [ -71.30334678469525, -29.639087442216546 ], [ -71.30333293642596, -29.639064404158862 ], [ -71.303305672888314, -29.639041516216245 ], [ -71.303222907337314, -29.638926310991092 ], [ -71.303142274261845, -29.638904350349815 ], [ -71.30310142729239, -29.638870049104138 ], [ -71.303047156892617, -29.638835990996057 ], [ -71.302911562156666, -29.638744973112761 ], [ -71.302898243775303, -29.638745204500047 ], [ -71.302895589397295, -29.638628607209302 ], [ -71.302946302343955, -29.638510990718522 ], [ -71.302956966291106, -29.638394162940024 ], [ -71.302954309789229, -29.638277473666491 ], [ -71.302925284482356, -29.638172964859919 ], [ -71.302909481534286, -29.638068226327803 ], [ -71.302948734885177, -29.638032543307826 ], [ -71.303000341088179, -29.63795000435238 ], [ -71.303038797842362, -29.637879334095391 ], [ -71.303142878066694, -29.637760781292741 ], [ -71.303324519500478, -29.637524247229802 ], [ -71.303350721289519, -29.637500522256833 ], [ -71.303335277932035, -29.637407416882052 ], [ -71.30330748506276, -29.637361259413151 ], [ -71.303292573462912, -29.63729150648993 ], [ -71.303207163160181, -29.637059611697126 ], [ -71.30309818746619, -29.636968131389771 ], [ -71.303097655830143, -29.636944778923741 ], [ -71.303056820261915, -29.636910487351741 ], [ -71.303082649713645, -29.636875037531318 ], [ -71.303107787702842, -29.636804588740087 ], [ -71.303174314730015, -29.636791793505402 ], [ -71.303214097287977, -29.636779379933515 ], [ -71.303320938497833, -29.636777523507448 ], [ -71.303372182937196, -29.636683352264004 ], [ -71.303383907845074, -29.636613146420121 ], [ -71.303356474838665, -29.636578612125795 ], [ -71.303301673970978, -29.636521201585587 ], [ -71.303154357227868, -29.636500389612113 ], [ -71.302966621587316, -29.636468658371648 ], [ -71.302886258319106, -29.636458415157868 ], [ -71.302845145771016, -29.636412396947595 ], [ -71.302831456537177, -29.636400995404436 ], [ -71.302817606678488, -29.6363778643749 ], [ -71.302804023979377, -29.636366469999199 ], [ -71.302789282802948, -29.636308354289469 ], [ -71.302762646679, -29.636308817003727 ], [ -71.302734589780982, -29.636251033639695 ], [ -71.302706795418118, -29.636204783122203 ], [ -71.30262509399752, -29.636136190287811 ], [ -71.30254446329441, -29.636114229147321 ], [ -71.302449975696362, -29.636069229022887 ], [ -71.302261719505552, -29.636014126029298 ], [ -71.302220598366659, -29.635968208793834 ], [ -71.302192539559769, -29.635910323389403 ], [ -71.3022040964822, -29.635828481175412 ], [ -71.302198523120154, -29.635583559632575 ], [ -71.302169403554515, -29.635479052204836 ], [ -71.302154917329744, -29.635432571331599 ], [ -71.3021143392223, -29.635410006334457 ], [ -71.302059113404994, -29.635329230962178 ], [ -71.302029729546049, -29.635213097743193 ], [ -71.301987025760795, -29.635097103800682 ], [ -71.301905325745366, -29.635028510437326 ], [ -71.301864216342423, -29.634982583839705 ], [ -71.301850367140787, -29.634959462601703 ], [ -71.301702418415147, -29.634915390184673 ], [ -71.301581740033939, -29.634894114734351 ], [ -71.301515213980579, -29.6349069091162 ], [ -71.301408747679275, -29.634920488886078 ], [ -71.301301918607933, -29.634922343487396 ], [ -71.301247915593734, -29.634899918344914 ], [ -71.30120732444459, -29.634877261261369 ], [ -71.301071208590798, -29.634762971508678 ], [ -71.300948409017977, -29.634648367472703 ], [ -71.300961462275311, -29.634636501537386 ], [ -71.300733139471106, -29.63458210069793 ], [ -71.300499307288916, -29.634516506627627 ], [ -71.300485361679094, -29.634352836710935 ], [ -71.300431123031331, -29.634056336233982 ], [ -71.300359771113165, -29.633901957601609 ], [ -71.300392299589646, -29.633843029404087 ], [ -71.300546445218316, -29.633751406477966 ], [ -71.30059335905861, -29.633721087045458 ], [ -71.300618509766522, -29.633650648367158 ], [ -71.300669753305314, -29.633556385194666 ], [ -71.300695689171661, -29.633520933979113 ], [ -71.300708475670675, -29.633497341314605 ], [ -71.300734410456499, -29.63346188920886 ], [ -71.30078682239683, -29.633414339107613 ], [ -71.300826349746629, -29.633390291347471 ], [ -71.300852710239496, -29.63337819446658 ], [ -71.300918968936685, -29.633353682725154 ], [ -71.30099880041233, -29.633340657730955 ], [ -71.30107836640704, -29.633315914933874 ], [ -71.30111788520918, -29.633291950235208 ], [ -71.301144094545222, -29.633268124537345 ], [ -71.30122233546561, -29.633185124828337 ], [ -71.301273311710332, -29.633079143722433 ], [ -71.301427138759095, -29.632796453737054 ], [ -71.301451759412558, -29.632702745390844 ], [ -71.3016456411207, -29.632419258771396 ], [ -71.301666535242717, -29.632162238155864 ], [ -71.301666004040527, -29.63213888564934 ], [ -71.301611311726958, -29.632081462445747 ], [ -71.30155678115274, -29.632035777717277 ], [ -71.301555985130165, -29.632000781418206 ], [ -71.301515406462073, -29.631978123262108 ], [ -71.301461245698789, -29.631944062416011 ], [ -71.301365604102202, -29.631852348880969 ], [ -71.301297330228806, -29.631783530953818 ], [ -71.301174800753785, -29.631680644639189 ], [ -71.301065313272304, -29.631565902384384 ], [ -71.300996944632061, -29.631497076908762 ], [ -71.30094197733608, -29.631428027821023 ], [ -71.30090033892003, -29.631358748277322 ], [ -71.300885599940557, -29.631300640333219 ], [ -71.300912066009715, -29.631288532603723 ], [ -71.300924587853558, -29.631253314167743 ], [ -71.300937469215384, -29.631229728861687 ], [ -71.300963308450591, -29.631194279285545 ], [ -71.301001233181822, -29.6311002471747 ], [ -71.300957473515197, -29.630937630578746 ], [ -71.300929778624351, -29.630891469865468 ], [ -71.300992215615551, -29.630703639344755 ], [ -71.301030777710821, -29.630632966925493 ], [ -71.301026004996146, -29.630423033175166 ], [ -71.300998733061292, -29.630400144773848 ], [ -71.300984525210794, -29.630365389352544 ], [ -71.300970943355409, -29.630353985706989 ], [ -71.300875941304469, -29.630285632293432 ], [ -71.300807573713271, -29.630216806654332 ], [ -71.300792665445087, -29.630147063150648 ], [ -71.300791605397094, -29.63010044015671 ], [ -71.300870636746581, -29.630052336080624 ], [ -71.30089700795061, -29.630040248053202 ], [ -71.300936523482648, -29.630016191482664 ], [ -71.300962988392527, -29.630004092794991 ], [ -71.301056238922186, -29.62999075196257 ], [ -71.301136067749894, -29.629977727023451 ], [ -71.301215641233853, -29.629952975079679 ], [ -71.301375310310974, -29.629926933788326 ], [ -71.301401403161933, -29.629903110085429 ], [ -71.301441025032034, -29.62987906054558 ], [ -71.30146739487887, -29.629866963410553 ], [ -71.301478419886649, -29.629761767795006 ], [ -71.301511690853218, -29.629485401550301 ], [ -71.301720359009593, -29.62924424362242 ], [ -71.301817637676322, -29.629008723540164 ], [ -71.30182054666524, -29.628950670142657 ], [ -71.30180591583418, -29.628892644310937 ], [ -71.301765232098049, -29.628869988003238 ], [ -71.301724123364622, -29.62882396920303 ], [ -71.301696959939363, -29.628801162043779 ], [ -71.301629110773519, -29.628755606542601 ], [ -71.30162884739407, -29.62874398076486 ], [ -71.301574422762727, -29.62869828509842 ], [ -71.301546897726226, -29.628663751891047 ], [ -71.301519637537453, -29.628640863375072 ], [ -71.301436883292254, -29.628525656299917 ], [ -71.301434760673644, -29.628432319251278 ], [ -71.301474275670202, -29.628408271573516 ], [ -71.30147241973367, -29.628326662188805 ], [ -71.301445530335442, -29.628315396665492 ], [ -71.301431577820608, -29.628292360117328 ], [ -71.301351485778596, -29.628293750383186 ], [ -71.30131090871852, -29.628271092972039 ], [ -71.30123106989862, -29.628284118142911 ], [ -71.3011245142566, -29.628297689971834 ], [ -71.300912015917447, -29.628348027512729 ], [ -71.300698892115335, -29.628375086898245 ], [ -71.300592694671209, -29.628400199447317 ], [ -71.300419075605049, -29.628403212033888 ], [ -71.300378500778919, -29.628380646310379 ], [ -71.300298408607702, -29.628382035944146 ], [ -71.300297877782, -29.62835868250005 ], [ -71.300190514244264, -29.628337174452383 ], [ -71.30000289965038, -29.628305427265783 ], [ -71.299828222201967, -29.628261816917099 ], [ -71.299680028252993, -29.628206023688573 ], [ -71.299558553961035, -29.628149757831018 ], [ -71.299464348904863, -29.628116390592364 ], [ -71.299221676821702, -29.628015594875741 ], [ -71.299141044853982, -29.627993713492074 ], [ -71.299126307518861, -29.627935606146146 ], [ -71.299112195457965, -29.627900839794396 ], [ -71.299123659475072, -29.627818999320027 ], [ -71.299122598431381, -29.627772294192741 ], [ -71.299082286980621, -29.627761343921719 ], [ -71.299055281560086, -29.62775008983213 ], [ -71.298947232496104, -29.627693683496897 ], [ -71.298840134353512, -29.627683817217687 ], [ -71.298692207913348, -29.627639741474042 ], [ -71.298571528420752, -29.6276184620362 ], [ -71.298396969277846, -29.627574846775481 ], [ -71.298249561267923, -29.627554040311157 ], [ -71.298088307941953, -29.627510193985479 ], [ -71.297953422587696, -29.627454168965031 ], [ -71.297804787051888, -29.627375102424473 ], [ -71.297642114525146, -29.627272908166276 ], [ -71.297627737047677, -29.627226423843705 ], [ -71.297574120817586, -29.627215722608693 ], [ -71.297572001872311, -29.627122385287969 ], [ -71.297595978146333, -29.627005317878513 ], [ -71.297606741910968, -29.626888395529907 ], [ -71.29757974907838, -29.626877223902067 ], [ -71.297538645304272, -29.626831303742467 ], [ -71.297511386282963, -29.626808405302764 ], [ -71.297471065267302, -29.62679746460849 ], [ -71.29739017995503, -29.626763864106501 ], [ -71.297269237841931, -29.62673095851197 ], [ -71.297121047201045, -29.62667515319497 ], [ -71.296999046264418, -29.626595541218997 ], [ -71.296972158850267, -29.626584367635189 ], [ -71.29687679266236, -29.626504378004054 ], [ -71.296628743024755, -29.626211961409343 ], [ -71.296632194222454, -29.625995473089652 ], [ -71.296624070110056, -29.625960344690316 ], [ -71.296648150688412, -29.625843191699794 ], [ -71.2966991316069, -29.625737295133533 ], [ -71.296723742004801, -29.625643495645701 ], [ -71.296735471841828, -29.625573289183695 ], [ -71.296761670282351, -29.625549473575976 ], [ -71.296745177575346, -29.625409744596574 ], [ -71.296661806400138, -29.62527117406708 ], [ -71.29653532037824, -29.624993344585913 ], [ -71.296466524523794, -29.624901162043209 ], [ -71.296452307748723, -29.62486640618074 ], [ -71.296397624575135, -29.624809073280147 ], [ -71.296370366577491, -29.624786183573946 ], [ -71.296368778975221, -29.624716207777674 ], [ -71.296393390534163, -29.624622408316934 ], [ -71.296390745165638, -29.624505810244294 ], [ -71.296362429286049, -29.624436288334429 ], [ -71.296293633997493, -29.624344105666012 ], [ -71.296266112201579, -29.624309581099659 ], [ -71.296224743881822, -29.624251924598394 ], [ -71.296060321966067, -29.624068125626039 ], [ -71.296033317853457, -29.624056870843642 ], [ -71.296018150105581, -29.623975490783671 ], [ -71.296003944802976, -29.623940726540706 ], [ -71.295975988239533, -29.623882837708134 ], [ -71.295933826864839, -29.623790202649534 ], [ -71.295904983942322, -29.623697420860502 ], [ -71.295862812194528, -29.623604776930133 ], [ -71.295793921974536, -29.623512595598783 ], [ -71.29576596692084, -29.623454716607412 ], [ -71.295751761972824, -29.623419960442387 ], [ -71.295724505357967, -29.623397153553075 ], [ -71.295697596417469, -29.623385897045555 ], [ -71.295683391319685, -29.623351132755005 ], [ -71.295656241251848, -29.623328333026894 ], [ -71.295452832950929, -29.623191755858347 ], [ -71.295372734285053, -29.623193142477056 ], [ -71.295240238097279, -29.623242159682409 ], [ -71.295080576524086, -29.623268202157821 ], [ -71.295001017572147, -29.62329294102355 ], [ -71.294920664302495, -29.623282692370886 ], [ -71.294879826830936, -29.623248397044776 ], [ -71.294825831492901, -29.623225969738495 ], [ -71.294770884271642, -29.623156908328937 ], [ -71.294659827282231, -29.622972183861428 ], [ -71.294564306872957, -29.622880462675408 ], [ -71.294455627697062, -29.622800608523491 ], [ -71.294375275886097, -29.622790359497564 ], [ -71.294241297047236, -29.622769314998646 ], [ -71.294107742256472, -29.622771625748083 ], [ -71.293973756295259, -29.622750674019013 ], [ -71.293903041894708, -29.622751897384799 ], [ -71.293633506241193, -29.62336435897442 ], [ -71.292763499714511, -29.624962957796743 ], [ -71.291204278153771, -29.626541794821996 ], [ -71.288825885109219, -29.628768184056621 ], [ -71.288146699852518, -29.629191628596654 ] ] ] ] } },
{ "type": "Feature", "properties": { "fid": 65, "OBJECTID_1": 197, "OBJECTID": 208, "NOM_COM": "LA HIGUERA", "PROVINCIA": "ELQUI", "Z_COMUNAL": "ZONA DE PESCA ARTESANAL Y CALETAS", "USO": "AREAS DE MANEJO Y EXPLOTACION (AMERB)", "REGIONAL": "AREAS PARA ACTIVIDADES INDUSTRIALES, ECONOMICAS Y DE DESARROLLO", "Shape_Leng": 9753.9993379400003, "LEYENDA": "AREAS DE MANEJO Y EXPLOTACION (AMERB)", "Shape__Area": 3822798.8648681641, "Shape__Length": 9753.7127851097903, "Nota": "La Zonificación de Uso del Borde Costero de la Región de Coquimbo, constituye un instrumento aún vigente, y que declara áreas con orientaciones de usos específicos, en el borde costero regional. Por lo tanto, se sugiere su uso de acuerdo a la microzonificación según se señala en todas las publicaciones, y que fué aprobada mediante Decreto Supremo Nº 518 Zonificación de Coquimbo, 12 de diciembre de 2005.", "Origen Dato": "https://gorecoquimbo.maps.arcgis.com/apps/CompareAnalysis/index.html?appid=b4f178d41fb24ab8a871596de568a2f7", "Mapa Completo": "https://www.gorecoquimbo.cl/gorecoquimbo/site/artic/20150722/asocfile/20150722092144/comunal.jpg", "Link Memoria": "https://www.gorecoquimbo.cl/gorecoquimbo/site/artic/20150722/asocfile/20150722091730/memoria_explicativa_zonifi.pdf" }, "geometry": { "type": "MultiPolygon", "coordinates": [ [ [ [ -71.327980889005971, -29.346514192841383 ], [ -71.327940277426322, -29.346628435024087 ], [ -71.327877164124544, -29.346769009790115 ], [ -71.327827225732349, -29.346909446582764 ], [ -71.327816059988578, -29.347002656919031 ], [ -71.327790555905551, -29.347049559739361 ], [ -71.327806489940244, -29.3471841536802 ], [ -71.327808064327343, -29.347235275982996 ], [ -71.327863287654736, -29.347327328382477 ], [ -71.327972584650738, -29.347464986502033 ], [ -71.328122238912968, -29.347625117383984 ], [ -71.328232065831131, -29.347786044446309 ], [ -71.328315331751185, -29.347947344016916 ], [ -71.328455408806235, -29.34827048606655 ], [ -71.328512124121005, -29.348432239131476 ], [ -71.328595391049106, -29.348593537557324 ], [ -71.328652201699327, -29.348755297897711 ], [ -71.328722189721475, -29.348916911093287 ], [ -71.328765731828838, -29.349078903968433 ], [ -71.3288792616938, -29.349402509004378 ], [ -71.328920943213745, -29.349483157686663 ], [ -71.328895968547187, -29.349553329889208 ], [ -71.328882963205402, -29.34956519667875 ], [ -71.328924380073687, -29.349634210313464 ], [ -71.328978189513364, -29.349668179627223 ], [ -71.329060927798409, -29.349806208479059 ], [ -71.329103139130694, -29.349910126258873 ], [ -71.329243222800358, -29.350233267990049 ], [ -71.329486427974416, -29.35081163155315 ], [ -71.329457272582061, -29.35089225171237 ], [ -71.329485157469563, -29.350949953872888 ], [ -71.329527526477392, -29.351065416353677 ], [ -71.329583294377841, -29.351180728641214 ], [ -71.329665242605159, -29.351283951980214 ], [ -71.329774271392751, -29.351409973327375 ], [ -71.32984913729878, -29.351479944895562 ], [ -71.330496121766259, -29.351194830423307 ], [ -71.334871581885977, -29.349376951000863 ], [ -71.335242969050597, -29.349222652862228 ], [ -71.341078785471453, -29.346685442161682 ], [ -71.342700450262967, -29.344264054216794 ], [ -71.344833503180624, -29.341161962092066 ], [ -71.34635921177977, -29.338742221486793 ], [ -71.347200121396526, -29.33780385162089 ], [ -71.349440246985679, -29.335203583323697 ], [ -71.351771223255298, -29.332391777791265 ], [ -71.353177069710171, -29.331023593880154 ], [ -71.356438580257091, -29.327019838135019 ], [ -71.357888321920939, -29.325482909536312 ], [ -71.358684767941043, -29.324593906358515 ], [ -71.358729043126758, -29.324544476872923 ], [ -71.358489595978767, -29.324548709761448 ], [ -71.355845251772664, -29.324133625726638 ], [ -71.351900301218578, -29.323405577218239 ], [ -71.351273689235271, -29.321149655592109 ], [ -71.350760387719546, -29.319230917613833 ], [ -71.350618067246145, -29.31937261027786 ], [ -71.350514371894974, -29.31947909150561 ], [ -71.350308322485745, -29.319750118125082 ], [ -71.350231446707213, -29.319867757352679 ], [ -71.350114472033951, -29.31997438016781 ], [ -71.349958852440579, -29.320128324937684 ], [ -71.349868604961699, -29.320246199468226 ], [ -71.349764907763628, -29.320352671175655 ], [ -71.349622551081126, -29.320506290008574 ], [ -71.349518598142154, -29.320601135448658 ], [ -71.349389157884346, -29.320742979022704 ], [ -71.348882353140183, -29.321205319737054 ], [ -71.348752910380796, -29.321347079790776 ], [ -71.348597181521399, -29.321501016003516 ], [ -71.348493492250668, -29.321607495685804 ], [ -71.348351038312757, -29.321761114987375 ], [ -71.348247071615319, -29.321855959756277 ], [ -71.348104457224537, -29.321998025017919 ], [ -71.348000756678218, -29.322104505449481 ], [ -71.347858300275931, -29.322258123410528 ], [ -71.347754332643689, -29.32235296874434 ], [ -71.347624888581365, -29.322494800894454 ], [ -71.347405282463257, -29.322754422348769 ], [ -71.347301591533792, -29.322860892190178 ], [ -71.347172399742092, -29.323014286051073 ], [ -71.347068707511966, -29.323120765673679 ], [ -71.346795833124062, -29.323369775620492 ], [ -71.346586582983363, -29.323501296904904 ], [ -71.346443315309998, -29.32362011171745 ], [ -71.346286886282741, -29.323739137982368 ], [ -71.346116808060742, -29.323846783398892 ], [ -71.345882856234667, -29.324060198241462 ], [ -71.345713146033077, -29.324179374388802 ], [ -71.345556897475788, -29.324310046232863 ], [ -71.345243908957102, -29.324548128712159 ], [ -71.34469804450633, -29.325046050264532 ], [ -71.344555695632565, -29.32519967301689 ], [ -71.344465265036959, -29.32530590780657 ], [ -71.344309522909839, -29.325459756641557 ], [ -71.344205292819595, -29.325542963493625 ], [ -71.344102116836012, -29.325672701260974 ], [ -71.343998409486332, -29.325779178948512 ], [ -71.343855943975072, -29.325932877044032 ], [ -71.343636321314875, -29.326192502132102 ], [ -71.343532623031109, -29.326298969405677 ], [ -71.343403421136742, -29.326452350180297 ], [ -71.343299987437462, -29.326570452276645 ], [ -71.343209554390228, -29.326676687236802 ], [ -71.343053913486514, -29.326830541070553 ], [ -71.342963479961696, -29.326936775887077 ], [ -71.342821012567143, -29.327090482028854 ], [ -71.342717035380801, -29.327185323004784 ], [ -71.34257429810755, -29.327327301986688 ], [ -71.342484129668819, -29.327445170587843 ], [ -71.342380162928791, -29.327540002117239 ], [ -71.342263971517781, -29.327681615766362 ], [ -71.342146989788674, -29.327788223240933 ], [ -71.34200452001285, -29.327941928626782 ], [ -71.341887634499159, -29.328048626222827 ], [ -71.341758438318408, -29.328202006348377 ], [ -71.341628447063499, -29.328320573415358 ], [ -71.341538276903634, -29.328438450488264 ], [ -71.34142155129706, -29.328556784542872 ], [ -71.341331389918423, -29.328674569315051 ], [ -71.34122767546053, -29.328781035232247 ], [ -71.341085201930554, -29.328934739786838 ], [ -71.340981221082629, -29.329029570561211 ], [ -71.340851757720984, -29.329171323955123 ], [ -71.340747786710338, -29.329266154389238 ], [ -71.340618313308909, -29.329407990750457 ], [ -71.340527875260037, -29.329514233163234 ], [ -71.34035894821497, -29.329668308180977 ], [ -71.340268519738345, -29.329774540341546 ], [ -71.340112766739054, -29.329928476894001 ], [ -71.340009047874034, -29.330034859021005 ], [ -71.339840120084588, -29.330189017346903 ], [ -71.339749586887649, -29.330295260044547 ], [ -71.3395939341694, -29.330449102261209 ], [ -71.33949048186588, -29.330567201987979 ], [ -71.339180398665476, -29.330933052579244 ], [ -71.339037918936029, -29.331086746220805 ], [ -71.338947478820884, -29.331192986791205 ], [ -71.338804996495867, -29.331346597252615 ], [ -71.338624655277556, -29.331582329854911 ], [ -71.338534210977585, -29.331688469202714 ], [ -71.338354549325601, -29.331959118433982 ], [ -71.338251102520132, -29.332077134193373 ], [ -71.338020405061798, -29.332430043236783 ], [ -71.337956678253235, -29.332547445643936 ], [ -71.337866498215192, -29.332665228624617 ], [ -71.337789597990579, -29.332782862728507 ], [ -71.337739159127565, -29.332900032177797 ], [ -71.337662248282328, -29.333017665500957 ], [ -71.337598625707287, -29.333135065931181 ], [ -71.337521617961926, -29.333252617881968 ], [ -71.3374712730689, -29.333369776575214 ], [ -71.337367816950561, -29.333487893827872 ], [ -71.337290809558439, -29.333605528652633 ], [ -71.337200630799856, -29.333723394207702 ], [ -71.337097180963326, -29.333841409216383 ], [ -71.336811241331276, -29.33410226894112 ], [ -71.336693983170605, -29.334197320224309 ], [ -71.336550952691937, -29.33432767684285 ], [ -71.336355477908555, -29.334482305148015 ], [ -71.33623794463692, -29.334565739264981 ], [ -71.336081486268284, -29.334684764907852 ], [ -71.335938465235188, -29.334815102707548 ], [ -71.335795710464581, -29.334957176400561 ], [ -71.335678450579735, -29.335052235904225 ], [ -71.335535788531274, -29.335194206675329 ], [ -71.335432061603569, -29.335300668691641 ], [ -71.335302849027229, -29.335454135439839 ], [ -71.335122490750237, -29.335689772039316 ], [ -71.335045480444791, -29.335807414767075 ], [ -71.334955296636494, -29.335925297975074 ], [ -71.334891669091306, -29.336042688321726 ], [ -71.334814763869758, -29.336160311048474 ], [ -71.334724471173388, -29.336278094078825 ], [ -71.334634022171869, -29.336384332151372 ], [ -71.334531364535678, -29.336537342474131 ], [ -71.334441176793675, -29.336655105451829 ], [ -71.334377548453404, -29.336772504617301 ], [ -71.334274085209216, -29.336890609883739 ], [ -71.334223629220205, -29.337007778471271 ], [ -71.334146722784084, -29.337125410799807 ], [ -71.333955718588228, -29.337477535953767 ], [ -71.333878715782703, -29.337595168929813 ], [ -71.333815075999851, -29.337712568961852 ], [ -71.333430424143017, -29.338300551732406 ], [ -71.333340141492585, -29.338418425769422 ], [ -71.333249688020345, -29.338524654056336 ], [ -71.333133747206858, -29.33867788675737 ], [ -71.33302974952332, -29.338772722082791 ], [ -71.332913541958277, -29.338914226691422 ], [ -71.332796264652401, -29.339009284188712 ], [ -71.332666884646429, -29.33915111280335 ], [ -71.332562886034083, -29.339245946907283 ], [ -71.332446676295248, -29.339387452085163 ], [ -71.332329663227895, -29.339494153267932 ], [ -71.332187162721297, -29.339647840622863 ], [ -71.332096970095193, -29.339765620302245 ], [ -71.33198023129556, -29.339883947051202 ], [ -71.331903319214746, -29.340001577418327 ], [ -71.331722831516771, -29.340237313185604 ], [ -71.331606185591426, -29.34035555501417 ], [ -71.331515898902964, -29.340473418981599 ], [ -71.331412427527738, -29.340591513357904 ], [ -71.331335514317999, -29.3407091443535 ], [ -71.331245333238584, -29.340827015331577 ], [ -71.331181591797161, -29.340944323102981 ], [ -71.331104678261312, -29.341061962105329 ], [ -71.331003852090802, -29.341296296574338 ], [ -71.330966753283121, -29.341413147647096 ], [ -71.330916302882727, -29.341530315046061 ], [ -71.330879121398397, -29.341647250541573 ], [ -71.330727936207822, -29.341998667606219 ], [ -71.330664195616322, -29.342116067168451 ], [ -71.330627097248879, -29.342233010173221 ], [ -71.330550088323534, -29.342350641542463 ], [ -71.330449268200113, -29.342584892545798 ], [ -71.330385631946697, -29.342702290168948 ], [ -71.330308716081817, -29.342819919789612 ], [ -71.330244974756496, -29.342937328211175 ], [ -71.330154779061942, -29.343055189773725 ], [ -71.330077860387433, -29.343172718283117 ], [ -71.330014224838408, -29.343290134683208 ], [ -71.329962946507393, -29.343372406249483 ], [ -71.328531946402762, -29.345478673711657 ], [ -71.328512419428876, -29.345525490336193 ], [ -71.328472854607384, -29.345537810867427 ], [ -71.328448674087895, -29.345642879124874 ], [ -71.328410006219912, -29.345690020898825 ], [ -71.328383975540476, -29.345713745687725 ], [ -71.328358474301524, -29.345760749594664 ], [ -71.328332451978056, -29.345784390327623 ], [ -71.328319965961569, -29.345819527330018 ], [ -71.328294040216662, -29.345843250271017 ], [ -71.328281289359595, -29.345866743199959 ], [ -71.328242780733078, -29.345925511898805 ], [ -71.32808999674431, -29.346207217280917 ], [ -71.327980889005971, -29.346514192841383 ] ] ] ] } },
{ "type": "Feature", "properties": { "fid": 66, "OBJECTID_1": 563, "OBJECTID": 596, "NOM_COM": "LA HIGUERA", "PROVINCIA": "ELQUI", "Z_COMUNAL": "ZONA DE CONSERVACION DE LA NATURALEZA", "USO": " ", "REGIONAL": "AREAS PROTEGIDAS", "Shape_Leng": 11633.8843182, "LEYENDA": "RESTRICCION ECOLOGICA ACUATICA", "Shape__Area": 7777533.720703125, "Shape__Length": 11633.543013387231, "Nota": "La Zonificación de Uso del Borde Costero de la Región de Coquimbo, constituye un instrumento aún vigente, y que declara áreas con orientaciones de usos específicos, en el borde costero regional. Por lo tanto, se sugiere su uso de acuerdo a la microzonificación según se señala en todas las publicaciones, y que fué aprobada mediante Decreto Supremo Nº 518 Zonificación de Coquimbo, 12 de diciembre de 2005.", "Origen Dato": "https://gorecoquimbo.maps.arcgis.com/apps/CompareAnalysis/index.html?appid=b4f178d41fb24ab8a871596de568a2f7", "Mapa Completo": "https://www.gorecoquimbo.cl/gorecoquimbo/site/artic/20150722/asocfile/20150722092144/comunal.jpg", "Link Memoria": "https://www.gorecoquimbo.cl/gorecoquimbo/site/artic/20150722/asocfile/20150722091730/memoria_explicativa_zonifi.pdf" }, "geometry": { "type": "MultiPolygon", "coordinates": [ [ [ [ -71.378579811290294, -29.294913050084897 ], [ -71.378523738382057, -29.294996726537622 ], [ -71.378460057968496, -29.295114146259159 ], [ -71.37838324047209, -29.295231716092982 ], [ -71.378319580320536, -29.295349134492799 ], [ -71.378163771504759, -29.295491473443665 ], [ -71.378112026197442, -29.295550490894428 ], [ -71.378006507952762, -29.295575649521012 ], [ -71.377980348107926, -29.295587755015301 ], [ -71.377810350502145, -29.29569542772856 ], [ -71.377627185768702, -29.295803343760944 ], [ -71.377287303028638, -29.296018603132232 ], [ -71.377090327066, -29.296103577361347 ], [ -71.376985885021938, -29.296175172230889 ], [ -71.376880892354563, -29.296223498665231 ], [ -71.376776171272482, -29.296283550834701 ], [ -71.376671189912074, -29.296331885931483 ], [ -71.376462284119214, -29.296475168281216 ], [ -71.376358110774746, -29.296558397437806 ], [ -71.376046269441943, -29.29684298285861 ], [ -71.375955907254934, -29.296949235958998 ], [ -71.375852529937887, -29.297067360167294 ], [ -71.375748883123677, -29.29717385858477 ], [ -71.375566788955041, -29.297328210004281 ], [ -71.375449609265615, -29.29742330948454 ], [ -71.375253175753372, -29.297531449528467 ], [ -71.375056462336431, -29.297627963760721 ], [ -71.374859383481592, -29.297712844677999 ], [ -71.37468948490762, -29.297820511883689 ], [ -71.374401596610468, -29.297988373288103 ], [ -71.374298487008772, -29.298118140186222 ], [ -71.374194568222492, -29.298213003683092 ], [ -71.374090390215031, -29.298296231271802 ], [ -71.373985933284473, -29.298367815181752 ], [ -71.373777463366508, -29.298534364926198 ], [ -71.373687086244473, -29.298640625901974 ], [ -71.37357044045433, -29.298758892391792 ], [ -71.373453516187752, -29.298865625236907 ], [ -71.373297963186658, -29.299019584880028 ], [ -71.373194312775908, -29.299126081528204 ], [ -71.373051935647055, -29.299279714653171 ], [ -71.372948552873368, -29.299397845913948 ], [ -71.372844631529048, -29.29949270758506 ], [ -71.372701975175644, -29.29963471480843 ], [ -71.372611864934484, -29.299752600901968 ], [ -71.372508491270935, -29.299870722669137 ], [ -71.372404839428498, -29.299977228706258 ], [ -71.37227572320144, -29.300130624500717 ], [ -71.372185612054807, -29.300248510350766 ], [ -71.372082227358959, -29.300366641938112 ], [ -71.371992126900849, -29.30048451845909 ], [ -71.371888472451687, -29.300591005232437 ], [ -71.371746081518381, -29.30074465537723 ], [ -71.371642426764808, -29.30085115100276 ], [ -71.371486877262726, -29.301005015732297 ], [ -71.371240025536721, -29.301230340395112 ], [ -71.371044386258077, -29.301373388202155 ], [ -71.370769371418959, -29.301529374087441 ], [ -71.370454394616175, -29.301674540498514 ], [ -71.370244918634143, -29.301794442840691 ], [ -71.370140468470268, -29.301866143813076 ], [ -71.370035476604698, -29.301914455232474 ], [ -71.369721279850069, -29.302094413840461 ], [ -71.369617097414164, -29.302177731185406 ], [ -71.369512095112455, -29.302226061342832 ], [ -71.369407640176078, -29.302297641872329 ], [ -71.369303444838593, -29.302380866295202 ], [ -71.369199527377745, -29.302475725267136 ], [ -71.369095332805756, -29.302559042446973 ], [ -71.368990599415326, -29.302618997076973 ], [ -71.368900213800927, -29.302725255234638 ], [ -71.368679900266045, -29.30295011353612 ], [ -71.368537500606706, -29.303103732708291 ], [ -71.368277630945116, -29.303340922823544 ], [ -71.368186986607995, -29.303435545571542 ], [ -71.368044422238896, -29.303577545667093 ], [ -71.367940492961466, -29.303672395825267 ], [ -71.367771287289045, -29.30381496118558 ], [ -71.36766762509852, -29.303921445068781 ], [ -71.367512055114915, -29.304075324819099 ], [ -71.367408392396698, -29.304181808527122 ], [ -71.36727926370844, -29.304335209136909 ], [ -71.367072485517951, -29.304571445570851 ], [ -71.366968822082782, -29.304677938903765 ], [ -71.366826418958468, -29.304831574510789 ], [ -71.366722486476576, -29.304926432875192 ], [ -71.366593089271277, -29.305068281978503 ], [ -71.366502699077614, -29.305174538738342 ], [ -71.366347030617902, -29.305328409970013 ], [ -71.366243365450444, -29.30543489289424 ], [ -71.365970584720657, -29.305683946425354 ], [ -71.365841183627111, -29.305825711933181 ], [ -71.365737249215144, -29.305920568723586 ], [ -71.365554868177497, -29.306063355993182 ], [ -71.365450933259183, -29.306158212585956 ], [ -71.365294714889771, -29.306288822318191 ], [ -71.364995927495855, -29.306561604987376 ], [ -71.364865452717467, -29.306656922391713 ], [ -71.364709069456808, -29.306775894838491 ], [ -71.364552313460152, -29.306883317144354 ], [ -71.364368846006215, -29.306979581906706 ], [ -71.363743102336741, -29.307455813224038 ], [ -71.363509758695088, -29.307692432067448 ], [ -71.363367347367273, -29.30784615734883 ], [ -71.363263418692256, -29.307941003229939 ], [ -71.363120737406476, -29.308083001455504 ], [ -71.363017066332901, -29.308189491196071 ], [ -71.362888031114977, -29.308342887169779 ], [ -71.362707668085093, -29.308578649761767 ], [ -71.362604017701585, -29.308685138844016 ], [ -71.36246169621181, -29.308838769634121 ], [ -71.362371193333786, -29.30894501680806 ], [ -71.362202603045134, -29.309110843901696 ], [ -71.362111410937473, -29.309182193400478 ], [ -71.361967646251571, -29.309277753299995 ], [ -71.361810988456284, -29.309385170867529 ], [ -71.361614144326794, -29.30948166879319 ], [ -71.361404119599428, -29.309578399647645 ], [ -71.36129964133282, -29.309649983697348 ], [ -71.361194907386917, -29.309710025533697 ], [ -71.361090686493696, -29.309793244457744 ], [ -71.361000039971159, -29.30988785373394 ], [ -71.360506349111432, -29.310338363647386 ], [ -71.360376936987223, -29.310480225520614 ], [ -71.360157388054418, -29.310739856123178 ], [ -71.359977121068397, -29.310975632599888 ], [ -71.359859911019569, -29.311070710885843 ], [ -71.359820629568645, -29.311094591707814 ], [ -71.359741898765904, -29.311130902545351 ], [ -71.359676602477307, -29.311178513449427 ], [ -71.359637417966866, -29.311202495351814 ], [ -71.359324522774372, -29.311440596939661 ], [ -71.359168287250242, -29.311571190393497 ], [ -71.358998884273902, -29.311702109345983 ], [ -71.358815843507188, -29.311821638572631 ], [ -71.3586729886227, -29.311952069867441 ], [ -71.358569308171923, -29.312058473592185 ], [ -71.358373792780071, -29.312213132460791 ], [ -71.358269844773488, -29.312307975085215 ], [ -71.35812725569447, -29.312449975778787 ], [ -71.357841334229207, -29.312710885712644 ], [ -71.357737652828746, -29.312817362836299 ], [ -71.357542238385122, -29.312971917749195 ], [ -71.357295326146001, -29.313197218702793 ], [ -71.357113175623624, -29.313351547763315 ], [ -71.357009503321876, -29.313458033226656 ], [ -71.356880349579328, -29.313611508974553 ], [ -71.356776667518446, -29.31371799444501 ], [ -71.356634340683883, -29.3138716196136 ], [ -71.356270475808287, -29.314203629427272 ], [ -71.356113965788637, -29.314322585717491 ], [ -71.355944018472371, -29.314430231480472 ], [ -71.355787510039818, -29.314549288424939 ], [ -71.35561782957916, -29.314668577705984 ], [ -71.355447892466287, -29.314776222693336 ], [ -71.355291104043431, -29.314883635412343 ], [ -71.355134602317804, -29.315002599500573 ], [ -71.354794704163524, -29.315217897554191 ], [ -71.354638192952649, -29.315336944261638 ], [ -71.354454966645719, -29.315444822536733 ], [ -71.354285189465998, -29.315564111929934 ], [ -71.354209216035642, -29.31562713256475 ], [ -71.353998797135688, -29.31580164228243 ], [ -71.353712971020045, -29.316062542328087 ], [ -71.353570264230029, -29.316204531575789 ], [ -71.353466853349275, -29.316322640470318 ], [ -71.353349888143171, -29.316429357742152 ], [ -71.3532339786085, -29.31658251368783 ], [ -71.353130576231891, -29.316700622195299 ], [ -71.353040428929901, -29.316818496902748 ], [ -71.352937016839945, -29.316936605445509 ], [ -71.352846867213202, -29.317054397077712 ], [ -71.352743443351926, -29.317172505691996 ], [ -71.352666466413424, -29.317290156986243 ], [ -71.35248618089409, -29.317525906523723 ], [ -71.352382222275082, -29.317620754116358 ], [ -71.352252787541062, -29.317762508112114 ], [ -71.352149362305596, -29.317880616332687 ], [ -71.352059224205306, -29.317998490279781 ], [ -71.351955531721401, -29.318104972486335 ], [ -71.351839628589602, -29.318258127226731 ], [ -71.351606245337706, -29.318494810602299 ], [ -71.351489275758198, -29.318601526458131 ], [ -71.351307106891355, -29.318755848503681 ], [ -71.351060177368751, -29.318981139104249 ], [ -71.350864730969789, -29.319135694525585 ], [ -71.350760779314754, -29.319230531809733 ], [ -71.350760387719546, -29.319230917613833 ], [ -71.351273689235271, -29.321149655592109 ], [ -71.351900301218578, -29.323405577218239 ], [ -71.355845251772664, -29.324133625726638 ], [ -71.358489595978767, -29.324548709761448 ], [ -71.358729043126758, -29.324544476872923 ], [ -71.358684767941043, -29.324593906358515 ], [ -71.361191972749779, -29.325174405995135 ], [ -71.364615257856855, -29.32582118477508 ], [ -71.368832790836862, -29.325903585167492 ], [ -71.371597597868572, -29.325225670292696 ], [ -71.374256352676966, -29.323842180530672 ], [ -71.378393549696725, -29.320467309425716 ], [ -71.382532298185026, -29.317170894270582 ], [ -71.387748330044417, -29.31008229209187 ], [ -71.389509992869819, -29.304863189323466 ], [ -71.38967278863079, -29.30415288107621 ], [ -71.389564842171794, -29.303368806915604 ], [ -71.389165917955623, -29.296842701087101 ], [ -71.389099494563794, -29.296282477646329 ], [ -71.388790285563459, -29.294463445150946 ], [ -71.387593768400293, -29.293502389300329 ], [ -71.386444100874144, -29.292259777791006 ], [ -71.385321640151446, -29.292186265683625 ], [ -71.383768051810179, -29.291933303441336 ], [ -71.383204867773571, -29.291600710004268 ], [ -71.382997847973243, -29.291754462974559 ], [ -71.38282823752256, -29.291873783311338 ], [ -71.381992607059544, -29.29244675230688 ], [ -71.381888701198108, -29.292541621139868 ], [ -71.381784266228152, -29.292613219404203 ], [ -71.381680359983648, -29.292708087191546 ], [ -71.381575913400184, -29.292779686412707 ], [ -71.381366493074353, -29.292899705208281 ], [ -71.381262586169342, -29.292994573606801 ], [ -71.381171951599683, -29.293089204314875 ], [ -71.381082407892379, -29.293230355539681 ], [ -71.380952495252259, -29.293348965648871 ], [ -71.380757423493733, -29.293515194622259 ], [ -71.380613437828899, -29.293599136820895 ], [ -71.380508989555736, -29.293670734390229 ], [ -71.380194848528319, -29.293850715191351 ], [ -71.380089872281516, -29.293899135743136 ], [ -71.380076869544638, -29.293911007068143 ], [ -71.378997451252758, -29.294485615879747 ], [ -71.378989641145864, -29.294500092001218 ], [ -71.378859464945222, -29.294607066281113 ], [ -71.378626289922124, -29.2948436965615 ], [ -71.378579811290294, -29.294913050084897 ] ] ] ] } },
{ "type": "Feature", "properties": { "fid": 67, "OBJECTID_1": 183, "OBJECTID": 194, "NOM_COM": "LA HIGUERA", "PROVINCIA": "ELQUI", "Z_COMUNAL": "ZONA DE CONSERVACION DE LA NATURALEZA", "USO": "SITIO SNASPE", "REGIONAL": "AREAS PROTEGIDAS", "Shape_Leng": 11870.4794908, "LEYENDA": "SITIO SNASPE", "Shape__Area": 2642618.3520507812, "Shape__Length": 11870.13147800771, "Nota": "La Zonificación de Uso del Borde Costero de la Región de Coquimbo, constituye un instrumento aún vigente, y que declara áreas con orientaciones de usos específicos, en el borde costero regional. Por lo tanto, se sugiere su uso de acuerdo a la microzonificación según se señala en todas las publicaciones, y que fué aprobada mediante Decreto Supremo Nº 518 Zonificación de Coquimbo, 12 de diciembre de 2005.", "Origen Dato": "https://gorecoquimbo.maps.arcgis.com/apps/CompareAnalysis/index.html?appid=b4f178d41fb24ab8a871596de568a2f7", "Mapa Completo": "https://www.gorecoquimbo.cl/gorecoquimbo/site/artic/20150722/asocfile/20150722092144/comunal.jpg", "Link Memoria": "https://www.gorecoquimbo.cl/gorecoquimbo/site/artic/20150722/asocfile/20150722091730/memoria_explicativa_zonifi.pdf" }, "geometry": { "type": "MultiPolygon", "coordinates": [ [ [ [ -71.538506717571167, -29.248964985048648 ], [ -71.53793403243192, -29.249055477909284 ], [ -71.537631593493117, -29.249061220902426 ], [ -71.537605275554753, -29.249220932806271 ], [ -71.5373389660557, -29.24946481758618 ], [ -71.537192323770853, -29.249653362020492 ], [ -71.537262629645056, -29.25005007673975 ], [ -71.537208038302822, -29.250289941877259 ], [ -71.5370627052732, -29.250531529047837 ], [ -71.536461724568838, -29.250702149838187 ], [ -71.53604156272668, -29.250842807353873 ], [ -71.535586571528512, -29.250798373494757 ], [ -71.534829790089134, -29.250786191520252 ], [ -71.534258397517533, -29.250929712365767 ], [ -71.533900034254742, -29.251122258949575 ], [ -71.533937465647583, -29.251413454721693 ], [ -71.533793440649902, -29.251708090659648 ], [ -71.533833487995892, -29.252105372354116 ], [ -71.533872238056134, -29.252449610851468 ], [ -71.533941236237183, -29.252793284692213 ], [ -71.534128591301126, -29.253028560205269 ], [ -71.534136439981793, -29.253346845778989 ], [ -71.534173883630629, -29.253638041112502 ], [ -71.534087073223148, -29.2537988998412 ], [ -71.533878613990538, -29.253935536692058 ], [ -71.534004830582319, -29.254145441914812 ], [ -71.534041620113712, -29.254410110835799 ], [ -71.533808153610579, -29.254759511822282 ], [ -71.533660844413603, -29.254921517630649 ], [ -71.533543129129384, -29.255056433207645 ], [ -71.533673924104434, -29.255452002943386 ], [ -71.533861948382636, -29.255713803815105 ], [ -71.533956609471247, -29.255871230652748 ], [ -71.533963151095648, -29.256136464180276 ], [ -71.533907241578049, -29.256323284616052 ], [ -71.534032153028576, -29.256480137634306 ], [ -71.534395767046192, -29.256499771243963 ], [ -71.534702165284315, -29.256653180735327 ], [ -71.534976351372393, -29.256727595064113 ], [ -71.535111081285024, -29.257282300444057 ], [ -71.535064325047259, -29.257840450331983 ], [ -71.535072834003472, -29.258185270829877 ], [ -71.534714448185284, -29.258377820855038 ], [ -71.534630252099163, -29.25864478471961 ], [ -71.534425056225913, -29.258914044050307 ], [ -71.534184385403321, -29.258971676340501 ], [ -71.534340860071083, -29.259181007765818 ], [ -71.534438142801804, -29.259444519695702 ], [ -71.534417063059394, -29.259816430467037 ], [ -71.534542634418187, -29.259999809019931 ], [ -71.534844462999331, -29.25996754446826 ], [ -71.534882555794397, -29.260285264770186 ], [ -71.535097570463179, -29.260413858911672 ], [ -71.535546703153599, -29.260219585322503 ], [ -71.535540156128462, -29.259954343265953 ], [ -71.535688779147662, -29.25984537803313 ], [ -71.535930115807346, -29.259814259213503 ], [ -71.536139881865807, -29.259730671641385 ], [ -71.536326610970406, -29.259939416225112 ], [ -71.536573177144874, -29.260120495514979 ], [ -71.536609976377122, -29.260385153966226 ], [ -71.536703991332701, -29.260516051894768 ], [ -71.536976223694822, -29.260510883245377 ], [ -71.537192551832078, -29.260692535506116 ], [ -71.537198448112747, -29.260931250861013 ], [ -71.537147117239243, -29.261303736134227 ], [ -71.5369695644968, -29.261466329953777 ], [ -71.53652565922016, -29.261872797763445 ], [ -71.536107417826088, -29.262093037088707 ], [ -71.535902874491697, -29.262388815182813 ], [ -71.535969924937831, -29.262652908525713 ], [ -71.535916625682972, -29.262945824410139 ], [ -71.535951460259355, -29.263130914755774 ], [ -71.536171721098498, -29.263471705731195 ], [ -71.536178269666721, -29.26373694753774 ], [ -71.536482062294127, -29.263784256988881 ], [ -71.536698396732291, -29.26396589968628 ], [ -71.536914066700049, -29.264121026672097 ], [ -71.536983085648728, -29.26446468828841 ], [ -71.536810103181878, -29.264812944999971 ], [ -71.536640404485368, -29.265293822180031 ], [ -71.536707447999007, -29.26555791593508 ], [ -71.536472659522417, -29.265854278388396 ], [ -71.536539047894593, -29.266091844984743 ], [ -71.536182603959247, -29.26636397924457 ], [ -71.536158901762519, -29.26662979531941 ], [ -71.535797215236229, -29.266689728836514 ], [ -71.535894510484326, -29.266953247796131 ], [ -71.535658406740708, -29.267196557323203 ], [ -71.535872117341071, -29.2672721066028 ], [ -71.535851044493441, -29.267644017872154 ], [ -71.53555377847573, -29.267861958668053 ], [ -71.535649764487857, -29.268072425964267 ], [ -71.535837164219046, -29.268307696469559 ], [ -71.53607523494064, -29.268143955595807 ], [ -71.536191650350617, -29.267955994583943 ], [ -71.536320511211557, -29.26827198133843 ], [ -71.536477659665948, -29.268507825290516 ], [ -71.536602591155699, -29.268664674507441 ], [ -71.536845258559268, -29.268686604547138 ], [ -71.536910995834901, -29.268897645279445 ], [ -71.536737360798057, -29.269219376574501 ], [ -71.536835316659321, -29.269509420772561 ], [ -71.537102986475205, -29.269318586127945 ], [ -71.537158905567011, -29.269131764409337 ], [ -71.537274664477778, -29.268917277132395 ], [ -71.537517322246728, -29.268939206099677 ], [ -71.537772432642925, -29.26946508182774 ], [ -71.537992715823947, -29.269805878213415 ], [ -71.538152493115476, -29.270147814056841 ], [ -71.53831160551438, -29.270463223552536 ], [ -71.538562145338759, -29.270803434750114 ], [ -71.538571325104456, -29.271174770007711 ], [ -71.538576570490363, -29.271386968408333 ], [ -71.538705443680726, -29.271702952908125 ], [ -71.538746188975509, -29.272126755607431 ], [ -71.538329879980836, -29.272426571804335 ], [ -71.538308150395437, -29.272771956659845 ], [ -71.538199602129794, -29.273278212130112 ], [ -71.538266656412674, -29.27354230335548 ], [ -71.538423163352377, -29.273751617811154 ], [ -71.538639523634501, -29.273933265552103 ], [ -71.538734210576692, -29.274090678132762 ], [ -71.538773647039022, -29.274461438028776 ], [ -71.538931467531839, -29.274723804219406 ], [ -71.538970905126661, -29.275094563967407 ], [ -71.539039275057277, -29.275411707021881 ], [ -71.539197753730534, -29.275700589048871 ], [ -71.539235880907682, -29.276018306045881 ], [ -71.539062232826538, -29.276340040541232 ], [ -71.539103640091781, -29.276790368875684 ], [ -71.53905887350453, -29.27742809479664 ], [ -71.539041092447306, -29.277932625820107 ], [ -71.538898353009984, -29.27828031031434 ], [ -71.538539241898604, -29.278446357792323 ], [ -71.538361008003818, -29.278582428516021 ], [ -71.538030839215466, -29.278694847131096 ], [ -71.537882850051147, -29.278830342428151 ], [ -71.537979508641882, -29.279067333069378 ], [ -71.537924908891725, -29.279307197494337 ], [ -71.538227448095682, -29.279301448234339 ], [ -71.538450367704243, -29.279748326467406 ], [ -71.538608853690633, -29.280037217716028 ], [ -71.538435197991362, -29.280358960769632 ], [ -71.53810831359975, -29.280604000948149 ], [ -71.537993856893664, -29.280871532761203 ], [ -71.537783383721603, -29.280928608530459 ], [ -71.537357858793698, -29.280857088658358 ], [ -71.537453218172104, -29.281041026863669 ], [ -71.537728128025279, -29.281141947543841 ], [ -71.538089862277459, -29.281082005907322 ], [ -71.53824047794545, -29.281052604346058 ], [ -71.538306238255558, -29.281263643188382 ], [ -71.538577858866546, -29.281231941921433 ], [ -71.538553516715766, -29.281471232203444 ], [ -71.538498907205678, -29.281711096977176 ], [ -71.538473242587216, -29.281897344014244 ], [ -71.538508090835904, -29.282082431647044 ], [ -71.538750780083532, -29.282104357328503 ], [ -71.538784316798811, -29.28223640233751 ], [ -71.538698149585997, -29.282423799706475 ], [ -71.538940183406723, -29.282419197877005 ], [ -71.539121714157162, -29.282415747016628 ], [ -71.539513708634914, -29.282355216032901 ], [ -71.539698520028253, -29.282484384577252 ], [ -71.539582097120118, -29.282672357907241 ], [ -71.539343333743389, -29.282809571400463 ], [ -71.539319649630031, -29.283075386984603 ], [ -71.53950838897012, -29.283363701390741 ], [ -71.539783963396644, -29.283491143493634 ], [ -71.540173346669079, -29.283324516224589 ], [ -71.540439073906398, -29.283054096699484 ], [ -71.540555495785895, -29.282866131717075 ], [ -71.540765302912902, -29.282782524583531 ], [ -71.540947490807696, -29.282805597372903 ], [ -71.541071791148596, -29.28293591446517 ], [ -71.541155327505578, -29.282642430992727 ], [ -71.541300690845148, -29.282400828297163 ], [ -71.541539451445985, -29.28226361149061 ], [ -71.541876184639435, -29.282416413951804 ], [ -71.542304346549528, -29.282594023379087 ], [ -71.542524674568085, -29.282934799153654 ], [ -71.542686461873387, -29.283356295277315 ], [ -71.542753536171716, -29.28362038278679 ], [ -71.542827193388206, -29.284149709642872 ], [ -71.542953469454176, -29.284359593160232 ], [ -71.543348755207603, -29.284431680280736 ], [ -71.543803240475654, -29.284449553006645 ], [ -71.544138669232495, -29.284549315812271 ], [ -71.544591839675675, -29.284514142651354 ], [ -71.54476877011345, -29.284325013010175 ], [ -71.545162082910608, -29.284317516457879 ], [ -71.545676413583706, -29.284307713357226 ], [ -71.54603750467956, -29.284221223545988 ], [ -71.546090770659475, -29.283928304839375 ], [ -71.546388056523824, -29.28371034858937 ], [ -71.546687314619774, -29.2835719599891 ], [ -71.546928033014723, -29.28351429234198 ], [ -71.547043784680966, -29.283299797261424 ], [ -71.546853708770399, -29.282958451719381 ], [ -71.546847784735391, -29.282719738943953 ], [ -71.546869475654859, -29.282374354958144 ], [ -71.546860261681772, -29.282003022720264 ], [ -71.54697799692859, -29.281868094876465 ], [ -71.546853022377434, -29.281711257791375 ], [ -71.546816195002933, -29.281446595785603 ], [ -71.546956935934034, -29.281019336098488 ], [ -71.547162126737362, -29.280750057809964 ], [ -71.547367985134954, -29.280507305110252 ], [ -71.547636977385636, -29.280369492130234 ], [ -71.547602770809618, -29.280210923947713 ], [ -71.5478040092177, -29.279782509327589 ], [ -71.547674438186775, -29.279440011140998 ], [ -71.547667855725649, -29.279174772329252 ], [ -71.547625762213741, -29.27869792288033 ], [ -71.54764744947262, -29.278352529794919 ], [ -71.547698086358665, -29.277953526128236 ], [ -71.54784013748079, -29.27757930798041 ], [ -71.547986794097511, -29.277390751339464 ], [ -71.547769752557954, -29.277182604158607 ], [ -71.547491554174059, -29.276949084609925 ], [ -71.547243612358713, -29.276714987309553 ], [ -71.547088400374932, -29.276558726847107 ], [ -71.54705288131953, -29.276347116076899 ], [ -71.546775344951968, -29.276140120844307 ], [ -71.54640310807234, -29.27577570885709 ], [ -71.546215012382902, -29.275513930542324 ], [ -71.546057172565611, -29.275251574200681 ], [ -71.545992727211711, -29.275093582718995 ], [ -71.545687573448831, -29.274993255184853 ], [ -71.545350191588795, -29.274813935159834 ], [ -71.545010839148858, -29.274555036737112 ], [ -71.544641245064099, -29.274296713584185 ], [ -71.544365033614369, -29.274142754990685 ], [ -71.543938219687746, -29.274018202329142 ], [ -71.543963873681477, -29.273831963782094 ], [ -71.544199313241748, -29.273562113909925 ], [ -71.544491316092945, -29.273131965810382 ], [ -71.544606405584332, -29.272890946814147 ], [ -71.544722809475203, -29.272702979102991 ], [ -71.544868809609341, -29.272487909610401 ], [ -71.544891174283478, -29.272169041230249 ], [ -71.545185800822097, -29.271844995549671 ], [ -71.545212110645352, -29.27168527306543 ], [ -71.544906966879083, -29.271584943056347 ], [ -71.544991142645173, -29.271317974174316 ], [ -71.544745850259858, -29.271189965500877 ], [ -71.544374286536367, -29.270852072418428 ], [ -71.544155963536255, -29.270590865374302 ], [ -71.543904102523314, -29.270197615058006 ], [ -71.543710768798832, -29.269723642530057 ], [ -71.543276748048328, -29.269307330190422 ], [ -71.542812478519664, -29.26889158221487 ], [ -71.54259547747192, -29.268683424431831 ], [ -71.542498152096044, -29.268419911779297 ], [ -71.542490929418733, -29.268128154283225 ], [ -71.542668493830774, -29.267965553801737 ], [ -71.542662584153035, -29.267726838791653 ], [ -71.54265601675084, -29.267461598499413 ], [ -71.54261985462756, -29.267223460248427 ], [ -71.54234366576317, -29.267069495981943 ], [ -71.542124043458244, -29.266755242182253 ], [ -71.54211091410032, -29.266224761247422 ], [ -71.542316747327391, -29.265982017125513 ], [ -71.542523247621574, -29.265765798725472 ], [ -71.542641618361301, -29.265657400694511 ], [ -71.542634395891369, -29.265365634995426 ], [ -71.542685039505884, -29.264966622915189 ], [ -71.542863912037319, -29.26485707395576 ], [ -71.542642313097076, -29.264463243207285 ], [ -71.542848153109745, -29.264220498284111 ], [ -71.542963895008796, -29.264006006989607 ], [ -71.542890926777758, -29.263503203041548 ], [ -71.542850169674637, -29.263079401966273 ], [ -71.542541771908674, -29.262846434554454 ], [ -71.5422945338522, -29.262638851073142 ], [ -71.542139351135759, -29.262482591840691 ], [ -71.542222872132868, -29.262189099070731 ], [ -71.542395176392617, -29.261814309462714 ], [ -71.542754870733901, -29.261674781562277 ], [ -71.542806180135159, -29.261302295396423 ], [ -71.542737144888321, -29.260958637700369 ], [ -71.542580651122663, -29.260749327291471 ], [ -71.542542523051679, -29.26043160997834 ], [ -71.542621457421035, -29.259952454002285 ], [ -71.54273260079826, -29.259552290282841 ], [ -71.542965388677359, -29.259176349778826 ], [ -71.543354009084652, -29.258983202522561 ], [ -71.54359534031822, -29.258952070104893 ], [ -71.543803127964182, -29.258788893232744 ], [ -71.543980675394081, -29.258626300926849 ], [ -71.544034606989101, -29.258359908486856 ], [ -71.543851805744566, -29.258310311935741 ], [ -71.5437853968848, -29.258072748744311 ], [ -71.543628249184422, -29.25783691403506 ], [ -71.543470446505722, -29.25757455195194 ], [ -71.543616430358611, -29.257359484540274 ], [ -71.543824224198985, -29.25719630762228 ], [ -71.544213493507272, -29.257029683650497 ], [ -71.544393007792337, -29.256946649747828 ], [ -71.544175362734094, -29.256711967769544 ], [ -71.543932733593579, -29.256690048298061 ], [ -71.543743369466782, -29.256375220803498 ], [ -71.543555986720179, -29.256139960601455 ], [ -71.54370195827957, -29.255924892483815 ], [ -71.543880157853863, -29.255788817739663 ], [ -71.544093202482202, -29.255837828641472 ], [ -71.544180654811385, -29.25570348149094 ], [ -71.543965650289792, -29.255574891876307 ], [ -71.543694734645513, -29.255633126620392 ], [ -71.543237105657795, -29.255482616135808 ], [ -71.54316938657422, -29.255192009824469 ], [ -71.543410698785863, -29.255160878459396 ], [ -71.543650708944327, -29.255076703925319 ], [ -71.543554709705617, -29.254866233470846 ], [ -71.54318847541532, -29.254740521430453 ], [ -71.542943226496604, -29.254612515627336 ], [ -71.542845260990617, -29.25432247570944 ], [ -71.542926817180174, -29.253949412777917 ], [ -71.543037297178898, -29.253522723628155 ], [ -71.542784820847004, -29.253102950451346 ], [ -71.542806537404786, -29.252757565099643 ], [ -71.542262115131109, -29.252767924021871 ], [ -71.541958999793479, -29.252747151396232 ], [ -71.541660486483053, -29.252912050986239 ], [ -71.541511224729064, -29.25299449658193 ], [ -71.54135212359374, -29.252679079386152 ], [ -71.54125678884499, -29.252495142066891 ], [ -71.541160807715471, -29.252284678193412 ], [ -71.540794585296354, -29.252158958803349 ], [ -71.540670981496064, -29.252055164019801 ], [ -71.540755157521204, -29.251788197390436 ], [ -71.540478358708711, -29.251607699948618 ], [ -71.540050988949815, -29.251456612103588 ], [ -71.539862958209227, -29.251194819381681 ], [ -71.539617064957142, -29.2510402713221 ], [ -71.539551327305134, -29.250829231233183 ], [ -71.539156174630889, -29.250757124513331 ], [ -71.539121995749682, -29.250598562026205 ], [ -71.538695285999438, -29.250473985886128 ], [ -71.538661763003532, -29.250341939651719 ], [ -71.538175226836174, -29.250245036300143 ], [ -71.538289654981043, -29.249977496311065 ], [ -71.538529646974851, -29.249893331621205 ], [ -71.538582279596227, -29.249573888693003 ], [ -71.538640797752109, -29.249493170477617 ], [ -71.538183858032895, -29.249369166787559 ], [ -71.538271313537905, -29.24923482235409 ], [ -71.538571797626545, -29.249149508554581 ], [ -71.538506717571167, -29.248964985048648 ] ] ] ] } },
{ "type": "Feature", "properties": { "fid": 68, "OBJECTID_1": 564, "OBJECTID": 597, "NOM_COM": "LA HIGUERA", "PROVINCIA": "ELQUI", "Z_COMUNAL": "ZONA AAA", "USO": " ", "REGIONAL": "AREAS PARA ACTIVIDADES INDUSTRIALES, ECONOMICAS Y DE DESARROLLO", "Shape_Leng": 12153.8225497, "LEYENDA": "AREAS APROPIADAS PARA LA ACUICULTURA (AAA)", "Shape__Area": 1458060.2229003906, "Shape__Length": 12153.466412822745, "Nota": "La Zonificación de Uso del Borde Costero de la Región de Coquimbo, constituye un instrumento aún vigente, y que declara áreas con orientaciones de usos específicos, en el borde costero regional. Por lo tanto, se sugiere su uso de acuerdo a la microzonificación según se señala en todas las publicaciones, y que fué aprobada mediante Decreto Supremo Nº 518 Zonificación de Coquimbo, 12 de diciembre de 2005.", "Origen Dato": "https://gorecoquimbo.maps.arcgis.com/apps/CompareAnalysis/index.html?appid=b4f178d41fb24ab8a871596de568a2f7", "Mapa Completo": "https://www.gorecoquimbo.cl/gorecoquimbo/site/artic/20150722/asocfile/20150722092144/comunal.jpg", "Link Memoria": "https://www.gorecoquimbo.cl/gorecoquimbo/site/artic/20150722/asocfile/20150722091730/memoria_explicativa_zonifi.pdf" }, "geometry": { "type": "MultiPolygon", "coordinates": [ [ [ [ -71.482393065893874, -29.250842735384339 ], [ -71.482733840914847, -29.251129193567508 ], [ -71.483696953967694, -29.251818337474255 ], [ -71.485372746732949, -29.252986084811884 ], [ -71.487407885157793, -29.254516006759793 ], [ -71.489192585781296, -29.255835375041833 ], [ -71.491296438938008, -29.257302477679772 ], [ -71.492318550887958, -29.260418985295612 ], [ -71.493834329810653, -29.265094049229951 ], [ -71.495770093429797, -29.271175320565774 ], [ -71.492711520288239, -29.273722441900603 ], [ -71.487627491792765, -29.278059463918943 ], [ -71.473785442769412, -29.27256798861201 ], [ -71.476820650395041, -29.278335409518931 ], [ -71.499464421886003, -29.278486144312755 ], [ -71.491242577770009, -29.25162089893167 ], [ -71.482489527869518, -29.250832620384806 ], [ -71.482393065893874, -29.250842735384339 ] ] ] ] } },
{ "type": "Feature", "properties": { "fid": 69, "OBJECTID_1": 180, "OBJECTID": 191, "NOM_COM": "LA HIGUERA", "PROVINCIA": "ELQUI", "Z_COMUNAL": "ZONA DE PESCA ARTESANAL Y CALETAS", "USO": "AREAS DE MANEJO Y EXPLOTACION (AMERB)", "REGIONAL": "AREAS PARA ACTIVIDADES INDUSTRIALES, ECONOMICAS Y DE DESARROLLO", "Shape_Leng": 12521.346140400001, "LEYENDA": "AREAS DE MANEJO Y EXPLOTACION (AMERB)", "Shape__Area": 1733536.4112548828, "Shape__Length": 12520.979411163551, "Nota": "La Zonificación de Uso del Borde Costero de la Región de Coquimbo, constituye un instrumento aún vigente, y que declara áreas con orientaciones de usos específicos, en el borde costero regional. Por lo tanto, se sugiere su uso de acuerdo a la microzonificación según se señala en todas las publicaciones, y que fué aprobada mediante Decreto Supremo Nº 518 Zonificación de Coquimbo, 12 de diciembre de 2005.", "Origen Dato": "https://gorecoquimbo.maps.arcgis.com/apps/CompareAnalysis/index.html?appid=b4f178d41fb24ab8a871596de568a2f7", "Mapa Completo": "https://www.gorecoquimbo.cl/gorecoquimbo/site/artic/20150722/asocfile/20150722092144/comunal.jpg", "Link Memoria": "https://www.gorecoquimbo.cl/gorecoquimbo/site/artic/20150722/asocfile/20150722091730/memoria_explicativa_zonifi.pdf" }, "geometry": { "type": "MultiPolygon", "coordinates": [ [ [ [ -71.497861478397652, -29.180438493149101 ], [ -71.497915510142036, -29.180581875162233 ], [ -71.497916939479026, -29.180640848002234 ], [ -71.497943852968291, -29.180640345634938 ], [ -71.497945280095678, -29.180699226498586 ], [ -71.497961595075381, -29.180816920995369 ], [ -71.49801808965023, -29.180933772551118 ], [ -71.49804787012711, -29.181051123654107 ], [ -71.498037269434263, -29.181169227645835 ], [ -71.498040126091169, -29.181287081329383 ], [ -71.498002706230437, -29.18140568595059 ], [ -71.498005562875505, -29.181523539633094 ], [ -71.498048408853094, -29.181628831769732 ], [ -71.498065578691183, -29.18178177862794 ], [ -71.498052261266594, -29.181847262186924 ], [ -71.498041510334019, -29.181900134921158 ], [ -71.498029301962163, -29.181947547269029 ], [ -71.498003234584814, -29.181983394245627 ], [ -71.49799073870426, -29.182018988781323 ], [ -71.497939852124432, -29.182137854694361 ], [ -71.497915793823054, -29.182256209879409 ], [ -71.497905288543237, -29.182374312975913 ], [ -71.497867762391664, -29.182492919550562 ], [ -71.497884075257744, -29.18261051212313 ], [ -71.497911573516802, -29.182633646981419 ], [ -71.497913573237923, -29.18271614635346 ], [ -71.497940676747149, -29.1827273625556 ], [ -71.497954419732508, -29.182738930093311 ], [ -71.497943532666966, -29.182845225256717 ], [ -71.497992379099102, -29.183198032584539 ], [ -71.498035522449015, -29.183315134179679 ], [ -71.49820244944793, -29.183547831845278 ], [ -71.498299042915619, -29.183652203391723 ], [ -71.498423025983271, -29.183779526685541 ], [ -71.498466742976561, -29.183920255615806 ], [ -71.498445626745863, -29.184156462879095 ], [ -71.498433313348514, -29.184203868194103 ], [ -71.498474457396583, -29.184238470258837 ], [ -71.498488485770991, -29.184261754533395 ], [ -71.498545828838004, -29.184413951127873 ], [ -71.498712769191158, -29.184646647753677 ], [ -71.498715625977553, -29.184764500432646 ], [ -71.498731951909676, -29.184882102493656 ], [ -71.498759915425126, -29.184928755707102 ], [ -71.498827585316732, -29.184951131146864 ], [ -71.498854784271614, -29.184962354370729 ], [ -71.498977627905489, -29.185042596894398 ], [ -71.499018202715845, -29.185053663198541 ], [ -71.499021060948394, -29.185171516725344 ], [ -71.498873684091734, -29.185186083197085 ], [ -71.498792736962997, -29.185175779801504 ], [ -71.498738810338381, -29.185164971781745 ], [ -71.498550764307325, -29.185168483194968 ], [ -71.498430399290356, -29.185194359850247 ], [ -71.498364148082416, -29.185230966222178 ], [ -71.498230417380853, -29.185257000237101 ], [ -71.498096117261298, -29.185259507565434 ], [ -71.497962684447685, -29.185297367948035 ], [ -71.497828099192546, -29.185288158197086 ], [ -71.497694071678893, -29.185302381267835 ], [ -71.497653794660508, -29.185303133076545 ], [ -71.497614373345826, -29.18533923016674 ], [ -71.497588304263914, -29.185375087044218 ], [ -71.497549170153718, -29.185422992908478 ], [ -71.497549742848605, -29.185446620446996 ], [ -71.497483214975034, -29.185471408390566 ], [ -71.497390048233981, -29.185508507642993 ], [ -71.497363409415826, -29.185520819879905 ], [ -71.497135370788897, -29.185536898907852 ], [ -71.497001364404824, -29.185551121807904 ], [ -71.496867919212264, -29.185588972337079 ], [ -71.496827630753373, -29.185589724114866 ], [ -71.496789067936461, -29.185661267270714 ], [ -71.496736189246519, -29.185697614323118 ], [ -71.496696184645174, -29.185710082906283 ], [ -71.496645877594645, -29.185852566811054 ], [ -71.496609300984076, -29.186006516654569 ], [ -71.496585335134739, -29.186124870822191 ], [ -71.49657474398964, -29.186242974538104 ], [ -71.496550768009072, -29.186361337910263 ], [ -71.496525279626852, -29.186420720062422 ], [ -71.496432397789363, -29.186469628434647 ], [ -71.496419320641095, -29.186481696495459 ], [ -71.496392405595799, -29.186482198647564 ], [ -71.496379899451867, -29.186517792348063 ], [ -71.4962458825851, -29.186532107659058 ], [ -71.496111579551538, -29.186534612213624 ], [ -71.496057547611258, -29.18652380599713 ], [ -71.495976316546773, -29.186501775060773 ], [ -71.495962677235269, -29.186490214423568 ], [ -71.495855195800132, -29.186492219297826 ], [ -71.495789228619827, -29.18654062520066 ], [ -71.495748950031526, -29.186541376484449 ], [ -71.495722891281218, -29.186577231937072 ], [ -71.495657218294951, -29.186637364358404 ], [ -71.495579972704107, -29.186780350363691 ], [ -71.495581398818473, -29.186839230377966 ], [ -71.495542548452292, -29.186898954498101 ], [ -71.495411099190932, -29.18701931219513 ], [ -71.49537110744977, -29.187031873085587 ], [ -71.495359065057187, -29.187091004284529 ], [ -71.495346855023541, -29.187138417366949 ], [ -71.495269141241337, -29.187257772802084 ], [ -71.495137405240229, -29.187366321442902 ], [ -71.495020174462894, -29.187521774038753 ], [ -71.494996206547384, -29.187640128027958 ], [ -71.494997348644404, -29.187687291206739 ], [ -71.495024741446628, -29.187710409638104 ], [ -71.495039055591832, -29.187745504012252 ], [ -71.495123333037057, -29.187897199887974 ], [ -71.495177925587285, -29.187931552151024 ], [ -71.495219356218527, -29.187977964904519 ], [ -71.495233098226649, -29.187989430777382 ], [ -71.495342190784754, -29.1880582108816 ], [ -71.495369686568353, -29.188081244318301 ], [ -71.49547764521688, -29.188102777089828 ], [ -71.495491389519003, -29.188114335809587 ], [ -71.495600585154435, -29.188183029869425 ], [ -71.49565736790862, -29.188311692849989 ], [ -71.495658796384518, -29.18837066482196 ], [ -71.495685722235621, -29.188370163497911 ], [ -71.495700606801137, -29.18842879246419 ], [ -71.495727713906462, -29.18844010190686 ], [ -71.495768848638136, -29.188474704929082 ], [ -71.495824011607894, -29.188532582559901 ], [ -71.495838052591139, -29.188555959784551 ], [ -71.49590657839893, -29.188613588112513 ], [ -71.495909433490951, -29.188731441856916 ], [ -71.495885467442633, -29.1888497950209 ], [ -71.495874864171782, -29.188967899815403 ], [ -71.495876863000149, -29.189050408254911 ], [ -71.495917713724637, -29.189073275431248 ], [ -71.495933181262259, -29.189155532616752 ], [ -71.495973743941079, -29.189166507997349 ], [ -71.496001137366477, -29.189189626187286 ], [ -71.496124089314591, -29.189269878179651 ], [ -71.496137727025584, -29.189281355815378 ], [ -71.496205788068579, -29.189315446415105 ], [ -71.496259822557263, -29.189326253361337 ], [ -71.496300387341961, -29.189337311593913 ], [ -71.496314596556999, -29.189372416775988 ], [ -71.496355551333863, -29.189395198871857 ], [ -71.496369476207732, -29.189418568271332 ], [ -71.496426364509745, -29.189547144971318 ], [ -71.496522962379814, -29.189651517486606 ], [ -71.496550070113457, -29.189662835753058 ], [ -71.496554639314411, -29.189851388095093 ], [ -71.496514929570381, -29.189875666236432 ], [ -71.496475506400785, -29.189911771212898 ], [ -71.496435789594429, -29.189936141480175 ], [ -71.49640953746993, -29.189960177513363 ], [ -71.496194566399069, -29.189964188345058 ], [ -71.496060830170322, -29.18999022957286 ], [ -71.495980843783371, -29.190015359984518 ], [ -71.495981985195883, -29.190062514113155 ], [ -71.495929093780347, -29.19009886116908 ], [ -71.49587659349524, -29.190147025888049 ], [ -71.495811680214942, -29.190242504646061 ], [ -71.49573225242446, -29.190291170713675 ], [ -71.495665902255823, -29.190327768723954 ], [ -71.495559664091147, -29.190376934783732 ], [ -71.495373320360471, -29.190451132014761 ], [ -71.495240154493359, -29.190500800051204 ], [ -71.495095529050005, -29.190633218381478 ], [ -71.495016956631559, -29.190717229375529 ], [ -71.494990715272777, -29.190741264948585 ], [ -71.494951745912402, -29.190800898244213 ], [ -71.494898685075256, -29.190825525937701 ], [ -71.494792043687909, -29.190862875760207 ], [ -71.494658602299694, -29.190900733324845 ], [ -71.494389974274782, -29.190905741790349 ], [ -71.494336522253633, -29.190918552477935 ], [ -71.49420307009747, -29.190956400776397 ], [ -71.494112463574496, -29.191099543136446 ], [ -71.494198446540764, -29.191322031298409 ], [ -71.494215623712094, -29.191474978505088 ], [ -71.494205588303373, -29.191616617956953 ], [ -71.494193080923637, -29.191652212412617 ], [ -71.494126445627103, -29.191677092882589 ], [ -71.494046454953946, -29.191702121246138 ], [ -71.493846935203763, -29.191788394300353 ], [ -71.493740408520353, -29.191825741197231 ], [ -71.493633479735209, -29.191851279540696 ], [ -71.493527237712314, -29.191900435129572 ], [ -71.493420595686501, -29.191937783929994 ], [ -71.493205724796653, -29.191941787353628 ], [ -71.493044783912623, -29.191956610503397 ], [ -71.492937960623436, -29.191982146336237 ], [ -71.492884221030607, -29.19198314766448 ], [ -71.492857865755113, -29.192007267966058 ], [ -71.492859290859812, -29.192066157975567 ], [ -71.492832468824773, -29.192066657737548 ], [ -71.492779871282451, -29.192114813217177 ], [ -71.492754189485439, -29.192162476211134 ], [ -71.492741007198276, -29.192174536888693 ], [ -71.492715336673825, -29.192222199666158 ], [ -71.492662725687993, -29.192270272359679 ], [ -71.492636758866212, -29.19230611745742 ], [ -71.492596658850672, -29.192318678722572 ], [ -71.492504055800879, -29.192379403518952 ], [ -71.492331461109231, -29.192465164669631 ], [ -71.49233174481401, -29.192476890556435 ], [ -71.492143789321275, -29.19248039091341 ], [ -71.492036585999742, -29.192494202862843 ], [ -71.491983122526662, -29.192507012865011 ], [ -71.491957724759644, -29.192566393486768 ], [ -71.491931093941147, -29.192578713603567 ], [ -71.491904841075765, -29.192602747926092 ], [ -71.4918525174118, -29.192662722057495 ], [ -71.491801343639395, -29.192769767244187 ], [ -71.491790829905682, -29.192887860277295 ], [ -71.491820503092072, -29.193005214748194 ], [ -71.491850746897455, -29.193146196839873 ], [ -71.49185416720826, -29.193287585606342 ], [ -71.491815026789524, -29.193335500018918 ], [ -71.491774746451668, -29.193336250246471 ], [ -71.491736175061533, -29.193407690360395 ], [ -71.491709638546041, -29.193420008685475 ], [ -71.491670485248207, -29.193467820457894 ], [ -71.49165731213732, -29.193479889888948 ], [ -71.491644425478071, -29.193503759131463 ], [ -71.491618172344005, -29.193527794314523 ], [ -71.491382060483815, -29.193768013843815 ], [ -71.491304347793971, -29.193887367250799 ], [ -71.491265775889957, -29.193958807255573 ], [ -71.491280280885462, -29.194005712639083 ], [ -71.491308907970733, -29.194075911211559 ], [ -71.491336016416369, -29.194087230493093 ], [ -71.491364369966178, -29.19414569214479 ], [ -71.491433183085448, -29.194215133302503 ], [ -71.491460681054477, -29.19423817647592 ], [ -71.491556316924587, -29.194307117138141 ], [ -71.491693302631973, -29.194410741828808 ], [ -71.491693586286758, -29.194422467717914 ], [ -71.491788083998529, -29.194444346839596 ], [ -71.491923822253128, -29.194500726117973 ], [ -71.492046766676424, -29.19458098182379 ], [ -71.492060131271117, -29.194580732873643 ], [ -71.492102228249507, -29.194650670405927 ], [ -71.492103369131939, -29.194697824622342 ], [ -71.492118433011328, -29.194768275639422 ], [ -71.492213605377898, -29.194813687207859 ], [ -71.492309348145355, -29.19488262619365 ], [ -71.492432485579087, -29.194974692978583 ], [ -71.492554290639305, -29.195007784018141 ], [ -71.492661686702192, -29.195005783926838 ], [ -71.492687749694753, -29.19496993701636 ], [ -71.492700827522285, -29.194957879181594 ], [ -71.492726889462133, -29.194922032283941 ], [ -71.492780640870251, -29.194921030735898 ], [ -71.492820363493706, -29.194896744342394 ], [ -71.492820077457438, -29.194884925587736 ], [ -71.492954952267411, -29.194906051483823 ], [ -71.493049840075145, -29.194939644556186 ], [ -71.49307780218713, -29.194986215927742 ], [ -71.493134407476603, -29.195103160112581 ], [ -71.49313640135928, -29.195185576693515 ], [ -71.493084078260239, -29.195245550400813 ], [ -71.493060108011562, -29.195363904141228 ], [ -71.493088072266232, -29.195410558458384 ], [ -71.493116319588694, -29.195468948580412 ], [ -71.493160414860697, -29.195621394236575 ], [ -71.493163839562982, -29.195762875685944 ], [ -71.493139763483697, -29.195881231406748 ], [ -71.493129156926898, -29.195999335201595 ], [ -71.493131437752083, -29.19609356058357 ], [ -71.493172396698654, -29.196116426473516 ], [ -71.493186902140039, -29.196163341504214 ], [ -71.493295819256858, -29.196220219105925 ], [ -71.493322928232757, -29.196231528015495 ], [ -71.493323498225791, -29.196255073536268 ], [ -71.49337810594696, -29.196289416136388 ], [ -71.493405595636531, -29.196312542913962 ], [ -71.493422098444796, -29.196441956494287 ], [ -71.493396986615977, -29.196513146194018 ], [ -71.493385238787482, -29.196584095828772 ], [ -71.493388090900297, -29.196701949678882 ], [ -71.493402975751195, -29.196760578841165 ], [ -71.493443829418624, -29.196783456518091 ], [ -71.493457574721873, -29.19679501447591 ], [ -71.493459286144599, -29.196865705127529 ], [ -71.493528113028248, -29.196935152911568 ], [ -71.493598736835636, -29.1970752897059 ], [ -71.493602172620285, -29.197216770885667 ], [ -71.493590710586332, -29.197299520335545 ], [ -71.493537813944769, -29.197335876621167 ], [ -71.493392881056366, -29.197456484157534 ], [ -71.493273174845214, -29.197505890709564 ], [ -71.493167667756239, -29.197590402826357 ], [ -71.492995348095704, -29.197687891154448 ], [ -71.492995919815897, -29.197711509714726 ], [ -71.492917351937493, -29.19779551960989 ], [ -71.492891383941924, -29.197831363906722 ], [ -71.492839628142562, -29.197914874111397 ], [ -71.492826169604285, -29.19791512490788 ], [ -71.492721060641315, -29.198011360443108 ], [ -71.492681234031082, -29.198035731781072 ], [ -71.492627880707659, -29.198048448079597 ], [ -71.49257471105706, -29.198073086955574 ], [ -71.492561810594552, -29.198096864529301 ], [ -71.492521528418678, -29.198097615092646 ], [ -71.492495560429433, -29.198133468341073 ], [ -71.492335179094894, -29.198171816903304 ], [ -71.492309771313572, -29.198231289803307 ], [ -71.492256599020095, -29.198255826668774 ], [ -71.492230916711065, -29.198303490511414 ], [ -71.492177164522076, -29.198304491023148 ], [ -71.492139163606254, -29.198399559792026 ], [ -71.492074802549268, -29.198518664949678 ], [ -71.492061627450468, -29.198530632535444 ], [ -71.49206390978334, -29.198624950835004 ], [ -71.492037372015346, -29.198637269294608 ], [ -71.492013398793773, -29.198755613012672 ], [ -71.491935578723073, -29.198874968840457 ], [ -71.491869897336898, -29.198935108901622 ], [ -71.491803826279309, -29.19898352412455 ], [ -71.491645533915275, -29.199104369750884 ], [ -71.491500891504771, -29.199236794074963 ], [ -71.491423166071854, -29.199356147873843 ], [ -71.491409706303102, -29.199356398558272 ], [ -71.491385733515301, -29.199474752105171 ], [ -71.491388583657056, -29.199592605182396 ], [ -71.491324222113803, -29.199711710938587 ], [ -71.491285078985356, -29.199759615396459 ], [ -71.491231619961241, -29.199772342167861 ], [ -71.490965819858715, -29.199895198208097 ], [ -71.490968386150186, -29.200001334446998 ], [ -71.490998165920544, -29.200118686968864 ], [ -71.491068694359242, -29.200258826875782 ], [ -71.491112399720294, -29.200399548353143 ], [ -71.491113824317111, -29.200458438367207 ], [ -71.49108756940295, -29.200482473537004 ], [ -71.491074691345901, -29.200506352508949 ], [ -71.491048436170715, -29.20053037775331 ], [ -71.491022456624435, -29.200566222847144 ], [ -71.491027588281668, -29.20077840329866 ], [ -71.49100209372898, -29.200837785588252 ], [ -71.490948911514181, -29.200862405173108 ], [ -71.490922941302628, -29.200898258196244 ], [ -71.490831764375102, -29.201017863096975 ], [ -71.49080608055489, -29.201065516809891 ], [ -71.490779151308516, -29.20106601825216 ], [ -71.49078086138924, -29.201136717118505 ], [ -71.490823995546009, -29.201253820989425 ], [ -71.490864859621226, -29.201276606281262 ], [ -71.490865430937035, -29.201300224867243 ], [ -71.490960027251418, -29.201322009549521 ], [ -71.491094646251895, -29.201331326678531 ], [ -71.491175320100766, -29.201329824257204 ], [ -71.49118952936584, -29.201364920915534 ], [ -71.491243283169965, -29.201363919803473 ], [ -71.491258169945212, -29.201422642076871 ], [ -71.491284994447568, -29.201422142485036 ], [ -71.491301588471373, -29.201551471629692 ], [ -71.491305021511778, -29.201692943945776 ], [ -71.491320476780345, -29.20177520184237 ], [ -71.491348156512544, -29.201810046687385 ], [ -71.491388440197568, -29.201809297292296 ], [ -71.491389009638723, -29.201832832909368 ], [ -71.491430445524443, -29.201879236579195 ], [ -71.491446186893228, -29.2019733132061 ], [ -71.49147528112627, -29.202067039176395 ], [ -71.491516147674503, -29.20208990719626 ], [ -71.491543646656339, -29.202112941203062 ], [ -71.491679965952812, -29.202192947678345 ], [ -71.491693321261195, -29.20219269889737 ], [ -71.491814859393216, -29.202213981959471 ], [ -71.491949468272566, -29.202223298362512 ], [ -71.492003499032236, -29.202234105921097 ], [ -71.492084933383381, -29.202267950024773 ], [ -71.492098962111825, -29.202291234871602 ], [ -71.492139246967824, -29.202290484318453 ], [ -71.492168068626896, -29.202372493045459 ], [ -71.49216949594998, -29.202431465952326 ], [ -71.492130066492166, -29.202467561849836 ], [ -71.492036310790198, -29.202481030745535 ], [ -71.491861702629947, -29.202484282784983 ], [ -71.491820848374545, -29.202461507570931 ], [ -71.491658169509179, -29.202405620594853 ], [ -71.491631059010615, -29.202394311443459 ], [ -71.491497021614961, -29.202408622319442 ], [ -71.49139009163973, -29.20243416023348 ], [ -71.491283543110981, -29.20247151413831 ], [ -71.491095474709113, -29.202475016773608 ], [ -71.491067975717385, -29.202451982675516 ], [ -71.490905685713315, -29.20240781958934 ], [ -71.490838577033514, -29.202409069277856 ], [ -71.49074426233247, -29.202399010473826 ], [ -71.490581867693763, -29.202354848932814 ], [ -71.490420719964817, -29.202357858373954 ], [ -71.490259751727351, -29.202372669420637 ], [ -71.49015291595596, -29.202398204600815 ], [ -71.490046274414368, -29.202435643163714 ], [ -71.489939163213535, -29.202449368238664 ], [ -71.489831664640477, -29.202451369269944 ], [ -71.489723881483059, -29.202441643439773 ], [ -71.489670127054453, -29.202442643975139 ], [ -71.489615337345597, -29.202396488286595 ], [ -71.489561593213409, -29.202397488585682 ], [ -71.489399767972657, -29.202376861227989 ], [ -71.489209800448634, -29.202297849830973 ], [ -71.48911405210356, -29.202228900867084 ], [ -71.488990815888343, -29.202136925191198 ], [ -71.488841132950668, -29.202057164530903 ], [ -71.488692210161091, -29.202012759891527 ], [ -71.4885307771074, -29.202003948244933 ], [ -71.488369523579678, -29.202006947234253 ], [ -71.48820866025028, -29.202021754747769 ], [ -71.488101447320574, -29.2020355632283 ], [ -71.488021446235706, -29.202060597556596 ], [ -71.487994802217145, -29.202072916337844 ], [ -71.487888262690731, -29.202110259282442 ], [ -71.487676206660083, -29.202232109527827 ], [ -71.487570415060247, -29.202304807774095 ], [ -71.487478664354811, -29.202400874085505 ], [ -71.487387460462571, -29.202520477332378 ], [ -71.487269453023956, -29.202640578036 ], [ -71.487164799712929, -29.202760430335548 ], [ -71.487100537282231, -29.202879532448943 ], [ -71.486867239669522, -29.203237590008214 ], [ -71.486829800675437, -29.203356192397667 ], [ -71.486752077149418, -29.20347554373215 ], [ -71.486687707985368, -29.203594647658758 ], [ -71.486583157907077, -29.20371449763687 ], [ -71.486518788391336, -29.203833600597154 ], [ -71.486441050885944, -29.203952869940089 ], [ -71.486441621467961, -29.203976497613358 ], [ -71.486390154007537, -29.20407181441584 ], [ -71.486378115457455, -29.20413094580783 ], [ -71.486405320508524, -29.204142255173334 ], [ -71.486419243455714, -29.204165542620679 ], [ -71.48654334642093, -29.204292966006907 ], [ -71.486543631629559, -29.204304775784312 ], [ -71.48665132410126, -29.20431458879392 ], [ -71.48666563716057, -29.204349683135977 ], [ -71.486746776226354, -29.20437172090293 ], [ -71.48677541378683, -29.20444191115218 ], [ -71.486802809843127, -29.204465040077011 ], [ -71.486779399388411, -29.204606927891682 ], [ -71.486807078513664, -29.204641774611908 ], [ -71.486808217656957, -29.204688937965319 ], [ -71.48686225862447, -29.204699748283428 ], [ -71.486945105731181, -29.204792485846948 ], [ -71.486949091443947, -29.204957493539354 ], [ -71.487017161845998, -29.204991598207336 ], [ -71.487020007655914, -29.205109452481288 ], [ -71.486980187223821, -29.205133822150799 ], [ -71.486954215416588, -29.205169665492782 ], [ -71.486901323701019, -29.205206019284891 ], [ -71.486861595752671, -29.205230304206719 ], [ -71.486821594836627, -29.205242863013055 ], [ -71.486742445656574, -29.205303241273128 ], [ -71.486702444673767, -29.205315799144518 ], [ -71.486665575605358, -29.205458030076663 ], [ -71.486586025855345, -29.205506601524764 ], [ -71.486587163910002, -29.205553764899104 ], [ -71.48656062346123, -29.205566073388489 ], [ -71.486547163859129, -29.205566323613144 ], [ -71.48657778412813, -29.205719021990447 ], [ -71.486631825628166, -29.205729832369382 ], [ -71.486714400475222, -29.205810843019286 ], [ -71.486757532477725, -29.205927948288 ], [ -71.486758954885715, -29.205986837547037 ], [ -71.486719808394767, -29.206034740877652 ], [ -71.486680090372218, -29.206059025573381 ], [ -71.486668043790615, -29.206118249145618 ], [ -71.486641503212368, -29.206130557658234 ], [ -71.486628896182239, -29.206166152473369 ], [ -71.486589738500101, -29.206214065901463 ], [ -71.486457696046543, -29.206310797723354 ], [ -71.48636450644932, -29.206347890552575 ], [ -71.486285061696165, -29.206396542893401 ], [ -71.486232169126396, -29.206432896466396 ], [ -71.486100685085006, -29.206553246832243 ], [ -71.48592805001006, -29.206638991580334 ], [ -71.485713610900305, -29.206666532371738 ], [ -71.485606782650464, -29.206692146984302 ], [ -71.485500131790715, -29.206729498421812 ], [ -71.485288631487364, -29.206874872230273 ], [ -71.485182550474562, -29.206935843001173 ], [ -71.485075151664304, -29.206937838542711 ], [ -71.484968204776152, -29.206963370968364 ], [ -71.484928499505529, -29.206987747853315 ], [ -71.484861839468451, -29.207012532595847 ], [ -71.484755862852666, -29.207073500201059 ], [ -71.484650350349042, -29.207158006278451 ], [ -71.484583520003483, -29.207170969946755 ], [ -71.484543519265586, -29.207183537127598 ], [ -71.484454043865554, -29.20720489344129 ], [ -71.484430183048701, -29.207209178806526 ], [ -71.484382824889536, -29.207210058501744 ], [ -71.484328509268465, -29.207187530160692 ], [ -71.484194168866139, -29.207190025435963 ], [ -71.484166774801082, -29.207166987968378 ], [ -71.484043536513695, -29.207169276884834 ], [ -71.484005617512139, -29.207169981135209 ], [ -71.483844080470817, -29.207161156148796 ], [ -71.483683209311025, -29.207175967722623 ], [ -71.483589447800284, -29.207189431006086 ], [ -71.483523367528576, -29.207237842630381 ], [ -71.483483365344142, -29.20725039960325 ], [ -71.483416536014246, -29.207263372599954 ], [ -71.483309030834846, -29.207265367808397 ], [ -71.483201800466219, -29.207279182842505 ], [ -71.483094401136299, -29.207281176815776 ], [ -71.482987748179895, -29.207318508301729 ], [ -71.482948031964213, -29.207342883922337 ], [ -71.48288262373498, -29.207414829055978 ], [ -71.482818247834899, -29.207533931469456 ], [ -71.482792273973615, -29.207569774113544 ], [ -71.482794262818118, -29.207652283165146 ], [ -71.482823931462249, -29.207769639757231 ], [ -71.482892570014698, -29.207827273214996 ], [ -71.482934278644677, -29.207885498596674 ], [ -71.483018262511479, -29.208025392160341 ], [ -71.483128800502143, -29.208153062362758 ], [ -71.483184263540892, -29.208222763477675 ], [ -71.483265974901954, -29.208268422808811 ], [ -71.483389216614498, -29.208360504546956 ], [ -71.48352525476912, -29.208428700323321 ], [ -71.483796773223887, -29.20854156544414 ], [ -71.483931958004618, -29.208574416174244 ], [ -71.484067429082401, -29.20861908555241 ], [ -71.484203181990964, -29.208675471718895 ], [ -71.484339505033901, -29.208755476415181 ], [ -71.484449287956423, -29.20884779718542 ], [ -71.484558395185388, -29.208916502048513 ], [ -71.484668177467455, -29.209008823535768 ], [ -71.484737860676759, -29.209113621098062 ], [ -71.484835036401947, -29.20924153708475 ], [ -71.484958458648279, -29.20934533606431 ], [ -71.48509593202931, -29.209472503986753 ], [ -71.48513774623602, -29.209530634611408 ], [ -71.485139738125028, -29.209613142570934 ], [ -71.485102759918476, -29.20975537517711 ], [ -71.485105605120793, -29.209873229519726 ], [ -71.485121910513314, -29.20999083284395 ], [ -71.485097358436064, -29.210085557094985 ], [ -71.48504418053399, -29.21011018439695 ], [ -71.485030992095304, -29.210122160635564 ], [ -71.484964732545194, -29.21015884515581 ], [ -71.484913408439454, -29.210205745611461 ], [ -71.48459551608606, -29.210113909668554 ], [ -71.484559738148548, -29.210083822838637 ], [ -71.484423411865635, -29.210003809498506 ], [ -71.484286801801218, -29.209911986198943 ], [ -71.484040411227383, -29.209727924724987 ], [ -71.483714003412814, -29.209568903181101 ], [ -71.483551419503627, -29.20951292279522 ], [ -71.483226720559514, -29.209424683011584 ], [ -71.482903157255521, -29.20938350487268 ], [ -71.482580740828283, -29.209389489234844 ], [ -71.482419013545311, -29.209368953945315 ], [ -71.482365536724586, -29.209381668709685 ], [ -71.482258315053102, -29.209395472993016 ], [ -71.482044543135331, -29.209446625056671 ], [ -71.481831327921441, -29.209521303725396 ], [ -71.481724957321177, -29.209570462203384 ], [ -71.481618407794514, -29.209607809727537 ], [ -71.481512888816084, -29.209692303707342 ], [ -71.481460541780137, -29.209728266499653 ], [ -71.481435029363595, -29.209730910368808 ], [ -71.481063996484266, -29.209877445301224 ], [ -71.480979800204778, -29.209879007233742 ], [ -71.480766026506586, -29.209930157346481 ], [ -71.480659655951655, -29.209979315010177 ], [ -71.480553661172038, -29.210040187804104 ], [ -71.480447858519881, -29.210112964973661 ], [ -71.480404073338889, -29.210138089249941 ], [ -71.480077197099675, -29.210267184584886 ], [ -71.47993011418518, -29.210376004379363 ], [ -71.479916764599309, -29.21038217255332 ], [ -71.479596888547093, -29.210494195994045 ], [ -71.479489664156176, -29.210507998164008 ], [ -71.479382830272854, -29.210533617134843 ], [ -71.479276455126794, -29.210582681813548 ], [ -71.479170367554772, -29.210643648202083 ], [ -71.479064655791262, -29.210716338752796 ], [ -71.478959429430333, -29.210812649537495 ], [ -71.478854001505411, -29.210897139854719 ], [ -71.478762222899249, -29.210993119145396 ], [ -71.4784992250584, -29.211233806650885 ], [ -71.478326871204601, -29.211331361016008 ], [ -71.478114688921124, -29.211453199515347 ], [ -71.478008409977349, -29.211502353475339 ], [ -71.47790231742735, -29.211563226994176 ], [ -71.477810255018397, -29.211647477924576 ], [ -71.477770250352592, -29.211660034225009 ], [ -71.477732229808737, -29.211755015952889 ], [ -71.477694778792937, -29.211873617340739 ], [ -71.477673519302627, -29.212109825368898 ], [ -71.477636067070691, -29.212228425863614 ], [ -71.477636351350597, -29.212240235706922 ], [ -71.477596346412838, -29.212252791067531 ], [ -71.477570369827561, -29.212288642771828 ], [ -71.477517743981366, -29.212336802382119 ], [ -71.477358564485272, -29.212422287397821 ], [ -71.477253039277116, -29.212506788280439 ], [ -71.476934854569308, -29.212689496348986 ], [ -71.476828478167775, -29.212738651242205 ], [ -71.476721923129347, -29.212775985228053 ], [ -71.476509265190231, -29.21287428383069 ], [ -71.476403454650423, -29.212946974253381 ], [ -71.47629735960615, -29.213007845729326 ], [ -71.476085845674547, -29.213153308094935 ], [ -71.475994062248773, -29.213249275809254 ], [ -71.475849191182405, -29.213369864680018 ], [ -71.475731052146983, -29.21348995852075 ], [ -71.475626480738697, -29.213609811024256 ], [ -71.475575553384871, -29.213728651470323 ], [ -71.475575585354491, -29.213729980609237 ], [ -71.478791455335312, -29.213728779426614 ], [ -71.488149362084698, -29.210241620070434 ], [ -71.491479151690839, -29.208985847432849 ], [ -71.493164848277317, -29.204057440111182 ], [ -71.496184442581466, -29.195742017098738 ], [ -71.499459829054629, -29.186544676859398 ], [ -71.500110474871676, -29.184754014267185 ], [ -71.503299965975188, -29.183476235210922 ], [ -71.504043303234795, -29.183218692558722 ], [ -71.50373256316422, -29.1795700386817 ], [ -71.498928424376231, -29.179513649984038 ], [ -71.497739930387311, -29.179730735930171 ], [ -71.497861478397652, -29.180438493149101 ] ] ] ] } },
{ "type": "Feature", "properties": { "fid": 70, "OBJECTID_1": 195, "OBJECTID": 206, "NOM_COM": "LA HIGUERA", "PROVINCIA": "ELQUI", "Z_COMUNAL": "ZONA DE PESCA ARTESANAL Y CALETAS", "USO": " ", "REGIONAL": "AREAS PARA ACTIVIDADES INDUSTRIALES, ECONOMICAS Y DE DESARROLLO", "Shape_Leng": 13124.9953104, "LEYENDA": "AREAS DE MANEJO Y EXPLOTACION (AMERB)", "Shape__Area": 2511355.8568115234, "Shape__Length": 13124.610780500041, "Nota": "La Zonificación de Uso del Borde Costero de la Región de Coquimbo, constituye un instrumento aún vigente, y que declara áreas con orientaciones de usos específicos, en el borde costero regional. Por lo tanto, se sugiere su uso de acuerdo a la microzonificación según se señala en todas las publicaciones, y que fué aprobada mediante Decreto Supremo Nº 518 Zonificación de Coquimbo, 12 de diciembre de 2005.", "Origen Dato": "https://gorecoquimbo.maps.arcgis.com/apps/CompareAnalysis/index.html?appid=b4f178d41fb24ab8a871596de568a2f7", "Mapa Completo": "https://www.gorecoquimbo.cl/gorecoquimbo/site/artic/20150722/asocfile/20150722092144/comunal.jpg", "Link Memoria": "https://www.gorecoquimbo.cl/gorecoquimbo/site/artic/20150722/asocfile/20150722091730/memoria_explicativa_zonifi.pdf" }, "geometry": { "type": "MultiPolygon", "coordinates": [ [ [ [ -71.387593768400293, -29.293502389300329 ], [ -71.388790285563459, -29.294463445150946 ], [ -71.389099494563794, -29.296282477646329 ], [ -71.389165917955623, -29.296842701087101 ], [ -71.394678069174802, -29.292907681104534 ], [ -71.399193757481243, -29.289738901300939 ], [ -71.401661586637218, -29.288010319299399 ], [ -71.406071235992144, -29.28489001723111 ], [ -71.409064567350654, -29.282824363547299 ], [ -71.415427515061879, -29.278826411257203 ], [ -71.425788313103922, -29.272416476078011 ], [ -71.432465504817898, -29.268224914742749 ], [ -71.437196654364783, -29.265238138074213 ], [ -71.439877654519563, -29.263551791840946 ], [ -71.438529181993502, -29.260487343627336 ], [ -71.432954423132259, -29.264054391951941 ], [ -71.426413270203881, -29.268220967316651 ], [ -71.425069877614675, -29.269107902327583 ], [ -71.420587210988288, -29.271341233420788 ], [ -71.414154000624436, -29.27459214500551 ], [ -71.409936428471028, -29.276773563545952 ], [ -71.405424939310379, -29.2800829582307 ], [ -71.401959202438263, -29.282484511608484 ], [ -71.396924679915955, -29.286270876458119 ], [ -71.39304485051143, -29.289241046236761 ], [ -71.387593768400293, -29.293502389300329 ] ] ] ] } },
{ "type": "Feature", "properties": { "fid": 71, "OBJECTID_1": 39, "OBJECTID": 39, "NOM_COM": "LA HIGUERA", "PROVINCIA": "ELQUI", "Z_COMUNAL": "ZONA INDUSTRIAL", "USO": "MINERIA", "REGIONAL": "AREAS PARA ACTIVIDADES INDUSTRIALES, ECONOMICAS Y DE DESARROLLO", "Shape_Leng": 13519.789534400001, "LEYENDA": "MINERIA", "Shape__Area": 8833132.0903320312, "Shape__Length": 13519.390645496285, "Nota": "La Zonificación de Uso del Borde Costero de la Región de Coquimbo, constituye un instrumento aún vigente, y que declara áreas con orientaciones de usos específicos, en el borde costero regional. Por lo tanto, se sugiere su uso de acuerdo a la microzonificación según se señala en todas las publicaciones, y que fué aprobada mediante Decreto Supremo Nº 518 Zonificación de Coquimbo, 12 de diciembre de 2005.", "Origen Dato": "https://gorecoquimbo.maps.arcgis.com/apps/CompareAnalysis/index.html?appid=b4f178d41fb24ab8a871596de568a2f7", "Mapa Completo": "https://www.gorecoquimbo.cl/gorecoquimbo/site/artic/20150722/asocfile/20150722092144/comunal.jpg", "Link Memoria": "https://www.gorecoquimbo.cl/gorecoquimbo/site/artic/20150722/asocfile/20150722091730/memoria_explicativa_zonifi.pdf" }, "geometry": { "type": "MultiPolygon", "coordinates": [ [ [ [ -71.261436775261842, -29.467841286122926 ], [ -71.263332956373489, -29.467629899743194 ], [ -71.265746778449369, -29.467025807962333 ], [ -71.267026201478117, -29.466696926651966 ], [ -71.2675501149821, -29.466585633010546 ], [ -71.268516116141271, -29.465315211029012 ], [ -71.269343909755094, -29.464405405878686 ], [ -71.269770422447763, -29.463860723743597 ], [ -71.270148892771275, -29.46247235053244 ], [ -71.270414988252952, -29.461290623596284 ], [ -71.270461488355267, -29.460752424041711 ], [ -71.270452369506131, -29.460343127855932 ], [ -71.269691393809381, -29.458999780823611 ], [ -71.268991764646799, -29.45778334662284 ], [ -71.268216597904967, -29.455800460064037 ], [ -71.268760962335008, -29.452669085848076 ], [ -71.26923867982299, -29.450485696374862 ], [ -71.269137896059348, -29.449898819820046 ], [ -71.268724345301521, -29.448396004803765 ], [ -71.268720361279676, -29.448216930967629 ], [ -71.269203556591037, -29.447594509268072 ], [ -71.270741953779122, -29.445776900249943 ], [ -71.271540356990869, -29.444867595265404 ], [ -71.272612343873135, -29.441803969233664 ], [ -71.273547853539043, -29.439177708461123 ], [ -71.274314800692082, -29.436861417306382 ], [ -71.274238676886398, -29.436069392995517 ], [ -71.274153430435391, -29.434868070890214 ], [ -71.274044657450943, -29.433923060309262 ], [ -71.274010446079131, -29.432388180420389 ], [ -71.274126492386358, -29.429724731509783 ], [ -71.272985273200277, -29.428362305900681 ], [ -71.271356631647194, -29.426112491251793 ], [ -71.27045210585301, -29.424873958165922 ], [ -71.267505593695745, -29.423823738747611 ], [ -71.263379544715562, -29.422307282800606 ], [ -71.258993473637048, -29.420923059952884 ], [ -71.25659400386715, -29.422866269993246 ], [ -71.256417436247872, -29.425516151787928 ], [ -71.256098737516254, -29.427815513324422 ], [ -71.255854122514819, -29.428907818988897 ], [ -71.255277579327782, -29.430182212019297 ], [ -71.256764144691104, -29.433597962538254 ], [ -71.256763072370646, -29.435068474337026 ], [ -71.256700697166991, -29.436804702110688 ], [ -71.256710453138922, -29.437245686914533 ], [ -71.256851946545424, -29.437566793885736 ], [ -71.256588461339618, -29.437806542330733 ], [ -71.256125417348912, -29.438137895472334 ], [ -71.255361400347397, -29.438533164253514 ], [ -71.255002359506577, -29.439009811205175 ], [ -71.254517410486798, -29.439870904162426 ], [ -71.254228131610247, -29.440464003865319 ], [ -71.252609018931139, -29.441697210829656 ], [ -71.251352194443157, -29.442600766275067 ], [ -71.251081709232352, -29.44404642169042 ], [ -71.250655104809866, -29.447553402819374 ], [ -71.25018905559844, -29.450796353028444 ], [ -71.249557332356716, -29.451101132311447 ], [ -71.248384922761886, -29.45126799432105 ], [ -71.247899876329768, -29.452129067579417 ], [ -71.247049853047471, -29.453202180074097 ], [ -71.247014426490438, -29.454643858870124 ], [ -71.247735401750802, -29.455337521576009 ], [ -71.249454543507426, -29.457102462234769 ], [ -71.250108370271846, -29.457797244910473 ], [ -71.24995468585324, -29.458446862582313 ], [ -71.248931768741897, -29.46234624049751 ], [ -71.250488125161112, -29.46281988450858 ], [ -71.251333164763153, -29.463040871209216 ], [ -71.251946947199755, -29.463442221059534 ], [ -71.252670619632752, -29.464253443030586 ], [ -71.253603019289415, -29.46538462907014 ], [ -71.254294431330806, -29.466255205443058 ], [ -71.254667876191078, -29.466425341294176 ], [ -71.2574790474998, -29.467407009042081 ], [ -71.259478117892229, -29.468137716870732 ], [ -71.261436775261842, -29.467841286122926 ] ] ] ] } },
{ "type": "Feature", "properties": { "fid": 72, "OBJECTID_1": 193, "OBJECTID": 204, "NOM_COM": "LA HIGUERA", "PROVINCIA": "ELQUI", "Z_COMUNAL": "ZONA PREFERENTEMENTE TURISTICA", "USO": "AREAS DE MANEJO Y EXPLOTACION (AMERB)", "REGIONAL": "AREAS PARA ACTIVIDADES INDUSTRIALES, ECONOMICAS Y DE DESARROLLO", "Shape_Leng": 13812.9122388, "LEYENDA": "ZONA DEPORTES NAUTICOS", "Shape__Area": 3358547.1461181641, "Shape__Length": 13812.507641698781, "Nota": "La Zonificación de Uso del Borde Costero de la Región de Coquimbo, constituye un instrumento aún vigente, y que declara áreas con orientaciones de usos específicos, en el borde costero regional. Por lo tanto, se sugiere su uso de acuerdo a la microzonificación según se señala en todas las publicaciones, y que fué aprobada mediante Decreto Supremo Nº 518 Zonificación de Coquimbo, 12 de diciembre de 2005.", "Origen Dato": "https://gorecoquimbo.maps.arcgis.com/apps/CompareAnalysis/index.html?appid=b4f178d41fb24ab8a871596de568a2f7", "Mapa Completo": "https://www.gorecoquimbo.cl/gorecoquimbo/site/artic/20150722/asocfile/20150722092144/comunal.jpg", "Link Memoria": "https://www.gorecoquimbo.cl/gorecoquimbo/site/artic/20150722/asocfile/20150722091730/memoria_explicativa_zonifi.pdf" }, "geometry": { "type": "MultiPolygon", "coordinates": [ [ [ [ -71.436145112930589, -29.255646560372252 ], [ -71.436005069589996, -29.255732177628786 ], [ -71.435846816013012, -29.255769970850412 ], [ -71.435584572981199, -29.255890950781456 ], [ -71.435531790202631, -29.255903552264677 ], [ -71.435479653333914, -29.255939410684832 ], [ -71.435426594743021, -29.255940377827926 ], [ -71.435006933734883, -29.256134051980922 ], [ -71.434954796577742, -29.256169911114227 ], [ -71.434849874354555, -29.256218287594297 ], [ -71.43481091078651, -29.256253906606194 ], [ -71.434458016447479, -29.256469540024611 ], [ -71.434326846959479, -29.256530116679183 ], [ -71.434287976878508, -29.256565742866925 ], [ -71.434183881663628, -29.256649013658841 ], [ -71.434105663747104, -29.256708533377388 ], [ -71.43375287336238, -29.256924255162968 ], [ -71.433621426115636, -29.256973104867704 ], [ -71.433411581580685, -29.257069939656823 ], [ -71.433358797875101, -29.257082540329748 ], [ -71.433253886174057, -29.257130999322655 ], [ -71.433201197019102, -29.257143598213176 ], [ -71.433148687600635, -29.257167740226418 ], [ -71.433095722889206, -29.257168704758371 ], [ -71.432990810963361, -29.257217163556341 ], [ -71.432885338873234, -29.257242361920497 ], [ -71.432832279507338, -29.257243328072995 ], [ -71.432517519076853, -29.257388528163677 ], [ -71.432413148245999, -29.257460254450066 ], [ -71.432150800642404, -29.257581220819031 ], [ -71.43204642831958, -29.257652946861874 ], [ -71.431994022226121, -29.257677087461417 ], [ -71.431889650720407, -29.257748813374082 ], [ -71.431837139648692, -29.257772955825889 ], [ -71.431785000501634, -29.257808813826227 ], [ -71.43173249154961, -29.257833048218011 ], [ -71.431680360418909, -29.257868813114051 ], [ -71.431627851409473, -29.257893047467718 ], [ -71.43157571315362, -29.257928905374801 ], [ -71.43141827806997, -29.258001504644465 ], [ -71.431365588196201, -29.258014102848151 ], [ -71.431260673560757, -29.258062476497582 ], [ -71.431207889025686, -29.258075076363447 ], [ -71.431155485493647, -29.258099299598417 ], [ -71.431102689612274, -29.258111899630304 ], [ -71.430735520315437, -29.258281327119612 ], [ -71.430631157556945, -29.258353051942276 ], [ -71.430578635122117, -29.258377175182673 ], [ -71.430474819662138, -29.25847208653213 ], [ -71.430422299751058, -29.258496320631195 ], [ -71.430370445231858, -29.258543812278536 ], [ -71.430318208567073, -29.258579587613301 ], [ -71.430292879935195, -29.25862659671462 ], [ -71.430175795881894, -29.258721730262366 ], [ -71.430097563905392, -29.25878125704741 ], [ -71.429888822843708, -29.258924614851942 ], [ -71.429784730574241, -29.25900787244618 ], [ -71.42971987073922, -29.259067156733376 ], [ -71.429615779428588, -29.259150423209405 ], [ -71.429551206581777, -29.259221415526529 ], [ -71.429447273907385, -29.259316318346098 ], [ -71.429382698859015, -29.259387226730432 ], [ -71.429097210421048, -29.259648169434694 ], [ -71.429018989585487, -29.259707788350603 ], [ -71.428863303799787, -29.259850088035169 ], [ -71.428758924624006, -29.259921719775004 ], [ -71.428030228230895, -29.260504756529453 ], [ -71.427794942524628, -29.260648492661677 ], [ -71.427703555972442, -29.260708257189645 ], [ -71.425942169511586, -29.261484698406477 ], [ -71.425932421693375, -29.261507794186556 ], [ -71.425893177181194, -29.261531776511763 ], [ -71.425827502474718, -29.261556237842655 ], [ -71.425814783717698, -29.261579738492188 ], [ -71.425736936904315, -29.26165089615688 ], [ -71.425710675750395, -29.26166302136879 ], [ -71.425632828354281, -29.261734160043087 ], [ -71.425346671793378, -29.261971929722272 ], [ -71.425164990522291, -29.262137976050688 ], [ -71.425034904150223, -29.26224498079003 ], [ -71.424722860192631, -29.262506395932004 ], [ -71.424618487585036, -29.262578108409102 ], [ -71.42456552077833, -29.262579069704106 ], [ -71.42455307446366, -29.262614129792208 ], [ -71.42451355479605, -29.262626486385486 ], [ -71.42448756742192, -29.262650227726709 ], [ -71.424317780168465, -29.262757961332319 ], [ -71.424213406081833, -29.26282959054177 ], [ -71.424004088880437, -29.262949670531281 ], [ -71.42389888970358, -29.262986396371645 ], [ -71.423584100431157, -29.263131678037531 ], [ -71.423478619290094, -29.263156860418739 ], [ -71.423373694155146, -29.263205219357811 ], [ -71.423268223606357, -29.2632304203301 ], [ -71.423163277740684, -29.263278780388241 ], [ -71.423057795507162, -29.263303971487304 ], [ -71.422847842720458, -29.263400783429493 ], [ -71.422743457758628, -29.263472503764483 ], [ -71.422638797289096, -29.263532505745911 ], [ -71.42253387112531, -29.263580855050069 ], [ -71.422325647821367, -29.26374747110021 ], [ -71.422235098657396, -29.263842126918096 ], [ -71.421962551806359, -29.264091180483245 ], [ -71.42176695192353, -29.264234297132315 ], [ -71.421309171732958, -29.264498347605052 ], [ -71.420994373624609, -29.26464361369564 ], [ -71.420680290147516, -29.264823693154813 ], [ -71.420471519740047, -29.264966935711229 ], [ -71.420367667333593, -29.265061830497036 ], [ -71.42026246793985, -29.265098654639452 ], [ -71.420158361411936, -29.265181905473 ], [ -71.419636432614809, -29.26554022684082 ], [ -71.419531767936533, -29.265600218480717 ], [ -71.4194268382969, -29.265648574553595 ], [ -71.419322448553757, -29.265720291560406 ], [ -71.419113129950347, -29.265840375140662 ], [ -71.419008190595903, -29.265888731076089 ], [ -71.418061306111412, -29.266219813117306 ], [ -71.417851437089112, -29.266316625085167 ], [ -71.417642554832852, -29.266459874508143 ], [ -71.417434327808351, -29.266626483474163 ], [ -71.417329933468508, -29.26669810797398 ], [ -71.417225812792609, -29.266781365937256 ], [ -71.417148230381201, -29.266864134599857 ], [ -71.417018950879438, -29.267006035609729 ], [ -71.416902664120357, -29.267135979035125 ], [ -71.416747761973127, -29.267313252562897 ], [ -71.416630928015806, -29.267419926881693 ], [ -71.416422149896817, -29.267563265565954 ], [ -71.416265235738848, -29.267659108219522 ], [ -71.416160294214265, -29.267707554086705 ], [ -71.416054814545234, -29.267732648717384 ], [ -71.415949873048433, -29.267781103446289 ], [ -71.415634236734974, -29.267891455383975 ], [ -71.415529292715732, -29.267939818724688 ], [ -71.415424088193163, -29.267976629390962 ], [ -71.415214212902924, -29.268073437540455 ], [ -71.415109541856779, -29.268133425107603 ], [ -71.414899665923059, -29.2682302327961 ], [ -71.414794996705467, -29.268290313016013 ], [ -71.414690051614087, -29.268338665821354 ], [ -71.414585393468499, -29.268398745684983 ], [ -71.414479901288956, -29.268423838434725 ], [ -71.414270560653634, -29.268543905289238 ], [ -71.414061787075894, -29.26868724039613 ], [ -71.413956841437013, -29.26873560258505 ], [ -71.413643552503558, -29.268950560300514 ], [ -71.413538879590504, -29.269010546733426 ], [ -71.413434766907073, -29.269093894702838 ], [ -71.413330367138656, -29.269165515454798 ], [ -71.41322652513945, -29.269260395849308 ], [ -71.413121851867515, -29.26932039100252 ], [ -71.413017725051077, -29.269403646905939 ], [ -71.41291334821517, -29.269475349935181 ], [ -71.412809210763726, -29.269558604977028 ], [ -71.412704820591159, -29.269630235021189 ], [ -71.412600693911799, -29.269713480695501 ], [ -71.41218310252809, -29.270000053582375 ], [ -71.411974859247678, -29.270166654877308 ], [ -71.411766066617105, -29.270309894943459 ], [ -71.411557820991206, -29.270476495674547 ], [ -71.411348470404164, -29.270596465470103 ], [ -71.41124408007272, -29.270668177443081 ], [ -71.410614307276205, -29.270958575856181 ], [ -71.410509641766907, -29.271018559913063 ], [ -71.410404694101416, -29.27106701150705 ], [ -71.410299471871454, -29.271103726615486 ], [ -71.410195077864046, -29.271175335936288 ], [ -71.409882697599258, -29.271425196241648 ], [ -71.40977883900014, -29.271520084363633 ], [ -71.409674707972826, -29.271603327981136 ], [ -71.409467000080667, -29.271793101879709 ], [ -71.409376411076792, -29.271887741318448 ], [ -71.409220585631971, -29.272030114202806 ], [ -71.409090292590321, -29.272125477735372 ], [ -71.408947450785774, -29.272255893724907 ], [ -71.408804883275153, -29.272398017124409 ], [ -71.408636153268887, -29.272552178533058 ], [ -71.40851985132177, -29.272682189475425 ], [ -71.408311583872404, -29.272848683936637 ], [ -71.408169015133154, -29.272990826582266 ], [ -71.407973753624148, -29.273145446632277 ], [ -71.407830092851938, -29.273241059945374 ], [ -71.407621289727004, -29.273384367203594 ], [ -71.407413564385877, -29.273574148391351 ], [ -71.406891544697331, -29.273932332559578 ], [ -71.4067874088569, -29.274015574172722 ], [ -71.406578056653501, -29.274135629879034 ], [ -71.406487463332908, -29.274230284732511 ], [ -71.406318087321637, -29.274361241157553 ], [ -71.405980508850178, -29.274669643088945 ], [ -71.405837232422328, -29.274776867056936 ], [ -71.405654290003341, -29.27489636268259 ], [ -71.405457662616442, -29.274993001591248 ], [ -71.405352705955281, -29.275041347658533 ], [ -71.405246945183151, -29.275054891761386 ], [ -71.405141718157338, -29.275091704140813 ], [ -71.404719729241023, -29.275192316228985 ], [ -71.404509283151825, -29.275265830797316 ], [ -71.404194435766485, -29.275410977159343 ], [ -71.404089752640601, -29.27547104970748 ], [ -71.403984794782119, -29.275519394760977 ], [ -71.403670751267867, -29.275699425756219 ], [ -71.403565523989343, -29.275736237843368 ], [ -71.403461120626829, -29.275807851410651 ], [ -71.403356982398208, -29.275891192494349 ], [ -71.40325246250417, -29.275962808005744 ], [ -71.403148332057128, -29.276046055877003 ], [ -71.402939514718682, -29.276189283416727 ], [ -71.402835636667731, -29.276284258885273 ], [ -71.402731504311731, -29.27636749746668 ], [ -71.402640643214426, -29.276450506247286 ], [ -71.402484621576363, -29.276581143883597 ], [ -71.402315227794617, -29.276712122922408 ], [ -71.402211367033516, -29.276807004710193 ], [ -71.401898132746126, -29.277021926546507 ], [ -71.401793444394457, -29.27708190457016 ], [ -71.401478579193153, -29.277227138096276 ], [ -71.401373076078144, -29.277252305026369 ], [ -71.401268126333974, -29.277300647906241 ], [ -71.401162623291569, -29.277325823694639 ], [ -71.401057392522901, -29.277362642979547 ], [ -71.400952714400688, -29.277422611167996 ], [ -71.400847752951435, -29.277470953940941 ], [ -71.400742522723888, -29.277507763955725 ], [ -71.400429283071404, -29.277722682623232 ], [ -71.400325147460379, -29.277805928524106 ], [ -71.400220458591434, -29.277865915306975 ], [ -71.400115947879755, -29.277937620360355 ], [ -71.39990766503584, -29.278104102817093 ], [ -71.399803247383545, -29.278175714852527 ], [ -71.399594965923058, -29.278342298772063 ], [ -71.399386128466361, -29.278485520542695 ], [ -71.399295534699135, -29.278580162758626 ], [ -71.399152945143442, -29.278722286916587 ], [ -71.399036611903668, -29.278852206897582 ], [ -71.398855130536688, -29.279029947775843 ], [ -71.398738536038081, -29.279148233655839 ], [ -71.398582779253786, -29.279290593759551 ], [ -71.398387480911822, -29.279445211272606 ], [ -71.398243532141109, -29.279529262684338 ], [ -71.398034700421675, -29.279672473361149 ], [ -71.397930822394684, -29.279767353264525 ], [ -71.397826683687057, -29.279850597409251 ], [ -71.397722263893471, -29.279922299983081 ], [ -71.397631385267957, -29.280005305910453 ], [ -71.397162264066296, -29.280362495564709 ], [ -71.396992051062682, -29.28045855557766 ], [ -71.396887629119931, -29.280530173678578 ], [ -71.396679879033101, -29.280719920821429 ], [ -71.396471588306767, -29.28088650037634 ], [ -71.396367707365684, -29.280981369281001 ], [ -71.396263555874498, -29.281064613421666 ], [ -71.396172945631847, -29.281159253081203 ], [ -71.396004192096299, -29.281313391048034 ], [ -71.395887592843138, -29.281431766735821 ], [ -71.395718993744509, -29.281597540167287 ], [ -71.395602383559051, -29.281715915823149 ], [ -71.395460431427921, -29.281881211834694 ], [ -71.395343830915039, -29.281999587111059 ], [ -71.395188504217472, -29.282165214780406 ], [ -71.395071619145156, -29.282271863453293 ], [ -71.39488959325422, -29.28242633018677 ], [ -71.394759157128675, -29.282521683198041 ], [ -71.394549794421408, -29.282641721310096 ], [ -71.394445638713634, -29.282724963310582 ], [ -71.394236795305247, -29.282868178576756 ], [ -71.394132098458698, -29.282928243120796 ], [ -71.394027670748173, -29.282999851120234 ], [ -71.393922713577524, -29.283048280700598 ], [ -71.393818014438693, -29.283108262956873 ], [ -71.393712775410791, -29.283145057956009 ], [ -71.393187947073642, -29.283386949335359 ], [ -71.393082435401539, -29.283412118284673 ], [ -71.392872505700154, -29.28350888509916 ], [ -71.392768077504329, -29.283580492172803 ], [ -71.392663284382948, -29.283640557344985 ], [ -71.392558865138156, -29.283712163201983 ], [ -71.392454706697251, -29.283795404692565 ], [ -71.392246942969379, -29.283985154695831 ], [ -71.392027531450481, -29.284244830859695 ], [ -71.391911185353621, -29.284374847305426 ], [ -71.391793319151262, -29.284435146910976 ], [ -71.391767870235626, -29.284482067747962 ], [ -71.391702337065894, -29.284518150947388 ], [ -71.391532746767027, -29.28463738922634 ], [ -71.391376596587591, -29.284768109092788 ], [ -71.391233821292317, -29.284898589279599 ], [ -71.391078209311445, -29.28505248613623 ], [ -71.390961872214135, -29.285182492640647 ], [ -71.390780363276505, -29.285360121924288 ], [ -71.390741633071613, -29.28540737329962 ], [ -71.390688932349718, -29.285419864310835 ], [ -71.390636398836179, -29.285444083813516 ], [ -71.390531696943114, -29.285504136764473 ], [ -71.390427546321135, -29.28558737574588 ], [ -71.390322842452179, -29.285647355503745 ], [ -71.390009555763356, -29.285862261161263 ], [ -71.389697078158179, -29.286111968175 ], [ -71.389619460227479, -29.286194824646003 ], [ -71.389450301359915, -29.286337322692251 ], [ -71.38933341897031, -29.286444058668486 ], [ -71.389204440117652, -29.286597494980871 ], [ -71.389087827837869, -29.286715856396913 ], [ -71.38894575434918, -29.286881231218775 ], [ -71.388829138915554, -29.286999527530508 ], [ -71.388673888354759, -29.287165127906441 ], [ -71.388570170230523, -29.287271637695447 ], [ -71.388414655376849, -29.287425520033093 ], [ -71.388297770685583, -29.28753225521848 ], [ -71.387618898774491, -29.287997827684958 ], [ -71.387514202959323, -29.288057888232231 ], [ -71.387410036986353, -29.288141125300829 ], [ -71.387305057766454, -29.288189458342043 ], [ -71.387096205419439, -29.288332755326241 ], [ -71.386991496513872, -29.288392723700721 ], [ -71.386887048022459, -29.288464334960203 ], [ -71.386782893332054, -29.288547654366248 ], [ -71.38667846512746, -29.288619266012237 ], [ -71.386587840216805, -29.288713890915094 ], [ -71.386431676453185, -29.28884460565374 ], [ -71.386236870938902, -29.289022466878983 ], [ -71.386120271344865, -29.289140751701709 ], [ -71.385965023916839, -29.2893063680648 ], [ -71.385834851174479, -29.289413338701561 ], [ -71.385639523338838, -29.289567939375079 ], [ -71.385508539674348, -29.289640014716699 ], [ -71.385403840894668, -29.289700073760493 ], [ -71.385298860099013, -29.28974840533936 ], [ -71.385193620365968, -29.289785203902948 ], [ -71.385088909824304, -29.289845170000159 ], [ -71.384984739005148, -29.289928405388938 ], [ -71.384671427783488, -29.290143299769895 ], [ -71.384463530618788, -29.290333032819746 ], [ -71.384359372242514, -29.29041635955064 ], [ -71.384254929901559, -29.290487960652211 ], [ -71.38402123838641, -29.290701431792673 ], [ -71.383852875203772, -29.290878827567685 ], [ -71.38372351728205, -29.29102060734332 ], [ -71.383607434260185, -29.29116223391247 ], [ -71.383549360506279, -29.291227167990844 ], [ -71.385321640151446, -29.292186265683625 ], [ -71.386444100874144, -29.292259777791006 ], [ -71.387593768400293, -29.293502389300329 ], [ -71.39304485051143, -29.289241046236761 ], [ -71.396924679915955, -29.286270876458119 ], [ -71.401959202438263, -29.282484511608484 ], [ -71.405424939310379, -29.2800829582307 ], [ -71.409936428471028, -29.276773563545952 ], [ -71.414154000624436, -29.27459214500551 ], [ -71.420587210988288, -29.271341233420788 ], [ -71.425069877614675, -29.269107902327583 ], [ -71.426413270203881, -29.268220967316651 ], [ -71.432954423132259, -29.264054391951941 ], [ -71.438529181993502, -29.260487343627336 ], [ -71.438018525910024, -29.259439940975451 ], [ -71.436266153977513, -29.25557256793287 ], [ -71.436145112930589, -29.255646560372252 ] ] ] ] } },
{ "type": "Feature", "properties": { "fid": 73, "OBJECTID_1": 204, "OBJECTID": 215, "NOM_COM": "LA HIGUERA", "PROVINCIA": "ELQUI", "Z_COMUNAL": "ZONA AAA", "USO": "AREAS APROPIADAS PARA LA ACUICULTURA (AAA)", "REGIONAL": "AREAS PARA ACTIVIDADES INDUSTRIALES, ECONOMICAS Y DE DESARROLLO", "Shape_Leng": 14109.5048861, "LEYENDA": "AREAS APROPIADAS PARA LA ACUICULTURA (AAA)", "Shape__Area": 2920246.9617919922, "Shape__Length": 14109.088168785058, "Nota": "La Zonificación de Uso del Borde Costero de la Región de Coquimbo, constituye un instrumento aún vigente, y que declara áreas con orientaciones de usos específicos, en el borde costero regional. Por lo tanto, se sugiere su uso de acuerdo a la microzonificación según se señala en todas las publicaciones, y que fué aprobada mediante Decreto Supremo Nº 518 Zonificación de Coquimbo, 12 de diciembre de 2005.", "Origen Dato": "https://gorecoquimbo.maps.arcgis.com/apps/CompareAnalysis/index.html?appid=b4f178d41fb24ab8a871596de568a2f7", "Mapa Completo": "https://www.gorecoquimbo.cl/gorecoquimbo/site/artic/20150722/asocfile/20150722092144/comunal.jpg", "Link Memoria": "https://www.gorecoquimbo.cl/gorecoquimbo/site/artic/20150722/asocfile/20150722091730/memoria_explicativa_zonifi.pdf" }, "geometry": { "type": "MultiPolygon", "coordinates": [ [ [ [ -71.312138983415238, -29.415801155601915 ], [ -71.312093162425626, -29.415817092073159 ], [ -71.311884465012412, -29.415983559340759 ], [ -71.311779855933011, -29.416055102256518 ], [ -71.311570093528161, -29.416175038006909 ], [ -71.311465473927953, -29.41624658989333 ], [ -71.311256772304574, -29.416412955268932 ], [ -71.311152690421238, -29.416507776877225 ], [ -71.311048333597384, -29.416590963538525 ], [ -71.310944240029087, -29.416685786100455 ], [ -71.310421057478763, -29.417043729762899 ], [ -71.310315656442981, -29.417080375421456 ], [ -71.31021077481364, -29.417140384202206 ], [ -71.31010537587882, -29.417177130705362 ], [ -71.309789945362581, -29.417322075100895 ], [ -71.309685060024236, -29.417381990627842 ], [ -71.309579913381484, -29.417430362980248 ], [ -71.309475292303347, -29.417501923338527 ], [ -71.309370418762384, -29.417561921423612 ], [ -71.309266322614178, -29.417656742799949 ], [ -71.309175779699189, -29.417762958801994 ], [ -71.309058928355938, -29.417881187591341 ], [ -71.30896865852803, -29.417999038379357 ], [ -71.308865077615621, -29.418117128931129 ], [ -71.30877454315916, -29.418223344537918 ], [ -71.308684943740829, -29.418376010459678 ], [ -71.308607951241399, -29.418493630831886 ], [ -71.30855753783915, -29.418610800300719 ], [ -71.308533598115943, -29.418727500873096 ], [ -71.308536225275276, -29.418843657869246 ], [ -71.308525553428595, -29.418960128420174 ], [ -71.308541482383561, -29.419076138706622 ], [ -71.308571206686281, -29.419215188218121 ], [ -71.308627402144054, -29.419353686760214 ], [ -71.308766491354262, -29.419630313765367 ], [ -71.308781621045242, -29.419711427032116 ], [ -71.308782935775582, -29.419769593455548 ], [ -71.308825843215672, -29.419908322278527 ], [ -71.308842287789446, -29.42004760194915 ], [ -71.308832151922317, -29.420187250479614 ], [ -71.308834781474715, -29.420303491293662 ], [ -71.308824236633541, -29.420419959637961 ], [ -71.308829379572913, -29.420652451391462 ], [ -71.308845296870686, -29.420768368873823 ], [ -71.308861741693363, -29.420907648516479 ], [ -71.308904765398836, -29.42104638427778 ], [ -71.308934501073978, -29.421185425316978 ], [ -71.309047002819426, -29.421462511973555 ], [ -71.30914307218346, -29.421600411637893 ], [ -71.309199270976094, -29.421738909760624 ], [ -71.309282166232464, -29.421877036872285 ], [ -71.309325074401329, -29.422015765426142 ], [ -71.309381380873887, -29.422154354501561 ], [ -71.309424299619749, -29.422293082825668 ], [ -71.309492582188014, -29.422373366954488 ], [ -71.309519949802905, -29.422407709241021 ], [ -71.30958944071547, -29.422546069515697 ], [ -71.309645639683552, -29.422684567388021 ], [ -71.309731681507813, -29.422962112258407 ], [ -71.309814474556475, -29.423100241627814 ], [ -71.309870674182505, -29.423238739361068 ], [ -71.309940271252671, -29.42337709665507 ], [ -71.309970009433655, -29.423516146321735 ], [ -71.309973165276361, -29.423655564234735 ], [ -71.309963032010117, -29.423795304718528 ], [ -71.309939091037648, -29.423911913454937 ], [ -71.309901851586602, -29.424028844918602 ], [ -71.309878007582597, -29.424145553906783 ], [ -71.30996000062396, -29.424248786210573 ], [ -71.310043044889397, -29.424398448698362 ], [ -71.310056598538523, -29.424409853179963 ], [ -71.310054289094154, -29.424438345491371 ], [ -71.310046203047975, -29.424537959471415 ], [ -71.309995788824509, -29.424655128558751 ], [ -71.309970259452086, -29.424702028079558 ], [ -71.309877870277916, -29.42472690119483 ], [ -71.30963916067715, -29.424742690943788 ], [ -71.309613631116761, -29.424789590405755 ], [ -71.309560848353883, -29.424802136620453 ], [ -71.309561638362226, -29.424837041828805 ], [ -71.309508477070068, -29.4248379639739 ], [ -71.30946887972614, -29.424850290460295 ], [ -71.309402807817122, -29.424863076144224 ], [ -71.30929712486936, -29.424888086526124 ], [ -71.309217499276585, -29.424889467560806 ], [ -71.309190394307294, -29.424866759425328 ], [ -71.309057353391566, -29.424857427127066 ], [ -71.309004045197995, -29.424846711978873 ], [ -71.308817580752205, -29.424826665366169 ], [ -71.308658328572832, -29.424829426827383 ], [ -71.308632284673976, -29.424853157697701 ], [ -71.308592676898769, -29.424865484108064 ], [ -71.308526867027936, -29.424889904459096 ], [ -71.308422237648557, -29.424961454454987 ], [ -71.30834366141039, -29.425009273400498 ], [ -71.308344714209198, -29.425055813716828 ], [ -71.308318406777715, -29.425067900434914 ], [ -71.308305379608896, -29.425079765930118 ], [ -71.308293139715872, -29.425126434758401 ], [ -71.30825468733768, -29.425185198570084 ], [ -71.30810008331602, -29.425621188002442 ], [ -71.3082109498569, -29.42589812844292 ], [ -71.30813952231928, -29.425966211225557 ], [ -71.308127284372887, -29.426012972928703 ], [ -71.308038056492236, -29.426177271757393 ], [ -71.30803858284672, -29.426200541916554 ], [ -71.307998974475396, -29.426212868180393 ], [ -71.308014631059862, -29.426317242581842 ], [ -71.308070316598915, -29.426432571716362 ], [ -71.308099514669522, -29.426548258968989 ], [ -71.308104772433921, -29.42678073960921 ], [ -71.30811963989737, -29.426850218666029 ], [ -71.308146484290447, -29.42686139292222 ], [ -71.308160290985612, -29.426884432842808 ], [ -71.308190183131813, -29.427035026947365 ], [ -71.308192812666519, -29.42715126679283 ], [ -71.308169502694, -29.427291235626104 ], [ -71.308170816431158, -29.427349310006633 ], [ -71.308251233439563, -29.427382825702299 ], [ -71.308264775143684, -29.427394147563625 ], [ -71.308398881159064, -29.427450002575124 ], [ -71.308494167380445, -29.427553005211074 ], [ -71.308588915974653, -29.427632738720053 ], [ -71.308601943413464, -29.427620873185251 ], [ -71.30872196979135, -29.427642071126701 ], [ -71.308761199953565, -29.427618111554086 ], [ -71.308827643111798, -29.427616959322176 ], [ -71.308853697923738, -29.427593228207879 ], [ -71.30892003497884, -29.427592078672621 ], [ -71.30893464193548, -29.427650014508021 ], [ -71.308961486622962, -29.427661188582139 ], [ -71.308963853803277, -29.427765793284145 ], [ -71.308938586787164, -29.427824337644548 ], [ -71.308901617625807, -29.427952903814614 ], [ -71.308889641052275, -29.428011207752583 ], [ -71.30881080265155, -29.428047484868529 ], [ -71.308771202112382, -29.428059728248659 ], [ -71.308598654112458, -29.428062719493944 ], [ -71.308571548194379, -29.428040003164678 ], [ -71.308465337551752, -29.428041843922944 ], [ -71.308453634285954, -29.428111783631156 ], [ -71.308414131351228, -29.428124108213442 ], [ -71.308401891242667, -29.428170777049392 ], [ -71.308351367279187, -29.428287938478142 ], [ -71.308325838643043, -29.42833493965486 ], [ -71.308332149200353, -29.428613868485595 ], [ -71.30830883714863, -29.428753745338874 ], [ -71.308296599017211, -29.428800506151845 ], [ -71.308257252721333, -29.428824458596733 ], [ -71.30823120589244, -29.428848106470422 ], [ -71.308192491083815, -29.428895327223135 ], [ -71.308075891792058, -29.42902527376765 ], [ -71.308000205119569, -29.429200967562291 ], [ -71.307897148015229, -29.429342226813205 ], [ -71.307870829357185, -29.429354322695623 ], [ -71.307871354711523, -29.429377592864284 ], [ -71.307765680133642, -29.429402694979871 ], [ -71.30775291345708, -29.429426102638086 ], [ -71.307739885697842, -29.429437968104818 ], [ -71.307647227666266, -29.429451213878224 ], [ -71.307541553149434, -29.429476324840753 ], [ -71.307331758598025, -29.429596246452238 ], [ -71.307240687087429, -29.429679200350026 ], [ -71.307203179732738, -29.429784496169557 ], [ -71.307164104335399, -29.429820000258498 ], [ -71.307140782287391, -29.429959969149053 ], [ -71.307104064082267, -29.430100170188972 ], [ -71.307039563533905, -29.430182654472553 ], [ -71.307000487933436, -29.430218158522941 ], [ -71.306987723087602, -29.430241659006139 ], [ -71.306961151287808, -29.430242119465888 ], [ -71.306951014896697, -29.430381859836896 ], [ -71.306953117199896, -29.430474830465503 ], [ -71.306980738341153, -29.43052081745903 ], [ -71.306970086091837, -29.430637288388375 ], [ -71.306931369186302, -29.430684424945809 ], [ -71.30693242035052, -29.430730956268714 ], [ -71.306893607385518, -29.430778085459576 ], [ -71.306894922663361, -29.43083625184607 ], [ -71.306870179781313, -29.430918057039069 ], [ -71.306846752105798, -29.431058027713426 ], [ -71.30684990362208, -29.431197445793977 ], [ -71.306866349465025, -29.431336725522037 ], [ -71.306924758165323, -29.431568202126336 ], [ -71.306993737860125, -29.431683292177599 ], [ -71.307036228977907, -29.43179884213529 ], [ -71.307131255135047, -29.431890210461443 ], [ -71.307198121124358, -29.431912321865031 ], [ -71.307279435046169, -29.431980649352475 ], [ -71.30737446058022, -29.432072018401119 ], [ -71.307374723744957, -29.432083653475853 ], [ -71.307401832450083, -29.432106453859888 ], [ -71.307390644193561, -29.432199662926283 ], [ -71.307328139787217, -29.432375137837443 ], [ -71.307251661508033, -29.432515936008883 ], [ -71.307188475441691, -29.432656595790078 ], [ -71.306919070887901, -29.433079866679051 ], [ -71.306816007657545, -29.433221125330778 ], [ -71.306739529148487, -29.433362015266535 ], [ -71.306649757910662, -29.433503043475774 ], [ -71.306613047363427, -29.433643244257564 ], [ -71.306563043938553, -29.433783573414136 ], [ -71.306436656012622, -29.434064801535811 ], [ -71.30638665468274, -29.434205241564399 ], [ -71.306310172637595, -29.434346030304827 ], [ -71.306260170815833, -29.43448646127943 ], [ -71.306196972222025, -29.434627129889364 ], [ -71.306146967847454, -29.434767459829924 ], [ -71.306121015733567, -29.434791188704768 ], [ -71.306110362582046, -29.434907667690876 ], [ -71.306098646727477, -29.434977598417387 ], [ -71.30612679579535, -29.435046846637917 ], [ -71.306182484523646, -29.435162167261865 ], [ -71.306251561132257, -29.435277265831672 ], [ -71.306280666911107, -29.435393056880464 ], [ -71.306296584829411, -29.435508974464565 ], [ -71.306311443295229, -29.435578535898085 ], [ -71.306365660571075, -29.435624063047754 ], [ -71.306461215987511, -29.435738693678282 ], [ -71.306569262919936, -29.435818196996966 ], [ -71.306717616687067, -29.435920272896183 ], [ -71.306744978342309, -29.435954717641913 ], [ -71.306800237846758, -29.436046766121965 ], [ -71.3068838252929, -29.436219709951171 ], [ -71.306926319555984, -29.436335258855479 ], [ -71.306995289653173, -29.436450265884389 ], [ -71.307077553682973, -29.436565126361359 ], [ -71.307172847609863, -29.436668120403528 ], [ -71.307294987928188, -29.436782298578194 ], [ -71.307390902264913, -29.436908551927665 ], [ -71.307473165252802, -29.437023329142239 ], [ -71.307474217965904, -29.437069860385208 ], [ -71.307515565790041, -29.437138879433714 ], [ -71.307571352365017, -29.437254207571417 ], [ -71.307640337071604, -29.43736929694699 ], [ -71.30769612372471, -29.437484615996066 ], [ -71.307707692257367, -29.437995940112174 ], [ -71.307724141044446, -29.438135220381344 ], [ -71.307740062293817, -29.438251229637537 ], [ -71.307742690640026, -29.438367386358365 ], [ -71.307731241042148, -29.438449044200386 ], [ -71.307705444527926, -29.438484317400349 ], [ -71.307575542352211, -29.438614494418424 ], [ -71.307562250216719, -29.438614724856251 ], [ -71.307582116762759, -29.438905058027593 ], [ -71.307597248445276, -29.43898617112632 ], [ -71.307637904295859, -29.439020376132525 ], [ -71.307651196483491, -29.439020145684271 ], [ -71.307653824606788, -29.43913629338093 ], [ -71.307696225588813, -29.439251853459602 ], [ -71.307698855869575, -29.439368093132412 ], [ -71.30768714102436, -29.439438032942295 ], [ -71.307647895933599, -29.43946199260008 ], [ -71.307610396430846, -29.43956728838733 ], [ -71.307597367442, -29.439579153895224 ], [ -71.307585136255042, -29.43962582249922 ], [ -71.307547731645386, -29.439731126549844 ], [ -71.30749536237964, -29.439766943396396 ], [ -71.307351114349856, -29.439850819471083 ], [ -71.307191827229389, -29.439853580652272 ], [ -71.307178020014504, -29.439830549756596 ], [ -71.307150911075965, -29.439807833328437 ], [ -71.307110876038365, -29.43979688674948 ], [ -71.307109823394441, -29.439750356415445 ], [ -71.307029828072288, -29.439740102450976 ], [ -71.307017061167144, -29.439763602988734 ], [ -71.306964524317166, -29.439787783813781 ], [ -71.306925445245113, -29.439823287997605 ], [ -71.3068609410346, -29.439905864411756 ], [ -71.306810146371078, -29.440011307430762 ], [ -71.306784719334246, -29.440058297595609 ], [ -71.306668096101845, -29.440188243680094 ], [ -71.30653924209382, -29.440364868112262 ], [ -71.306492390472727, -29.440644717118253 ], [ -71.306402612154145, -29.440785745405705 ], [ -71.306352714052068, -29.440926174616941 ], [ -71.30635902140169, -29.441205102424973 ], [ -71.306335591680323, -29.441345073879816 ], [ -71.306310067243885, -29.44139197273207 ], [ -71.30629756416036, -29.441427108265142 ], [ -71.306245812568832, -29.441486101191497 ], [ -71.306180412574051, -29.441533783881319 ], [ -71.3061541957305, -29.44154587776594 ], [ -71.306128145139738, -29.441569516372468 ], [ -71.306082608499409, -29.441907531584256 ], [ -71.306110232522784, -29.441953509520204 ], [ -71.306112861510385, -29.442069759195821 ], [ -71.306088915362722, -29.442186459404336 ], [ -71.306039002858341, -29.442326796744176 ], [ -71.305975704871145, -29.442467458003058 ], [ -71.305968080252313, -29.442496689172611 ], [ -71.305939097151736, -29.442607656813628 ], [ -71.305915664562534, -29.442747535330728 ], [ -71.305948556636324, -29.443026002536403 ], [ -71.30595118535058, -29.443142243188515 ], [ -71.30599358620664, -29.443257793840665 ], [ -71.306007918890302, -29.44330400296862 ], [ -71.306088728008376, -29.443349161315812 ], [ -71.306182964107691, -29.443405625535672 ], [ -71.306262604318462, -29.443404245528477 ], [ -71.306316196645923, -29.443426596100618 ], [ -71.306450048094192, -29.443470734009384 ], [ -71.30657139853534, -29.443550099318323 ], [ -71.306585741809641, -29.44359630728524 ], [ -71.306601137921461, -29.443689056394835 ], [ -71.306591727603021, -29.443791888495188 ], [ -71.309359966942765, -29.442595426830376 ], [ -71.310559884713697, -29.442076787462508 ], [ -71.314579201436814, -29.440396388320806 ], [ -71.314511771964746, -29.43536496157768 ], [ -71.314511141453821, -29.435318099285276 ], [ -71.314395017590257, -29.430199331705232 ], [ -71.314352924515433, -29.428885995528731 ], [ -71.314233647840879, -29.425163950857918 ], [ -71.314213969616574, -29.42429616073807 ], [ -71.3141662536311, -29.422191767867503 ], [ -71.314130299339368, -29.42209151542578 ], [ -71.313563817509433, -29.42051192906148 ], [ -71.31304153568297, -29.42043555122212 ], [ -71.312564412616666, -29.420196060987887 ], [ -71.312179724989477, -29.419872359678781 ], [ -71.311979897573934, -29.41938027522945 ], [ -71.311867830895267, -29.418597578483517 ], [ -71.312139519622463, -29.418097299878212 ], [ -71.312461145391694, -29.417720049601417 ], [ -71.312832741506853, -29.417465820391815 ], [ -71.313252406848434, -29.417252047825219 ], [ -71.313864414351229, -29.41720011426796 ], [ -71.314574466378758, -29.41731166413804 ], [ -71.315053451172474, -29.417633710348849 ], [ -71.31544094759586, -29.418081243197314 ], [ -71.316740230456347, -29.419214952463214 ], [ -71.319588711638161, -29.422097424860699 ], [ -71.322283047151231, -29.424701745137821 ], [ -71.322820204122891, -29.425220933898217 ], [ -71.322935570773254, -29.425346596553108 ], [ -71.324126242096327, -29.426643513315479 ], [ -71.32841815372187, -29.426609832559841 ], [ -71.331296383901588, -29.426642055571122 ], [ -71.331351096455521, -29.420777012879544 ], [ -71.331284035129059, -29.415888597414696 ], [ -71.331105423240359, -29.415776122460386 ], [ -71.330705089383315, -29.415590466216749 ], [ -71.329343073863143, -29.415691365326818 ], [ -71.327353702816609, -29.415726144438445 ], [ -71.327285349403994, -29.415819946803836 ], [ -71.327272070721719, -29.41582017886579 ], [ -71.327261960192175, -29.415959827470502 ], [ -71.327250262524601, -29.416029860326436 ], [ -71.327224212689629, -29.416053492780385 ], [ -71.32719869566904, -29.416100497010753 ], [ -71.327107122094148, -29.416160194132576 ], [ -71.327068420793978, -29.416207418813041 ], [ -71.326965668228183, -29.416360325852935 ], [ -71.326862556453833, -29.416501691542809 ], [ -71.326797550188957, -29.416560924244788 ], [ -71.326784791525156, -29.416584426326835 ], [ -71.326718461451648, -29.416585585285524 ], [ -71.326611734739046, -29.416564169954075 ], [ -71.32654503463354, -29.416553704735612 ], [ -71.326505020482429, -29.416542847239317 ], [ -71.32645106883848, -29.416508880092863 ], [ -71.326397497548939, -29.416486536834228 ], [ -71.326383678351021, -29.416463508119943 ], [ -71.326329740029095, -29.4164296245883 ], [ -71.326302736846941, -29.416406826179688 ], [ -71.326208400054185, -29.416350368257969 ], [ -71.326074150837044, -29.416282893881434 ], [ -71.326021005950395, -29.416283822173494 ], [ -71.325914280750695, -29.416262499159089 ], [ -71.325755306829848, -29.416276822390749 ], [ -71.325649905793128, -29.416313572898904 ], [ -71.32562386811874, -29.416337306785984 ], [ -71.325571252089446, -29.416361495804331 ], [ -71.325454146893378, -29.416468102205599 ], [ -71.325404702252982, -29.416559274790874 ], [ -71.325287445339157, -29.4167268629554 ], [ -71.325132073305895, -29.416903965765368 ], [ -71.325134190180691, -29.41699694442018 ], [ -71.325161828404802, -29.41704301114412 ], [ -71.325204331318773, -29.417158461834411 ], [ -71.325260029832336, -29.417273774109322 ], [ -71.325275967181085, -29.417389790585581 ], [ -71.325252036687687, -29.417506493297964 ], [ -71.325241922350443, -29.417646141896391 ], [ -71.325244450603179, -29.417757126646055 ], [ -71.325245100381892, -29.417785650405428 ], [ -71.325286026266625, -29.417831402064763 ], [ -71.325299845432454, -29.417854430892135 ], [ -71.325313919566412, -29.417889103867083 ], [ -71.325357122261536, -29.41803945197427 ], [ -71.325359770577393, -29.418155699580122 ], [ -71.325336473157222, -29.418295578383642 ], [ -71.325299792669469, -29.418435783805435 ], [ -71.325288886340218, -29.418540619504242 ], [ -71.325316260036132, -29.41857505120899 ], [ -71.325454321598656, -29.418805126870701 ], [ -71.325483442841275, -29.418920913042228 ], [ -71.325477951517868, -29.419077709306247 ], [ -71.325486359663287, -29.419125820433123 ], [ -71.325545307984271, -29.419130841685334 ], [ -71.325603881448686, -29.419114752764507 ], [ -71.325684746917659, -29.419113340432819 ], [ -71.325770233054968, -29.419148022774703 ], [ -71.325824210690669, -29.419255789399219 ], [ -71.325830154380583, -29.419358262163893 ], [ -71.325806882874133, -29.419467286033719 ], [ -71.325698621295587, -29.419559753092312 ], [ -71.325584458016252, -29.419555705275428 ], [ -71.325527946627702, -29.419499316207393 ], [ -71.325478842111835, -29.419442881658792 ], [ -71.325434353020128, -29.419425524435962 ], [ -71.325383812068523, -29.419468633231737 ], [ -71.325405166788187, -29.419601052707208 ], [ -71.325529561980261, -29.419891626166212 ], [ -71.325548729899779, -29.420035917331663 ], [ -71.325550053992472, -29.420094074043007 ], [ -71.325526916626018, -29.420245589633133 ], [ -71.325487418067056, -29.42025791903497 ], [ -71.325448619821486, -29.420305145901494 ], [ -71.325382816362946, -29.420329481318554 ], [ -71.32529043477544, -29.420354373762269 ], [ -71.325292553101647, -29.420447351438678 ], [ -71.325346125088359, -29.420469686028703 ], [ -71.325387317067452, -29.42052706350665 ], [ -71.325454445066967, -29.420560809907421 ], [ -71.325562764208598, -29.420651933704121 ], [ -71.325576053835746, -29.4206517015981 ], [ -71.325592774875645, -29.420802512025581 ], [ -71.325595952765099, -29.42094202045168 ], [ -71.325575739473692, -29.42122140931945 ], [ -71.325552337955145, -29.421361381959912 ], [ -71.325542235358455, -29.421501030307521 ], [ -71.325505650116597, -29.421641234098985 ], [ -71.325506708270979, -29.421687671969927 ], [ -71.325467644423, -29.421723263918633 ], [ -71.325414591447228, -29.421724190469273 ], [ -71.325388815414257, -29.421759466431219 ], [ -71.325296167461886, -29.421772724000537 ], [ -71.325296697654849, -29.421795993890413 ], [ -71.324977043442985, -29.421755118548536 ], [ -71.32489810791418, -29.421791313615792 ], [ -71.324926794284508, -29.421883828298942 ], [ -71.324940613986769, -29.421906857124991 ], [ -71.324967723700198, -29.42192966291266 ], [ -71.324981541507725, -29.421952607866604 ], [ -71.325022620677785, -29.422010079421469 ], [ -71.325024737688068, -29.422103048994341 ], [ -71.324998434442094, -29.422115147864815 ], [ -71.324946438340433, -29.422162521161844 ], [ -71.3249068440022, -29.422174843069619 ], [ -71.324881164565355, -29.42221021017707 ], [ -71.324814990727972, -29.422223005171386 ], [ -71.324696301648046, -29.422259894228276 ], [ -71.324591158132918, -29.422308279196837 ], [ -71.32448574862326, -29.422344945251954 ], [ -71.324380085420387, -29.422370068999065 ], [ -71.324327032067515, -29.422370995135058 ], [ -71.32411251886964, -29.422281724021182 ], [ -71.323979747008494, -29.422284040565241 ], [ -71.323953697196956, -29.422307774391133 ], [ -71.323636685153318, -29.422383042575902 ], [ -71.32343757913975, -29.42238651708691 ], [ -71.323423759487596, -29.422363479073212 ], [ -71.323370347722388, -29.422352872540923 ], [ -71.323315969956695, -29.422295623472429 ], [ -71.32328886069061, -29.422272826352359 ], [ -71.32311369065917, -29.422159689870167 ], [ -71.32311289713445, -29.42212478496506 ], [ -71.323059208074653, -29.422102442514738 ], [ -71.323058150994953, -29.422056003664078 ], [ -71.323031052150853, -29.422033206304313 ], [ -71.323016535003859, -29.421975354580869 ], [ -71.323002726011921, -29.421952325352073 ], [ -71.322988642715657, -29.421917652301435 ], [ -71.322972707076744, -29.421801644537222 ], [ -71.322943483811173, -29.42168596150433 ], [ -71.322964772682369, -29.42145301131286 ], [ -71.322933166361608, -29.421232622596431 ], [ -71.322878537255917, -29.421163839149472 ], [ -71.322824859062194, -29.421141496391254 ], [ -71.322784460509837, -29.42111893097676 ], [ -71.322649151866486, -29.42100509840656 ], [ -71.322621778115192, -29.420970657133054 ], [ -71.322595210052455, -29.420971120561305 ], [ -71.322567044298381, -29.420901875369079 ], [ -71.322511345442464, -29.420786561983991 ], [ -71.322484247895105, -29.420763755447673 ], [ -71.322482132283298, -29.420670785706175 ], [ -71.322454760797427, -29.420636437273654 ], [ -71.322440252620567, -29.420578501400588 ], [ -71.322397222595086, -29.420439779827564 ], [ -71.322338785347597, -29.420208219255091 ], [ -71.322253863199151, -29.41997712956179 ], [ -71.322224652534217, -29.419861437052727 ], [ -71.32213974231469, -29.419630347047828 ], [ -71.32211051868704, -29.419514571727923 ], [ -71.321903477676102, -29.419169408420508 ], [ -71.321847791762394, -29.419054085421251 ], [ -71.3218185686531, -29.418938309098927 ], [ -71.321815926376161, -29.418822153197301 ], [ -71.321826572666836, -29.41870568259208 ], [ -71.321796820608768, -29.41856664621351 ], [ -71.321794176283703, -29.418450397418564 ], [ -71.321751677538018, -29.418334945458788 ], [ -71.32173584902543, -29.418218927432967 ], [ -71.321680059014724, -29.418103614257404 ], [ -71.32159778425428, -29.41798876370164 ], [ -71.321380112972662, -29.417760070570967 ], [ -71.321257992621938, -29.417645913481088 ], [ -71.321066782863525, -29.417416666482072 ], [ -71.32102597557504, -29.417370921300243 ], [ -71.320958746199139, -29.417337183303509 ], [ -71.320931744709299, -29.417314374719052 ], [ -71.320781726588308, -29.417142606413993 ], [ -71.320712742648738, -29.417027514576283 ], [ -71.320656956623878, -29.416912293738523 ], [ -71.320614456558417, -29.41679673939985 ], [ -71.320449923162528, -29.416567035519197 ], [ -71.320179111416152, -29.416339266139087 ], [ -71.320096851174796, -29.416224414258775 ], [ -71.320001302015186, -29.416109792932673 ], [ -71.319961180621064, -29.416098852302898 ], [ -71.319947100347136, -29.416064270802412 ], [ -71.319906810550435, -29.41604170250465 ], [ -71.319853135697741, -29.416019358347828 ], [ -71.319719843004151, -29.415998410118288 ], [ -71.319586908264625, -29.415989086103799 ], [ -71.319534290806132, -29.41601327280522 ], [ -71.3194280945266, -29.416015121601347 ], [ -71.319322425935155, -29.416040241241426 ], [ -71.319216239932132, -29.416042090592644 ], [ -71.319004901428116, -29.416092236560626 ], [ -71.318899508061619, -29.416128981666933 ], [ -71.318793574899118, -29.416142465891994 ], [ -71.318582246029976, -29.416192602013552 ], [ -71.318476059792317, -29.416194449881765 ], [ -71.318370390729626, -29.416219568788332 ], [ -71.318158006867279, -29.416223266106428 ], [ -71.317972614235032, -29.416249771592273 ], [ -71.317866152392185, -29.416239985060852 ], [ -71.317679544065882, -29.416208323149327 ], [ -71.317493213198034, -29.416188378757219 ], [ -71.317306234604473, -29.41614507321647 ], [ -71.31713213681104, -29.416078366890051 ], [ -71.316984489700104, -29.416011199212541 ], [ -71.316836432260885, -29.415920768284955 ], [ -71.316715372972013, -29.415853045699322 ], [ -71.316527975591896, -29.415786569014038 ], [ -71.316341009614774, -29.41574327177446 ], [ -71.316154668400344, -29.415723325642883 ], [ -71.315967533454213, -29.415668391182709 ], [ -71.315806082001259, -29.41557818296614 ], [ -71.315672263622275, -29.415534052535246 ], [ -71.315671999689698, -29.415522417499886 ], [ -71.315486712504566, -29.415548918565484 ], [ -71.315065108410607, -29.415695720193241 ], [ -71.314786279698595, -29.415700566273632 ], [ -71.314732448472, -29.415666592110064 ], [ -71.314665487813826, -29.415644568759074 ], [ -71.314491117249005, -29.415566223983465 ], [ -71.314344800358867, -29.415557126365922 ], [ -71.314158721352413, -29.415548720462549 ], [ -71.313973433555645, -29.415575218543442 ], [ -71.31376105057582, -29.415578917797522 ], [ -71.313574613065015, -29.41555887767116 ], [ -71.313202455010227, -29.415542062540201 ], [ -71.313016544881222, -29.415545291735913 ], [ -71.31283125668017, -29.415571788242417 ], [ -71.312725322943137, -29.415585267650165 ], [ -71.312619925365127, -29.415621914995331 ], [ -71.312514255110614, -29.415647029300324 ], [ -71.31240884939092, -29.415683778568273 ], [ -71.312198571545139, -29.415780435910001 ], [ -71.312138983415238, -29.415801155601915 ] ] ] ] } },
{ "type": "Feature", "properties": { "fid": 74, "OBJECTID_1": 17, "OBJECTID": 17, "NOM_COM": "LA HIGUERA", "PROVINCIA": "ELQUI", "Z_COMUNAL": "ZONA FORESTAL", "USO": "PLANTACIONES FORESTALES", "REGIONAL": "AREAS PARA ACTIVIDADES INDUSTRIALES, ECONOMICAS Y DE DESARROLLO", "Shape_Leng": 15847.1257085, "LEYENDA": "PLANTACIONES FORESTALES", "Shape__Area": 10389332.817626953, "Shape__Length": 15846.660562964649, "Nota": "La Zonificación de Uso del Borde Costero de la Región de Coquimbo, constituye un instrumento aún vigente, y que declara áreas con orientaciones de usos específicos, en el borde costero regional. Por lo tanto, se sugiere su uso de acuerdo a la microzonificación según se señala en todas las publicaciones, y que fué aprobada mediante Decreto Supremo Nº 518 Zonificación de Coquimbo, 12 de diciembre de 2005.", "Origen Dato": "https://gorecoquimbo.maps.arcgis.com/apps/CompareAnalysis/index.html?appid=b4f178d41fb24ab8a871596de568a2f7", "Mapa Completo": "https://www.gorecoquimbo.cl/gorecoquimbo/site/artic/20150722/asocfile/20150722092144/comunal.jpg", "Link Memoria": "https://www.gorecoquimbo.cl/gorecoquimbo/site/artic/20150722/asocfile/20150722091730/memoria_explicativa_zonifi.pdf" }, "geometry": { "type": "MultiPolygon", "coordinates": [ [ [ [ -71.2348054783279, -29.330507685554682 ], [ -71.232268798930306, -29.333868533264567 ], [ -71.235473751733409, -29.341003461922753 ], [ -71.240906254213655, -29.337095369070656 ], [ -71.241330586717439, -29.336579320074126 ], [ -71.243442235948663, -29.336861905374143 ], [ -71.244687178883069, -29.337349893976974 ], [ -71.246239166431977, -29.338596084202639 ], [ -71.247701868834199, -29.339080367018877 ], [ -71.24864815687711, -29.339191647107324 ], [ -71.25041935488197, -29.340497713810105 ], [ -71.252635860661783, -29.342241530491986 ], [ -71.254976590576931, -29.343028985941757 ], [ -71.255449895370987, -29.344738595341646 ], [ -71.257291040102814, -29.345916143295582 ], [ -71.260022881693047, -29.347969181698236 ], [ -71.263790148476744, -29.347587218112988 ], [ -71.267540479343438, -29.34644205885137 ], [ -71.274319322811635, -29.344354582447806 ], [ -71.279946526481311, -29.342731758889059 ], [ -71.282390087725318, -29.34160852316688 ], [ -71.285263371940417, -29.340223413248221 ], [ -71.286124343261903, -29.339763361124408 ], [ -71.287612920244086, -29.338147475284543 ], [ -71.291345298042231, -29.334123510844165 ], [ -71.290248988151433, -29.330577642799827 ], [ -71.292102818151633, -29.329701539798705 ], [ -71.293526468331621, -29.328738994543226 ], [ -71.295347674695222, -29.326409387253481 ], [ -71.292717609392, -29.323687270205181 ], [ -71.288959869259259, -29.323188935383943 ], [ -71.284859383852165, -29.319319263105605 ], [ -71.284073820183409, -29.317691065963221 ], [ -71.279508294277193, -29.319363868313033 ], [ -71.27543808431885, -29.319245711244154 ], [ -71.272432202571366, -29.321266900053821 ], [ -71.269818914959146, -29.321686614403323 ], [ -71.265253341397099, -29.325797965028798 ], [ -71.261893947053906, -29.326370898947236 ], [ -71.258220697170458, -29.327277393458932 ], [ -71.254663679198927, -29.328603969601986 ], [ -71.251580918808912, -29.329594119614139 ], [ -71.24961247849069, -29.330143271524776 ], [ -71.244393407951335, -29.331356878431166 ], [ -71.240331902225975, -29.331659656095994 ], [ -71.23481847419005, -29.331658304832846 ], [ -71.2348054783279, -29.330507685554682 ] ] ] ] } },
{ "type": "Feature", "properties": { "fid": 75, "OBJECTID_1": 21, "OBJECTID": 21, "NOM_COM": "LA HIGUERA", "PROVINCIA": "ELQUI", "Z_COMUNAL": "ZONA DE ASENTAMIENTOS HUMANOS", "USO": "TURISMO INMOBILIARIO", "REGIONAL": "AREAS EN LAS CUALES EXISTEN ASENTAMIENTOS HUMANOS", "Shape_Leng": 16089.8789999, "LEYENDA": "TURISMO INMOBILIARIO", "Shape__Area": 4616242.9197998047, "Shape__Length": 16089.406405257903, "Nota": "La Zonificación de Uso del Borde Costero de la Región de Coquimbo, constituye un instrumento aún vigente, y que declara áreas con orientaciones de usos específicos, en el borde costero regional. Por lo tanto, se sugiere su uso de acuerdo a la microzonificación según se señala en todas las publicaciones, y que fué aprobada mediante Decreto Supremo Nº 518 Zonificación de Coquimbo, 12 de diciembre de 2005.", "Origen Dato": "https://gorecoquimbo.maps.arcgis.com/apps/CompareAnalysis/index.html?appid=b4f178d41fb24ab8a871596de568a2f7", "Mapa Completo": "https://www.gorecoquimbo.cl/gorecoquimbo/site/artic/20150722/asocfile/20150722092144/comunal.jpg", "Link Memoria": "https://www.gorecoquimbo.cl/gorecoquimbo/site/artic/20150722/asocfile/20150722091730/memoria_explicativa_zonifi.pdf" }, "geometry": { "type": "MultiPolygon", "coordinates": [ [ [ [ -71.320246373020964, -29.344101687298441 ], [ -71.321694204644643, -29.344770831850937 ], [ -71.32355251080682, -29.345399413730522 ], [ -71.326505093928873, -29.346229209547843 ], [ -71.327980889005971, -29.346514192841383 ], [ -71.32808999674431, -29.346207217280917 ], [ -71.328242780733078, -29.345925511898805 ], [ -71.328281289359595, -29.345866743199959 ], [ -71.328294040216662, -29.345843250271017 ], [ -71.328319965961569, -29.345819527330018 ], [ -71.328332451978056, -29.345784390327623 ], [ -71.328358474301524, -29.345760749594664 ], [ -71.328383975540476, -29.345713745687725 ], [ -71.328410006219912, -29.345690020898825 ], [ -71.328448674087895, -29.345642879124874 ], [ -71.328472854607384, -29.345537810867427 ], [ -71.328512419428876, -29.345525490336193 ], [ -71.328531946402762, -29.345478673711657 ], [ -71.329962946507393, -29.343372406249483 ], [ -71.330014224838408, -29.343290134683208 ], [ -71.330077860387433, -29.343172718283117 ], [ -71.330154779061942, -29.343055189773725 ], [ -71.330244974756496, -29.342937328211175 ], [ -71.330308716081817, -29.342819919789612 ], [ -71.330385631946697, -29.342702290168948 ], [ -71.330449268200113, -29.342584892545798 ], [ -71.330550088323534, -29.342350641542463 ], [ -71.330627097248879, -29.342233010173221 ], [ -71.330664195616322, -29.342116067168451 ], [ -71.330727936207822, -29.341998667606219 ], [ -71.330879121398397, -29.341647250541573 ], [ -71.330916302882727, -29.341530315046061 ], [ -71.330966753283121, -29.341413147647096 ], [ -71.331003852090802, -29.341296296574338 ], [ -71.331104678261312, -29.341061962105329 ], [ -71.331181591797161, -29.340944323102981 ], [ -71.331245333238584, -29.340827015331577 ], [ -71.331335514317999, -29.3407091443535 ], [ -71.331412427527738, -29.340591513357904 ], [ -71.331515898902964, -29.340473418981599 ], [ -71.331606185591426, -29.34035555501417 ], [ -71.331722831516771, -29.340237313185604 ], [ -71.331903319214746, -29.340001577418327 ], [ -71.33198023129556, -29.339883947051202 ], [ -71.332096970095193, -29.339765620302245 ], [ -71.332187162721297, -29.339647840622863 ], [ -71.332329663227895, -29.339494153267932 ], [ -71.332446676295248, -29.339387452085163 ], [ -71.332562886034083, -29.339245946907283 ], [ -71.332666884646429, -29.33915111280335 ], [ -71.332796264652401, -29.339009284188712 ], [ -71.332913541958277, -29.338914226691422 ], [ -71.33302974952332, -29.338772722082791 ], [ -71.333133747206858, -29.33867788675737 ], [ -71.333249688020345, -29.338524654056336 ], [ -71.333340141492585, -29.338418425769422 ], [ -71.333430424143017, -29.338300551732406 ], [ -71.333815075999851, -29.337712568961852 ], [ -71.333878715782703, -29.337595168929813 ], [ -71.333955718588228, -29.337477535953767 ], [ -71.334146722784084, -29.337125410799807 ], [ -71.334223629220205, -29.337007778471271 ], [ -71.334274085209216, -29.336890609883739 ], [ -71.334377548453404, -29.336772504617301 ], [ -71.334441176793675, -29.336655105451829 ], [ -71.334531364535678, -29.336537342474131 ], [ -71.334634022171869, -29.336384332151372 ], [ -71.334724471173388, -29.336278094078825 ], [ -71.334814763869758, -29.336160311048474 ], [ -71.334891669091306, -29.336042688321726 ], [ -71.334955296636494, -29.335925297975074 ], [ -71.335045480444791, -29.335807414767075 ], [ -71.335122490750237, -29.335689772039316 ], [ -71.335302849027229, -29.335454135439839 ], [ -71.335432061603569, -29.335300668691641 ], [ -71.335535788531274, -29.335194206675329 ], [ -71.335678450579735, -29.335052235904225 ], [ -71.335795710464581, -29.334957176400561 ], [ -71.335938465235188, -29.334815102707548 ], [ -71.336081486268284, -29.334684764907852 ], [ -71.33623794463692, -29.334565739264981 ], [ -71.336355477908555, -29.334482305148015 ], [ -71.336550952691937, -29.33432767684285 ], [ -71.336693983170605, -29.334197320224309 ], [ -71.336811241331276, -29.33410226894112 ], [ -71.337097180963326, -29.333841409216383 ], [ -71.337200630799856, -29.333723394207702 ], [ -71.337290809558439, -29.333605528652633 ], [ -71.337367816950561, -29.333487893827872 ], [ -71.3374712730689, -29.333369776575214 ], [ -71.337521617961926, -29.333252617881968 ], [ -71.337598625707287, -29.333135065931181 ], [ -71.337662248282328, -29.333017665500957 ], [ -71.337739159127565, -29.332900032177797 ], [ -71.337789597990579, -29.332782862728507 ], [ -71.337866498215192, -29.332665228624617 ], [ -71.337956678253235, -29.332547445643936 ], [ -71.338020405061798, -29.332430043236783 ], [ -71.338251102520132, -29.332077134193373 ], [ -71.338354549325601, -29.331959118433982 ], [ -71.338534210977585, -29.331688469202714 ], [ -71.338624655277556, -29.331582329854911 ], [ -71.338804996495867, -29.331346597252615 ], [ -71.338947478820884, -29.331192986791205 ], [ -71.339037918936029, -29.331086746220805 ], [ -71.339180398665476, -29.330933052579244 ], [ -71.33949048186588, -29.330567201987979 ], [ -71.3395939341694, -29.330449102261209 ], [ -71.339749586887649, -29.330295260044547 ], [ -71.339840120084588, -29.330189017346903 ], [ -71.340009047874034, -29.330034859021005 ], [ -71.340112766739054, -29.329928476894001 ], [ -71.340268519738345, -29.329774540341546 ], [ -71.34035894821497, -29.329668308180977 ], [ -71.340527875260037, -29.329514233163234 ], [ -71.340618313308909, -29.329407990750457 ], [ -71.340747786710338, -29.329266154389238 ], [ -71.340851757720984, -29.329171323955123 ], [ -71.340981221082629, -29.329029570561211 ], [ -71.341085201930554, -29.328934739786838 ], [ -71.34122767546053, -29.328781035232247 ], [ -71.341331389918423, -29.328674569315051 ], [ -71.34142155129706, -29.328556784542872 ], [ -71.341538276903634, -29.328438450488264 ], [ -71.341628447063499, -29.328320573415358 ], [ -71.341758438318408, -29.328202006348377 ], [ -71.341887634499159, -29.328048626222827 ], [ -71.34200452001285, -29.327941928626782 ], [ -71.342146989788674, -29.327788223240933 ], [ -71.342263971517781, -29.327681615766362 ], [ -71.342380162928791, -29.327540002117239 ], [ -71.342484129668819, -29.327445170587843 ], [ -71.34257429810755, -29.327327301986688 ], [ -71.342717035380801, -29.327185323004784 ], [ -71.342821012567143, -29.327090482028854 ], [ -71.342963479961696, -29.326936775887077 ], [ -71.343053913486514, -29.326830541070553 ], [ -71.343209554390228, -29.326676687236802 ], [ -71.343299987437462, -29.326570452276645 ], [ -71.343403421136742, -29.326452350180297 ], [ -71.343532623031109, -29.326298969405677 ], [ -71.343636321314875, -29.326192502132102 ], [ -71.343855943975072, -29.325932877044032 ], [ -71.343998409486332, -29.325779178948512 ], [ -71.344102116836012, -29.325672701260974 ], [ -71.344205292819595, -29.325542963493625 ], [ -71.344309522909839, -29.325459756641557 ], [ -71.344465265036959, -29.32530590780657 ], [ -71.344555695632565, -29.32519967301689 ], [ -71.34469804450633, -29.325046050264532 ], [ -71.345243908957102, -29.324548128712159 ], [ -71.345556897475788, -29.324310046232863 ], [ -71.345713146033077, -29.324179374388802 ], [ -71.345882856234667, -29.324060198241462 ], [ -71.346116808060742, -29.323846783398892 ], [ -71.346286886282741, -29.323739137982368 ], [ -71.346443315309998, -29.32362011171745 ], [ -71.346586582983363, -29.323501296904904 ], [ -71.346795833124062, -29.323369775620492 ], [ -71.347068707511966, -29.323120765673679 ], [ -71.347172399742092, -29.323014286051073 ], [ -71.347301591533792, -29.322860892190178 ], [ -71.347405282463257, -29.322754422348769 ], [ -71.347624888581365, -29.322494800894454 ], [ -71.347754332643689, -29.32235296874434 ], [ -71.347858300275931, -29.322258123410528 ], [ -71.348000756678218, -29.322104505449481 ], [ -71.348104457224537, -29.321998025017919 ], [ -71.348247071615319, -29.321855959756277 ], [ -71.348351038312757, -29.321761114987375 ], [ -71.348493492250668, -29.321607495685804 ], [ -71.348597181521399, -29.321501016003516 ], [ -71.348752910380796, -29.321347079790776 ], [ -71.348882353140183, -29.321205319737054 ], [ -71.349389157884346, -29.320742979022704 ], [ -71.349518598142154, -29.320601135448658 ], [ -71.349622551081126, -29.320506290008574 ], [ -71.349764907763628, -29.320352671175655 ], [ -71.349868604961699, -29.320246199468226 ], [ -71.349958852440579, -29.320128324937684 ], [ -71.350114472033951, -29.31997438016781 ], [ -71.350231446707213, -29.319867757352679 ], [ -71.350308322485745, -29.319750118125082 ], [ -71.350514371894974, -29.31947909150561 ], [ -71.350618067246145, -29.31937261027786 ], [ -71.350760387719546, -29.319230917613833 ], [ -71.350760779314754, -29.319230531809733 ], [ -71.350864730969789, -29.319135694525585 ], [ -71.351060177368751, -29.318981139104249 ], [ -71.351307106891355, -29.318755848503681 ], [ -71.351489275758198, -29.318601526458131 ], [ -71.351606245337706, -29.318494810602299 ], [ -71.351839628589602, -29.318258127226731 ], [ -71.351955531721401, -29.318104972486335 ], [ -71.352059224205306, -29.317998490279781 ], [ -71.352149362305596, -29.317880616332687 ], [ -71.352252787541062, -29.317762508112114 ], [ -71.352382222275082, -29.317620754116358 ], [ -71.35248618089409, -29.317525906523723 ], [ -71.352666466413424, -29.317290156986243 ], [ -71.352743443351926, -29.317172505691996 ], [ -71.352846867213202, -29.317054397077712 ], [ -71.352937016839945, -29.316936605445509 ], [ -71.353040428929901, -29.316818496902748 ], [ -71.353130576231891, -29.316700622195299 ], [ -71.3532339786085, -29.31658251368783 ], [ -71.353349888143171, -29.316429357742152 ], [ -71.353466853349275, -29.316322640470318 ], [ -71.353570264230029, -29.316204531575789 ], [ -71.353712971020045, -29.316062542328087 ], [ -71.353998797135688, -29.31580164228243 ], [ -71.354209216035642, -29.31562713256475 ], [ -71.353932795644184, -29.315507584396265 ], [ -71.3519738783001, -29.314037669907279 ], [ -71.351281485848546, -29.312779218103877 ], [ -71.349907027556725, -29.312703175486803 ], [ -71.346135853485421, -29.31286976667079 ], [ -71.341161724463475, -29.312957109197065 ], [ -71.33688736487106, -29.31363356590122 ], [ -71.333524174862163, -29.316650022762822 ], [ -71.33140503641178, -29.31904313092917 ], [ -71.329455055201919, -29.321332979134052 ], [ -71.327566727069808, -29.323822261467686 ], [ -71.324920951938424, -29.328229626568586 ], [ -71.323210760871177, -29.331016517288873 ], [ -71.322888112595862, -29.331924463605915 ], [ -71.321429282631556, -29.335709535535678 ], [ -71.321227797002607, -29.33691613762425 ], [ -71.320876298601618, -29.339077811595079 ], [ -71.320074084672825, -29.341548101381978 ], [ -71.319809692231061, -29.342505153074928 ], [ -71.320246373020964, -29.344101687298441 ] ], [ [ -71.323252617427983, -29.337013491114316 ], [ -71.326451431089794, -29.332370450681928 ], [ -71.333052575046437, -29.335827243305438 ], [ -71.329178733102808, -29.340971033126987 ], [ -71.323252617427983, -29.337013491114316 ] ], [ [ -71.336961590464952, -29.319034794338659 ], [ -71.339468151689545, -29.315766241511245 ], [ -71.346607514411801, -29.320574103752378 ], [ -71.343731037373985, -29.323271732686923 ], [ -71.336961590464952, -29.319034794338659 ] ] ] ] } },
{ "type": "Feature", "properties": { "fid": 76, "OBJECTID_1": 50, "OBJECTID": 50, "NOM_COM": "LA HIGUERA", "PROVINCIA": "ELQUI", "Z_COMUNAL": "ZONA DE CONSERVACION DE LA NATURALEZA", "USO": "QUEBRADAS", "REGIONAL": "AREAS PROTEGIDAS", "Shape_Leng": 16754.665602100002, "LEYENDA": "INTERES ECOLOGICO", "Shape__Area": 5944416.0438232422, "Shape__Length": 16754.167643549168, "Nota": "La Zonificación de Uso del Borde Costero de la Región de Coquimbo, constituye un instrumento aún vigente, y que declara áreas con orientaciones de usos específicos, en el borde costero regional. Por lo tanto, se sugiere su uso de acuerdo a la microzonificación según se señala en todas las publicaciones, y que fué aprobada mediante Decreto Supremo Nº 518 Zonificación de Coquimbo, 12 de diciembre de 2005.", "Origen Dato": "https://gorecoquimbo.maps.arcgis.com/apps/CompareAnalysis/index.html?appid=b4f178d41fb24ab8a871596de568a2f7", "Mapa Completo": "https://www.gorecoquimbo.cl/gorecoquimbo/site/artic/20150722/asocfile/20150722092144/comunal.jpg", "Link Memoria": "https://www.gorecoquimbo.cl/gorecoquimbo/site/artic/20150722/asocfile/20150722091730/memoria_explicativa_zonifi.pdf" }, "geometry": { "type": "MultiPolygon", "coordinates": [ [ [ [ -71.299565064192308, -29.654803851001123 ], [ -71.301898459041709, -29.654037156632093 ], [ -71.304351069514212, -29.652912222190732 ], [ -71.305338968485856, -29.652459083608299 ], [ -71.309673170892836, -29.65107718922145 ], [ -71.311445419713152, -29.650799132701504 ], [ -71.313151924040383, -29.65054761159729 ], [ -71.313225714425243, -29.650536735707743 ], [ -71.313224926642391, -29.650502302499447 ], [ -71.313236645568338, -29.650432096200888 ], [ -71.313276165738614, -29.650408044762948 ], [ -71.313382219852116, -29.650371182643852 ], [ -71.313395529341335, -29.650370950301483 ], [ -71.313448743925576, -29.6503583919602 ], [ -71.313487997800991, -29.650322705820649 ], [ -71.313514903400545, -29.650333865476242 ], [ -71.313485327639782, -29.650206007705389 ], [ -71.31345752655858, -29.650159861906413 ], [ -71.313377149587865, -29.65014953374218 ], [ -71.313349882651764, -29.65012673114953 ], [ -71.313309548863771, -29.650115712041696 ], [ -71.313162107655074, -29.6500950071406 ], [ -71.313013704395189, -29.650027594801465 ], [ -71.312973381847499, -29.650016567272829 ], [ -71.31298375602772, -29.649888021101876 ], [ -71.312994418681598, -29.649771183161477 ], [ -71.312978421454773, -29.649654820454735 ], [ -71.312950886476642, -29.649620290235958 ], [ -71.312922922870911, -29.649562415832296 ], [ -71.312882334571867, -29.649539761731965 ], [ -71.312746334904006, -29.649437122674147 ], [ -71.312462642019526, -29.649188936207359 ], [ -71.312445737303193, -29.649023601711448 ], [ -71.312482009786265, -29.648974970890158 ], [ -71.312481209643721, -29.648939983968067 ], [ -71.312507583031547, -29.648927893487713 ], [ -71.312582622113155, -29.648704827594127 ], [ -71.312673488909354, -29.648586599973505 ], [ -71.312686274394324, -29.648563015267769 ], [ -71.312739754030858, -29.648562081987187 ], [ -71.312778475296412, -29.648503126770322 ], [ -71.312831580549613, -29.648490477696072 ], [ -71.312963995561461, -29.648441516623471 ], [ -71.313056460423425, -29.648393179632958 ], [ -71.313201765842322, -29.648320632663257 ], [ -71.313280818061472, -29.648272621654069 ], [ -71.313320337205795, -29.648248561224261 ], [ -71.313332313639364, -29.6481900718018 ], [ -71.31338488732392, -29.648154153205542 ], [ -71.313516338359079, -29.648058486169212 ], [ -71.313622390192975, -29.648021633903337 ], [ -71.313728067271711, -29.647973055886066 ], [ -71.313834118928924, -29.647936203459214 ], [ -71.313940428337375, -29.647911069639214 ], [ -71.31404647984165, -29.647874217049708 ], [ -71.314152957454581, -29.64786063551848 ], [ -71.314365584245238, -29.647810282354001 ], [ -71.314472436260147, -29.647808416316579 ], [ -71.314686568492704, -29.647828038979331 ], [ -71.314793942643135, -29.6478494331168 ], [ -71.315008075195209, -29.647869064269212 ], [ -71.315115994615411, -29.647913819206416 ], [ -71.315436433119615, -29.647908221962322 ], [ -71.315650671953819, -29.647927840284797 ], [ -71.315758325258898, -29.647960960953188 ], [ -71.315866140863463, -29.648005809995524 ], [ -71.316081437480676, -29.648072050151793 ], [ -71.316188555108326, -29.648081817358872 ], [ -71.316295836893886, -29.648103303886447 ], [ -71.316403479414873, -29.648136433224188 ], [ -71.316619320029361, -29.648225941531624 ], [ -71.316726869694946, -29.648259155216099 ], [ -71.316941642348624, -29.648302031613497 ], [ -71.317048378031203, -29.648300165511767 ], [ -71.3171562989384, -29.648344928629289 ], [ -71.317370002425875, -29.648341182910162 ], [ -71.317795157833388, -29.648240468572521 ], [ -71.318007140430865, -29.648166666397337 ], [ -71.318086188808962, -29.648118643649191 ], [ -71.318217904890687, -29.648034698759091 ], [ -71.318323848385774, -29.647997844682411 ], [ -71.318430154355909, -29.647972614433456 ], [ -71.318522884586699, -29.647935991355805 ], [ -71.318667544235737, -29.647840087401804 ], [ -71.318879096163911, -29.647743022796348 ], [ -71.318971464007191, -29.647694757465889 ], [ -71.319010981666565, -29.647670704439317 ], [ -71.319023327897384, -29.647623848322212 ], [ -71.319062053446018, -29.647564807433479 ], [ -71.319114357793907, -29.64751725208653 ], [ -71.319247942900304, -29.647514915299752 ], [ -71.319355223517633, -29.647536399366103 ], [ -71.319462064541852, -29.647534529504188 ], [ -71.319501592337616, -29.647510476159738 ], [ -71.319568380214037, -29.647509307218762 ], [ -71.31967496359141, -29.647495802427727 ], [ -71.319767051667625, -29.647435819195888 ], [ -71.319780371033943, -29.647435586052783 ], [ -71.319806837834591, -29.647423483504717 ], [ -71.319846356208274, -29.647399430226432 ], [ -71.31988614255674, -29.647387103530342 ], [ -71.319912083706157, -29.64735163961236 ], [ -71.319990583308112, -29.647280170935403 ], [ -71.320122736408052, -29.647219578116044 ], [ -71.320135614928844, -29.647195991127482 ], [ -71.320202306559437, -29.647194823559211 ], [ -71.320215186090692, -29.64717123654594 ], [ -71.320305399949092, -29.647029644017593 ], [ -71.320289683433202, -29.646924906875576 ], [ -71.32022155824707, -29.646867728234035 ], [ -71.320086732698982, -29.646811817377699 ], [ -71.319979346210289, -29.646790326712178 ], [ -71.319925343387993, -29.646767909607988 ], [ -71.319921329950631, -29.646592965940524 ], [ -71.319892016633219, -29.646476836490432 ], [ -71.319863934324957, -29.646418956701627 ], [ -71.319810562422077, -29.646419890933156 ], [ -71.319769171461985, -29.646362252194123 ], [ -71.319727513684924, -29.646292979742931 ], [ -71.319620140223662, -29.646271579648349 ], [ -71.319406441241966, -29.646275319740099 ], [ -71.319327127054237, -29.646311708593213 ], [ -71.319220927298346, -29.646336845620134 ], [ -71.319114879548906, -29.646373702171481 ], [ -71.319007762596485, -29.64636393726429 ], [ -71.318940162814201, -29.646330118385148 ], [ -71.318939093728815, -29.646283497004688 ], [ -71.318910862062296, -29.64621398844972 ], [ -71.318909255175129, -29.646143912995164 ], [ -71.318935080977994, -29.646108460301875 ], [ -71.318998402272996, -29.645955709807346 ], [ -71.319035781030266, -29.645838413141956 ], [ -71.319034976593372, -29.645803333483713 ], [ -71.318980802489961, -29.645769271568639 ], [ -71.318952733554568, -29.645711492359343 ], [ -71.318925989962182, -29.645711960295838 ], [ -71.318884599598846, -29.645654312213971 ], [ -71.318884332816566, -29.645642677607896 ], [ -71.318816571245222, -29.645597140106045 ], [ -71.318696413062511, -29.645599241458104 ], [ -71.318509994312379, -29.645625864320024 ], [ -71.318455981079111, -29.645603447662111 ], [ -71.318415126606226, -29.645569161517852 ], [ -71.318400738647668, -29.645522772205169 ], [ -71.318386883964251, -29.645499643994942 ], [ -71.318359884226879, -29.645488486040716 ], [ -71.318331813390543, -29.645430604774326 ], [ -71.318317948413224, -29.64540747673562 ], [ -71.318290412144634, -29.645372957580285 ], [ -71.31823678559148, -29.645362265355811 ], [ -71.318169453223021, -29.645340071623014 ], [ -71.318048751828982, -29.645318913245145 ], [ -71.317926990923723, -29.645251031234874 ], [ -71.317913136593575, -29.645227911983987 ], [ -71.317924316419351, -29.645134343316808 ], [ -71.317936031692881, -29.645064136760652 ], [ -71.31796276480955, -29.645063669213606 ], [ -71.318001749430138, -29.645016347275032 ], [ -71.317988161564244, -29.645004852725581 ], [ -71.318012393686828, -29.644899416492084 ], [ -71.318011325297618, -29.644852804088575 ], [ -71.317984151763042, -29.644829908771154 ], [ -71.317914694272915, -29.644714480854745 ], [ -71.317980141997225, -29.644654964811608 ], [ -71.318137689897711, -29.64453556660531 ], [ -71.318163782298029, -29.644511748676219 ], [ -71.318534073923701, -29.644311136742857 ], [ -71.318546460579853, -29.644306680045801 ], [ -71.318510643375419, -29.64414058763154 ], [ -71.318502397896651, -29.644132426865987 ], [ -71.318461008703835, -29.644074788510409 ], [ -71.318420154863475, -29.64404050142528 ], [ -71.318379558324267, -29.644017933002072 ], [ -71.318338169250296, -29.643960294600859 ], [ -71.318283996579623, -29.643926240441711 ], [ -71.318269875474186, -29.643891477586617 ], [ -71.318267200721863, -29.643774789673014 ], [ -71.31830673056109, -29.643750828699247 ], [ -71.318306195062348, -29.643727467490503 ], [ -71.318384159828312, -29.643632730593115 ], [ -71.318383626629455, -29.643609470383264 ], [ -71.318394805944209, -29.643515901688708 ], [ -71.318365923622636, -29.643423043679963 ], [ -71.318350198571494, -29.643318306314747 ], [ -71.318389459410099, -29.643282618730776 ], [ -71.318493621938387, -29.64316414496475 ], [ -71.318492285616699, -29.643105805952761 ], [ -71.318451431169805, -29.643071519771858 ], [ -71.318289352865236, -29.642992620053281 ], [ -71.318153626179537, -29.642901713774155 ], [ -71.318017746550552, -29.642799076917338 ], [ -71.317977160064743, -29.642776425173729 ], [ -71.317968292085226, -29.642747989958121 ], [ -71.317962665410263, -29.642729946525915 ], [ -71.31793496971757, -29.642683789857454 ], [ -71.317933366071514, -29.64261381621694 ], [ -71.317959457852197, -29.642589989328343 ], [ -71.317970477406945, -29.642484793180227 ], [ -71.31792989316989, -29.64246223339412 ], [ -71.317929357786113, -29.642438872174584 ], [ -71.317901543646258, -29.642392634569418 ], [ -71.317859622081372, -29.642311716794818 ], [ -71.317856951134289, -29.642195121683592 ], [ -71.317894596581596, -29.642089450885646 ], [ -71.317957915269275, -29.64193660797261 ], [ -71.317956311655934, -29.641866634325346 ], [ -71.317915458714836, -29.641832337998729 ], [ -71.317901232989868, -29.64179758593059 ], [ -71.317700700736182, -29.641789462401647 ], [ -71.317512683153183, -29.641746016956855 ], [ -71.317471563001689, -29.641700094893114 ], [ -71.317469692068073, -29.641618393694152 ], [ -71.317427771431625, -29.641537485657523 ], [ -71.317386372413083, -29.641479837133705 ], [ -71.317213118273145, -29.64149459748058 ], [ -71.31710707463283, -29.641531452213364 ], [ -71.316894568834201, -29.641581807175207 ], [ -71.316720930189916, -29.641584842301231 ], [ -71.316680344452777, -29.64156218921249 ], [ -71.316573232728388, -29.641552422040789 ], [ -71.316492863555766, -29.641542187400436 ], [ -71.316304953163737, -29.641498738328412 ], [ -71.316117204309634, -29.641467027393073 ], [ -71.315929980731283, -29.641458658666426 ], [ -71.315863997745183, -29.641494812437102 ], [ -71.315744101288516, -29.641508546554217 ], [ -71.315691010412337, -29.641521196409954 ], [ -71.315678118198051, -29.641544700237407 ], [ -71.315638601966725, -29.64156875220317 ], [ -71.315532929234081, -29.641617238511603 ], [ -71.315427685911814, -29.641689088745764 ], [ -71.315401754555353, -29.641724542621674 ], [ -71.315323511539276, -29.641807642496577 ], [ -71.315218812730009, -29.641902844649593 ], [ -71.315113941292353, -29.641986317526438 ], [ -71.314902918195997, -29.642106645227095 ], [ -71.314811900754975, -29.642213339442712 ], [ -71.314806447682017, -29.642219957087168 ], [ -71.314824759622326, -29.642266970290898 ], [ -71.315022174715978, -29.642957585860337 ], [ -71.315101137663092, -29.643432124904304 ], [ -71.315051210622642, -29.644226215419415 ], [ -71.31474621038528, -29.645778304572403 ], [ -71.313339742127937, -29.645822691518138 ], [ -71.310710584848437, -29.646007365430989 ], [ -71.308360053425801, -29.64646475081754 ], [ -71.305422663978518, -29.64707112729835 ], [ -71.304866740112317, -29.646585033564989 ], [ -71.303315168815388, -29.645243715476635 ], [ -71.301046660769344, -29.643319906828257 ], [ -71.299324642888962, -29.641465899627757 ], [ -71.297600886969747, -29.639532575197812 ], [ -71.295810465476052, -29.637659869746773 ], [ -71.294270169760381, -29.635802641971029 ], [ -71.292941325925227, -29.63425903153416 ], [ -71.29121735955016, -29.632305783355861 ], [ -71.289171784013703, -29.630179591040946 ], [ -71.288146699852518, -29.629191628596654 ], [ -71.28488804951273, -29.62775927450717 ], [ -71.284134041228995, -29.626473744735957 ], [ -71.283644398370328, -29.625658722703008 ], [ -71.283598169811214, -29.62521612904958 ], [ -71.283914997253063, -29.62479894015695 ], [ -71.285447164944571, -29.622017149830043 ], [ -71.285582086063556, -29.621571425527829 ], [ -71.285856243432079, -29.620869939508363 ], [ -71.28703815134989, -29.620797148251636 ], [ -71.28658020526683, -29.620279514227278 ], [ -71.286148926600788, -29.620083508082097 ], [ -71.285562113692038, -29.619873239070326 ], [ -71.285490917958043, -29.619298072396276 ], [ -71.285291129055537, -29.61818263944566 ], [ -71.285113516128362, -29.618050071898953 ], [ -71.28463849337345, -29.617634431212675 ], [ -71.284360097271389, -29.61733408780303 ], [ -71.284253184676743, -29.616895152708338 ], [ -71.284162226024009, -29.616303373877699 ], [ -71.284033631076426, -29.61576310599882 ], [ -71.284304284588956, -29.614859942112069 ], [ -71.284443533201198, -29.614184883182748 ], [ -71.282265163624288, -29.613561963336611 ], [ -71.280704613606062, -29.612913373711653 ], [ -71.279768966324283, -29.612554223676408 ], [ -71.279477968158332, -29.614232329063945 ], [ -71.279193748528229, -29.616542194583587 ], [ -71.279006251544345, -29.617404134158875 ], [ -71.277298636668419, -29.620823157401517 ], [ -71.276083117194872, -29.623126410360218 ], [ -71.275660870737312, -29.623901983897785 ], [ -71.276756454248471, -29.625465032626245 ], [ -71.278893976704865, -29.628501628198535 ], [ -71.281183206392498, -29.631377378670123 ], [ -71.281953915867348, -29.632290626640707 ], [ -71.283422901618877, -29.634344336174742 ], [ -71.284731700506754, -29.636174806633779 ], [ -71.284848901109072, -29.636782924763384 ], [ -71.28507667521977, -29.637705507675605 ], [ -71.285361787155125, -29.638875677353372 ], [ -71.285316868874204, -29.640322707466414 ], [ -71.285283019071983, -29.641114217869642 ], [ -71.285121047640658, -29.643105607486174 ], [ -71.284991925322686, -29.644260321915702 ], [ -71.285081575161797, -29.647083490729454 ], [ -71.285132105197761, -29.649319800672217 ], [ -71.285263979565727, -29.652865369845312 ], [ -71.285319450763254, -29.654175085606266 ], [ -71.28579375395492, -29.655128006902878 ], [ -71.298608237805936, -29.655118214641409 ], [ -71.299565064192308, -29.654803851001123 ] ] ] ] } },
{ "type": "Feature", "properties": { "fid": 77, "OBJECTID_1": 221, "OBJECTID": 232, "NOM_COM": "LA HIGUERA", "PROVINCIA": "ELQUI", "Z_COMUNAL": "ZONA AAA", "USO": "AREAS APROPIADAS PARA LA ACUICULTURA (AAA)", "REGIONAL": "AREAS PARA ACTIVIDADES INDUSTRIALES, ECONOMICAS Y DE DESARROLLO", "Shape_Leng": 17817.4729219, "LEYENDA": "AREAS APROPIADAS PARA LA ACUICULTURA (AAA)", "Shape__Area": 4828810.6822509766, "Shape__Length": 17816.946470289015, "Nota": "La Zonificación de Uso del Borde Costero de la Región de Coquimbo, constituye un instrumento aún vigente, y que declara áreas con orientaciones de usos específicos, en el borde costero regional. Por lo tanto, se sugiere su uso de acuerdo a la microzonificación según se señala en todas las publicaciones, y que fué aprobada mediante Decreto Supremo Nº 518 Zonificación de Coquimbo, 12 de diciembre de 2005.", "Origen Dato": "https://gorecoquimbo.maps.arcgis.com/apps/CompareAnalysis/index.html?appid=b4f178d41fb24ab8a871596de568a2f7", "Mapa Completo": "https://www.gorecoquimbo.cl/gorecoquimbo/site/artic/20150722/asocfile/20150722092144/comunal.jpg", "Link Memoria": "https://www.gorecoquimbo.cl/gorecoquimbo/site/artic/20150722/asocfile/20150722091730/memoria_explicativa_zonifi.pdf" }, "geometry": { "type": "MultiPolygon", "coordinates": [ [ [ [ -71.310666393431305, -29.472629584309018 ], [ -71.310644650682207, -29.472639569038556 ], [ -71.310388729076621, -29.472814589910683 ], [ -71.310330637284338, -29.472854322923325 ], [ -71.310225446958597, -29.47290269923359 ], [ -71.310015566938546, -29.473022537108235 ], [ -71.309806227578463, -29.473165735527022 ], [ -71.309701034780957, -29.473214028486037 ], [ -71.309596360144667, -29.473285674498072 ], [ -71.309386491957255, -29.473405602341188 ], [ -71.30928128839119, -29.473453895169737 ], [ -71.30886259175206, -29.473740198701641 ], [ -71.308772265454834, -29.473858051361084 ], [ -71.308672340604431, -29.474138821554671 ], [ -71.308661678985501, -29.474255292240411 ], [ -71.308664839564557, -29.474394709219879 ], [ -71.308694489715833, -29.474533758414712 ], [ -71.308737004048552, -29.474649305162139 ], [ -71.308752936167991, -29.474765314221454 ], [ -71.308795460136878, -29.474880777775471 ], [ -71.308811286204715, -29.474996787759373 ], [ -71.308840505271576, -29.475112575170492 ], [ -71.308843140700489, -29.475228814123227 ], [ -71.308859069941221, -29.475344730281776 ], [ -71.308861705641107, -29.475460979148693 ], [ -71.308851044188799, -29.475577448922294 ], [ -71.308854206251965, -29.475716957856609 ], [ -71.308830783629915, -29.475856836266217 ], [ -71.308847243749966, -29.475996115250624 ], [ -71.308850404786412, -29.47613553127357 ], [ -71.3088663363569, -29.476251540293632 ], [ -71.308908852767999, -29.476367086891013 ], [ -71.308924785694785, -29.476483104894836 ], [ -71.308967204352925, -29.476598561141643 ], [ -71.30898312686962, -29.476714569388314 ], [ -71.309012356037371, -29.47683035653559 ], [ -71.30929134316338, -29.47742986596695 ], [ -71.309318239388929, -29.477429666891521 ], [ -71.309361292869156, -29.477568391066399 ], [ -71.309444123750168, -29.477706516522574 ], [ -71.309500463438951, -29.477845009924128 ], [ -71.30958962152333, -29.478262061768703 ], [ -71.309645869055387, -29.478400649602062 ], [ -71.309728805137425, -29.478538680980147 ], [ -71.309824934723011, -29.478676575171807 ], [ -71.309920534577529, -29.478791107349579 ], [ -71.31005601855064, -29.478905039598878 ], [ -71.310204479807894, -29.479018570350782 ], [ -71.310312803362208, -29.479098239486358 ], [ -71.310420743664366, -29.479166100613128 ], [ -71.310528326314156, -29.479222420325708 ], [ -71.310864402998433, -29.479362196384653 ], [ -71.311064896411054, -29.479445585079386 ], [ -71.311198536231302, -29.479478181330588 ], [ -71.311331816978594, -29.47949913511323 ], [ -71.311464664514929, -29.479496826212642 ], [ -71.311728788170669, -29.479422499982981 ], [ -71.311992277883078, -29.479324905167914 ], [ -71.312255333648707, -29.479204048223416 ], [ -71.312359485666519, -29.479109222025635 ], [ -71.312373036970826, -29.4791206259519 ], [ -71.312476130984564, -29.478979269805972 ], [ -71.312475339264893, -29.478944364935479 ], [ -71.312514863212783, -29.478932140085274 ], [ -71.312525521333598, -29.478815660343788 ], [ -71.312522353018181, -29.478676160872372 ], [ -71.312559067981269, -29.478536041871351 ], [ -71.312597102262529, -29.478454014651948 ], [ -71.31266216242733, -29.47839469461616 ], [ -71.312740511381307, -29.478335227362695 ], [ -71.312833465472792, -29.478333610880892 ], [ -71.312847289220215, -29.478356557549439 ], [ -71.312887709604979, -29.478379133699221 ], [ -71.312968687754235, -29.478435914093261 ], [ -71.313063499892394, -29.478515630975291 ], [ -71.313171346610218, -29.478583500474134 ], [ -71.313251383167582, -29.478593738888144 ], [ -71.313304721256316, -29.478604450673416 ], [ -71.313437577767388, -29.478602140589143 ], [ -71.31383680304252, -29.478630013004938 ], [ -71.313877223738331, -29.478652588835011 ], [ -71.313970981604001, -29.478685876181249 ], [ -71.314104357523803, -29.478706825543473 ], [ -71.314238798470925, -29.478774222371321 ], [ -71.314372595227255, -29.47881835119064 ], [ -71.314507292751202, -29.478897474824844 ], [ -71.314615404030292, -29.478976969006975 ], [ -71.314710482620626, -29.479068328560437 ], [ -71.314792624210398, -29.479171544630191 ], [ -71.314875471898503, -29.479309574034463 ], [ -71.314918525590173, -29.479448388078048 ], [ -71.314934991778529, -29.479587572885855 ], [ -71.314964653468778, -29.479726620915361 ], [ -71.31496650274876, -29.47980795449746 ], [ -71.315020210260158, -29.47983029866429 ], [ -71.315021001819574, -29.479865111466488 ], [ -71.315061053581047, -29.479876053793419 ], [ -71.315089751083363, -29.479968559530679 ], [ -71.31514345973622, -29.479990903623126 ], [ -71.315156503965724, -29.479979037009958 ], [ -71.315251584035451, -29.480070396987703 ], [ -71.315265400154331, -29.480093426500847 ], [ -71.315319002751394, -29.480115772364417 ], [ -71.315346126675607, -29.480138570181005 ], [ -71.31537298433642, -29.480149659119441 ], [ -71.315494659512566, -29.480240545953674 ], [ -71.315508370788947, -29.480263586285062 ], [ -71.315549056904544, -29.480297787451171 ], [ -71.315590258859501, -29.480355166663344 ], [ -71.315603556362476, -29.480354935127274 ], [ -71.315593696420521, -29.48050630973697 ], [ -71.315543158400743, -29.480623391036843 ], [ -71.315516827733688, -29.480635480004384 ], [ -71.315491925252033, -29.480705741751724 ], [ -71.3154528346234, -29.480741248035699 ], [ -71.315402298227099, -29.480858412258346 ], [ -71.315290779324613, -29.48120912476497 ], [ -71.315240232236704, -29.481326289120755 ], [ -71.315202993221703, -29.481443231698293 ], [ -71.315125966038622, -29.481560857017001 ], [ -71.31507553404542, -29.481678019314781 ], [ -71.314844344033347, -29.482030813845725 ], [ -71.314780498559344, -29.482148219456441 ], [ -71.314730065916066, -29.482265381651274 ], [ -71.31469282372079, -29.48238222221897 ], [ -71.31469546681295, -29.482498469581486 ], [ -71.314684811909103, -29.482614939385467 ], [ -71.314711925294816, -29.482637747412042 ], [ -71.314742494619793, -29.48281159536365 ], [ -71.314769079976116, -29.482811132604098 ], [ -71.314796879659539, -29.482868745311244 ], [ -71.314797673332023, -29.48290365008587 ], [ -71.314837831218227, -29.482914581563513 ], [ -71.314852714357286, -29.482984067647507 ], [ -71.314892872260103, -29.482994998204553 ], [ -71.314906319249076, -29.483006403652677 ], [ -71.314906847361186, -29.483029673518104 ], [ -71.314933970135968, -29.483052388407351 ], [ -71.314948061522088, -29.48308705266971 ], [ -71.315002563296801, -29.483144200489114 ], [ -71.315136897503066, -29.483211690006527 ], [ -71.31513715999057, -29.483223232043443 ], [ -71.315402875404047, -29.483218606686545 ], [ -71.315535210537561, -29.483193116325786 ], [ -71.315933662268236, -29.483186177662152 ], [ -71.31606705391944, -29.483207134455121 ], [ -71.316067316512289, -29.483218676484441 ], [ -71.316200963444359, -29.483251258293841 ], [ -71.316240740623101, -29.483250566367147 ], [ -71.316282220316381, -29.483319579067381 ], [ -71.316335824857944, -29.483341924405689 ], [ -71.316349387483541, -29.483353327685126 ], [ -71.316443678709973, -29.483409781786822 ], [ -71.31654019181245, -29.483559294339784 ], [ -71.316609737781249, -29.48369756400696 ], [ -71.316596969169453, -29.483721055564867 ], [ -71.316626210290096, -29.483836831306274 ], [ -71.31664266983708, -29.483976024849053 ], [ -71.316632557007154, -29.484115764307663 ], [ -71.316635202294435, -29.484232002462196 ], [ -71.316664433339454, -29.484347778356167 ], [ -71.316707394105862, -29.484486501160848 ], [ -71.316820010110476, -29.484763573637256 ], [ -71.316836482377269, -29.484902850802484 ], [ -71.316879539518027, -29.485041571845127 ], [ -71.31691248331262, -29.48532003232491 ], [ -71.316915658703067, -29.485459540241227 ], [ -71.316878409961575, -29.485576474360638 ], [ -71.316726902721257, -29.485927883704388 ], [ -71.316689758963733, -29.486044824970822 ], [ -71.316612625324282, -29.48616245300471 ], [ -71.316562191066851, -29.486279522938922 ], [ -71.316485162474663, -29.486397159000916 ], [ -71.316437270270299, -29.486630561742231 ], [ -71.316415961367952, -29.486863419279508 ], [ -71.316392125423903, -29.486980118720872 ], [ -71.316394770745049, -29.487096356845193 ], [ -71.316423896616939, -29.48721214358358 ], [ -71.316466964509047, -29.487350855495546 ], [ -71.316467494101985, -29.487374125302114 ], [ -71.316534928902058, -29.487419508560226 ], [ -71.316576135573001, -29.487476886302431 ], [ -71.316724947522658, -29.487590578710961 ], [ -71.316873379719425, -29.487692647062897 ], [ -71.316967409290427, -29.487737455722865 ], [ -71.317088820393337, -29.487816715629741 ], [ -71.317209980432409, -29.487884441321143 ], [ -71.317317828306642, -29.487952288834595 ], [ -71.317425422126746, -29.488008519213945 ], [ -71.31766825905639, -29.488167119853429 ], [ -71.317802704750534, -29.488234512354492 ], [ -71.317910828857976, -29.488314003069597 ], [ -71.318018412855821, -29.488370224088882 ], [ -71.318139838706898, -29.48844956480756 ], [ -71.31826098672812, -29.488517197670316 ], [ -71.318395708383463, -29.488596215209178 ], [ -71.318517121579106, -29.488675473684609 ], [ -71.318638175052669, -29.488743097906738 ], [ -71.31877315437545, -29.488833851991906 ], [ -71.31890761295233, -29.488901242180994 ], [ -71.319042590394034, -29.488991894063702 ], [ -71.319311390986513, -29.489126676656198 ], [ -71.319445310974089, -29.489170899507812 ], [ -71.319580289210521, -29.489261549893314 ], [ -71.31971420839109, -29.489305679554779 ], [ -71.319848669050472, -29.489373152603193 ], [ -71.319982482312071, -29.489417283831486 ], [ -71.320116943488429, -29.489484765607422 ], [ -71.320250861927704, -29.489528885697901 ], [ -71.320385576279264, -29.489607910247926 ], [ -71.320519763393932, -29.489663756881832 ], [ -71.320654117992021, -29.489731147927042 ], [ -71.320788036937103, -29.489775266542292 ], [ -71.320922488772496, -29.489842747624422 ], [ -71.32105641849877, -29.489886875693799 ], [ -71.321324696308238, -29.489998477068891 ], [ -71.321592537857171, -29.490086815536053 ], [ -71.32186081568986, -29.49019841578243 ], [ -71.322128658991105, -29.490286744076172 ], [ -71.322662139776057, -29.490370441621973 ], [ -71.323063809216237, -29.490502895138309 ], [ -71.323198263413929, -29.490570374677084 ], [ -71.323332451057041, -29.490626125424754 ], [ -71.323466913769209, -29.490693511607756 ], [ -71.323601102797454, -29.490749354968127 ], [ -71.324136699668841, -29.490926014327865 ], [ -71.324403919440186, -29.490991078842349 ], [ -71.324670716260485, -29.491032964169491 ], [ -71.324804638639421, -29.491077088458518 ], [ -71.32493803141206, -29.491098025916617 ], [ -71.325071064817507, -29.491107339070204 ], [ -71.325204457665947, -29.491128276255548 ], [ -71.32605471580483, -29.491189552226604 ], [ -71.326215675508536, -29.491180325551273 ], [ -71.326348271119102, -29.491166375159906 ], [ -71.32679995654739, -29.491158472207669 ], [ -71.32687910086203, -29.491133808203738 ], [ -71.327011433180601, -29.491108306196754 ], [ -71.327143125225604, -29.491059452436804 ], [ -71.327275188364709, -29.49102223242198 ], [ -71.327406988220716, -29.490973459518706 ], [ -71.327670062928448, -29.490852571425616 ], [ -71.32780123444229, -29.490780539240895 ], [ -71.327919202700414, -29.490708729983957 ], [ -71.328063499364617, -29.490624746192566 ], [ -71.328194233807835, -29.490529442368508 ], [ -71.328338437049041, -29.490445542927397 ], [ -71.328348575450846, -29.490438242960973 ], [ -71.32887984701334, -29.490208270467448 ], [ -71.329357876846842, -29.490001333012316 ], [ -71.330010499625956, -29.489762828529461 ], [ -71.330300881360088, -29.489587415812188 ], [ -71.331385327164213, -29.489298667257078 ], [ -71.331987941792917, -29.489146191595868 ], [ -71.333353959011731, -29.488299024242597 ], [ -71.333750177918972, -29.488206909233057 ], [ -71.333853653000759, -29.488190839197408 ], [ -71.334215675848966, -29.48821307596333 ], [ -71.334565638759003, -29.488370133909346 ], [ -71.334954301206722, -29.488703958112936 ], [ -71.334994788543071, -29.48895873370595 ], [ -71.335296226585058, -29.489265755827237 ], [ -71.33543404701723, -29.489987217224478 ], [ -71.335821740615813, -29.490278469008462 ], [ -71.335900020924953, -29.490674488865672 ], [ -71.33571582485942, -29.490947381201796 ], [ -71.335652753138291, -29.491218228575597 ], [ -71.335537824936566, -29.491489893933444 ], [ -71.335864346086439, -29.492889334795901 ], [ -71.335732816628365, -29.493196839054761 ], [ -71.335392763183549, -29.49347246821425 ], [ -71.335198414596292, -29.494057844285795 ], [ -71.33501833676695, -29.494515148685711 ], [ -71.335062420191719, -29.49492602236424 ], [ -71.335100957765988, -29.495095669743009 ], [ -71.335330537562598, -29.495290376125531 ], [ -71.335712392005476, -29.495326254376039 ], [ -71.335836220539008, -29.49543757261937 ], [ -71.336072642030999, -29.495930219314282 ], [ -71.335837137695151, -29.496232428283967 ], [ -71.335811300222062, -29.49661610623987 ], [ -71.335165814761183, -29.497166840516758 ], [ -71.335121523872161, -29.497501134579085 ], [ -71.335118530079313, -29.498125743787121 ], [ -71.335331091890225, -29.498390687224937 ], [ -71.335310811556411, -29.498703276193087 ], [ -71.33715069715069, -29.49871899082757 ], [ -71.34430140906197, -29.49876104454005 ], [ -71.344317014519774, -29.496969429538758 ], [ -71.344329327021185, -29.482688248839533 ], [ -71.34079411500673, -29.479814710277235 ], [ -71.335925419443072, -29.475820011014005 ], [ -71.329201745577507, -29.470265297425097 ], [ -71.325578555830319, -29.473463558658167 ], [ -71.325504572526384, -29.477694447286929 ], [ -71.327316823096226, -29.479852176427784 ], [ -71.327721586618026, -29.480439797449353 ], [ -71.328263583475433, -29.480651488521975 ], [ -71.32894267519319, -29.481150766405651 ], [ -71.329671008187177, -29.481977790353067 ], [ -71.329983887786312, -29.48288512185027 ], [ -71.329922176634923, -29.483835514111725 ], [ -71.329566787886137, -29.484718025608256 ], [ -71.328958600188074, -29.485495442955873 ], [ -71.328043412806764, -29.485991854487818 ], [ -71.327845648116664, -29.48609912022031 ], [ -71.326846978658921, -29.486226128894533 ], [ -71.325845814690595, -29.486243642519909 ], [ -71.324920568588624, -29.485931217437489 ], [ -71.32415886376414, -29.485469870829284 ], [ -71.323518141057832, -29.484823841948927 ], [ -71.323381667332669, -29.484461678245268 ], [ -71.323025675811252, -29.48420157414844 ], [ -71.321654131395746, -29.481916660427807 ], [ -71.317344389246912, -29.474468105949956 ], [ -71.320796441299478, -29.468237683248539 ], [ -71.320167778766759, -29.468193065741751 ], [ -71.318618314948566, -29.470064402723239 ], [ -71.317644562129473, -29.471174103296594 ], [ -71.316745630520757, -29.472828850530803 ], [ -71.315725554094314, -29.474649625959067 ], [ -71.311567695230579, -29.473028201660252 ], [ -71.310666393431305, -29.472629584309018 ] ], [ [ -71.333537167425661, -29.483050273882458 ], [ -71.333760812657005, -29.48361478040573 ], [ -71.333986925375129, -29.484286787548982 ], [ -71.334468230975659, -29.484600955874171 ], [ -71.334457722156515, -29.484908403799459 ], [ -71.334455655616082, -29.485584415449075 ], [ -71.334232065966575, -29.48578805868905 ], [ -71.333707607342745, -29.485889445984387 ], [ -71.333269858359074, -29.485943212979489 ], [ -71.332800514546435, -29.486151165977692 ], [ -71.332658695375855, -29.486092195433347 ], [ -71.332125085126691, -29.485794299704299 ], [ -71.331883540701625, -29.48521474170736 ], [ -71.331839291670747, -29.484816072030451 ], [ -71.331865248297035, -29.484416179320789 ], [ -71.332423005865806, -29.483469255374107 ], [ -71.332767007805614, -29.483155958421051 ], [ -71.33329355646886, -29.483146721418116 ], [ -71.333537167425661, -29.483050273882458 ] ], [ [ -71.334079770932149, -29.486804694190287 ], [ -71.334144000900338, -29.486542391066202 ], [ -71.334262293787489, -29.486340596420003 ], [ -71.334363729511594, -29.486169821880484 ], [ -71.33450274221029, -29.486105932857981 ], [ -71.334643867985719, -29.486134179380198 ], [ -71.334734795042863, -29.48627085244221 ], [ -71.334740429916351, -29.486516558403299 ], [ -71.334641098597785, -29.486779469943414 ], [ -71.33432868249858, -29.48693858612323 ], [ -71.334083292339102, -29.486958255505566 ], [ -71.334079770932149, -29.486804694190287 ] ] ] ] } },
{ "type": "Feature", "properties": { "fid": 78, "OBJECTID_1": 215, "OBJECTID": 226, "NOM_COM": "LA HIGUERA", "PROVINCIA": "ELQUI", "Z_COMUNAL": "ZONA DE PESCA ARTESANAL Y CALETAS", "USO": "AREAS APROPIADAS PARA LA ACUICULTURA (AAA)", "REGIONAL": "AREAS PARA ACTIVIDADES INDUSTRIALES, ECONOMICAS Y DE DESARROLLO", "Shape_Leng": 18369.703103799999, "LEYENDA": "AREAS DE MANEJO Y EXPLOTACION (AMERB)", "Shape__Area": 3496513.3122558594, "Shape__Length": 18369.1572773265, "Nota": "La Zonificación de Uso del Borde Costero de la Región de Coquimbo, constituye un instrumento aún vigente, y que declara áreas con orientaciones de usos específicos, en el borde costero regional. Por lo tanto, se sugiere su uso de acuerdo a la microzonificación según se señala en todas las publicaciones, y que fué aprobada mediante Decreto Supremo Nº 518 Zonificación de Coquimbo, 12 de diciembre de 2005.", "Origen Dato": "https://gorecoquimbo.maps.arcgis.com/apps/CompareAnalysis/index.html?appid=b4f178d41fb24ab8a871596de568a2f7", "Mapa Completo": "https://www.gorecoquimbo.cl/gorecoquimbo/site/artic/20150722/asocfile/20150722092144/comunal.jpg", "Link Memoria": "https://www.gorecoquimbo.cl/gorecoquimbo/site/artic/20150722/asocfile/20150722091730/memoria_explicativa_zonifi.pdf" }, "geometry": { "type": "MultiPolygon", "coordinates": [ [ [ [ -71.295308774059023, -29.599087661265276 ], [ -71.295307161856215, -29.599086987292729 ], [ -71.29521114143904, -29.599068261081278 ], [ -71.29498248443862, -29.599058867926811 ], [ -71.294747065161943, -29.599120037860683 ], [ -71.294535689106354, -29.599216975572944 ], [ -71.294430471671177, -29.599288807979416 ], [ -71.294324990396788, -29.599348995501085 ], [ -71.294205940896404, -29.599397704167629 ], [ -71.294048168948009, -29.599505529473369 ], [ -71.293759772268459, -29.599743803219912 ], [ -71.293655716495962, -29.599862347765946 ], [ -71.293524841584528, -29.599981254871437 ], [ -71.293434088166251, -29.60009956025392 ], [ -71.293329924303194, -29.600218013513782 ], [ -71.293212458994759, -29.600336780535493 ], [ -71.293057584690175, -29.600572745561649 ], [ -71.293018605642686, -29.600620153042794 ], [ -71.292878111712596, -29.600902611146783 ], [ -71.292880223878583, -29.600995940126086 ], [ -71.292856129549506, -29.601113009983809 ], [ -71.292862249483804, -29.601260133941405 ], [ -71.292626048104097, -29.601638332312991 ], [ -71.292263264820321, -29.602056795364806 ], [ -71.292108386925477, -29.602292851486446 ], [ -71.292057685545259, -29.602410371942682 ], [ -71.291929529287842, -29.60264597518508 ], [ -71.291851988496376, -29.602763959294077 ], [ -71.291670492624036, -29.603000483861781 ], [ -71.291542239668601, -29.603236080322983 ], [ -71.291451479290913, -29.603354300709427 ], [ -71.29124315231681, -29.603591279215212 ], [ -71.290981473858182, -29.603829179768415 ], [ -71.290863991416643, -29.603947944299101 ], [ -71.29075993635783, -29.604066394756288 ], [ -71.290629032097698, -29.60418529886271 ], [ -71.290447424666894, -29.604421824736654 ], [ -71.290343370525363, -29.604540357876168 ], [ -71.290265921441801, -29.60465833866251 ], [ -71.28990270325184, -29.605131379417987 ], [ -71.289670375635211, -29.605485423466511 ], [ -71.289579518106024, -29.605603728265368 ], [ -71.28951548782949, -29.605721477034702 ], [ -71.289440684725662, -29.605956149094052 ], [ -71.289416595917132, -29.606073218344822 ], [ -71.28931505861101, -29.606308350870272 ], [ -71.289290971679293, -29.606425512087554 ], [ -71.289189539058526, -29.606660643625055 ], [ -71.288997139456399, -29.607013997533393 ], [ -71.288906383022379, -29.607132207260488 ], [ -71.288714099301004, -29.607485651726005 ], [ -71.28867669579131, -29.607602940687428 ], [ -71.288625966436953, -29.607720460474933 ], [ -71.288601878477564, -29.607837621604819 ], [ -71.288564474754551, -29.607954911444608 ], [ -71.288553690645486, -29.608071833996355 ], [ -71.28852970653702, -29.608188891379889 ], [ -71.288534977776621, -29.608422181364933 ], [ -71.288550926096136, -29.608538559665298 ], [ -71.288580286868893, -29.608654789531922 ], [ -71.288582921529397, -29.608771387620081 ], [ -71.288612187706818, -29.608887629028189 ], [ -71.288615087234675, -29.609015945894857 ], [ -71.288657497054373, -29.609120228115167 ], [ -71.288646289510993, -29.609213703137076 ], [ -71.288662241052947, -29.609330164344762 ], [ -71.288704914828315, -29.609446072417114 ], [ -71.288733230738202, -29.609515586517254 ], [ -71.288738502933967, -29.609748885440329 ], [ -71.288714404264709, -29.609866037736769 ], [ -71.28867699905777, -29.60998332762631 ], [ -71.288653016894742, -29.610100477902289 ], [ -71.288615339519822, -29.610206141139102 ], [ -71.288615602443343, -29.610217776055549 ], [ -71.288589404676699, -29.610241590912942 ], [ -71.288581475904479, -29.610351969641364 ], [ -71.288069851525691, -29.611495690577069 ], [ -71.288019007743344, -29.612137994337427 ], [ -71.287936561669468, -29.612820805471372 ], [ -71.287871456151095, -29.613334434381507 ], [ -71.287847367256859, -29.613451586365741 ], [ -71.287836685567541, -29.613568424065026 ], [ -71.287841956362186, -29.613801713974116 ], [ -71.287820500898121, -29.614035473948597 ], [ -71.28782577070298, -29.614268762959931 ], [ -71.287801679734272, -29.614385831970601 ], [ -71.287791000671803, -29.614502743588265 ], [ -71.287766898273304, -29.61461981278979 ], [ -71.287745548670173, -29.614853560990724 ], [ -71.287708035615054, -29.614970852500544 ], [ -71.28768404039252, -29.615088011857338 ], [ -71.287646633497531, -29.615205301520731 ], [ -71.287622543014706, -29.615322453489298 ], [ -71.287585135959247, -29.615439742238198 ], [ -71.287561035250917, -29.615556903394516 ], [ -71.287510312584558, -29.615674422712594 ], [ -71.287472915615808, -29.615791711260002 ], [ -71.287398090741348, -29.616026391705258 ], [ -71.287374000870841, -29.616143543623387 ], [ -71.287323276703901, -29.61626106290549 ], [ -71.287285860802669, -29.616378444654362 ], [ -71.287261767818947, -29.61649551270898 ], [ -71.287251086203739, -29.616612341329439 ], [ -71.287226995037187, -29.6167294932457 ], [ -71.287229629023798, -29.616846092204216 ], [ -71.28719591159512, -29.617126796360804 ], [ -71.287203287095295, -29.617453331519666 ], [ -71.287192342550156, -29.617558525213749 ], [ -71.287166934246912, -29.617617335694373 ], [ -71.287120953776267, -29.617944883993708 ], [ -71.287123587750358, -29.618061482037724 ], [ -71.287102120084867, -29.618295242073007 ], [ -71.287064720867534, -29.618412531459381 ], [ -71.287067357128848, -29.61852923140221 ], [ -71.287019162350873, -29.618763443351451 ], [ -71.286987022521359, -29.619114021859332 ], [ -71.286989656690309, -29.61923062981343 ], [ -71.286965659758835, -29.61934778005164 ], [ -71.286954882757485, -29.619464609372191 ], [ -71.286930885952501, -29.619581768623345 ], [ -71.286936153869178, -29.61981496648616 ], [ -71.286965422040694, -29.619931198090356 ], [ -71.2869718379022, -29.620064516156177 ], [ -71.287204497806229, -29.62046385766428 ], [ -71.287273913065718, -29.620579303769667 ], [ -71.287439369244552, -29.620809830372806 ], [ -71.287464536943787, -29.620851704897845 ], [ -71.287508774727911, -29.620925277402396 ], [ -71.287538043959145, -29.621041508809768 ], [ -71.287607449932764, -29.621156964787314 ], [ -71.287650130541223, -29.621272964789267 ], [ -71.287795291636172, -29.621783862346994 ], [ -71.287822177057876, -29.621795046941109 ], [ -71.287825290206655, -29.621832239975795 ], [ -71.287932646020266, -29.622018041357016 ], [ -71.28822172273, -29.622336556814997 ], [ -71.288248978506218, -29.622359457357451 ], [ -71.288276497125779, -29.62239398467532 ], [ -71.288528164119768, -29.622514405792952 ], [ -71.288974290303372, -29.622545318751364 ], [ -71.289054747929271, -29.622555570159154 ], [ -71.289134847253607, -29.622554177444457 ], [ -71.289214399098697, -29.622529535115127 ], [ -71.289294498617807, -29.62252815222482 ], [ -71.289374058413742, -29.622503407722295 ], [ -71.289507255182301, -29.62248946850902 ], [ -71.289627388388894, -29.622487394169006 ], [ -71.289681117263683, -29.622498105828061 ], [ -71.289748322527359, -29.622520317101245 ], [ -71.290016381732272, -29.622562329498951 ], [ -71.290176569169475, -29.622559553877053 ], [ -71.290255866729353, -29.622523182973847 ], [ -71.290334899945677, -29.622475177162968 ], [ -71.290413784576685, -29.622415451449104 ], [ -71.290447654423943, -29.622404916681663 ], [ -71.290493345180693, -29.622390714391862 ], [ -71.290519449247455, -29.622366892595572 ], [ -71.290626531267975, -29.622376775149565 ], [ -71.290760781654697, -29.622409457188127 ], [ -71.290921064977638, -29.622406688941634 ], [ -71.291000108084418, -29.622358682576696 ], [ -71.291079403058902, -29.622322218319749 ], [ -71.29123746929568, -29.622226205710408 ], [ -71.291317039859464, -29.622201468900172 ], [ -71.291396864276948, -29.622188450077669 ], [ -71.291476434561844, -29.622163704157391 ], [ -71.291529794744093, -29.622162782013504 ], [ -71.291663877878932, -29.622183836527636 ], [ -71.29177070455566, -29.622181990229144 ], [ -71.291864635254143, -29.622203636564983 ], [ -71.291892154988531, -29.622238162167033 ], [ -71.291932728882998, -29.622260832626758 ], [ -71.291987146818954, -29.622306624714678 ], [ -71.292040770299337, -29.622317328210787 ], [ -71.292121227901802, -29.622327576848246 ], [ -71.292254412535158, -29.622313636003931 ], [ -71.292388400996629, -29.622334690505376 ], [ -71.292468489882751, -29.622333306787198 ], [ -71.292477691234225, -29.622339077476919 ], [ -71.292522747777284, -29.622367369973791 ], [ -71.292617207883964, -29.622412377465334 ], [ -71.292725883192546, -29.622492141247367 ], [ -71.292834824090079, -29.622583622754991 ], [ -71.292903615042619, -29.622675807475272 ], [ -71.293162321452115, -29.62289299131216 ], [ -71.293229370323203, -29.622903563166524 ], [ -71.293256518726139, -29.62292636344657 ], [ -71.29339008515403, -29.622924053346768 ], [ -71.293548677154035, -29.622851307764432 ], [ -71.293601773989849, -29.62283874991406 ], [ -71.293614655971581, -29.622815156240385 ], [ -71.293627708710716, -29.622803291043969 ], [ -71.293707279033114, -29.622778552807382 ], [ -71.293840201503997, -29.622752984497808 ], [ -71.293903041894708, -29.622751897384799 ], [ -71.293973756295259, -29.622750674019013 ], [ -71.294107742256472, -29.622771625748083 ], [ -71.294241297047236, -29.622769314998646 ], [ -71.294375275886097, -29.622790359497564 ], [ -71.294455627697062, -29.622800608523491 ], [ -71.294564306872957, -29.622880462675408 ], [ -71.294659827282231, -29.622972183861428 ], [ -71.294770884271642, -29.623156908328937 ], [ -71.294825831492901, -29.623225969738495 ], [ -71.294879826830936, -29.623248397044776 ], [ -71.294920664302495, -29.623282692370886 ], [ -71.295001017572147, -29.62329294102355 ], [ -71.295080576524086, -29.623268202157821 ], [ -71.295240238097279, -29.623242159682409 ], [ -71.295372734285053, -29.623193142477056 ], [ -71.295452832950929, -29.623191755858347 ], [ -71.295656241251848, -29.623328333026894 ], [ -71.295683391319685, -29.623351132755005 ], [ -71.295697596417469, -29.623385897045555 ], [ -71.295724505357967, -29.623397153553075 ], [ -71.295751761972824, -29.623419960442387 ], [ -71.29576596692084, -29.623454716607412 ], [ -71.295793921974536, -29.623512595598783 ], [ -71.295862812194528, -29.623604776930133 ], [ -71.295904983942322, -29.623697420860502 ], [ -71.295933826864839, -29.623790202649534 ], [ -71.295975988239533, -29.623882837708134 ], [ -71.296003944802976, -29.623940726540706 ], [ -71.296018150105581, -29.623975490783671 ], [ -71.296033317853457, -29.624056870843642 ], [ -71.296060321966067, -29.624068125626039 ], [ -71.296224743881822, -29.624251924598394 ], [ -71.296266112201579, -29.624309581099659 ], [ -71.296293633997493, -29.624344105666012 ], [ -71.296362429286049, -29.624436288334429 ], [ -71.296390745165638, -29.624505810244294 ], [ -71.296393390534163, -29.624622408316934 ], [ -71.296368778975221, -29.624716207777674 ], [ -71.296370366577491, -29.624786183573946 ], [ -71.296397624575135, -29.624809073280147 ], [ -71.296452307748723, -29.62486640618074 ], [ -71.296466524523794, -29.624901162043209 ], [ -71.29653532037824, -29.624993344585913 ], [ -71.296661806400138, -29.62527117406708 ], [ -71.296745177575346, -29.625409744596574 ], [ -71.296761670282351, -29.625549473575976 ], [ -71.296735471841828, -29.625573289183695 ], [ -71.296723742004801, -29.625643495645701 ], [ -71.2966991316069, -29.625737295133533 ], [ -71.296648150688412, -29.625843191699794 ], [ -71.296624070110056, -29.625960344690316 ], [ -71.296632194222454, -29.625995473089652 ], [ -71.296628743024755, -29.626211961409343 ], [ -71.29687679266236, -29.626504378004054 ], [ -71.296972158850267, -29.626584367635189 ], [ -71.296999046264418, -29.626595541218997 ], [ -71.297121047201045, -29.62667515319497 ], [ -71.297269237841931, -29.62673095851197 ], [ -71.29739017995503, -29.626763864106501 ], [ -71.297471065267302, -29.62679746460849 ], [ -71.297511386282963, -29.626808405302764 ], [ -71.297538645304272, -29.626831303742467 ], [ -71.29757974907838, -29.626877223902067 ], [ -71.297606741910968, -29.626888395529907 ], [ -71.297595978146333, -29.627005317878513 ], [ -71.297572001872311, -29.627122385287969 ], [ -71.297574120817586, -29.627215722608693 ], [ -71.297627737047677, -29.627226423843705 ], [ -71.297642114525146, -29.627272908166276 ], [ -71.297804787051888, -29.627375102424473 ], [ -71.297953422587696, -29.627454168965031 ], [ -71.298088307941953, -29.627510193985479 ], [ -71.298249561267923, -29.627554040311157 ], [ -71.298396969277846, -29.627574846775481 ], [ -71.298571528420752, -29.6276184620362 ], [ -71.298692207913348, -29.627639741474042 ], [ -71.298840134353512, -29.627683817217687 ], [ -71.298947232496104, -29.627693683496897 ], [ -71.299055281560086, -29.62775008983213 ], [ -71.299082286980621, -29.627761343921719 ], [ -71.299122598431381, -29.627772294192741 ], [ -71.299123659475072, -29.627818999320027 ], [ -71.299112195457965, -29.627900839794396 ], [ -71.299126307518861, -29.627935606146146 ], [ -71.299141044853982, -29.627993713492074 ], [ -71.299221676821702, -29.628015594875741 ], [ -71.299464348904863, -29.628116390592364 ], [ -71.299558553961035, -29.628149757831018 ], [ -71.299680028252993, -29.628206023688573 ], [ -71.299828222201967, -29.628261816917099 ], [ -71.30000289965038, -29.628305427265783 ], [ -71.300190514244264, -29.628337174452383 ], [ -71.300297877782, -29.62835868250005 ], [ -71.300298408607702, -29.628382035944146 ], [ -71.300378500778919, -29.628380646310379 ], [ -71.300419075605049, -29.628403212033888 ], [ -71.300592694671209, -29.628400199447317 ], [ -71.300698892115335, -29.628375086898245 ], [ -71.300912015917447, -29.628348027512729 ], [ -71.3011245142566, -29.628297689971834 ], [ -71.30123106989862, -29.628284118142911 ], [ -71.30131090871852, -29.628271092972039 ], [ -71.301351485778596, -29.628293750383186 ], [ -71.301431577820608, -29.628292360117328 ], [ -71.301445530335442, -29.628315396665492 ], [ -71.30147241973367, -29.628326662188805 ], [ -71.301474275670202, -29.628408271573516 ], [ -71.301434760673644, -29.628432319251278 ], [ -71.301436883292254, -29.628525656299917 ], [ -71.301519637537453, -29.628640863375072 ], [ -71.301546897726226, -29.628663751891047 ], [ -71.301574422762727, -29.62869828509842 ], [ -71.30162884739407, -29.62874398076486 ], [ -71.301629110773519, -29.628755606542601 ], [ -71.301696959939363, -29.628801162043779 ], [ -71.301724123364622, -29.62882396920303 ], [ -71.301765232098049, -29.628869988003238 ], [ -71.30180591583418, -29.628892644310937 ], [ -71.30182054666524, -29.628950670142657 ], [ -71.301817637676322, -29.629008723540164 ], [ -71.301720359009593, -29.62924424362242 ], [ -71.301511690853218, -29.629485401550301 ], [ -71.301478419886649, -29.629761767795006 ], [ -71.30146739487887, -29.629866963410553 ], [ -71.301441025032034, -29.62987906054558 ], [ -71.301401403161933, -29.629903110085429 ], [ -71.301375310310974, -29.629926933788326 ], [ -71.301215641233853, -29.629952975079679 ], [ -71.301136067749894, -29.629977727023451 ], [ -71.301056238922186, -29.62999075196257 ], [ -71.300962988392527, -29.630004092794991 ], [ -71.300936523482648, -29.630016191482664 ], [ -71.30089700795061, -29.630040248053202 ], [ -71.300870636746581, -29.630052336080624 ], [ -71.300791605397094, -29.63010044015671 ], [ -71.300792665445087, -29.630147063150648 ], [ -71.300807573713271, -29.630216806654332 ], [ -71.300875941304469, -29.630285632293432 ], [ -71.300970943355409, -29.630353985706989 ], [ -71.300984525210794, -29.630365389352544 ], [ -71.300998733061292, -29.630400144773848 ], [ -71.301026004996146, -29.630423033175166 ], [ -71.301030777710821, -29.630632966925493 ], [ -71.300992215615551, -29.630703639344755 ], [ -71.300929778624351, -29.630891469865468 ], [ -71.300957473515197, -29.630937630578746 ], [ -71.301001233181822, -29.6311002471747 ], [ -71.300963308450591, -29.631194279285545 ], [ -71.300937469215384, -29.631229728861687 ], [ -71.300924587853558, -29.631253314167743 ], [ -71.300912066009715, -29.631288532603723 ], [ -71.300885599940557, -29.631300640333219 ], [ -71.30090033892003, -29.631358748277322 ], [ -71.30094197733608, -29.631428027821023 ], [ -71.300996944632061, -29.631497076908762 ], [ -71.301065313272304, -29.631565902384384 ], [ -71.301174800753785, -29.631680644639189 ], [ -71.301297330228806, -29.631783530953818 ], [ -71.301365604102202, -29.631852348880969 ], [ -71.301461245698789, -29.631944062416011 ], [ -71.301515406462073, -29.631978123262108 ], [ -71.301555985130165, -29.632000781418206 ], [ -71.30155678115274, -29.632035777717277 ], [ -71.301611311726958, -29.632081462445747 ], [ -71.301666004040527, -29.63213888564934 ], [ -71.301666535242717, -29.632162238155864 ], [ -71.3016456411207, -29.632419258771396 ], [ -71.301451759412558, -29.632702745390844 ], [ -71.301427138759095, -29.632796453737054 ], [ -71.301273311710332, -29.633079143722433 ], [ -71.30122233546561, -29.633185124828337 ], [ -71.301144094545222, -29.633268124537345 ], [ -71.30111788520918, -29.633291950235208 ], [ -71.30107836640704, -29.633315914933874 ], [ -71.30099880041233, -29.633340657730955 ], [ -71.300918968936685, -29.633353682725154 ], [ -71.300852710239496, -29.63337819446658 ], [ -71.300826349746629, -29.633390291347471 ], [ -71.30078682239683, -29.633414339107613 ], [ -71.300734410456499, -29.63346188920886 ], [ -71.300708475670675, -29.633497341314605 ], [ -71.300695689171661, -29.633520933979113 ], [ -71.300669753305314, -29.633556385194666 ], [ -71.300618509766522, -29.633650648367158 ], [ -71.30059335905861, -29.633721087045458 ], [ -71.300546445218316, -29.633751406477966 ], [ -71.300392299589646, -29.633843029404087 ], [ -71.300359771113165, -29.633901957601609 ], [ -71.300431123031331, -29.634056336233982 ], [ -71.300485361679094, -29.634352836710935 ], [ -71.300499307288916, -29.634516506627627 ], [ -71.300733139471106, -29.63458210069793 ], [ -71.300961462275311, -29.634636501537386 ], [ -71.300948409017977, -29.634648367472703 ], [ -71.301071208590798, -29.634762971508678 ], [ -71.30120732444459, -29.634877261261369 ], [ -71.301247915593734, -29.634899918344914 ], [ -71.301301918607933, -29.634922343487396 ], [ -71.301408747679275, -29.634920488886078 ], [ -71.301515213980579, -29.6349069091162 ], [ -71.301581740033939, -29.634894114734351 ], [ -71.301702418415147, -29.634915390184673 ], [ -71.301850367140787, -29.634959462601703 ], [ -71.301864216342423, -29.634982583839705 ], [ -71.301905325745366, -29.635028510437326 ], [ -71.301987025760795, -29.635097103800682 ], [ -71.302029729546049, -29.635213097743193 ], [ -71.302059113404994, -29.635329230962178 ], [ -71.3021143392223, -29.635410006334457 ], [ -71.302154917329744, -29.635432571331599 ], [ -71.302169403554515, -29.635479052204836 ], [ -71.302198523120154, -29.635583559632575 ], [ -71.3022040964822, -29.635828481175412 ], [ -71.302192539559769, -29.635910323389403 ], [ -71.302220598366659, -29.635968208793834 ], [ -71.302261719505552, -29.636014126029298 ], [ -71.302449975696362, -29.636069229022887 ], [ -71.30254446329441, -29.636114229147321 ], [ -71.30262509399752, -29.636136190287811 ], [ -71.302706795418118, -29.636204783122203 ], [ -71.302734589780982, -29.636251033639695 ], [ -71.302762646679, -29.636308817003727 ], [ -71.302789282802948, -29.636308354289469 ], [ -71.302804023979377, -29.636366469999199 ], [ -71.302817606678488, -29.6363778643749 ], [ -71.302831456537177, -29.636400995404436 ], [ -71.302845145771016, -29.636412396947595 ], [ -71.302886258319106, -29.636458415157868 ], [ -71.302966621587316, -29.636468658371648 ], [ -71.303154357227868, -29.636500389612113 ], [ -71.303301673970978, -29.636521201585587 ], [ -71.303356474838665, -29.636578612125795 ], [ -71.303383907845074, -29.636613146420121 ], [ -71.303372182937196, -29.636683352264004 ], [ -71.303320938497833, -29.636777523507448 ], [ -71.303214097287977, -29.636779379933515 ], [ -71.303174314730015, -29.636791793505402 ], [ -71.303107787702842, -29.636804588740087 ], [ -71.303082649713645, -29.636875037531318 ], [ -71.303056820261915, -29.636910487351741 ], [ -71.303097655830143, -29.636944778923741 ], [ -71.30309818746619, -29.636968131389771 ], [ -71.303207163160181, -29.637059611697126 ], [ -71.303292573462912, -29.63729150648993 ], [ -71.30330748506276, -29.637361259413151 ], [ -71.303335277932035, -29.637407416882052 ], [ -71.303350721289519, -29.637500522256833 ], [ -71.303324519500478, -29.637524247229802 ], [ -71.303142878066694, -29.637760781292741 ], [ -71.303038797842362, -29.637879334095391 ], [ -71.303000341088179, -29.63795000435238 ], [ -71.302948734885177, -29.638032543307826 ], [ -71.302909481534286, -29.638068226327803 ], [ -71.302925284482356, -29.638172964859919 ], [ -71.302954309789229, -29.638277473666491 ], [ -71.302956966291106, -29.638394162940024 ], [ -71.302946302343955, -29.638510990718522 ], [ -71.302895589397295, -29.638628607209302 ], [ -71.302898243775303, -29.638745204500047 ], [ -71.302911562156666, -29.638744973112761 ], [ -71.303047156892617, -29.638835990996057 ], [ -71.30310142729239, -29.638870049104138 ], [ -71.303142274261845, -29.638904350349815 ], [ -71.303222907337314, -29.638926310991092 ], [ -71.303305672888314, -29.639041516216245 ], [ -71.30333293642596, -29.639064404158862 ], [ -71.30334678469525, -29.639087442216546 ], [ -71.303360899787293, -29.639122197981205 ], [ -71.303442064034385, -29.639167520866948 ], [ -71.303576171393189, -29.639188552911058 ], [ -71.303576701298724, -29.639211822397716 ], [ -71.303603605016747, -29.639223077185637 ], [ -71.303726517784057, -29.639337593414577 ], [ -71.303822592399769, -29.639452566965097 ], [ -71.303836442725981, -29.639475687925035 ], [ -71.303891511852655, -29.639544742759622 ], [ -71.303945147619004, -29.639555532833423 ], [ -71.304132889475341, -29.639587271365862 ], [ -71.304266360215777, -29.6395849511627 ], [ -71.304361744136145, -29.639664944287571 ], [ -71.304389177951848, -29.639699459357985 ], [ -71.304429760608173, -29.639722124523825 ], [ -71.304472467373472, -29.639838025366906 ], [ -71.304487221537954, -29.639896141485377 ], [ -71.304527272061236, -29.639895445165234 ], [ -71.304541919716257, -29.639953553204034 ], [ -71.304704246413678, -29.640044012470405 ], [ -71.304866054732003, -29.640111210879109 ], [ -71.305054076208236, -29.640154665528204 ], [ -71.305241552361821, -29.640174683814291 ], [ -71.305575383142028, -29.640168878414674 ], [ -71.305615966028995, -29.640191534173351 ], [ -71.305723502082856, -29.640224674523292 ], [ -71.305830092872981, -29.640211180959682 ], [ -71.305936128352229, -29.640174326281198 ], [ -71.306042705802739, -29.640160749784901 ], [ -71.30609554441925, -29.640136551830299 ], [ -71.306229015699316, -29.640134229612979 ], [ -71.306336125503577, -29.640144005286896 ], [ -71.306417024421492, -29.640177599527505 ], [ -71.306444833002743, -29.640223848893008 ], [ -71.306485670032089, -29.640258139288644 ], [ -71.306527592907003, -29.640339051106896 ], [ -71.306533974603553, -29.640618958857768 ], [ -71.30650935943595, -29.640712760778673 ], [ -71.306471447287507, -29.640806794079705 ], [ -71.306446830941951, -29.640900503091217 ], [ -71.306267435392556, -29.641230375798589 ], [ -71.306228447400443, -29.641277694507949 ], [ -71.306202236152515, -29.641301512232864 ], [ -71.30620303410268, -29.641336509270037 ], [ -71.306163780768017, -29.641372193245282 ], [ -71.306085805632065, -29.641466923503355 ], [ -71.306047084620957, -29.641525959849623 ], [ -71.306021148849624, -29.641561412083146 ], [ -71.306022212005317, -29.641608043842457 ], [ -71.30599546925275, -29.641608509112835 ], [ -71.305970692356723, -29.641690581508609 ], [ -71.305974681738746, -29.641865610013916 ], [ -71.306002914632316, -29.641935121716759 ], [ -71.306017391525188, -29.641981519197866 ], [ -71.306057719248244, -29.641992447874038 ], [ -71.306058515912326, -29.642027435009542 ], [ -71.306085516873054, -29.642038697482874 ], [ -71.306112673637173, -29.642061503652858 ], [ -71.306142216988164, -29.642092914344357 ], [ -71.306465169665756, -29.642288748551639 ], [ -71.306506019993577, -29.642323039572023 ], [ -71.306559762960376, -29.642333835673799 ], [ -71.306573336787594, -29.642345238786323 ], [ -71.306600877619232, -29.642379760491227 ], [ -71.306681779487974, -29.64241335444051 ], [ -71.306696958493205, -29.642494731576218 ], [ -71.306726098450227, -29.642599320311472 ], [ -71.306728756842546, -29.642715926253182 ], [ -71.30677145737603, -29.642831826276225 ], [ -71.306785841713364, -29.642878309159681 ], [ -71.306814180760014, -29.642947817900126 ], [ -71.306841073600467, -29.642958989167898 ], [ -71.306843467620709, -29.64306395134837 ], [ -71.306806076332748, -29.643181337325917 ], [ -71.306755365141925, -29.643298871219422 ], [ -71.30671797368224, -29.643416257178483 ], [ -71.306720632979946, -29.64353285407077 ], [ -71.306765361047042, -29.643678315983767 ], [ -71.306903216289285, -29.643926439104622 ], [ -71.306988109129577, -29.644134978146734 ], [ -71.307003662378875, -29.644228071921358 ], [ -71.307045841579196, -29.644320618323501 ], [ -71.307061289830159, -29.644413722935202 ], [ -71.307090152190099, -29.644506594041459 ], [ -71.307146450989777, -29.644633988507827 ], [ -71.307174247789646, -29.644680144922333 ], [ -71.307215108657488, -29.64471443548581 ], [ -71.307233065213893, -29.644722777960094 ], [ -71.307485629083345, -29.644861462937772 ], [ -71.307673381649934, -29.644893194935261 ], [ -71.308048259177667, -29.644933308311593 ], [ -71.308261947772962, -29.644929587740496 ], [ -71.308355106169245, -29.64491632592215 ], [ -71.308446666424587, -29.644833006069671 ], [ -71.308473409983051, -29.644832540259141 ], [ -71.308525279998221, -29.644761625862053 ], [ -71.308631489617952, -29.644736405191097 ], [ -71.308765072023689, -29.644734078260875 ], [ -71.308765605341506, -29.644757439623845 ], [ -71.308819255670471, -29.644768228242768 ], [ -71.308846520118777, -29.644791031918427 ], [ -71.308926892314261, -29.644801354077458 ], [ -71.309032143934488, -29.644729518534586 ], [ -71.309136756683216, -29.644634322491036 ], [ -71.309241740420802, -29.644550769146555 ], [ -71.30934724879539, -29.644490651206894 ], [ -71.309559773448314, -29.644440215680092 ], [ -71.309666622267571, -29.644438353706846 ], [ -71.309853043955712, -29.64441182624374 ], [ -71.310039997052073, -29.644408568787476 ], [ -71.310227482676481, -29.64442857950732 ], [ -71.310628026686757, -29.644421588949424 ], [ -71.310734343948155, -29.644396465783416 ], [ -71.310841087335405, -29.644394604702153 ], [ -71.311053174113113, -29.644320895826887 ], [ -71.311158689505049, -29.644260693370335 ], [ -71.311369072478072, -29.644117020898918 ], [ -71.31147458723305, -29.644056808291168 ], [ -71.311683378977605, -29.643843151342285 ], [ -71.311749097035971, -29.643795272853364 ], [ -71.311788349162086, -29.643759587290489 ], [ -71.311867664219861, -29.64372319298122 ], [ -71.311947767897351, -29.643721796609743 ], [ -71.312110120329478, -29.643812337850584 ], [ -71.312150972048755, -29.643846626102231 ], [ -71.312206317096582, -29.643927394629955 ], [ -71.312355232339669, -29.644018077949763 ], [ -71.312395828735319, -29.644040740291068 ], [ -71.312569462855308, -29.644037711664883 ], [ -71.312675776796468, -29.644012485086787 ], [ -71.312888834592414, -29.643985489522027 ], [ -71.312995672356777, -29.643983625072426 ], [ -71.313208728052317, -29.643956545136138 ], [ -71.313526060233031, -29.643810993691122 ], [ -71.313735379276849, -29.643620603067113 ], [ -71.313840349535681, -29.643537129471316 ], [ -71.313853402263817, -29.643525262299921 ], [ -71.313892931045118, -29.64350121061069 ], [ -71.313892396550131, -29.643477848426215 ], [ -71.313945595907001, -29.643465280351684 ], [ -71.313971699418545, -29.643441463026175 ], [ -71.314024899776769, -29.64342889490328 ], [ -71.314130946657755, -29.643392042479309 ], [ -71.314223033905535, -29.643332072128292 ], [ -71.314235818234053, -29.643308478293577 ], [ -71.314354640977911, -29.643248124027526 ], [ -71.314380584424626, -29.643212670124786 ], [ -71.314470269207575, -29.643047728984889 ], [ -71.314496736639896, -29.643035627500403 ], [ -71.314507651402366, -29.642930341325279 ], [ -71.314527979389979, -29.642649959411727 ], [ -71.314591571727178, -29.642508835435279 ], [ -71.314630287885848, -29.642449795946757 ], [ -71.314656219691685, -29.64241434220073 ], [ -71.31470853406563, -29.642366788411636 ], [ -71.314721041786925, -29.642331569091407 ], [ -71.314733931159779, -29.64230797247783 ], [ -71.314806447682017, -29.642219957087168 ], [ -71.314811900754975, -29.642213339442712 ], [ -71.314902918195997, -29.642106645227095 ], [ -71.315113941292353, -29.641986317526438 ], [ -71.315218812730009, -29.641902844649593 ], [ -71.315323511539276, -29.641807642496577 ], [ -71.315401754555353, -29.641724542621674 ], [ -71.315427685911814, -29.641689088745764 ], [ -71.315532929234081, -29.641617238511603 ], [ -71.315638601966725, -29.64156875220317 ], [ -71.315678118198051, -29.641544700237407 ], [ -71.315691010412337, -29.641521196409954 ], [ -71.315744101288516, -29.641508546554217 ], [ -71.315863997745183, -29.641494812437102 ], [ -71.315929980731283, -29.641458658666426 ], [ -71.316117204309634, -29.641467027393073 ], [ -71.316304953163737, -29.641498738328412 ], [ -71.316492863555766, -29.641542187400436 ], [ -71.316573232728388, -29.641552422040789 ], [ -71.316680344452777, -29.64156218921249 ], [ -71.316720930189916, -29.641584842301231 ], [ -71.316894568834201, -29.641581807175207 ], [ -71.31710707463283, -29.641531452213364 ], [ -71.317213118273145, -29.64149459748058 ], [ -71.317386372413083, -29.641479837133705 ], [ -71.317380442682264, -29.641061730286282 ], [ -71.313653316415454, -29.639217598093801 ], [ -71.307740775761147, -29.636256997545072 ], [ -71.306199434252804, -29.635529006849495 ], [ -71.306014886345793, -29.63189134214187 ], [ -71.305709043608857, -29.627389962408923 ], [ -71.305216887809991, -29.626886830655902 ], [ -71.301182460892534, -29.622762088676275 ], [ -71.300299736191661, -29.621933786983149 ], [ -71.299378825096341, -29.621661156459123 ], [ -71.294458280726332, -29.620295434908442 ], [ -71.292602900814344, -29.61978040352005 ], [ -71.292586856752962, -29.616894100868706 ], [ -71.292586370254156, -29.61680581580913 ], [ -71.292478358236863, -29.612034549268873 ], [ -71.292384153661374, -29.608994687661596 ], [ -71.294244592797966, -29.607008869582419 ], [ -71.296824310957092, -29.604255758556747 ], [ -71.298784139325008, -29.602179359591858 ], [ -71.300369549507337, -29.600398029157116 ], [ -71.30219553652384, -29.599145325127001 ], [ -71.305164471804446, -29.597012980225195 ], [ -71.305394853287353, -29.596847513003798 ], [ -71.3083421239931, -29.594642822985541 ], [ -71.310043481652258, -29.593503184608828 ], [ -71.311615812492207, -29.5922769717188 ], [ -71.310045746754412, -29.590788928229021 ], [ -71.31006481082396, -29.591059637530851 ], [ -71.310014646046113, -29.591200516498166 ], [ -71.30998792696974, -29.591200980775017 ], [ -71.309975145246611, -29.591224482085881 ], [ -71.309895615196268, -29.591249228445211 ], [ -71.309815286720493, -29.591238987484484 ], [ -71.309815019676378, -29.591227269744437 ], [ -71.3097332575135, -29.591158690735071 ], [ -71.309704763085136, -29.591077535095192 ], [ -71.309650261778671, -29.591031852279272 ], [ -71.309623381788157, -29.591020587870666 ], [ -71.309609166196253, -29.590985834144981 ], [ -71.309569135147612, -29.590986530957757 ], [ -71.309488796583224, -29.590976289965376 ], [ -71.309408999589337, -29.590989318285882 ], [ -71.309330000812082, -29.591037425864684 ], [ -71.309250725489335, -29.591073806798981 ], [ -71.309170395095791, -29.591063473454554 ], [ -71.309116522010669, -29.59104114126399 ], [ -71.309089260410062, -29.591018243990625 ], [ -71.308953727987983, -29.590927237536704 ], [ -71.308926476792649, -29.590904340948075 ], [ -71.308859450367848, -29.590893867913476 ], [ -71.308846138331432, -29.590894099559137 ], [ -71.30876793525124, -29.59097710213382 ], [ -71.308755049082976, -29.591000697172536 ], [ -71.308742013408988, -29.59101256339644 ], [ -71.308715560261589, -29.591024746083736 ], [ -71.308702778253874, -29.591048247287308 ], [ -71.30867631603212, -29.591060440048651 ], [ -71.308636816850267, -29.59108448911801 ], [ -71.308530129457793, -29.591086345399273 ], [ -71.30848903433585, -29.591040326891775 ], [ -71.308431336595461, -29.590854684474014 ], [ -71.308403553647182, -29.59080843432756 ], [ -71.30837666460431, -29.590797262736118 ], [ -71.308336101747926, -29.590774606631005 ], [ -71.308308851789775, -29.590751801904865 ], [ -71.308227982676627, -29.590718206667614 ], [ -71.308147919679314, -29.590719599454712 ], [ -71.30806704854443, -29.590685912133111 ], [ -71.30798672062582, -29.590675670029562 ], [ -71.307867424572024, -29.590712755305493 ], [ -71.307868752994324, -29.590771096100575 ], [ -71.307910377365218, -29.590840374488767 ], [ -71.307912766608666, -29.590945346450251 ], [ -71.307899349314823, -29.590945579831924 ], [ -71.307834022522556, -29.591005079111103 ], [ -71.307754489105719, -29.591029741259867 ], [ -71.307674693662094, -29.591042851514839 ], [ -71.307594363591789, -29.591032526223302 ], [ -71.307567104635609, -29.591009730519581 ], [ -71.307353529670877, -29.591013444749532 ], [ -71.307274253346776, -29.591049814620025 ], [ -71.307194190033741, -29.59105120684605 ], [ -71.30711465743029, -29.591075868603319 ], [ -71.307035380157032, -29.591112248275515 ], [ -71.306955317812992, -29.59111364034219 ], [ -71.306796775659052, -29.591186501182609 ], [ -71.306717242612265, -29.591211152792404 ], [ -71.306704462220708, -29.591234746712718 ], [ -71.306637965282235, -29.59124754125757 ], [ -71.306238967971353, -29.591312840110003 ], [ -71.306186049671467, -29.591337121718304 ], [ -71.306106515528356, -29.591361782913225 ], [ -71.306015264452313, -29.591456743064057 ], [ -71.305911390776586, -29.591586922848403 ], [ -71.305898342092377, -29.591598780011214 ], [ -71.305845699834236, -29.591634706025598 ], [ -71.305845966424116, -29.591646423797773 ], [ -71.305766688414508, -29.591682811775147 ], [ -71.305687154712601, -29.591707463701759 ], [ -71.305607347240993, -29.591720581969746 ], [ -71.305554532747877, -29.591744769515682 ], [ -71.305514768042954, -29.59175719191451 ], [ -71.305488577049218, -29.591780925834932 ], [ -71.305462113984262, -29.591793108065225 ], [ -71.305399180129086, -29.591957486214067 ], [ -71.305374573551973, -29.592051287054637 ], [ -71.305282960578367, -29.592134613618736 ], [ -71.305217364917127, -29.592182393947219 ], [ -71.305138086044067, -29.592218772563083 ], [ -71.305057757069321, -29.592208528736965 ], [ -71.304898043027691, -29.592234582185174 ], [ -71.304766492678297, -29.592318601290213 ], [ -71.304583876697109, -29.592508428876602 ], [ -71.304532654992627, -29.59260269278106 ], [ -71.304468024700185, -29.592697179636108 ], [ -71.304376770893526, -29.592792138789807 ], [ -71.30429881579677, -29.592886773999602 ], [ -71.304272626339554, -29.59291060059105 ], [ -71.30420745538899, -29.592981734897819 ], [ -71.304181105524279, -29.592993831924598 ], [ -71.304168493702107, -29.593029052187077 ], [ -71.30415624217639, -29.593075988601658 ], [ -71.304118319782972, -29.593169929381393 ], [ -71.304093721094389, -29.593263730789044 ], [ -71.304082795227075, -29.593368933260663 ], [ -71.304069123377374, -29.593357531273661 ], [ -71.30397732617034, -29.59342912877101 ], [ -71.303951137513081, -29.593452954389146 ], [ -71.303911369625524, -29.593465275351182 ], [ -71.303819582709579, -29.593536880686436 ], [ -71.303780345833871, -29.593572563236911 ], [ -71.303770744821094, -29.593736106653203 ], [ -71.303784588161662, -29.593759229004977 ], [ -71.303799481224203, -29.59382898189871 ], [ -71.303840308952175, -29.59386327509333 ], [ -71.303868363527471, -29.593921068001187 ], [ -71.303883533200946, -29.594002530368538 ], [ -71.303923830108133, -29.594013470025818 ], [ -71.303942551707678, -29.594246533999979 ], [ -71.303905425222212, -29.594375554159608 ], [ -71.303841323346035, -29.594493310399667 ], [ -71.303828277382564, -29.594505268369211 ], [ -71.303815397660884, -29.594528761823806 ], [ -71.30377589615334, -29.59455281948863 ], [ -71.30372307151481, -29.594577098560126 ], [ -71.303696879393627, -29.594600832179427 ], [ -71.303537268267931, -29.59462696443746 ], [ -71.303377136597049, -29.594629744619979 ], [ -71.303217525337075, -29.594655877401671 ], [ -71.303137988827785, -29.594680536966486 ], [ -71.303085068199223, -29.594704826478875 ], [ -71.303020752797792, -29.594704409280276 ], [ -71.302663033744466, -29.594933891760061 ], [ -71.302650249861756, -29.594957392469965 ], [ -71.302611277460031, -29.595004801548054 ], [ -71.302519753447868, -29.595088032788354 ], [ -71.30246709659464, -29.59512394788397 ], [ -71.302411356154707, -29.595169301441242 ], [ -71.302120884313197, -29.595164956145368 ], [ -71.30210731889656, -29.595153561133785 ], [ -71.302027241733228, -29.595154950597035 ], [ -71.301974318272741, -29.595179138692259 ], [ -71.301935082202291, -29.595214912740072 ], [ -71.301896108323234, -29.595262230531439 ], [ -71.301870541998184, -29.595309314788178 ], [ -71.301900345363165, -29.595448803615916 ], [ -71.301943557706366, -29.595588068797369 ], [ -71.301905644847452, -29.595682100876186 ], [ -71.301867200201556, -29.595752770413757 ], [ -71.30184111673519, -29.595776593822681 ], [ -71.301828228169015, -29.595800179274839 ], [ -71.301815710181629, -29.595835398617645 ], [ -71.301776471724608, -29.595871080649911 ], [ -71.301738555478153, -29.595965019825368 ], [ -71.301714749802173, -29.596093808359804 ], [ -71.301676571265446, -29.596176205571854 ], [ -71.301585034078016, -29.596259435547104 ], [ -71.301545531327108, -29.596283491704888 ], [ -71.301480089215403, -29.596342907978268 ], [ -71.301432582063185, -29.596600473237206 ], [ -71.301433907304968, -29.596658823263102 ], [ -71.301394126680904, -29.596671152763857 ], [ -71.301381777747665, -29.596718007656165 ], [ -71.301328961693386, -29.596742285679422 ], [ -71.3012891913407, -29.596754614972014 ], [ -71.301197560506139, -29.596837939249053 ], [ -71.301171993500716, -29.596885023399789 ], [ -71.301137256878164, -29.597119015147555 ], [ -71.301125173888494, -29.597177587823786 ], [ -71.301112391276007, -29.597201171376923 ], [ -71.301086188584563, -29.597224904702557 ], [ -71.301033645692371, -29.597260817301095 ], [ -71.300941315682792, -29.597309152288016 ], [ -71.300928170741244, -29.597321009768152 ], [ -71.300876148950678, -29.597380285031942 ], [ -71.300836633190841, -29.597404249204239 ], [ -71.300837426611807, -29.597439236703543 ], [ -71.300784779301367, -29.597475151020586 ], [ -71.300745539864906, -29.59751083279351 ], [ -71.300692986382614, -29.597546745449069 ], [ -71.300534430276414, -29.597619590487316 ], [ -71.300481877896203, -29.597655512065703 ], [ -71.300377194612054, -29.597750608657158 ], [ -71.30035073968989, -29.597762790697402 ], [ -71.30027225942959, -29.597834163037415 ], [ -71.30016651740884, -29.597882637142529 ], [ -71.300007164078934, -29.597920401213429 ], [ -71.2999538169788, -29.597921326081522 ], [ -71.299900893857895, -29.597945614444541 ], [ -71.299847557059095, -29.597946539091755 ], [ -71.299807775508754, -29.597958859134149 ], [ -71.299794462459786, -29.597959089922004 ], [ -71.299754968725182, -29.59798313640254 ], [ -71.299702044463942, -29.598007332690191 ], [ -71.299650286713558, -29.598078334372623 ], [ -71.299598261469058, -29.598137507288175 ], [ -71.299559181206362, -29.598184917415654 ], [ -71.299453014565188, -29.598210027465456 ], [ -71.299346213713747, -29.598211877691483 ], [ -71.299293132564173, -29.598224530036482 ], [ -71.299240472923543, -29.598260443984614 ], [ -71.299187653634647, -29.598284638256295 ], [ -71.299135099173967, -29.598320550341885 ], [ -71.298765075853069, -29.598490348463567 ], [ -71.298725559984874, -29.598514395035501 ], [ -71.298699368583428, -29.598538210719145 ], [ -71.298672636030219, -29.59853867392091 ], [ -71.298634189149823, -29.598609342655227 ], [ -71.298594682671762, -29.598633306030859 ], [ -71.298582163237, -29.598668524232252 ], [ -71.298582955920665, -29.598703511780371 ], [ -71.298569908812837, -29.598715470190037 ], [ -71.298544508941831, -29.598774181395591 ], [ -71.298506064203195, -29.598844952002 ], [ -71.298480929257053, -29.598915390053897 ], [ -71.298415855720989, -29.598986520058819 ], [ -71.298377142701327, -29.599045470912365 ], [ -71.298272458085123, -29.599140658891571 ], [ -71.298219797600311, -29.599176572474885 ], [ -71.297955608177219, -29.59929789425685 ], [ -71.297902418692544, -29.599310446004335 ], [ -71.297849599570441, -29.599334731786307 ], [ -71.297796146393864, -29.599335657650251 ], [ -71.297663521491245, -29.599372956048047 ], [ -71.29761043737912, -29.599385514877277 ], [ -71.297556983114447, -29.599386439762426 ], [ -71.297504164709267, -29.599410717279142 ], [ -71.297450816710523, -29.599411640281581 ], [ -71.297436877961701, -29.599388519813942 ], [ -71.297183345069811, -29.599392910288209 ], [ -71.297129361129436, -29.599370473287319 ], [ -71.297075749583868, -29.599359771191232 ], [ -71.296967890417434, -29.599314998037375 ], [ -71.296914012844482, -29.599292559103496 ], [ -71.296873448767698, -29.599269899563271 ], [ -71.296846463586419, -29.599258727342654 ], [ -71.296832884483692, -29.599247230089897 ], [ -71.296779166539693, -29.599236520690731 ], [ -71.296725299589752, -29.599214091416439 ], [ -71.296617959932661, -29.599192679861872 ], [ -71.29651116920418, -29.599194528567583 ], [ -71.296458083976702, -29.599207086956202 ], [ -71.29640473606635, -29.599208010434232 ], [ -71.296351546596384, -29.59922057058532 ], [ -71.296298197622633, -29.599221493136984 ], [ -71.296191924721285, -29.599246694495804 ], [ -71.29581828683331, -29.59925316115131 ], [ -71.295764569975915, -29.599242450415773 ], [ -71.295710703218433, -29.599220020717329 ], [ -71.295657080308231, -29.59920930921345 ], [ -71.2956300931763, -29.599198044754608 ], [ -71.295575583873941, -29.599152355356367 ], [ -71.295522234927446, -29.599153278495997 ], [ -71.295468357742493, -29.599130839854016 ], [ -71.295361028483427, -29.599109418065972 ], [ -71.295308774059023, -29.599087661265276 ] ] ] ] } },
{ "type": "Feature", "properties": { "fid": 79, "OBJECTID_1": 2, "OBJECTID": 2, "NOM_COM": "LA HIGUERA", "PROVINCIA": "ELQUI", "Z_COMUNAL": "ZONA INDUSTRIAL", "USO": "CALETA PESQUERA", "REGIONAL": "AREAS PARA ACTIVIDADES INDUSTRIALES, ECONOMICAS Y DE DESARROLLO", "Shape_Leng": 18834.493666599999, "LEYENDA": "INDUSTRIAL BAJO IMPACTO", "Shape__Area": 13864523.441894531, "Shape__Length": 18833.942683662037, "Nota": "La Zonificación de Uso del Borde Costero de la Región de Coquimbo, constituye un instrumento aún vigente, y que declara áreas con orientaciones de usos específicos, en el borde costero regional. Por lo tanto, se sugiere su uso de acuerdo a la microzonificación según se señala en todas las publicaciones, y que fué aprobada mediante Decreto Supremo Nº 518 Zonificación de Coquimbo, 12 de diciembre de 2005.", "Origen Dato": "https://gorecoquimbo.maps.arcgis.com/apps/CompareAnalysis/index.html?appid=b4f178d41fb24ab8a871596de568a2f7", "Mapa Completo": "https://www.gorecoquimbo.cl/gorecoquimbo/site/artic/20150722/asocfile/20150722092144/comunal.jpg", "Link Memoria": "https://www.gorecoquimbo.cl/gorecoquimbo/site/artic/20150722/asocfile/20150722091730/memoria_explicativa_zonifi.pdf" }, "geometry": { "type": "MultiPolygon", "coordinates": [ [ [ [ -71.454266986105225, -29.189267448692043 ], [ -71.454018592322299, -29.191429931425272 ], [ -71.45333826284012, -29.194408909502883 ], [ -71.452042530046953, -29.197838641471382 ], [ -71.449586463051887, -29.205135073477386 ], [ -71.448657670010917, -29.206457939516795 ], [ -71.447163907689927, -29.208585404627016 ], [ -71.444605568558416, -29.211598691217592 ], [ -71.444400464156075, -29.212057205685792 ], [ -71.444010948714322, -29.212928002815818 ], [ -71.443220298013415, -29.214580541084082 ], [ -71.443056392565637, -29.214923109226152 ], [ -71.442664847801012, -29.21560810650027 ], [ -71.440771607793963, -29.21892016326586 ], [ -71.436872104779781, -29.223495979458594 ], [ -71.433953101853845, -29.227174880062691 ], [ -71.435515324098247, -29.229673454433815 ], [ -71.436196351233278, -29.23063806184657 ], [ -71.438885222856001, -29.234446324827136 ], [ -71.440998155360646, -29.23374853995109 ], [ -71.44213257378037, -29.233610421540227 ], [ -71.443121502228962, -29.23349001926433 ], [ -71.44409780551311, -29.233614460263198 ], [ -71.444629227797421, -29.233682191729478 ], [ -71.445247436670485, -29.23334128047745 ], [ -71.450012845946787, -29.22830988374551 ], [ -71.454410061161227, -29.223614696203921 ], [ -71.45720564674383, -29.220047519383417 ], [ -71.46073114557187, -29.215587902759253 ], [ -71.464983757043257, -29.210125982374159 ], [ -71.467781260566781, -29.206668443583052 ], [ -71.470085797306339, -29.203549559634546 ], [ -71.474897837173273, -29.197516467497987 ], [ -71.478546099102132, -29.193056292405014 ], [ -71.481379950624543, -29.188947682561022 ], [ -71.48755852748296, -29.180373055588479 ], [ -71.487302896693095, -29.176661460177868 ], [ -71.487173109253206, -29.174776904028938 ], [ -71.454877744608723, -29.174933603364472 ], [ -71.455058212009646, -29.182511364245439 ], [ -71.454537109153136, -29.186915732877644 ], [ -71.454266986105225, -29.189267448692043 ] ] ] ] } },
{ "type": "Feature", "properties": { "fid": 80, "OBJECTID_1": 25, "OBJECTID": 25, "NOM_COM": "LA HIGUERA", "PROVINCIA": "ELQUI", "Z_COMUNAL": "ZONA INDUSTRIAL", "USO": "INDUSTRIAL BAJO IMPACTO", "REGIONAL": "AREAS PARA ACTIVIDADES INDUSTRIALES, ECONOMICAS Y DE DESARROLLO", "Shape_Leng": 19822.3267003, "LEYENDA": "ZONA DE USO VARIABLE", "Shape__Area": 7593603.8969726562, "Shape__Length": 19821.742764792973, "Nota": "La Zonificación de Uso del Borde Costero de la Región de Coquimbo, constituye un instrumento aún vigente, y que declara áreas con orientaciones de usos específicos, en el borde costero regional. Por lo tanto, se sugiere su uso de acuerdo a la microzonificación según se señala en todas las publicaciones, y que fué aprobada mediante Decreto Supremo Nº 518 Zonificación de Coquimbo, 12 de diciembre de 2005.", "Origen Dato": "https://gorecoquimbo.maps.arcgis.com/apps/CompareAnalysis/index.html?appid=b4f178d41fb24ab8a871596de568a2f7", "Mapa Completo": "https://www.gorecoquimbo.cl/gorecoquimbo/site/artic/20150722/asocfile/20150722092144/comunal.jpg", "Link Memoria": "https://www.gorecoquimbo.cl/gorecoquimbo/site/artic/20150722/asocfile/20150722091730/memoria_explicativa_zonifi.pdf" }, "geometry": { "type": "MultiPolygon", "coordinates": [ [ [ [ -71.305735003524305, -29.398593502205664 ], [ -71.307174757582402, -29.400093092330078 ], [ -71.310659456647343, -29.403722378675251 ], [ -71.315827527224258, -29.409670569586137 ], [ -71.319596286175312, -29.40480842786851 ], [ -71.320290649600494, -29.401568570587553 ], [ -71.320706957202731, -29.399611208531965 ], [ -71.321626187918483, -29.398384781618471 ], [ -71.322519307174062, -29.3971363838216 ], [ -71.323947576108125, -29.396909753245403 ], [ -71.327615708514998, -29.396128434898774 ], [ -71.328941601128335, -29.39590353030977 ], [ -71.330357175414889, -29.39175442157935 ], [ -71.32641218553222, -29.388236954168924 ], [ -71.325973955397544, -29.384725442059249 ], [ -71.325827267356743, -29.3827778902502 ], [ -71.325727875573634, -29.378408687515712 ], [ -71.325662244233996, -29.374397532293209 ], [ -71.325419993137999, -29.371622289959767 ], [ -71.324963575964986, -29.367304137198094 ], [ -71.324742885381255, -29.364349188862889 ], [ -71.324553529174437, -29.360519506566039 ], [ -71.326356903677379, -29.358806916425106 ], [ -71.327909033471158, -29.357300435025792 ], [ -71.328177307214688, -29.354471448482535 ], [ -71.3281615064883, -29.35377685411844 ], [ -71.325619957950948, -29.352274553485881 ], [ -71.322663169827251, -29.350510454872015 ], [ -71.321486033910261, -29.348244596610179 ], [ -71.320551824968547, -29.346534886972819 ], [ -71.313434595819913, -29.348586243664013 ], [ -71.313981789899756, -29.34902505644617 ], [ -71.314040538387175, -29.3493602593819 ], [ -71.313873669736239, -29.34990112378436 ], [ -71.313857205874186, -29.350304883647691 ], [ -71.314095992504065, -29.350681803617153 ], [ -71.314206907492633, -29.351060932336608 ], [ -71.314376067563288, -29.351752871504278 ], [ -71.314392279028993, -29.352469874766349 ], [ -71.314305172685181, -29.353143849840837 ], [ -71.314289733576899, -29.353592423004393 ], [ -71.314571070510041, -29.353587540763179 ], [ -71.314925584195706, -29.353424481402097 ], [ -71.31505143372982, -29.353332625040807 ], [ -71.315179311794708, -29.35333040482563 ], [ -71.315338346022457, -29.353574221105951 ], [ -71.315291754141128, -29.35377675753363 ], [ -71.315094247127675, -29.354094007177221 ], [ -71.314695155316073, -29.354549239831357 ], [ -71.313858745821918, -29.354899976988754 ], [ -71.313352283144269, -29.35513292187445 ], [ -71.31308410846529, -29.355720364292416 ], [ -71.312812386228927, -29.356150971482016 ], [ -71.312359600719546, -29.35649505497258 ], [ -71.312210693042985, -29.356699364893654 ], [ -71.31206887190001, -29.357217381415744 ], [ -71.311745490751179, -29.357626462757555 ], [ -71.311469203587791, -29.357855400104974 ], [ -71.311042990234043, -29.35824385099961 ], [ -71.31040305599177, -29.358232520064309 ], [ -71.309992304389823, -29.358172393321869 ], [ -71.309764638151663, -29.358288411672948 ], [ -71.309642317870754, -29.358537098684803 ], [ -71.309472885399757, -29.358965928633559 ], [ -71.30903958242196, -29.359040674541909 ], [ -71.308451808726488, -29.359073272284295 ], [ -71.308434313460481, -29.359432218426385 ], [ -71.308496084676904, -29.359901866301861 ], [ -71.308887841544035, -29.360253725715204 ], [ -71.308561901283426, -29.360550770142265 ], [ -71.308275489010882, -29.360331579888509 ], [ -71.308018199676056, -29.360268781311859 ], [ -71.307200724155081, -29.360327760723951 ], [ -71.306638011293145, -29.360337496439744 ], [ -71.306670150972209, -29.360628340865308 ], [ -71.30695554940155, -29.360802719983795 ], [ -71.307292612232544, -29.360998634897129 ], [ -71.307402494315056, -29.361332955889342 ], [ -71.30733940634012, -29.361939259151356 ], [ -71.307299869595951, -29.362455492161811 ], [ -71.307032653900905, -29.363087748508729 ], [ -71.306663633204238, -29.363744176586692 ], [ -71.306229802488929, -29.363796512573291 ], [ -71.306028713425178, -29.363956896635976 ], [ -71.306034774474199, -29.364225771583182 ], [ -71.306292578069446, -29.364310976335563 ], [ -71.306522786539759, -29.364306993589789 ], [ -71.306856323488432, -29.364346054698888 ], [ -71.306859860429952, -29.36450289899517 ], [ -71.306868449200394, -29.364883805155522 ], [ -71.306926176988014, -29.365174206485911 ], [ -71.307338976715911, -29.365323977803534 ], [ -71.307570198041873, -29.365364798797739 ], [ -71.307603869805803, -29.365722868021685 ], [ -71.307713254680564, -29.366034785356586 ], [ -71.30828358275528, -29.366361135309013 ], [ -71.308649274205962, -29.366691034903159 ], [ -71.308864027928507, -29.367135620897898 ], [ -71.309150956120178, -29.36737722058276 ], [ -71.309535674937607, -29.367415387946629 ], [ -71.309993069549165, -29.367272968991415 ], [ -71.310599378558422, -29.366926240005039 ], [ -71.310838702937843, -29.367325566253111 ], [ -71.311532634373492, -29.368591199712174 ], [ -71.31242007329908, -29.369360336136349 ], [ -71.313045648224985, -29.369865031442245 ], [ -71.313762391611888, -29.369875013678904 ], [ -71.313927027408795, -29.370365292229501 ], [ -71.314477389096908, -29.370938527617291 ], [ -71.315539874942871, -29.371525295356623 ], [ -71.316064169197716, -29.372076564868198 ], [ -71.316252366564996, -29.372476768240688 ], [ -71.316288101602595, -29.372924451037221 ], [ -71.316416510472067, -29.372944630980204 ], [ -71.318130423132516, -29.372914837598739 ], [ -71.318491598332713, -29.373043049715132 ], [ -71.318495154365337, -29.373199892515565 ], [ -71.318324215864479, -29.373561507105745 ], [ -71.318510900961968, -29.373894489648006 ], [ -71.318723173274691, -29.374227018617752 ], [ -71.31847243668669, -29.374455536555299 ], [ -71.31842636401943, -29.374680485131798 ], [ -71.318863269933644, -29.374762547580094 ], [ -71.319687963660471, -29.375017176905118 ], [ -71.319722699730576, -29.375420044393636 ], [ -71.32004136399847, -29.375930053162659 ], [ -71.320177921647399, -29.376308737388154 ], [ -71.320564688491771, -29.376436488736797 ], [ -71.320594841701208, -29.376637700101874 ], [ -71.320449494771751, -29.376998870703812 ], [ -71.320173686699434, -29.377250238935147 ], [ -71.320026293452642, -29.377521782737311 ], [ -71.320209443063803, -29.377697920230471 ], [ -71.320316338616166, -29.377897794689375 ], [ -71.320167418566612, -29.378102123681828 ], [ -71.319992413762591, -29.378284494258033 ], [ -71.319949381720065, -29.378643884185063 ], [ -71.320161670761863, -29.378976418842903 ], [ -71.320373959984323, -29.379308943169054 ], [ -71.320972522467557, -29.379746824693225 ], [ -71.320902391444505, -29.380039444288553 ], [ -71.320704338464608, -29.380334290623981 ], [ -71.320559993560749, -29.380740275800576 ], [ -71.320515946871907, -29.38105485154632 ], [ -71.320724682417946, -29.381230533435485 ], [ -71.321325292376812, -29.381758039062486 ], [ -71.321209590284909, -29.382298018813351 ], [ -71.321040684859398, -29.382749263211526 ], [ -71.321024761060642, -29.383175423444772 ], [ -71.321011391583099, -29.38371362063047 ], [ -71.320756569781111, -29.38376288968297 ], [ -71.320398404209328, -29.383769125931039 ], [ -71.319914357878076, -29.383867205690315 ], [ -71.319375584975944, -29.383809341790354 ], [ -71.318968273173894, -29.383906091571291 ], [ -71.318950318989764, -29.384242633297085 ], [ -71.31888880917073, -29.384916154108755 ], [ -71.318668223307512, -29.385345883795747 ], [ -71.318415427826267, -29.385484766255402 ], [ -71.318057256658605, -29.38549099652743 ], [ -71.317948313466673, -29.385201493287738 ], [ -71.317715519649042, -29.385093478080119 ], [ -71.316308405331398, -29.385117942077645 ], [ -71.315566473415728, -29.385130834895918 ], [ -71.315728609081305, -29.385509069916733 ], [ -71.315793990668013, -29.386135552826346 ], [ -71.315287890695345, -29.386390914083215 ], [ -71.314625742905463, -29.386536909753605 ], [ -71.314629801296874, -29.386716155335982 ], [ -71.31484056986686, -29.386981482076095 ], [ -71.315080977781889, -29.387425599586496 ], [ -71.315417130896222, -29.387576673245547 ], [ -71.31555063401764, -29.38782092082209 ], [ -71.31543185049766, -29.388226457012291 ], [ -71.314931830042994, -29.38875068970583 ], [ -71.314203061428628, -29.389346145360694 ], [ -71.313490746652704, -29.389537829443491 ], [ -71.312746245788958, -29.389438678744391 ], [ -71.312167922190397, -29.389897018289986 ], [ -71.312097759694936, -29.390189634626967 ], [ -71.312159576344229, -29.390659276866675 ], [ -71.312318668937408, -29.390903083664593 ], [ -71.312400998115308, -29.39114822252008 ], [ -71.312307779239049, -29.391553312674006 ], [ -71.31236959812172, -29.392022954629578 ], [ -71.312464107976609, -29.392805848277387 ], [ -71.312375452072345, -29.393412594904589 ], [ -71.311622565744429, -29.394075698093374 ], [ -71.311650444974475, -29.395308042618701 ], [ -71.311720376492957, -29.396136194079677 ], [ -71.311989430184724, -29.396714322329135 ], [ -71.312231881641011, -29.397248071548866 ], [ -71.311988682004511, -29.397812669010971 ], [ -71.311723953333839, -29.398556964708625 ], [ -71.311292017988819, -29.398698952512099 ], [ -71.311135448840844, -29.398567174850886 ], [ -71.31084942679027, -29.398370399185847 ], [ -71.310542383939151, -29.398375724921422 ], [ -71.310032664160261, -29.398474225791723 ], [ -71.309288605917203, -29.39839746196375 ], [ -71.30866235696827, -29.397870348737641 ], [ -71.307804818680054, -29.397302416163807 ], [ -71.306891790920005, -29.397676869441788 ], [ -71.306882892766311, -29.39841671748869 ], [ -71.306192035984964, -29.398428678094909 ], [ -71.305735003524305, -29.398593502205664 ] ] ] ] } },
{ "type": "Feature", "properties": { "fid": 81, "OBJECTID_1": 3, "OBJECTID": 3, "NOM_COM": "LA HIGUERA", "PROVINCIA": "ELQUI", "Z_COMUNAL": "ZONA INDUSTRIAL", "USO": "INTERES ECOLOGICO", "REGIONAL": "AREAS PARA ACTIVIDADES INDUSTRIALES, ECONOMICAS Y DE DESARROLLO", "Shape_Leng": 20240.6835106, "LEYENDA": "ZONA DE USO VARIABLE", "Shape__Area": 10561860.736328125, "Shape__Length": 20240.091365657794, "Nota": "La Zonificación de Uso del Borde Costero de la Región de Coquimbo, constituye un instrumento aún vigente, y que declara áreas con orientaciones de usos específicos, en el borde costero regional. Por lo tanto, se sugiere su uso de acuerdo a la microzonificación según se señala en todas las publicaciones, y que fué aprobada mediante Decreto Supremo Nº 518 Zonificación de Coquimbo, 12 de diciembre de 2005.", "Origen Dato": "https://gorecoquimbo.maps.arcgis.com/apps/CompareAnalysis/index.html?appid=b4f178d41fb24ab8a871596de568a2f7", "Mapa Completo": "https://www.gorecoquimbo.cl/gorecoquimbo/site/artic/20150722/asocfile/20150722092144/comunal.jpg", "Link Memoria": "https://www.gorecoquimbo.cl/gorecoquimbo/site/artic/20150722/asocfile/20150722091730/memoria_explicativa_zonifi.pdf" }, "geometry": { "type": "MultiPolygon", "coordinates": [ [ [ [ -71.431520933277014, -29.242466811177703 ], [ -71.433538556623461, -29.241230305239885 ], [ -71.437130259043855, -29.239144126060324 ], [ -71.439472029716811, -29.237703145949677 ], [ -71.442262662556743, -29.236109589786359 ], [ -71.442946541579516, -29.23545659809167 ], [ -71.444632320839617, -29.233684712557508 ], [ -71.44409780551311, -29.233614460263198 ], [ -71.443121502228962, -29.23349001926433 ], [ -71.44213257378037, -29.233610421540227 ], [ -71.44100331168093, -29.23375102318974 ], [ -71.438880572459553, -29.234448303255267 ], [ -71.436196351233278, -29.23063806184657 ], [ -71.435515324098247, -29.229673454433815 ], [ -71.433953101853845, -29.227174880062691 ], [ -71.436872104779781, -29.223495979458594 ], [ -71.440771607793963, -29.21892016326586 ], [ -71.442664847801012, -29.21560810650027 ], [ -71.443055454833754, -29.214922637400015 ], [ -71.443220298013415, -29.214580541084082 ], [ -71.444010948714322, -29.212928002815818 ], [ -71.444400463941918, -29.212057196668347 ], [ -71.444601311588499, -29.21160168743873 ], [ -71.447162027385886, -29.208586935672518 ], [ -71.448657670010917, -29.206457939516795 ], [ -71.449586463051887, -29.205135073477386 ], [ -71.452042518527406, -29.197838632661188 ], [ -71.45333826284012, -29.194408909502883 ], [ -71.454018592322299, -29.191429931425272 ], [ -71.454266986105225, -29.189267448692043 ], [ -71.454532219227573, -29.186918602955714 ], [ -71.455054421529823, -29.182515756815054 ], [ -71.454873819585004, -29.174932335684389 ], [ -71.439739025950431, -29.173458944262752 ], [ -71.440185878034526, -29.176200515605689 ], [ -71.440689027430139, -29.179287320852278 ], [ -71.441309862784394, -29.182496545064105 ], [ -71.442651260681131, -29.187478791656222 ], [ -71.441651513287439, -29.196915082987083 ], [ -71.438140636102688, -29.20365474517676 ], [ -71.430091831531598, -29.20809525588917 ], [ -71.426460257939311, -29.215432234889992 ], [ -71.424314904578608, -29.217398670844197 ], [ -71.422474104452917, -29.219085902225398 ], [ -71.419422153883815, -29.222244418876635 ], [ -71.415950350416736, -29.225049634300639 ], [ -71.415456902053435, -29.225464258484212 ], [ -71.414951902925509, -29.225888595510234 ], [ -71.414954254215672, -29.225890927482958 ], [ -71.41896416627695, -29.229884607585198 ], [ -71.421922775077007, -29.232799003959141 ], [ -71.424355406750692, -29.235208670481221 ], [ -71.428053368103789, -29.238930424901465 ], [ -71.431520933277014, -29.242466811177703 ] ] ] ] } },
{ "type": "Feature", "properties": { "fid": 82, "OBJECTID_1": 45, "OBJECTID": 45, "NOM_COM": "LA HIGUERA", "PROVINCIA": "ELQUI", "Z_COMUNAL": "ZONA DE ASENTAMIENTOS HUMANOS", "USO": "TURISMO INMOBILIARIO", "REGIONAL": "AREAS EN LAS CUALES EXISTEN ASENTAMIENTOS HUMANOS", "Shape_Leng": 20419.411103599999, "LEYENDA": "TURISMO INMOBILIARIO", "Shape__Area": 5462066.0646972656, "Shape__Length": 20418.805225411554, "Nota": "La Zonificación de Uso del Borde Costero de la Región de Coquimbo, constituye un instrumento aún vigente, y que declara áreas con orientaciones de usos específicos, en el borde costero regional. Por lo tanto, se sugiere su uso de acuerdo a la microzonificación según se señala en todas las publicaciones, y que fué aprobada mediante Decreto Supremo Nº 518 Zonificación de Coquimbo, 12 de diciembre de 2005.", "Origen Dato": "https://gorecoquimbo.maps.arcgis.com/apps/CompareAnalysis/index.html?appid=b4f178d41fb24ab8a871596de568a2f7", "Mapa Completo": "https://www.gorecoquimbo.cl/gorecoquimbo/site/artic/20150722/asocfile/20150722092144/comunal.jpg", "Link Memoria": "https://www.gorecoquimbo.cl/gorecoquimbo/site/artic/20150722/asocfile/20150722091730/memoria_explicativa_zonifi.pdf" }, "geometry": { "type": "MultiPolygon", "coordinates": [ [ [ [ -71.325039885979663, -29.555895059526772 ], [ -71.324176940709521, -29.556519848438668 ], [ -71.32370916744695, -29.556874777817679 ], [ -71.322707003669464, -29.558140563584217 ], [ -71.321915719159989, -29.558223758437801 ], [ -71.32152641251507, -29.558542621145108 ], [ -71.321299650358824, -29.559032022133852 ], [ -71.320546395120274, -29.560778878114643 ], [ -71.319961235389897, -29.561205184455059 ], [ -71.31961474095165, -29.561661997786842 ], [ -71.319354651014507, -29.562429365974122 ], [ -71.319364156895276, -29.562845289735069 ], [ -71.319656729198897, -29.563498978282567 ], [ -71.319861288836776, -29.56377279161698 ], [ -71.319548880120166, -29.563986290775841 ], [ -71.317908294610149, -29.565089832079625 ], [ -71.317087598097302, -29.565624263936002 ], [ -71.316434973554792, -29.566571849313871 ], [ -71.315089244266019, -29.568433039184864 ], [ -71.313910883047981, -29.56893901084554 ], [ -71.311550953331107, -29.569812295533573 ], [ -71.310296416547715, -29.570458265959505 ], [ -71.309669936710748, -29.570815902475307 ], [ -71.308890359346961, -29.571418926697916 ], [ -71.308507282156128, -29.57201503422802 ], [ -71.308199554986658, -29.572436476819444 ], [ -71.30804963340367, -29.572820497426804 ], [ -71.308034426694789, -29.573895654085909 ], [ -71.307891600788466, -29.574591608093741 ], [ -71.307633759221417, -29.575462942412962 ], [ -71.307446542651249, -29.575951626831024 ], [ -71.307656628443297, -29.576468091048245 ], [ -71.307787415189651, -29.576985924687083 ], [ -71.308237777459226, -29.577602226362501 ], [ -71.307475501808341, -29.578967759947414 ], [ -71.307173259699226, -29.57963180648613 ], [ -71.306440365776737, -29.580546073862596 ], [ -71.305139704123405, -29.580915404665447 ], [ -71.305248173383518, -29.582196454640311 ], [ -71.305028367455989, -29.582997777183355 ], [ -71.304918068086167, -29.583381097498524 ], [ -71.304051206948259, -29.583638868551681 ], [ -71.302872612438236, -29.584144762656802 ], [ -71.301659066295613, -29.584859285946688 ], [ -71.299979872593212, -29.586032639267287 ], [ -71.297402694242976, -29.587845654300111 ], [ -71.295724970363281, -29.589088278262135 ], [ -71.294346284887823, -29.590112369209528 ], [ -71.293310015171954, -29.590897987655993 ], [ -71.291789456583501, -29.592280553163494 ], [ -71.289948648354553, -29.593745393745294 ], [ -71.289576240802731, -29.594110086020883 ], [ -71.287985108080406, -29.596261526389036 ], [ -71.286306681748826, -29.598440051415771 ], [ -71.286137400523913, -29.598724468726438 ], [ -71.285636655578116, -29.601189768062351 ], [ -71.284947723497538, -29.604400436379013 ], [ -71.278251241764437, -29.603517572167366 ], [ -71.278131851568403, -29.603417259551446 ], [ -71.278404766237429, -29.604262866907302 ], [ -71.280334335465056, -29.606528045767757 ], [ -71.280493804867049, -29.607651020356467 ], [ -71.280305574122494, -29.608826862601681 ], [ -71.280267218567005, -29.609507647293359 ], [ -71.280420641835761, -29.610982035405737 ], [ -71.280174249457318, -29.611481586725095 ], [ -71.279768966324283, -29.612554223676408 ], [ -71.280704613606062, -29.612913373711653 ], [ -71.282265163624288, -29.613561963336611 ], [ -71.284443533201198, -29.614184883182748 ], [ -71.284895775687318, -29.612150807931641 ], [ -71.285188163423655, -29.61064483225466 ], [ -71.285824655235004, -29.60688149102705 ], [ -71.286068891455798, -29.605526427623811 ], [ -71.287225328648148, -29.603495228553093 ], [ -71.287639976518861, -29.602842669742351 ], [ -71.288530257213978, -29.601956765014247 ], [ -71.289366648334749, -29.600966724697379 ], [ -71.289704586893222, -29.600720741444103 ], [ -71.290402590076724, -29.599688049583847 ], [ -71.291363729984823, -29.598140484176255 ], [ -71.292599324243696, -29.597338648890943 ], [ -71.294317781919943, -29.597383991445671 ], [ -71.295030985254357, -29.598542392159271 ], [ -71.295308774059023, -29.599087661265276 ], [ -71.295361028483427, -29.599109418065972 ], [ -71.295468357742493, -29.599130839854016 ], [ -71.295522234927446, -29.599153278495997 ], [ -71.295575583873941, -29.599152355356367 ], [ -71.2956300931763, -29.599198044754608 ], [ -71.295657080308231, -29.59920930921345 ], [ -71.295710703218433, -29.599220020717329 ], [ -71.295764569975915, -29.599242450415773 ], [ -71.29581828683331, -29.59925316115131 ], [ -71.296191924721285, -29.599246694495804 ], [ -71.296298197622633, -29.599221493136984 ], [ -71.296351546596384, -29.59922057058532 ], [ -71.29640473606635, -29.599208010434232 ], [ -71.296458083976702, -29.599207086956202 ], [ -71.29651116920418, -29.599194528567583 ], [ -71.296617959932661, -29.599192679861872 ], [ -71.296725299589752, -29.599214091416439 ], [ -71.296779166539693, -29.599236520690731 ], [ -71.296832884483692, -29.599247230089897 ], [ -71.296846463586419, -29.599258727342654 ], [ -71.296873448767698, -29.599269899563271 ], [ -71.296914012844482, -29.599292559103496 ], [ -71.296967890417434, -29.599314998037375 ], [ -71.297075749583868, -29.599359771191232 ], [ -71.297129361129436, -29.599370473287319 ], [ -71.297183345069811, -29.599392910288209 ], [ -71.297436877961701, -29.599388519813942 ], [ -71.297450816710523, -29.599411640281581 ], [ -71.297504164709267, -29.599410717279142 ], [ -71.297556983114447, -29.599386439762426 ], [ -71.29761043737912, -29.599385514877277 ], [ -71.297663521491245, -29.599372956048047 ], [ -71.297796146393864, -29.599335657650251 ], [ -71.297849599570441, -29.599334731786307 ], [ -71.297902418692544, -29.599310446004335 ], [ -71.297955608177219, -29.59929789425685 ], [ -71.298219797600311, -29.599176572474885 ], [ -71.298272458085123, -29.599140658891571 ], [ -71.298377142701327, -29.599045470912365 ], [ -71.298415855720989, -29.598986520058819 ], [ -71.298480929257053, -29.598915390053897 ], [ -71.298506064203195, -29.598844952002 ], [ -71.298544508941831, -29.598774181395591 ], [ -71.298569908812837, -29.598715470190037 ], [ -71.298582955920665, -29.598703511780371 ], [ -71.298582163237, -29.598668524232252 ], [ -71.298594682671762, -29.598633306030859 ], [ -71.298634189149823, -29.598609342655227 ], [ -71.298672636030219, -29.59853867392091 ], [ -71.298699368583428, -29.598538210719145 ], [ -71.298725559984874, -29.598514395035501 ], [ -71.298765075853069, -29.598490348463567 ], [ -71.299135099173967, -29.598320550341885 ], [ -71.299187653634647, -29.598284638256295 ], [ -71.299240472923543, -29.598260443984614 ], [ -71.299293132564173, -29.598224530036482 ], [ -71.299346213713747, -29.598211877691483 ], [ -71.299453014565188, -29.598210027465456 ], [ -71.299559181206362, -29.598184917415654 ], [ -71.299598261469058, -29.598137507288175 ], [ -71.299650286713558, -29.598078334372623 ], [ -71.299702044463942, -29.598007332690191 ], [ -71.299754968725182, -29.59798313640254 ], [ -71.299794462459786, -29.597959089922004 ], [ -71.299807775508754, -29.597958859134149 ], [ -71.299847557059095, -29.597946539091755 ], [ -71.299900893857895, -29.597945614444541 ], [ -71.2999538169788, -29.597921326081522 ], [ -71.300007164078934, -29.597920401213429 ], [ -71.30016651740884, -29.597882637142529 ], [ -71.30027225942959, -29.597834163037415 ], [ -71.30035073968989, -29.597762790697402 ], [ -71.300377194612054, -29.597750608657158 ], [ -71.300481877896203, -29.597655512065703 ], [ -71.300534430276414, -29.597619590487316 ], [ -71.300692986382614, -29.597546745449069 ], [ -71.300745539864906, -29.59751083279351 ], [ -71.300784779301367, -29.597475151020586 ], [ -71.300837426611807, -29.597439236703543 ], [ -71.300836633190841, -29.597404249204239 ], [ -71.300876148950678, -29.597380285031942 ], [ -71.300928170741244, -29.597321009768152 ], [ -71.300941315682792, -29.597309152288016 ], [ -71.301033645692371, -29.597260817301095 ], [ -71.301086188584563, -29.597224904702557 ], [ -71.301112391276007, -29.597201171376923 ], [ -71.301125173888494, -29.597177587823786 ], [ -71.301137256878164, -29.597119015147555 ], [ -71.301171993500716, -29.596885023399789 ], [ -71.301197560506139, -29.596837939249053 ], [ -71.3012891913407, -29.596754614972014 ], [ -71.301328961693386, -29.596742285679422 ], [ -71.301381777747665, -29.596718007656165 ], [ -71.301394126680904, -29.596671152763857 ], [ -71.301433907304968, -29.596658823263102 ], [ -71.301432582063185, -29.596600473237206 ], [ -71.301480089215403, -29.596342907978268 ], [ -71.301545531327108, -29.596283491704888 ], [ -71.301585034078016, -29.596259435547104 ], [ -71.301676571265446, -29.596176205571854 ], [ -71.301714749802173, -29.596093808359804 ], [ -71.301738555478153, -29.595965019825368 ], [ -71.301776471724608, -29.595871080649911 ], [ -71.301815710181629, -29.595835398617645 ], [ -71.301828228169015, -29.595800179274839 ], [ -71.30184111673519, -29.595776593822681 ], [ -71.301867200201556, -29.595752770413757 ], [ -71.301905644847452, -29.595682100876186 ], [ -71.301943557706366, -29.595588068797369 ], [ -71.301900345363165, -29.595448803615916 ], [ -71.301870541998184, -29.595309314788178 ], [ -71.301896108323234, -29.595262230531439 ], [ -71.301935082202291, -29.595214912740072 ], [ -71.301974318272741, -29.595179138692259 ], [ -71.302027241733228, -29.595154950597035 ], [ -71.30210731889656, -29.595153561133785 ], [ -71.302120884313197, -29.595164956145368 ], [ -71.302411356154707, -29.595169301441242 ], [ -71.30246709659464, -29.59512394788397 ], [ -71.302519753447868, -29.595088032788354 ], [ -71.302611277460031, -29.595004801548054 ], [ -71.302650249861756, -29.594957392469965 ], [ -71.302663033744466, -29.594933891760061 ], [ -71.303020752797792, -29.594704409280276 ], [ -71.303085068199223, -29.594704826478875 ], [ -71.303137988827785, -29.594680536966486 ], [ -71.303217525337075, -29.594655877401671 ], [ -71.303377136597049, -29.594629744619979 ], [ -71.303537268267931, -29.59462696443746 ], [ -71.303696879393627, -29.594600832179427 ], [ -71.30372307151481, -29.594577098560126 ], [ -71.30377589615334, -29.59455281948863 ], [ -71.303815397660884, -29.594528761823806 ], [ -71.303828277382564, -29.594505268369211 ], [ -71.303841323346035, -29.594493310399667 ], [ -71.303905425222212, -29.594375554159608 ], [ -71.303942551707678, -29.594246533999979 ], [ -71.303923830108133, -29.594013470025818 ], [ -71.303883533200946, -29.594002530368538 ], [ -71.303868363527471, -29.593921068001187 ], [ -71.303840308952175, -29.59386327509333 ], [ -71.303799481224203, -29.59382898189871 ], [ -71.303784588161662, -29.593759229004977 ], [ -71.303770744821094, -29.593736106653203 ], [ -71.303780345833871, -29.593572563236911 ], [ -71.303819582709579, -29.593536880686436 ], [ -71.303911369625524, -29.593465275351182 ], [ -71.303951137513081, -29.593452954389146 ], [ -71.30397732617034, -29.59342912877101 ], [ -71.304069123377374, -29.593357531273661 ], [ -71.304082795227075, -29.593368933260663 ], [ -71.304093721094389, -29.593263730789044 ], [ -71.304118319782972, -29.593169929381393 ], [ -71.30415624217639, -29.593075988601658 ], [ -71.304168493702107, -29.593029052187077 ], [ -71.304181105524279, -29.592993831924598 ], [ -71.30420745538899, -29.592981734897819 ], [ -71.304272626339554, -29.59291060059105 ], [ -71.30429881579677, -29.592886773999602 ], [ -71.304376770893526, -29.592792138789807 ], [ -71.304468024700185, -29.592697179636108 ], [ -71.304532654992627, -29.59260269278106 ], [ -71.304583876697109, -29.592508428876602 ], [ -71.304766492678297, -29.592318601290213 ], [ -71.304898043027691, -29.592234582185174 ], [ -71.305057757069321, -29.592208528736965 ], [ -71.305138086044067, -29.592218772563083 ], [ -71.305217364917127, -29.592182393947219 ], [ -71.305282960578367, -29.592134613618736 ], [ -71.305374573551973, -29.592051287054637 ], [ -71.305399180129086, -29.591957486214067 ], [ -71.305462113984262, -29.591793108065225 ], [ -71.305488577049218, -29.591780925834932 ], [ -71.305514768042954, -29.59175719191451 ], [ -71.305554532747877, -29.591744769515682 ], [ -71.305607347240993, -29.591720581969746 ], [ -71.305687154712601, -29.591707463701759 ], [ -71.305766688414508, -29.591682811775147 ], [ -71.305845966424116, -29.591646423797773 ], [ -71.305845699834236, -29.591634706025598 ], [ -71.305898342092377, -29.591598780011214 ], [ -71.305911390776586, -29.591586922848403 ], [ -71.306015264452313, -29.591456743064057 ], [ -71.306106515528356, -29.591361782913225 ], [ -71.306186049671467, -29.591337121718304 ], [ -71.306238967971353, -29.591312840110003 ], [ -71.306637965282235, -29.59124754125757 ], [ -71.306704462220708, -29.591234746712718 ], [ -71.306717242612265, -29.591211152792404 ], [ -71.306796775659052, -29.591186501182609 ], [ -71.306955317812992, -29.59111364034219 ], [ -71.307035380157032, -29.591112248275515 ], [ -71.30711465743029, -29.591075868603319 ], [ -71.307194190033741, -29.59105120684605 ], [ -71.307274253346776, -29.591049814620025 ], [ -71.307353529670877, -29.591013444749532 ], [ -71.307567104635609, -29.591009730519581 ], [ -71.307594363591789, -29.591032526223302 ], [ -71.307674693662094, -29.591042851514839 ], [ -71.307754489105719, -29.591029741259867 ], [ -71.307834022522556, -29.591005079111103 ], [ -71.307899349314823, -29.590945579831924 ], [ -71.307912766608666, -29.590945346450251 ], [ -71.307910377365218, -29.590840374488767 ], [ -71.307868752994324, -29.590771096100575 ], [ -71.307867424572024, -29.590712755305493 ], [ -71.30798672062582, -29.590675670029562 ], [ -71.30806704854443, -29.590685912133111 ], [ -71.308147919679314, -29.590719599454712 ], [ -71.308227982676627, -29.590718206667614 ], [ -71.308308851789775, -29.590751801904865 ], [ -71.308336101747926, -29.590774606631005 ], [ -71.30837666460431, -29.590797262736118 ], [ -71.308403553647182, -29.59080843432756 ], [ -71.308431336595461, -29.590854684474014 ], [ -71.30848903433585, -29.591040326891775 ], [ -71.308530129457793, -29.591086345399273 ], [ -71.308636816850267, -29.59108448911801 ], [ -71.30867631603212, -29.591060440048651 ], [ -71.308702778253874, -29.591048247287308 ], [ -71.308715560261589, -29.591024746083736 ], [ -71.308742013408988, -29.59101256339644 ], [ -71.308755049082976, -29.591000697172536 ], [ -71.30876793525124, -29.59097710213382 ], [ -71.308846138331432, -29.590894099559137 ], [ -71.308859450367848, -29.590893867913476 ], [ -71.308926476792649, -29.590904340948075 ], [ -71.308953727987983, -29.590927237536704 ], [ -71.309089260410062, -29.591018243990625 ], [ -71.309116522010669, -29.59104114126399 ], [ -71.309170395095791, -29.591063473454554 ], [ -71.309250725489335, -29.591073806798981 ], [ -71.309330000812082, -29.591037425864684 ], [ -71.309408999589337, -29.590989318285882 ], [ -71.309488796583224, -29.590976289965376 ], [ -71.309569135147612, -29.590986530957757 ], [ -71.309609166196253, -29.590985834144981 ], [ -71.309623381788157, -29.591020587870666 ], [ -71.309650261778671, -29.591031852279272 ], [ -71.309704763085136, -29.591077535095192 ], [ -71.3097332575135, -29.591158690735071 ], [ -71.309815019676378, -29.591227269744437 ], [ -71.309815286720493, -29.591238987484484 ], [ -71.309895615196268, -29.591249228445211 ], [ -71.309975145246611, -29.591224482085881 ], [ -71.30998792696974, -29.591200980775017 ], [ -71.310014646046113, -29.591200516498166 ], [ -71.31006481082396, -29.591059637530851 ], [ -71.310045746754412, -29.590788928229021 ], [ -71.310045117870217, -29.590779858251143 ], [ -71.310015731224951, -29.59066372696358 ], [ -71.310026383720498, -29.590546805671714 ], [ -71.310052305172619, -29.590511352302556 ], [ -71.310118790763909, -29.590498556273189 ], [ -71.310212439923887, -29.590508565140972 ], [ -71.310226655639582, -29.590543318796705 ], [ -71.310254333038969, -29.590589570372082 ], [ -71.310321891655093, -29.590623395215179 ], [ -71.310416860507431, -29.590691744802392 ], [ -71.310524440050074, -29.590724881669818 ], [ -71.310630966911802, -29.590711387203232 ], [ -71.31073722638881, -29.59068616590141 ], [ -71.310750538380148, -29.590685934067579 ], [ -71.310763052711536, -29.590650714960429 ], [ -71.310789506348868, -29.5906386148644 ], [ -71.310829004807729, -29.590614565189377 ], [ -71.310881550987943, -29.590578648870672 ], [ -71.310906152110789, -29.590484846382733 ], [ -71.31090216441865, -29.590309900095466 ], [ -71.31086105937932, -29.590263975440557 ], [ -71.31083301048524, -29.590206100098932 ], [ -71.310790841529609, -29.590113460472374 ], [ -71.310789778626315, -29.590066838427806 ], [ -71.310801601276921, -29.589996620273958 ], [ -71.310813848376384, -29.589949683430174 ], [ -71.310919311419909, -29.589889566734342 ], [ -71.31101082162624, -29.58980623828224 ], [ -71.311037808723157, -29.589817500551625 ], [ -71.311061068838072, -29.589665348531948 ], [ -71.311045003614908, -29.589548985462258 ], [ -71.311015720450172, -29.589432759684986 ], [ -71.311013062045276, -29.589316162195772 ], [ -71.311050964299653, -29.589222128016399 ], [ -71.311154458330449, -29.589080310814509 ], [ -71.311245276168322, -29.588961994022608 ], [ -71.311309272021376, -29.588844226484305 ], [ -71.311307411127544, -29.588762616277641 ], [ -71.311280530791109, -29.588751362116344 ], [ -71.311279457403927, -29.588704740258059 ], [ -71.311225487960911, -29.588682308626563 ], [ -71.311211113407438, -29.588635927470857 ], [ -71.311157504236704, -29.588625129826724 ], [ -71.311010153780927, -29.588604417482145 ], [ -71.310876644529444, -29.588606741799389 ], [ -71.310823833219942, -29.58863094031636 ], [ -71.310717310660067, -29.588644526803446 ], [ -71.310623938747796, -29.588646152793416 ], [ -71.310610094493001, -29.588623023069999 ], [ -71.310502772279719, -29.588601529213843 ], [ -71.310421914639221, -29.588567935973192 ], [ -71.310380289424373, -29.588498648474516 ], [ -71.310339994400707, -29.588487719707931 ], [ -71.310326043962078, -29.588464591799994 ], [ -71.310243326478712, -29.588349388168719 ], [ -71.310080535848385, -29.588235486518482 ], [ -71.309918012601386, -29.588133302391459 ], [ -71.309768812882268, -29.588030895149718 ], [ -71.309728241416977, -29.58800832167832 ], [ -71.309713336378167, -29.587938578748393 ], [ -71.309672773410156, -29.58791592301537 ], [ -71.3096701156488, -29.58779923338917 ], [ -71.309680770368814, -29.587682395037294 ], [ -71.309665067192384, -29.587577663895342 ], [ -71.309663205621462, -29.587495961596566 ], [ -71.30962237858337, -29.587461662016437 ], [ -71.309512669530804, -29.587335297282568 ], [ -71.309234622243423, -29.586919103480163 ], [ -71.309220227827112, -29.586803605901338 ], [ -71.3092464148, -29.58677978838055 ], [ -71.309248192462348, -29.586771102320071 ], [ -71.309270381690453, -29.586662728288264 ], [ -71.309282990842405, -29.586627497728767 ], [ -71.309335267470772, -29.586579855333181 ], [ -71.309361199832765, -29.586544411843622 ], [ -71.309451903072329, -29.586426180339341 ], [ -71.309529314453798, -29.586308097123197 ], [ -71.30959340604818, -29.586190338620053 ], [ -71.309695030974083, -29.585753551032166 ], [ -71.309729592993548, -29.585721200464228 ], [ -71.309768038977211, -29.585650527970248 ], [ -71.30979438624793, -29.585638429960444 ], [ -71.309820051894789, -29.585591342612339 ], [ -71.30996393324827, -29.585460462738713 ], [ -71.310082169434452, -29.585376670663937 ], [ -71.310160633319455, -29.58530529238859 ], [ -71.31022579635686, -29.585234155555955 ], [ -71.310277796589915, -29.585174887256908 ], [ -71.310276734135513, -29.585128265160741 ], [ -71.310416638599534, -29.584822438179263 ], [ -71.310507350505816, -29.584704205877575 ], [ -71.310624787933676, -29.584585425172552 ], [ -71.310755633298399, -29.584466503816913 ], [ -71.310926931700763, -29.584370146749666 ], [ -71.311072426926771, -29.58430924996286 ], [ -71.311177605487501, -29.584237406779824 ], [ -71.311283062793876, -29.584177299099057 ], [ -71.311374568682666, -29.584093961590245 ], [ -71.311399690509091, -29.584023521651559 ], [ -71.311438399788798, -29.583964474512658 ], [ -71.311451710891319, -29.583964242656208 ], [ -71.311449052595989, -29.583847646008675 ], [ -71.311474175331853, -29.583777205139853 ], [ -71.311511545134337, -29.583659911260721 ], [ -71.311588941827836, -29.58354182722147 ], [ -71.311601720204877, -29.583518232919484 ], [ -71.311654102539975, -29.583470679865894 ], [ -71.311719689589609, -29.583422896765668 ], [ -71.311864108297343, -29.58331536832403 ], [ -71.311982597490044, -29.583243300783096 ], [ -71.312087773440894, -29.583171373980825 ], [ -71.312298576849926, -29.58305104816996 ], [ -71.312404562760904, -29.583014200211796 ], [ -71.312510004601705, -29.582953999869865 ], [ -71.312615724939732, -29.582905516984162 ], [ -71.312720807253953, -29.582833683355517 ], [ -71.312826527151984, -29.582785191295454 ], [ -71.312931701983146, -29.582713262975819 ], [ -71.313037432169409, -29.582664779597067 ], [ -71.313142502574721, -29.582592945859471 ], [ -71.313234378513741, -29.582521342040067 ], [ -71.313365388462529, -29.582414044883901 ], [ -71.313496216411068, -29.582295029295448 ], [ -71.313732146348144, -29.582104260955553 ], [ -71.313812201197365, -29.58210286518656 ], [ -71.313851695690587, -29.582078814802248 ], [ -71.314064624861956, -29.58205182327638 ], [ -71.314171396217745, -29.582049961424342 ], [ -71.314277645885923, -29.58202474681374 ], [ -71.314370479240651, -29.581999757074705 ], [ -71.314383364339932, -29.5819762626112 ], [ -71.314595757898417, -29.581925825799239 ], [ -71.314809311623549, -29.581922101873399 ], [ -71.314915457833024, -29.581896980584247 ], [ -71.315022240310043, -29.581895117858892 ], [ -71.31512848935246, -29.581869893568616 ], [ -71.315234461519935, -29.581833043663703 ], [ -71.31533954056583, -29.581761199092764 ], [ -71.315431414131552, -29.581689593868294 ], [ -71.315562420792489, -29.581582303731899 ], [ -71.315679838094525, -29.581463510179368 ], [ -71.315797788711521, -29.581368078907591 ], [ -71.315888596707424, -29.581249850558716 ], [ -71.315992715205411, -29.58113139076745 ], [ -71.316123442368095, -29.581012373596298 ], [ -71.316176246318605, -29.580988081246208 ], [ -71.316294846166031, -29.580916009010679 ], [ -71.316439950327393, -29.580843464125444 ], [ -71.316545389476573, -29.580783352791205 ], [ -71.316636888138717, -29.580700021933268 ], [ -71.316767986941187, -29.580592720055542 ], [ -71.31687210374136, -29.580474259655698 ], [ -71.31691159764118, -29.580450198491086 ], [ -71.316963601837159, -29.580390927696794 ], [ -71.316976646560775, -29.580379060575581 ], [ -71.317003096772993, -29.580366959408728 ], [ -71.317042590825579, -29.580342908128284 ], [ -71.317174498811426, -29.580270602800194 ], [ -71.317280640290704, -29.580245378739054 ], [ -71.3173073563228, -29.580244912248993 ], [ -71.317387687824436, -29.580255240938222 ], [ -71.317441814305894, -29.580289297810058 ], [ -71.31746906217343, -29.58031210075162 ], [ -71.317496589214741, -29.58034662118423 ], [ -71.317550194229597, -29.580357407461527 ], [ -71.317656974907351, -29.580355543606899 ], [ -71.317762945498529, -29.580318691791874 ], [ -71.317868551980311, -29.580270113959763 ], [ -71.317974000977031, -29.580210001365266 ], [ -71.318052187167169, -29.580126893081562 ], [ -71.318065337159808, -29.580115033041366 ], [ -71.318130385835616, -29.580043884674836 ], [ -71.318155502070312, -29.579973443726672 ], [ -71.31819446053747, -29.579926029805968 ], [ -71.318247266540396, -29.57990182955043 ], [ -71.318299908772687, -29.579865907961697 ], [ -71.318419731439931, -29.57985209241583 ], [ -71.318526235173579, -29.579838593346619 ], [ -71.31863157597941, -29.579778390128478 ], [ -71.318671078449583, -29.579754328312852 ], [ -71.318705773260817, -29.579520426812088 ], [ -71.318703094874238, -29.579403747000644 ], [ -71.318674618006085, -29.579322593006427 ], [ -71.318684995187709, -29.579194036700869 ], [ -71.31869829424781, -29.57919380435013 ], [ -71.318722887273623, -29.579100010709205 ], [ -71.318735397408517, -29.579064781102016 ], [ -71.318774891619967, -29.579040822252367 ], [ -71.318801340161627, -29.579028627854289 ], [ -71.318880058195404, -29.578968889618874 ], [ -71.318971137705944, -29.578862284939238 ], [ -71.318995081696869, -29.57874522385363 ], [ -71.319037854003341, -29.578277708974962 ], [ -71.319035188408762, -29.578161102916578 ], [ -71.319059130092782, -29.578043948938117 ], [ -71.3190964893206, -29.577926653420803 ], [ -71.3191351918788, -29.577867604355934 ], [ -71.319160573050269, -29.577808797986382 ], [ -71.319186222174622, -29.577761709299182 ], [ -71.31923795863166, -29.577690802096267 ], [ -71.319315343853802, -29.577572798052884 ], [ -71.319352700520753, -29.577455409598375 ], [ -71.319363450245049, -29.577338578128 ], [ -71.319321290190942, -29.577245941001671 ], [ -71.319307873785732, -29.577246175456143 ], [ -71.319267048276799, -29.577211887767358 ], [ -71.31922568850905, -29.5771542377347 ], [ -71.3191712870657, -29.577108556893574 ], [ -71.319169686601839, -29.577038572703426 ], [ -71.319209177821676, -29.577014520883299 ], [ -71.319341498483453, -29.576965568114996 ], [ -71.319447475225232, -29.576928714982682 ], [ -71.319525936337214, -29.576857332518458 ], [ -71.319551583179859, -29.576810160813309 ], [ -71.319576432454241, -29.576728075003128 ], [ -71.319588942279466, -29.576692855255502 ], [ -71.319520867529448, -29.576635672206734 ], [ -71.319531871800621, -29.576530475645026 ], [ -71.319530005244204, -29.576448866664158 ], [ -71.319540646377817, -29.576331945055905 ], [ -71.319564695344283, -29.5762148721183 ], [ -71.319576404894065, -29.576144665242502 ], [ -71.319655921604891, -29.576119913780399 ], [ -71.319589893148759, -29.576170229729499 ], [ -71.319863109175913, -29.57599179761451 ], [ -71.32003721965232, -29.575761592540299 ], [ -71.319991653573879, -29.575624000311546 ], [ -71.320003084192422, -29.575542065989733 ], [ -71.320029544332954, -29.575529973119004 ], [ -71.320028475709947, -29.575483259295968 ], [ -71.320040452940546, -29.575424770077309 ], [ -71.320053057360767, -29.575389547736329 ], [ -71.320117033347003, -29.575271694687412 ], [ -71.320221140794231, -29.57515322216231 ], [ -71.320273940899611, -29.575128937398432 ], [ -71.32033988058835, -29.575092783535396 ], [ -71.320392785628883, -29.575068486968174 ], [ -71.320418328336572, -29.575021399933384 ], [ -71.320458098153509, -29.575009075195197 ], [ -71.320470968378217, -29.574985478522329 ], [ -71.320484278217563, -29.574985245824259 ], [ -71.320496787549246, -29.574950026011432 ], [ -71.320536811960253, -29.574949326246905 ], [ -71.320601160668247, -29.57484319786073 ], [ -71.320678542287709, -29.574725192278596 ], [ -71.320742612047951, -29.574607336418378 ], [ -71.320782112270919, -29.574583284013372 ], [ -71.320781311678374, -29.574548296904872 ], [ -71.320834102911206, -29.574524095084229 ], [ -71.320873603884095, -29.574500032717054 ], [ -71.320886742547998, -29.57448817352779 ], [ -71.320939542139882, -29.574463888524267 ], [ -71.321058024509199, -29.574391804502792 ], [ -71.321188845411655, -29.57427286503194 ], [ -71.321278998260297, -29.57413119105474 ], [ -71.321423128461888, -29.574012026724876 ], [ -71.321488970856521, -29.573975865007096 ], [ -71.321500507513548, -29.573894021656162 ], [ -71.321470651954598, -29.573531893884269 ], [ -71.321777075002018, -29.573379480460304 ], [ -71.321997724870315, -29.573041645089095 ], [ -71.322269554139027, -29.572919978864967 ], [ -71.322394115047288, -29.572843464348257 ], [ -71.322349278806826, -29.572404095486142 ], [ -71.32233038569629, -29.572245825913903 ], [ -71.322341291977637, -29.572140630900591 ], [ -71.322444316179968, -29.571975545208893 ], [ -71.322483549388153, -29.571939847723144 ], [ -71.32250919352586, -29.5718926665391 ], [ -71.322587372188721, -29.571809657037296 ], [ -71.322666628587797, -29.57177326819405 ], [ -71.322745605068633, -29.571725153721889 ], [ -71.322930554495017, -29.571640275597577 ], [ -71.322969241480124, -29.571581235733245 ], [ -71.323033841583566, -29.571486731335838 ], [ -71.323071739390343, -29.571392787161184 ], [ -71.323122935051842, -29.571298517321733 ], [ -71.323213992433409, -29.571191919450666 ], [ -71.323292168751806, -29.571108900586676 ], [ -71.323370077791793, -29.571014173019204 ], [ -71.323396161261158, -29.570990344815122 ], [ -71.323395093392392, -29.570943723052913 ], [ -71.323434581248193, -29.570919670138533 ], [ -71.323446649948096, -29.570861086149872 ], [ -71.323459157823734, -29.570825866121428 ], [ -71.323430308633931, -29.570733090189734 ], [ -71.323402085257854, -29.570663489104184 ], [ -71.323388148339731, -29.570640463342091 ], [ -71.323347324132982, -29.570606166888588 ], [ -71.32334572143931, -29.570536192757007 ], [ -71.323330540925099, -29.570454723993105 ], [ -71.323341704187087, -29.570361247685518 ], [ -71.323339566635838, -29.570267920283218 ], [ -71.323253111830596, -29.569989404868931 ], [ -71.323237665247333, -29.569896310394601 ], [ -71.323235527419044, -29.569802964943356 ], [ -71.323260104190965, -29.569709169971134 ], [ -71.323311041976964, -29.569603275147209 ], [ -71.323402527185408, -29.569520022407559 ], [ -71.323467125714075, -29.569425518767677 ], [ -71.323493047736292, -29.569390063938936 ], [ -71.323532534967214, -29.569366010122749 ], [ -71.323566544874126, -29.569314534301103 ], [ -71.323442700748103, -29.569142952351513 ], [ -71.323404444587908, -29.569018221356092 ], [ -71.323455372412397, -29.568912316736764 ], [ -71.323558935101431, -29.568770498706218 ], [ -71.32361173089015, -29.56874620379936 ], [ -71.323717953644717, -29.568720982648049 ], [ -71.323878052434864, -29.568718179970045 ], [ -71.323905310596416, -29.56874106540096 ], [ -71.323959177653521, -29.568763493101422 ], [ -71.3240126137338, -29.568762557576644 ], [ -71.324119265156909, -29.568760691229439 ], [ -71.324198774672922, -29.56873592747549 ], [ -71.324225497859288, -29.568735459577674 ], [ -71.324330918789826, -29.568675250892582 ], [ -71.324370150326729, -29.568639562857996 ], [ -71.324409638972838, -29.568615592670564 ], [ -71.324435827050962, -29.568591772378259 ], [ -71.324515326051781, -29.568567009527854 ], [ -71.324620919199418, -29.568518519967114 ], [ -71.324834454517543, -29.568514780351638 ], [ -71.324847228302005, -29.568491194915108 ], [ -71.324952392050008, -29.568419341878187 ], [ -71.324922996844506, -29.568303213209788 ], [ -71.324909687923437, -29.568303446305052 ], [ -71.324801058513316, -29.56822361436431 ], [ -71.324719936543701, -29.568178393704315 ], [ -71.324692155486176, -29.568132239774034 ], [ -71.324584156630593, -29.568075767343011 ], [ -71.3243695653548, -29.568032884556789 ], [ -71.324275666715394, -29.568011157037919 ], [ -71.324262262925089, -29.568011391727875 ], [ -71.32418167446923, -29.567989441013363 ], [ -71.324141120022603, -29.567966881347289 ], [ -71.324087253345738, -29.567944452795544 ], [ -71.32407287451521, -29.567897981080076 ], [ -71.324057600968359, -29.567816597004789 ], [ -71.324056265531183, -29.567758257561003 ], [ -71.324095218954739, -29.567710935116239 ], [ -71.324081148248808, -29.567628541240591 ], [ -71.324167143862056, -29.567355136175898 ], [ -71.324223304162842, -29.56689189449375 ], [ -71.324221165895622, -29.566798558083441 ], [ -71.324192305193066, -29.566705698556856 ], [ -71.324176860392015, -29.566612688034464 ], [ -71.324174722191756, -29.566519351617146 ], [ -71.324159286666244, -29.566426248006394 ], [ -71.324101577721478, -29.566240603555386 ], [ -71.324099439829325, -29.566147276145596 ], [ -71.324070684472545, -29.566054405708222 ], [ -71.324024253013263, -29.565775198920658 ], [ -71.32401997706954, -29.565588526942566 ], [ -71.323991129187192, -29.565495750110568 ], [ -71.323975682911666, -29.565402655663966 ], [ -71.323946822732907, -29.565309787916114 ], [ -71.323904664381146, -29.565217152048113 ], [ -71.323849732665963, -29.565148110521108 ], [ -71.323793904600251, -29.565044074526352 ], [ -71.323711716895403, -29.564952231291471 ], [ -71.323574596962146, -29.564791255233846 ], [ -71.323546549084554, -29.564733382388464 ], [ -71.323519570815066, -29.564722215202202 ], [ -71.323518234617012, -29.564663866709214 ], [ -71.323529500741117, -29.564570304648612 ], [ -71.323554515185634, -29.564499864601835 ], [ -71.323553981209699, -29.564476502281359 ], [ -71.323580160086138, -29.56445276533562 ], [ -71.323574057925256, -29.564370870581794 ], [ -71.323516516524592, -29.564273634960834 ], [ -71.323385575241886, -29.564192843427282 ], [ -71.323317648239836, -29.564060604309873 ], [ -71.323317114348583, -29.564037242885693 ], [ -71.323249037605876, -29.563980162498947 ], [ -71.323241892955778, -29.563961156807359 ], [ -71.323064081497009, -29.56384347670927 ], [ -71.323071368644534, -29.563760266853908 ], [ -71.323122290110874, -29.563690629312664 ], [ -71.323187696944046, -29.563631111945622 ], [ -71.323227184255813, -29.563607152104311 ], [ -71.323252731288335, -29.563559971614946 ], [ -71.323265868103448, -29.563548102345056 ], [ -71.323290347815117, -29.563454309049156 ], [ -71.323316527562298, -29.563430573046848 ], [ -71.323312788210814, -29.563267261416161 ], [ -71.323332288434059, -29.562951807186682 ], [ -71.323358103573128, -29.56291634436203 ], [ -71.323396255556915, -29.562834035051083 ], [ -71.323528392564782, -29.562773350593954 ], [ -71.323528126352684, -29.56276172489871 ], [ -71.323634086647345, -29.562724860224041 ], [ -71.323794165675835, -29.562722058342121 ], [ -71.323833660680421, -29.562698005280986 ], [ -71.323899484961643, -29.562661851956239 ], [ -71.323939249312446, -29.562649516521326 ], [ -71.323964357984579, -29.562579074758837 ], [ -71.323961152570035, -29.562439116467587 ], [ -71.323986794923115, -29.562391934184756 ], [ -71.323999301772758, -29.562356714131415 ], [ -71.324024678714807, -29.562297990034025 ], [ -71.324077216195789, -29.562262069219958 ], [ -71.324089283021934, -29.562203494215041 ], [ -71.32412903582356, -29.562191158932166 ], [ -71.324234621680247, -29.562142577989437 ], [ -71.324353889367345, -29.562105488820418 ], [ -71.324353087949575, -29.562070501734986 ], [ -71.324405708742376, -29.562034579339731 ], [ -71.3244158119075, -29.561894388064168 ], [ -71.324409400014076, -29.561614470637657 ], [ -71.324433707752505, -29.561509041703502 ], [ -71.324473737066597, -29.561508340860179 ], [ -71.324485443224773, -29.561438132766522 ], [ -71.324511084095988, -29.561390951322792 ], [ -71.324550035063822, -29.561343628847986 ], [ -71.324562807904925, -29.561320033541648 ], [ -71.324706636885196, -29.561189141050576 ], [ -71.324746134221527, -29.561165179720156 ], [ -71.324772576438946, -29.561152985314685 ], [ -71.324812328740151, -29.561140649852305 ], [ -71.324878268222164, -29.561104494067422 ], [ -71.325064693928965, -29.561089590007136 ], [ -71.325251491369698, -29.561086318546895 ], [ -71.32535878441071, -29.561107719003985 ], [ -71.325465010980068, -29.561082579670469 ], [ -71.325464475834593, -29.561059227307304 ], [ -71.325531100243865, -29.561058060316729 ], [ -71.325544247819082, -29.561046190650647 ], [ -71.325570061943623, -29.561010737374509 ], [ -71.325649830712152, -29.560997607792377 ], [ -71.325688887227514, -29.560950283156881 ], [ -71.325688618679706, -29.560938565495295 ], [ -71.325805478494999, -29.560796504032531 ], [ -71.325895616962768, -29.560654910605326 ], [ -71.32592152576413, -29.560619455608617 ], [ -71.325984418008403, -29.560454977718017 ], [ -71.326088760663211, -29.560348136426803 ], [ -71.326194717628212, -29.560311278901079 ], [ -71.326193648937533, -29.560264657156718 ], [ -71.326232865390764, -29.560228968942159 ], [ -71.326256368950609, -29.560088551825185 ], [ -71.326253160701043, -29.559948593709688 ], [ -71.326279241018895, -29.559924775014256 ], [ -71.32627683476511, -29.559819803947168 ], [ -71.326303278545922, -29.559807701244601 ], [ -71.326393424751657, -29.559666015366059 ], [ -71.326510366981793, -29.559523960927287 ], [ -71.326536449056178, -29.559500226054212 ], [ -71.326534309511302, -29.559406898711398 ], [ -71.326491616144082, -29.559290902215032 ], [ -71.326463675707572, -29.55923312008769 ], [ -71.326475100174449, -29.559151186310679 ], [ -71.326511910733885, -29.559010526956001 ], [ -71.326575441749227, -29.558869399364788 ], [ -71.326600977956758, -29.558822311413614 ], [ -71.32662742983446, -29.558810124615331 ], [ -71.326626094280101, -29.558751868180405 ], [ -71.32661011254568, -29.558635412641383 ], [ -71.326595629867086, -29.558589025955527 ], [ -71.326527404034948, -29.558520218372102 ], [ -71.326473170171312, -29.558486158563809 ], [ -71.326484166562238, -29.558380961662653 ], [ -71.326509711943899, -29.558333781550456 ], [ -71.326536165633172, -29.558321678640954 ], [ -71.326533492763588, -29.558205081889366 ], [ -71.326424317625936, -29.558101898649451 ], [ -71.326382964627484, -29.558044342473693 ], [ -71.326417809280102, -29.557952520482392 ], [ -71.326468392152151, -29.557692731701891 ], [ -71.326612131019573, -29.557561921038527 ], [ -71.326691631461912, -29.557537166184741 ], [ -71.326811523086491, -29.557523426720646 ], [ -71.326824295174987, -29.557499840256927 ], [ -71.32687708441334, -29.557475544376103 ], [ -71.32696866172104, -29.557392297871214 ], [ -71.327097742193772, -29.557203297780148 ], [ -71.327123117254473, -29.557144573198737 ], [ -71.327198347240682, -29.556933145180359 ], [ -71.327237018240723, -29.556874187537755 ], [ -71.327342712576637, -29.556825601543235 ], [ -71.32742274774813, -29.556824198636107 ], [ -71.327581758407931, -29.556774780711379 ], [ -71.327661792494325, -29.556773377680489 ], [ -71.32774129182431, -29.55674861322515 ], [ -71.327808028816364, -29.556747443221585 ], [ -71.327847244427289, -29.556711754599863 ], [ -71.327873592323854, -29.556699653297304 ], [ -71.327913073716601, -29.556675599363704 ], [ -71.327941349383309, -29.556646642108998 ], [ -71.328017420941705, -29.55656875664285 ], [ -71.328082543475702, -29.556497612626156 ], [ -71.328135064973424, -29.556461680698707 ], [ -71.328240740142064, -29.556413197197013 ], [ -71.3283469588673, -29.556387962965054 ], [ -71.328667116496803, -29.556382349278962 ], [ -71.328694361818975, -29.55640523316621 ], [ -71.328774406916963, -29.556403830183715 ], [ -71.328814957691719, -29.556426397683712 ], [ -71.328894991433231, -29.556424993924878 ], [ -71.328935544144656, -29.556447644349159 ], [ -71.328989405464142, -29.556470071243265 ], [ -71.329096692865193, -29.556491459013781 ], [ -71.329176996782039, -29.556501781722393 ], [ -71.329204250449095, -29.556524573334702 ], [ -71.3292992008341, -29.556593011752749 ], [ -71.329434537177647, -29.556672279890844 ], [ -71.329475358166277, -29.556706564793725 ], [ -71.329528949527074, -29.556717263915445 ], [ -71.329635704428981, -29.556715391783825 ], [ -71.329795783613847, -29.556712583005151 ], [ -71.329902260040967, -29.556699075285888 ], [ -71.32999560231849, -29.556697437321624 ], [ -71.329996138431824, -29.556720790526548 ], [ -71.33007644975558, -29.556731020531796 ], [ -71.330091899897624, -29.556824123163327 ], [ -71.330106908614425, -29.556893861904943 ], [ -71.33018881631007, -29.556974066851939 ], [ -71.330215967231027, -29.556996952062683 ], [ -71.330282962115888, -29.557007415637102 ], [ -71.330389996834057, -29.557017269348915 ], [ -71.330471091150159, -29.557062486421959 ], [ -71.330593027713221, -29.557141988507553 ], [ -71.330606871360104, -29.557165107214054 ], [ -71.330820380879231, -29.557161360197686 ], [ -71.330819844566761, -29.557138007008035 ], [ -71.330859328297876, -29.557114035173015 ], [ -71.330910499126688, -29.55701977305111 ], [ -71.330949455548122, -29.556972439725431 ], [ -71.330961786187814, -29.556925498947834 ], [ -71.330973486293658, -29.556855282414158 ], [ -71.331013503272558, -29.556854579881339 ], [ -71.33102574008312, -29.556807733665956 ], [ -71.331183771178928, -29.556711576413328 ], [ -71.33123603510883, -29.556664027409731 ], [ -71.331243297486807, -29.556659594908943 ], [ -71.330891118561027, -29.556525476857288 ], [ -71.329205559264494, -29.555615080699084 ], [ -71.325039885979663, -29.555895059526772 ] ] ] ] } },
{ "type": "Feature", "properties": { "fid": 83, "OBJECTID_1": 27, "OBJECTID": 27, "NOM_COM": "LA HIGUERA", "PROVINCIA": "ELQUI", "Z_COMUNAL": "ZONA DE ASENTAMIENTOS HUMANOS", "USO": "TURISMO INMOBILIARIO", "REGIONAL": "AREAS EN LAS CUALES EXISTEN ASENTAMIENTOS HUMANOS", "Shape_Leng": 20758.365479700002, "LEYENDA": "TURISMO INMOBILIARIO", "Shape__Area": 9836788.8161621094, "Shape__Length": 20757.752851188819, "Nota": "La Zonificación de Uso del Borde Costero de la Región de Coquimbo, constituye un instrumento aún vigente, y que declara áreas con orientaciones de usos específicos, en el borde costero regional. Por lo tanto, se sugiere su uso de acuerdo a la microzonificación según se señala en todas las publicaciones, y que fué aprobada mediante Decreto Supremo Nº 518 Zonificación de Coquimbo, 12 de diciembre de 2005.", "Origen Dato": "https://gorecoquimbo.maps.arcgis.com/apps/CompareAnalysis/index.html?appid=b4f178d41fb24ab8a871596de568a2f7", "Mapa Completo": "https://www.gorecoquimbo.cl/gorecoquimbo/site/artic/20150722/asocfile/20150722092144/comunal.jpg", "Link Memoria": "https://www.gorecoquimbo.cl/gorecoquimbo/site/artic/20150722/asocfile/20150722091730/memoria_explicativa_zonifi.pdf" }, "geometry": { "type": "MultiPolygon", "coordinates": [ [ [ [ -71.292334215616094, -29.44406224881223 ], [ -71.293980921208032, -29.443383090842946 ], [ -71.296101915951354, -29.442508269260742 ], [ -71.298207802896243, -29.442705505323413 ], [ -71.300902691636949, -29.442396179622445 ], [ -71.300924531629448, -29.442394481298788 ], [ -71.302833964068398, -29.442245997745211 ], [ -71.304329124717057, -29.441986544152083 ], [ -71.305968080252313, -29.442496689172611 ], [ -71.305975704871145, -29.442467458003058 ], [ -71.306039002858341, -29.442326796744176 ], [ -71.306088915362722, -29.442186459404336 ], [ -71.306112861510385, -29.442069759195821 ], [ -71.306110232522784, -29.441953509520204 ], [ -71.306082608499409, -29.441907531584256 ], [ -71.306128145139738, -29.441569516372468 ], [ -71.3061541957305, -29.44154587776594 ], [ -71.306180412574051, -29.441533783881319 ], [ -71.306245812568832, -29.441486101191497 ], [ -71.30629756416036, -29.441427108265142 ], [ -71.306310067243885, -29.44139197273207 ], [ -71.306335591680323, -29.441345073879816 ], [ -71.30635902140169, -29.441205102424973 ], [ -71.306352714052068, -29.440926174616941 ], [ -71.306402612154145, -29.440785745405705 ], [ -71.306492390472727, -29.440644717118253 ], [ -71.30653924209382, -29.440364868112262 ], [ -71.306668096101845, -29.440188243680094 ], [ -71.306784719334246, -29.440058297595609 ], [ -71.306810146371078, -29.440011307430762 ], [ -71.3068609410346, -29.439905864411756 ], [ -71.306925445245113, -29.439823287997605 ], [ -71.306964524317166, -29.439787783813781 ], [ -71.307017061167144, -29.439763602988734 ], [ -71.307029828072288, -29.439740102450976 ], [ -71.307109823394441, -29.439750356415445 ], [ -71.307110876038365, -29.43979688674948 ], [ -71.307150911075965, -29.439807833328437 ], [ -71.307178020014504, -29.439830549756596 ], [ -71.307191827229389, -29.439853580652272 ], [ -71.307351114349856, -29.439850819471083 ], [ -71.30749536237964, -29.439766943396396 ], [ -71.307547731645386, -29.439731126549844 ], [ -71.307585136255042, -29.43962582249922 ], [ -71.307597367442, -29.439579153895224 ], [ -71.307610396430846, -29.43956728838733 ], [ -71.307647895933599, -29.43946199260008 ], [ -71.30768714102436, -29.439438032942295 ], [ -71.307698855869575, -29.439368093132412 ], [ -71.307696225588813, -29.439251853459602 ], [ -71.307653824606788, -29.43913629338093 ], [ -71.307651196483491, -29.439020145684271 ], [ -71.307637904295859, -29.439020376132525 ], [ -71.307597248445276, -29.43898617112632 ], [ -71.307582116762759, -29.438905058027593 ], [ -71.307562250216719, -29.438614724856251 ], [ -71.307575542352211, -29.438614494418424 ], [ -71.307705444527926, -29.438484317400349 ], [ -71.307731241042148, -29.438449044200386 ], [ -71.307742690640026, -29.438367386358365 ], [ -71.307740062293817, -29.438251229637537 ], [ -71.307724141044446, -29.438135220381344 ], [ -71.307707692257367, -29.437995940112174 ], [ -71.30769612372471, -29.437484615996066 ], [ -71.307640337071604, -29.43736929694699 ], [ -71.307571352365017, -29.437254207571417 ], [ -71.307515565790041, -29.437138879433714 ], [ -71.307474217965904, -29.437069860385208 ], [ -71.307473165252802, -29.437023329142239 ], [ -71.307390902264913, -29.436908551927665 ], [ -71.307294987928188, -29.436782298578194 ], [ -71.307172847609863, -29.436668120403528 ], [ -71.307077553682973, -29.436565126361359 ], [ -71.306995289653173, -29.436450265884389 ], [ -71.306926319555984, -29.436335258855479 ], [ -71.3068838252929, -29.436219709951171 ], [ -71.306800237846758, -29.436046766121965 ], [ -71.306744978342309, -29.435954717641913 ], [ -71.306717616687067, -29.435920272896183 ], [ -71.306569262919936, -29.435818196996966 ], [ -71.306461215987511, -29.435738693678282 ], [ -71.306365660571075, -29.435624063047754 ], [ -71.306311443295229, -29.435578535898085 ], [ -71.306296584829411, -29.435508974464565 ], [ -71.306280666911107, -29.435393056880464 ], [ -71.306251561132257, -29.435277265831672 ], [ -71.306182484523646, -29.435162167261865 ], [ -71.30612679579535, -29.435046846637917 ], [ -71.306098646727477, -29.434977598417387 ], [ -71.306110362582046, -29.434907667690876 ], [ -71.306121015733567, -29.434791188704768 ], [ -71.306146967847454, -29.434767459829924 ], [ -71.306196972222025, -29.434627129889364 ], [ -71.306260170815833, -29.43448646127943 ], [ -71.306310172637595, -29.434346030304827 ], [ -71.30638665468274, -29.434205241564399 ], [ -71.306436656012622, -29.434064801535811 ], [ -71.306563043938553, -29.433783573414136 ], [ -71.306613047363427, -29.433643244257564 ], [ -71.306649757910662, -29.433503043475774 ], [ -71.306739529148487, -29.433362015266535 ], [ -71.306816007657545, -29.433221125330778 ], [ -71.306919070887901, -29.433079866679051 ], [ -71.307188475441691, -29.432656595790078 ], [ -71.307251661508033, -29.432515936008883 ], [ -71.307328139787217, -29.432375137837443 ], [ -71.307390644193561, -29.432199662926283 ], [ -71.307401832450083, -29.432106453859888 ], [ -71.307374723744957, -29.432083653475853 ], [ -71.30737446058022, -29.432072018401119 ], [ -71.307279435046169, -29.431980649352475 ], [ -71.307198121124358, -29.431912321865031 ], [ -71.307131255135047, -29.431890210461443 ], [ -71.307036228977907, -29.43179884213529 ], [ -71.306993737860125, -29.431683292177599 ], [ -71.306924758165323, -29.431568202126336 ], [ -71.306866349465025, -29.431336725522037 ], [ -71.30684990362208, -29.431197445793977 ], [ -71.306846752105798, -29.431058027713426 ], [ -71.306870179781313, -29.430918057039069 ], [ -71.306894922663361, -29.43083625184607 ], [ -71.306893607385518, -29.430778085459576 ], [ -71.30693242035052, -29.430730956268714 ], [ -71.306931369186302, -29.430684424945809 ], [ -71.306970086091837, -29.430637288388375 ], [ -71.306980738341153, -29.43052081745903 ], [ -71.306953117199896, -29.430474830465503 ], [ -71.306951014896697, -29.430381859836896 ], [ -71.306961151287808, -29.430242119465888 ], [ -71.306987723087602, -29.430241659006139 ], [ -71.307000487933436, -29.430218158522941 ], [ -71.307039563533905, -29.430182654472553 ], [ -71.307104064082267, -29.430100170188972 ], [ -71.307140782287391, -29.429959969149053 ], [ -71.307164104335399, -29.429820000258498 ], [ -71.307203179732738, -29.429784496169557 ], [ -71.307240687087429, -29.429679200350026 ], [ -71.307331758598025, -29.429596246452238 ], [ -71.307541553149434, -29.429476324840753 ], [ -71.307647227666266, -29.429451213878224 ], [ -71.307739885697842, -29.429437968104818 ], [ -71.30775291345708, -29.429426102638086 ], [ -71.307765680133642, -29.429402694979871 ], [ -71.307871354711523, -29.429377592864284 ], [ -71.307870829357185, -29.429354322695623 ], [ -71.307897148015229, -29.429342226813205 ], [ -71.308000205119569, -29.429200967562291 ], [ -71.308075891792058, -29.42902527376765 ], [ -71.308192491083815, -29.428895327223135 ], [ -71.30823120589244, -29.428848106470422 ], [ -71.308257252721333, -29.428824458596733 ], [ -71.308296599017211, -29.428800506151845 ], [ -71.30830883714863, -29.428753745338874 ], [ -71.308332149200353, -29.428613868485595 ], [ -71.308325838643043, -29.42833493965486 ], [ -71.308351367279187, -29.428287938478142 ], [ -71.308401891242667, -29.428170777049392 ], [ -71.308414131351228, -29.428124108213442 ], [ -71.308453634285954, -29.428111783631156 ], [ -71.308465337551752, -29.428041843922944 ], [ -71.308571548194379, -29.428040003164678 ], [ -71.308598654112458, -29.428062719493944 ], [ -71.308771202112382, -29.428059728248659 ], [ -71.30881080265155, -29.428047484868529 ], [ -71.308889641052275, -29.428011207752583 ], [ -71.308901617625807, -29.427952903814614 ], [ -71.308938586787164, -29.427824337644548 ], [ -71.308963853803277, -29.427765793284145 ], [ -71.308961486622962, -29.427661188582139 ], [ -71.30893464193548, -29.427650014508021 ], [ -71.30892003497884, -29.427592078672621 ], [ -71.308853697923738, -29.427593228207879 ], [ -71.308827643111798, -29.427616959322176 ], [ -71.308761199953565, -29.427618111554086 ], [ -71.30872196979135, -29.427642071126701 ], [ -71.308601943413464, -29.427620873185251 ], [ -71.308588915974653, -29.427632738720053 ], [ -71.308494167380445, -29.427553005211074 ], [ -71.308398881159064, -29.427450002575124 ], [ -71.308264775143684, -29.427394147563625 ], [ -71.308251233439563, -29.427382825702299 ], [ -71.308170816431158, -29.427349310006633 ], [ -71.308169502694, -29.427291235626104 ], [ -71.308192812666519, -29.42715126679283 ], [ -71.308190183131813, -29.427035026947365 ], [ -71.308160290985612, -29.426884432842808 ], [ -71.308146484290447, -29.42686139292222 ], [ -71.30811963989737, -29.426850218666029 ], [ -71.308104772433921, -29.42678073960921 ], [ -71.308099514669522, -29.426548258968989 ], [ -71.308070316598915, -29.426432571716362 ], [ -71.308014631059862, -29.426317242581842 ], [ -71.307998974475396, -29.426212868180393 ], [ -71.30803858284672, -29.426200541916554 ], [ -71.308038056492236, -29.426177271757393 ], [ -71.308127284372887, -29.426012972928703 ], [ -71.30813952231928, -29.425966211225557 ], [ -71.3082109498569, -29.42589812844292 ], [ -71.30810008331602, -29.425621188002442 ], [ -71.30825468733768, -29.425185198570084 ], [ -71.308293139715872, -29.425126434758401 ], [ -71.308305379608896, -29.425079765930118 ], [ -71.308318406777715, -29.425067900434914 ], [ -71.308344714209198, -29.425055813716828 ], [ -71.30834366141039, -29.425009273400498 ], [ -71.308422237648557, -29.424961454454987 ], [ -71.308526867027936, -29.424889904459096 ], [ -71.308592676898769, -29.424865484108064 ], [ -71.308632284673976, -29.424853157697701 ], [ -71.308658328572832, -29.424829426827383 ], [ -71.308817580752205, -29.424826665366169 ], [ -71.309004045197995, -29.424846711978873 ], [ -71.309057353391566, -29.424857427127066 ], [ -71.309190394307294, -29.424866759425328 ], [ -71.309217499276585, -29.424889467560806 ], [ -71.30929712486936, -29.424888086526124 ], [ -71.309402807817122, -29.424863076144224 ], [ -71.30946887972614, -29.424850290460295 ], [ -71.309508477070068, -29.4248379639739 ], [ -71.309561638362226, -29.424837041828805 ], [ -71.309560848353883, -29.424802136620453 ], [ -71.309613631116761, -29.424789590405755 ], [ -71.30963916067715, -29.424742690943788 ], [ -71.309877870277916, -29.42472690119483 ], [ -71.309970259452086, -29.424702028079558 ], [ -71.309995788824509, -29.424655128558751 ], [ -71.310046203047975, -29.424537959471415 ], [ -71.310054289094154, -29.424438345491371 ], [ -71.303377431774408, -29.424518572508447 ], [ -71.303515477133303, -29.423943244334094 ], [ -71.303496584859715, -29.423106188303862 ], [ -71.303519056965072, -29.421871762122116 ], [ -71.30329689930025, -29.420950083742891 ], [ -71.302912848096042, -29.419546401785759 ], [ -71.30319091104991, -29.418483850116392 ], [ -71.303413678172916, -29.417201885490616 ], [ -71.305332359200506, -29.415229487942078 ], [ -71.306857377806381, -29.41366053890868 ], [ -71.312138983415238, -29.415801155601915 ], [ -71.312198571545139, -29.415780435910001 ], [ -71.31240884939092, -29.415683778568273 ], [ -71.312514255110614, -29.415647029300324 ], [ -71.312619925365127, -29.415621914995331 ], [ -71.312725322943137, -29.415585267650165 ], [ -71.31283125668017, -29.415571788242417 ], [ -71.313016544881222, -29.415545291735913 ], [ -71.313202455010227, -29.415542062540201 ], [ -71.313574613065015, -29.41555887767116 ], [ -71.31376105057582, -29.415578917797522 ], [ -71.313973433555645, -29.415575218543442 ], [ -71.314158721352413, -29.415548720462549 ], [ -71.314344800358867, -29.415557126365922 ], [ -71.314491117249005, -29.415566223983465 ], [ -71.314665487813826, -29.415644568759074 ], [ -71.314732448472, -29.415666592110064 ], [ -71.314786279698595, -29.415700566273632 ], [ -71.315065108410607, -29.415695720193241 ], [ -71.315486712504566, -29.415548918565484 ], [ -71.315671999689698, -29.415522417499886 ], [ -71.315672263622275, -29.415534052535246 ], [ -71.315806082001259, -29.41557818296614 ], [ -71.315967533454213, -29.415668391182709 ], [ -71.316154668400344, -29.415723325642883 ], [ -71.316341009614774, -29.41574327177446 ], [ -71.316527975591896, -29.415786569014038 ], [ -71.316715372972013, -29.415853045699322 ], [ -71.316836432260885, -29.415920768284955 ], [ -71.316984489700104, -29.416011199212541 ], [ -71.31713213681104, -29.416078366890051 ], [ -71.317306234604473, -29.41614507321647 ], [ -71.317493213198034, -29.416188378757219 ], [ -71.317679544065882, -29.416208323149327 ], [ -71.317866152392185, -29.416239985060852 ], [ -71.317972614235032, -29.416249771592273 ], [ -71.318158006867279, -29.416223266106428 ], [ -71.318370390729626, -29.416219568788332 ], [ -71.318476059792317, -29.416194449881765 ], [ -71.318582246029976, -29.416192602013552 ], [ -71.318793574899118, -29.416142465891994 ], [ -71.318899508061619, -29.416128981666933 ], [ -71.319004901428116, -29.416092236560626 ], [ -71.319216239932132, -29.416042090592644 ], [ -71.319322425935155, -29.416040241241426 ], [ -71.3194280945266, -29.416015121601347 ], [ -71.319534290806132, -29.41601327280522 ], [ -71.319586908264625, -29.415989086103799 ], [ -71.319719843004151, -29.415998410118288 ], [ -71.319853135697741, -29.416019358347828 ], [ -71.319906810550435, -29.41604170250465 ], [ -71.319947100347136, -29.416064270802412 ], [ -71.319961180621064, -29.416098852302898 ], [ -71.320001302015186, -29.416109792932673 ], [ -71.320096851174796, -29.416224414258775 ], [ -71.320179111416152, -29.416339266139087 ], [ -71.320449923162528, -29.416567035519197 ], [ -71.320614456558417, -29.41679673939985 ], [ -71.320656956623878, -29.416912293738523 ], [ -71.320712742648738, -29.417027514576283 ], [ -71.320781726588308, -29.417142606413993 ], [ -71.320931744709299, -29.417314374719052 ], [ -71.320958746199139, -29.417337183303509 ], [ -71.32102597557504, -29.417370921300243 ], [ -71.321066782863525, -29.417416666482072 ], [ -71.321257992621938, -29.417645913481088 ], [ -71.321380112972662, -29.417760070570967 ], [ -71.32159778425428, -29.41798876370164 ], [ -71.321680059014724, -29.418103614257404 ], [ -71.32173584902543, -29.418218927432967 ], [ -71.321751677538018, -29.418334945458788 ], [ -71.321794176283703, -29.418450397418564 ], [ -71.321796820608768, -29.41856664621351 ], [ -71.321826572666836, -29.41870568259208 ], [ -71.321815926376161, -29.418822153197301 ], [ -71.3218185686531, -29.418938309098927 ], [ -71.321847791762394, -29.419054085421251 ], [ -71.321903477676102, -29.419169408420508 ], [ -71.32211051868704, -29.419514571727923 ], [ -71.32213974231469, -29.419630347047828 ], [ -71.322224652534217, -29.419861437052727 ], [ -71.322253863199151, -29.41997712956179 ], [ -71.322338785347597, -29.420208219255091 ], [ -71.322397222595086, -29.420439779827564 ], [ -71.322440252620567, -29.420578501400588 ], [ -71.322454760797427, -29.420636437273654 ], [ -71.322482132283298, -29.420670785706175 ], [ -71.322484247895105, -29.420763755447673 ], [ -71.322511345442464, -29.420786561983991 ], [ -71.322567044298381, -29.420901875369079 ], [ -71.322595210052455, -29.420971120561305 ], [ -71.322621778115192, -29.420970657133054 ], [ -71.322649151866486, -29.42100509840656 ], [ -71.322784460509837, -29.42111893097676 ], [ -71.322824859062194, -29.421141496391254 ], [ -71.322878537255917, -29.421163839149472 ], [ -71.322933166361608, -29.421232622596431 ], [ -71.322964772682369, -29.42145301131286 ], [ -71.322943483811173, -29.42168596150433 ], [ -71.322972707076744, -29.421801644537222 ], [ -71.322988642715657, -29.421917652301435 ], [ -71.323002726011921, -29.421952325352073 ], [ -71.323016535003859, -29.421975354580869 ], [ -71.323031052150853, -29.422033206304313 ], [ -71.323058150994953, -29.422056003664078 ], [ -71.323059208074653, -29.422102442514738 ], [ -71.32311289713445, -29.42212478496506 ], [ -71.32311369065917, -29.422159689870167 ], [ -71.32328886069061, -29.422272826352359 ], [ -71.323315969956695, -29.422295623472429 ], [ -71.323370347722388, -29.422352872540923 ], [ -71.323423759487596, -29.422363479073212 ], [ -71.32343757913975, -29.42238651708691 ], [ -71.323636685153318, -29.422383042575902 ], [ -71.323953697196956, -29.422307774391133 ], [ -71.323979747008494, -29.422284040565241 ], [ -71.32411251886964, -29.422281724021182 ], [ -71.324327032067515, -29.422370995135058 ], [ -71.324380085420387, -29.422370068999065 ], [ -71.32448574862326, -29.422344945251954 ], [ -71.324591158132918, -29.422308279196837 ], [ -71.324696301648046, -29.422259894228276 ], [ -71.324814990727972, -29.422223005171386 ], [ -71.324881164565355, -29.42221021017707 ], [ -71.3249068440022, -29.422174843069619 ], [ -71.324946438340433, -29.422162521161844 ], [ -71.324998434442094, -29.422115147864815 ], [ -71.325024737688068, -29.422103048994341 ], [ -71.325022620677785, -29.422010079421469 ], [ -71.324981541507725, -29.421952607866604 ], [ -71.324967723700198, -29.42192966291266 ], [ -71.324940613986769, -29.421906857124991 ], [ -71.324926794284508, -29.421883828298942 ], [ -71.32489810791418, -29.421791313615792 ], [ -71.324977043442985, -29.421755118548536 ], [ -71.325296697654849, -29.421795993890413 ], [ -71.325296167461886, -29.421772724000537 ], [ -71.325388815414257, -29.421759466431219 ], [ -71.325414591447228, -29.421724190469273 ], [ -71.325467644423, -29.421723263918633 ], [ -71.325506708270979, -29.421687671969927 ], [ -71.325505650116597, -29.421641234098985 ], [ -71.325542235358455, -29.421501030307521 ], [ -71.325552337955145, -29.421361381959912 ], [ -71.325575739473692, -29.42122140931945 ], [ -71.325595952765099, -29.42094202045168 ], [ -71.325592774875645, -29.420802512025581 ], [ -71.325576053835746, -29.4206517015981 ], [ -71.325562764208598, -29.420651933704121 ], [ -71.325454445066967, -29.420560809907421 ], [ -71.325387317067452, -29.42052706350665 ], [ -71.325346125088359, -29.420469686028703 ], [ -71.325292553101647, -29.420447351438678 ], [ -71.32529043477544, -29.420354373762269 ], [ -71.325382816362946, -29.420329481318554 ], [ -71.325448619821486, -29.420305145901494 ], [ -71.325487418067056, -29.42025791903497 ], [ -71.325526916626018, -29.420245589633133 ], [ -71.325550053992472, -29.420094074043007 ], [ -71.325548729899779, -29.420035917331663 ], [ -71.325529561980261, -29.419891626166212 ], [ -71.325405166788187, -29.419601052707208 ], [ -71.325383812068523, -29.419468633231737 ], [ -71.325434353020128, -29.419425524435962 ], [ -71.325478842111835, -29.419442881658792 ], [ -71.325527946627702, -29.419499316207393 ], [ -71.325584458016252, -29.419555705275428 ], [ -71.325698621295587, -29.419559753092312 ], [ -71.325806882874133, -29.419467286033719 ], [ -71.325830154380583, -29.419358262163893 ], [ -71.325824210690669, -29.419255789399219 ], [ -71.325770233054968, -29.419148022774703 ], [ -71.325684746917659, -29.419113340432819 ], [ -71.325603881448686, -29.419114752764507 ], [ -71.325545307984271, -29.419130841685334 ], [ -71.325486359663287, -29.419125820433123 ], [ -71.325477951517868, -29.419077709306247 ], [ -71.325483442841275, -29.418920913042228 ], [ -71.325454321598656, -29.418805126870701 ], [ -71.325316260036132, -29.41857505120899 ], [ -71.325288886340218, -29.418540619504242 ], [ -71.325299792669469, -29.418435783805435 ], [ -71.325336473157222, -29.418295578383642 ], [ -71.325359770577393, -29.418155699580122 ], [ -71.325357122261536, -29.41803945197427 ], [ -71.325313919566412, -29.417889103867083 ], [ -71.325299845432454, -29.417854430892135 ], [ -71.325286026266625, -29.417831402064763 ], [ -71.325245100381892, -29.417785650405428 ], [ -71.325244450603179, -29.417757126646055 ], [ -71.324848318432487, -29.41766692548795 ], [ -71.323505961881835, -29.41592258215956 ], [ -71.320222513869439, -29.411874049263378 ], [ -71.319954340770309, -29.41153657040109 ], [ -71.317914143680724, -29.410602674919609 ], [ -71.315827527224258, -29.409670569586137 ], [ -71.311084487065074, -29.41138363758191 ], [ -71.301940172563889, -29.407663580582653 ], [ -71.310659456647343, -29.403722378675251 ], [ -71.307174757582402, -29.400093092330078 ], [ -71.305735003524305, -29.398593502205664 ], [ -71.305471627352986, -29.398742096939717 ], [ -71.304973025447723, -29.39839569431772 ], [ -71.304648849135603, -29.398214447964303 ], [ -71.304428810327934, -29.397919270584424 ], [ -71.303832817804391, -29.397985641811331 ], [ -71.30326939395097, -29.397602967773683 ], [ -71.301743571336601, -29.397124818839639 ], [ -71.300967275874925, -29.396764508669843 ], [ -71.299178064375454, -29.396907507462068 ], [ -71.297112307468126, -29.396139644768663 ], [ -71.294638920334506, -29.397172623070464 ], [ -71.294365400760029, -29.39734550935561 ], [ -71.294203985910357, -29.397759375435115 ], [ -71.293848132333252, -29.399017469282825 ], [ -71.293862811868095, -29.399671232499081 ], [ -71.293807629049979, -29.400064590460101 ], [ -71.293437098957767, -29.400668920095473 ], [ -71.293399463354191, -29.400893808531666 ], [ -71.292982486515527, -29.401330761257405 ], [ -71.292690554201087, -29.401634761074657 ], [ -71.292413301445336, -29.40259252376859 ], [ -71.292359359545372, -29.403041915061038 ], [ -71.292308362365176, -29.40362206426239 ], [ -71.292297507886232, -29.404089403267957 ], [ -71.292308826317935, -29.404593726564254 ], [ -71.292361136404509, -29.405022610780165 ], [ -71.292389168019156, -29.405321104196645 ], [ -71.292287117820706, -29.405528403533598 ], [ -71.292226907588812, -29.405697615085025 ], [ -71.292110228890365, -29.406204150905289 ], [ -71.291923685576421, -29.406450280683568 ], [ -71.291484927090849, -29.406868924946945 ], [ -71.290811930827815, -29.40731027518887 ], [ -71.290454304820727, -29.407540656162123 ], [ -71.29045975033506, -29.407783482399914 ], [ -71.290507437110591, -29.408006894749274 ], [ -71.290510369884146, -29.408137643015543 ], [ -71.290173237972766, -29.408330304091539 ], [ -71.289731532284065, -29.408618185059776 ], [ -71.289608557167711, -29.4088445306746 ], [ -71.289621957946679, -29.409442260409062 ], [ -71.28937810831637, -29.409988348088369 ], [ -71.288715129329532, -29.410877988620435 ], [ -71.287374545080112, -29.413286402129806 ], [ -71.287087615323372, -29.41387527601692 ], [ -71.287163435339025, -29.414282733678789 ], [ -71.287269979682421, -29.414572867336876 ], [ -71.287348417032234, -29.415097074271273 ], [ -71.287158873696924, -29.415567472186929 ], [ -71.286702645002535, -29.416042457598099 ], [ -71.286078427565172, -29.416461941818593 ], [ -71.285355512616405, -29.416941500812587 ], [ -71.28534896097834, -29.418138689716184 ], [ -71.285018854656414, -29.419779380390022 ], [ -71.284731895124764, -29.420368241377524 ], [ -71.284740387427277, -29.420747653245389 ], [ -71.284824698299843, -29.421534532907742 ], [ -71.284974387744612, -29.422261888756349 ], [ -71.285448285012436, -29.42257492117422 ], [ -71.285460702547041, -29.423129453365018 ], [ -71.286547110323312, -29.423986713537261 ], [ -71.286423570722434, -29.424426784849683 ], [ -71.285932661666635, -29.424843971567935 ], [ -71.28554371686117, -29.425347001177734 ], [ -71.285193339162461, -29.426082937558977 ], [ -71.285195953580185, -29.426199678005315 ], [ -71.284146101746316, -29.426976816034156 ], [ -71.283894422319563, -29.427652664309605 ], [ -71.283810078785407, -29.428354834073961 ], [ -71.2837407705468, -29.429728285425451 ], [ -71.283857765750625, -29.430485393827475 ], [ -71.283869525180066, -29.431010735899104 ], [ -71.284420617652898, -29.431789597825379 ], [ -71.284536315369309, -29.432488343819067 ], [ -71.285018769315784, -29.433180795684091 ], [ -71.285570526641919, -29.433988831792597 ], [ -71.287257850479421, -29.434864963965442 ], [ -71.288798088089081, -29.435130465458403 ], [ -71.289021717281557, -29.436177706097507 ], [ -71.289315299138224, -29.437369729168068 ], [ -71.289568345852103, -29.438241284824795 ], [ -71.289749471823441, -29.438880497187068 ], [ -71.289954108650818, -29.439081356257191 ], [ -71.290624886154632, -29.439245002620495 ], [ -71.290930211805744, -29.43947331852603 ], [ -71.291106104614357, -29.439879047983318 ], [ -71.291114627391579, -29.440258457948758 ], [ -71.290854446456166, -29.440554907446653 ], [ -71.290465471237823, -29.441057942384358 ], [ -71.290102632982098, -29.441239372203103 ], [ -71.289971228527179, -29.441329216789871 ], [ -71.290144489293169, -29.44161820785239 ], [ -71.291755567522642, -29.443546670827246 ], [ -71.292334215616094, -29.44406224881223 ] ] ] ] } },
{ "type": "Feature", "properties": { "fid": 84, "OBJECTID_1": 20, "OBJECTID": 20, "NOM_COM": "LA HIGUERA", "PROVINCIA": "ELQUI", "Z_COMUNAL": "ZONA DE CONSERVACION DE LA NATURALEZA", "USO": "TURISMO INMOBILIARIO", "REGIONAL": "AREAS PROTEGIDAS", "Shape_Leng": 21200.037793700001, "LEYENDA": "SITIO SNASPE", "Shape__Area": 2998934.2141113281, "Shape__Length": 21199.417058753115, "Nota": "La Zonificación de Uso del Borde Costero de la Región de Coquimbo, constituye un instrumento aún vigente, y que declara áreas con orientaciones de usos específicos, en el borde costero regional. Por lo tanto, se sugiere su uso de acuerdo a la microzonificación según se señala en todas las publicaciones, y que fué aprobada mediante Decreto Supremo Nº 518 Zonificación de Coquimbo, 12 de diciembre de 2005.", "Origen Dato": "https://gorecoquimbo.maps.arcgis.com/apps/CompareAnalysis/index.html?appid=b4f178d41fb24ab8a871596de568a2f7", "Mapa Completo": "https://www.gorecoquimbo.cl/gorecoquimbo/site/artic/20150722/asocfile/20150722092144/comunal.jpg", "Link Memoria": "https://www.gorecoquimbo.cl/gorecoquimbo/site/artic/20150722/asocfile/20150722091730/memoria_explicativa_zonifi.pdf" }, "geometry": { "type": "MultiPolygon", "coordinates": [ [ [ [ -71.429531332588809, -29.248838456559259 ], [ -71.429687577689464, -29.253197324990509 ], [ -71.426748312054897, -29.258164882130771 ], [ -71.426692687653286, -29.258258896398498 ], [ -71.421775841850618, -29.261079277695785 ], [ -71.416761362135759, -29.264174354740543 ], [ -71.412365001215747, -29.267076038967662 ], [ -71.407860345710333, -29.269797454556095 ], [ -71.403158506822052, -29.27297747044215 ], [ -71.39836108239335, -29.276523204982272 ], [ -71.3887609798564, -29.283432201451284 ], [ -71.385407384166626, -29.286587508979053 ], [ -71.378583108358825, -29.292353742188403 ], [ -71.378577925008173, -29.294872133344285 ], [ -71.378579811290294, -29.294913050084897 ], [ -71.378626289922124, -29.2948436965615 ], [ -71.378859464945222, -29.294607066281113 ], [ -71.378989641145864, -29.294500092001218 ], [ -71.378997451252758, -29.294485615879747 ], [ -71.380076869544638, -29.293911007068143 ], [ -71.380089872281516, -29.293899135743136 ], [ -71.380194848528319, -29.293850715191351 ], [ -71.380508989555736, -29.293670734390229 ], [ -71.380613437828899, -29.293599136820895 ], [ -71.380757423493733, -29.293515194622259 ], [ -71.380952495252259, -29.293348965648871 ], [ -71.381082407892379, -29.293230355539681 ], [ -71.381171951599683, -29.293089204314875 ], [ -71.381262586169342, -29.292994573606801 ], [ -71.381366493074353, -29.292899705208281 ], [ -71.381575913400184, -29.292779686412707 ], [ -71.381680359983648, -29.292708087191546 ], [ -71.381784266228152, -29.292613219404203 ], [ -71.381888701198108, -29.292541621139868 ], [ -71.381992607059544, -29.29244675230688 ], [ -71.38282823752256, -29.291873783311338 ], [ -71.382997847973243, -29.291754462974559 ], [ -71.383204867773571, -29.291600710004268 ], [ -71.383206453170857, -29.291599536879623 ], [ -71.383336081735123, -29.291469391336616 ], [ -71.383491174691699, -29.291292242977498 ], [ -71.383549360506279, -29.291227167990844 ], [ -71.383607434260185, -29.29116223391247 ], [ -71.38372351728205, -29.29102060734332 ], [ -71.383852875203772, -29.290878827567685 ], [ -71.38402123838641, -29.290701431792673 ], [ -71.384254929901559, -29.290487960652211 ], [ -71.384359372242514, -29.29041635955064 ], [ -71.384463530618788, -29.290333032819746 ], [ -71.384671427783488, -29.290143299769895 ], [ -71.384984739005148, -29.289928405388938 ], [ -71.385088909824304, -29.289845170000159 ], [ -71.385193620365968, -29.289785203902948 ], [ -71.385298860099013, -29.28974840533936 ], [ -71.385403840894668, -29.289700073760493 ], [ -71.385508539674348, -29.289640014716699 ], [ -71.385639523338838, -29.289567939375079 ], [ -71.385834851174479, -29.289413338701561 ], [ -71.385965023916839, -29.2893063680648 ], [ -71.386120271344865, -29.289140751701709 ], [ -71.386236870938902, -29.289022466878983 ], [ -71.386431676453185, -29.28884460565374 ], [ -71.386587840216805, -29.288713890915094 ], [ -71.38667846512746, -29.288619266012237 ], [ -71.386782893332054, -29.288547654366248 ], [ -71.386887048022459, -29.288464334960203 ], [ -71.386991496513872, -29.288392723700721 ], [ -71.387096205419439, -29.288332755326241 ], [ -71.387305057766454, -29.288189458342043 ], [ -71.387410036986353, -29.288141125300829 ], [ -71.387514202959323, -29.288057888232231 ], [ -71.387618898774491, -29.287997827684958 ], [ -71.388297770685583, -29.28753225521848 ], [ -71.388414655376849, -29.287425520033093 ], [ -71.388570170230523, -29.287271637695447 ], [ -71.388673888354759, -29.287165127906441 ], [ -71.388829138915554, -29.286999527530508 ], [ -71.38894575434918, -29.286881231218775 ], [ -71.389087827837869, -29.286715856396913 ], [ -71.389204440117652, -29.286597494980871 ], [ -71.38933341897031, -29.286444058668486 ], [ -71.389450301359915, -29.286337322692251 ], [ -71.389619460227479, -29.286194824646003 ], [ -71.389697078158179, -29.286111968175 ], [ -71.390009555763356, -29.285862261161263 ], [ -71.390322842452179, -29.285647355503745 ], [ -71.390427546321135, -29.28558737574588 ], [ -71.390531696943114, -29.285504136764473 ], [ -71.390636398836179, -29.285444083813516 ], [ -71.390688932349718, -29.285419864310835 ], [ -71.390741633071613, -29.28540737329962 ], [ -71.390780363276505, -29.285360121924288 ], [ -71.390961872214135, -29.285182492640647 ], [ -71.391078209311445, -29.28505248613623 ], [ -71.391233821292317, -29.284898589279599 ], [ -71.391376596587591, -29.284768109092788 ], [ -71.391532746767027, -29.28463738922634 ], [ -71.391702337065894, -29.284518150947388 ], [ -71.391767870235626, -29.284482067747962 ], [ -71.391793319151262, -29.284435146910976 ], [ -71.391911185353621, -29.284374847305426 ], [ -71.392027531450481, -29.284244830859695 ], [ -71.392246942969379, -29.283985154695831 ], [ -71.392454706697251, -29.283795404692565 ], [ -71.392558865138156, -29.283712163201983 ], [ -71.392663284382948, -29.283640557344985 ], [ -71.392768077504329, -29.283580492172803 ], [ -71.392872505700154, -29.28350888509916 ], [ -71.393082435401539, -29.283412118284673 ], [ -71.393187947073642, -29.283386949335359 ], [ -71.393712775410791, -29.283145057956009 ], [ -71.393818014438693, -29.283108262956873 ], [ -71.393922713577524, -29.283048280700598 ], [ -71.394027670748173, -29.282999851120234 ], [ -71.394132098458698, -29.282928243120796 ], [ -71.394236795305247, -29.282868178576756 ], [ -71.394445638713634, -29.282724963310582 ], [ -71.394549794421408, -29.282641721310096 ], [ -71.394759157128675, -29.282521683198041 ], [ -71.39488959325422, -29.28242633018677 ], [ -71.395071619145156, -29.282271863453293 ], [ -71.395188504217472, -29.282165214780406 ], [ -71.395343830915039, -29.281999587111059 ], [ -71.395460431427921, -29.281881211834694 ], [ -71.395602383559051, -29.281715915823149 ], [ -71.395718993744509, -29.281597540167287 ], [ -71.395887592843138, -29.281431766735821 ], [ -71.396004192096299, -29.281313391048034 ], [ -71.396172945631847, -29.281159253081203 ], [ -71.396263555874498, -29.281064613421666 ], [ -71.396367707365684, -29.280981369281001 ], [ -71.396471588306767, -29.28088650037634 ], [ -71.396679879033101, -29.280719920821429 ], [ -71.396887629119931, -29.280530173678578 ], [ -71.396992051062682, -29.28045855557766 ], [ -71.397162264066296, -29.280362495564709 ], [ -71.397631385267957, -29.280005305910453 ], [ -71.397722263893471, -29.279922299983081 ], [ -71.397826683687057, -29.279850597409251 ], [ -71.397930822394684, -29.279767353264525 ], [ -71.398034700421675, -29.279672473361149 ], [ -71.398243532141109, -29.279529262684338 ], [ -71.398387480911822, -29.279445211272606 ], [ -71.398582779253786, -29.279290593759551 ], [ -71.398738536038081, -29.279148233655839 ], [ -71.398855130536688, -29.279029947775843 ], [ -71.399036611903668, -29.278852206897582 ], [ -71.399152945143442, -29.278722286916587 ], [ -71.399295534699135, -29.278580162758626 ], [ -71.399386128466361, -29.278485520542695 ], [ -71.399594965923058, -29.278342298772063 ], [ -71.399803247383545, -29.278175714852527 ], [ -71.39990766503584, -29.278104102817093 ], [ -71.400115947879755, -29.277937620360355 ], [ -71.400220458591434, -29.277865915306975 ], [ -71.400325147460379, -29.277805928524106 ], [ -71.400429283071404, -29.277722682623232 ], [ -71.400742522723888, -29.277507763955725 ], [ -71.400847752951435, -29.277470953940941 ], [ -71.400952714400688, -29.277422611167996 ], [ -71.401057392522901, -29.277362642979547 ], [ -71.401162623291569, -29.277325823694639 ], [ -71.401268126333974, -29.277300647906241 ], [ -71.401373076078144, -29.277252305026369 ], [ -71.401478579193153, -29.277227138096276 ], [ -71.401793444394457, -29.27708190457016 ], [ -71.401898132746126, -29.277021926546507 ], [ -71.402211367033516, -29.276807004710193 ], [ -71.402315227794617, -29.276712122922408 ], [ -71.402484621576363, -29.276581143883597 ], [ -71.402640643214426, -29.276450506247286 ], [ -71.402731504311731, -29.27636749746668 ], [ -71.402835636667731, -29.276284258885273 ], [ -71.402939514718682, -29.276189283416727 ], [ -71.403148332057128, -29.276046055877003 ], [ -71.40325246250417, -29.275962808005744 ], [ -71.403356982398208, -29.275891192494349 ], [ -71.403461120626829, -29.275807851410651 ], [ -71.403565523989343, -29.275736237843368 ], [ -71.403670751267867, -29.275699425756219 ], [ -71.403984794782119, -29.275519394760977 ], [ -71.404089752640601, -29.27547104970748 ], [ -71.404194435766485, -29.275410977159343 ], [ -71.404509283151825, -29.275265830797316 ], [ -71.404719729241023, -29.275192316228985 ], [ -71.405141718157338, -29.275091704140813 ], [ -71.405246945183151, -29.275054891761386 ], [ -71.405352705955281, -29.275041347658533 ], [ -71.405457662616442, -29.274993001591248 ], [ -71.405654290003341, -29.27489636268259 ], [ -71.405837232422328, -29.274776867056936 ], [ -71.405980508850178, -29.274669643088945 ], [ -71.406318087321637, -29.274361241157553 ], [ -71.406487463332908, -29.274230284732511 ], [ -71.406578056653501, -29.274135629879034 ], [ -71.4067874088569, -29.274015574172722 ], [ -71.406891544697331, -29.273932332559578 ], [ -71.407413564385877, -29.273574148391351 ], [ -71.407621289727004, -29.273384367203594 ], [ -71.407830092851938, -29.273241059945374 ], [ -71.407973753624148, -29.273145446632277 ], [ -71.408169015133154, -29.272990826582266 ], [ -71.408311583872404, -29.272848683936637 ], [ -71.40851985132177, -29.272682189475425 ], [ -71.408636153268887, -29.272552178533058 ], [ -71.408804883275153, -29.272398017124409 ], [ -71.408947450785774, -29.272255893724907 ], [ -71.409090292590321, -29.272125477735372 ], [ -71.409220585631971, -29.272030114202806 ], [ -71.409376411076792, -29.271887741318448 ], [ -71.409467000080667, -29.271793101879709 ], [ -71.409674707972826, -29.271603327981136 ], [ -71.40977883900014, -29.271520084363633 ], [ -71.409882697599258, -29.271425196241648 ], [ -71.410195077864046, -29.271175335936288 ], [ -71.410299471871454, -29.271103726615486 ], [ -71.410404694101416, -29.27106701150705 ], [ -71.410509641766907, -29.271018559913063 ], [ -71.410614307276205, -29.270958575856181 ], [ -71.41124408007272, -29.270668177443081 ], [ -71.411348470404164, -29.270596465470103 ], [ -71.411557820991206, -29.270476495674547 ], [ -71.411766066617105, -29.270309894943459 ], [ -71.411974859247678, -29.270166654877308 ], [ -71.41218310252809, -29.270000053582375 ], [ -71.412600693911799, -29.269713480695501 ], [ -71.412704820591159, -29.269630235021189 ], [ -71.412809210763726, -29.269558604977028 ], [ -71.41291334821517, -29.269475349935181 ], [ -71.413017725051077, -29.269403646905939 ], [ -71.413121851867515, -29.26932039100252 ], [ -71.41322652513945, -29.269260395849308 ], [ -71.413330367138656, -29.269165515454798 ], [ -71.413434766907073, -29.269093894702838 ], [ -71.413538879590504, -29.269010546733426 ], [ -71.413643552503558, -29.268950560300514 ], [ -71.413956841437013, -29.26873560258505 ], [ -71.414061787075894, -29.26868724039613 ], [ -71.414270560653634, -29.268543905289238 ], [ -71.414479901288956, -29.268423838434725 ], [ -71.414585393468499, -29.268398745684983 ], [ -71.414690051614087, -29.268338665821354 ], [ -71.414794996705467, -29.268290313016013 ], [ -71.414899665923059, -29.2682302327961 ], [ -71.415109541856779, -29.268133425107603 ], [ -71.415214212902924, -29.268073437540455 ], [ -71.415424088193163, -29.267976629390962 ], [ -71.415529292715732, -29.267939818724688 ], [ -71.415634236734974, -29.267891455383975 ], [ -71.415949873048433, -29.267781103446289 ], [ -71.416054814545234, -29.267732648717384 ], [ -71.416160294214265, -29.267707554086705 ], [ -71.416265235738848, -29.267659108219522 ], [ -71.416422149896817, -29.267563265565954 ], [ -71.416630928015806, -29.267419926881693 ], [ -71.416747761973127, -29.267313252562897 ], [ -71.416902664120357, -29.267135979035125 ], [ -71.417018950879438, -29.267006035609729 ], [ -71.417148230381201, -29.266864134599857 ], [ -71.417225812792609, -29.266781365937256 ], [ -71.417329933468508, -29.26669810797398 ], [ -71.417434327808351, -29.266626483474163 ], [ -71.417642554832852, -29.266459874508143 ], [ -71.417851437089112, -29.266316625085167 ], [ -71.418061306111412, -29.266219813117306 ], [ -71.419008190595903, -29.265888731076089 ], [ -71.419113129950347, -29.265840375140662 ], [ -71.419322448553757, -29.265720291560406 ], [ -71.4194268382969, -29.265648574553595 ], [ -71.419531767936533, -29.265600218480717 ], [ -71.419636432614809, -29.26554022684082 ], [ -71.420158361411936, -29.265181905473 ], [ -71.42026246793985, -29.265098654639452 ], [ -71.420367667333593, -29.265061830497036 ], [ -71.420471519740047, -29.264966935711229 ], [ -71.420680290147516, -29.264823693154813 ], [ -71.420994373624609, -29.26464361369564 ], [ -71.421309171732958, -29.264498347605052 ], [ -71.42176695192353, -29.264234297132315 ], [ -71.421962551806359, -29.264091180483245 ], [ -71.422235098657396, -29.263842126918096 ], [ -71.422325647821367, -29.26374747110021 ], [ -71.42253387112531, -29.263580855050069 ], [ -71.422638797289096, -29.263532505745911 ], [ -71.422743457758628, -29.263472503764483 ], [ -71.422847842720458, -29.263400783429493 ], [ -71.423057795507162, -29.263303971487304 ], [ -71.423163277740684, -29.263278780388241 ], [ -71.423268223606357, -29.2632304203301 ], [ -71.423373694155146, -29.263205219357811 ], [ -71.423478619290094, -29.263156860418739 ], [ -71.423584100431157, -29.263131678037531 ], [ -71.42389888970358, -29.262986396371645 ], [ -71.424004088880437, -29.262949670531281 ], [ -71.424213406081833, -29.26282959054177 ], [ -71.424317780168465, -29.262757961332319 ], [ -71.42448756742192, -29.262650227726709 ], [ -71.42451355479605, -29.262626486385486 ], [ -71.42455307446366, -29.262614129792208 ], [ -71.42456552077833, -29.262579069704106 ], [ -71.424618487585036, -29.262578108409102 ], [ -71.424722860192631, -29.262506395932004 ], [ -71.425034904150223, -29.26224498079003 ], [ -71.425164990522291, -29.262137976050688 ], [ -71.425346671793378, -29.261971929722272 ], [ -71.425632828354281, -29.261734160043087 ], [ -71.425710675750395, -29.26166302136879 ], [ -71.425736936904315, -29.26165089615688 ], [ -71.425814783717698, -29.261579738492188 ], [ -71.425827502474718, -29.261556237842655 ], [ -71.425893177181194, -29.261531776511763 ], [ -71.425932421693375, -29.261507794186556 ], [ -71.425942169511586, -29.261484698406477 ], [ -71.427703555972442, -29.260708257189645 ], [ -71.427794942524628, -29.260648492661677 ], [ -71.428030228230895, -29.260504756529453 ], [ -71.428758924624006, -29.259921719775004 ], [ -71.428863303799787, -29.259850088035169 ], [ -71.429018989585487, -29.259707788350603 ], [ -71.429097210421048, -29.259648169434694 ], [ -71.429382698859015, -29.259387226730432 ], [ -71.429447273907385, -29.259316318346098 ], [ -71.429551206581777, -29.259221415526529 ], [ -71.429615779428588, -29.259150423209405 ], [ -71.42971987073922, -29.259067156733376 ], [ -71.429784730574241, -29.25900787244618 ], [ -71.429888822843708, -29.258924614851942 ], [ -71.430097563905392, -29.25878125704741 ], [ -71.430175795881894, -29.258721730262366 ], [ -71.430292879935195, -29.25862659671462 ], [ -71.430318208567073, -29.258579587613301 ], [ -71.430370445231858, -29.258543812278536 ], [ -71.430422299751058, -29.258496320631195 ], [ -71.430474819662138, -29.25847208653213 ], [ -71.430578635122117, -29.258377175182673 ], [ -71.430631157556945, -29.258353051942276 ], [ -71.430735520315437, -29.258281327119612 ], [ -71.431102689612274, -29.258111899630304 ], [ -71.431155485493647, -29.258099299598417 ], [ -71.431207889025686, -29.258075076363447 ], [ -71.431260673560757, -29.258062476497582 ], [ -71.431365588196201, -29.258014102848151 ], [ -71.43141827806997, -29.258001504644465 ], [ -71.43157571315362, -29.257928905374801 ], [ -71.431627851409473, -29.257893047467718 ], [ -71.431680360418909, -29.257868813114051 ], [ -71.43173249154961, -29.257833048218011 ], [ -71.431785000501634, -29.257808813826227 ], [ -71.431837139648692, -29.257772955825889 ], [ -71.431889650720407, -29.257748813374082 ], [ -71.431994022226121, -29.257677087461417 ], [ -71.43204642831958, -29.257652946861874 ], [ -71.432150800642404, -29.257581220819031 ], [ -71.432413148245999, -29.257460254450066 ], [ -71.432517519076853, -29.257388528163677 ], [ -71.432832279507338, -29.257243328072995 ], [ -71.432885338873234, -29.257242361920497 ], [ -71.432990810963361, -29.257217163556341 ], [ -71.433095722889206, -29.257168704758371 ], [ -71.433148687600635, -29.257167740226418 ], [ -71.433201197019102, -29.257143598213176 ], [ -71.433253886174057, -29.257130999322655 ], [ -71.433358797875101, -29.257082540329748 ], [ -71.433411581580685, -29.257069939656823 ], [ -71.433621426115636, -29.256973104867704 ], [ -71.43375287336238, -29.256924255162968 ], [ -71.434105663747104, -29.256708533377388 ], [ -71.434183881663628, -29.256649013658841 ], [ -71.434287976878508, -29.256565742866925 ], [ -71.434326846959479, -29.256530116679183 ], [ -71.434458016447479, -29.256469540024611 ], [ -71.43481091078651, -29.256253906606194 ], [ -71.434849874354555, -29.256218287594297 ], [ -71.434954796577742, -29.256169911114227 ], [ -71.435006933734883, -29.256134051980922 ], [ -71.435426594743021, -29.255940377827926 ], [ -71.435479653333914, -29.255939410684832 ], [ -71.435531790202631, -29.255903552264677 ], [ -71.435584572981199, -29.255890950781456 ], [ -71.435846816013012, -29.255769970850412 ], [ -71.436005069589996, -29.255732177628786 ], [ -71.436145112930589, -29.255646560372252 ], [ -71.435531627216079, -29.254947345943233 ], [ -71.434052062880653, -29.253086087036149 ], [ -71.432571395995637, -29.251176386357798 ], [ -71.433662492054012, -29.250623946612571 ], [ -71.43772780251966, -29.249775191145535 ], [ -71.441534362439256, -29.249657290104249 ], [ -71.444609770545398, -29.251295634042119 ], [ -71.446548143096521, -29.251550654888685 ], [ -71.448148501142455, -29.251521346633066 ], [ -71.449201623085685, -29.251695715271122 ], [ -71.450639905188751, -29.251814598507362 ], [ -71.45258983494449, -29.252553476164067 ], [ -71.453260147423592, -29.252880077747172 ], [ -71.454589215399068, -29.253049336197492 ], [ -71.455810233192778, -29.253317395112514 ], [ -71.458195935682724, -29.253806109630823 ], [ -71.459405377094484, -29.253590191595897 ], [ -71.459963639053484, -29.253315751835608 ], [ -71.454859057808861, -29.250478347609164 ], [ -71.447756174636382, -29.246638522135054 ], [ -71.429531332588809, -29.248838456559259 ] ] ] ] } },
{ "type": "Feature", "properties": { "fid": 85, "OBJECTID_1": 196, "OBJECTID": 207, "NOM_COM": "LA HIGUERA", "PROVINCIA": "ELQUI", "Z_COMUNAL": "ZONA PREFERENTEMENTE TURISTICA", "USO": "INDUSTRIAL BAJO IMPACTO", "REGIONAL": "AREAS PARA ACTIVIDADES INDUSTRIALES, ECONOMICAS Y DE DESARROLLO", "Shape_Leng": 21842.211557899998, "LEYENDA": "ZONA MULTIPLES RECREACIONAL", "Shape__Area": 4783548.9865722656, "Shape__Length": 21841.568406718496, "Nota": "La Zonificación de Uso del Borde Costero de la Región de Coquimbo, constituye un instrumento aún vigente, y que declara áreas con orientaciones de usos específicos, en el borde costero regional. Por lo tanto, se sugiere su uso de acuerdo a la microzonificación según se señala en todas las publicaciones, y que fué aprobada mediante Decreto Supremo Nº 518 Zonificación de Coquimbo, 12 de diciembre de 2005.", "Origen Dato": "https://gorecoquimbo.maps.arcgis.com/apps/CompareAnalysis/index.html?appid=b4f178d41fb24ab8a871596de568a2f7", "Mapa Completo": "https://www.gorecoquimbo.cl/gorecoquimbo/site/artic/20150722/asocfile/20150722092144/comunal.jpg", "Link Memoria": "https://www.gorecoquimbo.cl/gorecoquimbo/site/artic/20150722/asocfile/20150722091730/memoria_explicativa_zonifi.pdf" }, "geometry": { "type": "MultiPolygon", "coordinates": [ [ [ [ -71.32984913729878, -29.351479944895562 ], [ -71.329896324379007, -29.35152403443168 ], [ -71.330044404063599, -29.351614546268863 ], [ -71.330581378906643, -29.35188420194628 ], [ -71.33070237581444, -29.351951823136368 ], [ -71.330797607511315, -29.352054814427866 ], [ -71.330880615292898, -29.352204475979793 ], [ -71.330894160958849, -29.352215878853851 ], [ -71.330896543294571, -29.352320484012875 ], [ -71.330912459998331, -29.352436491336324 ], [ -71.330926798569365, -29.352482707279041 ], [ -71.330994145629887, -29.352528079593128 ], [ -71.331074877592954, -29.352573133982229 ], [ -71.33110106905032, -29.352561036462991 ], [ -71.331141706070994, -29.35259523598161 ], [ -71.331208513185345, -29.352617348243506 ], [ -71.331341999114869, -29.35264992443118 ], [ -71.331475738793188, -29.352694042771226 ], [ -71.331556102134087, -29.352727557475887 ], [ -71.331610283069807, -29.352773066749382 ], [ -71.331718255734586, -29.35285255522847 ], [ -71.331813223182905, -29.352943910684871 ], [ -71.331922267710056, -29.353069928900954 ], [ -71.332152300594231, -29.353263567832531 ], [ -71.332367731054831, -29.35339936547383 ], [ -71.332475715048474, -29.353478844064906 ], [ -71.332744266853851, -29.353613628829947 ], [ -71.332852242071496, -29.353693106345016 ], [ -71.332865416905719, -29.353692875847102 ], [ -71.332881347701104, -29.353808892499373 ], [ -71.332921975510217, -29.353843091588733 ], [ -71.332924624256918, -29.353959330687175 ], [ -71.332953833766794, -29.354075013054509 ], [ -71.332985589532669, -29.354307038237515 ], [ -71.333014791247152, -29.354422821758092 ], [ -71.333070565078486, -29.354538132213158 ], [ -71.333152519400187, -29.354641343997287 ], [ -71.333152782567666, -29.354652887010847 ], [ -71.333273245886659, -29.354697337655654 ], [ -71.333407528873622, -29.354764724579034 ], [ -71.333515504839156, -29.35484420236779 ], [ -71.333623757800041, -29.354935322969386 ], [ -71.333718728715397, -29.355026667821715 ], [ -71.333815291852503, -29.355187821637436 ], [ -71.33395062677333, -29.355301739073518 ], [ -71.334017710778525, -29.355335391692257 ], [ -71.334352030603085, -29.355445825389101 ], [ -71.334836028287953, -29.355716389146355 ], [ -71.334970303283725, -29.35578377453405 ], [ -71.335212198726296, -29.355919094704859 ], [ -71.335307278167832, -29.356010444542232 ], [ -71.335401986238097, -29.356090162084321 ], [ -71.335496428908272, -29.356158244575187 ], [ -71.335591403829284, -29.356249596019474 ], [ -71.335686104147058, -29.356329405495895 ], [ -71.335808435210041, -29.356455096289253 ], [ -71.335917752845674, -29.356592736664158 ], [ -71.336026793186747, -29.356718668194073 ], [ -71.336135581411881, -29.356833048317903 ], [ -71.336189757355555, -29.356878648552879 ], [ -71.336243572137903, -29.356912532471725 ], [ -71.336538426148238, -29.357035291499177 ], [ -71.336659327946577, -29.35710290851468 ], [ -71.336754399510085, -29.357194258253678 ], [ -71.336780856033812, -29.357193794577697 ], [ -71.336823078440801, -29.357297701085209 ], [ -71.33689283046148, -29.357447673616061 ], [ -71.336948600336541, -29.357562990361775 ], [ -71.33703055917087, -29.357666117302088 ], [ -71.337111990673804, -29.35774614921235 ], [ -71.337165635142071, -29.357768395192256 ], [ -71.337286646386673, -29.357836103488516 ], [ -71.337394894317228, -29.357927211806505 ], [ -71.337421457046801, -29.357926746134204 ], [ -71.337450037750727, -29.358019260957949 ], [ -71.337464114378761, -29.35805384009706 ], [ -71.33748137995201, -29.358228012540248 ], [ -71.33745746939087, -29.358344623989574 ], [ -71.337410830813866, -29.358624479328569 ], [ -71.337416673425253, -29.358880236402989 ], [ -71.337457035837545, -29.358902706068786 ], [ -71.337471806933081, -29.358972275764433 ], [ -71.337512183045661, -29.358994847114797 ], [ -71.337525983769908, -29.359017792363389 ], [ -71.337594675084461, -29.359121233577472 ], [ -71.337558918112592, -29.35929625170251 ], [ -71.337535541024195, -29.359436216928838 ], [ -71.337541913675437, -29.359715151869608 ], [ -71.337531829446746, -29.359854884031325 ], [ -71.337481993325341, -29.359995239164576 ], [ -71.337455705960039, -29.36000733063209 ], [ -71.337456769208003, -29.360053870439256 ], [ -71.337404182224816, -29.360077969674858 ], [ -71.337365505503399, -29.360125206191427 ], [ -71.337170398472026, -29.360303007860722 ], [ -71.337107293216206, -29.360443679383181 ], [ -71.337067976526782, -29.360467554891841 ], [ -71.337068773639274, -29.360502450736568 ], [ -71.33697671533433, -29.36053898327604 ], [ -71.33696396302814, -29.360562393112456 ], [ -71.336885185109125, -29.360598683781763 ], [ -71.336700279951557, -29.360636833609725 ], [ -71.336594406313608, -29.360650245802681 ], [ -71.336435151183153, -29.360653036803068 ], [ -71.336381611304404, -29.360630787853211 ], [ -71.336328494696204, -29.360631718675752 ], [ -71.33624943858166, -29.360656290337175 ], [ -71.336223416567506, -29.360680016538858 ], [ -71.336170661337917, -29.360692580583578 ], [ -71.336118607153068, -29.36074004215283 ], [ -71.33602787318695, -29.3608346469921 ], [ -71.33584535354305, -29.360977317358984 ], [ -71.33572699513239, -29.361025939545968 ], [ -71.335621651934645, -29.361062611906807 ], [ -71.335516054397374, -29.361087740141325 ], [ -71.335410988829466, -29.361136130094554 ], [ -71.335305378759742, -29.361161166366109 ], [ -71.335093537691236, -29.361188147120384 ], [ -71.334881260316493, -29.361191864059098 ], [ -71.334721589653398, -29.361171390096672 ], [ -71.33466793349163, -29.361149142491204 ], [ -71.334587827966274, -29.361127266001844 ], [ -71.334574015372823, -29.361104237649748 ], [ -71.334454604722779, -29.361106328588335 ], [ -71.334374754446841, -29.361096087122004 ], [ -71.334348466601796, -29.361108187028673 ], [ -71.334244183329034, -29.361191388335577 ], [ -71.334230646347095, -29.36117998572265 ], [ -71.334220282048847, -29.361308092988516 ], [ -71.334157160767958, -29.361448762650483 ], [ -71.334118650420379, -29.361507533059736 ], [ -71.333986594299063, -29.361533124238335 ], [ -71.333879924856646, -29.361511712372934 ], [ -71.333719606649552, -29.361467968401694 ], [ -71.333585324671432, -29.361400583076627 ], [ -71.333452102003733, -29.361379634732007 ], [ -71.333292423030969, -29.361359252122899 ], [ -71.33321284721012, -29.361360643885657 ], [ -71.333133694768335, -29.361385207309883 ], [ -71.333028352208188, -29.361421968772028 ], [ -71.332923547174374, -29.36148189986719 ], [ -71.332818469524952, -29.36153028714217 ], [ -71.332712860389378, -29.361555414300149 ], [ -71.332607790978557, -29.3616037191745 ], [ -71.332502977072195, -29.361663732205006 ], [ -71.332397642166868, -29.361700401032067 ], [ -71.332292828256314, -29.361760423828553 ], [ -71.332082668731104, -29.361857115321449 ], [ -71.331873047385542, -29.361976984329793 ], [ -71.331559406030408, -29.362191770366987 ], [ -71.33134925495969, -29.362288451586789 ], [ -71.331243379478622, -29.36230194264148 ], [ -71.331032169726328, -29.362352184387529 ], [ -71.330926823223393, -29.362388852296757 ], [ -71.330821222937402, -29.362413977847197 ], [ -71.329702735860963, -29.362936387155798 ], [ -71.329692606519018, -29.36298013839308 ], [ -71.329613295236285, -29.362993163973542 ], [ -71.329601600549594, -29.3630631051387 ], [ -71.329575311582587, -29.363075204159596 ], [ -71.329562824093301, -29.363110331368425 ], [ -71.329523347706285, -29.363122660816611 ], [ -71.329484304383115, -29.363158169950154 ], [ -71.329472611485812, -29.363228194073848 ], [ -71.32944711515519, -29.363275105224997 ], [ -71.329407638689545, -29.363287434642892 ], [ -71.329395681004428, -29.363345832767379 ], [ -71.329294840721602, -29.363580073594996 ], [ -71.3291833564341, -29.363930887724251 ], [ -71.329132882512184, -29.36404797202853 ], [ -71.329109069589293, -29.364164673522524 ], [ -71.329058597373091, -29.364281840771525 ], [ -71.329034689843411, -29.364398553830657 ], [ -71.328994089433664, -29.364877126281037 ], [ -71.32893425201614, -29.365601170020867 ], [ -71.328879658995518, -29.36574998383022 ], [ -71.328886648151055, -29.36603846112396 ], [ -71.3289481790205, -29.366180923077852 ], [ -71.328967165271465, -29.366255196216255 ], [ -71.328971672974532, -29.36629481240551 ], [ -71.328986807627103, -29.366375924425238 ], [ -71.329014694995138, -29.366433533456782 ], [ -71.329029301956055, -29.366491467429555 ], [ -71.329140727599679, -29.366722009375323 ], [ -71.329225600734205, -29.366953098153303 ], [ -71.329337039571541, -29.367183722653447 ], [ -71.329501596392092, -29.367413334898579 ], [ -71.329557259413548, -29.367528657478211 ], [ -71.329586471218178, -29.36764443236568 ], [ -71.329628861852768, -29.367759977828765 ], [ -71.329697646699429, -29.367863421452583 ], [ -71.329806704116805, -29.36798935834052 ], [ -71.329902734635397, -29.368127244546695 ], [ -71.329971425328409, -29.368230690552132 ], [ -71.330054817883052, -29.368391984770124 ], [ -71.330582706108686, -29.368927659213174 ], [ -71.330598504066785, -29.368952195927381 ], [ -71.330652853849841, -29.369009341864437 ], [ -71.330693752511962, -29.369055176260549 ], [ -71.330721102159131, -29.369089607919012 ], [ -71.330817673517714, -29.369250671137912 ], [ -71.33088769068496, -29.369412198609599 ], [ -71.330971076329575, -29.369573576159411 ], [ -71.331067648581396, -29.369734639139189 ], [ -71.331190787104902, -29.369895237425244 ], [ -71.331300632527956, -29.370056059050263 ], [ -71.331449439245546, -29.370181382182398 ], [ -71.331519818097092, -29.370354542537065 ], [ -71.331589827796307, -29.37051615267514 ], [ -71.331633385000956, -29.370678142486199 ], [ -71.331663555282915, -29.370840366448181 ], [ -71.33175065175007, -29.371164430181121 ], [ -71.331833955042669, -29.371325724588875 ], [ -71.331861305719968, -29.371360155947521 ], [ -71.331982593716532, -29.371439409428334 ], [ -71.332078375625883, -29.371565659403363 ], [ -71.332201772924606, -29.37173788264149 ], [ -71.332363854306081, -29.371862889322593 ], [ -71.332472920317358, -29.371988905621169 ], [ -71.332569497414937, -29.372149967200862 ], [ -71.332639615204243, -29.372311575651093 ], [ -71.332749477223771, -29.372472404577252 ], [ -71.332766460161011, -29.372634849941353 ], [ -71.332770172431765, -29.372797628599333 ], [ -71.33278531140364, -29.372878739894464 ], [ -71.332825321860014, -29.372889679244839 ], [ -71.332879238932136, -29.372923552464737 ], [ -71.332906601943534, -29.372957992377671 ], [ -71.332947131790306, -29.372992192802698 ], [ -71.332960943731152, -29.373015129233895 ], [ -71.333001855611542, -29.373060971587531 ], [ -71.333138433739634, -29.37323296308433 ], [ -71.333300891080498, -29.373369684494776 ], [ -71.333464408752917, -29.373552852641208 ], [ -71.333464937437228, -29.373576020661091 ], [ -71.333507335312717, -29.37369156441612 ], [ -71.333534421911139, -29.373714369411005 ], [ -71.333563376149286, -29.373818517019782 ], [ -71.333603917888794, -29.373852717011502 ], [ -71.333617720012555, -29.373875662555459 ], [ -71.333674567585277, -29.374037501756597 ], [ -71.333676955091065, -29.37414211538384 ], [ -71.333650651493997, -29.374154122617234 ], [ -71.333638164374989, -29.37418925105375 ], [ -71.3336251463937, -29.374201118589546 ], [ -71.333600180523177, -29.374271292312706 ], [ -71.333549273098427, -29.374365189514915 ], [ -71.333499863977153, -29.374528898116772 ], [ -71.333541571011565, -29.374609544124091 ], [ -71.333608666978918, -29.374643195280026 ], [ -71.333638948920708, -29.374805500495523 ], [ -71.333682501349202, -29.374967489439697 ], [ -71.333686214155108, -29.375130166915266 ], [ -71.333659912412628, -29.375142266145971 ], [ -71.333664686366006, -29.375351483464449 ], [ -71.333746669991768, -29.3754547033679 ], [ -71.333856525893438, -29.375615522207735 ], [ -71.333870871675515, -29.375661820397106 ], [ -71.333910978057631, -29.375672757691632 ], [ -71.333900090425274, -29.375777510826087 ], [ -71.333862097888797, -29.375859635308302 ], [ -71.333676896652094, -29.375886064534125 ], [ -71.333517978765457, -29.375900486642927 ], [ -71.333453163335562, -29.375971449159589 ], [ -71.33344041884439, -29.375994859482191 ], [ -71.333415178772299, -29.376053490390646 ], [ -71.333402794489956, -29.376088533107719 ], [ -71.333406509140602, -29.376251303473289 ], [ -71.333382062422473, -29.376344746382713 ], [ -71.33335709594374, -29.376414919176103 ], [ -71.333307778379094, -29.376578534091099 ], [ -71.33331150322816, -29.376741303373709 ], [ -71.333340339900275, -29.376845361908259 ], [ -71.333394537258783, -29.376890962436804 ], [ -71.333516618330748, -29.377005110076471 ], [ -71.333677384288549, -29.377072031730428 ], [ -71.33373130625138, -29.377106006350658 ], [ -71.333771317241101, -29.377116936313175 ], [ -71.333825768327245, -29.377174088813288 ], [ -71.333881982230452, -29.37731265966854 ], [ -71.333872516998483, -29.377475576867706 ], [ -71.33384621471761, -29.377487677065346 ], [ -71.33384700939078, -29.377522489936279 ], [ -71.333755465817291, -29.377582281062644 ], [ -71.333702869361318, -29.377606389247717 ], [ -71.333478346049546, -29.377656869061763 ], [ -71.333319701004569, -29.377682916841572 ], [ -71.333226723501795, -29.37768454372328 ], [ -71.333160950001343, -29.377708974409497 ], [ -71.333165722364512, -29.37791809972089 ], [ -71.333153234914789, -29.377953237146439 ], [ -71.332982099668968, -29.378014329096032 ], [ -71.332822827397962, -29.378017117097414 ], [ -71.332663375079576, -29.378008267550992 ], [ -71.332583958053917, -29.37802129715665 ], [ -71.332479128216235, -29.378081320886942 ], [ -71.332336150602814, -29.378211654927355 ], [ -71.332336681456738, -29.378234924852588 ], [ -71.332297093702763, -29.378247257258288 ], [ -71.332273187592406, -29.378363961632559 ], [ -71.332263614789753, -29.378526880679253 ], [ -71.33226626648684, -29.378643119384176 ], [ -71.332293894300477, -29.378689102301543 ], [ -71.332297606530332, -29.378851871848703 ], [ -71.332261570497053, -29.37901525400137 ], [ -71.332198871275878, -29.379179101845441 ], [ -71.332122994610458, -29.37934326416082 ], [ -71.331997700060583, -29.37967095067647 ], [ -71.331921822961078, -29.379835121922213 ], [ -71.331872407078095, -29.379998738105055 ], [ -71.33179652726291, -29.380162808295573 ], [ -71.331733923553486, -29.38032674720267 ], [ -71.331684506153934, -29.380490363352585 ], [ -71.331701500987265, -29.380652808495096 ], [ -71.331731780488511, -29.380815030212283 ], [ -71.331845351774191, -29.381138629013741 ], [ -71.331875526677649, -29.381300852504456 ], [ -71.331879238637171, -29.381463622036456 ], [ -71.331966356680795, -29.38178760054992 ], [ -71.331982292941916, -29.38190360765719 ], [ -71.331916676851023, -29.381939674678986 ], [ -71.331718179261927, -29.381966325240644 ], [ -71.331613079784702, -29.38201472166342 ], [ -71.331602711964337, -29.382142828657507 ], [ -71.331643359501129, -29.382176934337767 ], [ -71.331657429949814, -29.382211606965122 ], [ -71.331712052273573, -29.382280387822824 ], [ -71.331713642145303, -29.382350086665902 ], [ -71.331742321958203, -29.382442600635848 ], [ -71.331744718582001, -29.382547213193547 ], [ -71.331719476166199, -29.382605843871385 ], [ -71.331670152632611, -29.382769458369474 ], [ -71.331607450388063, -29.38293329791447 ], [ -71.331555754795374, -29.382992390504345 ], [ -71.33147844214416, -29.383098398568631 ], [ -71.331415845682727, -29.38326224520662 ], [ -71.331449837405287, -29.383587236442807 ], [ -71.331452486626588, -29.383703383143896 ], [ -71.33142697759385, -29.383750387857567 ], [ -71.331381272055879, -29.384076773425434 ], [ -71.331371802748905, -29.384239680631151 ], [ -71.331401977170557, -29.384401905070671 ], [ -71.331428801981374, -29.384413075351532 ], [ -71.331430402300782, -29.384482783024197 ], [ -71.331485386961859, -29.384563197177908 ], [ -71.331513708046742, -29.384644159926474 ], [ -71.331528848466178, -29.384725271190241 ], [ -71.331572402963886, -29.384887260554464 ], [ -71.331586483919892, -29.384921923958938 ], [ -71.331667402932766, -29.384978604131717 ], [ -71.331694226915658, -29.384989775268032 ], [ -71.331869086045359, -29.385091369901787 ], [ -71.332030765400631, -29.385193186828037 ], [ -71.332153129312189, -29.385318877910752 ], [ -71.332383240666942, -29.385512512419787 ], [ -71.332490200826783, -29.38554555899 ], [ -71.332543756342304, -29.385567891697843 ], [ -71.332704109765473, -29.385611551022038 ], [ -71.332852400677069, -29.385713600354922 ], [ -71.332987777485229, -29.385827516108485 ], [ -71.333135918936847, -29.385917938047292 ], [ -71.333271296307146, -29.386031852575108 ], [ -71.333271827543172, -29.38605512245751 ], [ -71.333285802330181, -29.386089704509907 ], [ -71.333367623887597, -29.386181278420736 ], [ -71.333354604445361, -29.386193145996959 ], [ -71.333424893180705, -29.38636629701239 ], [ -71.333425690098252, -29.38640120183037 ], [ -71.333479096139186, -29.386411906182666 ], [ -71.333493696853139, -29.3864697465036 ], [ -71.333573556796509, -29.386479987547872 ], [ -71.33360012701219, -29.38647952222664 ], [ -71.333651294783635, -29.386397250929271 ], [ -71.333690884402955, -29.386384917986877 ], [ -71.333864155799645, -29.386416793008141 ], [ -71.333877430599671, -29.386416560500042 ], [ -71.33394649944205, -29.386531645584004 ], [ -71.333973504238173, -29.386554359733104 ], [ -71.334082047404038, -29.3866571037928 ], [ -71.334109148890235, -29.386679899216066 ], [ -71.334243731362733, -29.386758917750527 ], [ -71.334257813714871, -29.386793589816978 ], [ -71.334326778001611, -29.38690866658002 ], [ -71.334341389597867, -29.386966507494918 ], [ -71.334409823845434, -29.387058324242027 ], [ -71.334450210670141, -29.387080885935273 ], [ -71.334623217872164, -29.387101134878403 ], [ -71.334650837721128, -29.387147107346394 ], [ -71.334664388693966, -29.387158509501987 ], [ -71.334691756461311, -29.38719294963769 ], [ -71.334721235663963, -29.387320265558024 ], [ -71.334683248563167, -29.387402306298398 ], [ -71.334711667837098, -29.38748326739298 ], [ -71.334755135096941, -29.387645256951629 ], [ -71.334758319093012, -29.38778467317767 ], [ -71.334732385196574, -29.387808406760122 ], [ -71.334549715222153, -29.387951171419481 ], [ -71.3342886036273, -29.388141766463541 ], [ -71.334250350159209, -29.388212172178147 ], [ -71.334304278444776, -29.388246146177718 ], [ -71.334291258666127, -29.388258004832796 ], [ -71.334384669066637, -29.388279555507214 ], [ -71.334423625045943, -29.388244056201586 ], [ -71.334476224506446, -29.388219855490025 ], [ -71.334541471837099, -29.388172163013888 ], [ -71.334672872718031, -29.38811176474313 ], [ -71.334739288760801, -29.388110591986351 ], [ -71.334766550749947, -29.38814503304323 ], [ -71.33483429380243, -29.388201942878307 ], [ -71.334861130263931, -29.388213112205307 ], [ -71.334891045952773, -29.388363699567762 ], [ -71.334908050172857, -29.38852623575259 ], [ -71.33493832662522, -29.388688456351744 ], [ -71.33482074327091, -29.388771891942088 ], [ -71.334662507175992, -29.388821213927439 ], [ -71.334556340293616, -29.388823073221502 ], [ -71.334502782637998, -29.388800741452126 ], [ -71.334353604738837, -29.388849904371483 ], [ -71.334360220282292, -29.388954350757743 ], [ -71.334400066250438, -29.388953652665876 ], [ -71.33442769898258, -29.388999717850449 ], [ -71.334534651844393, -29.389032661685089 ], [ -71.3346012387358, -29.389043134584902 ], [ -71.334668613594218, -29.389088503368029 ], [ -71.334722275644424, -29.389110842254997 ], [ -71.334737153685438, -29.389180318002651 ], [ -71.33476636997483, -29.389296090902885 ], [ -71.334782213499608, -29.389412015125409 ], [ -71.33479656208381, -29.389458312996496 ], [ -71.334836939902374, -29.389480884607796 ], [ -71.334864571912959, -29.389526857678682 ], [ -71.334959568151518, -29.389618207662856 ], [ -71.334986139156371, -29.389617742020338 ], [ -71.335013668343251, -29.389663808877064 ], [ -71.335107440768056, -29.389696992220092 ], [ -71.335241403687206, -29.389752833255955 ], [ -71.335349431242506, -29.389832306846337 ], [ -71.335362982666211, -29.389843708902543 ], [ -71.33537944302536, -29.389982892338828 ], [ -71.335367762967493, -29.390052925505255 ], [ -71.335329072793854, -29.390100069033295 ], [ -71.335239272052036, -29.390241197915547 ], [ -71.335135769459583, -29.390359305770172 ], [ -71.335097079912387, -29.390406441107015 ], [ -71.3350864494669, -29.390522912227425 ], [ -71.335102920955094, -29.390662095501199 ], [ -71.335132148722792, -29.390777877990331 ], [ -71.335135867301744, -29.390940646912526 ], [ -71.335110091268533, -29.390975915453467 ], [ -71.335097337555538, -29.390999427150195 ], [ -71.33505855200292, -29.391046564164498 ], [ -71.334903340574897, -29.391223757932909 ], [ -71.334851269318051, -29.391271135836718 ], [ -71.334840107893186, -29.391364337088426 ], [ -71.334844355707276, -29.391550283884595 ], [ -71.334871193302845, -29.391561463075288 ], [ -71.334912103525042, -29.391607295428262 ], [ -71.334925655153015, -29.391618697515845 ], [ -71.335071566636401, -29.391616131338441 ], [ -71.335204561377637, -29.391625347970503 ], [ -71.335337835476537, -29.391646291166822 ], [ -71.335391659718468, -29.391680257430501 ], [ -71.335445853863135, -29.391725763839812 ], [ -71.33546232847965, -29.391865048910606 ], [ -71.335491450801371, -29.391980823199511 ], [ -71.335496761349376, -29.392213208539246 ], [ -71.335460197763837, -29.392353422411638 ], [ -71.335448249550424, -29.392411727777773 ], [ -71.335463384156384, -29.392492829433042 ], [ -71.335464447906844, -29.392539369079778 ], [ -71.335491285396202, -29.392550529188174 ], [ -71.335518280853876, -29.39257324219464 ], [ -71.335545650479744, -29.392607682032754 ], [ -71.335614621599589, -29.392722757720509 ], [ -71.335641459358953, -29.392733926812671 ], [ -71.335646506756575, -29.392954778192458 ], [ -71.335626309575545, -29.393234159015773 ], [ -71.335654474982306, -29.393303400738787 ], [ -71.335682364387637, -29.393361017644935 ], [ -71.335805010969594, -29.393498423212652 ], [ -71.335927379875542, -29.393624119072506 ], [ -71.335927911880603, -29.393647388884261 ], [ -71.335967930696, -29.393658317771429 ], [ -71.335997425289619, -29.393785724924392 ], [ -71.336039930958975, -29.393901274284424 ], [ -71.336042586509535, -29.394017420425168 ], [ -71.336098272129888, -29.394132728733847 ], [ -71.336125642378249, -29.394167167509522 ], [ -71.336152746405062, -29.394189962357462 ], [ -71.336180104286782, -29.394224309317728 ], [ -71.336263426383823, -29.394385682175393 ], [ -71.336319120899049, -29.39450090811739 ], [ -71.336308492795752, -29.394617379198053 ], [ -71.336324968076525, -29.39475665411393 ], [ -71.336328156166772, -29.39489607001682 ], [ -71.336343036415087, -29.394965545422394 ], [ -71.336383416807493, -29.39498811640787 ], [ -71.33641025525317, -29.394999285303896 ], [ -71.336477367860695, -29.395033017991121 ], [ -71.336611431277419, -29.3950887635336 ], [ -71.33674524215246, -29.395132965819993 ], [ -71.336866551854826, -29.39521221301603 ], [ -71.336879465871021, -29.395200346930501 ], [ -71.336935789614529, -29.395338840647813 ], [ -71.336966351424266, -29.395512778003038 ], [ -71.336969007172101, -29.395628924056837 ], [ -71.336958379995892, -29.395745404154603 ], [ -71.336961571203247, -29.39588491285804 ], [ -71.336975919755844, -29.395931117463419 ], [ -71.337016204901502, -29.395953689904999 ], [ -71.337030023308003, -29.395976717601311 ], [ -71.337043565474289, -29.395988119601832 ], [ -71.337083954620709, -29.396010598177423 ], [ -71.337349332805061, -29.396005943369861 ], [ -71.337482868673263, -29.396038510116536 ], [ -71.337536535019893, -29.396060847611107 ], [ -71.337674494379613, -29.396290914035102 ], [ -71.337769499511992, -29.396382252422907 ], [ -71.337904906747866, -29.396496161740234 ], [ -71.337932267972164, -29.396530600245047 ], [ -71.337974520957033, -29.396634503774827 ], [ -71.338043496763078, -29.3967495787576 ], [ -71.33812575722628, -29.396864336640927 ], [ -71.338139576219234, -29.396887373216352 ], [ -71.338192711588363, -29.396886440630102 ], [ -71.338246817215222, -29.396932040191178 ], [ -71.338367863926834, -29.396999651838161 ], [ -71.338489719859524, -29.397102157900736 ], [ -71.33851734567935, -29.397148139158286 ], [ -71.338558430446781, -29.397205606699565 ], [ -71.33855949347813, -29.397252044308278 ], [ -71.338599875273587, -29.397274615438768 ], [ -71.338602003508726, -29.397367583536354 ], [ -71.338633897617484, -29.397599602687436 ], [ -71.338623270202305, -29.397715990810084 ], [ -71.338599102082171, -29.397821060081188 ], [ -71.338546859816844, -29.397856886805538 ], [ -71.338430068420905, -29.397975221514475 ], [ -71.338353283502585, -29.398104410456849 ], [ -71.33838065543344, -29.398138839630924 ], [ -71.338488683472207, -29.398218319171271 ], [ -71.338558566146958, -29.398368295634498 ], [ -71.338587694319443, -29.398484068844805 ], [ -71.33860364012375, -29.398599991366723 ], [ -71.338659437504219, -29.398715296370163 ], [ -71.338659969005434, -29.398738557118879 ], [ -71.338699990295581, -29.398749494068056 ], [ -71.338767476684367, -29.398794775451289 ], [ -71.338849475250797, -29.398897980810482 ], [ -71.338863028316212, -29.398909382407755 ], [ -71.338892519220082, -29.399036789607152 ], [ -71.338921750946909, -29.39915246887546 ], [ -71.338924412446957, -29.399268706667691 ], [ -71.338965499610651, -29.399326183006295 ], [ -71.338979052748471, -29.399337584587204 ], [ -71.339006411807617, -29.399371921813234 ], [ -71.339020231373112, -29.399394958259428 ], [ -71.33923257710029, -29.399391229621124 ], [ -71.33926037543263, -29.399448838170922 ], [ -71.339315640133776, -29.399540873102097 ], [ -71.339329193544899, -29.399552283661148 ], [ -71.339357098922576, -29.399609973303882 ], [ -71.339384630930383, -29.399655946952144 ], [ -71.339427142229937, -29.399771493905309 ], [ -71.339441759043211, -29.3998293338956 ], [ -71.339495056296272, -29.399840037433862 ], [ -71.339522429309554, -29.399874475335622 ], [ -71.339563078633319, -29.399908671041487 ], [ -71.339669522048055, -29.399918349084587 ], [ -71.339802796154459, -29.399939278316673 ], [ -71.339963613176792, -29.400006189755807 ], [ -71.340044816671679, -29.400074591560809 ], [ -71.340139933847823, -29.400165935050723 ], [ -71.340181018722745, -29.400223309966936 ], [ -71.340221401836871, -29.40024587059149 ], [ -71.340225662216639, -29.400431825424075 ], [ -71.340268080091136, -29.400547373689999 ], [ -71.34029545124659, -29.400581710404289 ], [ -71.340308994401724, -29.400593112011254 ], [ -71.340350187530788, -29.400650567957907 ], [ -71.340459550637121, -29.400788127034328 ], [ -71.34054262933239, -29.400937871278916 ], [ -71.340532003805322, -29.401054249479309 ], [ -71.340508092431463, -29.401170954938948 ], [ -71.340511289169626, -29.401310462272676 ], [ -71.340488014890667, -29.40145034268993 ], [ -71.340477135110319, -29.401555178733116 ], [ -71.340437807308604, -29.401579148803219 ], [ -71.340398223188544, -29.401591483826941 ], [ -71.340266905105779, -29.40165188672886 ], [ -71.340161267754681, -29.401677021675969 ], [ -71.340055887430808, -29.401713782544427 ], [ -71.339950770623361, -29.401762094343585 ], [ -71.339845400424409, -29.401798854873146 ], [ -71.339739752497366, -29.401823989680331 ], [ -71.33963330598182, -29.401814218904406 ], [ -71.339472666152801, -29.401758851591964 ], [ -71.339377909159012, -29.401679139991948 ], [ -71.339323164522355, -29.401610366089589 ], [ -71.339203708008213, -29.401612463881008 ], [ -71.339047688127692, -29.401754674253272 ], [ -71.338943371968938, -29.401837973750556 ], [ -71.338839330027881, -29.401932805958907 ], [ -71.338802395012166, -29.402061295495049 ], [ -71.338804524073964, -29.40215427343206 ], [ -71.338832163740548, -29.402200336390443 ], [ -71.33884545084166, -29.402200103093449 ], [ -71.338848112606186, -29.402316341740665 ], [ -71.33887724065336, -29.402432031779519 ], [ -71.338893178276095, -29.402548036412913 ], [ -71.338895840132665, -29.40266427505011 ], [ -71.338857158632294, -29.402711419497564 ], [ -71.338831915220098, -29.402770051429233 ], [ -71.338806414552479, -29.402816955408333 ], [ -71.338652224993837, -29.402877491344199 ], [ -71.338712260421346, -29.402984241551859 ], [ -71.338735855496211, -29.403213514758214 ], [ -71.338736121922423, -29.403225149623992 ], [ -71.338723633962019, -29.403260287515 ], [ -71.33859142081991, -29.403285877970426 ], [ -71.338550598714903, -29.403240045509595 ], [ -71.33846902313951, -29.403160102785311 ], [ -71.338346370691852, -29.40302269149873 ], [ -71.338292530900461, -29.402988810014207 ], [ -71.338292264754415, -29.402977185063989 ], [ -71.33825134816388, -29.402931354158348 ], [ -71.338237794595713, -29.402919952530944 ], [ -71.338130283904448, -29.402863743027307 ], [ -71.338063430584313, -29.402841637397831 ], [ -71.337942376846271, -29.402774025901468 ], [ -71.337848153637864, -29.40271758293926 ], [ -71.337753661087618, -29.402649413064825 ], [ -71.337686173489558, -29.402604132191762 ], [ -71.337578926546684, -29.402559464215244 ], [ -71.337499053907251, -29.402549236235615 ], [ -71.337378798422051, -29.402516519818498 ], [ -71.337316106116816, -29.402631474934605 ], [ -71.33724524248197, -29.402767404066338 ], [ -71.33718885982519, -29.402815570445714 ], [ -71.336972421401285, -29.402744495678881 ], [ -71.336971891086378, -29.402721318800531 ], [ -71.336865976149397, -29.402734815614 ], [ -71.336760590457288, -29.402771491048139 ], [ -71.336721537519182, -29.402807084873487 ], [ -71.33665627949658, -29.402854695837572 ], [ -71.336578533326986, -29.402937425547162 ], [ -71.33652592709376, -29.402961627433065 ], [ -71.336500683288705, -29.403020258980231 ], [ -71.33631489375145, -29.403023516861698 ], [ -71.336262021262655, -29.403036083762359 ], [ -71.336236890527232, -29.403094621262763 ], [ -71.33621058218003, -29.403106722235179 ], [ -71.336210848317563, -29.403118357122157 ], [ -71.336158495398962, -29.403154092037898 ], [ -71.336145590653047, -29.403165957920315 ], [ -71.336119282275931, -29.403178058876183 ], [ -71.336106260118299, -29.403189926814211 ], [ -71.335893907053034, -29.40319365088974 ], [ -71.33581483080502, -29.403218306767073 ], [ -71.335763010091, -29.40327732123766 ], [ -71.335712102479519, -29.40337121940286 ], [ -71.335833326974353, -29.403450469515665 ], [ -71.335939764744481, -29.403460242532599 ], [ -71.335993446146517, -29.403482580230186 ], [ -71.336021082906399, -29.403528552733537 ], [ -71.33604834030676, -29.40356298344555 ], [ -71.33606401940672, -29.403667363419924 ], [ -71.336039411385897, -29.403749169928147 ], [ -71.33600009173135, -29.403773129586025 ], [ -71.335856715425209, -29.403891937565412 ], [ -71.335843161971624, -29.403880535687922 ], [ -71.335750798887332, -29.403905425448727 ], [ -71.335709456055085, -29.40383633112123 ], [ -71.33570812773975, -29.403778249555867 ], [ -71.335679959902819, -29.40370900718635 ], [ -71.33561379751491, -29.403721713960358 ], [ -71.335546936104677, -29.403699709153333 ], [ -71.335349196095422, -29.403761272018201 ], [ -71.335242491997519, -29.403739863649761 ], [ -71.33518881270173, -29.403717617631049 ], [ -71.33510787436623, -29.403660856809356 ], [ -71.334974331862284, -29.403628371171624 ], [ -71.334868149643896, -29.403630232465272 ], [ -71.334710526961558, -29.403702730734103 ], [ -71.334551214864305, -29.403705523010892 ], [ -71.334523832241032, -29.403671093267377 ], [ -71.334510395332543, -29.40365968920435 ], [ -71.334213015981348, -29.403432413562989 ], [ -71.333982326767682, -29.403215515312642 ], [ -71.333873488716904, -29.403101137649394 ], [ -71.333738352542156, -29.402998859298282 ], [ -71.333630832445635, -29.402942637208948 ], [ -71.333309652653384, -29.402831978050354 ], [ -71.33314964037956, -29.402799871179223 ], [ -71.332989789780072, -29.40277948384702 ], [ -71.332829512943931, -29.402735741647245 ], [ -71.332669660381214, -29.402715261938571 ], [ -71.332509384828072, -29.402671611340573 ], [ -71.332361760184355, -29.402604459887637 ], [ -71.332214664978764, -29.402560486119182 ], [ -71.332054642881758, -29.402528369050305 ], [ -71.33189400745151, -29.402473084414552 ], [ -71.331733191011452, -29.402406163171239 ], [ -71.331464514831495, -29.402271301177912 ], [ -71.331316891389662, -29.402204148492423 ], [ -71.331169891886844, -29.402160171851975 ], [ -71.331008991918381, -29.402093251155186 ], [ -71.330848973164876, -29.402061234475934 ], [ -71.330527692672462, -29.401950570127177 ], [ -71.330392921214155, -29.401859912355455 ], [ -71.330258320690362, -29.401780891029105 ], [ -71.330136994061746, -29.401701545344245 ], [ -71.330015946666776, -29.401633935281279 ], [ -71.329881081338584, -29.401543279498192 ], [ -71.329746841738739, -29.401475890892318 ], [ -71.329598689745495, -29.401385466278722 ], [ -71.32945080335692, -29.401306676430867 ], [ -71.329182228840821, -29.401171816826889 ], [ -71.329021320073267, -29.401104884740391 ], [ -71.328701197811768, -29.401040652844674 ], [ -71.328541362030151, -29.401020268783999 ], [ -71.328381078202966, -29.400976521157283 ], [ -71.328221229958316, -29.400956035881929 ], [ -71.328060958738348, -29.400912379659317 ], [ -71.327581520865266, -29.400851020347371 ], [ -71.326924461957432, -29.400938276024327 ], [ -71.326645463971246, -29.40114180736731 ], [ -71.326542098158527, -29.401461356098583 ], [ -71.326480118416654, -29.401463149487206 ], [ -71.326481178465187, -29.401509689369494 ], [ -71.326428665007725, -29.40153388570652 ], [ -71.326429457707604, -29.401568688716235 ], [ -71.326403158736682, -29.401580787615462 ], [ -71.326403688745657, -29.40160405755752 ], [ -71.326338415770181, -29.401651654856469 ], [ -71.326286072223951, -29.401687477849297 ], [ -71.326246751036862, -29.401711443733447 ], [ -71.326090184038918, -29.401830462861906 ], [ -71.325919958658616, -29.401938089728091 ], [ -71.325607244490286, -29.402199306945132 ], [ -71.325464490945123, -29.402341271403841 ], [ -71.325374241995334, -29.402459131970989 ], [ -71.325270346135738, -29.402565600127438 ], [ -71.325090640746879, -29.402836133924247 ], [ -71.325040252940923, -29.402953298503562 ], [ -71.325016324599076, -29.403070011153613 ], [ -71.324965830533188, -29.403187177563602 ], [ -71.324968476596283, -29.403303416442927 ], [ -71.324944661349235, -29.403420034185181 ], [ -71.324949953513567, -29.403652512838779 ], [ -71.324939312377296, -29.403768992652456 ], [ -71.324913793608502, -29.40381589542968 ], [ -71.324902104321254, -29.403885835125688 ], [ -71.324851705583896, -29.404003000738758 ], [ -71.324854350575279, -29.404119239631278 ], [ -71.324830421820451, -29.404235951354178 ], [ -71.324859642890246, -29.404351727293388 ], [ -71.324902562801839, -29.404490450400608 ], [ -71.324953686799816, -29.404848704973901 ], [ -71.325285536838877, -29.405251047846804 ], [ -71.32535830597331, -29.405261509083964 ], [ -71.325412516000554, -29.405307112046778 ], [ -71.325452525361413, -29.405317961119799 ], [ -71.325479355268641, -29.405329132299613 ], [ -71.325519483116068, -29.405340071302959 ], [ -71.325586864518314, -29.405385444227313 ], [ -71.325694902522827, -29.40546492408059 ], [ -71.325776629546198, -29.405556512783015 ], [ -71.325885726826371, -29.405682533254893 ], [ -71.325981375855562, -29.405797064975353 ], [ -71.326104016079327, -29.405934488339547 ], [ -71.326117992538627, -29.405969153114928 ], [ -71.326171133106286, -29.405968225962972 ], [ -71.326238513298961, -29.406013514647679 ], [ -71.326372324819019, -29.406057727833119 ], [ -71.326505613449697, -29.406078577004116 ], [ -71.326639689183438, -29.406134423986899 ], [ -71.326640219344654, -29.406157693909137 ], [ -71.326734971454101, -29.406237414848171 ], [ -71.326803940162279, -29.406352402959943 ], [ -71.326870909154664, -29.406374512226591 ], [ -71.32688487566125, -29.406409177983363 ], [ -71.326938016408192, -29.406408249611228 ], [ -71.326978675057461, -29.406442458056791 ], [ -71.327047379281026, -29.40654582097892 ], [ -71.327035946983855, -29.406627478892663 ], [ -71.32696030781922, -29.406803191224032 ], [ -71.326936391185242, -29.406919893986338 ], [ -71.326938509870516, -29.40701287264309 ], [ -71.32696560318297, -29.407035576541269 ], [ -71.326966132407989, -29.40705884647295 ], [ -71.326980226764974, -29.407093509978335 ], [ -71.3270077445206, -29.407139495551871 ], [ -71.327021827575535, -29.407174159248999 ], [ -71.327025004585394, -29.407313575817469 ], [ -71.327041470579985, -29.407452852225994 ], [ -71.327097791125709, -29.407591433201841 ], [ -71.327125584308135, -29.407649043592382 ], [ -71.3271936022701, -29.407717591636747 ], [ -71.3273162465197, -29.407855012728366 ], [ -71.327451922302942, -29.407980484289098 ], [ -71.327600507705611, -29.408094172602105 ], [ -71.327804098724116, -29.408288276334474 ], [ -71.327791436752719, -29.408311766876157 ], [ -71.327873963560506, -29.408438249848484 ], [ -71.327874757201954, -29.408473062706083 ], [ -71.327903728470204, -29.408577210641546 ], [ -71.32795994480928, -29.408715792986374 ], [ -71.328002976178183, -29.408854512840378 ], [ -71.328084443838947, -29.408934463954569 ], [ -71.328248024294822, -29.409117626682018 ], [ -71.328344360579734, -29.409267137132971 ], [ -71.328413864176085, -29.409405403049064 ], [ -71.328456908701114, -29.409544205477953 ], [ -71.328526415604017, -29.409682555159954 ], [ -71.328554050168052, -29.409728538303614 ], [ -71.328635253636108, -29.409796854070308 ], [ -71.32879617695707, -29.409863859765451 ], [ -71.328811575494854, -29.409956606085839 ], [ -71.32881184086402, -29.409968241022298 ], [ -71.328838574447232, -29.409979320220156 ], [ -71.328865681633971, -29.410002126279785 ], [ -71.328867802115013, -29.410095094846028 ], [ -71.328884272360725, -29.410234370791557 ], [ -71.328834308542739, -29.410374716392084 ], [ -71.328759996879114, -29.410608595298346 ], [ -71.328736071448773, -29.410725298438589 ], [ -71.328698960608136, -29.410842140104521 ], [ -71.32864846869758, -29.410959307747046 ], [ -71.328622698398632, -29.410994677060657 ], [ -71.328569650084688, -29.410995604579153 ], [ -71.328517566077551, -29.411042971578809 ], [ -71.32841429183209, -29.411172701547176 ], [ -71.328415087843794, -29.411207606360005 ], [ -71.32843023025849, -29.411288717615893 ], [ -71.328446698123074, -29.411427901632077 ], [ -71.328449879726051, -29.411567409953001 ], [ -71.328399481979247, -29.411684575868311 ], [ -71.328400275904755, -29.411719388695893 ], [ -71.328254769473617, -29.411745202666339 ], [ -71.327975955187213, -29.411750075737004 ], [ -71.327950554811764, -29.411797078044486 ], [ -71.327924243194445, -29.411809177542803 ], [ -71.327898725103466, -29.411856079955843 ], [ -71.327917841754754, -29.412111503463361 ], [ -71.327946275595437, -29.412192474463158 ], [ -71.327987614196175, -29.412261487377283 ], [ -71.328002757521219, -29.412342598662157 ], [ -71.328004612115208, -29.41242393231407 ], [ -71.327978415704223, -29.412436029814167 ], [ -71.327952899826414, -29.41248303414347 ], [ -71.327927116306626, -29.412518301626896 ], [ -71.327944910102076, -29.412715651385245 ], [ -71.327960848139938, -29.41283165758194 ], [ -71.327950210275404, -29.412948138254016 ], [ -71.327926812058976, -29.413088019186276 ], [ -71.32791538852284, -29.413169593958557 ], [ -71.327876158073792, -29.413193549834983 ], [ -71.327850376688048, -29.413228919214113 ], [ -71.327733554873276, -29.413347245963532 ], [ -71.327695553853701, -29.413429286163741 ], [ -71.327670141389717, -29.413476186696393 ], [ -71.32769740849082, -29.413510628838115 ], [ -71.327779780651255, -29.413625474759613 ], [ -71.327835467590717, -29.413740703173556 ], [ -71.327917733996969, -29.41385554993979 ], [ -71.327972215251862, -29.413912786427584 ], [ -71.328026312760869, -29.41395829800495 ], [ -71.328120650051645, -29.41401483768805 ], [ -71.328187241633628, -29.414025221074784 ], [ -71.328254099644425, -29.414047331362319 ], [ -71.328307254612611, -29.414046402045493 ], [ -71.32833461766775, -29.414080833341043 ], [ -71.328375161512128, -29.414114951181197 ], [ -71.328388450262068, -29.414114718841422 ], [ -71.328364799532721, -29.41424305667999 ], [ -71.328326628128295, -29.414313459549348 ], [ -71.328301642520231, -29.414383724798373 ], [ -71.328211650587818, -29.414513130451436 ], [ -71.32817338634699, -29.414583627826946 ], [ -71.328175771941602, -29.414688231308617 ], [ -71.328205529393998, -29.414827191971309 ], [ -71.328234757087856, -29.414942965738124 ], [ -71.32822332341965, -29.415024541595717 ], [ -71.328197010828049, -29.415036632168821 ], [ -71.3281842526617, -29.415060134361664 ], [ -71.328145561701149, -29.415107276148962 ], [ -71.328039896472674, -29.415132393526285 ], [ -71.327933871308119, -29.415145886562211 ], [ -71.327867002297594, -29.415123775431304 ], [ -71.327826615539365, -29.415101212180758 ], [ -71.327705382242598, -29.415021955323461 ], [ -71.327584319655344, -29.414954334938603 ], [ -71.327584054372082, -29.41494270000068 ], [ -71.327424713636731, -29.41494548490294 ], [ -71.327358916203167, -29.414969913983228 ], [ -71.32736130100119, -29.415074517519518 ], [ -71.327375912838036, -29.415132358086268 ], [ -71.327429748869534, -29.415166336823226 ], [ -71.327445685842321, -29.415282251052751 ], [ -71.327486071795349, -29.415304824356781 ], [ -71.327488722033564, -29.415421062816236 ], [ -71.327449661367382, -29.415456664225005 ], [ -71.327438227017922, -29.415538239145395 ], [ -71.327388365188412, -29.415678582499517 ], [ -71.327353702816609, -29.415726144438445 ], [ -71.329343073863143, -29.415691365326818 ], [ -71.330705089383315, -29.415590466216749 ], [ -71.331105423240359, -29.415776122460386 ], [ -71.331284035129059, -29.415888597414696 ], [ -71.333793380504076, -29.415921710335159 ], [ -71.333813597737333, -29.414880982408711 ], [ -71.333978099362781, -29.412450547967776 ], [ -71.334072206885381, -29.410791997406179 ], [ -71.333973666062448, -29.410331337626236 ], [ -71.333960460387061, -29.409753580646637 ], [ -71.333820563012182, -29.409409237108896 ], [ -71.333540782870728, -29.408720559107742 ], [ -71.332579172133691, -29.407080498118543 ], [ -71.336466052261173, -29.407705957746444 ], [ -71.340897479384438, -29.407127238854532 ], [ -71.342137811435947, -29.40556413945032 ], [ -71.343766935851221, -29.403685926677241 ], [ -71.344586779526665, -29.402977913202108 ], [ -71.344422990541602, -29.401593639843874 ], [ -71.344125281847084, -29.398208011775218 ], [ -71.343570078782648, -29.397023275826278 ], [ -71.340839109556285, -29.391137278153536 ], [ -71.338857984485927, -29.387241748825115 ], [ -71.337977425077256, -29.385292031650412 ], [ -71.337863913576811, -29.384176585283722 ], [ -71.337670379921875, -29.383409328156539 ], [ -71.337371282793427, -29.381873260549092 ], [ -71.337310575899366, -29.381142213502855 ], [ -71.337562991068154, -29.380636858372018 ], [ -71.33794117532382, -29.379859573420809 ], [ -71.338048326382491, -29.374925514074302 ], [ -71.337978816752383, -29.37380929407496 ], [ -71.336488039590378, -29.370174819823497 ], [ -71.335261193382806, -29.366535709799383 ], [ -71.339140302764847, -29.364964930455002 ], [ -71.339528114147996, -29.364611329727978 ], [ -71.342400937064085, -29.361362685424599 ], [ -71.341864279695884, -29.357133520216152 ], [ -71.339530380120337, -29.353167084810391 ], [ -71.33845408309277, -29.352261174904633 ], [ -71.334871581885977, -29.349376951000863 ], [ -71.33049611147284, -29.351194830603198 ], [ -71.32984913729878, -29.351479944895562 ] ] ] ] } },
{ "type": "Feature", "properties": { "fid": 86, "OBJECTID_1": 15, "OBJECTID": 15, "NOM_COM": "LA HIGUERA", "PROVINCIA": "ELQUI", "Z_COMUNAL": "ZONA DE CONSERVACION DE LA NATURALEZA", "USO": " ", "REGIONAL": "AREAS PROTEGIDAS", "Shape_Leng": 23111.397707799999, "LEYENDA": "INTERES ECOLOGICO", "Shape__Area": 26606637.080444336, "Shape__Length": 23110.720224855511, "Nota": "La Zonificación de Uso del Borde Costero de la Región de Coquimbo, constituye un instrumento aún vigente, y que declara áreas con orientaciones de usos específicos, en el borde costero regional. Por lo tanto, se sugiere su uso de acuerdo a la microzonificación según se señala en todas las publicaciones, y que fué aprobada mediante Decreto Supremo Nº 518 Zonificación de Coquimbo, 12 de diciembre de 2005.", "Origen Dato": "https://gorecoquimbo.maps.arcgis.com/apps/CompareAnalysis/index.html?appid=b4f178d41fb24ab8a871596de568a2f7", "Mapa Completo": "https://www.gorecoquimbo.cl/gorecoquimbo/site/artic/20150722/asocfile/20150722092144/comunal.jpg", "Link Memoria": "https://www.gorecoquimbo.cl/gorecoquimbo/site/artic/20150722/asocfile/20150722091730/memoria_explicativa_zonifi.pdf" }, "geometry": { "type": "MultiPolygon", "coordinates": [ [ [ [ -71.234703582980742, -29.321481873059614 ], [ -71.240358526097907, -29.320636587485843 ], [ -71.241632338195402, -29.320146148435267 ], [ -71.244668621271515, -29.319485349640221 ], [ -71.246372460468919, -29.319081445700167 ], [ -71.250267786284752, -29.318546775193617 ], [ -71.25731030913019, -29.317536662859343 ], [ -71.263660284254627, -29.316678637065188 ], [ -71.271166856770392, -29.312470428058621 ], [ -71.277169732417235, -29.308052968252568 ], [ -71.27848872389842, -29.304794062885378 ], [ -71.281925368331201, -29.300513987191501 ], [ -71.288287754354343, -29.297872260403249 ], [ -71.28849857096823, -29.297727932991052 ], [ -71.29155581629314, -29.298050736388497 ], [ -71.297719643883326, -29.298507647753144 ], [ -71.303781340460816, -29.298869423314642 ], [ -71.302021150761121, -29.294337978179836 ], [ -71.299951735004285, -29.288759101300222 ], [ -71.298964172633774, -29.285517663059064 ], [ -71.300872684393624, -29.281374147020628 ], [ -71.301867826810266, -29.279853106988149 ], [ -71.304053091551324, -29.277860360536906 ], [ -71.306689309043492, -29.274140750464429 ], [ -71.231604063510943, -29.275416200059123 ], [ -71.234703582980742, -29.321481873059614 ] ] ] ] } },
{ "type": "Feature", "properties": { "fid": 87, "OBJECTID_1": 41, "OBJECTID": 41, "NOM_COM": "LA HIGUERA", "PROVINCIA": "ELQUI", "Z_COMUNAL": "ZONA DE CONSERVACION DE LA NATURALEZA", "USO": "INDUSTRIAL BAJO IMPACTO", "REGIONAL": "AREAS PROTEGIDAS", "Shape_Leng": 23249.1715525, "LEYENDA": "SITIO SNASPE", "Shape__Area": 6008111.2919921875, "Shape__Length": 23248.48707794449, "Nota": "La Zonificación de Uso del Borde Costero de la Región de Coquimbo, constituye un instrumento aún vigente, y que declara áreas con orientaciones de usos específicos, en el borde costero regional. Por lo tanto, se sugiere su uso de acuerdo a la microzonificación según se señala en todas las publicaciones, y que fué aprobada mediante Decreto Supremo Nº 518 Zonificación de Coquimbo, 12 de diciembre de 2005.", "Origen Dato": "https://gorecoquimbo.maps.arcgis.com/apps/CompareAnalysis/index.html?appid=b4f178d41fb24ab8a871596de568a2f7", "Mapa Completo": "https://www.gorecoquimbo.cl/gorecoquimbo/site/artic/20150722/asocfile/20150722092144/comunal.jpg", "Link Memoria": "https://www.gorecoquimbo.cl/gorecoquimbo/site/artic/20150722/asocfile/20150722091730/memoria_explicativa_zonifi.pdf" }, "geometry": { "type": "MultiPolygon", "coordinates": [ [ [ [ -71.320551824968547, -29.346534886972819 ], [ -71.321486033910261, -29.348244596610179 ], [ -71.322663169827251, -29.350510454872015 ], [ -71.325619957950948, -29.352274553485881 ], [ -71.3281615064883, -29.35377685411844 ], [ -71.328177307214688, -29.354471448482535 ], [ -71.327909033471158, -29.357300435025792 ], [ -71.326356903677379, -29.358806916425106 ], [ -71.324553529174437, -29.360519506566039 ], [ -71.324742885381255, -29.364349188862889 ], [ -71.324963575964986, -29.367304137198094 ], [ -71.325419993137999, -29.371622289959767 ], [ -71.325662244233996, -29.374397532293209 ], [ -71.325727875573634, -29.378408687515712 ], [ -71.325827267356743, -29.3827778902502 ], [ -71.325973955397544, -29.384725442059249 ], [ -71.32641218553222, -29.388236954168924 ], [ -71.330357175414889, -29.39175442157935 ], [ -71.328941601128335, -29.39590353030977 ], [ -71.327615708514998, -29.396128434898774 ], [ -71.323947576108125, -29.396909753245403 ], [ -71.322519307174062, -29.3971363838216 ], [ -71.321626187918483, -29.398384781618471 ], [ -71.320706957202731, -29.399611208531965 ], [ -71.320290649600494, -29.401568570587553 ], [ -71.319596286175312, -29.40480842786851 ], [ -71.315827527224258, -29.409670569586137 ], [ -71.317914143680724, -29.410602674919609 ], [ -71.319954340770309, -29.41153657040109 ], [ -71.320222513869439, -29.411874049263378 ], [ -71.323505961881835, -29.41592258215956 ], [ -71.324848318432487, -29.41766692548795 ], [ -71.325244450603179, -29.417757126646055 ], [ -71.325241922350443, -29.417646141896391 ], [ -71.325252036687687, -29.417506493297964 ], [ -71.325275967181085, -29.417389790585581 ], [ -71.325260029832336, -29.417273774109322 ], [ -71.325204331318773, -29.417158461834411 ], [ -71.325161828404802, -29.41704301114412 ], [ -71.325134190180691, -29.41699694442018 ], [ -71.325132073305895, -29.416903965765368 ], [ -71.325287445339157, -29.4167268629554 ], [ -71.325404702252982, -29.416559274790874 ], [ -71.325454146893378, -29.416468102205599 ], [ -71.325571252089446, -29.416361495804331 ], [ -71.32562386811874, -29.416337306785984 ], [ -71.325649905793128, -29.416313572898904 ], [ -71.325755306829848, -29.416276822390749 ], [ -71.325914280750695, -29.416262499159089 ], [ -71.326021005950395, -29.416283822173494 ], [ -71.326074150837044, -29.416282893881434 ], [ -71.326208400054185, -29.416350368257969 ], [ -71.326302736846941, -29.416406826179688 ], [ -71.326329740029095, -29.4164296245883 ], [ -71.326383678351021, -29.416463508119943 ], [ -71.326397497548939, -29.416486536834228 ], [ -71.32645106883848, -29.416508880092863 ], [ -71.326505020482429, -29.416542847239317 ], [ -71.32654503463354, -29.416553704735612 ], [ -71.326611734739046, -29.416564169954075 ], [ -71.326718461451648, -29.416585585285524 ], [ -71.326784791525156, -29.416584426326835 ], [ -71.326797550188957, -29.416560924244788 ], [ -71.326862556453833, -29.416501691542809 ], [ -71.326965668228183, -29.416360325852935 ], [ -71.327068420793978, -29.416207418813041 ], [ -71.327107122094148, -29.416160194132576 ], [ -71.32719869566904, -29.416100497010753 ], [ -71.327224212689629, -29.416053492780385 ], [ -71.327250262524601, -29.416029860326436 ], [ -71.327261960192175, -29.415959827470502 ], [ -71.327272070721719, -29.41582017886579 ], [ -71.327285349403994, -29.415819946803836 ], [ -71.327353702816609, -29.415726144438445 ], [ -71.327388365188412, -29.415678582499517 ], [ -71.327438227017922, -29.415538239145395 ], [ -71.327449661367382, -29.415456664225005 ], [ -71.327488722033564, -29.415421062816236 ], [ -71.327486071795349, -29.415304824356781 ], [ -71.327445685842321, -29.415282251052751 ], [ -71.327429748869534, -29.415166336823226 ], [ -71.327375912838036, -29.415132358086268 ], [ -71.32736130100119, -29.415074517519518 ], [ -71.327358916203167, -29.414969913983228 ], [ -71.327424713636731, -29.41494548490294 ], [ -71.327584054372082, -29.41494270000068 ], [ -71.327584319655344, -29.414954334938603 ], [ -71.327705382242598, -29.415021955323461 ], [ -71.327826615539365, -29.415101212180758 ], [ -71.327867002297594, -29.415123775431304 ], [ -71.327933871308119, -29.415145886562211 ], [ -71.328039896472674, -29.415132393526285 ], [ -71.328145561701149, -29.415107276148962 ], [ -71.3281842526617, -29.415060134361664 ], [ -71.328197010828049, -29.415036632168821 ], [ -71.32822332341965, -29.415024541595717 ], [ -71.328234757087856, -29.414942965738124 ], [ -71.328205529393998, -29.414827191971309 ], [ -71.328175771941602, -29.414688231308617 ], [ -71.32817338634699, -29.414583627826946 ], [ -71.328211650587818, -29.414513130451436 ], [ -71.328301642520231, -29.414383724798373 ], [ -71.328326628128295, -29.414313459549348 ], [ -71.328364799532721, -29.41424305667999 ], [ -71.328388450262068, -29.414114718841422 ], [ -71.328375161512128, -29.414114951181197 ], [ -71.32833461766775, -29.414080833341043 ], [ -71.328307254612611, -29.414046402045493 ], [ -71.328254099644425, -29.414047331362319 ], [ -71.328187241633628, -29.414025221074784 ], [ -71.328120650051645, -29.41401483768805 ], [ -71.328026312760869, -29.41395829800495 ], [ -71.327972215251862, -29.413912786427584 ], [ -71.327917733996969, -29.41385554993979 ], [ -71.327835467590717, -29.413740703173556 ], [ -71.327779780651255, -29.413625474759613 ], [ -71.32769740849082, -29.413510628838115 ], [ -71.327670141389717, -29.413476186696393 ], [ -71.327695553853701, -29.413429286163741 ], [ -71.327733554873276, -29.413347245963532 ], [ -71.327850376688048, -29.413228919214113 ], [ -71.327876158073792, -29.413193549834983 ], [ -71.32791538852284, -29.413169593958557 ], [ -71.327926812058976, -29.413088019186276 ], [ -71.327950210275404, -29.412948138254016 ], [ -71.327960848139938, -29.41283165758194 ], [ -71.327944910102076, -29.412715651385245 ], [ -71.327927116306626, -29.412518301626896 ], [ -71.327952899826414, -29.41248303414347 ], [ -71.327978415704223, -29.412436029814167 ], [ -71.328004612115208, -29.41242393231407 ], [ -71.328002757521219, -29.412342598662157 ], [ -71.327987614196175, -29.412261487377283 ], [ -71.327946275595437, -29.412192474463158 ], [ -71.327917841754754, -29.412111503463361 ], [ -71.327898725103466, -29.411856079955843 ], [ -71.327924243194445, -29.411809177542803 ], [ -71.327950554811764, -29.411797078044486 ], [ -71.327975955187213, -29.411750075737004 ], [ -71.328254769473617, -29.411745202666339 ], [ -71.328400275904755, -29.411719388695893 ], [ -71.328399481979247, -29.411684575868311 ], [ -71.328449879726051, -29.411567409953001 ], [ -71.328446698123074, -29.411427901632077 ], [ -71.32843023025849, -29.411288717615893 ], [ -71.328415087843794, -29.411207606360005 ], [ -71.32841429183209, -29.411172701547176 ], [ -71.328517566077551, -29.411042971578809 ], [ -71.328569650084688, -29.410995604579153 ], [ -71.328622698398632, -29.410994677060657 ], [ -71.32864846869758, -29.410959307747046 ], [ -71.328698960608136, -29.410842140104521 ], [ -71.328736071448773, -29.410725298438589 ], [ -71.328759996879114, -29.410608595298346 ], [ -71.328834308542739, -29.410374716392084 ], [ -71.328884272360725, -29.410234370791557 ], [ -71.328867802115013, -29.410095094846028 ], [ -71.328865681633971, -29.410002126279785 ], [ -71.328838574447232, -29.409979320220156 ], [ -71.32881184086402, -29.409968241022298 ], [ -71.328811575494854, -29.409956606085839 ], [ -71.32879617695707, -29.409863859765451 ], [ -71.328635253636108, -29.409796854070308 ], [ -71.328554050168052, -29.409728538303614 ], [ -71.328526415604017, -29.409682555159954 ], [ -71.328456908701114, -29.409544205477953 ], [ -71.328413864176085, -29.409405403049064 ], [ -71.328344360579734, -29.409267137132971 ], [ -71.328248024294822, -29.409117626682018 ], [ -71.328084443838947, -29.408934463954569 ], [ -71.328002976178183, -29.408854512840378 ], [ -71.32795994480928, -29.408715792986374 ], [ -71.327903728470204, -29.408577210641546 ], [ -71.327874757201954, -29.408473062706083 ], [ -71.327873963560506, -29.408438249848484 ], [ -71.327791436752719, -29.408311766876157 ], [ -71.327804098724116, -29.408288276334474 ], [ -71.327600507705611, -29.408094172602105 ], [ -71.327451922302942, -29.407980484289098 ], [ -71.3273162465197, -29.407855012728366 ], [ -71.3271936022701, -29.407717591636747 ], [ -71.327125584308135, -29.407649043592382 ], [ -71.327097791125709, -29.407591433201841 ], [ -71.327041470579985, -29.407452852225994 ], [ -71.327025004585394, -29.407313575817469 ], [ -71.327021827575535, -29.407174159248999 ], [ -71.3270077445206, -29.407139495551871 ], [ -71.326980226764974, -29.407093509978335 ], [ -71.326966132407989, -29.40705884647295 ], [ -71.32696560318297, -29.407035576541269 ], [ -71.326938509870516, -29.40701287264309 ], [ -71.326936391185242, -29.406919893986338 ], [ -71.32696030781922, -29.406803191224032 ], [ -71.327035946983855, -29.406627478892663 ], [ -71.327047379281026, -29.40654582097892 ], [ -71.326978675057461, -29.406442458056791 ], [ -71.326938016408192, -29.406408249611228 ], [ -71.32688487566125, -29.406409177983363 ], [ -71.326870909154664, -29.406374512226591 ], [ -71.326803940162279, -29.406352402959943 ], [ -71.326734971454101, -29.406237414848171 ], [ -71.326640219344654, -29.406157693909137 ], [ -71.326639689183438, -29.406134423986899 ], [ -71.326505613449697, -29.406078577004116 ], [ -71.326372324819019, -29.406057727833119 ], [ -71.326238513298961, -29.406013514647679 ], [ -71.326171133106286, -29.405968225962972 ], [ -71.326117992538627, -29.405969153114928 ], [ -71.326104016079327, -29.405934488339547 ], [ -71.325981375855562, -29.405797064975353 ], [ -71.325885726826371, -29.405682533254893 ], [ -71.325776629546198, -29.405556512783015 ], [ -71.325694902522827, -29.40546492408059 ], [ -71.325586864518314, -29.405385444227313 ], [ -71.325519483116068, -29.405340071302959 ], [ -71.325479355268641, -29.405329132299613 ], [ -71.325452525361413, -29.405317961119799 ], [ -71.325412516000554, -29.405307112046778 ], [ -71.32535830597331, -29.405261509083964 ], [ -71.325285536838877, -29.405251047846804 ], [ -71.324953686799816, -29.404848704973901 ], [ -71.324902562801839, -29.404490450400608 ], [ -71.324859642890246, -29.404351727293388 ], [ -71.324830421820451, -29.404235951354178 ], [ -71.324854350575279, -29.404119239631278 ], [ -71.324851705583896, -29.404003000738758 ], [ -71.324902104321254, -29.403885835125688 ], [ -71.324913793608502, -29.40381589542968 ], [ -71.324939312377296, -29.403768992652456 ], [ -71.324949953513567, -29.403652512838779 ], [ -71.324944661349235, -29.403420034185181 ], [ -71.324968476596283, -29.403303416442927 ], [ -71.324965830533188, -29.403187177563602 ], [ -71.325016324599076, -29.403070011153613 ], [ -71.325040252940923, -29.402953298503562 ], [ -71.325090640746879, -29.402836133924247 ], [ -71.325270346135738, -29.402565600127438 ], [ -71.325374241995334, -29.402459131970989 ], [ -71.325464490945123, -29.402341271403841 ], [ -71.325607244490286, -29.402199306945132 ], [ -71.325919958658616, -29.401938089728091 ], [ -71.326090184038918, -29.401830462861906 ], [ -71.326246751036862, -29.401711443733447 ], [ -71.326286072223951, -29.401687477849297 ], [ -71.326338415770181, -29.401651654856469 ], [ -71.326403688745657, -29.40160405755752 ], [ -71.326403158736682, -29.401580787615462 ], [ -71.326429457707604, -29.401568688716235 ], [ -71.326428665007725, -29.40153388570652 ], [ -71.326481178465187, -29.401509689369494 ], [ -71.326480118416654, -29.401463149487206 ], [ -71.326542098158527, -29.401461356098583 ], [ -71.326645463971246, -29.40114180736731 ], [ -71.326924461957432, -29.400938276024327 ], [ -71.327581520865266, -29.400851020347371 ], [ -71.328060958738348, -29.400912379659317 ], [ -71.328221229958316, -29.400956035881929 ], [ -71.328381078202966, -29.400976521157283 ], [ -71.328541362030151, -29.401020268783999 ], [ -71.328701197811768, -29.401040652844674 ], [ -71.329021320073267, -29.401104884740391 ], [ -71.329182228840821, -29.401171816826889 ], [ -71.32945080335692, -29.401306676430867 ], [ -71.329598689745495, -29.401385466278722 ], [ -71.329746841738739, -29.401475890892318 ], [ -71.329881081338584, -29.401543279498192 ], [ -71.330015946666776, -29.401633935281279 ], [ -71.330136994061746, -29.401701545344245 ], [ -71.330258320690362, -29.401780891029105 ], [ -71.330392921214155, -29.401859912355455 ], [ -71.330527692672462, -29.401950570127177 ], [ -71.330848973164876, -29.402061234475934 ], [ -71.331008991918381, -29.402093251155186 ], [ -71.331169891886844, -29.402160171851975 ], [ -71.331316891389662, -29.402204148492423 ], [ -71.331464514831495, -29.402271301177912 ], [ -71.331733191011452, -29.402406163171239 ], [ -71.33189400745151, -29.402473084414552 ], [ -71.332054642881758, -29.402528369050305 ], [ -71.332214664978764, -29.402560486119182 ], [ -71.332361760184355, -29.402604459887637 ], [ -71.332509384828072, -29.402671611340573 ], [ -71.332669660381214, -29.402715261938571 ], [ -71.332829512943931, -29.402735741647245 ], [ -71.332989789780072, -29.40277948384702 ], [ -71.33314964037956, -29.402799871179223 ], [ -71.333309652653384, -29.402831978050354 ], [ -71.333630832445635, -29.402942637208948 ], [ -71.333738352542156, -29.402998859298282 ], [ -71.333873488716904, -29.403101137649394 ], [ -71.333982326767682, -29.403215515312642 ], [ -71.334213015981348, -29.403432413562989 ], [ -71.334510395332543, -29.40365968920435 ], [ -71.334523832241032, -29.403671093267377 ], [ -71.334551214864305, -29.403705523010892 ], [ -71.334710526961558, -29.403702730734103 ], [ -71.334868149643896, -29.403630232465272 ], [ -71.334974331862284, -29.403628371171624 ], [ -71.33510787436623, -29.403660856809356 ], [ -71.33518881270173, -29.403717617631049 ], [ -71.335242491997519, -29.403739863649761 ], [ -71.335349196095422, -29.403761272018201 ], [ -71.335546936104677, -29.403699709153333 ], [ -71.33561379751491, -29.403721713960358 ], [ -71.335679959902819, -29.40370900718635 ], [ -71.33570812773975, -29.403778249555867 ], [ -71.335709456055085, -29.40383633112123 ], [ -71.335750798887332, -29.403905425448727 ], [ -71.335843161971624, -29.403880535687922 ], [ -71.335856715425209, -29.403891937565412 ], [ -71.33600009173135, -29.403773129586025 ], [ -71.336039411385897, -29.403749169928147 ], [ -71.33606401940672, -29.403667363419924 ], [ -71.33604834030676, -29.40356298344555 ], [ -71.336021082906399, -29.403528552733537 ], [ -71.335993446146517, -29.403482580230186 ], [ -71.335939764744481, -29.403460242532599 ], [ -71.335833326974353, -29.403450469515665 ], [ -71.335712102479519, -29.40337121940286 ], [ -71.335763010091, -29.40327732123766 ], [ -71.33581483080502, -29.403218306767073 ], [ -71.335893907053034, -29.40319365088974 ], [ -71.336106260118299, -29.403189926814211 ], [ -71.336119282275931, -29.403178058876183 ], [ -71.336145590653047, -29.403165957920315 ], [ -71.336158495398962, -29.403154092037898 ], [ -71.336210848317563, -29.403118357122157 ], [ -71.33621058218003, -29.403106722235179 ], [ -71.336236890527232, -29.403094621262763 ], [ -71.336262021262655, -29.403036083762359 ], [ -71.33631489375145, -29.403023516861698 ], [ -71.336500683288705, -29.403020258980231 ], [ -71.33652592709376, -29.402961627433065 ], [ -71.336578533326986, -29.402937425547162 ], [ -71.33665627949658, -29.402854695837572 ], [ -71.336721537519182, -29.402807084873487 ], [ -71.336760590457288, -29.402771491048139 ], [ -71.336865976149397, -29.402734815614 ], [ -71.336971891086378, -29.402721318800531 ], [ -71.336972421401285, -29.402744495678881 ], [ -71.33718885982519, -29.402815570445714 ], [ -71.33724524248197, -29.402767404066338 ], [ -71.337316106116816, -29.402631474934605 ], [ -71.337378798422051, -29.402516519818498 ], [ -71.337499053907251, -29.402549236235615 ], [ -71.337578926546684, -29.402559464215244 ], [ -71.337686173489558, -29.402604132191762 ], [ -71.337753661087618, -29.402649413064825 ], [ -71.337848153637864, -29.40271758293926 ], [ -71.337942376846271, -29.402774025901468 ], [ -71.338063430584313, -29.402841637397831 ], [ -71.338130283904448, -29.402863743027307 ], [ -71.338237794595713, -29.402919952530944 ], [ -71.33825134816388, -29.402931354158348 ], [ -71.338292264754415, -29.402977185063989 ], [ -71.338292530900461, -29.402988810014207 ], [ -71.338346370691852, -29.40302269149873 ], [ -71.33846902313951, -29.403160102785311 ], [ -71.338550598714903, -29.403240045509595 ], [ -71.33859142081991, -29.403285877970426 ], [ -71.338723633962019, -29.403260287515 ], [ -71.338736121922423, -29.403225149623992 ], [ -71.338735855496211, -29.403213514758214 ], [ -71.338712260421346, -29.402984241551859 ], [ -71.338652224993837, -29.402877491344199 ], [ -71.338806414552479, -29.402816955408333 ], [ -71.338831915220098, -29.402770051429233 ], [ -71.338857158632294, -29.402711419497564 ], [ -71.338895840132665, -29.40266427505011 ], [ -71.338893178276095, -29.402548036412913 ], [ -71.33887724065336, -29.402432031779519 ], [ -71.338848112606186, -29.402316341740665 ], [ -71.33884545084166, -29.402200103093449 ], [ -71.338832163740548, -29.402200336390443 ], [ -71.338804524073964, -29.40215427343206 ], [ -71.338802395012166, -29.402061295495049 ], [ -71.338839330027881, -29.401932805958907 ], [ -71.338943371968938, -29.401837973750556 ], [ -71.339047688127692, -29.401754674253272 ], [ -71.339203708008213, -29.401612463881008 ], [ -71.339323164522355, -29.401610366089589 ], [ -71.339377909159012, -29.401679139991948 ], [ -71.339472666152801, -29.401758851591964 ], [ -71.33963330598182, -29.401814218904406 ], [ -71.339739752497366, -29.401823989680331 ], [ -71.339845400424409, -29.401798854873146 ], [ -71.339950770623361, -29.401762094343585 ], [ -71.340055887430808, -29.401713782544427 ], [ -71.340161267754681, -29.401677021675969 ], [ -71.340266905105779, -29.40165188672886 ], [ -71.340398223188544, -29.401591483826941 ], [ -71.340437807308604, -29.401579148803219 ], [ -71.340477135110319, -29.401555178733116 ], [ -71.340488014890667, -29.40145034268993 ], [ -71.340511289169626, -29.401310462272676 ], [ -71.340508092431463, -29.401170954938948 ], [ -71.340532003805322, -29.401054249479309 ], [ -71.34054262933239, -29.400937871278916 ], [ -71.340459550637121, -29.400788127034328 ], [ -71.340350187530788, -29.400650567957907 ], [ -71.340308994401724, -29.400593112011254 ], [ -71.34029545124659, -29.400581710404289 ], [ -71.340268080091136, -29.400547373689999 ], [ -71.340225662216639, -29.400431825424075 ], [ -71.340221401836871, -29.40024587059149 ], [ -71.340181018722745, -29.400223309966936 ], [ -71.340139933847823, -29.400165935050723 ], [ -71.340044816671679, -29.400074591560809 ], [ -71.339963613176792, -29.400006189755807 ], [ -71.339802796154459, -29.399939278316673 ], [ -71.339669522048055, -29.399918349084587 ], [ -71.339563078633319, -29.399908671041487 ], [ -71.339522429309554, -29.399874475335622 ], [ -71.339495056296272, -29.399840037433862 ], [ -71.339441759043211, -29.3998293338956 ], [ -71.339427142229937, -29.399771493905309 ], [ -71.339384630930383, -29.399655946952144 ], [ -71.339357098922576, -29.399609973303882 ], [ -71.339329193544899, -29.399552283661148 ], [ -71.339315640133776, -29.399540873102097 ], [ -71.33926037543263, -29.399448838170922 ], [ -71.33923257710029, -29.399391229621124 ], [ -71.339020231373112, -29.399394958259428 ], [ -71.339006411807617, -29.399371921813234 ], [ -71.338979052748471, -29.399337584587204 ], [ -71.338965499610651, -29.399326183006295 ], [ -71.338924412446957, -29.399268706667691 ], [ -71.338921750946909, -29.39915246887546 ], [ -71.338892519220082, -29.399036789607152 ], [ -71.338863028316212, -29.398909382407755 ], [ -71.338849475250797, -29.398897980810482 ], [ -71.338767476684367, -29.398794775451289 ], [ -71.338699990295581, -29.398749494068056 ], [ -71.338659969005434, -29.398738557118879 ], [ -71.338659437504219, -29.398715296370163 ], [ -71.33860364012375, -29.398599991366723 ], [ -71.338587694319443, -29.398484068844805 ], [ -71.338558566146958, -29.398368295634498 ], [ -71.338488683472207, -29.398218319171271 ], [ -71.33838065543344, -29.398138839630924 ], [ -71.338353283502585, -29.398104410456849 ], [ -71.338430068420905, -29.397975221514475 ], [ -71.338546859816844, -29.397856886805538 ], [ -71.338599102082171, -29.397821060081188 ], [ -71.338623270202305, -29.397715990810084 ], [ -71.338633897617484, -29.397599602687436 ], [ -71.338602003508726, -29.397367583536354 ], [ -71.338599875273587, -29.397274615438768 ], [ -71.33855949347813, -29.397252044308278 ], [ -71.338558430446781, -29.397205606699565 ], [ -71.33851734567935, -29.397148139158286 ], [ -71.338489719859524, -29.397102157900736 ], [ -71.338367863926834, -29.396999651838161 ], [ -71.338246817215222, -29.396932040191178 ], [ -71.338192711588363, -29.396886440630102 ], [ -71.338139576219234, -29.396887373216352 ], [ -71.33812575722628, -29.396864336640927 ], [ -71.338043496763078, -29.3967495787576 ], [ -71.337974520957033, -29.396634503774827 ], [ -71.337932267972164, -29.396530600245047 ], [ -71.337904906747866, -29.396496161740234 ], [ -71.337769499511992, -29.396382252422907 ], [ -71.337674494379613, -29.396290914035102 ], [ -71.337536535019893, -29.396060847611107 ], [ -71.337482868673263, -29.396038510116536 ], [ -71.337349332805061, -29.396005943369861 ], [ -71.337083954620709, -29.396010598177423 ], [ -71.337043565474289, -29.395988119601832 ], [ -71.337030023308003, -29.395976717601311 ], [ -71.337016204901502, -29.395953689904999 ], [ -71.336975919755844, -29.395931117463419 ], [ -71.336961571203247, -29.39588491285804 ], [ -71.336958379995892, -29.395745404154603 ], [ -71.336969007172101, -29.395628924056837 ], [ -71.336966351424266, -29.395512778003038 ], [ -71.336935789614529, -29.395338840647813 ], [ -71.336879465871021, -29.395200346930501 ], [ -71.336866551854826, -29.39521221301603 ], [ -71.33674524215246, -29.395132965819993 ], [ -71.336611431277419, -29.3950887635336 ], [ -71.336477367860695, -29.395033017991121 ], [ -71.33641025525317, -29.394999285303896 ], [ -71.336383416807493, -29.39498811640787 ], [ -71.336343036415087, -29.394965545422394 ], [ -71.336328156166772, -29.39489607001682 ], [ -71.336324968076525, -29.39475665411393 ], [ -71.336308492795752, -29.394617379198053 ], [ -71.336319120899049, -29.39450090811739 ], [ -71.336263426383823, -29.394385682175393 ], [ -71.336180104286782, -29.394224309317728 ], [ -71.336152746405062, -29.394189962357462 ], [ -71.336125642378249, -29.394167167509522 ], [ -71.336098272129888, -29.394132728733847 ], [ -71.336042586509535, -29.394017420425168 ], [ -71.336039930958975, -29.393901274284424 ], [ -71.335997425289619, -29.393785724924392 ], [ -71.335967930696, -29.393658317771429 ], [ -71.335927911880603, -29.393647388884261 ], [ -71.335927379875542, -29.393624119072506 ], [ -71.335805010969594, -29.393498423212652 ], [ -71.335682364387637, -29.393361017644935 ], [ -71.335654474982306, -29.393303400738787 ], [ -71.335626309575545, -29.393234159015773 ], [ -71.335646506756575, -29.392954778192458 ], [ -71.335641459358953, -29.392733926812671 ], [ -71.335614621599589, -29.392722757720509 ], [ -71.335545650479744, -29.392607682032754 ], [ -71.335518280853876, -29.39257324219464 ], [ -71.335491285396202, -29.392550529188174 ], [ -71.335464447906844, -29.392539369079778 ], [ -71.335463384156384, -29.392492829433042 ], [ -71.335448249550424, -29.392411727777773 ], [ -71.335460197763837, -29.392353422411638 ], [ -71.335496761349376, -29.392213208539246 ], [ -71.335491450801371, -29.391980823199511 ], [ -71.33546232847965, -29.391865048910606 ], [ -71.335445853863135, -29.391725763839812 ], [ -71.335391659718468, -29.391680257430501 ], [ -71.335337835476537, -29.391646291166822 ], [ -71.335204561377637, -29.391625347970503 ], [ -71.335071566636401, -29.391616131338441 ], [ -71.334925655153015, -29.391618697515845 ], [ -71.334912103525042, -29.391607295428262 ], [ -71.334871193302845, -29.391561463075288 ], [ -71.334844355707276, -29.391550283884595 ], [ -71.334840107893186, -29.391364337088426 ], [ -71.334851269318051, -29.391271135836718 ], [ -71.334903340574897, -29.391223757932909 ], [ -71.33505855200292, -29.391046564164498 ], [ -71.335097337555538, -29.390999427150195 ], [ -71.335110091268533, -29.390975915453467 ], [ -71.335135867301744, -29.390940646912526 ], [ -71.335132148722792, -29.390777877990331 ], [ -71.335102920955094, -29.390662095501199 ], [ -71.3350864494669, -29.390522912227425 ], [ -71.335097079912387, -29.390406441107015 ], [ -71.335135769459583, -29.390359305770172 ], [ -71.335239272052036, -29.390241197915547 ], [ -71.335329072793854, -29.390100069033295 ], [ -71.335367762967493, -29.390052925505255 ], [ -71.33537944302536, -29.389982892338828 ], [ -71.335362982666211, -29.389843708902543 ], [ -71.335349431242506, -29.389832306846337 ], [ -71.335241403687206, -29.389752833255955 ], [ -71.335107440768056, -29.389696992220092 ], [ -71.335013668343251, -29.389663808877064 ], [ -71.334986139156371, -29.389617742020338 ], [ -71.334959568151518, -29.389618207662856 ], [ -71.334864571912959, -29.389526857678682 ], [ -71.334836939902374, -29.389480884607796 ], [ -71.33479656208381, -29.389458312996496 ], [ -71.334782213499608, -29.389412015125409 ], [ -71.33476636997483, -29.389296090902885 ], [ -71.334737153685438, -29.389180318002651 ], [ -71.334722275644424, -29.389110842254997 ], [ -71.334668613594218, -29.389088503368029 ], [ -71.3346012387358, -29.389043134584902 ], [ -71.334534651844393, -29.389032661685089 ], [ -71.33442769898258, -29.388999717850449 ], [ -71.334400066250438, -29.388953652665876 ], [ -71.334360220282292, -29.388954350757743 ], [ -71.334353604738837, -29.388849904371483 ], [ -71.334502782637998, -29.388800741452126 ], [ -71.334556340293616, -29.388823073221502 ], [ -71.334662507175992, -29.388821213927439 ], [ -71.33482074327091, -29.388771891942088 ], [ -71.33493832662522, -29.388688456351744 ], [ -71.334908050172857, -29.38852623575259 ], [ -71.334891045952773, -29.388363699567762 ], [ -71.334861130263931, -29.388213112205307 ], [ -71.33483429380243, -29.388201942878307 ], [ -71.334766550749947, -29.38814503304323 ], [ -71.334739288760801, -29.388110591986351 ], [ -71.334672872718031, -29.38811176474313 ], [ -71.334541471837099, -29.388172163013888 ], [ -71.334476224506446, -29.388219855490025 ], [ -71.334423625045943, -29.388244056201586 ], [ -71.334384669066637, -29.388279555507214 ], [ -71.334291258666127, -29.388258004832796 ], [ -71.334304278444776, -29.388246146177718 ], [ -71.334250350159209, -29.388212172178147 ], [ -71.3342886036273, -29.388141766463541 ], [ -71.334549715222153, -29.387951171419481 ], [ -71.334732385196574, -29.387808406760122 ], [ -71.334758319093012, -29.38778467317767 ], [ -71.334755135096941, -29.387645256951629 ], [ -71.334711667837098, -29.38748326739298 ], [ -71.334683248563167, -29.387402306298398 ], [ -71.334721235663963, -29.387320265558024 ], [ -71.334691756461311, -29.38719294963769 ], [ -71.334664388693966, -29.387158509501987 ], [ -71.334650837721128, -29.387147107346394 ], [ -71.334623217872164, -29.387101134878403 ], [ -71.334450210670141, -29.387080885935273 ], [ -71.334409823845434, -29.387058324242027 ], [ -71.334341389597867, -29.386966507494918 ], [ -71.334326778001611, -29.38690866658002 ], [ -71.334257813714871, -29.386793589816978 ], [ -71.334243731362733, -29.386758917750527 ], [ -71.334109148890235, -29.386679899216066 ], [ -71.334082047404038, -29.3866571037928 ], [ -71.333973504238173, -29.386554359733104 ], [ -71.33394649944205, -29.386531645584004 ], [ -71.333877430599671, -29.386416560500042 ], [ -71.333864155799645, -29.386416793008141 ], [ -71.333690884402955, -29.386384917986877 ], [ -71.333651294783635, -29.386397250929271 ], [ -71.33360012701219, -29.38647952222664 ], [ -71.333573556796509, -29.386479987547872 ], [ -71.333493696853139, -29.3864697465036 ], [ -71.333479096139186, -29.386411906182666 ], [ -71.333425690098252, -29.38640120183037 ], [ -71.333424893180705, -29.38636629701239 ], [ -71.333354604445361, -29.386193145996959 ], [ -71.333367623887597, -29.386181278420736 ], [ -71.333285802330181, -29.386089704509907 ], [ -71.333271827543172, -29.38605512245751 ], [ -71.333271296307146, -29.386031852575108 ], [ -71.333135918936847, -29.385917938047292 ], [ -71.332987777485229, -29.385827516108485 ], [ -71.332852400677069, -29.385713600354922 ], [ -71.332704109765473, -29.385611551022038 ], [ -71.332543756342304, -29.385567891697843 ], [ -71.332490200826783, -29.38554555899 ], [ -71.332383240666942, -29.385512512419787 ], [ -71.332153129312189, -29.385318877910752 ], [ -71.332030765400631, -29.385193186828037 ], [ -71.331869086045359, -29.385091369901787 ], [ -71.331694226915658, -29.384989775268032 ], [ -71.331667402932766, -29.384978604131717 ], [ -71.331586483919892, -29.384921923958938 ], [ -71.331572402963886, -29.384887260554464 ], [ -71.331528848466178, -29.384725271190241 ], [ -71.331513708046742, -29.384644159926474 ], [ -71.331485386961859, -29.384563197177908 ], [ -71.331430402300782, -29.384482783024197 ], [ -71.331428801981374, -29.384413075351532 ], [ -71.331401977170557, -29.384401905070671 ], [ -71.331371802748905, -29.384239680631151 ], [ -71.331381272055879, -29.384076773425434 ], [ -71.33142697759385, -29.383750387857567 ], [ -71.331452486626588, -29.383703383143896 ], [ -71.331449837405287, -29.383587236442807 ], [ -71.331415845682727, -29.38326224520662 ], [ -71.33147844214416, -29.383098398568631 ], [ -71.331555754795374, -29.382992390504345 ], [ -71.331607450388063, -29.38293329791447 ], [ -71.331670152632611, -29.382769458369474 ], [ -71.331719476166199, -29.382605843871385 ], [ -71.331744718582001, -29.382547213193547 ], [ -71.331742321958203, -29.382442600635848 ], [ -71.331713642145303, -29.382350086665902 ], [ -71.331712052273573, -29.382280387822824 ], [ -71.331657429949814, -29.382211606965122 ], [ -71.331643359501129, -29.382176934337767 ], [ -71.331602711964337, -29.382142828657507 ], [ -71.331613079784702, -29.38201472166342 ], [ -71.331718179261927, -29.381966325240644 ], [ -71.331916676851023, -29.381939674678986 ], [ -71.331982292941916, -29.38190360765719 ], [ -71.331966356680795, -29.38178760054992 ], [ -71.331879238637171, -29.381463622036456 ], [ -71.331875526677649, -29.381300852504456 ], [ -71.331845351774191, -29.381138629013741 ], [ -71.331731780488511, -29.380815030212283 ], [ -71.331701500987265, -29.380652808495096 ], [ -71.331684506153934, -29.380490363352585 ], [ -71.331733923553486, -29.38032674720267 ], [ -71.33179652726291, -29.380162808295573 ], [ -71.331872407078095, -29.379998738105055 ], [ -71.331921822961078, -29.379835121922213 ], [ -71.331997700060583, -29.37967095067647 ], [ -71.332122994610458, -29.37934326416082 ], [ -71.332198871275878, -29.379179101845441 ], [ -71.332261570497053, -29.37901525400137 ], [ -71.332297606530332, -29.378851871848703 ], [ -71.332293894300477, -29.378689102301543 ], [ -71.33226626648684, -29.378643119384176 ], [ -71.332263614789753, -29.378526880679253 ], [ -71.332273187592406, -29.378363961632559 ], [ -71.332297093702763, -29.378247257258288 ], [ -71.332336681456738, -29.378234924852588 ], [ -71.332336150602814, -29.378211654927355 ], [ -71.332479128216235, -29.378081320886942 ], [ -71.332583958053917, -29.37802129715665 ], [ -71.332663375079576, -29.378008267550992 ], [ -71.332822827397962, -29.378017117097414 ], [ -71.332982099668968, -29.378014329096032 ], [ -71.333153234914789, -29.377953237146439 ], [ -71.333165722364512, -29.37791809972089 ], [ -71.333160950001343, -29.377708974409497 ], [ -71.333226723501795, -29.37768454372328 ], [ -71.333319701004569, -29.377682916841572 ], [ -71.333478346049546, -29.377656869061763 ], [ -71.333702869361318, -29.377606389247717 ], [ -71.333755465817291, -29.377582281062644 ], [ -71.33384700939078, -29.377522489936279 ], [ -71.33384621471761, -29.377487677065346 ], [ -71.333872516998483, -29.377475576867706 ], [ -71.333881982230452, -29.37731265966854 ], [ -71.333825768327245, -29.377174088813288 ], [ -71.333771317241101, -29.377116936313175 ], [ -71.33373130625138, -29.377106006350658 ], [ -71.333677384288549, -29.377072031730428 ], [ -71.333516618330748, -29.377005110076471 ], [ -71.333394537258783, -29.376890962436804 ], [ -71.333340339900275, -29.376845361908259 ], [ -71.33331150322816, -29.376741303373709 ], [ -71.333307778379094, -29.376578534091099 ], [ -71.33335709594374, -29.376414919176103 ], [ -71.333382062422473, -29.376344746382713 ], [ -71.333406509140602, -29.376251303473289 ], [ -71.333402794489956, -29.376088533107719 ], [ -71.333415178772299, -29.376053490390646 ], [ -71.33344041884439, -29.375994859482191 ], [ -71.333453163335562, -29.375971449159589 ], [ -71.333517978765457, -29.375900486642927 ], [ -71.333676896652094, -29.375886064534125 ], [ -71.333862097888797, -29.375859635308302 ], [ -71.333900090425274, -29.375777510826087 ], [ -71.333910978057631, -29.375672757691632 ], [ -71.333870871675515, -29.375661820397106 ], [ -71.333856525893438, -29.375615522207735 ], [ -71.333746669991768, -29.3754547033679 ], [ -71.333664686366006, -29.375351483464449 ], [ -71.333659912412628, -29.375142266145971 ], [ -71.333686214155108, -29.375130166915266 ], [ -71.333682501349202, -29.374967489439697 ], [ -71.333638948920708, -29.374805500495523 ], [ -71.333608666978918, -29.374643195280026 ], [ -71.333541571011565, -29.374609544124091 ], [ -71.333499863977153, -29.374528898116772 ], [ -71.333549273098427, -29.374365189514915 ], [ -71.333600180523177, -29.374271292312706 ], [ -71.3336251463937, -29.374201118589546 ], [ -71.333638164374989, -29.37418925105375 ], [ -71.333650651493997, -29.374154122617234 ], [ -71.333676955091065, -29.37414211538384 ], [ -71.333674567585277, -29.374037501756597 ], [ -71.333617720012555, -29.373875662555459 ], [ -71.333603917888794, -29.373852717011502 ], [ -71.333563376149286, -29.373818517019782 ], [ -71.333534421911139, -29.373714369411005 ], [ -71.333507335312717, -29.37369156441612 ], [ -71.333464937437228, -29.373576020661091 ], [ -71.333464408752917, -29.373552852641208 ], [ -71.333300891080498, -29.373369684494776 ], [ -71.333138433739634, -29.37323296308433 ], [ -71.333001855611542, -29.373060971587531 ], [ -71.332960943731152, -29.373015129233895 ], [ -71.332947131790306, -29.372992192802698 ], [ -71.332906601943534, -29.372957992377671 ], [ -71.332879238932136, -29.372923552464737 ], [ -71.332825321860014, -29.372889679244839 ], [ -71.33278531140364, -29.372878739894464 ], [ -71.332770172431765, -29.372797628599333 ], [ -71.332766460161011, -29.372634849941353 ], [ -71.332749477223771, -29.372472404577252 ], [ -71.332639615204243, -29.372311575651093 ], [ -71.332569497414937, -29.372149967200862 ], [ -71.332472920317358, -29.371988905621169 ], [ -71.332363854306081, -29.371862889322593 ], [ -71.332201772924606, -29.37173788264149 ], [ -71.332078375625883, -29.371565659403363 ], [ -71.331982593716532, -29.371439409428334 ], [ -71.331861305719968, -29.371360155947521 ], [ -71.331833955042669, -29.371325724588875 ], [ -71.33175065175007, -29.371164430181121 ], [ -71.331663555282915, -29.370840366448181 ], [ -71.331633385000956, -29.370678142486199 ], [ -71.331589827796307, -29.37051615267514 ], [ -71.331519818097092, -29.370354542537065 ], [ -71.331449439245546, -29.370181382182398 ], [ -71.331300632527956, -29.370056059050263 ], [ -71.331190787104902, -29.369895237425244 ], [ -71.331067648581396, -29.369734639139189 ], [ -71.330971076329575, -29.369573576159411 ], [ -71.33088769068496, -29.369412198609599 ], [ -71.330817673517714, -29.369250671137912 ], [ -71.330721102159131, -29.369089607919012 ], [ -71.330693752511962, -29.369055176260549 ], [ -71.330652853849841, -29.369009341864437 ], [ -71.330598504066785, -29.368952195927381 ], [ -71.330582706108686, -29.368927659213174 ], [ -71.330054817883052, -29.368391984770124 ], [ -71.329971425328409, -29.368230690552132 ], [ -71.329902734635397, -29.368127244546695 ], [ -71.329806704116805, -29.36798935834052 ], [ -71.329697646699429, -29.367863421452583 ], [ -71.329628861852768, -29.367759977828765 ], [ -71.329586471218178, -29.36764443236568 ], [ -71.329557259413548, -29.367528657478211 ], [ -71.329501596392092, -29.367413334898579 ], [ -71.329337039571541, -29.367183722653447 ], [ -71.329225600734205, -29.366953098153303 ], [ -71.329140727599679, -29.366722009375323 ], [ -71.329029301956055, -29.366491467429555 ], [ -71.329014694995138, -29.366433533456782 ], [ -71.328986807627103, -29.366375924425238 ], [ -71.328971672974532, -29.36629481240551 ], [ -71.328967165271465, -29.366255196216255 ], [ -71.3289481790205, -29.366180923077852 ], [ -71.328886648151055, -29.36603846112396 ], [ -71.328879658995518, -29.36574998383022 ], [ -71.32893425201614, -29.365601170020867 ], [ -71.328994089433664, -29.364877126281037 ], [ -71.329034689843411, -29.364398553830657 ], [ -71.329058597373091, -29.364281840771525 ], [ -71.329109069589293, -29.364164673522524 ], [ -71.329132882512184, -29.36404797202853 ], [ -71.3291833564341, -29.363930887724251 ], [ -71.329294840721602, -29.363580073594996 ], [ -71.329395681004428, -29.363345832767379 ], [ -71.329407638689545, -29.363287434642892 ], [ -71.32944711515519, -29.363275105224997 ], [ -71.329472611485812, -29.363228194073848 ], [ -71.329484304383115, -29.363158169950154 ], [ -71.329523347706285, -29.363122660816611 ], [ -71.329562824093301, -29.363110331368425 ], [ -71.329575311582587, -29.363075204159596 ], [ -71.329601600549594, -29.3630631051387 ], [ -71.329613295236285, -29.362993163973542 ], [ -71.329692606519018, -29.36298013839308 ], [ -71.329702735860963, -29.362936387155798 ], [ -71.330821222937402, -29.362413977847197 ], [ -71.330926823223393, -29.362388852296757 ], [ -71.331032169726328, -29.362352184387529 ], [ -71.331243379478622, -29.36230194264148 ], [ -71.33134925495969, -29.362288451586789 ], [ -71.331559406030408, -29.362191770366987 ], [ -71.331873047385542, -29.361976984329793 ], [ -71.332082668731104, -29.361857115321449 ], [ -71.332292828256314, -29.361760423828553 ], [ -71.332397642166868, -29.361700401032067 ], [ -71.332502977072195, -29.361663732205006 ], [ -71.332607790978557, -29.3616037191745 ], [ -71.332712860389378, -29.361555414300149 ], [ -71.332818469524952, -29.36153028714217 ], [ -71.332923547174374, -29.36148189986719 ], [ -71.333028352208188, -29.361421968772028 ], [ -71.333133694768335, -29.361385207309883 ], [ -71.33321284721012, -29.361360643885657 ], [ -71.333292423030969, -29.361359252122899 ], [ -71.333452102003733, -29.361379634732007 ], [ -71.333585324671432, -29.361400583076627 ], [ -71.333719606649552, -29.361467968401694 ], [ -71.333879924856646, -29.361511712372934 ], [ -71.333986594299063, -29.361533124238335 ], [ -71.334118650420379, -29.361507533059736 ], [ -71.334157160767958, -29.361448762650483 ], [ -71.334220282048847, -29.361308092988516 ], [ -71.334230646347095, -29.36117998572265 ], [ -71.334244183329034, -29.361191388335577 ], [ -71.334348466601796, -29.361108187028673 ], [ -71.334374754446841, -29.361096087122004 ], [ -71.334454604722779, -29.361106328588335 ], [ -71.334574015372823, -29.361104237649748 ], [ -71.334587827966274, -29.361127266001844 ], [ -71.33466793349163, -29.361149142491204 ], [ -71.334721589653398, -29.361171390096672 ], [ -71.334881260316493, -29.361191864059098 ], [ -71.335093537691236, -29.361188147120384 ], [ -71.335305378759742, -29.361161166366109 ], [ -71.335410988829466, -29.361136130094554 ], [ -71.335516054397374, -29.361087740141325 ], [ -71.335621651934645, -29.361062611906807 ], [ -71.33572699513239, -29.361025939545968 ], [ -71.33584535354305, -29.360977317358984 ], [ -71.33602787318695, -29.3608346469921 ], [ -71.336118607153068, -29.36074004215283 ], [ -71.336170661337917, -29.360692580583578 ], [ -71.336223416567506, -29.360680016538858 ], [ -71.33624943858166, -29.360656290337175 ], [ -71.336328494696204, -29.360631718675752 ], [ -71.336381611304404, -29.360630787853211 ], [ -71.336435151183153, -29.360653036803068 ], [ -71.336594406313608, -29.360650245802681 ], [ -71.336700279951557, -29.360636833609725 ], [ -71.336885185109125, -29.360598683781763 ], [ -71.33696396302814, -29.360562393112456 ], [ -71.33697671533433, -29.36053898327604 ], [ -71.337068773639274, -29.360502450736568 ], [ -71.337067976526782, -29.360467554891841 ], [ -71.337107293216206, -29.360443679383181 ], [ -71.337170398472026, -29.360303007860722 ], [ -71.337365505503399, -29.360125206191427 ], [ -71.337404182224816, -29.360077969674858 ], [ -71.337456769208003, -29.360053870439256 ], [ -71.337455705960039, -29.36000733063209 ], [ -71.337481993325341, -29.359995239164576 ], [ -71.337531829446746, -29.359854884031325 ], [ -71.337541913675437, -29.359715151869608 ], [ -71.337535541024195, -29.359436216928838 ], [ -71.337558918112592, -29.35929625170251 ], [ -71.337594675084461, -29.359121233577472 ], [ -71.337525983769908, -29.359017792363389 ], [ -71.337512183045661, -29.358994847114797 ], [ -71.337471806933081, -29.358972275764433 ], [ -71.337457035837545, -29.358902706068786 ], [ -71.337416673425253, -29.358880236402989 ], [ -71.337410830813866, -29.358624479328569 ], [ -71.33745746939087, -29.358344623989574 ], [ -71.33748137995201, -29.358228012540248 ], [ -71.337464114378761, -29.35805384009706 ], [ -71.337450037750727, -29.358019260957949 ], [ -71.337421457046801, -29.357926746134204 ], [ -71.337394894317228, -29.357927211806505 ], [ -71.337286646386673, -29.357836103488516 ], [ -71.337165635142071, -29.357768395192256 ], [ -71.337111990673804, -29.35774614921235 ], [ -71.33703055917087, -29.357666117302088 ], [ -71.336948600336541, -29.357562990361775 ], [ -71.33689283046148, -29.357447673616061 ], [ -71.336823078440801, -29.357297701085209 ], [ -71.336780856033812, -29.357193794577697 ], [ -71.336754399510085, -29.357194258253678 ], [ -71.336659327946577, -29.35710290851468 ], [ -71.336538426148238, -29.357035291499177 ], [ -71.336243572137903, -29.356912532471725 ], [ -71.336189757355555, -29.356878648552879 ], [ -71.336135581411881, -29.356833048317903 ], [ -71.336026793186747, -29.356718668194073 ], [ -71.335917752845674, -29.356592736664158 ], [ -71.335808435210041, -29.356455096289253 ], [ -71.335686104147058, -29.356329405495895 ], [ -71.335591403829284, -29.356249596019474 ], [ -71.335496428908272, -29.356158244575187 ], [ -71.335401986238097, -29.356090162084321 ], [ -71.335307278167832, -29.356010444542232 ], [ -71.335212198726296, -29.355919094704859 ], [ -71.334970303283725, -29.35578377453405 ], [ -71.334836028287953, -29.355716389146355 ], [ -71.334352030603085, -29.355445825389101 ], [ -71.334017710778525, -29.355335391692257 ], [ -71.33395062677333, -29.355301739073518 ], [ -71.333815291852503, -29.355187821637436 ], [ -71.333718728715397, -29.355026667821715 ], [ -71.333623757800041, -29.354935322969386 ], [ -71.333515504839156, -29.35484420236779 ], [ -71.333407528873622, -29.354764724579034 ], [ -71.333273245886659, -29.354697337655654 ], [ -71.333152782567666, -29.354652887010847 ], [ -71.333152519400187, -29.354641343997287 ], [ -71.333070565078486, -29.354538132213158 ], [ -71.333014791247152, -29.354422821758092 ], [ -71.332985589532669, -29.354307038237515 ], [ -71.332953833766794, -29.354075013054509 ], [ -71.332924624256918, -29.353959330687175 ], [ -71.332921975510217, -29.353843091588733 ], [ -71.332881347701104, -29.353808892499373 ], [ -71.332865416905719, -29.353692875847102 ], [ -71.332852242071496, -29.353693106345016 ], [ -71.332744266853851, -29.353613628829947 ], [ -71.332475715048474, -29.353478844064906 ], [ -71.332367731054831, -29.35339936547383 ], [ -71.332152300594231, -29.353263567832531 ], [ -71.331922267710056, -29.353069928900954 ], [ -71.331813223182905, -29.352943910684871 ], [ -71.331718255734586, -29.35285255522847 ], [ -71.331610283069807, -29.352773066749382 ], [ -71.331556102134087, -29.352727557475887 ], [ -71.331475738793188, -29.352694042771226 ], [ -71.331341999114869, -29.35264992443118 ], [ -71.331208513185345, -29.352617348243506 ], [ -71.331141706070994, -29.35259523598161 ], [ -71.33110106905032, -29.352561036462991 ], [ -71.331074877592954, -29.352573133982229 ], [ -71.330994145629887, -29.352528079593128 ], [ -71.330926798569365, -29.352482707279041 ], [ -71.330912459998331, -29.352436491336324 ], [ -71.330896543294571, -29.352320484012875 ], [ -71.330894160958849, -29.352215878853851 ], [ -71.330880615292898, -29.352204475979793 ], [ -71.330797607511315, -29.352054814427866 ], [ -71.33070237581444, -29.351951823136368 ], [ -71.330581378906643, -29.35188420194628 ], [ -71.330044404063599, -29.351614546268863 ], [ -71.329896324379007, -29.35152403443168 ], [ -71.32984913729878, -29.351479944895562 ], [ -71.329774271392751, -29.351409973327375 ], [ -71.329665242605159, -29.351283951980214 ], [ -71.329583294377841, -29.351180728641214 ], [ -71.329527526477392, -29.351065416353677 ], [ -71.329485157469563, -29.350949953872888 ], [ -71.329457272582061, -29.35089225171237 ], [ -71.329486427974416, -29.35081163155315 ], [ -71.329243222800358, -29.350233267990049 ], [ -71.329103139130694, -29.349910126258873 ], [ -71.329060927798409, -29.349806208479059 ], [ -71.328978189513364, -29.349668179627223 ], [ -71.328924380073687, -29.349634210313464 ], [ -71.328882963205402, -29.34956519667875 ], [ -71.328895968547187, -29.349553329889208 ], [ -71.328920943213745, -29.349483157686663 ], [ -71.3288792616938, -29.349402509004378 ], [ -71.328765731828838, -29.349078903968433 ], [ -71.328722189721475, -29.348916911093287 ], [ -71.328652201699327, -29.348755297897711 ], [ -71.328595391049106, -29.348593537557324 ], [ -71.328512124121005, -29.348432239131476 ], [ -71.328455408806235, -29.34827048606655 ], [ -71.328315331751185, -29.347947344016916 ], [ -71.328232065831131, -29.347786044446309 ], [ -71.328122238912968, -29.347625117383984 ], [ -71.327972584650738, -29.347464986502033 ], [ -71.327863287654736, -29.347327328382477 ], [ -71.327808064327343, -29.347235275982996 ], [ -71.327806489940244, -29.3471841536802 ], [ -71.327790555905551, -29.347049559739361 ], [ -71.327816059988578, -29.347002656919031 ], [ -71.327827225732349, -29.346909446582764 ], [ -71.327877164124544, -29.346769009790115 ], [ -71.327940277426322, -29.346628435024087 ], [ -71.327980889005971, -29.346514192841383 ], [ -71.326505093928873, -29.346229209547843 ], [ -71.32355251080682, -29.345399413730522 ], [ -71.321694204419686, -29.344770821931064 ], [ -71.320246373020964, -29.344101687298441 ], [ -71.320236944880364, -29.344635302208285 ], [ -71.32031133567439, -29.345108206566284 ], [ -71.320425771103231, -29.345943038496735 ], [ -71.320551824968547, -29.346534886972819 ] ] ] ] } },
{ "type": "Feature", "properties": { "fid": 88, "OBJECTID_1": 184, "OBJECTID": 195, "NOM_COM": "LA HIGUERA", "PROVINCIA": "ELQUI", "Z_COMUNAL": "ZONA DE PESCA ARTESANAL Y CALETAS", "USO": "RESERVA MARINA", "REGIONAL": "AREAS PARA ACTIVIDADES INDUSTRIALES, ECONOMICAS Y DE DESARROLLO", "Shape_Leng": 23579.9696085, "LEYENDA": "AREA DE MANEJO EN TRAMITE", "Shape__Area": 3326945.0694580078, "Shape__Length": 23579.277927439925, "Nota": "La Zonificación de Uso del Borde Costero de la Región de Coquimbo, constituye un instrumento aún vigente, y que declara áreas con orientaciones de usos específicos, en el borde costero regional. Por lo tanto, se sugiere su uso de acuerdo a la microzonificación según se señala en todas las publicaciones, y que fué aprobada mediante Decreto Supremo Nº 518 Zonificación de Coquimbo, 12 de diciembre de 2005.", "Origen Dato": "https://gorecoquimbo.maps.arcgis.com/apps/CompareAnalysis/index.html?appid=b4f178d41fb24ab8a871596de568a2f7", "Mapa Completo": "https://www.gorecoquimbo.cl/gorecoquimbo/site/artic/20150722/asocfile/20150722092144/comunal.jpg", "Link Memoria": "https://www.gorecoquimbo.cl/gorecoquimbo/site/artic/20150722/asocfile/20150722091730/memoria_explicativa_zonifi.pdf" }, "geometry": { "type": "MultiPolygon", "coordinates": [ [ [ [ -71.532384208438131, -29.24724597405341 ], [ -71.526592220171054, -29.252040970417163 ], [ -71.532466843813268, -29.258273660984415 ], [ -71.533604712226065, -29.262232569400375 ], [ -71.535298221383556, -29.269539434221731 ], [ -71.536242172333644, -29.273294665539886 ], [ -71.534631149414949, -29.280830082689523 ], [ -71.539093983194093, -29.285347715772204 ], [ -71.542296204956742, -29.288603830007883 ], [ -71.543850113642321, -29.290232744980798 ], [ -71.544273537680311, -29.290141756187456 ], [ -71.550660728086044, -29.286412625901328 ], [ -71.552198100422075, -29.285471067809944 ], [ -71.552118875403508, -29.284187236983488 ], [ -71.551411491644174, -29.278561798119267 ], [ -71.550530674072647, -29.275468905796668 ], [ -71.547125168715183, -29.269729069294417 ], [ -71.546377124450899, -29.262445838769821 ], [ -71.545465888926998, -29.254294970539309 ], [ -71.541928797474228, -29.250837927983024 ], [ -71.539409941652679, -29.248398026629442 ], [ -71.532666735129254, -29.247199162777104 ], [ -71.532384208438131, -29.24724597405341 ] ], [ [ -71.538506717571167, -29.248964985048648 ], [ -71.538571797626545, -29.249149508554581 ], [ -71.538271313537905, -29.24923482235409 ], [ -71.538183858032895, -29.249369166787559 ], [ -71.538640797752109, -29.249493170477617 ], [ -71.538582279596227, -29.249573888693003 ], [ -71.538529646974851, -29.249893331621205 ], [ -71.538289654981043, -29.249977496311065 ], [ -71.538175226836174, -29.250245036300143 ], [ -71.538661763003532, -29.250341939651719 ], [ -71.538695285999438, -29.250473985886128 ], [ -71.539121995749682, -29.250598562026205 ], [ -71.539156174630889, -29.250757124513331 ], [ -71.539551327305134, -29.250829231233183 ], [ -71.539617064957142, -29.2510402713221 ], [ -71.539862958209227, -29.251194819381681 ], [ -71.540050988949815, -29.251456612103588 ], [ -71.540478358708711, -29.251607699948618 ], [ -71.540755157521204, -29.251788197390436 ], [ -71.540670981496064, -29.252055164019801 ], [ -71.540794585296354, -29.252158958803349 ], [ -71.541160807715471, -29.252284678193412 ], [ -71.54125678884499, -29.252495142066891 ], [ -71.54135212359374, -29.252679079386152 ], [ -71.541511224729064, -29.25299449658193 ], [ -71.541660486483053, -29.252912050986239 ], [ -71.541958999793479, -29.252747151396232 ], [ -71.542262115131109, -29.252767924021871 ], [ -71.542806537404786, -29.252757565099643 ], [ -71.542784820847004, -29.253102950451346 ], [ -71.543037297178898, -29.253522723628155 ], [ -71.542926817180174, -29.253949412777917 ], [ -71.542845260990617, -29.25432247570944 ], [ -71.542943226496604, -29.254612515627336 ], [ -71.54318847541532, -29.254740521430453 ], [ -71.543554709705617, -29.254866233470846 ], [ -71.543650708944327, -29.255076703925319 ], [ -71.543410698785863, -29.255160878459396 ], [ -71.54316938657422, -29.255192009824469 ], [ -71.543237105657795, -29.255482616135808 ], [ -71.543694734645513, -29.255633126620392 ], [ -71.543965650289792, -29.255574891876307 ], [ -71.544180654811385, -29.25570348149094 ], [ -71.544093202482202, -29.255837828641472 ], [ -71.543880157853863, -29.255788817739663 ], [ -71.54370195827957, -29.255924892483815 ], [ -71.543555986720179, -29.256139960601455 ], [ -71.543743369466782, -29.256375220803498 ], [ -71.543932733593579, -29.256690048298061 ], [ -71.544175362734094, -29.256711967769544 ], [ -71.544393007792337, -29.256946649747828 ], [ -71.544213493507272, -29.257029683650497 ], [ -71.543824224198985, -29.25719630762228 ], [ -71.543616430358611, -29.257359484540274 ], [ -71.543470446505722, -29.25757455195194 ], [ -71.543628249184422, -29.25783691403506 ], [ -71.5437853968848, -29.258072748744311 ], [ -71.543851805744566, -29.258310311935741 ], [ -71.544034606989101, -29.258359908486856 ], [ -71.543980675394081, -29.258626300926849 ], [ -71.543803127964182, -29.258788893232744 ], [ -71.54359534031822, -29.258952070104893 ], [ -71.543354009084652, -29.258983202522561 ], [ -71.542965388677359, -29.259176349778826 ], [ -71.54273260079826, -29.259552290282841 ], [ -71.542621457421035, -29.259952454002285 ], [ -71.542542523051679, -29.26043160997834 ], [ -71.542580651122663, -29.260749327291471 ], [ -71.542737144888321, -29.260958637700369 ], [ -71.542806180135159, -29.261302295396423 ], [ -71.542754870733901, -29.261674781562277 ], [ -71.542395176392617, -29.261814309462714 ], [ -71.542222872132868, -29.262189099070731 ], [ -71.542139351135759, -29.262482591840691 ], [ -71.5422945338522, -29.262638851073142 ], [ -71.542541771908674, -29.262846434554454 ], [ -71.542850169674637, -29.263079401966273 ], [ -71.542890926777758, -29.263503203041548 ], [ -71.542963895008796, -29.264006006989607 ], [ -71.542848153109745, -29.264220498284111 ], [ -71.542642313097076, -29.264463243207285 ], [ -71.542863912037319, -29.26485707395576 ], [ -71.542685039505884, -29.264966622915189 ], [ -71.542634395891369, -29.265365634995426 ], [ -71.542641618361301, -29.265657400694511 ], [ -71.542523247621574, -29.265765798725472 ], [ -71.542316747327391, -29.265982017125513 ], [ -71.54211091410032, -29.266224761247422 ], [ -71.542124043458244, -29.266755242182253 ], [ -71.54234366576317, -29.267069495981943 ], [ -71.54261985462756, -29.267223460248427 ], [ -71.54265601675084, -29.267461598499413 ], [ -71.542662584153035, -29.267726838791653 ], [ -71.542668493830774, -29.267965553801737 ], [ -71.542490929418733, -29.268128154283225 ], [ -71.542498152096044, -29.268419911779297 ], [ -71.54259547747192, -29.268683424431831 ], [ -71.542812478519664, -29.26889158221487 ], [ -71.543276748048328, -29.269307330190422 ], [ -71.543710768798832, -29.269723642530057 ], [ -71.543904102523314, -29.270197615058006 ], [ -71.544155963536255, -29.270590865374302 ], [ -71.544374286536367, -29.270852072418428 ], [ -71.544745850259858, -29.271189965500877 ], [ -71.544991142645173, -29.271317974174316 ], [ -71.544906966879083, -29.271584943056347 ], [ -71.545212110645352, -29.27168527306543 ], [ -71.545185800822097, -29.271844995549671 ], [ -71.544891174283478, -29.272169041230249 ], [ -71.544868809609341, -29.272487909610401 ], [ -71.544722809475203, -29.272702979102991 ], [ -71.544606405584332, -29.272890946814147 ], [ -71.544491316092945, -29.273131965810382 ], [ -71.544199313241748, -29.273562113909925 ], [ -71.543963873681477, -29.273831963782094 ], [ -71.543938219687746, -29.274018202329142 ], [ -71.544365033614369, -29.274142754990685 ], [ -71.544641245064099, -29.274296713584185 ], [ -71.545010839148858, -29.274555036737112 ], [ -71.545350191588795, -29.274813935159834 ], [ -71.545687573448831, -29.274993255184853 ], [ -71.545992727211711, -29.275093582718995 ], [ -71.546057172565611, -29.275251574200681 ], [ -71.546215012382902, -29.275513930542324 ], [ -71.54640310807234, -29.27577570885709 ], [ -71.546775344951968, -29.276140120844307 ], [ -71.54705288131953, -29.276347116076899 ], [ -71.547088400374932, -29.276558726847107 ], [ -71.547243612358713, -29.276714987309553 ], [ -71.547491554174059, -29.276949084609925 ], [ -71.547769752557954, -29.277182604158607 ], [ -71.547986794097511, -29.277390751339464 ], [ -71.54784013748079, -29.27757930798041 ], [ -71.547698086358665, -29.277953526128236 ], [ -71.54764744947262, -29.278352529794919 ], [ -71.547625762213741, -29.27869792288033 ], [ -71.547667855725649, -29.279174772329252 ], [ -71.547674438186775, -29.279440011140998 ], [ -71.5478040092177, -29.279782509327589 ], [ -71.547602770809618, -29.280210923947713 ], [ -71.547636977385636, -29.280369492130234 ], [ -71.547367985134954, -29.280507305110252 ], [ -71.547162126737362, -29.280750057809964 ], [ -71.546956935934034, -29.281019336098488 ], [ -71.546816195002933, -29.281446595785603 ], [ -71.546853022377434, -29.281711257791375 ], [ -71.54697799692859, -29.281868094876465 ], [ -71.546860261681772, -29.282003022720264 ], [ -71.546869475654859, -29.282374354958144 ], [ -71.546847784735391, -29.282719738943953 ], [ -71.546853708770399, -29.282958451719381 ], [ -71.547043784680966, -29.283299797261424 ], [ -71.546928033014723, -29.28351429234198 ], [ -71.546687314619774, -29.2835719599891 ], [ -71.546388056523824, -29.28371034858937 ], [ -71.546090770659475, -29.283928304839375 ], [ -71.54603750467956, -29.284221223545988 ], [ -71.545676413583706, -29.284307713357226 ], [ -71.545162082910608, -29.284317516457879 ], [ -71.54476877011345, -29.284325013010175 ], [ -71.544591839675675, -29.284514142651354 ], [ -71.544138669232495, -29.284549315812271 ], [ -71.543803240475654, -29.284449553006645 ], [ -71.543348755207603, -29.284431680280736 ], [ -71.542953469454176, -29.284359593160232 ], [ -71.542827193388206, -29.284149709642872 ], [ -71.542753536171716, -29.28362038278679 ], [ -71.542686461873387, -29.283356295277315 ], [ -71.542524674568085, -29.282934799153654 ], [ -71.542304346549528, -29.282594023379087 ], [ -71.541876184639435, -29.282416413951804 ], [ -71.541539451445985, -29.28226361149061 ], [ -71.541300690845148, -29.282400828297163 ], [ -71.541155327505578, -29.282642430992727 ], [ -71.541071791148596, -29.28293591446517 ], [ -71.540947490807696, -29.282805597372903 ], [ -71.540765302912902, -29.282782524583531 ], [ -71.540555495785895, -29.282866131717075 ], [ -71.540439073906398, -29.283054096699484 ], [ -71.540173346669079, -29.283324516224589 ], [ -71.539783963396644, -29.283491143493634 ], [ -71.53950838897012, -29.283363701390741 ], [ -71.539319649630031, -29.283075386984603 ], [ -71.539343333743389, -29.282809571400463 ], [ -71.539582097120118, -29.282672357907241 ], [ -71.539698520028253, -29.282484384577252 ], [ -71.539513708634914, -29.282355216032901 ], [ -71.539121714157162, -29.282415747016628 ], [ -71.538940183406723, -29.282419197877005 ], [ -71.538698149585997, -29.282423799706475 ], [ -71.538784316798811, -29.28223640233751 ], [ -71.538750780083532, -29.282104357328503 ], [ -71.538508090835904, -29.282082431647044 ], [ -71.538473242587216, -29.281897344014244 ], [ -71.538498907205678, -29.281711096977176 ], [ -71.538553516715766, -29.281471232203444 ], [ -71.538577858866546, -29.281231941921433 ], [ -71.538306238255558, -29.281263643188382 ], [ -71.53824047794545, -29.281052604346058 ], [ -71.538089862277459, -29.281082005907322 ], [ -71.537728128025279, -29.281141947543841 ], [ -71.537453218172104, -29.281041026863669 ], [ -71.537357858793698, -29.280857088658358 ], [ -71.537783383721603, -29.280928608530459 ], [ -71.537993856893664, -29.280871532761203 ], [ -71.53810831359975, -29.280604000948149 ], [ -71.538435197991362, -29.280358960769632 ], [ -71.538608853690633, -29.280037217716028 ], [ -71.538450367704243, -29.279748326467406 ], [ -71.538227448095682, -29.279301448234339 ], [ -71.537924908891725, -29.279307197494337 ], [ -71.537979508641882, -29.279067333069378 ], [ -71.537882850051147, -29.278830342428151 ], [ -71.538030839215466, -29.278694847131096 ], [ -71.538361008003818, -29.278582428516021 ], [ -71.538539241898604, -29.278446357792323 ], [ -71.538898353009984, -29.27828031031434 ], [ -71.539041092447306, -29.277932625820107 ], [ -71.53905887350453, -29.27742809479664 ], [ -71.539103640091781, -29.276790368875684 ], [ -71.539062232826538, -29.276340040541232 ], [ -71.539235880907682, -29.276018306045881 ], [ -71.539197753730534, -29.275700589048871 ], [ -71.539039275057277, -29.275411707021881 ], [ -71.538970905126661, -29.275094563967407 ], [ -71.538931467531839, -29.274723804219406 ], [ -71.538773647039022, -29.274461438028776 ], [ -71.538734210576692, -29.274090678132762 ], [ -71.538639523634501, -29.273933265552103 ], [ -71.538423163352377, -29.273751617811154 ], [ -71.538266656412674, -29.27354230335548 ], [ -71.538199602129794, -29.273278212130112 ], [ -71.538308150395437, -29.272771956659845 ], [ -71.538329879980836, -29.272426571804335 ], [ -71.538746188975509, -29.272126755607431 ], [ -71.538705443680726, -29.271702952908125 ], [ -71.538576570490363, -29.271386968408333 ], [ -71.538571325104456, -29.271174770007711 ], [ -71.538562145338759, -29.270803434750114 ], [ -71.53831160551438, -29.270463223552536 ], [ -71.538152493115476, -29.270147814056841 ], [ -71.537992715823947, -29.269805878213415 ], [ -71.537772432642925, -29.26946508182774 ], [ -71.537517322246728, -29.268939206099677 ], [ -71.537274664477778, -29.268917277132395 ], [ -71.537158905567011, -29.269131764409337 ], [ -71.537102986475205, -29.269318586127945 ], [ -71.536835316659321, -29.269509420772561 ], [ -71.536737360798057, -29.269219376574501 ], [ -71.536910995834901, -29.268897645279445 ], [ -71.536845258559268, -29.268686604547138 ], [ -71.536602591155699, -29.268664674507441 ], [ -71.536477659665948, -29.268507825290516 ], [ -71.536320511211557, -29.26827198133843 ], [ -71.536191650350617, -29.267955994583943 ], [ -71.53607523494064, -29.268143955595807 ], [ -71.535837164219046, -29.268307696469559 ], [ -71.535649764487857, -29.268072425964267 ], [ -71.53555377847573, -29.267861958668053 ], [ -71.535851044493441, -29.267644017872154 ], [ -71.535872117341071, -29.2672721066028 ], [ -71.535658406740708, -29.267196557323203 ], [ -71.535894510484326, -29.266953247796131 ], [ -71.535797215236229, -29.266689728836514 ], [ -71.536158901762519, -29.26662979531941 ], [ -71.536182603959247, -29.26636397924457 ], [ -71.536539047894593, -29.266091844984743 ], [ -71.536472659522417, -29.265854278388396 ], [ -71.536707447999007, -29.26555791593508 ], [ -71.536640404485368, -29.265293822180031 ], [ -71.536810103181878, -29.264812944999971 ], [ -71.536983085648728, -29.26446468828841 ], [ -71.536914066700049, -29.264121026672097 ], [ -71.536698396732291, -29.26396589968628 ], [ -71.536482062294127, -29.263784256988881 ], [ -71.536178269666721, -29.26373694753774 ], [ -71.536171721098498, -29.263471705731195 ], [ -71.535951460259355, -29.263130914755774 ], [ -71.535916625682972, -29.262945824410139 ], [ -71.535969924937831, -29.262652908525713 ], [ -71.535902874491697, -29.262388815182813 ], [ -71.536107417826088, -29.262093037088707 ], [ -71.53652565922016, -29.261872797763445 ], [ -71.5369695644968, -29.261466329953777 ], [ -71.537147117239243, -29.261303736134227 ], [ -71.537198448112747, -29.260931250861013 ], [ -71.537192551832078, -29.260692535506116 ], [ -71.536976223694822, -29.260510883245377 ], [ -71.536703991332701, -29.260516051894768 ], [ -71.536609976377122, -29.260385153966226 ], [ -71.536573177144874, -29.260120495514979 ], [ -71.536326610970406, -29.259939416225112 ], [ -71.536139881865807, -29.259730671641385 ], [ -71.535930115807346, -29.259814259213503 ], [ -71.535688779147662, -29.25984537803313 ], [ -71.535540156128462, -29.259954343265953 ], [ -71.535546703153599, -29.260219585322503 ], [ -71.535097570463179, -29.260413858911672 ], [ -71.534882555794397, -29.260285264770186 ], [ -71.534844462999331, -29.25996754446826 ], [ -71.534542634418187, -29.259999809019931 ], [ -71.534417063059394, -29.259816430467037 ], [ -71.534438142801804, -29.259444519695702 ], [ -71.534340860071083, -29.259181007765818 ], [ -71.534184385403321, -29.258971676340501 ], [ -71.534425056225913, -29.258914044050307 ], [ -71.534630252099163, -29.25864478471961 ], [ -71.534714448185284, -29.258377820855038 ], [ -71.535072834003472, -29.258185270829877 ], [ -71.535064325047259, -29.257840450331983 ], [ -71.535111081285024, -29.257282300444057 ], [ -71.534976351372393, -29.256727595064113 ], [ -71.534702165284315, -29.256653180735327 ], [ -71.534395767046192, -29.256499771243963 ], [ -71.534032153028576, -29.256480137634306 ], [ -71.533907241578049, -29.256323284616052 ], [ -71.533963151095648, -29.256136464180276 ], [ -71.533956609471247, -29.255871230652748 ], [ -71.533861948382636, -29.255713803815105 ], [ -71.533673924104434, -29.255452002943386 ], [ -71.533543129129384, -29.255056433207645 ], [ -71.533660844413603, -29.254921517630649 ], [ -71.533808153610579, -29.254759511822282 ], [ -71.534041620113712, -29.254410110835799 ], [ -71.534004830582319, -29.254145441914812 ], [ -71.533878613990538, -29.253935536692058 ], [ -71.534087073223148, -29.2537988998412 ], [ -71.534173883630629, -29.253638041112502 ], [ -71.534136439981793, -29.253346845778989 ], [ -71.534128591301126, -29.253028560205269 ], [ -71.533941236237183, -29.252793284692213 ], [ -71.533872238056134, -29.252449610851468 ], [ -71.533833487995892, -29.252105372354116 ], [ -71.533793440649902, -29.251708090659648 ], [ -71.533937465647583, -29.251413454721693 ], [ -71.533900034254742, -29.251122258949575 ], [ -71.534258397517533, -29.250929712365767 ], [ -71.534829790089134, -29.250786191520252 ], [ -71.535586571528512, -29.250798373494757 ], [ -71.53604156272668, -29.250842807353873 ], [ -71.536461724568838, -29.250702149838187 ], [ -71.5370627052732, -29.250531529047837 ], [ -71.537208038302822, -29.250289941877259 ], [ -71.537262629645056, -29.25005007673975 ], [ -71.537192323770853, -29.249653362020492 ], [ -71.5373389660557, -29.24946481758618 ], [ -71.537605275554753, -29.249220932806271 ], [ -71.537631593493117, -29.249061220902426 ], [ -71.53793403243192, -29.249055477909284 ], [ -71.538506717571167, -29.248964985048648 ] ] ] ] } },
{ "type": "Feature", "properties": { "fid": 89, "OBJECTID_1": 18, "OBJECTID": 18, "NOM_COM": "LA HIGUERA", "PROVINCIA": "ELQUI", "Z_COMUNAL": "ZONA DE RESTRICCION POR RIESGO", "USO": " ", "REGIONAL": "AREAS DE RESTRICCION POR RIESGO", "Shape_Leng": 24926.2281735, "LEYENDA": "RELAVES", "Shape__Area": 18606290.04675293, "Shape__Length": 24925.496687645809, "Nota": "La Zonificación de Uso del Borde Costero de la Región de Coquimbo, constituye un instrumento aún vigente, y que declara áreas con orientaciones de usos específicos, en el borde costero regional. Por lo tanto, se sugiere su uso de acuerdo a la microzonificación según se señala en todas las publicaciones, y que fué aprobada mediante Decreto Supremo Nº 518 Zonificación de Coquimbo, 12 de diciembre de 2005.", "Origen Dato": "https://gorecoquimbo.maps.arcgis.com/apps/CompareAnalysis/index.html?appid=b4f178d41fb24ab8a871596de568a2f7", "Mapa Completo": "https://www.gorecoquimbo.cl/gorecoquimbo/site/artic/20150722/asocfile/20150722092144/comunal.jpg", "Link Memoria": "https://www.gorecoquimbo.cl/gorecoquimbo/site/artic/20150722/asocfile/20150722091730/memoria_explicativa_zonifi.pdf" }, "geometry": { "type": "MultiPolygon", "coordinates": [ [ [ [ -71.234703582980742, -29.321481873059614 ], [ -71.2348054783279, -29.330507685554682 ], [ -71.23481847419005, -29.331658304832846 ], [ -71.240331902225975, -29.331659656095994 ], [ -71.244393407951335, -29.331356878431166 ], [ -71.24961247849069, -29.330143271524776 ], [ -71.251580918808912, -29.329594119614139 ], [ -71.254663679198927, -29.328603969601986 ], [ -71.258220697170458, -29.327277393458932 ], [ -71.261893947053906, -29.326370898947236 ], [ -71.265253341397099, -29.325797965028798 ], [ -71.269818914959146, -29.321686614403323 ], [ -71.272432202571366, -29.321266900053821 ], [ -71.27543808431885, -29.319245711244154 ], [ -71.279508294277193, -29.319363868313033 ], [ -71.284073820183409, -29.317691065963221 ], [ -71.284859383852165, -29.319319263105605 ], [ -71.288959869259259, -29.323188935383943 ], [ -71.292717609392, -29.323687270205181 ], [ -71.295347674695222, -29.326409387253481 ], [ -71.293526468331621, -29.328738994543226 ], [ -71.292102818151633, -29.329701539798705 ], [ -71.290248988151433, -29.330577642799827 ], [ -71.291345298042231, -29.334123510844165 ], [ -71.295275681424712, -29.339918921196546 ], [ -71.2993930258787, -29.342099395661045 ], [ -71.305136705018256, -29.34279762527278 ], [ -71.311614322991446, -29.341895481492788 ], [ -71.312823874538452, -29.339718960116326 ], [ -71.31452994511173, -29.33673174394422 ], [ -71.315559883179048, -29.334207405392739 ], [ -71.317135564006648, -29.330520609719134 ], [ -71.317317835274338, -29.328462148522839 ], [ -71.31757654643333, -29.327254547792833 ], [ -71.317658054956794, -29.325799380617958 ], [ -71.317566868219131, -29.324297087733502 ], [ -71.317287152268491, -29.322046130883788 ], [ -71.317329001262237, -29.318837121956342 ], [ -71.317329532131239, -29.316330643336325 ], [ -71.317953875537157, -29.311056218107801 ], [ -71.318287245390351, -29.308092805238015 ], [ -71.317935694864815, -29.305191400508068 ], [ -71.315245269136739, -29.305087694999951 ], [ -71.310637732595723, -29.303663641530406 ], [ -71.306335313381908, -29.303086356231081 ], [ -71.304900179158537, -29.300303876594832 ], [ -71.303781340460816, -29.298869423314642 ], [ -71.297719643883326, -29.298507647753144 ], [ -71.29155581629314, -29.298050736388497 ], [ -71.28849857096823, -29.297727932991052 ], [ -71.288287754354343, -29.297872260403249 ], [ -71.281925368331201, -29.300513987191501 ], [ -71.27848872389842, -29.304794062885378 ], [ -71.277169732417235, -29.308052968252568 ], [ -71.271166856770392, -29.312470428058621 ], [ -71.263660284254627, -29.316678637065188 ], [ -71.25731030913019, -29.317536662859343 ], [ -71.250267786284752, -29.318546775193617 ], [ -71.246372460468919, -29.319081445700167 ], [ -71.244668621271515, -29.319485349640221 ], [ -71.241632338195402, -29.320146148435267 ], [ -71.240358526097907, -29.320636587485843 ], [ -71.234703582980742, -29.321481873059614 ] ] ] ] } },
{ "type": "Feature", "properties": { "fid": 90, "OBJECTID_1": 190, "OBJECTID": 201, "NOM_COM": "LA HIGUERA", "PROVINCIA": "ELQUI", "Z_COMUNAL": "ZONA DE PESCA ARTESANAL Y CALETAS", "USO": "INDUSTRIAL MOLESTO", "REGIONAL": "AREAS PARA ACTIVIDADES INDUSTRIALES, ECONOMICAS Y DE DESARROLLO", "Shape_Leng": 26214.3919996, "LEYENDA": "AREAS DE MANEJO Y EXPLOTACION (AMERB)", "Shape__Area": 6240241.0041503906, "Shape__Length": 26213.624083141262, "Nota": "La Zonificación de Uso del Borde Costero de la Región de Coquimbo, constituye un instrumento aún vigente, y que declara áreas con orientaciones de usos específicos, en el borde costero regional. Por lo tanto, se sugiere su uso de acuerdo a la microzonificación según se señala en todas las publicaciones, y que fué aprobada mediante Decreto Supremo Nº 518 Zonificación de Coquimbo, 12 de diciembre de 2005.", "Origen Dato": "https://gorecoquimbo.maps.arcgis.com/apps/CompareAnalysis/index.html?appid=b4f178d41fb24ab8a871596de568a2f7", "Mapa Completo": "https://www.gorecoquimbo.cl/gorecoquimbo/site/artic/20150722/asocfile/20150722092144/comunal.jpg", "Link Memoria": "https://www.gorecoquimbo.cl/gorecoquimbo/site/artic/20150722/asocfile/20150722091730/memoria_explicativa_zonifi.pdf" }, "geometry": { "type": "MultiPolygon", "coordinates": [ [ [ [ -71.46393831965672, -29.231722087670256 ], [ -71.463937059518912, -29.231724439284427 ], [ -71.463939881774536, -29.231842285228915 ], [ -71.463864924034453, -29.232079490711978 ], [ -71.463854283961268, -29.232197584785244 ], [ -71.46388393973902, -29.232314955090455 ], [ -71.463899671829139, -29.23240893369028 ], [ -71.463914265138797, -29.232455850413817 ], [ -71.463931023345921, -29.232597077890077 ], [ -71.463934410843606, -29.232738469718061 ], [ -71.463910401208651, -29.232856819236819 ], [ -71.463884708214238, -29.232904478510751 ], [ -71.463832619314289, -29.232976169788365 ], [ -71.463623304561438, -29.233215841566867 ], [ -71.463545427283549, -29.233335184706942 ], [ -71.463548250520731, -29.233453039656169 ], [ -71.463578012100868, -29.23357039903976 ], [ -71.46360822340533, -29.233711379511487 ], [ -71.463596733244898, -29.233794044694505 ], [ -71.463557848167298, -29.233853770309651 ], [ -71.463453232444778, -29.233973606191253 ], [ -71.463348237740476, -29.23408162391398 ], [ -71.463217538937599, -29.234237300929973 ], [ -71.463166588919378, -29.234356155801144 ], [ -71.46316884811462, -29.23445047566203 ], [ -71.463333544432956, -29.234588977950814 ], [ -71.463497850396251, -29.234715589070461 ], [ -71.463594744629646, -29.234831711168038 ], [ -71.463608218572901, -29.234831462836812 ], [ -71.463623837027868, -29.234925536448252 ], [ -71.463638158792889, -29.23496063311665 ], [ -71.463641546215626, -29.23510202492589 ], [ -71.463671863297805, -29.235243012406723 ], [ -71.463675250784377, -29.235384403304668 ], [ -71.463732308418628, -29.235524897895733 ], [ -71.463802932652086, -29.235665050373687 ], [ -71.463792857570397, -29.235806773297554 ], [ -71.463794551540872, -29.235877473243182 ], [ -71.463741342507959, -29.235902000383877 ], [ -71.463741908407599, -29.235925619333294 ], [ -71.46371535530308, -29.235937839999902 ], [ -71.463691062972728, -29.236044463440766 ], [ -71.463693037643466, -29.23612688133873 ], [ -71.463748402040778, -29.236196684955665 ], [ -71.463791252208893, -29.236301987818969 ], [ -71.463861866617265, -29.236442130485191 ], [ -71.46385179205538, -29.236583871432799 ], [ -71.463853202727719, -29.236642744310974 ], [ -71.463814316637837, -29.236702461015263 ], [ -71.463790306287009, -29.236820810511617 ], [ -71.463752830947783, -29.236939409099573 ], [ -71.463742189858394, -29.237057512159566 ], [ -71.463704704094638, -29.237176110026358 ], [ -71.463680597955602, -29.237294462173448 ], [ -71.463710350831406, -29.237411820679529 ], [ -71.463727108125113, -29.237552965998031 ], [ -71.463784283436013, -29.237693458308858 ], [ -71.463827959759811, -29.237834107401916 ], [ -71.463885124082125, -29.23797459985531 ], [ -71.463982291566381, -29.238102438663471 ], [ -71.464106307675451, -29.238229883459386 ], [ -71.464216670081811, -29.238345747576574 ], [ -71.464313569042147, -29.238461877862647 ], [ -71.464437020845978, -29.238565786345042 ], [ -71.464547383994272, -29.238681650140332 ], [ -71.464631655432839, -29.238833373600801 ], [ -71.464688819067703, -29.238973764600065 ], [ -71.464732521081288, -29.239114504845578 ], [ -71.464760473074705, -29.239161082121665 ], [ -71.464788261169915, -29.239195930277099 ], [ -71.464802197261733, -29.23921931256378 ], [ -71.464829974100013, -29.239254161818774 ], [ -71.464940338660213, -29.239370033324221 ], [ -71.465050892059338, -29.23949771727575 ], [ -71.465121805353746, -29.239649677699404 ], [ -71.465136305884656, -29.239696594992452 ], [ -71.465152040757545, -29.239790573216215 ], [ -71.465209186550481, -29.239931065292591 ], [ -71.465224357433769, -29.240001517467981 ], [ -71.465264657869568, -29.240000774133797 ], [ -71.465293187000682, -29.240070969981918 ], [ -71.465402989661513, -29.240163305945828 ], [ -71.465499324120486, -29.240255807261065 ], [ -71.465596687748686, -29.24039554731058 ], [ -71.46558671806855, -29.240537185266692 ], [ -71.465535768079405, -29.240656031945434 ], [ -71.465525130259593, -29.240774144889617 ], [ -71.465540289978364, -29.240844587290546 ], [ -71.465581156380892, -29.240867472678865 ], [ -71.465624577147395, -29.240996393559374 ], [ -71.465629945926807, -29.241220293837284 ], [ -71.465591330107259, -29.241291728274675 ], [ -71.465500090167779, -29.24141131910768 ], [ -71.465461193414598, -29.241471045509822 ], [ -71.465381721023462, -29.241519594297866 ], [ -71.465209293549165, -29.241617136192662 ], [ -71.465104023954609, -29.24171343830206 ], [ -71.464892988881715, -29.241882339090211 ], [ -71.464814364541581, -29.241966326324352 ], [ -71.464709636904615, -29.242086164510653 ], [ -71.464658696553911, -29.242205010726476 ], [ -71.464580909318073, -29.242324361928929 ], [ -71.464479016482642, -29.242562045463124 ], [ -71.46446848103929, -29.242680147443824 ], [ -71.464474134030837, -29.242915949724409 ], [ -71.464503794323733, -29.243033310479518 ], [ -71.464534019982793, -29.243174207154112 ], [ -71.464550874732922, -29.243315358507783 ], [ -71.464579010098063, -29.243405958762263 ], [ -71.4646382593331, -29.243596747125565 ], [ -71.464695428094601, -29.243737219931258 ], [ -71.464792613062841, -29.243865067397916 ], [ -71.464890367842443, -29.244016624733071 ], [ -71.464904972734715, -29.24406344806404 ], [ -71.464972666221428, -29.244085838785416 ], [ -71.465013542938422, -29.24410863118236 ], [ -71.465109599600751, -29.244189396573987 ], [ -71.465218275920307, -29.244234577558515 ], [ -71.465464053364215, -29.244395126971764 ], [ -71.465599846727997, -29.244451547609259 ], [ -71.465709370911213, -29.244532055046012 ], [ -71.465832830616392, -29.244635869643425 ], [ -71.465847145644503, -29.244671058990519 ], [ -71.465888306302986, -29.244705670000947 ], [ -71.465929736548901, -29.244751989201152 ], [ -71.465943779622407, -29.244775368435398 ], [ -71.465985483178585, -29.244833506711615 ], [ -71.466069772481674, -29.244985219507448 ], [ -71.466100108122134, -29.245126205670175 ], [ -71.466115731125626, -29.245220278631557 ], [ -71.466090034306703, -29.245267845494332 ], [ -71.466077689741979, -29.245315267000255 ], [ -71.466066025364569, -29.245386195225645 ], [ -71.466028445440074, -29.245504795377215 ], [ -71.466017901463786, -29.245622897535348 ], [ -71.46602072895331, -29.245740752048306 ], [ -71.466063858159458, -29.245857863769487 ], [ -71.466151259808441, -29.246139250737865 ], [ -71.466152390170578, -29.246186405538765 ], [ -71.466207289757634, -29.246232577088325 ], [ -71.466248734563564, -29.246278997821211 ], [ -71.466289601945746, -29.246301780924991 ], [ -71.466371043702694, -29.246335648347692 ], [ -71.466411378459171, -29.246334903933548 ], [ -71.466506015106162, -29.246356786605599 ], [ -71.466640964000462, -29.2463778421447 ], [ -71.466775630277652, -29.246387162526116 ], [ -71.466910579484761, -29.246408227705981 ], [ -71.467045246454873, -29.246417574863383 ], [ -71.467180195282268, -29.24643862082884 ], [ -71.467315426836208, -29.246471485565909 ], [ -71.467584194082235, -29.246466523079217 ], [ -71.46771886173353, -29.246475851495578 ], [ -71.46798886605356, -29.246518041876445 ], [ -71.4680836913642, -29.246551661054941 ], [ -71.468111765283638, -29.246598318185924 ], [ -71.468152633384349, -29.246621109703842 ], [ -71.46816723111823, -29.246668025638069 ], [ -71.468207817674511, -29.24667909112992 ], [ -71.468235502182324, -29.246713940318184 ], [ -71.468345596464204, -29.246817999208659 ], [ -71.468566256337326, -29.247049738184572 ], [ -71.46864998610252, -29.247177913109333 ], [ -71.468747172074274, -29.247305839382665 ], [ -71.468766682550154, -29.247347638748913 ], [ -71.468818106456723, -29.247457806788706 ], [ -71.468888631719736, -29.247597957582766 ], [ -71.468932343959651, -29.247738695732203 ], [ -71.468920954242407, -29.247821452185214 ], [ -71.468947791293274, -29.247820956356279 ], [ -71.468949205509631, -29.247879828007409 ], [ -71.468939135878315, -29.248021476794573 ], [ -71.468928595209192, -29.248139578057966 ], [ -71.468916925891335, -29.248166804107139 ], [ -71.468877659630763, -29.24825851855195 ], [ -71.468881904338971, -29.248435263368389 ], [ -71.468923340518543, -29.248481664387079 ], [ -71.468936711318577, -29.248481417351339 ], [ -71.468979951074076, -29.248598525865873 ], [ -71.468994160724463, -29.248633624722363 ], [ -71.46903587792923, -29.248691760729123 ], [ -71.469103123806065, -29.248690518234362 ], [ -71.469130812457678, -29.248725460035857 ], [ -71.469144571145847, -29.248736946934194 ], [ -71.469212655745665, -29.24877104125806 ], [ -71.469467962161247, -29.24876632346329 ], [ -71.469507710656444, -29.248742042614953 ], [ -71.469507145129214, -29.24871850677199 ], [ -71.469547448850264, -29.248717761945837 ], [ -71.469587467783157, -29.248705208177419 ], [ -71.469666941872887, -29.248656554808985 ], [ -71.469719871888429, -29.248620215193004 ], [ -71.469840897043056, -29.248617978383145 ], [ -71.469976133192986, -29.248650840176833 ], [ -71.470030365279442, -29.248673476965791 ], [ -71.470046389614467, -29.248779273035272 ], [ -71.470048372379409, -29.248861772437607 ], [ -71.470009483955849, -29.248921407948995 ], [ -71.469918233015349, -29.249041001963597 ], [ -71.469905334148194, -29.249064869662355 ], [ -71.469838183669367, -29.249066109905883 ], [ -71.469825566815246, -29.249101713504992 ], [ -71.469785544527639, -29.249114175394926 ], [ -71.469772363081134, -29.249126243134459 ], [ -71.469666606386042, -29.249198919591706 ], [ -71.469560473174724, -29.249259871731539 ], [ -71.469468937838087, -29.249367663747211 ], [ -71.469329862534224, -29.249735769239447 ], [ -71.469326644195533, -29.249748243718273 ], [ -71.469317624821585, -29.249783180886919 ], [ -71.469264409299598, -29.249807710548748 ], [ -71.46905394347489, -29.250000227902817 ], [ -71.468908071449249, -29.250085468241299 ], [ -71.468587214272162, -29.250162219015817 ], [ -71.468479944526692, -29.25017592283843 ], [ -71.468373066736746, -29.250201535472176 ], [ -71.468158059865004, -29.250205506963567 ], [ -71.467995595460224, -29.250161313141536 ], [ -71.467832672584095, -29.250093609242899 ], [ -71.46718191003923, -29.249869801183049 ], [ -71.467018985871093, -29.249802003352336 ], [ -71.466896272278063, -29.249733537867357 ], [ -71.466774218558058, -29.249688614516771 ], [ -71.466612711092395, -29.249679863748288 ], [ -71.466451380200979, -29.24968284163716 ], [ -71.46628958838852, -29.249662198521566 ], [ -71.465967031415019, -29.249668150484755 ], [ -71.465805252167257, -29.249647598561236 ], [ -71.465480999826212, -29.249582839705393 ], [ -71.465319102370998, -29.249562197346737 ], [ -71.465157593103996, -29.249553361840245 ], [ -71.465103823347533, -29.249554353769557 ], [ -71.464997123505995, -29.249591774637697 ], [ -71.464890231497478, -29.249617283716418 ], [ -71.464784094001146, -29.249678158288617 ], [ -71.464780448136935, -29.249679435285277 ], [ -71.46467749753252, -29.249715567982385 ], [ -71.464571076367449, -29.249764623487131 ], [ -71.464464091875598, -29.249790234978882 ], [ -71.464358330669342, -29.249862916504497 ], [ -71.4642527587079, -29.24994740055898 ], [ -71.464146902589121, -29.250020083678443 ], [ -71.463936426146205, -29.250212593552206 ], [ -71.463830947021833, -29.250297074683786 ], [ -71.463725090475151, -29.25036976742323 ], [ -71.463512343466633, -29.250468050170024 ], [ -71.463405639818987, -29.250505377875907 ], [ -71.463298476029621, -29.25051917755852 ], [ -71.463190925049304, -29.250521159247498 ], [ -71.463083656105795, -29.250534951676393 ], [ -71.462976199688896, -29.250536931449943 ], [ -71.462869211707158, -29.250562449755911 ], [ -71.462762507474764, -29.250599767949637 ], [ -71.462656473672169, -29.250660731018733 ], [ -71.462577549195402, -29.250732916618244 ], [ -71.46255145232486, -29.250768759034408 ], [ -71.462459354162931, -29.250853002470738 ], [ -71.462300950665224, -29.25097382825615 ], [ -71.462154786970416, -29.251047243608223 ], [ -71.462048459916133, -29.25109638747892 ], [ -71.461941753982998, -29.251133714100504 ], [ -71.461834485405433, -29.251147514570587 ], [ -71.4617276010881, -29.2511730201626 ], [ -71.461514179910608, -29.251247691941089 ], [ -71.461488198511077, -29.25128352301887 ], [ -71.461422457676761, -29.251343732989334 ], [ -71.461344565613189, -29.251463075513545 ], [ -71.461307083329061, -29.251581672759201 ], [ -71.461309906129827, -29.251699528487428 ], [ -71.461326195288564, -29.251817154205149 ], [ -71.461356419698802, -29.251958032599383 ], [ -71.461400123090655, -29.25209877364987 ], [ -71.461416976781095, -29.2522399163595 ], [ -71.461420364718876, -29.252381400035194 ], [ -71.461409720716048, -29.252499503815937 ], [ -71.46138371862456, -29.252535343382473 ], [ -71.461358583711515, -29.252606528457409 ], [ -71.46133192346926, -29.252618843703289 ], [ -71.461292181706241, -29.252643122118005 ], [ -71.461213526129583, -29.252727108147372 ], [ -71.461015575132251, -29.252884030609714 ], [ -71.46089690785675, -29.252980577555864 ], [ -71.460724738052562, -29.253089840052887 ], [ -71.460619452039012, -29.253186140338631 ], [ -71.46054108757491, -29.253281850975124 ], [ -71.46046357075241, -29.253413010299784 ], [ -71.46047817731457, -29.253459917054371 ], [ -71.460426086892411, -29.253531607368576 ], [ -71.460406364714117, -29.253561826358947 ], [ -71.460348192139605, -29.253650948540276 ], [ -71.46029733652496, -29.25376979270106 ], [ -71.46030942502901, -29.253857612101452 ], [ -71.460197765495423, -29.254036214844959 ], [ -71.46021727093553, -29.25417245095819 ], [ -71.460247132973777, -29.254311451730121 ], [ -71.460290176609817, -29.254450126777236 ], [ -71.460306782340666, -29.254589371617165 ], [ -71.460312903686528, -29.254845017628597 ], [ -71.460302419374273, -29.254961510820259 ], [ -71.46028998779876, -29.254996638431884 ], [ -71.460317633392037, -29.255042585197305 ], [ -71.460344435401538, -29.255053730882604 ], [ -71.460480883057599, -29.255213955264342 ], [ -71.46050785803348, -29.255236745964062 ], [ -71.460512032008296, -29.255411045307131 ], [ -71.460473460657099, -29.255458303442857 ], [ -71.460434214901881, -29.255482211662152 ], [ -71.460278315320963, -29.255613002837958 ], [ -71.460251492601287, -29.255601857527086 ], [ -71.460225526175677, -29.255625614087581 ], [ -71.460146319344005, -29.255638711741838 ], [ -71.460107929474717, -29.255697512735484 ], [ -71.46008110674812, -29.255686367390734 ], [ -71.459994475111785, -29.25594380416964 ], [ -71.459995308544833, -29.255978613551719 ], [ -71.460010246635477, -29.256048164784058 ], [ -71.460037056967877, -29.256059218350533 ], [ -71.460050581735445, -29.256070599524101 ], [ -71.460053642219378, -29.256198463575053 ], [ -71.460032631478313, -29.2562373612366 ], [ -71.460018228516248, -29.256246920115345 ], [ -71.459935756166502, -29.25625873813334 ], [ -71.459842468936145, -29.256237269236795 ], [ -71.45971020376426, -29.256251342581564 ], [ -71.459277626157274, -29.25620923757338 ], [ -71.459178718988724, -29.25620293804009 ], [ -71.45916600889457, -29.256226450415465 ], [ -71.459140031555947, -29.256250197958874 ], [ -71.459114619199497, -29.256297121519982 ], [ -71.459064726775452, -29.25642596926361 ], [ -71.459014450687178, -29.256543175812617 ], [ -71.458975865743753, -29.256590341786993 ], [ -71.458870124034036, -29.256603936094177 ], [ -71.458857413586941, -29.25662743852698 ], [ -71.458541028501429, -29.25670299412587 ], [ -71.458501237520807, -29.256703726319479 ], [ -71.45827315865543, -29.256591640805809 ], [ -71.458206381729042, -29.256569590978696 ], [ -71.45817734725793, -29.256465575141341 ], [ -71.458149979117451, -29.256431160997295 ], [ -71.458069102901149, -29.256374563785961 ], [ -71.457976360006171, -29.256376269086999 ], [ -71.45791058925802, -29.256400656451454 ], [ -71.457871449612796, -29.256424654919186 ], [ -71.457792135613587, -29.256437743258608 ], [ -71.457779252774031, -29.256449619468082 ], [ -71.457713484341866, -29.256474107734345 ], [ -71.457687236351404, -29.256486127844614 ], [ -71.457370853057228, -29.256561782592165 ], [ -71.457318721950045, -29.256597557133773 ], [ -71.457266777919145, -29.256645069382753 ], [ -71.457254066082228, -29.256668572605282 ], [ -71.457229026821054, -29.256727136327832 ], [ -71.457216594241672, -29.256762273638316 ], [ -71.457206113998353, -29.256878655672882 ], [ -71.457192846874662, -29.256878899670667 ], [ -71.45715472501962, -29.256949427108925 ], [ -71.457063916469338, -29.257032469775211 ], [ -71.456957338033618, -29.257011151276302 ], [ -71.456917268670423, -29.257000248893753 ], [ -71.456915881274099, -29.256942189228305 ], [ -71.456714326100609, -29.256829604233946 ], [ -71.456566952485247, -29.256762579644718 ], [ -71.456553685370167, -29.256762823578178 ], [ -71.45651082682204, -29.256635690107291 ], [ -71.456506382287216, -29.256449756136245 ], [ -71.456491736909783, -29.256391922167854 ], [ -71.456398149393308, -29.256358734131421 ], [ -71.456331918954547, -29.256359951758295 ], [ -71.456146594886235, -29.256374997041789 ], [ -71.456078984355031, -29.256318052771682 ], [ -71.45606238584233, -29.256178890076971 ], [ -71.456033073344827, -29.256063147535993 ], [ -71.456032517134986, -29.256039879293628 ], [ -71.456044117941545, -29.255969931684209 ], [ -71.45601508364274, -29.25586582325289 ], [ -71.455974842632187, -29.255843284484769 ], [ -71.455974010543486, -29.255808474094991 ], [ -71.45593337549262, -29.255774312343096 ], [ -71.455820952983615, -29.255787371170801 ], [ -71.455814377098719, -29.255788138862648 ], [ -71.455709190247305, -29.25582497997468 ], [ -71.455603734610946, -29.255850104617458 ], [ -71.455499381522486, -29.255921838932398 ], [ -71.455394748508283, -29.255981866006593 ], [ -71.45530421726157, -29.256076541647538 ], [ -71.455266370123468, -29.256158609862357 ], [ -71.455240774743615, -29.256193988899668 ], [ -71.455227507688676, -29.256194232697226 ], [ -71.455230284193817, -29.256310463983549 ], [ -71.455219802937535, -29.256426854997372 ], [ -71.45519438058804, -29.256473869182781 ], [ -71.455143094061398, -29.256544545995141 ], [ -71.455156811270669, -29.256567572405494 ], [ -71.455091425744655, -29.256603682585578 ], [ -71.45506516974315, -29.256615813301906 ], [ -71.454998393130012, -29.256593751911645 ], [ -71.4549699154135, -29.256512902451842 ], [ -71.454956092553729, -29.256489886982642 ], [ -71.454902862384586, -29.256479225795637 ], [ -71.454770584562525, -29.25649329541378 ], [ -71.454399473859155, -29.25650011234104 ], [ -71.454214253937707, -29.256515153046553 ], [ -71.454107955385695, -29.256505466323183 ], [ -71.453921891721308, -29.256485614318724 ], [ -71.453868833580486, -29.256486588797504 ], [ -71.453829692631786, -29.256510576218385 ], [ -71.453776912329332, -29.256523184801402 ], [ -71.45373767456519, -29.256547082859807 ], [ -71.453724513364534, -29.256547324565741 ], [ -71.453686655906751, -29.256629494515249 ], [ -71.453660410807728, -29.256641615740353 ], [ -71.453648251585477, -29.256688294071484 ], [ -71.453662905529086, -29.256746120136668 ], [ -71.453668735004612, -29.256990215260004 ], [ -71.453563268671104, -29.257015439588301 ], [ -71.453457524024557, -29.257029011659629 ], [ -71.453352621876348, -29.257077392991302 ], [ -71.453326087500685, -29.257077880223704 ], [ -71.453311986887016, -29.257043221408342 ], [ -71.453205422928491, -29.257022009672657 ], [ -71.453177882280542, -29.256975958371275 ], [ -71.453137802963099, -29.256965055018718 ], [ -71.453110448766253, -29.256930731540308 ], [ -71.45296140062122, -29.256793917089198 ], [ -71.452800389909598, -29.256715508376399 ], [ -71.45274733160548, -29.256716482417026 ], [ -71.452680545073306, -29.256694420932806 ], [ -71.452627325246539, -29.256683758642367 ], [ -71.452560158777942, -29.256650174881454 ], [ -71.452558770401538, -29.256592013146108 ], [ -71.452518519490411, -29.256569473499304 ], [ -71.452370487578023, -29.256479187651419 ], [ -71.452235446142112, -29.25637701403048 ], [ -71.452140473645329, -29.25628574413177 ], [ -71.452126930862093, -29.256274436426857 ], [ -71.452120828799437, -29.256018715838 ], [ -71.452079364077875, -29.255949742353021 ], [ -71.452037737960936, -29.25586913256242 ], [ -71.451957418385234, -29.255835707757683 ], [ -71.451809943849867, -29.2557686705495 ], [ -71.451742508711192, -29.255723359997681 ], [ -71.451727673825829, -29.255653888710036 ], [ -71.45172739642787, -29.255642263567879 ], [ -71.451699764213771, -29.255596296587679 ], [ -71.451659696282491, -29.255585410594481 ], [ -71.451645318858723, -29.255539117390672 ], [ -71.451523536344482, -29.255436709593035 ], [ -71.451349078641144, -29.255346897432432 ], [ -71.451308735255438, -29.255324460121503 ], [ -71.451163019527883, -29.255327133402101 ], [ -71.450977693813215, -29.255342079470672 ], [ -71.45076677343215, -29.255392496425838 ], [ -71.450661584860427, -29.255429333645406 ], [ -71.450609174512351, -29.255453481425615 ], [ -71.450557515240902, -29.255512615281948 ], [ -71.450517819085221, -29.255513343337341 ], [ -71.450560286388949, -29.255628846987495 ], [ -71.450640603664809, -29.255662199629452 ], [ -71.450668237183507, -29.255708239895654 ], [ -71.45071052206832, -29.255812116594317 ], [ -71.450700590453877, -29.255951766877438 ], [ -71.450701700241581, -29.255998294531597 ], [ -71.450755482669862, -29.256032133792434 ], [ -71.450769027472575, -29.256043533624407 ], [ -71.450835917688863, -29.25606557615717 ], [ -71.450862441569868, -29.256065089622911 ], [ -71.450942482703425, -29.256086890868126 ], [ -71.451036899949216, -29.256154893346714 ], [ -71.451090962090049, -29.25620044958406 ], [ -71.451104782069294, -29.256223381646297 ], [ -71.451160613119825, -29.256338639894469 ], [ -71.451229883061799, -29.256465289912487 ], [ -71.451350556515763, -29.256521171183493 ], [ -71.451431707287469, -29.256589416754039 ], [ -71.451458519168199, -29.256600564065192 ], [ -71.451449134652535, -29.256763574838104 ], [ -71.451423525288789, -29.256798861438607 ], [ -71.451397556407585, -29.25682261641596 ], [ -71.451358875055163, -29.256869864192186 ], [ -71.451333181744687, -29.256905170359957 ], [ -71.451306743005588, -29.256905655434377 ], [ -71.451241815288711, -29.256965033896705 ], [ -71.451173641441073, -29.256884817972917 ], [ -71.451158455344896, -29.256803723735203 ], [ -71.451032503036402, -29.25652700528963 ], [ -71.450991879495433, -29.256492841768544 ], [ -71.45096516450657, -29.256481785501993 ], [ -71.450884473612703, -29.256436726711705 ], [ -71.450736538379658, -29.25634641826424 ], [ -71.450575529675476, -29.256267997705191 ], [ -71.450495764696143, -29.256257821414938 ], [ -71.450481676675295, -29.256223171044002 ], [ -71.450388922098725, -29.256224872182713 ], [ -71.450202861249153, -29.256205097881743 ], [ -71.450016416140059, -29.256173607205746 ], [ -71.449830630842513, -29.256165383591433 ], [ -71.449645410174838, -29.256180409847104 ], [ -71.449539111312149, -29.256170728476039 ], [ -71.449353498234871, -29.256174130377964 ], [ -71.449167158045853, -29.256142628458832 ], [ -71.448896759730616, -29.256063550569081 ], [ -71.448900577568836, -29.256764321883555 ], [ -71.448883955207435, -29.259008754480529 ], [ -71.448903579272013, -29.259832067812113 ], [ -71.448929365909322, -29.260913891118793 ], [ -71.451226193878881, -29.261671049151289 ], [ -71.452711188836943, -29.262197141261236 ], [ -71.4555709481576, -29.26303610529061 ], [ -71.457069789808514, -29.261596247433605 ], [ -71.459190580604371, -29.259443637045013 ], [ -71.461179930739192, -29.257397792180207 ], [ -71.46158147155613, -29.257017884184709 ], [ -71.461568202700732, -29.256463981694036 ], [ -71.461737315094481, -29.25572350291894 ], [ -71.462188561215953, -29.255059743446086 ], [ -71.46306394721114, -29.254552029154958 ], [ -71.464039590368913, -29.254329229468087 ], [ -71.464927737983501, -29.254353808723707 ], [ -71.466152549701349, -29.254781832478681 ], [ -71.466870655123088, -29.255505929627578 ], [ -71.46726288220259, -29.256277027628006 ], [ -71.46728156274429, -29.257055003041167 ], [ -71.467161143156829, -29.257876525083336 ], [ -71.466570826984011, -29.258583817081611 ], [ -71.468931876443719, -29.263189511536524 ], [ -71.473785442769412, -29.27256798861201 ], [ -71.487627491792765, -29.278059463918943 ], [ -71.492711520288239, -29.273722441900603 ], [ -71.495770093429797, -29.271175320565774 ], [ -71.493834329810653, -29.265094049229951 ], [ -71.492318550887958, -29.260418985295612 ], [ -71.491296438938008, -29.257302477679772 ], [ -71.489192585781296, -29.255835375041833 ], [ -71.487407885157793, -29.254516006759793 ], [ -71.485372746732949, -29.252986084811884 ], [ -71.483696953967694, -29.251818337474255 ], [ -71.482733840914847, -29.251129193567508 ], [ -71.482393065893874, -29.250842735384339 ], [ -71.481946679256652, -29.250467507444359 ], [ -71.480408155167837, -29.249174215783064 ], [ -71.480070796834667, -29.249003054167144 ], [ -71.47998326092673, -29.249118547763146 ], [ -71.479022523545382, -29.249955658021459 ], [ -71.477585971297984, -29.250432918750214 ], [ -71.476374975405335, -29.25057824993895 ], [ -71.47487396873737, -29.250319307192719 ], [ -71.473692910094996, -29.249767667617043 ], [ -71.472743333172971, -29.24912980671516 ], [ -71.472256735727342, -29.248319520680326 ], [ -71.47194948539088, -29.247698563090299 ], [ -71.471153314208834, -29.247685639224063 ], [ -71.47119365864539, -29.240614412126078 ], [ -71.471168791632977, -29.235204423251371 ], [ -71.471104049239912, -29.231331110105259 ], [ -71.469685950348264, -29.23131009126368 ], [ -71.469105264594162, -29.231301612652775 ], [ -71.467783189620434, -29.231282273101922 ], [ -71.464588999857142, -29.231278241593913 ], [ -71.464200820106043, -29.23155297010085 ], [ -71.46393831965672, -29.231722087670256 ] ], [ [ -71.470231519356233, -29.253457069962558 ], [ -71.469926385455295, -29.253200532569881 ], [ -71.470148942055857, -29.253130879273854 ], [ -71.470365975223743, -29.252831915527128 ], [ -71.470611701247734, -29.252171938601503 ], [ -71.471207777143348, -29.252095377726079 ], [ -71.471917487425884, -29.252082251181083 ], [ -71.472636663907309, -29.252462202698769 ], [ -71.472640604907298, -29.252625983767246 ], [ -71.472611128895835, -29.252954246232946 ], [ -71.474766314773618, -29.253995824470117 ], [ -71.475622296352313, -29.253848880530754 ], [ -71.476854971090958, -29.253826038521893 ], [ -71.477415271702569, -29.253815651814964 ], [ -71.47775936119892, -29.254136988649982 ], [ -71.47817182619346, -29.254194879017799 ], [ -71.478590623354833, -29.254514827891029 ], [ -71.47896416223152, -29.254507898926402 ], [ -71.479524476973666, -29.254497502950521 ], [ -71.480277079735629, -29.254712937531085 ], [ -71.480954201422989, -29.25489699538355 ], [ -71.481373799734499, -29.255249694062307 ], [ -71.482011195794698, -29.255336170455166 ], [ -71.4826120253082, -29.255456097110407 ], [ -71.482956125626075, -29.255777418477088 ], [ -71.483002981114169, -29.2561698029273 ], [ -71.482860685284777, -29.256467397068327 ], [ -71.483014854956267, -29.256661160038256 ], [ -71.483233449575948, -29.256427696365222 ], [ -71.483420217209286, -29.256424224956511 ], [ -71.48376115574645, -29.256614515317008 ], [ -71.484094176484632, -29.256477236600954 ], [ -71.484248348608446, -29.256671007023971 ], [ -71.484709283528289, -29.257186778874928 ], [ -71.484957969155829, -29.258198064194673 ], [ -71.48572092153681, -29.258839303281576 ], [ -71.486560968235906, -29.259577415180427 ], [ -71.486570482057999, -29.25997050159631 ], [ -71.486354277308024, -29.260302239555909 ], [ -71.486361411860159, -29.260597047852063 ], [ -71.486260443729648, -29.261057729089643 ], [ -71.486421762278226, -29.261546303577202 ], [ -71.486772238728022, -29.26212966110668 ], [ -71.486753910455391, -29.262916519922243 ], [ -71.48691840722401, -29.263536112450044 ], [ -71.487378595218132, -29.2640191219493 ], [ -71.487276032573732, -29.264414284885735 ], [ -71.487134543282849, -29.264744633925154 ], [ -71.487140888262374, -29.265006690927525 ], [ -71.487295862780655, -29.265233206711358 ], [ -71.487340361873564, -29.265527318014041 ], [ -71.487156751145918, -29.265661814888418 ], [ -71.48720679318896, -29.266185233333253 ], [ -71.487259226028598, -29.266806912350045 ], [ -71.487041413914, -29.267073133070923 ], [ -71.486705984893945, -29.267112151752453 ], [ -71.486258482689706, -29.267153254762608 ], [ -71.485597918141508, -29.267657114004294 ], [ -71.484601925850285, -29.268199992761986 ], [ -71.483643262549975, -29.268742161358595 ], [ -71.482749811050127, -29.268889857606673 ], [ -71.481885803231293, -29.268709275793118 ], [ -71.480978896815884, -29.268300093185907 ], [ -71.480747635205361, -29.268009446950082 ], [ -71.480404278352111, -29.26772088183079 ], [ -71.480102250334525, -29.267595401607341 ], [ -71.479618170018966, -29.267669926529909 ], [ -71.478862288122386, -29.267323474749819 ], [ -71.478150105786625, -29.267238364805245 ], [ -71.477803608624512, -29.26681877136274 ], [ -71.477385550609284, -29.266531574543073 ], [ -71.477043008217493, -29.266275758956041 ], [ -71.476674164690181, -29.266479225521849 ], [ -71.476300580629385, -29.266486150677331 ], [ -71.476182979041553, -29.266258928449368 ], [ -71.475914363201952, -29.265968965444738 ], [ -71.475229280332044, -29.265457316207844 ], [ -71.474815970638886, -29.265366650347641 ], [ -71.474520269585568, -29.265503216097773 ], [ -71.474486064729277, -29.265634937481785 ], [ -71.474185617371049, -29.265574962846308 ], [ -71.473881235081677, -29.265351187788262 ], [ -71.473309827499577, -29.264902972613047 ], [ -71.47267079919925, -29.264750939051449 ], [ -71.472365624103148, -29.264494418990665 ], [ -71.472310918694149, -29.26377444935347 ], [ -71.472589282501275, -29.262917237281993 ], [ -71.47257351403502, -29.262262096793261 ], [ -71.472936044255107, -29.261796590934054 ], [ -71.473141256747212, -29.261006280910362 ], [ -71.473005532310268, -29.260025634435511 ], [ -71.472986609827331, -29.259239463392102 ], [ -71.472788797860218, -29.25878431922531 ], [ -71.47243367067253, -29.258004378223429 ], [ -71.471849702704475, -29.257032014019025 ], [ -71.471436430124115, -29.256941353442048 ], [ -71.470726687068975, -29.256954479392181 ], [ -71.470458899888058, -29.256697262183472 ], [ -71.47006645101213, -29.25591799472144 ], [ -71.470128567569787, -29.255392500962945 ], [ -71.470340869427417, -29.254896996447563 ], [ -71.47021305927619, -29.25424392495129 ], [ -71.470231519356233, -29.253457069962558 ] ] ] ] } },
{ "type": "Feature", "properties": { "fid": 91, "OBJECTID_1": 11, "OBJECTID": 11, "NOM_COM": "LA HIGUERA", "PROVINCIA": "ELQUI", "Z_COMUNAL": "ZONA DE ASENTAMIENTOS HUMANOS", "USO": "AREAS APROPIADAS PARA LA ACUICULTURA (AAA)", "REGIONAL": "AREAS EN LAS CUALES EXISTEN ASENTAMIENTOS HUMANOS", "Shape_Leng": 26880.2766261, "LEYENDA": "TURISMO INMOBILIARIO", "Shape__Area": 10082777.620361328, "Shape__Length": 26879.489752083788, "Nota": "La Zonificación de Uso del Borde Costero de la Región de Coquimbo, constituye un instrumento aún vigente, y que declara áreas con orientaciones de usos específicos, en el borde costero regional. Por lo tanto, se sugiere su uso de acuerdo a la microzonificación según se señala en todas las publicaciones, y que fué aprobada mediante Decreto Supremo Nº 518 Zonificación de Coquimbo, 12 de diciembre de 2005.", "Origen Dato": "https://gorecoquimbo.maps.arcgis.com/apps/CompareAnalysis/index.html?appid=b4f178d41fb24ab8a871596de568a2f7", "Mapa Completo": "https://www.gorecoquimbo.cl/gorecoquimbo/site/artic/20150722/asocfile/20150722092144/comunal.jpg", "Link Memoria": "https://www.gorecoquimbo.cl/gorecoquimbo/site/artic/20150722/asocfile/20150722091730/memoria_explicativa_zonifi.pdf" }, "geometry": { "type": "MultiPolygon", "coordinates": [ [ [ [ -71.44409780551311, -29.233614460263198 ], [ -71.444632320839617, -29.233684712557508 ], [ -71.442946541579516, -29.23545659809167 ], [ -71.442262662556743, -29.236109589786359 ], [ -71.439472029716811, -29.237703145949677 ], [ -71.437130259043855, -29.239144126060324 ], [ -71.433538556623461, -29.241230305239885 ], [ -71.431520933277014, -29.242466811177703 ], [ -71.430664377099518, -29.244966438564045 ], [ -71.429909682024416, -29.246979936969421 ], [ -71.429531332588809, -29.248838456559259 ], [ -71.447756174636382, -29.246638522135054 ], [ -71.447787034683927, -29.243297263257109 ], [ -71.453561063878226, -29.240044365942843 ], [ -71.458291710843611, -29.241651997708576 ], [ -71.463130541600378, -29.243160633737347 ], [ -71.464579010098063, -29.243405958762263 ], [ -71.464550874732922, -29.243315358507783 ], [ -71.464534019982793, -29.243174207154112 ], [ -71.464503794323733, -29.243033310479518 ], [ -71.464474134030837, -29.242915949724409 ], [ -71.46446848103929, -29.242680147443824 ], [ -71.464479016482642, -29.242562045463124 ], [ -71.464580909318073, -29.242324361928929 ], [ -71.464658696553911, -29.242205010726476 ], [ -71.464709636904615, -29.242086164510653 ], [ -71.464814364541581, -29.241966326324352 ], [ -71.464892988881715, -29.241882339090211 ], [ -71.465104023954609, -29.24171343830206 ], [ -71.465209293549165, -29.241617136192662 ], [ -71.465381721023462, -29.241519594297866 ], [ -71.465461193414598, -29.241471045509822 ], [ -71.465500090167779, -29.24141131910768 ], [ -71.465591330107259, -29.241291728274675 ], [ -71.465629945926807, -29.241220293837284 ], [ -71.465624577147395, -29.240996393559374 ], [ -71.465581156380892, -29.240867472678865 ], [ -71.465540289978364, -29.240844587290546 ], [ -71.465525130259593, -29.240774144889617 ], [ -71.465535768079405, -29.240656031945434 ], [ -71.46558671806855, -29.240537185266692 ], [ -71.465596687748686, -29.24039554731058 ], [ -71.465499324120486, -29.240255807261065 ], [ -71.465402989661513, -29.240163305945828 ], [ -71.465293187000682, -29.240070969981918 ], [ -71.465264657869568, -29.240000774133797 ], [ -71.465224357433769, -29.240001517467981 ], [ -71.465209186550481, -29.239931065292591 ], [ -71.465152040757545, -29.239790573216215 ], [ -71.465136305884656, -29.239696594992452 ], [ -71.465121805353746, -29.239649677699404 ], [ -71.465050892059338, -29.23949771727575 ], [ -71.464940338660213, -29.239370033324221 ], [ -71.464829974100013, -29.239254161818774 ], [ -71.464802197261733, -29.23921931256378 ], [ -71.464788261169915, -29.239195930277099 ], [ -71.464760473074705, -29.239161082121665 ], [ -71.464732521081288, -29.239114504845578 ], [ -71.464688819067703, -29.238973764600065 ], [ -71.464631655432839, -29.238833373600801 ], [ -71.464547383994272, -29.238681650140332 ], [ -71.464437020845978, -29.238565786345042 ], [ -71.464313569042147, -29.238461877862647 ], [ -71.464216670081811, -29.238345747576574 ], [ -71.464106307675451, -29.238229883459386 ], [ -71.463982291566381, -29.238102438663471 ], [ -71.463885124082125, -29.23797459985531 ], [ -71.463827959759811, -29.237834107401916 ], [ -71.463784283436013, -29.237693458308858 ], [ -71.463727108125113, -29.237552965998031 ], [ -71.463710350831406, -29.237411820679529 ], [ -71.463680597955602, -29.237294462173448 ], [ -71.463704704094638, -29.237176110026358 ], [ -71.463742189858394, -29.237057512159566 ], [ -71.463752830947783, -29.236939409099573 ], [ -71.463790306287009, -29.236820810511617 ], [ -71.463814316637837, -29.236702461015263 ], [ -71.463853202727719, -29.236642744310974 ], [ -71.46385179205538, -29.236583871432799 ], [ -71.463861866617265, -29.236442130485191 ], [ -71.463791252208893, -29.236301987818969 ], [ -71.463748402040778, -29.236196684955665 ], [ -71.463693037643466, -29.23612688133873 ], [ -71.463691062972728, -29.236044463440766 ], [ -71.46371535530308, -29.235937839999902 ], [ -71.463741908407599, -29.235925619333294 ], [ -71.463741342507959, -29.235902000383877 ], [ -71.463794551540872, -29.235877473243182 ], [ -71.463792857570397, -29.235806773297554 ], [ -71.463802932652086, -29.235665050373687 ], [ -71.463732308418628, -29.235524897895733 ], [ -71.463675250784377, -29.235384403304668 ], [ -71.463671863297805, -29.235243012406723 ], [ -71.463641546215626, -29.23510202492589 ], [ -71.463638158792889, -29.23496063311665 ], [ -71.463623837027868, -29.234925536448252 ], [ -71.463608218572901, -29.234831462836812 ], [ -71.463594744629646, -29.234831711168038 ], [ -71.463497850396251, -29.234715589070461 ], [ -71.463333544432956, -29.234588977950814 ], [ -71.46316884811462, -29.23445047566203 ], [ -71.463166588919378, -29.234356155801144 ], [ -71.463217538937599, -29.234237300929973 ], [ -71.463348237740476, -29.23408162391398 ], [ -71.463453232444778, -29.233973606191253 ], [ -71.463557848167298, -29.233853770309651 ], [ -71.463596733244898, -29.233794044694505 ], [ -71.46360822340533, -29.233711379511487 ], [ -71.463578012100868, -29.23357039903976 ], [ -71.463548250520731, -29.233453039656169 ], [ -71.463545427283549, -29.233335184706942 ], [ -71.463623304561438, -29.233215841566867 ], [ -71.463832619314289, -29.232976169788365 ], [ -71.463884708214238, -29.232904478510751 ], [ -71.463910401208651, -29.232856819236819 ], [ -71.463934410843606, -29.232738469718061 ], [ -71.463931023345921, -29.232597077890077 ], [ -71.463914265138797, -29.232455850413817 ], [ -71.463899671829139, -29.23240893369028 ], [ -71.46388393973902, -29.232314955090455 ], [ -71.463854283961268, -29.232197584785244 ], [ -71.463864924034453, -29.232079490711978 ], [ -71.463939881774536, -29.231842285228915 ], [ -71.463937059518912, -29.231724439284427 ], [ -71.46393831965672, -29.231722087670256 ], [ -71.463962762515678, -29.231676779822187 ], [ -71.463960714127339, -29.231591278878216 ], [ -71.463713671298436, -29.231656530779691 ], [ -71.459006436222367, -29.231788299930756 ], [ -71.458860410560206, -29.227830758776282 ], [ -71.45948764258172, -29.226105227938053 ], [ -71.460053538475464, -29.223965855005158 ], [ -71.461355992324428, -29.222525589920114 ], [ -71.463299217844394, -29.220360846415172 ], [ -71.465240419759112, -29.218114926831756 ], [ -71.46691115234556, -29.216171668117433 ], [ -71.46861860898882, -29.214047294609518 ], [ -71.468907070686924, -29.214562299539399 ], [ -71.46996119793765, -29.214272583981611 ], [ -71.470669742238314, -29.213808540690852 ], [ -71.471577306195869, -29.213070213335385 ], [ -71.472957911429546, -29.212052558505412 ], [ -71.474407005110237, -29.211033624125765 ], [ -71.477571897080907, -29.208690138134855 ], [ -71.477668871601807, -29.208447825543526 ], [ -71.477541072075468, -29.205984903802651 ], [ -71.479890718179931, -29.205370127826903 ], [ -71.480810428400957, -29.205142627017221 ], [ -71.482722734398692, -29.204866632468026 ], [ -71.483181589610368, -29.206842368127674 ], [ -71.483803200977079, -29.207041283602472 ], [ -71.48404353627437, -29.207169266965938 ], [ -71.4841667745835, -29.207166978951207 ], [ -71.484194168866139, -29.207190025435963 ], [ -71.484328509268465, -29.207187530160692 ], [ -71.484382824889536, -29.207210058501744 ], [ -71.484430183048701, -29.207209178806526 ], [ -71.484454043865554, -29.20720489344129 ], [ -71.484543519265586, -29.207183537127598 ], [ -71.484583520003483, -29.207170969946755 ], [ -71.484650350131417, -29.20715799726128 ], [ -71.484755862852666, -29.207073500201059 ], [ -71.484861839468451, -29.207012532595847 ], [ -71.484928499505529, -29.206987747853315 ], [ -71.48496819449835, -29.206963371159318 ], [ -71.485075151664304, -29.206937838542711 ], [ -71.485182550474562, -29.206935843001173 ], [ -71.485288621209577, -29.206874872421245 ], [ -71.485500131790715, -29.206729498421812 ], [ -71.485606772372705, -29.206692147175296 ], [ -71.485713610900305, -29.206666532371738 ], [ -71.48592805001006, -29.206638991580334 ], [ -71.486100685085006, -29.206553246832243 ], [ -71.486232169126396, -29.206432896466396 ], [ -71.486285061696165, -29.206396542893401 ], [ -71.48636450644932, -29.206347890552575 ], [ -71.486457696264324, -29.206310806740511 ], [ -71.486589738500101, -29.206214065901463 ], [ -71.486628896182239, -29.206166152473369 ], [ -71.486641503212368, -29.206130557658234 ], [ -71.486668043790615, -29.206118249145618 ], [ -71.486680090372218, -29.206059025573381 ], [ -71.486719808394767, -29.206034740877652 ], [ -71.486758954885715, -29.205986837547037 ], [ -71.486757532477725, -29.205927948288 ], [ -71.486714400475222, -29.205810843019286 ], [ -71.486631825628166, -29.205729832369382 ], [ -71.48657778412813, -29.205719021990447 ], [ -71.486547163859129, -29.205566323613144 ], [ -71.48656062346123, -29.205566073388489 ], [ -71.486587163910002, -29.205553764899104 ], [ -71.486586025855345, -29.205506601524764 ], [ -71.486665575605358, -29.205458030076663 ], [ -71.486702444673767, -29.205315799144518 ], [ -71.486742445656574, -29.205303241273128 ], [ -71.486821594836627, -29.205242863013055 ], [ -71.486861595752671, -29.205230304206719 ], [ -71.486901323701019, -29.205206019284891 ], [ -71.486954215416588, -29.205169665492782 ], [ -71.486980187223821, -29.205133822150799 ], [ -71.487020007655914, -29.205109452481288 ], [ -71.487017161845998, -29.204991598207336 ], [ -71.486949091443947, -29.204957493539354 ], [ -71.486945105731181, -29.204792485846948 ], [ -71.48686225862447, -29.204699748283428 ], [ -71.486808217656957, -29.204688937965319 ], [ -71.486807078513664, -29.204641774611908 ], [ -71.486779399388411, -29.204606927891682 ], [ -71.486802809843127, -29.204465040077011 ], [ -71.48677541378683, -29.20444191115218 ], [ -71.486746776226354, -29.20437172090293 ], [ -71.48666563716057, -29.204349683135977 ], [ -71.48665132410126, -29.20431458879392 ], [ -71.486543631629559, -29.204304775784312 ], [ -71.48654334642093, -29.204292966006907 ], [ -71.486419243455714, -29.204165542620679 ], [ -71.486405320508524, -29.204142255173334 ], [ -71.486378115457455, -29.20413094580783 ], [ -71.486390154007537, -29.20407181441584 ], [ -71.486441621250208, -29.203976488596204 ], [ -71.486441050885944, -29.203952869940089 ], [ -71.486518788391336, -29.203833600597154 ], [ -71.486583157907077, -29.20371449763687 ], [ -71.486687707985368, -29.203594647658758 ], [ -71.486752077149418, -29.20347554373215 ], [ -71.486829800675437, -29.203356192397667 ], [ -71.486867239669522, -29.203237590008214 ], [ -71.487100537282231, -29.202879532448943 ], [ -71.487164799712929, -29.202760430335548 ], [ -71.487269453023956, -29.202640578036 ], [ -71.487387460462571, -29.202520477332378 ], [ -71.487478664354811, -29.202400874085505 ], [ -71.487570415060247, -29.202304807774095 ], [ -71.487676206660083, -29.202232109527827 ], [ -71.487888262690731, -29.202110259282442 ], [ -71.487994802217145, -29.202072916337844 ], [ -71.488021446235706, -29.202060597556596 ], [ -71.488101447320574, -29.2020355632283 ], [ -71.48820866025028, -29.202021754747769 ], [ -71.488369523579678, -29.202006947234253 ], [ -71.4885307771074, -29.202003948244933 ], [ -71.488692210161091, -29.202012759891527 ], [ -71.488841132950668, -29.202057164530903 ], [ -71.488990815888343, -29.202136925191198 ], [ -71.48911405210356, -29.202228900867084 ], [ -71.489209800448634, -29.202297849830973 ], [ -71.489399767972657, -29.202376861227989 ], [ -71.489561593431418, -29.202397497602835 ], [ -71.48961533756362, -29.202396497303742 ], [ -71.489670127054453, -29.202442643975139 ], [ -71.489723881483059, -29.202441643439773 ], [ -71.489831664640477, -29.202451369269944 ], [ -71.489939163213535, -29.202449368238664 ], [ -71.490046274414368, -29.202435643163714 ], [ -71.49015291595596, -29.202398204600815 ], [ -71.490259751727351, -29.202372669420637 ], [ -71.490420719964817, -29.202357858373954 ], [ -71.490581867693763, -29.202354848932814 ], [ -71.490744262550578, -29.202399019490958 ], [ -71.490838577033514, -29.202409069277856 ], [ -71.490905685713315, -29.20240781958934 ], [ -71.491067975717385, -29.202451982675516 ], [ -71.491095474709113, -29.202475016773608 ], [ -71.491283543110981, -29.20247151413831 ], [ -71.49139009163973, -29.20243416023348 ], [ -71.491497021614961, -29.202408622319442 ], [ -71.491631059010615, -29.202394311443459 ], [ -71.491658169509179, -29.202405620594853 ], [ -71.491820848374545, -29.202461507570931 ], [ -71.491861702629947, -29.202484282784983 ], [ -71.492036310790198, -29.202481030745535 ], [ -71.492130056214876, -29.202467562041313 ], [ -71.49216949594998, -29.202431465952326 ], [ -71.49216806886696, -29.202372502964284 ], [ -71.492139246967824, -29.202290484318453 ], [ -71.492098962111825, -29.202291234871602 ], [ -71.492084933383381, -29.202267950024773 ], [ -71.492003499032236, -29.202234105921097 ], [ -71.491949468272566, -29.202223298362512 ], [ -71.491814859393216, -29.202213981959471 ], [ -71.491693321261195, -29.20219269889737 ], [ -71.491679965952812, -29.202192947678345 ], [ -71.491543646656339, -29.202112941203062 ], [ -71.491516147674503, -29.20208990719626 ], [ -71.491475291403532, -29.202067038984971 ], [ -71.49144617661598, -29.201973313397527 ], [ -71.491430445524443, -29.201879236579195 ], [ -71.491389009638723, -29.201832832909368 ], [ -71.491388440197568, -29.201809297292296 ], [ -71.491348156512544, -29.201810046687385 ], [ -71.491320476780345, -29.20177520184237 ], [ -71.491305021511778, -29.201692943945776 ], [ -71.491301588471373, -29.201551471629692 ], [ -71.491284994447568, -29.201422142485036 ], [ -71.491258169945212, -29.201422642076871 ], [ -71.491243283169965, -29.201363919803473 ], [ -71.49118952936584, -29.201364920915534 ], [ -71.491175320100766, -29.201329824257204 ], [ -71.491094646251895, -29.201331326678531 ], [ -71.490960027251418, -29.201322009549521 ], [ -71.490865430937035, -29.201300224867243 ], [ -71.490864859621226, -29.201276606281262 ], [ -71.490823995546009, -29.201253820989425 ], [ -71.490780850084349, -29.201136717329007 ], [ -71.490779141031368, -29.201066018443534 ], [ -71.49080608055489, -29.201065516809891 ], [ -71.490831764375102, -29.201017863096975 ], [ -71.490922941302628, -29.200898258196244 ], [ -71.490948911514181, -29.200862405173108 ], [ -71.49100209372898, -29.200837785588252 ], [ -71.491027599586516, -29.200778403088133 ], [ -71.491022466901555, -29.200566222655755 ], [ -71.491048436170715, -29.20053037775331 ], [ -71.491074691345901, -29.200506352508949 ], [ -71.49108756940295, -29.200482473537004 ], [ -71.491113834594202, -29.200458438175829 ], [ -71.491112409997385, -29.200399548161752 ], [ -71.491068694359242, -29.200258826875782 ], [ -71.490998165920544, -29.200118686968864 ], [ -71.490968386150186, -29.200001334446998 ], [ -71.490965819858715, -29.199895198208097 ], [ -71.491231619743104, -29.19977233315073 ], [ -71.491285078985356, -29.199759615396459 ], [ -71.491324222113803, -29.199711710938587 ], [ -71.491388583657056, -29.199592605182396 ], [ -71.491385733515301, -29.199474752105171 ], [ -71.49140971658008, -29.199356398366874 ], [ -71.491423166071854, -29.199356147873843 ], [ -71.491500891504771, -29.199236794074963 ], [ -71.491645533915275, -29.199104369750884 ], [ -71.491803826279309, -29.19898352412455 ], [ -71.491869897336898, -29.198935108901622 ], [ -71.491935578723073, -29.198874968840457 ], [ -71.492013398793773, -29.198755613012672 ], [ -71.492037372015346, -29.198637269294608 ], [ -71.492063920060247, -29.198624950643552 ], [ -71.49206163772736, -29.198530632343999 ], [ -71.492074802549268, -29.198518664949678 ], [ -71.492139163606254, -29.198399559792026 ], [ -71.492177164522076, -29.198304491023148 ], [ -71.492230916711065, -29.198303490511414 ], [ -71.492256599020095, -29.198255826668774 ], [ -71.492309782618122, -29.198231289592691 ], [ -71.492335179094894, -29.198171816903304 ], [ -71.492495560429433, -29.198133468341073 ], [ -71.492521528418678, -29.198097615092646 ], [ -71.492561810594552, -29.198096864529301 ], [ -71.49257471105706, -29.198073086955574 ], [ -71.492627892012194, -29.198048447868949 ], [ -71.492681223754246, -29.198035731972574 ], [ -71.492721060641315, -29.198011360443108 ], [ -71.49282616982255, -29.197915133925004 ], [ -71.492839628360827, -29.197914883128529 ], [ -71.492891383941924, -29.197831363906722 ], [ -71.492917351937493, -29.19779551960989 ], [ -71.49299590953909, -29.197711509906245 ], [ -71.492995337600632, -29.197687882328836 ], [ -71.493167667756239, -29.197590402826357 ], [ -71.493273174845214, -29.197505890709564 ], [ -71.493392881056366, -29.197456484157534 ], [ -71.493537813944769, -29.197335876621167 ], [ -71.493590710586332, -29.197299520335545 ], [ -71.493602172620285, -29.197216770885667 ], [ -71.493598736835636, -29.1970752897059 ], [ -71.493528113028248, -29.196935152911568 ], [ -71.493459286144599, -29.196865705127529 ], [ -71.493457574721873, -29.19679501447591 ], [ -71.493443829636917, -29.196783465535212 ], [ -71.493402975751195, -29.196760578841165 ], [ -71.493388090900297, -29.196701949678882 ], [ -71.493385238787482, -29.196584095828772 ], [ -71.493396986615977, -29.196513146194018 ], [ -71.493422098226489, -29.196441947477151 ], [ -71.493405595636531, -29.196312542913962 ], [ -71.49337810594696, -29.196289416136388 ], [ -71.493323498225791, -29.196255073536268 ], [ -71.493322928232757, -29.196231528015495 ], [ -71.493295819256858, -29.196220219105925 ], [ -71.493186901921774, -29.196163332487085 ], [ -71.493172396698654, -29.196116426473516 ], [ -71.493131437752083, -29.19609356058357 ], [ -71.493129156926898, -29.195999335201595 ], [ -71.493139763483697, -29.195881231406748 ], [ -71.493163839562982, -29.195762875685944 ], [ -71.493160414860697, -29.195621394236575 ], [ -71.493116319588694, -29.195468948580412 ], [ -71.493088072266232, -29.195410558458384 ], [ -71.493060108011562, -29.195363904141228 ], [ -71.493084078260239, -29.195245550400813 ], [ -71.49313640135928, -29.195185576693515 ], [ -71.493134407476603, -29.195103160112581 ], [ -71.49307780218713, -29.194986215927742 ], [ -71.493049840075145, -29.194939644556186 ], [ -71.492954952267411, -29.194906051483823 ], [ -71.492820077457438, -29.194884925587736 ], [ -71.492820363493706, -29.194896744342394 ], [ -71.492780640870251, -29.194921030735898 ], [ -71.492726889462133, -29.194922032283941 ], [ -71.492700827522285, -29.194957879181594 ], [ -71.492687749694753, -29.19496993701636 ], [ -71.492661686702192, -29.195005783926838 ], [ -71.492554290639305, -29.195007784018141 ], [ -71.492432485579087, -29.194974692978583 ], [ -71.492309348145355, -29.19488262619365 ], [ -71.492213605377898, -29.194813687207859 ], [ -71.492118433011328, -29.194768275639422 ], [ -71.492103369131939, -29.194697824622342 ], [ -71.492102228249507, -29.194650670405927 ], [ -71.492060131271117, -29.194580732873643 ], [ -71.492046766676424, -29.19458098182379 ], [ -71.491923810948975, -29.194500726328531 ], [ -71.491788083998529, -29.194444346839596 ], [ -71.491693586286758, -29.194422467717914 ], [ -71.491693302631973, -29.194410741828808 ], [ -71.491556316924587, -29.194307117138141 ], [ -71.491460681054477, -29.19423817647592 ], [ -71.491433183085448, -29.194215133302503 ], [ -71.491364369748084, -29.194145683127644 ], [ -71.491336016416369, -29.194087230493093 ], [ -71.491308907970733, -29.194075911211559 ], [ -71.491280280885462, -29.194005712639083 ], [ -71.491265775889957, -29.193958807255573 ], [ -71.491304347793971, -29.193887367250799 ], [ -71.491382060483815, -29.193768013843815 ], [ -71.491618172344005, -29.193527794314523 ], [ -71.491644425478071, -29.193503759131463 ], [ -71.49165731213732, -29.193479889888948 ], [ -71.491670485248207, -29.193467820457894 ], [ -71.491709638546041, -29.193420008685475 ], [ -71.491736175061533, -29.193407690360395 ], [ -71.491774746451668, -29.193336250246471 ], [ -71.491815026789524, -29.193335500018918 ], [ -71.49185416720826, -29.193287585606342 ], [ -71.491850746897455, -29.193146196839873 ], [ -71.49182049178809, -29.193005214958731 ], [ -71.491790829905682, -29.192887860277295 ], [ -71.491801343639395, -29.192769767244187 ], [ -71.4918525174118, -29.192662722057495 ], [ -71.491904841075765, -29.192602747926092 ], [ -71.491931093941147, -29.192578713603567 ], [ -71.491957724759644, -29.192566393486768 ], [ -71.491983122526662, -29.192507012865011 ], [ -71.492036585999742, -29.192494202862843 ], [ -71.492143789321275, -29.19248039091341 ], [ -71.49233174481401, -29.192476890556435 ], [ -71.492331461109231, -29.192465164669631 ], [ -71.492504055800879, -29.192379403518952 ], [ -71.492596658850672, -29.192318678722572 ], [ -71.492636758866212, -29.19230611745742 ], [ -71.492662725687993, -29.192270272359679 ], [ -71.492715336673825, -29.192222199666158 ], [ -71.492741007198276, -29.192174536888693 ], [ -71.492754189485439, -29.192162476211134 ], [ -71.492779871282451, -29.192114813217177 ], [ -71.492832468824773, -29.192066657737548 ], [ -71.492859290859812, -29.192066157975567 ], [ -71.492857865755113, -29.192007267966058 ], [ -71.492884221030607, -29.19198314766448 ], [ -71.492937960623436, -29.191982146336237 ], [ -71.493044783912623, -29.191956610503397 ], [ -71.493205724796653, -29.191941787353628 ], [ -71.493420584382648, -29.191937784140659 ], [ -71.493527237712314, -29.191900435129572 ], [ -71.493633479735209, -29.191851279540696 ], [ -71.493740408280246, -29.191825731278392 ], [ -71.493846935203763, -29.191788394300353 ], [ -71.494046454953946, -29.191702121246138 ], [ -71.494126455903299, -29.19167709269102 ], [ -71.494193080923637, -29.191652212412617 ], [ -71.494205588303373, -29.191616617956953 ], [ -71.494215623712094, -29.191474978505088 ], [ -71.494198446540764, -29.191322031298409 ], [ -71.494112473850635, -29.19109954294488 ], [ -71.49420307009747, -29.190956400776397 ], [ -71.494336522253633, -29.190918552477935 ], [ -71.494389963998657, -29.190905741981926 ], [ -71.494658602299694, -29.190900733324845 ], [ -71.494792043687909, -29.190862875760207 ], [ -71.494898685075256, -29.190825525937701 ], [ -71.494951745912402, -29.190800898244213 ], [ -71.494990715272777, -29.190741264948585 ], [ -71.495016956631559, -29.190717229375529 ], [ -71.495095539326087, -29.190633218189838 ], [ -71.495240154493359, -29.190500800051204 ], [ -71.495373310084403, -29.190451132206409 ], [ -71.495559664091147, -29.190376934783732 ], [ -71.495665902255823, -29.190327768723954 ], [ -71.49573225242446, -29.190291170713675 ], [ -71.495811680214942, -29.190242504646061 ], [ -71.49587659349524, -29.190147025888049 ], [ -71.495929093780347, -29.19009886116908 ], [ -71.495981985195883, -29.190062514113155 ], [ -71.495980843783371, -29.190015359984518 ], [ -71.496060830170322, -29.18999022957286 ], [ -71.496194566399069, -29.189964188345058 ], [ -71.49640953746993, -29.189960177513363 ], [ -71.496435789594429, -29.189936141480175 ], [ -71.496475506400785, -29.189911771212898 ], [ -71.496514929570381, -29.189875666236432 ], [ -71.496554639314411, -29.189851388095093 ], [ -71.496550070331963, -29.189662844770172 ], [ -71.496522962379814, -29.189651517486606 ], [ -71.496426364509745, -29.189547144971318 ], [ -71.496369487511288, -29.189418568060429 ], [ -71.496355551333863, -29.189395198871857 ], [ -71.496314596556999, -29.189372416775988 ], [ -71.496300387341961, -29.189337311593913 ], [ -71.496259822557263, -29.189326253361337 ], [ -71.496205788068579, -29.189315446415105 ], [ -71.496137727025584, -29.189281355815378 ], [ -71.496124089314591, -29.189269878179651 ], [ -71.496001137366477, -29.189189626187286 ], [ -71.495973743700773, -29.189166498078521 ], [ -71.495933181262259, -29.189155532616752 ], [ -71.495917713724637, -29.189073275431248 ], [ -71.495876863000149, -29.189050408254911 ], [ -71.495874864171782, -29.188967899815403 ], [ -71.495885467442633, -29.1888497950209 ], [ -71.495909433490951, -29.188731441856916 ], [ -71.49590657839893, -29.188613588112513 ], [ -71.495838052591139, -29.188555959784551 ], [ -71.495824011607894, -29.188532582559901 ], [ -71.495768848638136, -29.188474704929082 ], [ -71.495727713906462, -29.18844010190686 ], [ -71.495700606801137, -29.18842879246419 ], [ -71.495685722235621, -29.188370163497911 ], [ -71.495658796384518, -29.18837066482196 ], [ -71.49565736790862, -29.188311692849989 ], [ -71.495600585154435, -29.188183029869425 ], [ -71.495491389519003, -29.188114335809587 ], [ -71.49547764521688, -29.188102777089828 ], [ -71.495369686568353, -29.188081244318301 ], [ -71.495342180508928, -29.188058211073233 ], [ -71.495233098226649, -29.187989430777382 ], [ -71.495219356436905, -29.187977973921651 ], [ -71.495177925587285, -29.187931552151024 ], [ -71.495123333037057, -29.187897199887974 ], [ -71.495039055591832, -29.187745504012252 ], [ -71.495024741446628, -29.187710409638104 ], [ -71.494997348644404, -29.187687291206739 ], [ -71.494996206547384, -29.187640128027958 ], [ -71.495020174462894, -29.187521774038753 ], [ -71.495137405240229, -29.187366321442902 ], [ -71.495269141241337, -29.187257772802084 ], [ -71.495346855023541, -29.187138417366949 ], [ -71.495359065057187, -29.187091004284529 ], [ -71.49537110744977, -29.187031873085587 ], [ -71.495411099190932, -29.18701931219513 ], [ -71.495542548452292, -29.186898954498101 ], [ -71.495581398600081, -29.186839221360852 ], [ -71.495579972704107, -29.186780350363691 ], [ -71.495657218294951, -29.186637364358404 ], [ -71.495722891281218, -29.186577231937072 ], [ -71.495748950031526, -29.186541376484449 ], [ -71.495789228619827, -29.18654062520066 ], [ -71.495855195800132, -29.186492219297826 ], [ -71.495962677235269, -29.186490214423568 ], [ -71.495976326822429, -29.18650177486909 ], [ -71.496057547829693, -29.186523815014258 ], [ -71.496111579551538, -29.186534612213624 ], [ -71.4962458825851, -29.186532107659058 ], [ -71.496379899692187, -29.186517802266881 ], [ -71.496392405595799, -29.186482198647564 ], [ -71.496419320641095, -29.186481696495459 ], [ -71.496432397789363, -29.186469628434647 ], [ -71.496525279626852, -29.186420720062422 ], [ -71.496550778284728, -29.186361337718552 ], [ -71.49657474398964, -29.186242974538104 ], [ -71.496585335134739, -29.186124870822191 ], [ -71.496609300984076, -29.186006516654569 ], [ -71.496645877594645, -29.185852566811054 ], [ -71.496696184645174, -29.185710082906283 ], [ -71.496736189246519, -29.185697614323118 ], [ -71.496789067936461, -29.185661267270714 ], [ -71.496827630753373, -29.185589724114866 ], [ -71.496867919212264, -29.185588972337079 ], [ -71.497001364404824, -29.185551121807904 ], [ -71.497135370788897, -29.185536898907852 ], [ -71.497363409415826, -29.185520819879905 ], [ -71.497390048233981, -29.185508507642993 ], [ -71.497483214975034, -29.185471408390566 ], [ -71.497549731545504, -29.185446620657974 ], [ -71.497549159878176, -29.185422993100275 ], [ -71.497588304263914, -29.185375087044218 ], [ -71.497614373564375, -29.185339239183854 ], [ -71.497653794660508, -29.185303133076545 ], [ -71.497694071678893, -29.185302381267835 ], [ -71.497828099192546, -29.185288158197086 ], [ -71.497962684447685, -29.185297367948035 ], [ -71.498096117261298, -29.185259507565434 ], [ -71.498230417380853, -29.185257000237101 ], [ -71.498364148082416, -29.185230966222178 ], [ -71.498430399290356, -29.185194359850247 ], [ -71.498550764307325, -29.185168483194968 ], [ -71.498738810338381, -29.185164971781745 ], [ -71.498792736962997, -29.185175779801504 ], [ -71.498873684091734, -29.185186083197085 ], [ -71.499021060948394, -29.185171516725344 ], [ -71.499018202715845, -29.185053663198541 ], [ -71.498977627905489, -29.185042596894398 ], [ -71.498854784271614, -29.184962354370729 ], [ -71.498827585316732, -29.184951131146864 ], [ -71.498759915425126, -29.184928755707102 ], [ -71.498731951909676, -29.184882102493656 ], [ -71.498715625977553, -29.184764500432646 ], [ -71.498712769191158, -29.184646647753677 ], [ -71.498545818562576, -29.18441395131973 ], [ -71.498488485770991, -29.184261754533395 ], [ -71.498474457396583, -29.184238470258837 ], [ -71.498433313348514, -29.184203868194103 ], [ -71.498445638048807, -29.184156462668057 ], [ -71.498466742976561, -29.183920255615806 ], [ -71.498423025983271, -29.183779526685541 ], [ -71.498299042915619, -29.183652203391723 ], [ -71.49820244944793, -29.183547831845278 ], [ -71.498035522449015, -29.183315134179679 ], [ -71.497992379099102, -29.183198032584539 ], [ -71.497943532666966, -29.182845225256717 ], [ -71.497954419732508, -29.182738930093311 ], [ -71.497940676747149, -29.1827273625556 ], [ -71.497913573237923, -29.18271614635346 ], [ -71.497911573516802, -29.182633646981419 ], [ -71.497884075257744, -29.18261051212313 ], [ -71.497867762391664, -29.182492919550562 ], [ -71.497905288543237, -29.182374312975913 ], [ -71.497915793823054, -29.182256209879409 ], [ -71.497939852124432, -29.182137854694361 ], [ -71.49799073870426, -29.182018988781323 ], [ -71.498003234584814, -29.181983394245627 ], [ -71.498029301962163, -29.181947547269029 ], [ -71.498041510334019, -29.181900134921158 ], [ -71.498052261266594, -29.181847262186924 ], [ -71.497669662784702, -29.182173463568958 ], [ -71.497276986377045, -29.182854043092405 ], [ -71.496617813656755, -29.183090765083296 ], [ -71.495981498325463, -29.183214841088336 ], [ -71.494931828975325, -29.18316709153634 ], [ -71.49400834825731, -29.18304965031032 ], [ -71.493485714890554, -29.182588112951823 ], [ -71.493041406559868, -29.182192436748306 ], [ -71.492745037796851, -29.181569588820039 ], [ -71.492632481698337, -29.181145284223216 ], [ -71.492649911925398, -29.180808318520864 ], [ -71.492638774153349, -29.180760389681453 ], [ -71.492531935638311, -29.180753077887513 ], [ -71.49239762947586, -29.180755578458413 ], [ -71.492129618334118, -29.180784125101869 ], [ -71.491996176795851, -29.180821961513029 ], [ -71.491664660453381, -29.181005040570536 ], [ -71.491597847987833, -29.181018006723459 ], [ -71.491463838405835, -29.181032324959041 ], [ -71.491329256364153, -29.181023006398231 ], [ -71.491194960023947, -29.181025506494301 ], [ -71.490925799687176, -29.181006979582516 ], [ -71.490790933289858, -29.180985850675818 ], [ -71.490655214987768, -29.180929469021322 ], [ -71.490532845106529, -29.18087274678247 ], [ -71.490410023762408, -29.180792486534756 ], [ -71.490314866946747, -29.180747173784255 ], [ -71.490151188263638, -29.180644034379569 ], [ -71.490000578310728, -29.18052892941639 ], [ -71.489889685714999, -29.180389539003979 ], [ -71.489806845164679, -29.180296719176731 ], [ -71.489491432474068, -29.180031411727338 ], [ -71.489421491623943, -29.179914805357672 ], [ -71.489337988919232, -29.179798452115207 ], [ -71.489128061854501, -29.179448625502403 ], [ -71.48901488366505, -29.179214916507952 ], [ -71.488931488079075, -29.179098569988007 ], [ -71.488874898831071, -29.178981714952634 ], [ -71.48880495924152, -29.178865099142332 ], [ -71.488761838689911, -29.178747993566866 ], [ -71.488691793810673, -29.178631389563527 ], [ -71.488648673285681, -29.178514274917141 ], [ -71.488578618869994, -29.178397689059096 ], [ -71.48856242193024, -29.178280073722902 ], [ -71.488505834638275, -29.178163218447331 ], [ -71.488419594823483, -29.177928998868293 ], [ -71.488363007102933, -29.177812152541787 ], [ -71.488319897873296, -29.177695047461363 ], [ -71.488303586538876, -29.177577443215171 ], [ -71.488260455917143, -29.177460338503113 ], [ -71.488245291290539, -29.177389805567401 ], [ -71.488230803668188, -29.177342973257268 ], [ -71.488101330700374, -29.176991667684074 ], [ -71.488085134864704, -29.176874061239047 ], [ -71.488001956993756, -29.176648467285091 ], [ -71.487302896693095, -29.176661460177868 ], [ -71.48755852748296, -29.180373055588479 ], [ -71.481379950624543, -29.188947682561022 ], [ -71.478546099102132, -29.193056292405014 ], [ -71.474897837173273, -29.197516467497987 ], [ -71.470085797306339, -29.203549559634546 ], [ -71.46778124926108, -29.206668443791649 ], [ -71.464983757043257, -29.210125982374159 ], [ -71.46073114557187, -29.215587902759253 ], [ -71.45720564674383, -29.220047519383417 ], [ -71.454410061161227, -29.223614696203921 ], [ -71.450012845946787, -29.22830988374551 ], [ -71.445247436670485, -29.23334128047745 ], [ -71.444629227797421, -29.233682191729478 ], [ -71.44409780551311, -29.233614460263198 ] ] ] ] } },
{ "type": "Feature", "properties": { "fid": 92, "OBJECTID_1": 44, "OBJECTID": 44, "NOM_COM": "LA HIGUERA", "PROVINCIA": "ELQUI", "Z_COMUNAL": "ZONA DE CONSERVACION DE LA NATURALEZA", "USO": "CIUDAD", "REGIONAL": "AREAS PROTEGIDAS", "Shape_Leng": 28800.409103499998, "LEYENDA": "VALOR PAISAJISTICO", "Shape__Area": 6754615.8950195312, "Shape__Length": 28799.557226090561, "Nota": "La Zonificación de Uso del Borde Costero de la Región de Coquimbo, constituye un instrumento aún vigente, y que declara áreas con orientaciones de usos específicos, en el borde costero regional. Por lo tanto, se sugiere su uso de acuerdo a la microzonificación según se señala en todas las publicaciones, y que fué aprobada mediante Decreto Supremo Nº 518 Zonificación de Coquimbo, 12 de diciembre de 2005.", "Origen Dato": "https://gorecoquimbo.maps.arcgis.com/apps/CompareAnalysis/index.html?appid=b4f178d41fb24ab8a871596de568a2f7", "Mapa Completo": "https://www.gorecoquimbo.cl/gorecoquimbo/site/artic/20150722/asocfile/20150722092144/comunal.jpg", "Link Memoria": "https://www.gorecoquimbo.cl/gorecoquimbo/site/artic/20150722/asocfile/20150722091730/memoria_explicativa_zonifi.pdf" }, "geometry": { "type": "MultiPolygon", "coordinates": [ [ [ [ -71.296450636060712, -29.480451640437508 ], [ -71.299032961384356, -29.482806960972862 ], [ -71.303146462529654, -29.486323158268746 ], [ -71.311782830575297, -29.493868767754659 ], [ -71.316166949744272, -29.497611269600636 ], [ -71.319114380661361, -29.496344818594345 ], [ -71.328824959418753, -29.495827927618397 ], [ -71.327732815315471, -29.497235695921496 ], [ -71.325679326735781, -29.499991066340161 ], [ -71.326216201603884, -29.506114850831768 ], [ -71.324371459777765, -29.509329433963796 ], [ -71.324007776030228, -29.51078230094852 ], [ -71.32373002628772, -29.513101563044799 ], [ -71.323501181678424, -29.517560798762212 ], [ -71.323359632566252, -29.520051262361111 ], [ -71.323453516019995, -29.521264678130542 ], [ -71.323944182694106, -29.525364167279431 ], [ -71.324539375822923, -29.528246766531414 ], [ -71.325043323611283, -29.530031603981765 ], [ -71.32539574691603, -29.531152909945515 ], [ -71.324987217040331, -29.532124432172502 ], [ -71.324255222092702, -29.534020795020673 ], [ -71.323667890615255, -29.536215984744125 ], [ -71.323319605290166, -29.537563159912949 ], [ -71.323022657691595, -29.538894379714055 ], [ -71.322777016655607, -29.540963047416572 ], [ -71.322511400532534, -29.542911512649123 ], [ -71.322100728987479, -29.545299500143585 ], [ -71.32210589577663, -29.54552543641195 ], [ -71.322823863534751, -29.546778622329281 ], [ -71.324587184783169, -29.549279260332515 ], [ -71.325174280690987, -29.550082679176576 ], [ -71.325495750133825, -29.550574302209103 ], [ -71.325843074014259, -29.551442191623849 ], [ -71.326074333469663, -29.551942478297043 ], [ -71.325899732859, -29.552987012248309 ], [ -71.325039885979663, -29.555895059526772 ], [ -71.329205559264494, -29.555615080699084 ], [ -71.330891118561027, -29.556525476857288 ], [ -71.331243297486807, -29.556659594908943 ], [ -71.331275516650578, -29.556639972501792 ], [ -71.331353406487906, -29.556545231171171 ], [ -71.331417732989223, -29.556439089508007 ], [ -71.33144326632997, -29.556391999863862 ], [ -71.33146970665031, -29.556379813245531 ], [ -71.331548680363625, -29.556331777078363 ], [ -71.331561440894163, -29.556308191306172 ], [ -71.331681876867904, -29.556317798748637 ], [ -71.331695718722955, -29.556340834373746 ], [ -71.331709285117711, -29.556352328404156 ], [ -71.331737343050136, -29.556410106399262 ], [ -71.331737879744182, -29.556433467692131 ], [ -71.331725376217562, -29.55646868831673 ], [ -71.331698936137087, -29.556480884904939 ], [ -71.331582355732365, -29.556634585594317 ], [ -71.331597806995305, -29.55672767805731 ], [ -71.331665079392664, -29.556749775411326 ], [ -71.331744845952329, -29.556736736167849 ], [ -71.331823809682419, -29.556688709030045 ], [ -71.331902502858853, -29.55662895433035 ], [ -71.331955301850371, -29.556604665336028 ], [ -71.331981476741447, -29.556580926925534 ], [ -71.332248299689155, -29.55657624128995 ], [ -71.332341371398456, -29.556562884087842 ], [ -71.332134855453731, -29.556286482489536 ], [ -71.332212745463721, -29.556191750610054 ], [ -71.332317612930694, -29.556108266259606 ], [ -71.332369339999261, -29.556037346532122 ], [ -71.332382205276957, -29.556013748925061 ], [ -71.332421955779012, -29.55600142123625 ], [ -71.332527905652057, -29.5559645590054 ], [ -71.332634283776542, -29.555950958841567 ], [ -71.332740502815497, -29.555925814059599 ], [ -71.332739966109116, -29.555902461799363 ], [ -71.332805351948522, -29.555842940391926 ], [ -71.332830894830451, -29.555795851240983 ], [ -71.332857067402202, -29.555772029714852 ], [ -71.33288270513323, -29.555724938888602 ], [ -71.332949174817671, -29.555712131673605 ], [ -71.333136123556528, -29.555720486160929 ], [ -71.333216166809137, -29.555719079648014 ], [ -71.33321563102929, -29.555695727376857 ], [ -71.333268255599322, -29.555659801606719 ], [ -71.333321301448038, -29.555647230099094 ], [ -71.33348137852829, -29.555644416971422 ], [ -71.333495317493004, -29.555667534590619 ], [ -71.333820298739667, -29.555871839837483 ], [ -71.333833873471406, -29.555883240578019 ], [ -71.333914712039942, -29.555916820680512 ], [ -71.334127146288736, -29.555866446979813 ], [ -71.334219413201353, -29.555818091697791 ], [ -71.334258089908772, -29.555759132065432 ], [ -71.334271233850146, -29.555747178656613 ], [ -71.334308031513658, -29.555606517751094 ], [ -71.334370907345999, -29.555442036686671 ], [ -71.334409314320467, -29.555371358519462 ], [ -71.334448796468791, -29.555347385694663 ], [ -71.334432270432657, -29.555207662252414 ], [ -71.334418963318299, -29.555207896206721 ], [ -71.3343236385371, -29.555127837787992 ], [ -71.334216187327257, -29.555094725753481 ], [ -71.334108372694104, -29.555049979773536 ], [ -71.334000279447409, -29.554993517162789 ], [ -71.333892454693725, -29.554948771176942 ], [ -71.333785537572382, -29.554938919058142 ], [ -71.333570961540474, -29.554896058065481 ], [ -71.333477084095975, -29.554874337182081 ], [ -71.33343599616758, -29.554828417970729 ], [ -71.333326572500823, -29.554713605521346 ], [ -71.333284937610088, -29.554644335082504 ], [ -71.33328386568256, -29.554597703614522 ], [ -71.333243045421781, -29.554563419879276 ], [ -71.333227756227572, -29.554482046219732 ], [ -71.333212315317468, -29.554388953781572 ], [ -71.333198471292476, -29.554365825430338 ], [ -71.333129323536113, -29.554262036431812 ], [ -71.333088502228733, -29.554227743637572 ], [ -71.333020706104293, -29.554182303479632 ], [ -71.332913523647719, -29.554160824055931 ], [ -71.332806771701399, -29.554162699576565 ], [ -71.332595412414918, -29.554259776472435 ], [ -71.332383096073869, -29.554310146461848 ], [ -71.332167994357761, -29.55424392163572 ], [ -71.332140576286605, -29.554209393125142 ], [ -71.332030877322126, -29.554082954021755 ], [ -71.331961741037148, -29.553979155135789 ], [ -71.331866526607712, -29.553899184901741 ], [ -71.331758158150933, -29.553831084938953 ], [ -71.33165007647743, -29.553774610178689 ], [ -71.331434535876511, -29.553685030096965 ], [ -71.331326713351118, -29.553640273763826 ], [ -71.331219169648051, -29.553607159919682 ], [ -71.331111183605913, -29.553550692942817 ], [ -71.331003362569163, -29.553505944428288 ], [ -71.330895271317402, -29.553449469189726 ], [ -71.33078745977727, -29.55340472122684 ], [ -71.330679475184539, -29.553348252952226 ], [ -71.330570848118313, -29.553268425123857 ], [ -71.330463027618137, -29.553223677040805 ], [ -71.330354936947714, -29.553167201326907 ], [ -71.330246696062986, -29.553099097816137 ], [ -71.330137802522628, -29.553007634922128 ], [ -71.330029446455143, -29.552939534144141 ], [ -71.329705284953974, -29.55277020559814 ], [ -71.329597741597496, -29.552737090374453 ], [ -71.329489654027697, -29.552680706779789 ], [ -71.329274117476842, -29.552591122943383 ], [ -71.329166039443365, -29.552534645983915 ], [ -71.329017132159706, -29.552443883958087 ], [ -71.328743458514367, -29.55214530144821 ], [ -71.328634301470387, -29.552042202470691 ], [ -71.328468878594478, -29.551811724063374 ], [ -71.328412777283603, -29.551696064184874 ], [ -71.328330072821501, -29.551580861713532 ], [ -71.32830079346472, -29.55146463946155 ], [ -71.328250780006044, -29.551361528834143 ], [ -71.328244692560673, -29.551348979485457 ], [ -71.328202001534635, -29.551232992349522 ], [ -71.328172619155168, -29.551116854857831 ], [ -71.328156636457365, -29.551000399431651 ], [ -71.328153962522521, -29.55088380268614 ], [ -71.328097954925724, -29.550768048967416 ], [ -71.328001048080935, -29.550618103129384 ], [ -71.327973365845793, -29.550571947929395 ], [ -71.327946378588081, -29.550560688740124 ], [ -71.32794530951665, -29.550514066985468 ], [ -71.327965610365794, -29.550233691299177 ], [ -71.327976241133001, -29.550116769272048 ], [ -71.327973567294464, -29.550000163478291 ], [ -71.327917560458047, -29.549884409631339 ], [ -71.32783485838786, -29.54976921663043 ], [ -71.327805477173527, -29.549653088005524 ], [ -71.32776277695109, -29.549537090895839 ], [ -71.327746273156748, -29.549397375673234 ], [ -71.327756895748081, -29.549280536785226 ], [ -71.32775422035003, -29.549163847995256 ], [ -71.327711533080659, -29.549047952566589 ], [ -71.327682150164705, -29.548931731902567 ], [ -71.327626156544483, -29.548816060647624 ], [ -71.327597844752546, -29.548746553711972 ], [ -71.327570056167929, -29.548700317258426 ], [ -71.32755568080178, -29.548653918778726 ], [ -71.32750130236893, -29.548608240362682 ], [ -71.327499162698132, -29.548514904815004 ], [ -71.327522556500725, -29.548374480334864 ], [ -71.327532750420147, -29.548234296222063 ], [ -71.327543381416746, -29.548117364261973 ], [ -71.327499357331874, -29.547943120236873 ], [ -71.327471312641009, -29.547885248855913 ], [ -71.327416388833427, -29.547816208259764 ], [ -71.327415319917733, -29.547769577450516 ], [ -71.327388066990025, -29.547746692409635 ], [ -71.327398806726563, -29.547629861387648 ], [ -71.327435611917792, -29.547489201869649 ], [ -71.327432938114825, -29.547372513003463 ], [ -71.327403558244598, -29.547256384187961 ], [ -71.32736085866658, -29.547140387750055 ], [ -71.327317638619704, -29.547001139691403 ], [ -71.327308015906951, -29.546581273824888 ], [ -71.327339553192957, -29.546444946688894 ], [ -71.327263748999982, -29.545955239596882 ], [ -71.327361311228429, -29.545413517313211 ], [ -71.327371942588087, -29.545296595246164 ], [ -71.327366596511567, -29.54506330130717 ], [ -71.327337312453665, -29.544947170736528 ], [ -71.327334637801854, -29.544830472817846 ], [ -71.327345272318837, -29.544713642708256 ], [ -71.327393339478775, -29.544479420852632 ], [ -71.32741460398951, -29.54424566056176 ], [ -71.327462681156163, -29.544011438506047 ], [ -71.327718674827537, -29.543540276945322 ], [ -71.327745122515893, -29.543528082007867 ], [ -71.327756824194111, -29.54345787460834 ], [ -71.327796129879545, -29.543422183651668 ], [ -71.327820068231716, -29.543305112214703 ], [ -71.327812046955387, -29.542955137502037 ], [ -71.327782763175833, -29.542839006990469 ], [ -71.327740078845778, -29.542723102308106 ], [ -71.327710687934939, -29.542606881631166 ], [ -71.327695416985762, -29.542525507561127 ], [ -71.327655405556726, -29.542526208786573 ], [ -71.327668004008856, -29.542490985929803 ], [ -71.327543156145509, -29.542283064082472 ], [ -71.327461263136726, -29.542202857477804 ], [ -71.327028007476514, -29.541930418986986 ], [ -71.326879108068738, -29.541839662671237 ], [ -71.326606444217958, -29.541587687911704 ], [ -71.326497300520273, -29.541484595321574 ], [ -71.326278586805174, -29.541255129497305 ], [ -71.326209197478747, -29.5411396089379 ], [ -71.326166515969859, -29.541023712602563 ], [ -71.326054435157502, -29.540792286740658 ], [ -71.326038457346641, -29.540675830671315 ], [ -71.326009081537379, -29.540559701246302 ], [ -71.32596638812457, -29.540443713010774 ], [ -71.325963717643091, -29.540327106880419 ], [ -71.325825038250002, -29.540096155567323 ], [ -71.325782357715696, -29.539980259945512 ], [ -71.325712959577857, -29.53986473830652 ], [ -71.325654301934605, -29.539632376547615 ], [ -71.325622258009119, -29.539399641689023 ], [ -71.325579564581076, -29.539283653277671 ], [ -71.325563601122099, -29.539167288866828 ], [ -71.325558260714374, -29.538934002528372 ], [ -71.325595598993957, -29.538816612860522 ], [ -71.325643575464724, -29.538582476906125 ], [ -71.325680913543664, -29.538465087221052 ], [ -71.325704949693801, -29.538348022452677 ], [ -71.32575559240027, -29.538230390773361 ], [ -71.325819648504989, -29.538112626150713 ], [ -71.3258969969703, -29.537994535824385 ], [ -71.325922644439316, -29.537947446115641 ], [ -71.325948442814678, -29.537911993161899 ], [ -71.32596131918406, -29.537888404981441 ], [ -71.325961052549658, -29.537876761227221 ], [ -71.326000261000033, -29.537841073439758 ], [ -71.326012764720218, -29.537805853280855 ], [ -71.326051439383249, -29.537746813026843 ], [ -71.326053037219083, -29.537730812669206 ], [ -71.326451336287349, -29.537144758531994 ], [ -71.326528150367565, -29.537003398435836 ], [ -71.32661933588966, -29.536908428077922 ], [ -71.326724198719873, -29.536824856584335 ], [ -71.326829330019038, -29.536753012630719 ], [ -71.327040546620367, -29.536656031365062 ], [ -71.327132905635864, -29.536607679810881 ], [ -71.327198722675774, -29.536571525528501 ], [ -71.327262776147236, -29.536453760331401 ], [ -71.327179272607893, -29.536303476296339 ], [ -71.327042733850149, -29.536165862648126 ], [ -71.32701495126571, -29.536119708759134 ], [ -71.326987978370468, -29.536108448955666 ], [ -71.326983169293712, -29.535898516092637 ], [ -71.32700147613356, -29.535751871114474 ], [ -71.327107869100189, -29.535568672777465 ], [ -71.327397427757958, -29.535342848994379 ], [ -71.327423865219387, -29.535330746383913 ], [ -71.327463338777051, -29.535306692962337 ], [ -71.327516396707949, -29.535294123903629 ], [ -71.327567666138663, -29.535199851456561 ], [ -71.327538557008907, -29.535095348001672 ], [ -71.32751105162761, -29.535060837771553 ], [ -71.327456659876788, -29.535015140275707 ], [ -71.327349669485258, -29.535005292440104 ], [ -71.327242402253177, -29.534983809966892 ], [ -71.327162118751701, -29.534973576175542 ], [ -71.327148547686036, -29.534962174525365 ], [ -71.327108004263721, -29.534939522995998 ], [ -71.327093096554194, -29.534869771831666 ], [ -71.327085082658257, -29.534519889376707 ], [ -71.327095703783158, -29.534402967381581 ], [ -71.327133052205809, -29.534285660161171 ], [ -71.327183691735215, -29.534168037090343 ], [ -71.327195221531241, -29.534086193292513 ], [ -71.327234429184088, -29.534050505207674 ], [ -71.327231758148287, -29.533933908088184 ], [ -71.327202381182275, -29.533817677787976 ], [ -71.327186405841999, -29.533701313737946 ], [ -71.327181062689633, -29.533468018459317 ], [ -71.327205093408622, -29.533350871454289 ], [ -71.327215727612213, -29.533234032209773 ], [ -71.327159744657095, -29.533118369021867 ], [ -71.327090895495161, -29.533026200978437 ], [ -71.327101526892022, -29.532909278787002 ], [ -71.327074545651513, -29.532898112031752 ], [ -71.32705937310385, -29.532816735089835 ], [ -71.327052959622293, -29.532536734903172 ], [ -71.327037520694887, -29.532443724115566 ], [ -71.327048687025439, -29.532350154356823 ], [ -71.327046549369356, -29.532256826666725 ], [ -71.327084418883672, -29.53216278913855 ], [ -71.327110332033939, -29.532127333992211 ], [ -71.327135700824726, -29.532068609566618 ], [ -71.327162030210175, -29.532056416908979 ], [ -71.327238048811964, -29.53188006921404 ], [ -71.327250924207974, -29.531856480947138 ], [ -71.327276989118673, -29.531832745515281 ], [ -71.327273783145301, -29.531692786906326 ], [ -71.327245037178713, -29.531599926259183 ], [ -71.327228965346947, -29.53148347184278 ], [ -71.327214326841045, -29.531425447354209 ], [ -71.32721352543723, -29.531390460178454 ], [ -71.327186553837549, -29.531379201242157 ], [ -71.327184951032791, -29.531309225986806 ], [ -71.327157809938328, -29.531286422624653 ], [ -71.327154871723025, -29.531158098712591 ], [ -71.327166038115394, -29.531064538860594 ], [ -71.327243915074945, -29.530969800453985 ], [ -71.327269816549901, -29.530934345489111 ], [ -71.327308500335945, -29.53087538777913 ], [ -71.327347705735633, -29.530839698831397 ], [ -71.327342093395984, -29.530594685795879 ], [ -71.32731484729328, -29.530571884297629 ], [ -71.327313244473459, -29.530501909941961 ], [ -71.327339689941965, -29.530489714326841 ], [ -71.327350847722357, -29.530396237608219 ], [ -71.327375665611072, -29.530394186192897 ], [ -71.327694686592153, -29.530261839063392 ], [ -71.327774700821791, -29.530260437085889 ], [ -71.327933668252669, -29.530210918945176 ], [ -71.328039862450495, -29.5301857882659 ], [ -71.328131041827817, -29.530090816273166 ], [ -71.328196414185143, -29.530031307624963 ], [ -71.328218254759051, -29.530016376063578 ], [ -71.328248934184103, -29.529995385994063 ], [ -71.328354581381731, -29.529946893835014 ], [ -71.328434605430701, -29.529945482275323 ], [ -71.328514084199895, -29.529920727444111 ], [ -71.328594097083212, -29.529919325006105 ], [ -71.32875210118722, -29.529823182198331 ], [ -71.328778165444618, -29.529799455530664 ], [ -71.328951601031434, -29.529796415213529 ], [ -71.329086539363843, -29.529864052892197 ], [ -71.329113775118856, -29.529886845180673 ], [ -71.329153794157492, -29.529886244606146 ], [ -71.3292202353378, -29.529873348314325 ], [ -71.329299981420348, -29.529860310730474 ], [ -71.329310076744406, -29.529720119022713 ], [ -71.329335988524036, -29.529684663506739 ], [ -71.329416267909281, -29.529694895306296 ], [ -71.3294562752682, -29.529694193808549 ], [ -71.329470114493262, -29.529717313842372 ], [ -71.329563430984464, -29.52971567755333 ], [ -71.329629604404488, -29.529691155380643 ], [ -71.329628536498589, -29.529644533517423 ], [ -71.329614440804704, -29.529609778599863 ], [ -71.329587192396389, -29.529586885597176 ], [ -71.329556127664546, -29.529541334623939 ], [ -71.329278829407855, -29.529522289186616 ], [ -71.329078785673346, -29.52952579549434 ], [ -71.329077984720897, -29.529490808336988 ], [ -71.329010729384748, -29.529468625604014 ], [ -71.329008858764098, -29.52938701569343 ], [ -71.329086742856887, -29.529292267150062 ], [ -71.329192656634405, -29.529255409088307 ], [ -71.329299116202961, -29.529241913096179 ], [ -71.329352157287204, -29.529229251697018 ], [ -71.329417272960058, -29.529158106686364 ], [ -71.329400760656128, -29.529018381498858 ], [ -71.329398620923598, -29.528925044900571 ], [ -71.329504172596174, -29.528876553555929 ], [ -71.329717612536598, -29.52887281173868 ], [ -71.329756817367524, -29.528837123042134 ], [ -71.329836037416527, -29.528800732597841 ], [ -71.329780310816034, -29.528696705375456 ], [ -71.329740035999549, -29.528685679326991 ], [ -71.329632518735849, -29.528652563525338 ], [ -71.329525794365637, -29.528654434928033 ], [ -71.329472217003683, -29.528643734969787 ], [ -71.329418266654457, -29.528621309208315 ], [ -71.329378260747774, -29.528622010653475 ], [ -71.329324148088077, -29.52858795822074 ], [ -71.329346307672324, -29.528389283989871 ], [ -71.329411584396993, -29.528329775571805 ], [ -71.329490803994972, -29.528293376328147 ], [ -71.329650934320554, -29.528290568487716 ], [ -71.329677006189968, -29.528266749509616 ], [ -71.329729608069883, -29.528230816880598 ], [ -71.329728270494385, -29.528172477342888 ], [ -71.329699963858815, -29.528102961403111 ], [ -71.329672718176766, -29.528080169391075 ], [ -71.329645852627593, -29.528068918089495 ], [ -71.329618617071105, -29.528046116866495 ], [ -71.329537792056996, -29.52801252298438 ], [ -71.329457245384205, -29.527990573495426 ], [ -71.329430533013621, -29.527991041860869 ], [ -71.32940329457081, -29.527968156742489 ], [ -71.329309444363915, -29.527946440415839 ], [ -71.329308642352416, -29.527911453274001 ], [ -71.329294536530725, -29.527876689457987 ], [ -71.329306504909226, -29.527818208635303 ], [ -71.329371619595619, -29.527747055565058 ], [ -71.329450294360853, -29.527687313132748 ], [ -71.329476624445661, -29.527675212067432 ], [ -71.329542539952243, -29.527639045177864 ], [ -71.32958201113415, -29.527614991274096 ], [ -71.329551660124977, -29.527452146931164 ], [ -71.329551393605954, -29.527440521223983 ], [ -71.329470847186684, -29.527418562699054 ], [ -71.329389928073013, -29.527384979374997 ], [ -71.329323048913722, -29.527374512549276 ], [ -71.329309114205088, -29.527351395056346 ], [ -71.329268831791452, -29.527340461894639 ], [ -71.329254457484552, -29.527293980375394 ], [ -71.329227222230529, -29.527271179053454 ], [ -71.329226151454137, -29.527224464294928 ], [ -71.329264018620847, -29.527130436194653 ], [ -71.329315295220979, -29.527036255081743 ], [ -71.329341623258813, -29.527024071087009 ], [ -71.329338951393666, -29.526907464983442 ], [ -71.329324856264478, -29.526872710897532 ], [ -71.329310484142994, -29.526826322262149 ], [ -71.329308344684009, -29.526732985627081 ], [ -71.329319508884709, -29.526639425672233 ], [ -71.329305136785621, -29.526593036131064 ], [ -71.329264329721667, -29.526558750348489 ], [ -71.329208510015775, -29.526454715399627 ], [ -71.329166898999375, -29.526385349545397 ], [ -71.329151458461155, -29.526292338997578 ], [ -71.32914931919457, -29.526199002344441 ], [ -71.329187185892323, -29.526104964350282 ], [ -71.329393146653089, -29.525774692358048 ], [ -71.329418940979792, -29.525739238906166 ], [ -71.329484587752646, -29.525691355294985 ], [ -71.329484321053656, -29.525679720566394 ], [ -71.329589428936515, -29.525607874334892 ], [ -71.329694974032947, -29.525559291047266 ], [ -71.329840097660352, -29.52548674386102 ], [ -71.329892441883089, -29.525439185347079 ], [ -71.329930843039648, -29.525368499598802 ], [ -71.329968174439941, -29.525251201914642 ], [ -71.329978803365861, -29.525134279575468 ], [ -71.32996282694711, -29.525017915819575 ], [ -71.329919344877069, -29.524866931253072 ], [ -71.329891574798822, -29.524820777615457 ], [ -71.329850222629943, -29.524763139739566 ], [ -71.329844874276006, -29.524529844608054 ], [ -71.32985550440624, -29.524413014262819 ], [ -71.329879541725433, -29.524295856795423 ], [ -71.329876868736136, -29.524179260626347 ], [ -71.329836318704423, -29.524156599955063 ], [ -71.329820876121332, -29.524063505606243 ], [ -71.329752033500512, -29.523971431506546 ], [ -71.329656743260699, -29.523891367580255 ], [ -71.329548793704731, -29.523834979363748 ], [ -71.32949484619904, -29.523812563398874 ], [ -71.329467448249488, -29.523778032608018 ], [ -71.32944046950881, -29.523766876120344 ], [ -71.329412966626549, -29.523732356177966 ], [ -71.32940975769165, -29.523592305612077 ], [ -71.329448959700684, -29.523556617104358 ], [ -71.329515664505863, -29.523555447614161 ], [ -71.329662923756004, -29.523576227509668 ], [ -71.329838124601423, -29.523654798215663 ], [ -71.329878664114275, -29.523677459079735 ], [ -71.329985117530384, -29.523663952933305 ], [ -71.33001074849409, -29.523616769923564 ], [ -71.330021378432988, -29.523499940467801 ], [ -71.330019507455063, -29.523418330542732 ], [ -71.330046208302349, -29.523417862305436 ], [ -71.3300587089674, -29.523382632851792 ], [ -71.330098445178052, -29.523370213605457 ], [ -71.330097642816867, -29.523335216539678 ], [ -71.330137113354198, -29.523311255456683 ], [ -71.330230530122947, -29.523309617158336 ], [ -71.330244366414547, -29.523332644286853 ], [ -71.330337945874845, -29.523342734481567 ], [ -71.330564152896258, -29.52331540601201 ], [ -71.330603879569139, -29.523303069781537 ], [ -71.330615148391587, -29.52320949797722 ], [ -71.33065515213346, -29.523208796276286 ], [ -71.330892789828539, -29.523099615020154 ], [ -71.330890916279031, -29.523017922177438 ], [ -71.330875100781554, -29.522913186085471 ], [ -71.33083509716225, -29.522913887846229 ], [ -71.330727145165071, -29.522857417613682 ], [ -71.3306596280474, -29.522823591714864 ], [ -71.330605519235007, -29.522789538711333 ], [ -71.330603914657843, -29.522719564437807 ], [ -71.330614277075682, -29.522591099336292 ], [ -71.330640977715106, -29.522590631893205 ], [ -71.330706516749828, -29.522542748743298 ], [ -71.330705714433833, -29.522507761607855 ], [ -71.330745451088305, -29.522495425171073 ], [ -71.330851367567888, -29.522458565992586 ], [ -71.331063723451578, -29.522408107999862 ], [ -71.331209281386307, -29.522358913672829 ], [ -71.331261879977291, -29.522322989622868 ], [ -71.331260008093352, -29.522241379755542 ], [ -71.331217863936359, -29.522148745045317 ], [ -71.331150347368052, -29.52211492839362 ], [ -71.331109541629615, -29.522080643092409 ], [ -71.330788700585927, -29.522051269442365 ], [ -71.330682248770387, -29.522064766217902 ], [ -71.330576066062633, -29.522090000438048 ], [ -71.330496594907331, -29.522114756148557 ], [ -71.330469893379714, -29.52211522447568 ], [ -71.330324870992513, -29.522187779431093 ], [ -71.330285680114329, -29.522223467977458 ], [ -71.330259771427578, -29.522258923574594 ], [ -71.330233069857584, -29.522259391856224 ], [ -71.330127259520822, -29.522296248681009 ], [ -71.330087522854157, -29.522308584932979 ], [ -71.330020540828627, -29.522298120134199 ], [ -71.329967128378712, -29.522299056759845 ], [ -71.329926589627036, -29.522276404907135 ], [ -71.329924718838896, -29.52219479586331 ], [ -71.329988748740831, -29.522076937085462 ], [ -71.330039487911336, -29.521959394343458 ], [ -71.330103422689405, -29.521841537185352 ], [ -71.330129856389973, -29.521829434223868 ], [ -71.330141554978724, -29.521759226631268 ], [ -71.330194165024054, -29.521723302798726 ], [ -71.330205061218834, -29.5216180981304 ], [ -71.330177815166252, -29.521595214131111 ], [ -71.33015095323745, -29.521584045794121 ], [ -71.33006745956564, -29.521433771848869 ], [ -71.33007969351452, -29.521386916683987 ], [ -71.330106127103818, -29.521374813732812 ], [ -71.33018480684207, -29.521315061908648 ], [ -71.33025087990417, -29.521290541369872 ], [ -71.330290616364792, -29.521278214108019 ], [ -71.330397590204527, -29.521287968388354 ], [ -71.330518412750592, -29.521320851419329 ], [ -71.330572359296184, -29.521343276054036 ], [ -71.330612629086176, -29.521354209132959 ], [ -71.330667006822736, -29.521399979853882 ], [ -71.330749151064026, -29.521491820217861 ], [ -71.330803259197808, -29.521525873204261 ], [ -71.330883276686464, -29.52152446955068 ], [ -71.330976146980433, -29.521499570587491 ], [ -71.331015090054777, -29.521452154778043 ], [ -71.331106261357135, -29.521357273191569 ], [ -71.33117082396889, -29.521262767262602 ], [ -71.331196197510494, -29.521203958186494 ], [ -71.331208697551531, -29.521168728650665 ], [ -71.331232723560888, -29.521051663193852 ], [ -71.331219315720162, -29.521051898428325 ], [ -71.331205487556744, -29.521028770209352 ], [ -71.331164672159872, -29.520994494095671 ], [ -71.331083596167844, -29.520949274955409 ], [ -71.331003054732761, -29.520927317076012 ], [ -71.330923037720794, -29.520928720775988 ], [ -71.330909477668811, -29.520917235344164 ], [ -71.33085446114373, -29.520848188988797 ], [ -71.330852054192448, -29.520743226664425 ], [ -71.330823472359455, -29.520662086195671 ], [ -71.33080936721565, -29.520627322479005 ], [ -71.330781864835828, -29.520592803685872 ], [ -71.330765886482439, -29.520476347983688 ], [ -71.330791785295943, -29.520440892476497 ], [ -71.330804554307065, -29.52041738968062 ], [ -71.330817588183663, -29.520405437745289 ], [ -71.330857163417406, -29.52038146472799 ], [ -71.330896363728854, -29.520345775873025 ], [ -71.330895561419197, -29.520310788730775 ], [ -71.330854487602736, -29.520264775688489 ], [ -71.330827254238656, -29.520241984508463 ], [ -71.330813309962863, -29.520218866394799 ], [ -71.330693302274923, -29.520220971411277 ], [ -71.330613018825431, -29.520210731147824 ], [ -71.330572747574706, -29.520199714177142 ], [ -71.330531676075438, -29.520153793906843 ], [ -71.330557304998479, -29.520106611751153 ], [ -71.330583482986029, -29.520082882813742 ], [ -71.330635975301178, -29.520046950977992 ], [ -71.330689021977705, -29.520034298138246 ], [ -71.330715188366909, -29.520010560358511 ], [ -71.330781622922061, -29.519997663633092 ], [ -71.330821369122788, -29.519985336060646 ], [ -71.330928341612264, -29.519995089987074 ], [ -71.331128634237686, -29.520003308645862 ], [ -71.331154703751736, -29.519979489486115 ], [ -71.331220337915795, -29.519931697390017 ], [ -71.331233104659702, -29.519908102579002 ], [ -71.33125954803333, -29.519895999243502 ], [ -71.331258210012663, -29.519837658794525 ], [ -71.331284375341724, -29.51981383793051 ], [ -71.331296072786174, -29.51974362125544 ], [ -71.331320632161422, -29.519649825231745 ], [ -71.331331797119617, -29.519556348106043 ], [ -71.331356356221704, -29.519462543059834 ], [ -71.331368320625373, -29.51940396921994 ], [ -71.331380926625741, -29.519368737811369 ], [ -71.331378786122016, -29.519275410227159 ], [ -71.331401101173867, -29.519088354282015 ], [ -71.331398960676026, -29.518995026695208 ], [ -71.331356551342878, -29.518890767115188 ], [ -71.331301908731845, -29.518833352842773 ], [ -71.331221904725751, -29.518834756433485 ], [ -71.331154658332039, -29.518812666373602 ], [ -71.331114120581972, -29.518790005792955 ], [ -71.331086608335085, -29.518755487213451 ], [ -71.331072513952591, -29.518720733244667 ], [ -71.331005534233029, -29.518710267911509 ], [ -71.33084551503363, -29.518713074876501 ], [ -71.330765242217197, -29.518702751475935 ], [ -71.330711671323272, -29.518692060721936 ], [ -71.330684704968945, -29.518680894294121 ], [ -71.330617189688155, -29.518647067317378 ], [ -71.330576919089822, -29.518636051213338 ], [ -71.330562547841581, -29.518589662628184 ], [ -71.330559872539155, -29.518472972630946 ], [ -71.330546570196958, -29.518473205934537 ], [ -71.330491825225835, -29.518415886015504 ], [ -71.330398784859383, -29.518429157140947 ], [ -71.330346026508664, -29.51845345321378 ], [ -71.330333420850693, -29.518488666488398 ], [ -71.330253939137336, -29.518513339149958 ], [ -71.330200378487319, -29.518502638982369 ], [ -71.330160099574968, -29.518491705890426 ], [ -71.330145899556143, -29.518456962682603 ], [ -71.330091514223781, -29.518411182775285 ], [ -71.330049385384953, -29.518318640201816 ], [ -71.330007777544893, -29.518249274381841 ], [ -71.329953127825434, -29.51819195165065 ], [ -71.329939462088447, -29.518180468853167 ], [ -71.329912590802081, -29.518169300592483 ], [ -71.329872053568948, -29.518146639601326 ], [ -71.329858123315972, -29.518123614939004 ], [ -71.329830716817938, -29.51808909331714 ], [ -71.329803470610116, -29.518066200173603 ], [ -71.329841344507074, -29.517972161906123 ], [ -71.329892501087414, -29.517877983660661 ], [ -71.3299570744189, -29.517783486253006 ], [ -71.329982971669182, -29.517748021912887 ], [ -71.329994936763327, -29.517689449052273 ], [ -71.330006100734536, -29.517595879074502 ], [ -71.329991463234364, -29.517537854758107 ], [ -71.329937624252082, -29.517515436931554 ], [ -71.329936390929049, -29.517492992555141 ], [ -71.32988060543363, -29.517471329643346 ], [ -71.329648372339463, -29.517392316777986 ], [ -71.32960920778288, -29.517159439209422 ], [ -71.329607337617873, -29.517077829182547 ], [ -71.329593766723164, -29.517066335656708 ], [ -71.329538326485547, -29.516974025323599 ], [ -71.329470022580111, -29.516905220197838 ], [ -71.329401439736088, -29.516824687583977 ], [ -71.329319832638419, -29.516756105642862 ], [ -71.329292426738263, -29.516721584774864 ], [ -71.329265192559802, -29.516698699407002 ], [ -71.32926144259082, -29.516535481285082 ], [ -71.329287617704182, -29.516511650724361 ], [ -71.329352084668798, -29.516417156373041 ], [ -71.32935128279118, -29.516382159252029 ], [ -71.329404159206845, -29.516357963472192 ], [ -71.329519084299193, -29.516134199114873 ], [ -71.329543539336072, -29.516040396156654 ], [ -71.329554808815999, -29.515946824339153 ], [ -71.329592673292808, -29.515852888245593 ], [ -71.329617674894536, -29.51578244745167 ], [ -71.329643838396919, -29.515758617032308 ], [ -71.329720910785881, -29.515628890365559 ], [ -71.329732972624114, -29.515570398817566 ], [ -71.329730299653406, -29.51545370958204 ], [ -71.329675822653144, -29.515408032968868 ], [ -71.329648321975313, -29.515373504799626 ], [ -71.329594750818998, -29.515362720604131 ], [ -71.329514738104336, -29.51536412321704 ], [ -71.329276336101614, -29.515438304606171 ], [ -71.329181858385709, -29.515393319878765 ], [ -71.32916695330627, -29.515323577697632 ], [ -71.329179176832767, -29.515276722774498 ], [ -71.329244550761103, -29.515217204828549 ], [ -71.329297156875342, -29.515181280603763 ], [ -71.329349925204582, -29.515156984817374 ], [ -71.329374754090395, -29.515074907669959 ], [ -71.329373952476004, -29.515039920462009 ], [ -71.329345650588465, -29.514970413124395 ], [ -71.32938351366009, -29.514876375168104 ], [ -71.329408875404113, -29.514817558495228 ], [ -71.329421375656736, -29.514782338123489 ], [ -71.329538983375059, -29.514675271888887 ], [ -71.329605416788908, -29.514662467907158 ], [ -71.329778731629091, -29.514659430486926 ], [ -71.32986033597227, -29.51472800233983 ], [ -71.329860602595545, -29.514739637084467 ], [ -71.329901138412396, -29.514762298164541 ], [ -71.329928905210551, -29.514808442997083 ], [ -71.330115897079892, -29.514816896770515 ], [ -71.330220990651966, -29.514744958609391 ], [ -71.330246793494439, -29.514709504913409 ], [ -71.330245458258887, -29.514651248242149 ], [ -71.330190283475048, -29.514570480871331 ], [ -71.330095109531513, -29.514490506828196 ], [ -71.330040098339992, -29.514421458932873 ], [ -71.330051356173428, -29.5143278972057 ], [ -71.330064122565418, -29.514304301610803 ], [ -71.330090030524602, -29.514268846102443 ], [ -71.330102799236286, -29.514245352405478 ], [ -71.330182799717235, -29.514243950587478 ], [ -71.330290311849879, -29.51427706665568 ], [ -71.330330845225589, -29.51429962570996 ], [ -71.330371917241806, -29.514345639079437 ], [ -71.330479963993227, -29.514402116464442 ], [ -71.33053406809789, -29.51443616980611 ], [ -71.330614069714642, -29.514434766800555 ], [ -71.330707103281838, -29.514421403756085 ], [ -71.33074576908929, -29.514362445545533 ], [ -71.330743629397205, -29.514269108830998 ], [ -71.330768188329188, -29.514175312883268 ], [ -71.330781234725592, -29.514163444651366 ], [ -71.330820966276065, -29.514151025393915 ], [ -71.330832758502552, -29.514080806157661 ], [ -71.330830620884512, -29.513987562328083 ], [ -71.330802851832786, -29.513941325707673 ], [ -71.330602839993318, -29.513944832614204 ], [ -71.330443896666239, -29.513994251594635 ], [ -71.330444165456612, -29.51400597831708 ], [ -71.330364430840476, -29.514019015943678 ], [ -71.330204418947886, -29.514021821733241 ], [ -71.330137185004816, -29.513999628856588 ], [ -71.330096651792331, -29.513977069733333 ], [ -71.330082279463369, -29.513930589036764 ], [ -71.33009344426597, -29.51383711102967 ], [ -71.330105132046228, -29.513766903592732 ], [ -71.330144596669825, -29.513742839877292 ], [ -71.330128623841972, -29.513626476754176 ], [ -71.330113726668273, -29.513556642521593 ], [ -71.330138182806593, -29.513462931466094 ], [ -71.330204892320921, -29.513461762695147 ], [ -71.330245694103212, -29.513496048521947 ], [ -71.330313194159487, -29.513529866185635 ], [ -71.330327029184787, -29.51355290242649 ], [ -71.330367039446784, -29.513552200839264 ], [ -71.330434274159586, -29.513574393596326 ], [ -71.330580983414563, -29.513571811822864 ], [ -71.330607320326891, -29.513559719554923 ], [ -71.330633216370217, -29.513524255138901 ], [ -71.330672682025721, -29.513500201179223 ], [ -71.330737240773246, -29.513405703726622 ], [ -71.330763041884069, -29.513370240952639 ], [ -71.330801707508371, -29.513311291758779 ], [ -71.330839567456707, -29.51321724447406 ], [ -71.330851904615415, -29.513170304432752 ], [ -71.330891637677993, -29.513157968137829 ], [ -71.330890835604407, -29.513122980957622 ], [ -71.330902799588543, -29.513064398116917 ], [ -71.330915405331439, -29.513029175773827 ], [ -71.330940929460468, -29.512982087431929 ], [ -71.330935581373168, -29.512748801086268 ], [ -71.330920952447556, -29.51269068466214 ], [ -71.330907118661173, -29.51266765748106 ], [ -71.330891837722234, -29.512586181633889 ], [ -71.330876398622877, -29.512493171081065 ], [ -71.3308888993664, -29.512457959603235 ], [ -71.3309267591777, -29.512363921322255 ], [ -71.330952654830256, -29.512328456860946 ], [ -71.331004896422044, -29.512280816003031 ], [ -71.331017490710508, -29.512245593852644 ], [ -71.331044083447409, -29.512245127419892 ], [ -71.331070258182777, -29.512221389478558 ], [ -71.33108275862439, -29.51218616896892 ], [ -71.331078479238059, -29.511999505441722 ], [ -71.331117140841087, -29.511940454300746 ], [ -71.331168943549855, -29.511869543151281 ], [ -71.331207608214839, -29.511810584853571 ], [ -71.331245467526458, -29.51171654650279 ], [ -71.331270025333936, -29.51162274147077 ], [ -71.331347884688284, -29.511528001430761 ], [ -71.331385757250857, -29.51143405573341 ], [ -71.331434777844038, -29.511246457212071 ], [ -71.331460138834331, -29.511187648330857 ], [ -71.33148593917511, -29.511152185450385 ], [ -71.331484603629917, -29.511093937817218 ], [ -71.331549963280708, -29.511034418203089 ], [ -71.331561660171502, -29.510964210502941 ], [ -71.331545683237621, -29.510847754705772 ], [ -71.33151764996407, -29.510789966411362 ], [ -71.331491047306997, -29.510790433098837 ], [ -71.331449977392438, -29.510744419983709 ], [ -71.331409978575095, -29.510745121655475 ], [ -71.331330238452693, -29.510758251882656 ], [ -71.331250773039713, -29.510782915623103 ], [ -71.331092811177285, -29.510879059702756 ], [ -71.331079778683431, -29.510891020629696 ], [ -71.331040301663293, -29.510914981955722 ], [ -71.331013872959915, -29.510927177837939 ], [ -71.330987813761595, -29.510950903810073 ], [ -71.330934677172024, -29.510963568105634 ], [ -71.330854934689896, -29.510976606078437 ], [ -71.330774936816582, -29.510978008160194 ], [ -71.330695204605391, -29.510991045858017 ], [ -71.330465828753987, -29.510878424080772 ], [ -71.330505827650683, -29.510877722690143 ], [ -71.330518433110328, -29.51084249136365 ], [ -71.330557896768454, -29.510818437502991 ], [ -71.33061065120819, -29.510794140639064 ], [ -71.330637359039983, -29.51079367228359 ], [ -71.330650127262956, -29.510770179455452 ], [ -71.330756554691902, -29.51075658071224 ], [ -71.330756681527603, -29.510739526221823 ], [ -71.330846774398353, -29.510647288276637 ], [ -71.330760769065307, -29.51051284577813 ], [ -71.330633528148553, -29.510590576434584 ], [ -71.33048771572679, -29.510668012860773 ], [ -71.330446645494149, -29.510622009344573 ], [ -71.330405301281601, -29.510564454192242 ], [ -71.330417531994641, -29.510517506123172 ], [ -71.33043013765645, -29.510482283821872 ], [ -71.330482902498446, -29.510457996754266 ], [ -71.33049459986816, -29.510387779186104 ], [ -71.330452997499236, -29.510318506151258 ], [ -71.330345595564353, -29.510285378188126 ], [ -71.330330585560546, -29.51021563883673 ], [ -71.330342923542503, -29.510168780910313 ], [ -71.330393538937003, -29.510051157267824 ], [ -71.330419980972422, -29.510039054200352 ], [ -71.330418377354476, -29.509969079783399 ], [ -71.330457574074444, -29.509933391218816 ], [ -71.330414091164698, -29.509782499249951 ], [ -71.330371695524377, -29.509678145892234 ], [ -71.330369024569549, -29.509561548587865 ], [ -71.33042178875894, -29.50953725254913 ], [ -71.330421522127892, -29.509525617800026 ], [ -71.330434556875531, -29.50951375884177 ], [ -71.330473474350967, -29.50946634282894 ], [ -71.330540181208193, -29.509465173131463 ], [ -71.330607156841779, -29.509475731031412 ], [ -71.330713850697322, -29.509473860042405 ], [ -71.330820181943224, -29.509460263885874 ], [ -71.330846356063404, -29.509436526016081 ], [ -71.330926353730902, -29.509435123037864 ], [ -71.330978582419291, -29.509387474335199 ], [ -71.330991176430445, -29.509352252192432 ], [ -71.331017512230503, -29.509340159898862 ], [ -71.331002606885278, -29.509270408868147 ], [ -71.330946901583062, -29.509166381151605 ], [ -71.330838604217533, -29.509098277904787 ], [ -71.33083833541464, -29.509086550275203 ], [ -71.330730562087453, -29.509041799587745 ], [ -71.330636462768041, -29.509008447548368 ], [ -71.330623428105952, -29.509020306522409 ], [ -71.330515386396243, -29.508963837938154 ], [ -71.330501724023804, -29.508952447100693 ], [ -71.330447879092262, -29.508930019472032 ], [ -71.33042011262657, -29.508883865635589 ], [ -71.330430847931851, -29.508767033256319 ], [ -71.33045476547116, -29.508649868696303 ], [ -71.330452093501933, -29.508533271398896 ], [ -71.330436119443178, -29.508416815320263 ], [ -71.330435221037902, -29.508414965444864 ], [ -71.330380148642064, -29.508301153446524 ], [ -71.330365149294252, -29.508231412982628 ], [ -71.330377743201055, -29.508196181870805 ], [ -71.330468902015696, -29.508101209187359 ], [ -71.330521399231856, -29.50806529643177 ], [ -71.330628102955117, -29.508063425393694 ], [ -71.33076417574371, -29.508177683389718 ], [ -71.330818288888793, -29.508211828622272 ], [ -71.330845787627197, -29.508246347650193 ], [ -71.330885785478344, -29.508245646201924 ], [ -71.331147401770281, -29.508019308936422 ], [ -71.331173468406547, -29.50799548990274 ], [ -71.331186864217699, -29.507995254947907 ], [ -71.331239372034418, -29.507959323690475 ], [ -71.33130580001874, -29.507946528135079 ], [ -71.331358831976047, -29.507933958502623 ], [ -71.331385259901111, -29.50792176349356 ], [ -71.331425002427878, -29.507909435965288 ], [ -71.331477488462127, -29.507873505000116 ], [ -71.331529555551512, -29.507814218621384 ], [ -71.331568751287634, -29.507778538803141 ], [ -71.331552948906378, -29.507673802298893 ], [ -71.331511347083691, -29.507604529548228 ], [ -71.331498046171589, -29.507604762869189 ], [ -71.331484209666826, -29.507581633818347 ], [ -71.331470536873994, -29.507570234237171 ], [ -71.331443678867814, -29.507559075863792 ], [ -71.331430272807367, -29.507559311022181 ], [ -71.331416703047694, -29.507547816707255 ], [ -71.33138973884752, -29.507536659283101 ], [ -71.331376437943149, -29.507536892591411 ], [ -71.33136277547716, -29.507525492817248 ], [ -71.331281967826527, -29.507491899920669 ], [ -71.331255376336443, -29.507492366332947 ], [ -71.331201436388653, -29.507469949671339 ], [ -71.331148137953519, -29.50747088448286 ], [ -71.331121164314979, -29.507459718146265 ], [ -71.330934465151444, -29.507462992491547 ], [ -71.330908141357554, -29.507475093564494 ], [ -71.330881433371076, -29.507475561944737 ], [ -71.330828670133087, -29.507499849090387 ], [ -71.330775275792732, -29.507500785434654 ], [ -71.330748940607378, -29.507512885774656 ], [ -71.330722243948046, -29.507513353924605 ], [ -71.330695803619463, -29.507525457000309 ], [ -71.330562508953008, -29.50752779433606 ], [ -71.33049554808936, -29.507517329024388 ], [ -71.330495281471769, -29.507505694272368 ], [ -71.330481712045881, -29.507494209775199 ], [ -71.330441170122938, -29.507471650797367 ], [ -71.330413403008734, -29.507425404026858 ], [ -71.33034670882283, -29.50742657338871 ], [ -71.330293944435468, -29.507450860345788 ], [ -71.330267237474573, -29.507451328584249 ], [ -71.330240912563724, -29.507463429547265 ], [ -71.330214205598523, -29.507463897775256 ], [ -71.330188044006817, -29.507487718290086 ], [ -71.330041342245977, -29.507490290150123 ], [ -71.330027774977637, -29.507478897585099 ], [ -71.330000809624835, -29.507467637950352 ], [ -71.329987508716314, -29.50746787111926 ], [ -71.329973941250188, -29.507456469530418 ], [ -71.329946976135957, -29.507445219803614 ], [ -71.329919736068021, -29.507422418458486 ], [ -71.32990644547381, -29.507422651438233 ], [ -71.329892875915334, -29.507411157858709 ], [ -71.329865912721914, -29.507399991077936 ], [ -71.329839204714631, -29.507400458345991 ], [ -71.329812067935009, -29.507377572169702 ], [ -71.329758674651046, -29.507378508084205 ], [ -71.329675043573346, -29.507379346094069 ], [ -71.328994740229064, -29.507377733782921 ], [ -71.328764099561269, -29.507366708367275 ], [ -71.328715935022117, -29.507276884281872 ], [ -71.328785500335655, -29.507094339427741 ], [ -71.32889169240039, -29.506903661394784 ], [ -71.329036516111131, -29.506787814729247 ], [ -71.329071874811788, -29.506719169133806 ], [ -71.328968622003487, -29.506637894741289 ], [ -71.328901845288797, -29.506540905448109 ], [ -71.32889856105831, -29.506397437624209 ], [ -71.328986604745069, -29.50628357374389 ], [ -71.329065529446808, -29.506235467046416 ], [ -71.329091435913242, -29.506200011787175 ], [ -71.32914420086334, -29.506175808305326 ], [ -71.329264994455684, -29.506208693734536 ], [ -71.329278131973936, -29.506196740174232 ], [ -71.329332231144932, -29.506230794306038 ], [ -71.329359195868207, -29.506242044180954 ], [ -71.329386598708282, -29.506276565238991 ], [ -71.329453293217, -29.506275396381838 ], [ -71.329572226106777, -29.506226588210986 ], [ -71.329598121047354, -29.506191133061463 ], [ -71.329610888788622, -29.506167630417298 ], [ -71.329685540237818, -29.505932942432057 ], [ -71.329723132678666, -29.505827269720434 ], [ -71.329749840254607, -29.505826801596506 ], [ -71.329854403555501, -29.505731594412463 ], [ -71.329959651905583, -29.50567138636006 ], [ -71.330091726032563, -29.505610790962713 ], [ -71.330157617465161, -29.505574634555693 ], [ -71.33019708008456, -29.505550571856553 ], [ -71.330195476891916, -29.505480596479462 ], [ -71.330205837527188, -29.505352039190871 ], [ -71.330178606201358, -29.505329145702394 ], [ -71.330137531262068, -29.505283234074685 ], [ -71.330136194472843, -29.505224884433026 ], [ -71.33018692665911, -29.505107350850491 ], [ -71.33019889046227, -29.505048768939723 ], [ -71.330225586485, -29.505048300930238 ], [ -71.330250851049968, -29.504989494858734 ], [ -71.33023514549771, -29.50488475639624 ], [ -71.330181315273663, -29.504862421227902 ], [ -71.330181075999178, -29.50485656871869 ], [ -71.330040691980471, -29.504760878464268 ], [ -71.329784207665384, -29.50441425076562 ], [ -71.32971644671936, -29.504368806720322 ], [ -71.329715646160764, -29.504333810428697 ], [ -71.329680571230298, -29.504329020452058 ], [ -71.329335609899786, -29.504153730105163 ], [ -71.329040890923736, -29.503857847825234 ], [ -71.328836969524886, -29.503657896541597 ], [ -71.329129653528852, -29.503581767945807 ], [ -71.329215920174846, -29.503566095396533 ], [ -71.329335855675012, -29.503507247167491 ], [ -71.329333255760062, -29.503393715739783 ], [ -71.329292774138992, -29.50313893846452 ], [ -71.329377738427013, -29.503066458200532 ], [ -71.329447237414129, -29.50307949412468 ], [ -71.32950049236274, -29.503135299267896 ], [ -71.329709453723126, -29.503181345083114 ], [ -71.329933518667133, -29.503134832188874 ], [ -71.330137995641039, -29.502989256182474 ], [ -71.330188001512298, -29.502903218288974 ], [ -71.330131822162585, -29.50271971778546 ], [ -71.329934592578397, -29.502425102755833 ], [ -71.329757181123711, -29.502243726949295 ], [ -71.329771579087293, -29.50211572676438 ], [ -71.32985686642391, -29.502057401491875 ], [ -71.330049315862198, -29.502139191347851 ], [ -71.330157680839577, -29.502336030975236 ], [ -71.330300776205348, -29.502532261646465 ], [ -71.330473858950384, -29.50252922725425 ], [ -71.330540860576619, -29.502428637428739 ], [ -71.330539236628283, -29.502357757551 ], [ -71.330465083631722, -29.502146156643931 ], [ -71.330200211364698, -29.501923636225811 ], [ -71.330039567217142, -29.501713552073031 ], [ -71.330210708852007, -29.501625389891409 ], [ -71.330297612765094, -29.501638111277906 ], [ -71.330543545042147, -29.501789870300193 ], [ -71.330700386491159, -29.501829706915906 ], [ -71.330804201376509, -29.501827886631297 ], [ -71.330906812542466, -29.501769349870901 ], [ -71.330973487654418, -29.501654594734244 ], [ -71.33105390005646, -29.501383537162113 ], [ -71.331058102925184, -29.500815744705715 ], [ -71.331084944913499, -29.500474626136914 ], [ -71.331220884673101, -29.500358656259667 ], [ -71.331396565727843, -29.500469162104896 ], [ -71.331503400479946, -29.500595027122284 ], [ -71.331541619776218, -29.500750426397474 ], [ -71.331651381929348, -29.501003987696379 ], [ -71.331722178863046, -29.501073746219241 ], [ -71.332488369127788, -29.501251913696066 ], [ -71.333485367017772, -29.500922193837013 ], [ -71.334270402574504, -29.500411602807127 ], [ -71.334509233924621, -29.499499034128789 ], [ -71.334709779348884, -29.499183197287081 ], [ -71.334729532745072, -29.499139783962235 ], [ -71.334957175885421, -29.49863954962094 ], [ -71.335118530079313, -29.498125743787121 ], [ -71.335121523872161, -29.497501134579085 ], [ -71.335165814761183, -29.497166840516758 ], [ -71.335811300222062, -29.49661610623987 ], [ -71.335837137695151, -29.496232428283967 ], [ -71.336072642030999, -29.495930219314282 ], [ -71.335836220539008, -29.49543757261937 ], [ -71.335712392005476, -29.495326254376039 ], [ -71.335330537562598, -29.495290376125531 ], [ -71.335100957765988, -29.495095669743009 ], [ -71.335062420191719, -29.49492602236424 ], [ -71.33501833676695, -29.494515148685711 ], [ -71.335198414596292, -29.494057844285795 ], [ -71.335392763183549, -29.49347246821425 ], [ -71.335732816628365, -29.493196839054761 ], [ -71.335864346086439, -29.492889334795901 ], [ -71.335537824936566, -29.491489893933444 ], [ -71.335652753138291, -29.491218228575597 ], [ -71.33571582485942, -29.490947381201796 ], [ -71.335900020924953, -29.490674488865672 ], [ -71.335821740615813, -29.490278469008462 ], [ -71.33543404701723, -29.489987217224478 ], [ -71.335296226585058, -29.489265755827237 ], [ -71.334994788543071, -29.48895873370595 ], [ -71.334954301206722, -29.488703958112936 ], [ -71.334565638759003, -29.488370133909346 ], [ -71.334215675848966, -29.48821307596333 ], [ -71.333853653000759, -29.488190839197408 ], [ -71.333750177918972, -29.488206909233057 ], [ -71.333353959011731, -29.488299024242597 ], [ -71.331987941792917, -29.489146191595868 ], [ -71.331385327164213, -29.489298667257078 ], [ -71.330300881360088, -29.489587415812188 ], [ -71.330010499625956, -29.489762828529461 ], [ -71.329357876846842, -29.490001333012316 ], [ -71.32887984701334, -29.490208270467448 ], [ -71.328348575450846, -29.490438242960973 ], [ -71.328338437049041, -29.490445542927397 ], [ -71.328194233807835, -29.490529442368508 ], [ -71.328063499364617, -29.490624746192566 ], [ -71.327919202700414, -29.490708729983957 ], [ -71.32780123444229, -29.490780539240895 ], [ -71.327670062928448, -29.490852571425616 ], [ -71.327406988220716, -29.490973459518706 ], [ -71.327275188364709, -29.49102223242198 ], [ -71.327143125225604, -29.491059452436804 ], [ -71.327011433180601, -29.491108306196754 ], [ -71.32687910086203, -29.491133808203738 ], [ -71.32679995654739, -29.491158472207669 ], [ -71.326348271119102, -29.491166375159906 ], [ -71.326215675508536, -29.491180325551273 ], [ -71.32605471580483, -29.491189552226604 ], [ -71.325204457665947, -29.491128276255548 ], [ -71.325071064817507, -29.491107339070204 ], [ -71.32493803141206, -29.491098025916617 ], [ -71.324804638639421, -29.491077088458518 ], [ -71.324670716260485, -29.491032964169491 ], [ -71.324403919440186, -29.490991078842349 ], [ -71.324136699668841, -29.490926014327865 ], [ -71.323601102797454, -29.490749354968127 ], [ -71.323466913769209, -29.490693511607756 ], [ -71.323332451057041, -29.490626125424754 ], [ -71.323198263413929, -29.490570374677084 ], [ -71.323063809216237, -29.490502895138309 ], [ -71.322662139776057, -29.490370441621973 ], [ -71.322128658991105, -29.490286744076172 ], [ -71.32186081568986, -29.49019841578243 ], [ -71.321592537857171, -29.490086815536053 ], [ -71.321324696308238, -29.489998477068891 ], [ -71.32105641849877, -29.489886875693799 ], [ -71.320922488772496, -29.489842747624422 ], [ -71.320788036937103, -29.489775266542292 ], [ -71.320654117992021, -29.489731147927042 ], [ -71.320519763393932, -29.489663756881832 ], [ -71.320385576279264, -29.489607910247926 ], [ -71.320250861927704, -29.489528885697901 ], [ -71.320116943488429, -29.489484765607422 ], [ -71.319982482312071, -29.489417283831486 ], [ -71.319848669050472, -29.489373152603193 ], [ -71.31971420839109, -29.489305679554779 ], [ -71.319580289210521, -29.489261549893314 ], [ -71.319445310974089, -29.489170899507812 ], [ -71.319311390986513, -29.489126676656198 ], [ -71.319042590394034, -29.488991894063702 ], [ -71.31890761295233, -29.488901242180994 ], [ -71.31877315437545, -29.488833851991906 ], [ -71.318638175052669, -29.488743097906738 ], [ -71.318517121579106, -29.488675473684609 ], [ -71.318395708383463, -29.488596215209178 ], [ -71.31826098672812, -29.488517197670316 ], [ -71.318139838706898, -29.48844956480756 ], [ -71.318018412855821, -29.488370224088882 ], [ -71.317910828857976, -29.488314003069597 ], [ -71.317802704750534, -29.488234512354492 ], [ -71.31766825905639, -29.488167119853429 ], [ -71.317425422126746, -29.488008519213945 ], [ -71.317317828306642, -29.487952288834595 ], [ -71.317209980432409, -29.487884441321143 ], [ -71.317088820393337, -29.487816715629741 ], [ -71.316967409290427, -29.487737455722865 ], [ -71.316873379719425, -29.487692647062897 ], [ -71.316724947522658, -29.487590578710961 ], [ -71.316576135573001, -29.487476886302431 ], [ -71.316534928902058, -29.487419508560226 ], [ -71.316467494101985, -29.487374125302114 ], [ -71.316466964509047, -29.487350855495546 ], [ -71.316423896616939, -29.48721214358358 ], [ -71.316394770745049, -29.487096356845193 ], [ -71.316392125423903, -29.486980118720872 ], [ -71.316415961367952, -29.486863419279508 ], [ -71.316437270270299, -29.486630561742231 ], [ -71.316485162474663, -29.486397159000916 ], [ -71.316562191066851, -29.486279522938922 ], [ -71.316612625324282, -29.48616245300471 ], [ -71.316689758963733, -29.486044824970822 ], [ -71.316726902721257, -29.485927883704388 ], [ -71.316878409961575, -29.485576474360638 ], [ -71.316915658703067, -29.485459540241227 ], [ -71.31691248331262, -29.48532003232491 ], [ -71.316879539518027, -29.485041571845127 ], [ -71.316836482377269, -29.484902850802484 ], [ -71.316820010110476, -29.484763573637256 ], [ -71.316707394105862, -29.484486501160848 ], [ -71.316664433339454, -29.484347778356167 ], [ -71.316635202294435, -29.484232002462196 ], [ -71.316632557007154, -29.484115764307663 ], [ -71.31664266983708, -29.483976024849053 ], [ -71.316626210290096, -29.483836831306274 ], [ -71.316596969169453, -29.483721055564867 ], [ -71.316609737781249, -29.48369756400696 ], [ -71.31654019181245, -29.483559294339784 ], [ -71.316443678709973, -29.483409781786822 ], [ -71.316349387483541, -29.483353327685126 ], [ -71.316335824857944, -29.483341924405689 ], [ -71.316282220316381, -29.483319579067381 ], [ -71.316240740623101, -29.483250566367147 ], [ -71.316200963444359, -29.483251258293841 ], [ -71.316067316512289, -29.483218676484441 ], [ -71.31606705391944, -29.483207134455121 ], [ -71.315933662268236, -29.483186177662152 ], [ -71.315535210537561, -29.483193116325786 ], [ -71.315402875404047, -29.483218606686545 ], [ -71.31513715999057, -29.483223232043443 ], [ -71.315136897503066, -29.483211690006527 ], [ -71.315002563296801, -29.483144200489114 ], [ -71.314948061522088, -29.48308705266971 ], [ -71.314933970135968, -29.483052388407351 ], [ -71.314906847361186, -29.483029673518104 ], [ -71.314906319249076, -29.483006403652677 ], [ -71.314892872260103, -29.482994998204553 ], [ -71.314852714357286, -29.482984067647507 ], [ -71.314837831218227, -29.482914581563513 ], [ -71.314797673332023, -29.48290365008587 ], [ -71.314796879659539, -29.482868745311244 ], [ -71.314769079976116, -29.482811132604098 ], [ -71.314742494619793, -29.48281159536365 ], [ -71.314711925294816, -29.482637747412042 ], [ -71.314684811909103, -29.482614939385467 ], [ -71.31469546681295, -29.482498469581486 ], [ -71.31469282372079, -29.48238222221897 ], [ -71.314730065916066, -29.482265381651274 ], [ -71.314780498559344, -29.482148219456441 ], [ -71.314844344033347, -29.482030813845725 ], [ -71.31507553404542, -29.481678019314781 ], [ -71.315125966038622, -29.481560857017001 ], [ -71.315202993221703, -29.481443231698293 ], [ -71.315240232236704, -29.481326289120755 ], [ -71.315290779324613, -29.48120912476497 ], [ -71.315402298227099, -29.480858412258346 ], [ -71.3154528346234, -29.480741248035699 ], [ -71.315491925252033, -29.480705741751724 ], [ -71.315516827733688, -29.480635480004384 ], [ -71.315543158400743, -29.480623391036843 ], [ -71.315593696420521, -29.48050630973697 ], [ -71.315603556362476, -29.480354935127274 ], [ -71.315590258859501, -29.480355166663344 ], [ -71.315549056904544, -29.480297787451171 ], [ -71.315508370788947, -29.480263586285062 ], [ -71.315494659512566, -29.480240545953674 ], [ -71.31537298433642, -29.480149659119441 ], [ -71.315346126675607, -29.480138570181005 ], [ -71.315319002751394, -29.480115772364417 ], [ -71.315265400154331, -29.480093426500847 ], [ -71.315251584035451, -29.480070396987703 ], [ -71.315156503965724, -29.479979037009958 ], [ -71.31514345973622, -29.479990903623126 ], [ -71.315089751083363, -29.479968559530679 ], [ -71.315061053581047, -29.479876053793419 ], [ -71.315021001819574, -29.479865111466488 ], [ -71.315020210260158, -29.47983029866429 ], [ -71.31496650274876, -29.47980795449746 ], [ -71.314964653468778, -29.479726620915361 ], [ -71.314934991778529, -29.479587572885855 ], [ -71.314918525590173, -29.479448388078048 ], [ -71.314875471898503, -29.479309574034463 ], [ -71.314792624210398, -29.479171544630191 ], [ -71.314710482620626, -29.479068328560437 ], [ -71.314615404030292, -29.478976969006975 ], [ -71.314507292751202, -29.478897474824844 ], [ -71.314372595227255, -29.47881835119064 ], [ -71.314238798470925, -29.478774222371321 ], [ -71.314104357523803, -29.478706825543473 ], [ -71.313970981604001, -29.478685876181249 ], [ -71.313877223738331, -29.478652588835011 ], [ -71.31383680304252, -29.478630013004938 ], [ -71.313437577767388, -29.478602140589143 ], [ -71.313304721256316, -29.478604450673416 ], [ -71.313251383167582, -29.478593738888144 ], [ -71.313171346610218, -29.478583500474134 ], [ -71.313063499892394, -29.478515630975291 ], [ -71.312968687754235, -29.478435914093261 ], [ -71.312887709604979, -29.478379133699221 ], [ -71.312847289220215, -29.478356557549439 ], [ -71.312833465472792, -29.478333610880892 ], [ -71.312740511381307, -29.478335227362695 ], [ -71.31266216242733, -29.47839469461616 ], [ -71.312597102262529, -29.478454014651948 ], [ -71.312559067981269, -29.478536041871351 ], [ -71.312522353018181, -29.478676160872372 ], [ -71.312525521333598, -29.478815660343788 ], [ -71.312514863212783, -29.478932140085274 ], [ -71.312475339264893, -29.478944364935479 ], [ -71.312476130984564, -29.478979269805972 ], [ -71.312373036970826, -29.4791206259519 ], [ -71.312359485666519, -29.479109222025635 ], [ -71.312255333648707, -29.479204048223416 ], [ -71.311992277883078, -29.479324905167914 ], [ -71.311728788170669, -29.479422499982981 ], [ -71.311464664514929, -29.479496826212642 ], [ -71.311331816978594, -29.47949913511323 ], [ -71.311198536231302, -29.479478181330588 ], [ -71.311064896411054, -29.479445585079386 ], [ -71.310864402998433, -29.479362196384653 ], [ -71.309955200936528, -29.480066073154148 ], [ -71.307861105882282, -29.479614496512212 ], [ -71.306131561728662, -29.47841181746843 ], [ -71.305715026204751, -29.477481737045945 ], [ -71.301436009799005, -29.478856949275944 ], [ -71.296450636060712, -29.480451640437508 ] ] ] ] } },
{ "type": "Feature", "properties": { "fid": 93, "OBJECTID_1": 19, "OBJECTID": 19, "NOM_COM": "LA HIGUERA", "PROVINCIA": "ELQUI", "Z_COMUNAL": "ZONA DE CONSERVACION DE LA NATURALEZA", "USO": "TURISMO INMOBILIARIO", "REGIONAL": "AREAS PROTEGIDAS", "Shape_Leng": 29340.897539400001, "LEYENDA": "RESTRICCION ECOLOGICA", "Shape__Area": 12232118.007446289, "Shape__Length": 29340.037419317145, "Nota": "La Zonificación de Uso del Borde Costero de la Región de Coquimbo, constituye un instrumento aún vigente, y que declara áreas con orientaciones de usos específicos, en el borde costero regional. Por lo tanto, se sugiere su uso de acuerdo a la microzonificación según se señala en todas las publicaciones, y que fué aprobada mediante Decreto Supremo Nº 518 Zonificación de Coquimbo, 12 de diciembre de 2005.", "Origen Dato": "https://gorecoquimbo.maps.arcgis.com/apps/CompareAnalysis/index.html?appid=b4f178d41fb24ab8a871596de568a2f7", "Mapa Completo": "https://www.gorecoquimbo.cl/gorecoquimbo/site/artic/20150722/asocfile/20150722092144/comunal.jpg", "Link Memoria": "https://www.gorecoquimbo.cl/gorecoquimbo/site/artic/20150722/asocfile/20150722091730/memoria_explicativa_zonifi.pdf" }, "geometry": { "type": "MultiPolygon", "coordinates": [ [ [ [ -71.406714261462909, -29.231174062076875 ], [ -71.409039384518536, -29.23996172292118 ], [ -71.40648443872756, -29.245248638924171 ], [ -71.413060531993295, -29.253262471967304 ], [ -71.413247197330932, -29.261210763796466 ], [ -71.413053169218998, -29.2616606405292 ], [ -71.409804920785191, -29.263889874233502 ], [ -71.405915712879377, -29.266440678182271 ], [ -71.401445586063602, -29.269363576649912 ], [ -71.398773948779436, -29.271065380182343 ], [ -71.396109473958973, -29.273077097447356 ], [ -71.392118572604474, -29.276352880671485 ], [ -71.392357422572431, -29.276907761739597 ], [ -71.390226317465533, -29.278600675628798 ], [ -71.389619757661819, -29.277896372052489 ], [ -71.388747929345229, -29.278428789889663 ], [ -71.383976147193877, -29.281098125577053 ], [ -71.377222107903634, -29.284732876468134 ], [ -71.377029664227805, -29.28605589600226 ], [ -71.376619975768662, -29.288118456964398 ], [ -71.376674518116516, -29.290473518357391 ], [ -71.374564237224163, -29.290711575876603 ], [ -71.372642801189528, -29.291698171613152 ], [ -71.371235778194503, -29.292675605715988 ], [ -71.369885884461638, -29.293652012711668 ], [ -71.368031921683681, -29.295088501633071 ], [ -71.366292225249722, -29.296522950229168 ], [ -71.365172047014795, -29.297545365366602 ], [ -71.363708865221525, -29.298573854599212 ], [ -71.361307926995508, -29.298616339264004 ], [ -71.360791136552891, -29.298525221148303 ], [ -71.359696928742338, -29.298193657595679 ], [ -71.358371762622184, -29.2977659166453 ], [ -71.356996344573361, -29.297639813696506 ], [ -71.355105308578544, -29.297472677003533 ], [ -71.35452790652225, -29.29723221113079 ], [ -71.353780167595218, -29.297044878877248 ], [ -71.352801473163368, -29.296761364187056 ], [ -71.351139104523455, -29.296590122978863 ], [ -71.350166160409316, -29.296557127580193 ], [ -71.3487393386023, -29.296682501811869 ], [ -71.347672703151616, -29.297553442850685 ], [ -71.346208175034945, -29.29853163642327 ], [ -71.345709726375404, -29.299242202942448 ], [ -71.3453999543881, -29.300701385940982 ], [ -71.345547529455985, -29.302152533745662 ], [ -71.34643483989268, -29.303440288697097 ], [ -71.34733022331605, -29.305078803696997 ], [ -71.34820153123944, -29.305665010149681 ], [ -71.349828686412977, -29.306789349662985 ], [ -71.350999657548641, -29.30797181879948 ], [ -71.351154223139829, -29.309723606119586 ], [ -71.351070890966568, -29.311078552634058 ], [ -71.351281485848546, -29.312779218103877 ], [ -71.3519738783001, -29.314037669907279 ], [ -71.353932795644184, -29.315507584396265 ], [ -71.354209216035642, -29.31562713256475 ], [ -71.354285189465998, -29.315564111929934 ], [ -71.354454966645719, -29.315444822536733 ], [ -71.354638192952649, -29.315336944261638 ], [ -71.354794704163524, -29.315217897554191 ], [ -71.355134602317804, -29.315002599500573 ], [ -71.355291104043431, -29.314883635412343 ], [ -71.355447892466287, -29.314776222693336 ], [ -71.35561782957916, -29.314668577705984 ], [ -71.355787510039818, -29.314549288424939 ], [ -71.355944018472371, -29.314430231480472 ], [ -71.356113965788637, -29.314322585717491 ], [ -71.356270475808287, -29.314203629427272 ], [ -71.356634340683883, -29.3138716196136 ], [ -71.356776667518446, -29.31371799444501 ], [ -71.356880349579328, -29.313611508974553 ], [ -71.357009503321876, -29.313458033226656 ], [ -71.357113175623624, -29.313351547763315 ], [ -71.357295326146001, -29.313197218702793 ], [ -71.357542238385122, -29.312971917749195 ], [ -71.357737652828746, -29.312817362836299 ], [ -71.357841334229207, -29.312710885712644 ], [ -71.35812725569447, -29.312449975778787 ], [ -71.358269844773488, -29.312307975085215 ], [ -71.358373792780071, -29.312213132460791 ], [ -71.358569308171923, -29.312058473592185 ], [ -71.3586729886227, -29.311952069867441 ], [ -71.358815843507188, -29.311821638572631 ], [ -71.358998884273902, -29.311702109345983 ], [ -71.359168287250242, -29.311571190393497 ], [ -71.359324522774372, -29.311440596939661 ], [ -71.359637417966866, -29.311202495351814 ], [ -71.359676602477307, -29.311178513449427 ], [ -71.359741898765904, -29.311130902545351 ], [ -71.359820629568645, -29.311094591707814 ], [ -71.359859911019569, -29.311070710885843 ], [ -71.359977121068397, -29.310975632599888 ], [ -71.360157388054418, -29.310739856123178 ], [ -71.360376936987223, -29.310480225520614 ], [ -71.360506349111432, -29.310338363647386 ], [ -71.361000039971159, -29.30988785373394 ], [ -71.361090686493696, -29.309793244457744 ], [ -71.361194907386917, -29.309710025533697 ], [ -71.36129964133282, -29.309649983697348 ], [ -71.361404119599428, -29.309578399647645 ], [ -71.361614144326794, -29.30948166879319 ], [ -71.361810988456284, -29.309385170867529 ], [ -71.361967646251571, -29.309277753299995 ], [ -71.362111410937473, -29.309182193400478 ], [ -71.362202603045134, -29.309110843901696 ], [ -71.362371193333786, -29.30894501680806 ], [ -71.36246169621181, -29.308838769634121 ], [ -71.362604017701585, -29.308685138844016 ], [ -71.362707668085093, -29.308578649761767 ], [ -71.362888031114977, -29.308342887169779 ], [ -71.363017066332901, -29.308189491196071 ], [ -71.363120737406476, -29.308083001455504 ], [ -71.363263418692256, -29.307941003229939 ], [ -71.363367347367273, -29.30784615734883 ], [ -71.363509758695088, -29.307692432067448 ], [ -71.363743102336741, -29.307455813224038 ], [ -71.364368846006215, -29.306979581906706 ], [ -71.364552313460152, -29.306883317144354 ], [ -71.364709069456808, -29.306775894838491 ], [ -71.364865452717467, -29.306656922391713 ], [ -71.364995927495855, -29.306561604987376 ], [ -71.365294714889771, -29.306288822318191 ], [ -71.365450933259183, -29.306158212585956 ], [ -71.365554868177497, -29.306063355993182 ], [ -71.365737249215144, -29.305920568723586 ], [ -71.365841183627111, -29.305825711933181 ], [ -71.365970584720657, -29.305683946425354 ], [ -71.366243365450444, -29.30543489289424 ], [ -71.366347030617902, -29.305328409970013 ], [ -71.366502699077614, -29.305174538738342 ], [ -71.366593089271277, -29.305068281978503 ], [ -71.366722486476576, -29.304926432875192 ], [ -71.366826418958468, -29.304831574510789 ], [ -71.366968822082782, -29.304677938903765 ], [ -71.367072485517951, -29.304571445570851 ], [ -71.36727926370844, -29.304335209136909 ], [ -71.367408392396698, -29.304181808527122 ], [ -71.367512055114915, -29.304075324819099 ], [ -71.36766762509852, -29.303921445068781 ], [ -71.367771287289045, -29.30381496118558 ], [ -71.367940492961466, -29.303672395825267 ], [ -71.368044422238896, -29.303577545667093 ], [ -71.368186986607995, -29.303435545571542 ], [ -71.368277630945116, -29.303340922823544 ], [ -71.368537500606706, -29.303103732708291 ], [ -71.368679900266045, -29.30295011353612 ], [ -71.368900213800927, -29.302725255234638 ], [ -71.368990599415326, -29.302618997076973 ], [ -71.369095332805756, -29.302559042446973 ], [ -71.369199527377745, -29.302475725267136 ], [ -71.369303444838593, -29.302380866295202 ], [ -71.369407640176078, -29.302297641872329 ], [ -71.369512095112455, -29.302226061342832 ], [ -71.369617097414164, -29.302177731185406 ], [ -71.369721279850069, -29.302094413840461 ], [ -71.370035476604698, -29.301914455232474 ], [ -71.370140468470268, -29.301866143813076 ], [ -71.370244918634143, -29.301794442840691 ], [ -71.370454394616175, -29.301674540498514 ], [ -71.370769371418959, -29.301529374087441 ], [ -71.371044386258077, -29.301373388202155 ], [ -71.371240025536721, -29.301230340395112 ], [ -71.371486877262726, -29.301005015732297 ], [ -71.371642426764808, -29.30085115100276 ], [ -71.371746081518381, -29.30074465537723 ], [ -71.371888472451687, -29.300591005232437 ], [ -71.371992126900849, -29.30048451845909 ], [ -71.372082227358959, -29.300366641938112 ], [ -71.372185612054807, -29.300248510350766 ], [ -71.37227572320144, -29.300130624500717 ], [ -71.372404839428498, -29.299977228706258 ], [ -71.372508491270935, -29.299870722669137 ], [ -71.372611864934484, -29.299752600901968 ], [ -71.372701975175644, -29.29963471480843 ], [ -71.372844631529048, -29.29949270758506 ], [ -71.372948552873368, -29.299397845913948 ], [ -71.373051935647055, -29.299279714653171 ], [ -71.373194312775908, -29.299126081528204 ], [ -71.373297963186658, -29.299019584880028 ], [ -71.373453516187752, -29.298865625236907 ], [ -71.37357044045433, -29.298758892391792 ], [ -71.373687086244473, -29.298640625901974 ], [ -71.373777463366508, -29.298534364926198 ], [ -71.373985933284473, -29.298367815181752 ], [ -71.374090390215031, -29.298296231271802 ], [ -71.374194568222492, -29.298213003683092 ], [ -71.374298487008772, -29.298118140186222 ], [ -71.374401596610468, -29.297988373288103 ], [ -71.37468948490762, -29.297820511883689 ], [ -71.374859383481592, -29.297712844677999 ], [ -71.375056462336431, -29.297627963760721 ], [ -71.375253175753372, -29.297531449528467 ], [ -71.375449609265615, -29.29742330948454 ], [ -71.375566788955041, -29.297328210004281 ], [ -71.375748883123677, -29.29717385858477 ], [ -71.375852529937887, -29.297067360167294 ], [ -71.375955907254934, -29.296949235958998 ], [ -71.376046269441943, -29.29684298285861 ], [ -71.376358110774746, -29.296558397437806 ], [ -71.376462284119214, -29.296475168281216 ], [ -71.376671189912074, -29.296331885931483 ], [ -71.376776171272482, -29.296283550834701 ], [ -71.376880892354563, -29.296223498665231 ], [ -71.376985885021938, -29.296175172230889 ], [ -71.377090327066, -29.296103577361347 ], [ -71.377287303028638, -29.296018603132232 ], [ -71.377627185768702, -29.295803343760944 ], [ -71.377810350502145, -29.29569542772856 ], [ -71.377980348107926, -29.295587755015301 ], [ -71.378006507952762, -29.295575649521012 ], [ -71.378112026197442, -29.295550490894428 ], [ -71.378163771504759, -29.295491473443665 ], [ -71.378319580320536, -29.295349134492799 ], [ -71.37838324047209, -29.295231716092982 ], [ -71.378460057968496, -29.295114146259159 ], [ -71.378523738382057, -29.294996726537622 ], [ -71.378579811290294, -29.294913050084897 ], [ -71.378577925008173, -29.294872133344285 ], [ -71.378583108358825, -29.292353742188403 ], [ -71.385407384166626, -29.286587508979053 ], [ -71.3887609798564, -29.283432201451284 ], [ -71.39836108239335, -29.276523204982272 ], [ -71.403158506822052, -29.27297747044215 ], [ -71.407860345710333, -29.269797454556095 ], [ -71.412365001215747, -29.267076038967662 ], [ -71.416761362135759, -29.264174354740543 ], [ -71.421775841850618, -29.261079277695785 ], [ -71.426692687653286, -29.258258896398498 ], [ -71.426748312054897, -29.258164882130771 ], [ -71.429687577689464, -29.253197324990509 ], [ -71.429531332588809, -29.248838456559259 ], [ -71.429909682024416, -29.246979936969421 ], [ -71.430664377099518, -29.244966438564045 ], [ -71.431520933277014, -29.242466811177703 ], [ -71.428053368103789, -29.238930424901465 ], [ -71.424355406750692, -29.235208670481221 ], [ -71.421922775077007, -29.232799003959141 ], [ -71.41896416627695, -29.229884607585198 ], [ -71.414954254215672, -29.225890927482958 ], [ -71.414084044313938, -29.22662956370197 ], [ -71.406714261462909, -29.231174062076875 ] ] ] ] } },
{ "type": "Feature", "properties": { "fid": 94, "OBJECTID_1": 1, "OBJECTID": 1, "NOM_COM": "LA HIGUERA", "PROVINCIA": "ELQUI", "Z_COMUNAL": "ZONA DE CONSERVACION DE LA NATURALEZA", "USO": "CALETA PESQUERA", "REGIONAL": "AREAS PROTEGIDAS", "Shape_Leng": 31633.084079100001, "LEYENDA": "INTERES ECOLOGICO", "Shape__Area": 56866907.887695312, "Shape__Length": 31632.159292833854, "Nota": "La Zonificación de Uso del Borde Costero de la Región de Coquimbo, constituye un instrumento aún vigente, y que declara áreas con orientaciones de usos específicos, en el borde costero regional. Por lo tanto, se sugiere su uso de acuerdo a la microzonificación según se señala en todas las publicaciones, y que fué aprobada mediante Decreto Supremo Nº 518 Zonificación de Coquimbo, 12 de diciembre de 2005.", "Origen Dato": "https://gorecoquimbo.maps.arcgis.com/apps/CompareAnalysis/index.html?appid=b4f178d41fb24ab8a871596de568a2f7", "Mapa Completo": "https://www.gorecoquimbo.cl/gorecoquimbo/site/artic/20150722/asocfile/20150722092144/comunal.jpg", "Link Memoria": "https://www.gorecoquimbo.cl/gorecoquimbo/site/artic/20150722/asocfile/20150722091730/memoria_explicativa_zonifi.pdf" }, "geometry": { "type": "MultiPolygon", "coordinates": [ [ [ [ -71.350614121820186, -29.228608624372214 ], [ -71.351085371243954, -29.247664529050621 ], [ -71.3577884492815, -29.249454215443048 ], [ -71.368321888752888, -29.252248843704876 ], [ -71.374333183475713, -29.247611269545374 ], [ -71.381675275583277, -29.241757378950439 ], [ -71.388747528815315, -29.236027177084363 ], [ -71.396356946885078, -29.230048527060923 ], [ -71.401464175477173, -29.22578750812961 ], [ -71.406714261462909, -29.231174062076875 ], [ -71.414084034033635, -29.226629563887599 ], [ -71.414954242907427, -29.225890927687214 ], [ -71.414951902925509, -29.225888595510234 ], [ -71.415456902053435, -29.225464258484212 ], [ -71.415949849866792, -29.225045837200621 ], [ -71.419417971917312, -29.222240771404152 ], [ -71.42246991264922, -29.219085461237974 ], [ -71.424314904578608, -29.217398670844197 ], [ -71.426460257939311, -29.215432234889992 ], [ -71.430091831531598, -29.20809525588917 ], [ -71.438140636102688, -29.20365474517676 ], [ -71.441651513287439, -29.196915082987083 ], [ -71.442651260681131, -29.187478791656222 ], [ -71.441309862784394, -29.182496545064105 ], [ -71.440689037705525, -29.179287320664887 ], [ -71.440185878034526, -29.176200515605689 ], [ -71.439738043283981, -29.173463202238121 ], [ -71.349289777744673, -29.174961884706555 ], [ -71.350614121820186, -29.228608624372214 ] ] ] ] } },
{ "type": "Feature", "properties": { "fid": 95, "OBJECTID_1": 12, "OBJECTID": 12, "NOM_COM": "LA HIGUERA", "PROVINCIA": "ELQUI", "Z_COMUNAL": "ZONA DE ASENTAMIENTOS HUMANOS", "USO": "TURISMO INMOBILIARIO", "REGIONAL": "AREAS EN LAS CUALES EXISTEN ASENTAMIENTOS HUMANOS", "Shape_Leng": 32685.048685099999, "LEYENDA": "TURISMO INMOBILIARIO", "Shape__Area": 36484761.266723633, "Shape__Length": 32684.090973017563, "Nota": "La Zonificación de Uso del Borde Costero de la Región de Coquimbo, constituye un instrumento aún vigente, y que declara áreas con orientaciones de usos específicos, en el borde costero regional. Por lo tanto, se sugiere su uso de acuerdo a la microzonificación según se señala en todas las publicaciones, y que fué aprobada mediante Decreto Supremo Nº 518 Zonificación de Coquimbo, 12 de diciembre de 2005.", "Origen Dato": "https://gorecoquimbo.maps.arcgis.com/apps/CompareAnalysis/index.html?appid=b4f178d41fb24ab8a871596de568a2f7", "Mapa Completo": "https://www.gorecoquimbo.cl/gorecoquimbo/site/artic/20150722/asocfile/20150722092144/comunal.jpg", "Link Memoria": "https://www.gorecoquimbo.cl/gorecoquimbo/site/artic/20150722/asocfile/20150722091730/memoria_explicativa_zonifi.pdf" }, "geometry": { "type": "MultiPolygon", "coordinates": [ [ [ [ -71.327125561969652, -29.258530910725359 ], [ -71.329130946754063, -29.277569428561421 ], [ -71.332699119120008, -29.281538410163751 ], [ -71.328938278984566, -29.282069190551983 ], [ -71.326528058185261, -29.282369609631612 ], [ -71.325534468517432, -29.282748689742785 ], [ -71.320434476929918, -29.284026105317576 ], [ -71.334072877185108, -29.287509594990006 ], [ -71.33183794329949, -29.290339501786629 ], [ -71.337476592506974, -29.291998120337862 ], [ -71.338604635382836, -29.289756022554602 ], [ -71.339337792009474, -29.28829607665158 ], [ -71.339485135749541, -29.287001430674358 ], [ -71.3394498083386, -29.285451572848004 ], [ -71.339093871108417, -29.285354444626275 ], [ -71.341251895876781, -29.284334652902057 ], [ -71.348310213323956, -29.281058109055014 ], [ -71.353484241604619, -29.283034335554991 ], [ -71.357246535320229, -29.285138631691296 ], [ -71.359179762703405, -29.287171778217484 ], [ -71.360151157345868, -29.288394983756525 ], [ -71.362323268911354, -29.287994805339828 ], [ -71.36742757253127, -29.286922455519253 ], [ -71.37335316631696, -29.285680273647579 ], [ -71.377222107903634, -29.284732876468134 ], [ -71.383976147193877, -29.281098125577053 ], [ -71.388747929345229, -29.278428789889663 ], [ -71.389619757661819, -29.277896372052489 ], [ -71.388955981868904, -29.27723638735554 ], [ -71.391328517278765, -29.275333392495121 ], [ -71.392118572604474, -29.276352880671485 ], [ -71.396109473958973, -29.273077097447356 ], [ -71.398773948779436, -29.271065380182343 ], [ -71.401445586063602, -29.269363576649912 ], [ -71.405915712879377, -29.266440678182271 ], [ -71.409804920785191, -29.263889874233502 ], [ -71.413053169218998, -29.2616606405292 ], [ -71.413247197330932, -29.261210763796466 ], [ -71.413060531993295, -29.253262471967304 ], [ -71.40648443872756, -29.245248638924171 ], [ -71.409039384518536, -29.23996172292118 ], [ -71.406714261462909, -29.231174062076875 ], [ -71.40146418575749, -29.225787507944968 ], [ -71.396356946885078, -29.230048527060923 ], [ -71.388747528815315, -29.236027177084363 ], [ -71.381675275583277, -29.241757378950439 ], [ -71.374333183475713, -29.247611269545374 ], [ -71.368321888752888, -29.252248843704876 ], [ -71.3577884492815, -29.249454215443048 ], [ -71.351085371243954, -29.247664529050621 ], [ -71.350614121820186, -29.228608624372214 ], [ -71.332327093957971, -29.242036974395475 ], [ -71.327125561969652, -29.258530910725359 ] ] ] ] } },
{ "type": "Feature", "properties": { "fid": 96, "OBJECTID_1": 42, "OBJECTID": 42, "NOM_COM": "LA HIGUERA", "PROVINCIA": "ELQUI", "Z_COMUNAL": "ZONA INDUSTRIAL", "USO": " ", "REGIONAL": "AREAS PARA ACTIVIDADES INDUSTRIALES, ECONOMICAS Y DE DESARROLLO", "Shape_Leng": 34929.810005500003, "LEYENDA": "ZONA DE USO VARIABLE", "Shape__Area": 15201282.850585938, "Shape__Length": 34928.775902959154, "Nota": "La Zonificación de Uso del Borde Costero de la Región de Coquimbo, constituye un instrumento aún vigente, y que declara áreas con orientaciones de usos específicos, en el borde costero regional. Por lo tanto, se sugiere su uso de acuerdo a la microzonificación según se señala en todas las publicaciones, y que fué aprobada mediante Decreto Supremo Nº 518 Zonificación de Coquimbo, 12 de diciembre de 2005.", "Origen Dato": "https://gorecoquimbo.maps.arcgis.com/apps/CompareAnalysis/index.html?appid=b4f178d41fb24ab8a871596de568a2f7", "Mapa Completo": "https://www.gorecoquimbo.cl/gorecoquimbo/site/artic/20150722/asocfile/20150722092144/comunal.jpg", "Link Memoria": "https://www.gorecoquimbo.cl/gorecoquimbo/site/artic/20150722/asocfile/20150722091730/memoria_explicativa_zonifi.pdf" }, "geometry": { "type": "MultiPolygon", "coordinates": [ [ [ [ -71.293200754579999, -29.481601396575321 ], [ -71.293831800305711, -29.48179661914391 ], [ -71.294479619500734, -29.481990172525922 ], [ -71.29484083092602, -29.482444574325772 ], [ -71.294995673102093, -29.48282576138217 ], [ -71.295260525221352, -29.482897965605954 ], [ -71.295844693213155, -29.482862284824542 ], [ -71.295991453660292, -29.48288534970116 ], [ -71.296056278512978, -29.483165724608032 ], [ -71.296120516537528, -29.483420520857969 ], [ -71.296242658985449, -29.483648729373986 ], [ -71.296311514201349, -29.484108173650636 ], [ -71.296465200125937, -29.484438191202209 ], [ -71.296414808253914, -29.484797339711683 ], [ -71.296479049534966, -29.485052136510298 ], [ -71.296516940415103, -29.485435340078666 ], [ -71.296638508301712, -29.485637968348172 ], [ -71.296672360877409, -29.485842102467377 ], [ -71.296589270766802, -29.486048265354142 ], [ -71.296536560840607, -29.486305080957106 ], [ -71.296542331281628, -29.486560886550773 ], [ -71.29666390177222, -29.48676351557387 ], [ -71.297464874366639, -29.487261490131395 ], [ -71.298035411799603, -29.487916993384282 ], [ -71.298337611262994, -29.488346806116315 ], [ -71.298782538559848, -29.488620618416746 ], [ -71.29967356723175, -29.489219386286972 ], [ -71.299792257123144, -29.489294108519164 ], [ -71.300028714638373, -29.49069749585836 ], [ -71.300619273104459, -29.490943194304066 ], [ -71.301001696088051, -29.491038931318617 ], [ -71.301155410167965, -29.491368951637028 ], [ -71.301400316599754, -29.491850934261535 ], [ -71.301703699876626, -29.492331903093358 ], [ -71.302014607988994, -29.493145421212859 ], [ -71.302392688072999, -29.494341632693164 ], [ -71.302583174200791, -29.495003683484004 ], [ -71.302629197805757, -29.495745010937053 ], [ -71.302672906953703, -29.496384024743065 ], [ -71.302539439637599, -29.496949331413283 ], [ -71.302377310173284, -29.49754072298872 ], [ -71.302153797892473, -29.49800522520858 ], [ -71.302016853136777, -29.498417040911026 ], [ -71.301965898425692, -29.498750593498773 ], [ -71.302125995275375, -29.499361994248329 ], [ -71.302105438027041, -29.499746215735737 ], [ -71.301910002040273, -29.500159045148415 ], [ -71.301631474960402, -29.500778039152916 ], [ -71.301549533407055, -29.501035371226092 ], [ -71.301653466565298, -29.501750099229309 ], [ -71.301693703017833, -29.502235631480097 ], [ -71.301836140314208, -29.503359146395407 ], [ -71.301872326226245, -29.503665601207363 ], [ -71.301675736579114, -29.504027273129768 ], [ -71.301568023349759, -29.504438592177369 ], [ -71.3015497795149, -29.504925127850658 ], [ -71.301588859756833, -29.505359484661948 ], [ -71.301626203946384, -29.505717105653098 ], [ -71.301894604603788, -29.5059427741791 ], [ -71.30219687894909, -29.506372582285984 ], [ -71.302345411739779, -29.506472372967206 ], [ -71.30220845882063, -29.506884189863921 ], [ -71.301761983901841, -29.507838772069519 ], [ -71.301125256630371, -29.509436407242749 ], [ -71.300396733346091, -29.51085649941087 ], [ -71.300089497685022, -29.51150157718304 ], [ -71.30004663309758, -29.512193265512849 ], [ -71.300060519540025, -29.512807196793215 ], [ -71.3001346281373, -29.513496861458911 ], [ -71.30030168766875, -29.514415231628647 ], [ -71.30030978905441, -29.514773349773488 ], [ -71.300109702728889, -29.514981539798445 ], [ -71.299680849953674, -29.515424003021341 ], [ -71.299109802082214, -29.516048054356574 ], [ -71.298713077816132, -29.516617911801401 ], [ -71.298481993882845, -29.516749860033695 ], [ -71.298515875223984, -29.516953991864206 ], [ -71.298234397710814, -29.517445079774859 ], [ -71.298245384590757, -29.517931109325467 ], [ -71.298192667032666, -29.51818792513987 ], [ -71.298197871056033, -29.51841815962641 ], [ -71.298377976796388, -29.51861976334493 ], [ -71.298853454610509, -29.518944218242385 ], [ -71.299124189497235, -29.519272213939093 ], [ -71.299307780800149, -29.519627304612754 ], [ -71.299439236005441, -29.520264790560272 ], [ -71.299566643210454, -29.520723216323525 ], [ -71.29957358795518, -29.521030186181477 ], [ -71.299958439722261, -29.521228243895546 ], [ -71.300318090634448, -29.521605874758585 ], [ -71.300767227993305, -29.522058729787958 ], [ -71.301359144257731, -29.522355569880379 ], [ -71.302248168657613, -29.522851977920539 ], [ -71.302515459431049, -29.523026476095133 ], [ -71.30278101269225, -29.523124247194467 ], [ -71.302818951370639, -29.523507435870275 ], [ -71.302995018328545, -29.523529981827753 ], [ -71.30300429163259, -29.523939264807339 ], [ -71.303941403781593, -29.523974206460391 ], [ -71.304701278503316, -29.523935432291346 ], [ -71.305801112111581, -29.523404545728077 ], [ -71.306173797154571, -29.523065409883728 ], [ -71.306370413483577, -29.522703721909366 ], [ -71.306542415766728, -29.522547196115319 ], [ -71.306862409534205, -29.522464867275932 ], [ -71.307037894386937, -29.522461820480192 ], [ -71.307047183764539, -29.52287111137651 ], [ -71.307088621445814, -29.523407787465928 ], [ -71.307181015468004, -29.523610909207726 ], [ -71.308220966177046, -29.524309380794477 ], [ -71.308770293893204, -29.524018337015523 ], [ -71.309201473999437, -29.523678176530755 ], [ -71.309547796884829, -29.523467432158601 ], [ -71.310774476888938, -29.523369331604037 ], [ -71.311305598874767, -29.52356482119988 ], [ -71.31189637747886, -29.523810446595352 ], [ -71.312512343018867, -29.52387650269884 ], [ -71.312863898280867, -29.523895972913042 ], [ -71.312693057157205, -29.524103672312091 ], [ -71.312612302648461, -29.524412157336261 ], [ -71.312323894169936, -29.524596313222954 ], [ -71.311888067429805, -29.524731847776032 ], [ -71.311487314251181, -29.525122674278762 ], [ -71.311372073959049, -29.525201452592476 ], [ -71.311020503874417, -29.525181979743298 ], [ -71.310468268139488, -29.525345122994331 ], [ -71.309854631283102, -29.525381379210092 ], [ -71.309416483462115, -29.525414583303544 ], [ -71.309162541794151, -29.525828448744662 ], [ -71.308995177025892, -29.526189623193662 ], [ -71.308858240935507, -29.526601444723962 ], [ -71.308751121917894, -29.527038346393422 ], [ -71.308700752838689, -29.527397487397685 ], [ -71.308650394855107, -29.527756629089094 ], [ -71.308599443896341, -29.528090181762142 ], [ -71.308399350120808, -29.528298384414786 ], [ -71.30799217951089, -29.528407820492589 ], [ -71.30770491190944, -29.52864312501476 ], [ -71.307711882431846, -29.528950092764131 ], [ -71.307753910323953, -29.529512345335913 ], [ -71.307880788097165, -29.529945182386836 ], [ -71.307895311845741, -29.530584687035098 ], [ -71.308045048959741, -29.530735625533584 ], [ -71.308114585188591, -29.531220634441301 ], [ -71.308124463313447, -29.531655503760383 ], [ -71.308160113633221, -29.531936384550477 ], [ -71.308399342235987, -29.532162533001507 ], [ -71.309082573452926, -29.532611289115298 ], [ -71.309676309298254, -29.532984822235573 ], [ -71.310237893376836, -29.533230970360002 ], [ -71.310767903610795, -29.53337529253281 ], [ -71.311235343745096, -29.53334156409548 ], [ -71.311534254749191, -29.533617862980069 ], [ -71.312136154714295, -29.534349508293765 ], [ -71.312259564771708, -29.534628850875887 ], [ -71.312238455592379, -29.534987483239053 ], [ -71.312248352874008, -29.535422351044126 ], [ -71.312255339865658, -29.535729308458915 ], [ -71.312465346772541, -29.53595597549965 ], [ -71.312876035764063, -29.536000003063599 ], [ -71.313290802652887, -29.536223086179842 ], [ -71.313557565299845, -29.536371989616558 ], [ -71.313854159954701, -29.536545960332123 ], [ -71.314064162399617, -29.536772607559239 ], [ -71.313922575494459, -29.53697979927534 ], [ -71.313494272237804, -29.537447885978143 ], [ -71.313294172751938, -29.537656086259009 ], [ -71.312712614754204, -29.537819760658 ], [ -71.312249240341146, -29.538032552135864 ], [ -71.311903446897574, -29.538268884905385 ], [ -71.311587495536131, -29.538530285000455 ], [ -71.311356392408186, -29.538662257763299 ], [ -71.31154412886535, -29.539196383522196 ], [ -71.31155053184429, -29.539477771672207 ], [ -71.31205597445846, -29.539827241037031 ], [ -71.313423162885883, -29.540750271748173 ], [ -71.313632018902069, -29.540925770568958 ], [ -71.313611507866725, -29.541309980700824 ], [ -71.313555909075106, -29.541438900122273 ], [ -71.31341954719052, -29.541876313954837 ], [ -71.313338203013458, -29.542159221057979 ], [ -71.313813830103754, -29.542483612909308 ], [ -71.314409974121219, -29.542959442142173 ], [ -71.314531071411182, -29.543136460389078 ], [ -71.314508232057619, -29.543418357540169 ], [ -71.314396462112541, -29.543650618651675 ], [ -71.31431802213217, -29.544061426505802 ], [ -71.313855207772889, -29.544299802973544 ], [ -71.313218023185556, -29.544592400864246 ], [ -71.312874541259092, -29.544931049072915 ], [ -71.312616504151535, -29.545165855102415 ], [ -71.312563232605115, -29.545397096193323 ], [ -71.312803096414711, -29.545648822019764 ], [ -71.313489354609118, -29.546225448742312 ], [ -71.314032843941348, -29.546958097610023 ], [ -71.314544163604296, -29.547563353764232 ], [ -71.314902227028483, -29.547864200974736 ], [ -71.315606098105548, -29.547928695668904 ], [ -71.31575528908877, -29.548054045839919 ], [ -71.31564585141345, -29.548388629677369 ], [ -71.315567414452801, -29.54879944694266 ], [ -71.315604262417523, -29.549131479938737 ], [ -71.315966991350308, -29.549636958251913 ], [ -71.316842251092154, -29.55079884589502 ], [ -71.316904271514062, -29.550951302773445 ], [ -71.316881438364746, -29.551233190747261 ], [ -71.316800088239788, -29.551516108686922 ], [ -71.316716401381143, -29.551696696018912 ], [ -71.316719320200875, -29.551824595728725 ], [ -71.316899534421012, -29.552026177018689 ], [ -71.316905372618692, -29.552281976389683 ], [ -71.317026485333983, -29.552458990404485 ], [ -71.317091416508148, -29.55273935594769 ], [ -71.317273374546517, -29.553017671128959 ], [ -71.317630881727027, -29.553292921223715 ], [ -71.318103655397707, -29.553489394050668 ], [ -71.318340632742974, -29.553613208246784 ], [ -71.318325387159433, -29.554227638736588 ], [ -71.31827096746045, -29.554407725000011 ], [ -71.318369841421671, -29.554892203434211 ], [ -71.318901729735998, -29.555113239102646 ], [ -71.319314251589915, -29.555233975587676 ], [ -71.319404938203064, -29.555360351887334 ], [ -71.319266250516748, -29.555695449190534 ], [ -71.319093047632208, -29.555800835684924 ], [ -71.318745460580331, -29.555960444862844 ], [ -71.318570503594842, -29.555989087444832 ], [ -71.318521925837032, -29.55642497272898 ], [ -71.318558777442391, -29.556756995039098 ], [ -71.318566373077942, -29.557089538118106 ], [ -71.318305389222431, -29.557196456507729 ], [ -71.317640052994378, -29.557540736810484 ], [ -71.317001632291536, -29.557782200053037 ], [ -71.316713725588357, -29.557991938456201 ], [ -71.316632379987496, -29.5582748471695 ], [ -71.316501842583065, -29.558968063021581 ], [ -71.316154835757132, -29.559153252192793 ], [ -71.31563168498343, -29.559315915402092 ], [ -71.315194561911994, -29.559400311572478 ], [ -71.314583045564092, -29.559538923289502 ], [ -71.313705295145851, -29.559554220501539 ], [ -71.312798859307762, -29.559595599936287 ], [ -71.31189359902659, -29.55968812941142 ], [ -71.311199549251015, -29.560058476032271 ], [ -71.310767659498126, -29.560373079940703 ], [ -71.310548726934712, -29.561042232433081 ], [ -71.310414079854212, -29.561556387770995 ], [ -71.30976382326871, -29.562565718371157 ], [ -71.309653769983584, -29.562874720314596 ], [ -71.309668907605953, -29.563539799195581 ], [ -71.309735573708593, -29.563896904203958 ], [ -71.310035750788643, -29.564224357793137 ], [ -71.311286807667443, -29.565175013422923 ], [ -71.312121820182867, -29.565851413577111 ], [ -71.313013631432483, -29.566450044413049 ], [ -71.313089058954404, -29.567190846107767 ], [ -71.312645485592711, -29.566993858050989 ], [ -71.311850199672236, -29.566777386762524 ], [ -71.311590942499024, -29.566961037796087 ], [ -71.310430412236528, -29.567416267289914 ], [ -71.309137116753348, -29.567182866160159 ], [ -71.308018806080469, -29.566920822506784 ], [ -71.307403161615568, -29.566880347222863 ], [ -71.305793234573372, -29.566882719595661 ], [ -71.303531224126772, -29.567817652640407 ], [ -71.30292254143464, -29.568084114693256 ], [ -71.302394687789231, -29.568042093281083 ], [ -71.301780197549107, -29.56805274793885 ], [ -71.301341280618516, -29.568060356972378 ], [ -71.301190914544364, -29.567883826740399 ], [ -71.300517905770434, -29.567895489927622 ], [ -71.299702071713838, -29.568063173585394 ], [ -71.299321672188455, -29.568069762168669 ], [ -71.298697626384524, -29.568950638924495 ], [ -71.298272032822865, -29.569546586385538 ], [ -71.29718731193708, -29.570768107797772 ], [ -71.296249455900707, -29.572012669862833 ], [ -71.295391265035704, -29.572897581997267 ], [ -71.294474528471468, -29.573783501090865 ], [ -71.293589349988679, -29.5747712327748 ], [ -71.293072450280761, -29.575215203056199 ], [ -71.293182211044837, -29.576185740504009 ], [ -71.293090022723376, -29.577287718285316 ], [ -71.292857873497283, -29.578673614062211 ], [ -71.292711204947082, -29.579955670788568 ], [ -71.292404320189561, -29.580626316077915 ], [ -71.291929368414699, -29.58163254038352 ], [ -71.291734922563961, -29.582096526670217 ], [ -71.291728195608613, -29.583094673753362 ], [ -71.291800609529787, -29.583707592038671 ], [ -71.291922878957294, -29.583935785450144 ], [ -71.292550761401543, -29.584513519976873 ], [ -71.292794728268817, -29.584944345425157 ], [ -71.293013470776074, -29.58555473425195 ], [ -71.29314500258819, -29.586192217219416 ], [ -71.293237434435667, -29.586395345341717 ], [ -71.292894907649384, -29.586785117901147 ], [ -71.292782466537403, -29.586991785349642 ], [ -71.2928479492588, -29.587297743004509 ], [ -71.293186082844159, -29.588008430823933 ], [ -71.294132732420536, -29.589732207583424 ], [ -71.294346284887823, -29.590112369209528 ], [ -71.295724970363281, -29.589088278262135 ], [ -71.297402694242976, -29.587845654300111 ], [ -71.299979872593212, -29.586032639267287 ], [ -71.301659066295613, -29.584859285946688 ], [ -71.302872612438236, -29.584144762656802 ], [ -71.304051206948259, -29.583638868551681 ], [ -71.304918068086167, -29.583381097498524 ], [ -71.305028367455989, -29.582997777183355 ], [ -71.305248173383518, -29.582196454640311 ], [ -71.305139704123405, -29.580915404665447 ], [ -71.306440365776737, -29.580546073862596 ], [ -71.307173259699226, -29.57963180648613 ], [ -71.307475501808341, -29.578967759947414 ], [ -71.308237777459226, -29.577602226362501 ], [ -71.307787415189651, -29.576985924687083 ], [ -71.307656628443297, -29.576468091048245 ], [ -71.307446542651249, -29.575951626831024 ], [ -71.307633759221417, -29.575462942412962 ], [ -71.307891600788466, -29.574591608093741 ], [ -71.308034426694789, -29.573895654085909 ], [ -71.30804963340367, -29.572820497426804 ], [ -71.308199554986658, -29.572436476819444 ], [ -71.308507282156128, -29.57201503422802 ], [ -71.308890359346961, -29.571418926697916 ], [ -71.309669936710748, -29.570815902475307 ], [ -71.310296416547715, -29.570458265959505 ], [ -71.311550953331107, -29.569812295533573 ], [ -71.313910883047981, -29.56893901084554 ], [ -71.315089244266019, -29.568433039184864 ], [ -71.316434973554792, -29.566571849313871 ], [ -71.317087598097302, -29.565624263936002 ], [ -71.317908294610149, -29.565089832079625 ], [ -71.319548880120166, -29.563986290775841 ], [ -71.319861288836776, -29.56377279161698 ], [ -71.319656729198897, -29.563498978282567 ], [ -71.319364156895276, -29.562845289735069 ], [ -71.319354651014507, -29.562429365974122 ], [ -71.31961474095165, -29.561661997786842 ], [ -71.319961235389897, -29.561205184455059 ], [ -71.320546395120274, -29.560778878114643 ], [ -71.321299650358824, -29.559032022133852 ], [ -71.32152641251507, -29.558542621145108 ], [ -71.321915719159989, -29.558223758437801 ], [ -71.322707003669464, -29.558140563584217 ], [ -71.32370916744695, -29.556874777817679 ], [ -71.324176940709521, -29.556519848438668 ], [ -71.325039885979663, -29.555895059526772 ], [ -71.325899732859, -29.552987012248309 ], [ -71.326074333469663, -29.551942478297043 ], [ -71.322978579589801, -29.55257525353684 ], [ -71.322766905146779, -29.552000366970752 ], [ -71.321826287660613, -29.548487355720734 ], [ -71.321229689934654, -29.545546922584556 ], [ -71.320412245587889, -29.541626726332616 ], [ -71.320388462706958, -29.540585652728456 ], [ -71.320797267789871, -29.538206255046429 ], [ -71.32127616524825, -29.535999198700548 ], [ -71.321485211754563, -29.533565424295563 ], [ -71.321946898499206, -29.530606489682555 ], [ -71.32219822039022, -29.530023496665333 ], [ -71.325043323611283, -29.530031603981765 ], [ -71.324539375822923, -29.528246766531414 ], [ -71.323944182694106, -29.525364167279431 ], [ -71.323453516019995, -29.521264678130542 ], [ -71.323359632566252, -29.520051262361111 ], [ -71.323501181678424, -29.517560798762212 ], [ -71.32373002628772, -29.513101563044799 ], [ -71.324007776030228, -29.51078230094852 ], [ -71.324371459777765, -29.509329433963796 ], [ -71.326216201603884, -29.506114850831768 ], [ -71.325679326735781, -29.499991066340161 ], [ -71.327732815315471, -29.497235695921496 ], [ -71.328824959418753, -29.495827927618397 ], [ -71.319114380661361, -29.496344818594345 ], [ -71.316166949744272, -29.497611269600636 ], [ -71.311782830575297, -29.493868767754659 ], [ -71.303146462529654, -29.486323158268746 ], [ -71.299032961384356, -29.482806960972862 ], [ -71.296450636060712, -29.480451640437508 ], [ -71.293200754579999, -29.481601396575321 ] ] ] ] } },
{ "type": "Feature", "properties": { "fid": 97, "OBJECTID_1": 16, "OBJECTID": 16, "NOM_COM": "LA HIGUERA", "PROVINCIA": "ELQUI", "Z_COMUNAL": "ZONA FORESTAL", "USO": "PLANTACIONES FORESTALES", "REGIONAL": "AREAS PARA ACTIVIDADES INDUSTRIALES, ECONOMICAS Y DE DESARROLLO", "Shape_Leng": 35703.286756000001, "LEYENDA": "PLANTACIONES FORESTALES", "Shape__Area": 21802426.344970703, "Shape__Length": 35702.238855313371, "Nota": "La Zonificación de Uso del Borde Costero de la Región de Coquimbo, constituye un instrumento aún vigente, y que declara áreas con orientaciones de usos específicos, en el borde costero regional. Por lo tanto, se sugiere su uso de acuerdo a la microzonificación según se señala en todas las publicaciones, y que fué aprobada mediante Decreto Supremo Nº 518 Zonificación de Coquimbo, 12 de diciembre de 2005.", "Origen Dato": "https://gorecoquimbo.maps.arcgis.com/apps/CompareAnalysis/index.html?appid=b4f178d41fb24ab8a871596de568a2f7", "Mapa Completo": "https://www.gorecoquimbo.cl/gorecoquimbo/site/artic/20150722/asocfile/20150722092144/comunal.jpg", "Link Memoria": "https://www.gorecoquimbo.cl/gorecoquimbo/site/artic/20150722/asocfile/20150722091730/memoria_explicativa_zonifi.pdf" }, "geometry": { "type": "MultiPolygon", "coordinates": [ [ [ [ -71.320246373020964, -29.344101687298441 ], [ -71.319809692231061, -29.342505153074928 ], [ -71.320074084672825, -29.341548101381978 ], [ -71.320876298601618, -29.339077811595079 ], [ -71.321227797002607, -29.33691613762425 ], [ -71.321429282631556, -29.335709535535678 ], [ -71.322888112595862, -29.331924463605915 ], [ -71.323210760871177, -29.331016517288873 ], [ -71.324920951938424, -29.328229626568586 ], [ -71.327566727069808, -29.323822261467686 ], [ -71.329455055201919, -29.321332979134052 ], [ -71.33140503641178, -29.31904313092917 ], [ -71.333524174862163, -29.316650022762822 ], [ -71.33688736487106, -29.31363356590122 ], [ -71.341161724463475, -29.312957109197065 ], [ -71.346135853485421, -29.31286976667079 ], [ -71.349907027556725, -29.312703175486803 ], [ -71.351281485848546, -29.312779218103877 ], [ -71.351070890966568, -29.311078552634058 ], [ -71.351154223139829, -29.309723606119586 ], [ -71.350999657548641, -29.30797181879948 ], [ -71.349828686412977, -29.306789349662985 ], [ -71.34820153123944, -29.305665010149681 ], [ -71.34733022331605, -29.305078803696997 ], [ -71.34643483989268, -29.303440288697097 ], [ -71.345547529455985, -29.302152533745662 ], [ -71.3453999543881, -29.300701385940982 ], [ -71.345709726375404, -29.299242202942448 ], [ -71.346208175034945, -29.29853163642327 ], [ -71.347672703151616, -29.297553442850685 ], [ -71.3487393386023, -29.296682501811869 ], [ -71.350166160409316, -29.296557127580193 ], [ -71.351139104523455, -29.296590122978863 ], [ -71.352801473163368, -29.296761364187056 ], [ -71.353780167595218, -29.297044878877248 ], [ -71.35452790652225, -29.29723221113079 ], [ -71.355105308578544, -29.297472677003533 ], [ -71.356996344573361, -29.297639813696506 ], [ -71.358371762622184, -29.2977659166453 ], [ -71.359696928742338, -29.298193657595679 ], [ -71.360791136552891, -29.298525221148303 ], [ -71.361307926995508, -29.298616339264004 ], [ -71.363708865221525, -29.298573854599212 ], [ -71.365172047014795, -29.297545365366602 ], [ -71.366292225249722, -29.296522950229168 ], [ -71.368031921683681, -29.295088501633071 ], [ -71.369885884461638, -29.293652012711668 ], [ -71.371235778194503, -29.292675605715988 ], [ -71.372642801189528, -29.291698171613152 ], [ -71.374564237224163, -29.290711575876603 ], [ -71.376674518116516, -29.290473518357391 ], [ -71.376619975768662, -29.288118456964398 ], [ -71.377029664227805, -29.28605589600226 ], [ -71.377222107903634, -29.284732876468134 ], [ -71.37335316631696, -29.285680273647579 ], [ -71.36742757253127, -29.286922455519253 ], [ -71.362323268911354, -29.287994805339828 ], [ -71.360151157345868, -29.288394983756525 ], [ -71.359179762703405, -29.287171778217484 ], [ -71.357246535320229, -29.285138631691296 ], [ -71.353484241604619, -29.283034335554991 ], [ -71.348310213323956, -29.281058109055014 ], [ -71.341251895876781, -29.284334652902057 ], [ -71.339093871108417, -29.285354444626275 ], [ -71.3394498083386, -29.285451572848004 ], [ -71.339485135749541, -29.287001430674358 ], [ -71.339337792009474, -29.28829607665158 ], [ -71.338604635382836, -29.289756022554602 ], [ -71.337476592506974, -29.291998120337862 ], [ -71.335332461209276, -29.292939683832298 ], [ -71.333486158769404, -29.293810845798252 ], [ -71.332530509412194, -29.293869493037263 ], [ -71.327723395181465, -29.295001994332416 ], [ -71.322122389732499, -29.294889791188112 ], [ -71.316795615288001, -29.292088138778908 ], [ -71.315872214615183, -29.289335808927643 ], [ -71.315729250894293, -29.287241050259752 ], [ -71.320434476929918, -29.284026105317576 ], [ -71.325534468517432, -29.282748689742785 ], [ -71.326528058185261, -29.282369609631612 ], [ -71.328938278984566, -29.282069190551983 ], [ -71.332699119120008, -29.281538410163751 ], [ -71.329130946754063, -29.277569428561421 ], [ -71.327125561969652, -29.258530910725359 ], [ -71.30848298775193, -29.271609748961207 ], [ -71.306689309043492, -29.274140750464429 ], [ -71.304053091551324, -29.277860360536906 ], [ -71.301867826810266, -29.279853106988149 ], [ -71.300872684393624, -29.281374147020628 ], [ -71.298964172633774, -29.285517663059064 ], [ -71.299951735004285, -29.288759101300222 ], [ -71.302021150761121, -29.294337978179836 ], [ -71.303781340460816, -29.298869423314642 ], [ -71.304900179158537, -29.300303876594832 ], [ -71.306335313381908, -29.303086356231081 ], [ -71.310637732595723, -29.303663641530406 ], [ -71.315245269136739, -29.305087694999951 ], [ -71.317935694864815, -29.305191400508068 ], [ -71.318287256708444, -29.308092805041433 ], [ -71.317953875537157, -29.311056218107801 ], [ -71.317329532131239, -29.316330643336325 ], [ -71.317329001262237, -29.318837121956342 ], [ -71.317287152268491, -29.322046130883788 ], [ -71.317566868219131, -29.324297087733502 ], [ -71.317658054956794, -29.325799380617958 ], [ -71.31757654643333, -29.327254547792833 ], [ -71.317317835274338, -29.328462148522839 ], [ -71.317135564006648, -29.330520609719134 ], [ -71.315559883179048, -29.334207405392739 ], [ -71.31452994511173, -29.33673174394422 ], [ -71.312823874538452, -29.339718960116326 ], [ -71.311614322991446, -29.341895481492788 ], [ -71.320246373020964, -29.344101687298441 ] ] ] ] } },
{ "type": "Feature", "properties": { "fid": 98, "OBJECTID_1": 37, "OBJECTID": 37, "NOM_COM": "LA HIGUERA", "PROVINCIA": "ELQUI", "Z_COMUNAL": "ZONA DE CONSERVACION DE LA NATURALEZA", "USO": "VALOR PAISAJISTICO", "REGIONAL": "AREAS PROTEGIDAS", "Shape_Leng": 93337.092122999995, "LEYENDA": "INTERES ECOLOGICO", "Shape__Area": 103518907.77648926, "Shape__Length": 93334.33659036168, "Nota": "La Zonificación de Uso del Borde Costero de la Región de Coquimbo, constituye un instrumento aún vigente, y que declara áreas con orientaciones de usos específicos, en el borde costero regional. Por lo tanto, se sugiere su uso de acuerdo a la microzonificación según se señala en todas las publicaciones, y que fué aprobada mediante Decreto Supremo Nº 518 Zonificación de Coquimbo, 12 de diciembre de 2005.", "Origen Dato": "https://gorecoquimbo.maps.arcgis.com/apps/CompareAnalysis/index.html?appid=b4f178d41fb24ab8a871596de568a2f7", "Mapa Completo": "https://www.gorecoquimbo.cl/gorecoquimbo/site/artic/20150722/asocfile/20150722092144/comunal.jpg", "Link Memoria": "https://www.gorecoquimbo.cl/gorecoquimbo/site/artic/20150722/asocfile/20150722091730/memoria_explicativa_zonifi.pdf" }, "geometry": { "type": "MultiPolygon", "coordinates": [ [ [ [ -71.235473751733409, -29.341003461922753 ], [ -71.231571579491387, -29.343014966783059 ], [ -71.232886717390883, -29.358612883054782 ], [ -71.237470989095314, -29.385842224818685 ], [ -71.241526709648767, -29.385569346933679 ], [ -71.242290654696959, -29.385761221663476 ], [ -71.242589500128474, -29.386063295219973 ], [ -71.24378768172258, -29.386068716836178 ], [ -71.243820258457433, -29.386221724437437 ], [ -71.244205610274349, -29.386471148485729 ], [ -71.244244366546269, -29.386905545681003 ], [ -71.24425896986935, -29.387570681491873 ], [ -71.244329182731221, -29.388106914974873 ], [ -71.244780264081584, -29.388687922463255 ], [ -71.245375156832296, -29.389164136924336 ], [ -71.245993090890479, -29.389358457558359 ], [ -71.246438002384934, -29.389658050362161 ], [ -71.247387948576318, -29.390333004524329 ], [ -71.248659229688741, -29.391002528775864 ], [ -71.250749590621169, -29.391709386305706 ], [ -71.253779813555226, -29.392630640531788 ], [ -71.255342727170756, -29.393269576122968 ], [ -71.255492727773387, -29.39344617173743 ], [ -71.256300659271332, -29.394302596374967 ], [ -71.257346264857688, -29.395334133358482 ], [ -71.258790114525482, -29.395872675813383 ], [ -71.260590762696452, -29.396686650037559 ], [ -71.262146402827042, -29.39699292757026 ], [ -71.263671151464337, -29.397222951624872 ], [ -71.264571349769028, -29.398282486645144 ], [ -71.265253464001617, -29.398731526080237 ], [ -71.266501423346867, -29.399657178343301 ], [ -71.26677342807605, -29.400062015697799 ], [ -71.267131934162336, -29.400414192723915 ], [ -71.267070982173237, -29.40161800692006 ], [ -71.267086310585171, -29.402308710388205 ], [ -71.267281466767983, -29.403201086156134 ], [ -71.267226183914644, -29.404660724039751 ], [ -71.267162394712869, -29.405736639706813 ], [ -71.266970941114707, -29.406328496222596 ], [ -71.266561096632444, -29.407615023944182 ], [ -71.266372485823823, -29.408334786625744 ], [ -71.266210238808299, -29.408926145217372 ], [ -71.265503103596927, -29.409987414899696 ], [ -71.265279014248804, -29.410426279880262 ], [ -71.265290364085971, -29.410937908029339 ], [ -71.265370369665973, -29.411909010978555 ], [ -71.265549642776762, -29.412085096176636 ], [ -71.266504780487111, -29.414295282637138 ], [ -71.266718954632069, -29.41472669135474 ], [ -71.266694282966043, -29.414931843153969 ], [ -71.26632693920827, -29.4155010932968 ], [ -71.26587022963848, -29.415995095402408 ], [ -71.265438212999811, -29.416283954002957 ], [ -71.2652084356248, -29.416466995460091 ], [ -71.265035966142591, -29.416597884252653 ], [ -71.264893836264463, -29.416779435312328 ], [ -71.26345247804835, -29.419004786625504 ], [ -71.262999142384899, -29.41965226688956 ], [ -71.260937598675156, -29.42027588029686 ], [ -71.258993473637048, -29.420923059952884 ], [ -71.263379544715562, -29.422307282800606 ], [ -71.267505593695745, -29.423823738747611 ], [ -71.27045210585301, -29.424873958165922 ], [ -71.271356631647194, -29.426112491251793 ], [ -71.272985273200277, -29.428362305900681 ], [ -71.274126492386358, -29.429724731509783 ], [ -71.274010446079131, -29.432388180420389 ], [ -71.274044657450943, -29.433923060309262 ], [ -71.274153430435391, -29.434868070890214 ], [ -71.274238676886398, -29.436069392995517 ], [ -71.274314800692082, -29.436861417306382 ], [ -71.273547853539043, -29.439177708461123 ], [ -71.272612343873135, -29.441803969233664 ], [ -71.271540356990869, -29.444867595265404 ], [ -71.270741953779122, -29.445776900249943 ], [ -71.269203556591037, -29.447594509268072 ], [ -71.268720361279676, -29.448216930967629 ], [ -71.268724345301521, -29.448396004803765 ], [ -71.269137896059348, -29.449898819820046 ], [ -71.26923867982299, -29.450485696374862 ], [ -71.268760962335008, -29.452669085848076 ], [ -71.268216597904967, -29.455800460064037 ], [ -71.268991764646799, -29.45778334662284 ], [ -71.269691393809381, -29.458999780823611 ], [ -71.270452369506131, -29.460343127855932 ], [ -71.270461488355267, -29.460752424041711 ], [ -71.270414988252952, -29.461290623596284 ], [ -71.270148892771275, -29.46247235053244 ], [ -71.269770422447763, -29.463860723743597 ], [ -71.269343909755094, -29.464405405878686 ], [ -71.268516116141271, -29.465315211029012 ], [ -71.2675501149821, -29.466585633010546 ], [ -71.267026201478117, -29.466696926651966 ], [ -71.265746778449369, -29.467025807962333 ], [ -71.263332956373489, -29.467629899743194 ], [ -71.261436775261842, -29.467841286122926 ], [ -71.261769695577584, -29.468347445120944 ], [ -71.262046997136636, -29.468982502528554 ], [ -71.262441807050578, -29.469641160559398 ], [ -71.263009180668135, -29.470168917175638 ], [ -71.263226326798033, -29.470728228570678 ], [ -71.263247924131335, -29.471700318223455 ], [ -71.26344037977448, -29.472464770698497 ], [ -71.263714851255671, -29.472971917302679 ], [ -71.263991052339222, -29.473555810880899 ], [ -71.264060321951092, -29.474040869999349 ], [ -71.265272041956294, -29.474608824827634 ], [ -71.266068790845111, -29.474927939297064 ], [ -71.266199382955932, -29.475539897211956 ], [ -71.26646990310519, -29.475867972194091 ], [ -71.266387895781861, -29.476125277997713 ], [ -71.26622442990103, -29.476665478176955 ], [ -71.265812078066062, -29.477849680389937 ], [ -71.265286753633717, -29.479214946157036 ], [ -71.265211001634697, -29.479753651204678 ], [ -71.265139221447654, -29.480471420787605 ], [ -71.265069727454176, -29.481291517401811 ], [ -71.265065522163681, -29.482417587378624 ], [ -71.26494551329796, -29.483596816663304 ], [ -71.264816966567793, -29.484392328815023 ], [ -71.264881128417613, -29.484647145185846 ], [ -71.266564586315639, -29.486691328266122 ], [ -71.269204865247957, -29.489666027223837 ], [ -71.269670833954962, -29.490886436081986 ], [ -71.269889768582246, -29.491522477502443 ], [ -71.271754722741704, -29.492514259133177 ], [ -71.273206347385837, -29.493333948366672 ], [ -71.274064030608372, -29.493754330617808 ], [ -71.274873526634252, -29.494636158738725 ], [ -71.275738665074471, -29.495389084448114 ], [ -71.27610329183112, -29.49599702163944 ], [ -71.276795867804211, -29.496880838175112 ], [ -71.277227572561458, -29.497871491972397 ], [ -71.27747181391895, -29.498327944492925 ], [ -71.278190221062516, -29.499057757894981 ], [ -71.278193085455527, -29.499185672001236 ], [ -71.27820568691547, -29.499748446799174 ], [ -71.27830945546394, -29.500463210228968 ], [ -71.278357026818938, -29.501281301931208 ], [ -71.277914915636543, -29.502440465875132 ], [ -71.277084625894517, -29.50324799884045 ], [ -71.276773261359878, -29.503713966697347 ], [ -71.276468180443146, -29.50446132256841 ], [ -71.276303598135286, -29.504950365331833 ], [ -71.276352302984321, -29.505819615177554 ], [ -71.276097121484966, -29.506182256008898 ], [ -71.275764515011147, -29.507006856488896 ], [ -71.275423309225758, -29.507447744585658 ], [ -71.274073420307673, -29.508571246257009 ], [ -71.273091682003269, -29.509151038923161 ], [ -71.272167274565547, -29.509678656933783 ], [ -71.270639565371525, -29.510702801081237 ], [ -71.269485731009098, -29.511439049912628 ], [ -71.268798105990371, -29.512090565601714 ], [ -71.267997490990936, -29.512923127631112 ], [ -71.267284584087818, -29.513754198851192 ], [ -71.266738599642622, -29.514198558940457 ], [ -71.26622128439638, -29.514616830120978 ], [ -71.266110567630463, -29.514900223147507 ], [ -71.265976306981187, -29.515439915654202 ], [ -71.266018104431993, -29.516002204035562 ], [ -71.266125222426595, -29.51687046427099 ], [ -71.266143468713821, -29.517689061118141 ], [ -71.266070556781827, -29.518355660964954 ], [ -71.266072091530475, -29.519737544353671 ], [ -71.265942397418058, -29.520481888047382 ], [ -71.265522478741659, -29.52133354383907 ], [ -71.265385928400192, -29.521770919194264 ], [ -71.265517176760227, -29.522408448901587 ], [ -71.265703500173686, -29.522891497819767 ], [ -71.26621100149579, -29.52334348002374 ], [ -71.26683777746284, -29.52389579069197 ], [ -71.266815946506341, -29.524228836530735 ], [ -71.266264045412981, -29.525722513165487 ], [ -71.265910601425475, -29.526931317633075 ], [ -71.265297896033246, -29.528323663245718 ], [ -71.264713844484987, -29.529689938092986 ], [ -71.264548032846605, -29.530127802438095 ], [ -71.264529604026137, -29.530614341248096 ], [ -71.264745200032607, -29.531096891660493 ], [ -71.265051397340486, -29.531705849364648 ], [ -71.265654105840937, -29.532488891498037 ], [ -71.266366986062565, -29.532962957727278 ], [ -71.26748026685928, -29.533020728661366 ], [ -71.268186306567443, -29.533187817382128 ], [ -71.268898060058376, -29.533610701022482 ], [ -71.268906057327726, -29.533968835012253 ], [ -71.269041348317359, -29.534785430494765 ], [ -71.269377415572421, -29.535419465105353 ], [ -71.269623439226564, -29.535952662975522 ], [ -71.269598749814477, -29.53615781332303 ], [ -71.269520141650659, -29.53656860436914 ], [ -71.269412271949207, -29.536979895292554 ], [ -71.26942941667582, -29.537747330616469 ], [ -71.269529741597609, -29.538308606287629 ], [ -71.269924327531697, -29.538941638825648 ], [ -71.270520829463123, -29.539443256615961 ], [ -71.271202242244627, -29.53981547660241 ], [ -71.27132775965552, -29.541502316868815 ], [ -71.271213601809677, -29.541632221883884 ], [ -71.270900959890852, -29.542047014222007 ], [ -71.270761551609908, -29.542356490088334 ], [ -71.270800443326749, -29.544095988130653 ], [ -71.270931673966771, -29.546038635908527 ], [ -71.271356699594037, -29.546722319165188 ], [ -71.271314212810253, -29.547439586027487 ], [ -71.27119425279183, -29.54861881055314 ], [ -71.270666415122307, -29.54988177498662 ], [ -71.270273409664711, -29.550630630412677 ], [ -71.270055365896837, -29.551350897175769 ], [ -71.269841323053285, -29.552250225539307 ], [ -71.27189671431735, -29.553852877147786 ], [ -71.272791050339535, -29.554579710580395 ], [ -71.273901065478427, -29.557094180622929 ], [ -71.275245770189656, -29.56093532842339 ], [ -71.276222247518717, -29.564015047314598 ], [ -71.277004270714201, -29.566253610962143 ], [ -71.277237831754832, -29.56883425634129 ], [ -71.277302106409081, -29.570394178265637 ], [ -71.280070086428438, -29.572419497487761 ], [ -71.281050716078397, -29.573067999235036 ], [ -71.281404744057923, -29.573189876601365 ], [ -71.282272364176393, -29.574019449055378 ], [ -71.282541491583913, -29.574270725838339 ], [ -71.282429052201238, -29.574477385961803 ], [ -71.281978095510851, -29.575252850150164 ], [ -71.281075022006476, -29.576752617241933 ], [ -71.280763473537462, -29.577218601743699 ], [ -71.280570771903612, -29.579064425539254 ], [ -71.280345926234332, -29.580782858374953 ], [ -71.280251871092233, -29.581808089187184 ], [ -71.279193190351378, -29.582901074767584 ], [ -71.278450099954284, -29.583707133990416 ], [ -71.278224588862557, -29.584094869459928 ], [ -71.278119017149635, -29.584608489405447 ], [ -71.277923352418227, -29.585021301529128 ], [ -71.277876306536697, -29.585533916646508 ], [ -71.277585364824958, -29.585615685262095 ], [ -71.276603507695825, -29.586221104447798 ], [ -71.27397578931037, -29.587852766349169 ], [ -71.273838058936008, -29.588238991664067 ], [ -71.273649244257157, -29.588958762031577 ], [ -71.273522984440532, -29.589856589556142 ], [ -71.273112072793396, -29.591117560299189 ], [ -71.272152468474999, -29.594025733051129 ], [ -71.271015519469813, -29.59555503306294 ], [ -71.275671718661044, -29.596882737282868 ], [ -71.276879838474315, -29.59722027828548 ], [ -71.277541648842075, -29.599307333440446 ], [ -71.277561838347182, -29.601507762515698 ], [ -71.277727160974308, -29.602349418248433 ], [ -71.278131851568403, -29.603417259551446 ], [ -71.278251241764437, -29.603517572167366 ], [ -71.284947723497538, -29.604400436379013 ], [ -71.285636655578116, -29.601189768062351 ], [ -71.286137400523913, -29.598724468726438 ], [ -71.286306681748826, -29.598440051415771 ], [ -71.287985108080406, -29.596261526389036 ], [ -71.289576240802731, -29.594110086020883 ], [ -71.289948648354553, -29.593745393745294 ], [ -71.291789456583501, -29.592280553163494 ], [ -71.293310015171954, -29.590897987655993 ], [ -71.294346284887823, -29.590112369209528 ], [ -71.294132732420536, -29.589732207583424 ], [ -71.293186082844159, -29.588008430823933 ], [ -71.2928479492588, -29.587297743004509 ], [ -71.292782466537403, -29.586991785349642 ], [ -71.292894907649384, -29.586785117901147 ], [ -71.293237434435667, -29.586395345341717 ], [ -71.29314500258819, -29.586192217219416 ], [ -71.293013470776074, -29.58555473425195 ], [ -71.292794728268817, -29.584944345425157 ], [ -71.292550761401543, -29.584513519976873 ], [ -71.291922878957294, -29.583935785450144 ], [ -71.291800609529787, -29.583707592038671 ], [ -71.291728195608613, -29.583094673753362 ], [ -71.291734922563961, -29.582096526670217 ], [ -71.291929368414699, -29.58163254038352 ], [ -71.292404320189561, -29.580626316077915 ], [ -71.292711204947082, -29.579955670788568 ], [ -71.292857873497283, -29.578673614062211 ], [ -71.293090022723376, -29.577287718285316 ], [ -71.293182211044837, -29.576185740504009 ], [ -71.293072450280761, -29.575215203056199 ], [ -71.293589349988679, -29.5747712327748 ], [ -71.294474528471468, -29.573783501090865 ], [ -71.295391265035704, -29.572897581997267 ], [ -71.296249455900707, -29.572012669862833 ], [ -71.29718731193708, -29.570768107797772 ], [ -71.298272032822865, -29.569546586385538 ], [ -71.298697626384524, -29.568950638924495 ], [ -71.299321672188455, -29.568069762168669 ], [ -71.299702071713838, -29.568063173585394 ], [ -71.300517905770434, -29.567895489927622 ], [ -71.301190914544364, -29.567883826740399 ], [ -71.301341280618516, -29.568060356972378 ], [ -71.301780197549107, -29.56805274793885 ], [ -71.302394687789231, -29.568042093281083 ], [ -71.30292254143464, -29.568084114693256 ], [ -71.303531224126772, -29.567817652640407 ], [ -71.305793234573372, -29.566882719595661 ], [ -71.307403161615568, -29.566880347222863 ], [ -71.308018806080469, -29.566920822506784 ], [ -71.309137116753348, -29.567182866160159 ], [ -71.310430412236528, -29.567416267289914 ], [ -71.311590942499024, -29.566961037796087 ], [ -71.311850199672236, -29.566777386762524 ], [ -71.312645485592711, -29.566993858050989 ], [ -71.313089058954404, -29.567190846107767 ], [ -71.313013631432483, -29.566450044413049 ], [ -71.312121820182867, -29.565851413577111 ], [ -71.311286807667443, -29.565175013422923 ], [ -71.310035750788643, -29.564224357793137 ], [ -71.309735573708593, -29.563896904203958 ], [ -71.309668907605953, -29.563539799195581 ], [ -71.309653769983584, -29.562874720314596 ], [ -71.30976382326871, -29.562565718371157 ], [ -71.310414079854212, -29.561556387770995 ], [ -71.310548726934712, -29.561042232433081 ], [ -71.310767659498126, -29.560373079940703 ], [ -71.311199549251015, -29.560058476032271 ], [ -71.31189359902659, -29.55968812941142 ], [ -71.312798859307762, -29.559595599936287 ], [ -71.313705295145851, -29.559554220501539 ], [ -71.314583045564092, -29.559538923289502 ], [ -71.315194561911994, -29.559400311572478 ], [ -71.31563168498343, -29.559315915402092 ], [ -71.316154835757132, -29.559153252192793 ], [ -71.316501842583065, -29.558968063021581 ], [ -71.316632379987496, -29.5582748471695 ], [ -71.316713725588357, -29.557991938456201 ], [ -71.317001632291536, -29.557782200053037 ], [ -71.317640052994378, -29.557540736810484 ], [ -71.318305389222431, -29.557196456507729 ], [ -71.318566373077942, -29.557089538118106 ], [ -71.318558777442391, -29.556756995039098 ], [ -71.318521925837032, -29.55642497272898 ], [ -71.318570503594842, -29.555989087444832 ], [ -71.318745460580331, -29.555960444862844 ], [ -71.319093047632208, -29.555800835684924 ], [ -71.319266250516748, -29.555695449190534 ], [ -71.319404938203064, -29.555360351887334 ], [ -71.319314251589915, -29.555233975587676 ], [ -71.318901729735998, -29.555113239102646 ], [ -71.318369841421671, -29.554892203434211 ], [ -71.31827096746045, -29.554407725000011 ], [ -71.318325387159433, -29.554227638736588 ], [ -71.318340632742974, -29.553613208246784 ], [ -71.318103655397707, -29.553489394050668 ], [ -71.317630881727027, -29.553292921223715 ], [ -71.317273374546517, -29.553017671128959 ], [ -71.317091416508148, -29.55273935594769 ], [ -71.317026485333983, -29.552458990404485 ], [ -71.316905372618692, -29.552281976389683 ], [ -71.316899534421012, -29.552026177018689 ], [ -71.316719320200875, -29.551824595728725 ], [ -71.316716401381143, -29.551696696018912 ], [ -71.316800088239788, -29.551516108686922 ], [ -71.316881438364746, -29.551233190747261 ], [ -71.316904271514062, -29.550951302773445 ], [ -71.316842251092154, -29.55079884589502 ], [ -71.315966991350308, -29.549636958251913 ], [ -71.315604262417523, -29.549131479938737 ], [ -71.315567414452801, -29.54879944694266 ], [ -71.31564585141345, -29.548388629677369 ], [ -71.31575528908877, -29.548054045839919 ], [ -71.315606098105548, -29.547928695668904 ], [ -71.314902227028483, -29.547864200974736 ], [ -71.314544163604296, -29.547563353764232 ], [ -71.314032843941348, -29.546958097610023 ], [ -71.313489354609118, -29.546225448742312 ], [ -71.312803096414711, -29.545648822019764 ], [ -71.312563232605115, -29.545397096193323 ], [ -71.312616504151535, -29.545165855102415 ], [ -71.312874541259092, -29.544931049072915 ], [ -71.313218023185556, -29.544592400864246 ], [ -71.313855207772889, -29.544299802973544 ], [ -71.31431802213217, -29.544061426505802 ], [ -71.314396462112541, -29.543650618651675 ], [ -71.314508232057619, -29.543418357540169 ], [ -71.314531071411182, -29.543136460389078 ], [ -71.314409974121219, -29.542959442142173 ], [ -71.313813830103754, -29.542483612909308 ], [ -71.313338203013458, -29.542159221057979 ], [ -71.31341954719052, -29.541876313954837 ], [ -71.313555909075106, -29.541438900122273 ], [ -71.313611507866725, -29.541309980700824 ], [ -71.313632018902069, -29.540925770568958 ], [ -71.313423162885883, -29.540750271748173 ], [ -71.31205597445846, -29.539827241037031 ], [ -71.31155053184429, -29.539477771672207 ], [ -71.31154412886535, -29.539196383522196 ], [ -71.311356392408186, -29.538662257763299 ], [ -71.311587495536131, -29.538530285000455 ], [ -71.311903446897574, -29.538268884905385 ], [ -71.312249240341146, -29.538032552135864 ], [ -71.312712614754204, -29.537819760658 ], [ -71.313294172751938, -29.537656086259009 ], [ -71.313494272237804, -29.537447885978143 ], [ -71.313922575494459, -29.53697979927534 ], [ -71.314064162399617, -29.536772607559239 ], [ -71.313854159954701, -29.536545960332123 ], [ -71.313557565299845, -29.536371989616558 ], [ -71.313290802652887, -29.536223086179842 ], [ -71.312876035764063, -29.536000003063599 ], [ -71.312465346772541, -29.53595597549965 ], [ -71.312255339865658, -29.535729308458915 ], [ -71.312248352874008, -29.535422351044126 ], [ -71.312238455592379, -29.534987483239053 ], [ -71.312259564771708, -29.534628850875887 ], [ -71.312136154714295, -29.534349508293765 ], [ -71.311534254749191, -29.533617862980069 ], [ -71.311235343745096, -29.53334156409548 ], [ -71.310767903610795, -29.53337529253281 ], [ -71.310237893376836, -29.533230970360002 ], [ -71.309676309298254, -29.532984822235573 ], [ -71.309082573452926, -29.532611289115298 ], [ -71.308399342235987, -29.532162533001507 ], [ -71.308160113633221, -29.531936384550477 ], [ -71.308124463313447, -29.531655503760383 ], [ -71.308114585188591, -29.531220634441301 ], [ -71.308045048959741, -29.530735625533584 ], [ -71.307895311845741, -29.530584687035098 ], [ -71.307880788097165, -29.529945182386836 ], [ -71.307753910323953, -29.529512345335913 ], [ -71.307711882431846, -29.528950092764131 ], [ -71.30770491190944, -29.52864312501476 ], [ -71.30799217951089, -29.528407820492589 ], [ -71.308399350120808, -29.528298384414786 ], [ -71.308599443896341, -29.528090181762142 ], [ -71.308650394855107, -29.527756629089094 ], [ -71.308700752838689, -29.527397487397685 ], [ -71.308751121917894, -29.527038346393422 ], [ -71.308858240935507, -29.526601444723962 ], [ -71.308995177025892, -29.526189623193662 ], [ -71.309162541794151, -29.525828448744662 ], [ -71.309416483462115, -29.525414583303544 ], [ -71.309854631283102, -29.525381379210092 ], [ -71.310468268139488, -29.525345122994331 ], [ -71.311020503874417, -29.525181979743298 ], [ -71.311372073959049, -29.525201452592476 ], [ -71.311487314251181, -29.525122674278762 ], [ -71.311888067429805, -29.524731847776032 ], [ -71.312323894169936, -29.524596313222954 ], [ -71.312612302648461, -29.524412157336261 ], [ -71.312693057157205, -29.524103672312091 ], [ -71.312863898280867, -29.523895972913042 ], [ -71.312512343018867, -29.52387650269884 ], [ -71.31189637747886, -29.523810446595352 ], [ -71.311305598874767, -29.52356482119988 ], [ -71.310774476888938, -29.523369331604037 ], [ -71.309547796884829, -29.523467432158601 ], [ -71.309201473999437, -29.523678176530755 ], [ -71.308770293893204, -29.524018337015523 ], [ -71.308220966177046, -29.524309380794477 ], [ -71.307181015468004, -29.523610909207726 ], [ -71.307088621445814, -29.523407787465928 ], [ -71.307047183764539, -29.52287111137651 ], [ -71.307037894386937, -29.522461820480192 ], [ -71.306862409534205, -29.522464867275932 ], [ -71.306542415766728, -29.522547196115319 ], [ -71.306370413483577, -29.522703721909366 ], [ -71.306173797154571, -29.523065409883728 ], [ -71.305801112111581, -29.523404545728077 ], [ -71.304701278503316, -29.523935432291346 ], [ -71.303941403781593, -29.523974206460391 ], [ -71.30300429163259, -29.523939264807339 ], [ -71.302995018328545, -29.523529981827753 ], [ -71.302818951370639, -29.523507435870275 ], [ -71.30278101269225, -29.523124247194467 ], [ -71.302515459431049, -29.523026476095133 ], [ -71.302248168657613, -29.522851977920539 ], [ -71.301359144257731, -29.522355569880379 ], [ -71.300767227993305, -29.522058729787958 ], [ -71.300318090634448, -29.521605874758585 ], [ -71.299958439722261, -29.521228243895546 ], [ -71.29957358795518, -29.521030186181477 ], [ -71.299566643210454, -29.520723216323525 ], [ -71.299439236005441, -29.520264790560272 ], [ -71.299307780800149, -29.519627304612754 ], [ -71.299124189497235, -29.519272213939093 ], [ -71.298853454610509, -29.518944218242385 ], [ -71.298377976796388, -29.51861976334493 ], [ -71.298197871056033, -29.51841815962641 ], [ -71.298192667032666, -29.51818792513987 ], [ -71.298245384590757, -29.517931109325467 ], [ -71.298234397710814, -29.517445079774859 ], [ -71.298515875223984, -29.516953991864206 ], [ -71.298481993882845, -29.516749860033695 ], [ -71.298713077816132, -29.516617911801401 ], [ -71.299109802082214, -29.516048054356574 ], [ -71.299680849953674, -29.515424003021341 ], [ -71.300109702728889, -29.514981539798445 ], [ -71.30030978905441, -29.514773349773488 ], [ -71.30030168766875, -29.514415231628647 ], [ -71.3001346281373, -29.513496861458911 ], [ -71.300060519540025, -29.512807196793215 ], [ -71.30004663309758, -29.512193265512849 ], [ -71.300089497685022, -29.51150157718304 ], [ -71.300396733346091, -29.51085649941087 ], [ -71.301125256630371, -29.509436407242749 ], [ -71.301761983901841, -29.507838772069519 ], [ -71.30220845882063, -29.506884189863921 ], [ -71.302345411739779, -29.506472372967206 ], [ -71.30219687894909, -29.506372582285984 ], [ -71.301894604603788, -29.5059427741791 ], [ -71.301626203946384, -29.505717105653098 ], [ -71.301588859756833, -29.505359484661948 ], [ -71.3015497795149, -29.504925127850658 ], [ -71.301568023349759, -29.504438592177369 ], [ -71.301675736579114, -29.504027273129768 ], [ -71.301872326226245, -29.503665601207363 ], [ -71.301836140314208, -29.503359146395407 ], [ -71.301693703017833, -29.502235631480097 ], [ -71.301653466565298, -29.501750099229309 ], [ -71.301549533407055, -29.501035371226092 ], [ -71.301631474960402, -29.500778039152916 ], [ -71.301910002040273, -29.500159045148415 ], [ -71.302105438027041, -29.499746215735737 ], [ -71.302125995275375, -29.499361994248329 ], [ -71.301965898425692, -29.498750593498773 ], [ -71.302016853136777, -29.498417040911026 ], [ -71.302153797892473, -29.49800522520858 ], [ -71.302377310173284, -29.49754072298872 ], [ -71.302539439637599, -29.496949331413283 ], [ -71.302672906953703, -29.496384024743065 ], [ -71.302629197805757, -29.495745010937053 ], [ -71.302583174200791, -29.495003683484004 ], [ -71.302392688072999, -29.494341632693164 ], [ -71.302014607988994, -29.493145421212859 ], [ -71.301703699876626, -29.492331903093358 ], [ -71.301400316599754, -29.491850934261535 ], [ -71.301155410167965, -29.491368951637028 ], [ -71.301001696088051, -29.491038931318617 ], [ -71.300619273104459, -29.490943194304066 ], [ -71.300028714638373, -29.49069749585836 ], [ -71.299792257123144, -29.489294108519164 ], [ -71.29967356723175, -29.489219386286972 ], [ -71.298782538559848, -29.488620618416746 ], [ -71.298337611262994, -29.488346806116315 ], [ -71.298035411799603, -29.487916993384282 ], [ -71.297464874366639, -29.487261490131395 ], [ -71.29666390177222, -29.48676351557387 ], [ -71.296542331281628, -29.486560886550773 ], [ -71.296536560840607, -29.486305080957106 ], [ -71.296589270766802, -29.486048265354142 ], [ -71.296672360877409, -29.485842102467377 ], [ -71.296638508301712, -29.485637968348172 ], [ -71.296516940415103, -29.485435340078666 ], [ -71.296479049534966, -29.485052136510298 ], [ -71.296414808253914, -29.484797339711683 ], [ -71.296465200125937, -29.484438191202209 ], [ -71.296311514201349, -29.484108173650636 ], [ -71.296242658985449, -29.483648729373986 ], [ -71.296120516537528, -29.483420520857969 ], [ -71.296056278512978, -29.483165724608032 ], [ -71.295991453660292, -29.48288534970116 ], [ -71.295844693213155, -29.482862284824542 ], [ -71.295260525221352, -29.482897965605954 ], [ -71.294995673102093, -29.48282576138217 ], [ -71.29484083092602, -29.482444574325772 ], [ -71.294479619500734, -29.481990172525922 ], [ -71.293831800305711, -29.48179661914391 ], [ -71.293200754579999, -29.481601396575321 ], [ -71.292553606333598, -29.481574844179846 ], [ -71.292185679042419, -29.481505758829076 ], [ -71.291798321087626, -29.48153128811315 ], [ -71.291643285195931, -29.481345397246827 ], [ -71.291400369337495, -29.481085584711909 ], [ -71.29107467646277, -29.480978059200961 ], [ -71.290378526397646, -29.480688342750284 ], [ -71.289987780033755, -29.48056307161642 ], [ -71.288909366094984, -29.480525062440528 ], [ -71.288712940361023, -29.480415306969903 ], [ -71.288319231182385, -29.48015808250636 ], [ -71.287920018879475, -29.479655825991987 ], [ -71.287717667430002, -29.479282171314487 ], [ -71.287535586853437, -29.47885159683123 ], [ -71.287529658276355, -29.478587709123477 ], [ -71.287522883762648, -29.478286117600199 ], [ -71.287558775407206, -29.477964938894718 ], [ -71.287553271218997, -29.477719889054725 ], [ -71.287736564261039, -29.477245320444752 ], [ -71.287879739684058, -29.476903441995926 ], [ -71.28795828589702, -29.476562665294452 ], [ -71.288165655871765, -29.476200827132516 ], [ -71.288290677811958, -29.476010104265413 ], [ -71.288523820631426, -29.475836385086513 ], [ -71.288954235652227, -29.475810125111611 ], [ -71.289342420637993, -29.475822299068394 ], [ -71.289360569615482, -29.475671133151149 ], [ -71.289508400113206, -29.475536589181672 ], [ -71.289567095464051, -29.475271589197707 ], [ -71.289479646566264, -29.475216521980872 ], [ -71.28930476986389, -29.4751063960213 ], [ -71.289086390824735, -29.474978155285633 ], [ -71.288974025450926, -29.474772662976243 ], [ -71.288946121179563, -29.474490289374 ], [ -71.288875150143596, -29.474208666801008 ], [ -71.288912721253908, -29.473962885663845 ], [ -71.289080394014277, -29.473752573961409 ], [ -71.289204988057435, -29.473543012518206 ], [ -71.289415736472705, -29.473331950033785 ], [ -71.289498099719793, -29.473160824563134 ], [ -71.289662803770398, -29.472818572972216 ], [ -71.289741755390182, -29.472496652535405 ], [ -71.289822845851077, -29.472268966309855 ], [ -71.289903067074917, -29.472003596500709 ], [ -71.290048772768415, -29.47177480767569 ], [ -71.290235011150287, -29.471432184719092 ], [ -71.290489688884961, -29.47125809171051 ], [ -71.290464335613137, -29.471088810598566 ], [ -71.290332117635245, -29.470959096932596 ], [ -71.290113747719275, -29.470830857382218 ], [ -71.289957874460299, -29.470607259639468 ], [ -71.28964910443085, -29.470292012569523 ], [ -71.289493656697246, -29.470087261095866 ], [ -71.289446767884215, -29.469918360278921 ], [ -71.289461104239606, -29.469597551142002 ], [ -71.289476711449595, -29.46933328369467 ], [ -71.289430670517106, -29.469202085719612 ], [ -71.28929845620182, -29.469072361769737 ], [ -71.289187367618268, -29.468923418991785 ], [ -71.289140045903835, -29.468735661301665 ], [ -71.289156077743215, -29.468490250681953 ], [ -71.28910622521758, -29.468189400311839 ], [ -71.288965119313573, -29.467663848609686 ], [ -71.288851926659589, -29.467420661469927 ], [ -71.288844304162623, -29.467081365904917 ], [ -71.288878909239259, -29.466703636197032 ], [ -71.288938015942932, -29.466457483479505 ], [ -71.289019528082818, -29.466248654584593 ], [ -71.289002589192435, -29.46549468551629 ], [ -71.288961149447815, -29.464609129387043 ], [ -71.288930285552269, -29.464194807614039 ], [ -71.288807347561374, -29.463518078948216 ], [ -71.288737646746284, -29.463293006415768 ], [ -71.288429328425067, -29.462996601735362 ], [ -71.287677944744175, -29.462160971127325 ], [ -71.287521667920686, -29.461918513255615 ], [ -71.287540253063881, -29.46178619406896 ], [ -71.287685516739884, -29.46153856032868 ], [ -71.287766181949493, -29.461292038177508 ], [ -71.28784936444238, -29.46115860814777 ], [ -71.287825712351321, -29.461064733674725 ], [ -71.287694792239336, -29.460991557063902 ], [ -71.287690136998634, -29.460784210521254 ], [ -71.287575676229409, -29.460484469893157 ], [ -71.28746162816519, -29.460203586217741 ], [ -71.287456127380679, -29.45995854564481 ], [ -71.287560020277553, -29.459787041284976 ], [ -71.287574363420234, -29.459466231657693 ], [ -71.287496206868269, -29.458864158758232 ], [ -71.287402014507038, -29.458507506547058 ], [ -71.287493276963403, -29.458312247175826 ], [ -71.288161659174833, -29.457254513835593 ], [ -71.290735428328873, -29.456989965022004 ], [ -71.292618559064763, -29.456792333767186 ], [ -71.294187219477806, -29.456600107646906 ], [ -71.295799504629684, -29.45658898476184 ], [ -71.293641189745031, -29.455094857172497 ], [ -71.292196603817558, -29.453843631762876 ], [ -71.290948681432653, -29.45021906064461 ], [ -71.290766273991963, -29.449442581253734 ], [ -71.290194007307846, -29.449431118331326 ], [ -71.288450965931091, -29.450591952845606 ], [ -71.287732125657001, -29.450447729933913 ], [ -71.286673935933052, -29.45023974459879 ], [ -71.285219137791771, -29.450073361110519 ], [ -71.283784979668411, -29.449941396513019 ], [ -71.283206027795188, -29.449829547054346 ], [ -71.282567066424704, -29.449701328822517 ], [ -71.281469936667236, -29.449528768410527 ], [ -71.281310192080582, -29.449496707807342 ], [ -71.281187478124707, -29.449342229103902 ], [ -71.2811648762396, -29.449220833402709 ], [ -71.281065142484977, -29.449205147434967 ], [ -71.280787742907819, -29.449244701200087 ], [ -71.279995665329849, -29.449380055488621 ], [ -71.277460071898602, -29.449771423204787 ], [ -71.276213697399044, -29.450036312657204 ], [ -71.275165221211907, -29.450263007195097 ], [ -71.274689111954729, -29.450305944675264 ], [ -71.274112104918345, -29.450281006219253 ], [ -71.273492240013411, -29.450117619315769 ], [ -71.273529658814837, -29.45001260027275 ], [ -71.273977753127696, -29.449604796263205 ], [ -71.274429336992526, -29.449353513006173 ], [ -71.275690151719431, -29.448844817690532 ], [ -71.277217808465068, -29.448714300451776 ], [ -71.278448183397302, -29.448623663204213 ], [ -71.279416746362614, -29.448380897898957 ], [ -71.28028752826485, -29.448209409483596 ], [ -71.282281880318294, -29.44939306465897 ], [ -71.282797723450386, -29.449349418644832 ], [ -71.283483427876604, -29.449789998132726 ], [ -71.284237706472581, -29.449742254883621 ], [ -71.285671083097256, -29.4498394289826 ], [ -71.287205746080232, -29.450021840393166 ], [ -71.287459765583165, -29.449826093184534 ], [ -71.288207014589759, -29.44946529529452 ], [ -71.289172054152004, -29.449065956205274 ], [ -71.290553956710198, -29.448642034159953 ], [ -71.290947657457934, -29.448564264324116 ], [ -71.29130449239824, -29.447514853872985 ], [ -71.291884049341775, -29.445499540917577 ], [ -71.292334215616094, -29.44406224881223 ], [ -71.291755567522642, -29.443546670827246 ], [ -71.290144489293169, -29.44161820785239 ], [ -71.289971228527179, -29.441329216789871 ], [ -71.290102632982098, -29.441239372203103 ], [ -71.290465471237823, -29.441057942384358 ], [ -71.290854446456166, -29.440554907446653 ], [ -71.291114627391579, -29.440258457948758 ], [ -71.291106104614357, -29.439879047983318 ], [ -71.290930211805744, -29.43947331852603 ], [ -71.290624886154632, -29.439245002620495 ], [ -71.289954108650818, -29.439081356257191 ], [ -71.289749471823441, -29.438880497187068 ], [ -71.289568345852103, -29.438241284824795 ], [ -71.289315299138224, -29.437369729168068 ], [ -71.289021717281557, -29.436177706097507 ], [ -71.288798088089081, -29.435130465458403 ], [ -71.287257850479421, -29.434864963965442 ], [ -71.285570526641919, -29.433988831792597 ], [ -71.285018769315784, -29.433180795684091 ], [ -71.284536315369309, -29.432488343819067 ], [ -71.284420617652898, -29.431789597825379 ], [ -71.283869525180066, -29.431010735899104 ], [ -71.283857765750625, -29.430485393827475 ], [ -71.2837407705468, -29.429728285425451 ], [ -71.283810078785407, -29.428354834073961 ], [ -71.283894422319563, -29.427652664309605 ], [ -71.284146101746316, -29.426976816034156 ], [ -71.285195953580185, -29.426199678005315 ], [ -71.285193339162461, -29.426082937558977 ], [ -71.28554371686117, -29.425347001177734 ], [ -71.285932661666635, -29.424843971567935 ], [ -71.286423570722434, -29.424426784849683 ], [ -71.286547110323312, -29.423986713537261 ], [ -71.285460702547041, -29.423129453365018 ], [ -71.285448285012436, -29.42257492117422 ], [ -71.284974387744612, -29.422261888756349 ], [ -71.284824698299843, -29.421534532907742 ], [ -71.284740387427277, -29.420747653245389 ], [ -71.284731895124764, -29.420368241377524 ], [ -71.285018854656414, -29.419779380390022 ], [ -71.28534896097834, -29.418138689716184 ], [ -71.285355512616405, -29.416941500812587 ], [ -71.286078427565172, -29.416461941818593 ], [ -71.286702645002535, -29.416042457598099 ], [ -71.287158873696924, -29.415567472186929 ], [ -71.287348417032234, -29.415097074271273 ], [ -71.287269979682421, -29.414572867336876 ], [ -71.287163435339025, -29.414282733678789 ], [ -71.287087615323372, -29.41387527601692 ], [ -71.287374545080112, -29.413286402129806 ], [ -71.288715129329532, -29.410877988620435 ], [ -71.28937810831637, -29.409988348088369 ], [ -71.289621957946679, -29.409442260409062 ], [ -71.289608557167711, -29.4088445306746 ], [ -71.289731532284065, -29.408618185059776 ], [ -71.290173237972766, -29.408330304091539 ], [ -71.290510369884146, -29.408137643015543 ], [ -71.290507437110591, -29.408006894749274 ], [ -71.29045975033506, -29.407783482399914 ], [ -71.290454304820727, -29.407540656162123 ], [ -71.290811930827815, -29.40731027518887 ], [ -71.291484927090849, -29.406868924946945 ], [ -71.291923685576421, -29.406450280683568 ], [ -71.292110228890365, -29.406204150905289 ], [ -71.292226907588812, -29.405697615085025 ], [ -71.292287117820706, -29.405528403533598 ], [ -71.292389168019156, -29.405321104196645 ], [ -71.292361136404509, -29.405022610780165 ], [ -71.292308826317935, -29.404593726564254 ], [ -71.292297507886232, -29.404089403267957 ], [ -71.292308362365176, -29.40362206426239 ], [ -71.292359359545372, -29.403041915061038 ], [ -71.292413301445336, -29.40259252376859 ], [ -71.292690554201087, -29.401634761074657 ], [ -71.292982486515527, -29.401330761257405 ], [ -71.293399463354191, -29.400893808531666 ], [ -71.293437098957767, -29.400668920095473 ], [ -71.293807629049979, -29.400064590460101 ], [ -71.293862811868095, -29.399671232499081 ], [ -71.293848132333252, -29.399017469282825 ], [ -71.294203985910357, -29.397759375435115 ], [ -71.294365400760029, -29.39734550935561 ], [ -71.294638920334506, -29.397172623070464 ], [ -71.297112307468126, -29.396139644768663 ], [ -71.299178064375454, -29.396907507462068 ], [ -71.300967275874925, -29.396764508669843 ], [ -71.301743571336601, -29.397124818839639 ], [ -71.30326939395097, -29.397602967773683 ], [ -71.303832817804391, -29.397985641811331 ], [ -71.304428810327934, -29.397919270584424 ], [ -71.304648849135603, -29.398214447964303 ], [ -71.304973025447723, -29.39839569431772 ], [ -71.305471627352986, -29.398742096939717 ], [ -71.305735003524305, -29.398593502205664 ], [ -71.306192035984964, -29.398428678094909 ], [ -71.306882892766311, -29.39841671748869 ], [ -71.306891790920005, -29.397676869441788 ], [ -71.307804818680054, -29.397302416163807 ], [ -71.30866235696827, -29.397870348737641 ], [ -71.309288605917203, -29.39839746196375 ], [ -71.310032664160261, -29.398474225791723 ], [ -71.310542383939151, -29.398375724921422 ], [ -71.31084942679027, -29.398370399185847 ], [ -71.311135448840844, -29.398567174850886 ], [ -71.311292017988819, -29.398698952512099 ], [ -71.311723953333839, -29.398556964708625 ], [ -71.311988682004511, -29.397812669010971 ], [ -71.312231881641011, -29.397248071548866 ], [ -71.311989430184724, -29.396714322329135 ], [ -71.311720376492957, -29.396136194079677 ], [ -71.311650444974475, -29.395308042618701 ], [ -71.311622565744429, -29.394075698093374 ], [ -71.312375452072345, -29.393412594904589 ], [ -71.312464107976609, -29.392805848277387 ], [ -71.31236959812172, -29.392022954629578 ], [ -71.312307779239049, -29.391553312674006 ], [ -71.312400998115308, -29.39114822252008 ], [ -71.312318668937408, -29.390903083664593 ], [ -71.312159576344229, -29.390659276866675 ], [ -71.312097759694936, -29.390189634626967 ], [ -71.312167922190397, -29.389897018289986 ], [ -71.312746245788958, -29.389438678744391 ], [ -71.313490746652704, -29.389537829443491 ], [ -71.314203061428628, -29.389346145360694 ], [ -71.314931830042994, -29.38875068970583 ], [ -71.31543185049766, -29.388226457012291 ], [ -71.31555063401764, -29.38782092082209 ], [ -71.315417130896222, -29.387576673245547 ], [ -71.315080977781889, -29.387425599586496 ], [ -71.31484056986686, -29.386981482076095 ], [ -71.314629801296874, -29.386716155335982 ], [ -71.314625742905463, -29.386536909753605 ], [ -71.315287890695345, -29.386390914083215 ], [ -71.315793990668013, -29.386135552826346 ], [ -71.315728609081305, -29.385509069916733 ], [ -71.315566473415728, -29.385130834895918 ], [ -71.316308405331398, -29.385117942077645 ], [ -71.317715519649042, -29.385093478080119 ], [ -71.317948313466673, -29.385201493287738 ], [ -71.318057256658605, -29.38549099652743 ], [ -71.318415427826267, -29.385484766255402 ], [ -71.318668223307512, -29.385345883795747 ], [ -71.31888880917073, -29.384916154108755 ], [ -71.318950318989764, -29.384242633297085 ], [ -71.318968273173894, -29.383906091571291 ], [ -71.319375584975944, -29.383809341790354 ], [ -71.319914357878076, -29.383867205690315 ], [ -71.320398404209328, -29.383769125931039 ], [ -71.320756569781111, -29.38376288968297 ], [ -71.321011391583099, -29.38371362063047 ], [ -71.321024761060642, -29.383175423444772 ], [ -71.321040684859398, -29.382749263211526 ], [ -71.321209590284909, -29.382298018813351 ], [ -71.321325292376812, -29.381758039062486 ], [ -71.320724682417946, -29.381230533435485 ], [ -71.320515946871907, -29.38105485154632 ], [ -71.320559993560749, -29.380740275800576 ], [ -71.320704338464608, -29.380334290623981 ], [ -71.320902391444505, -29.380039444288553 ], [ -71.320972522467557, -29.379746824693225 ], [ -71.320373959984323, -29.379308943169054 ], [ -71.320161670761863, -29.378976418842903 ], [ -71.319949381720065, -29.378643884185063 ], [ -71.319992413762591, -29.378284494258033 ], [ -71.320167418566612, -29.378102123681828 ], [ -71.320316338616166, -29.377897794689375 ], [ -71.320209443063803, -29.377697920230471 ], [ -71.320026293452642, -29.377521782737311 ], [ -71.320173686699434, -29.377250238935147 ], [ -71.320449494771751, -29.376998870703812 ], [ -71.320594841701208, -29.376637700101874 ], [ -71.320564688491771, -29.376436488736797 ], [ -71.320177921647399, -29.376308737388154 ], [ -71.32004136399847, -29.375930053162659 ], [ -71.319722699730576, -29.375420044393636 ], [ -71.319687963660471, -29.375017176905118 ], [ -71.318863269933644, -29.374762547580094 ], [ -71.31842636401943, -29.374680485131798 ], [ -71.31847243668669, -29.374455536555299 ], [ -71.318723173274691, -29.374227018617752 ], [ -71.318510900961968, -29.373894489648006 ], [ -71.318324215864479, -29.373561507105745 ], [ -71.318495154365337, -29.373199892515565 ], [ -71.318491598332713, -29.373043049715132 ], [ -71.318130423132516, -29.372914837598739 ], [ -71.316416510472067, -29.372944630980204 ], [ -71.316288101602595, -29.372924451037221 ], [ -71.316252366564996, -29.372476768240688 ], [ -71.316064169197716, -29.372076564868198 ], [ -71.315539874942871, -29.371525295356623 ], [ -71.314477389096908, -29.370938527617291 ], [ -71.313927027408795, -29.370365292229501 ], [ -71.313762391611888, -29.369875013678904 ], [ -71.313045648224985, -29.369865031442245 ], [ -71.31242007329908, -29.369360336136349 ], [ -71.311532634373492, -29.368591199712174 ], [ -71.310838702937843, -29.367325566253111 ], [ -71.310599378558422, -29.366926240005039 ], [ -71.309993069549165, -29.367272968991415 ], [ -71.309535674937607, -29.367415387946629 ], [ -71.309150956120178, -29.36737722058276 ], [ -71.308864027928507, -29.367135620897898 ], [ -71.308649274205962, -29.366691034903159 ], [ -71.30828358275528, -29.366361135309013 ], [ -71.307713254680564, -29.366034785356586 ], [ -71.307603869805803, -29.365722868021685 ], [ -71.307570198041873, -29.365364798797739 ], [ -71.307338976715911, -29.365323977803534 ], [ -71.306926176988014, -29.365174206485911 ], [ -71.306868449200394, -29.364883805155522 ], [ -71.306859860429952, -29.36450289899517 ], [ -71.306856323488432, -29.364346054698888 ], [ -71.306522786539759, -29.364306993589789 ], [ -71.306292578069446, -29.364310976335563 ], [ -71.306034774474199, -29.364225771583182 ], [ -71.306028713425178, -29.363956896635976 ], [ -71.306229802488929, -29.363796512573291 ], [ -71.306663633204238, -29.363744176586692 ], [ -71.307032653900905, -29.363087748508729 ], [ -71.307299869595951, -29.362455492161811 ], [ -71.30733940634012, -29.361939259151356 ], [ -71.307402494315056, -29.361332955889342 ], [ -71.307292612232544, -29.360998634897129 ], [ -71.30695554940155, -29.360802719983795 ], [ -71.306670150972209, -29.360628340865308 ], [ -71.306638011293145, -29.360337496439744 ], [ -71.307200724155081, -29.360327760723951 ], [ -71.308018199676056, -29.360268781311859 ], [ -71.308275489010882, -29.360331579888509 ], [ -71.308561901283426, -29.360550770142265 ], [ -71.308887841544035, -29.360253725715204 ], [ -71.308496084676904, -29.359901866301861 ], [ -71.308434313460481, -29.359432218426385 ], [ -71.308451808726488, -29.359073272284295 ], [ -71.30903958242196, -29.359040674541909 ], [ -71.309472885399757, -29.358965928633559 ], [ -71.309642317870754, -29.358537098684803 ], [ -71.309764638151663, -29.358288411672948 ], [ -71.309992304389823, -29.358172393321869 ], [ -71.31040305599177, -29.358232520064309 ], [ -71.311042990234043, -29.35824385099961 ], [ -71.311469203587791, -29.357855400104974 ], [ -71.311745490751179, -29.357626462757555 ], [ -71.31206887190001, -29.357217381415744 ], [ -71.312210693042985, -29.356699364893654 ], [ -71.312359600719546, -29.35649505497258 ], [ -71.312812386228927, -29.356150971482016 ], [ -71.31308410846529, -29.355720364292416 ], [ -71.313352283144269, -29.35513292187445 ], [ -71.313858745821918, -29.354899976988754 ], [ -71.314695155316073, -29.354549239831357 ], [ -71.315094247127675, -29.354094007177221 ], [ -71.315291754141128, -29.35377675753363 ], [ -71.315338346022457, -29.353574221105951 ], [ -71.315179311794708, -29.35333040482563 ], [ -71.31505143372982, -29.353332625040807 ], [ -71.314925584195706, -29.353424481402097 ], [ -71.314571070510041, -29.353587540763179 ], [ -71.314289733576899, -29.353592423004393 ], [ -71.314305172685181, -29.353143849840837 ], [ -71.314392279028993, -29.352469874766349 ], [ -71.314376067563288, -29.351752871504278 ], [ -71.314206907492633, -29.351060932336608 ], [ -71.314095992504065, -29.350681803617153 ], [ -71.313857205874186, -29.350304883647691 ], [ -71.313873669736239, -29.34990112378436 ], [ -71.314040538387175, -29.3493602593819 ], [ -71.313981789899756, -29.34902505644617 ], [ -71.313434595819913, -29.348586243664013 ], [ -71.320551824968547, -29.346534886972819 ], [ -71.320425771103231, -29.345943038496735 ], [ -71.32031133567439, -29.345108206566284 ], [ -71.320236944880364, -29.344635302208285 ], [ -71.320246373020964, -29.344101687298441 ], [ -71.311614322991446, -29.341895481492788 ], [ -71.305136705018256, -29.34279762527278 ], [ -71.2993930258787, -29.342099395661045 ], [ -71.295275681424712, -29.339918921196546 ], [ -71.291345298042231, -29.334123510844165 ], [ -71.287612920244086, -29.338147475284543 ], [ -71.286124343261903, -29.339763361124408 ], [ -71.285263371940417, -29.340223413248221 ], [ -71.282390087725318, -29.34160852316688 ], [ -71.279946526481311, -29.342731758889059 ], [ -71.274319322811635, -29.344354582447806 ], [ -71.267540479343438, -29.34644205885137 ], [ -71.263790148476744, -29.347587218112988 ], [ -71.260022881693047, -29.347969181698236 ], [ -71.257291040102814, -29.345916143295582 ], [ -71.255449895370987, -29.344738595341646 ], [ -71.254976590576931, -29.343028985941757 ], [ -71.252635860661783, -29.342241530491986 ], [ -71.25041935488197, -29.340497713810105 ], [ -71.24864815687711, -29.339191647107324 ], [ -71.247701868834199, -29.339080367018877 ], [ -71.246239166431977, -29.338596084202639 ], [ -71.244687178883069, -29.337349893976974 ], [ -71.243442235948663, -29.336861905374143 ], [ -71.241330586717439, -29.336579320074126 ], [ -71.240906254213655, -29.337095369070656 ], [ -71.235473751733409, -29.341003461922753 ] ] ] ] } }
]
}
