{
"type": "FeatureCollection",
"name": "riesgo_cota30mt",
"crs": { "type": "name", "properties": { "name": "urn:ogc:def:crs:OGC:1.3:CRS84" } },
"features": [
{ "type": "Feature", "properties": { "fid": 1, "Descripcion": "Cota 30 mts. Amenaza por Tsunami", "Recomendaciones SENAPRED": "https://bibliogrd.senapred.gob.cl/bitstream/handle/2012/1711/06_diptico_tsunami_2023_SENAPRED.pdf", "Origen Data": "Visor Chile Preparado, Territorio y Amenazas - SENAPRED, disponible en https://www.visorchilepreparado.cl/" }, "geometry": { "type": "MultiLineString", "coordinates": [ [ [ -71.528601158999905, -29.233685115999901 ], [ -71.528537808, -29.233686814999899 ], [ -71.528336133, -29.2336523879999 ], [ -71.528146520999897, -29.233650506999901 ], [ -71.528075096, -29.233605952999898 ], [ -71.528047532999906, -29.233562533999901 ], [ -71.528039816, -29.2335153729999 ], [ -71.52805387, -29.233467273 ], [ -71.528080912999897, -29.233426188 ], [ -71.528231366999904, -29.233239754 ], [ -71.528530487, -29.232974962 ], [ -71.528732347999906, -29.232839659 ], [ -71.528782377, -29.232798886999898 ], [ -71.528825073999897, -29.232751989 ], [ -71.528856879, -29.232663379 ], [ -71.528871443, -29.232648266999899 ], [ -71.528891922, -29.2326420589999 ], [ -71.528940727, -29.2326461829999 ], [ -71.529045932, -29.23269062 ], [ -71.5290957939999, -29.232720494 ], [ -71.529252417, -29.232838097999899 ], [ -71.529300415, -29.232883812999901 ], [ -71.529316674, -29.232909274999901 ], [ -71.529323897, -29.232927093999901 ], [ -71.529317958, -29.2329747439999 ], [ -71.529199376999898, -29.233108990999899 ], [ -71.529191365, -29.2331509119999 ], [ -71.529198430999898, -29.233171956 ], [ -71.529288193, -29.233307309999901 ], [ -71.529316711, -29.233381941999902 ], [ -71.529322021, -29.233434017 ], [ -71.529315692, -29.233465581 ], [ -71.529284586999907, -29.233512226999899 ], [ -71.529232712, -29.233555372999898 ], [ -71.529199772, -29.233572884 ], [ -71.529125245, -29.233599195 ], [ -71.529020582, -29.2336197549999 ], [ -71.528776341, -29.233650154 ], [ -71.528601158999905, -29.233685115999901 ] ] ] } },
{ "type": "Feature", "properties": { "fid": 2, "Descripcion": "Cota 30 mts. Amenaza por Tsunami", "Recomendaciones SENAPRED": "https://bibliogrd.senapred.gob.cl/bitstream/handle/2012/1711/06_diptico_tsunami_2023_SENAPRED.pdf", "Origen Data": "Visor Chile Preparado, Territorio y Amenazas - SENAPRED, disponible en https://www.visorchilepreparado.cl/" }, "geometry": { "type": "MultiLineString", "coordinates": [ [ [ -71.530668163, -29.230470386 ], [ -71.530167882999905, -29.230548729 ], [ -71.529989241, -29.230545084 ], [ -71.529936791, -29.230535026 ], [ -71.529873153, -29.230508984 ], [ -71.529819303, -29.230467514999901 ], [ -71.529775112, -29.2304171289999 ], [ -71.529674041, -29.230261535 ], [ -71.529630487, -29.230169647 ], [ -71.529581916, -29.230034755 ], [ -71.52955959, -29.2299536199999 ], [ -71.529550028, -29.229865892 ], [ -71.529564458, -29.229775424 ], [ -71.529612863, -29.229663801 ], [ -71.529701442, -29.229527762 ], [ -71.52978602, -29.22943172 ], [ -71.529869759, -29.229377978999899 ], [ -71.530085035999903, -29.229306478 ], [ -71.530343086999906, -29.2291811119999 ], [ -71.53039674, -29.229142582 ], [ -71.530504432, -29.229008009 ], [ -71.530580422, -29.228945269 ], [ -71.530755572, -29.228872120999899 ], [ -71.53080807, -29.228860654999899 ], [ -71.530876433999893, -29.228858984999899 ], [ -71.530968916999896, -29.228873692 ], [ -71.531030599, -29.228896263 ], [ -71.531083258, -29.228929535 ], [ -71.531124480999907, -29.22897585 ], [ -71.531166149999905, -29.229071733 ], [ -71.531192470999898, -29.229236992 ], [ -71.531195833, -29.2294426889999 ], [ -71.531190043, -29.2295295129999 ], [ -71.531177973999903, -29.229592209 ], [ -71.531145813, -29.2296649469999 ], [ -71.531075549, -29.2297764049999 ], [ -71.531038023999898, -29.229861276 ], [ -71.531019328999903, -29.229940198999898 ], [ -71.531002233, -29.2300889969999 ], [ -71.530985942, -29.230137428 ], [ -71.530949382999907, -29.2301912799999 ], [ -71.530840499, -29.230306325 ], [ -71.530766620999898, -29.230414068999899 ], [ -71.530718427, -29.230454693 ], [ -71.530668163, -29.230470386 ] ] ] } },
{ "type": "Feature", "properties": { "fid": 3, "Descripcion": "Cota 30 mts. Amenaza por Tsunami", "Recomendaciones SENAPRED": "https://bibliogrd.senapred.gob.cl/bitstream/handle/2012/1711/06_diptico_tsunami_2023_SENAPRED.pdf", "Origen Data": "Visor Chile Preparado, Territorio y Amenazas - SENAPRED, disponible en https://www.visorchilepreparado.cl/" }, "geometry": { "type": "MultiLineString", "coordinates": [ [ [ -71.437880198, -29.249014777 ], [ -71.437797793, -29.249468567 ], [ -71.437765908, -29.249781218 ], [ -71.437661152, -29.250188949999899 ], [ -71.437618063999906, -29.250619844 ], [ -71.437604291999904, -29.250702352 ], [ -71.43758014, -29.250764951 ], [ -71.43754405, -29.2508089479999 ], [ -71.437409105, -29.250898569 ], [ -71.437364679, -29.250946956999901 ], [ -71.437264445, -29.251125543999901 ], [ -71.43718245, -29.251224772999901 ], [ -71.437129181, -29.251263085999899 ], [ -71.437045339, -29.251292645 ], [ -71.436980687999906, -29.251295587 ], [ -71.436905904999904, -29.251280116 ], [ -71.436821349, -29.251241077 ], [ -71.436689138, -29.25114934 ], [ -71.4365939099999, -29.25106561 ], [ -71.436533508, -29.250992606999901 ], [ -71.436456382999907, -29.250861949999901 ], [ -71.436423624, -29.250765951999899 ], [ -71.436406341999898, -29.250688334 ], [ -71.436390103999898, -29.250500867 ], [ -71.436405389999905, -29.250262173 ], [ -71.436376045, -29.250050675999901 ], [ -71.436385499, -29.2499585589999 ], [ -71.436441317999893, -29.2497607829999 ], [ -71.436458563, -29.2495543369999 ], [ -71.436466713, -29.249523333 ], [ -71.436487934, -29.249495522 ], [ -71.43650403, -29.249487722 ], [ -71.436589859, -29.249476842 ], [ -71.436637058, -29.249463531999901 ], [ -71.436660596, -29.249442460999902 ], [ -71.436679388, -29.249410812999901 ], [ -71.436687573, -29.249367256 ], [ -71.436684032999906, -29.249238579 ], [ -71.436690177999907, -29.249162584 ], [ -71.436702891, -29.24910319 ], [ -71.43674472, -29.248988144999899 ], [ -71.436752909999896, -29.2489010419999 ], [ -71.436763926, -29.248868627 ], [ -71.436792963, -29.248852714999899 ], [ -71.436960094, -29.248827591 ], [ -71.437088374, -29.248788154 ], [ -71.437167092, -29.248730942999899 ], [ -71.437244050999894, -29.2486296229999 ], [ -71.437290130999898, -29.248582342 ], [ -71.437321121, -29.248560928 ], [ -71.43738267, -29.248542207 ], [ -71.437475968999905, -29.248546588 ], [ -71.437550664, -29.248567146 ], [ -71.437710030999895, -29.2486491999999 ], [ -71.437780539, -29.248706325999901 ], [ -71.437810693, -29.248744087 ], [ -71.437866608, -29.248875041 ], [ -71.437880231, -29.248947804999901 ], [ -71.437880198, -29.249014777 ] ] ] } },
{ "type": "Feature", "properties": { "fid": 4, "Descripcion": "Cota 30 mts. Amenaza por Tsunami", "Recomendaciones SENAPRED": "https://bibliogrd.senapred.gob.cl/bitstream/handle/2012/1711/06_diptico_tsunami_2023_SENAPRED.pdf", "Origen Data": "Visor Chile Preparado, Territorio y Amenazas - SENAPRED, disponible en https://www.visorchilepreparado.cl/" }, "geometry": { "type": "MultiLineString", "coordinates": [ [ [ -71.336175839, -29.542954343 ], [ -71.336503841, -29.5431015469999 ], [ -71.336634649, -29.543168035999901 ], [ -71.336674356999893, -29.5431953249999 ], [ -71.336712555, -29.543232305999901 ], [ -71.336748446999906, -29.54329102 ], [ -71.3368201, -29.543538219 ], [ -71.336858935999899, -29.54361764 ], [ -71.336898157, -29.54367001 ], [ -71.337060747999899, -29.543762059999899 ], [ -71.337148226, -29.54384071 ], [ -71.337345856999903, -29.544116846999898 ], [ -71.337366513999896, -29.54415897 ], [ -71.337349947999897, -29.544174387999899 ], [ -71.337222203, -29.544249833 ], [ -71.337075549, -29.544356395 ], [ -71.337023721, -29.544411169999901 ], [ -71.337005236, -29.544447498999901 ], [ -71.336991903999902, -29.544480755999899 ], [ -71.336998893, -29.544552635999899 ], [ -71.337045024, -29.544615607 ], [ -71.337126103999907, -29.544678518999898 ], [ -71.337163114, -29.544715053999901 ], [ -71.337184663999906, -29.5447566459999 ], [ -71.337191617, -29.544792947 ], [ -71.337184174999905, -29.5448619749999 ], [ -71.337163059, -29.544911124999899 ], [ -71.337125629999903, -29.544945357 ], [ -71.337101433, -29.5449538 ], [ -71.337071530999907, -29.544954783 ], [ -71.33700907, -29.544938224 ], [ -71.336934006, -29.544896632 ], [ -71.336685561, -29.5446991429999 ], [ -71.33658874, -29.544657818 ], [ -71.336486346, -29.544638012 ], [ -71.336296459, -29.544629859999901 ], [ -71.335988127999897, -29.544651198999901 ], [ -71.335652347999897, -29.544652549 ], [ -71.335532739, -29.544664909999899 ], [ -71.3353526, -29.544701324999899 ], [ -71.335274797999901, -29.54471017 ], [ -71.335220705, -29.544705806 ], [ -71.335152507, -29.544682205999901 ], [ -71.335116692, -29.544657432999902 ], [ -71.335065481999905, -29.544594283 ], [ -71.334886535, -29.544192836 ], [ -71.334849795, -29.544132741999899 ], [ -71.334722693999893, -29.543967235 ], [ -71.334692777, -29.543885616999901 ], [ -71.334687352999893, -29.543812874 ], [ -71.334698765, -29.543728206 ], [ -71.334742348, -29.543547648999901 ], [ -71.334768289, -29.543381699999902 ], [ -71.334807895, -29.543293796999901 ], [ -71.334894569, -29.543195563 ], [ -71.335086712, -29.543035529 ], [ -71.335183698, -29.542942277999899 ], [ -71.335239574999903, -29.542870080999901 ], [ -71.335301694, -29.542749952999898 ], [ -71.335323858, -29.542720489 ], [ -71.335334452, -29.5427119729999 ], [ -71.335352392999894, -29.54270739 ], [ -71.335376638999904, -29.542714745999898 ], [ -71.335465999, -29.542779278999902 ], [ -71.335550871, -29.5428101749999 ], [ -71.335628044, -29.542821515999901 ], [ -71.335808987999897, -29.542829678 ], [ -71.335968808, -29.5428720859999 ], [ -71.336175839, -29.542954343 ] ] ] } },
{ "type": "Feature", "properties": { "fid": 5, "Descripcion": "Cota 30 mts. Amenaza por Tsunami", "Recomendaciones SENAPRED": "https://bibliogrd.senapred.gob.cl/bitstream/handle/2012/1711/06_diptico_tsunami_2023_SENAPRED.pdf", "Origen Data": "Visor Chile Preparado, Territorio y Amenazas - SENAPRED, disponible en https://www.visorchilepreparado.cl/" }, "geometry": { "type": "MultiLineString", "coordinates": [ [ [ -71.293781604999893, -29.597964643999902 ], [ -71.293725918999897, -29.598045976 ], [ -71.293671833, -29.598097 ], [ -71.293632435999896, -29.598122755 ], [ -71.293449553, -29.59820416 ], [ -71.293402194999899, -29.598232564999901 ], [ -71.293365768999905, -29.59827274 ], [ -71.293301826999894, -29.598374888 ], [ -71.293135769999907, -29.598567893999899 ], [ -71.292907667999899, -29.598773611999899 ], [ -71.292819133, -29.598910019 ], [ -71.292698958, -29.5990629779999 ], [ -71.292595863, -29.599227813 ], [ -71.292476279, -29.599381 ], [ -71.292278586, -29.599676282 ], [ -71.292196002, -29.599774438999901 ], [ -71.292038789999907, -29.599930948999901 ], [ -71.29191241, -29.600120478999902 ], [ -71.291820991, -29.600211617 ], [ -71.291657831999899, -29.600316542 ], [ -71.291607869, -29.600340198 ], [ -71.291565590999895, -29.600346436999899 ], [ -71.291515142, -29.600334631 ], [ -71.291245531, -29.6001752079999 ], [ -71.290931238, -29.5999727499999 ], [ -71.290885527999905, -29.599929512 ], [ -71.290873517, -29.599907545999901 ], [ -71.290863161999894, -29.599860197999899 ], [ -71.290876705999906, -29.599803573 ], [ -71.290896825999894, -29.599767525999901 ], [ -71.290934668, -29.5997290399999 ], [ -71.291067751999904, -29.599637253 ], [ -71.291117887, -29.599555173999899 ], [ -71.291150807999898, -29.5994607609999 ], [ -71.291205933999905, -29.5992396729999 ], [ -71.291267464, -29.598935678 ], [ -71.291317778, -29.598803667 ], [ -71.291378698999907, -29.59873162 ], [ -71.291489418, -29.598573154999901 ], [ -71.291532982, -29.5985252 ], [ -71.291658715, -29.598425339999899 ], [ -71.291766121, -29.598308717 ], [ -71.29193978, -29.598165224 ], [ -71.292031371999897, -29.598122545 ], [ -71.292159397, -29.598101649999901 ], [ -71.292250283, -29.598068709 ], [ -71.292313244, -29.598014787999901 ], [ -71.292398742, -29.597904093999901 ], [ -71.292444578999906, -29.5978616159999 ], [ -71.292530101999901, -29.597812565 ], [ -71.292863462999904, -29.597708446999899 ], [ -71.293107996999893, -29.5976625069999 ], [ -71.293588649, -29.597674987999898 ], [ -71.293661191, -29.597682851999899 ], [ -71.293723724999893, -29.597700107 ], [ -71.293790295999898, -29.5977474859999 ], [ -71.293815394, -29.597787188 ], [ -71.293813773999901, -29.597877792 ], [ -71.293781604999893, -29.597964643999902 ] ] ] } },
{ "type": "Feature", "properties": { "fid": 6, "Descripcion": "Cota 30 mts. Amenaza por Tsunami", "Recomendaciones SENAPRED": "https://bibliogrd.senapred.gob.cl/bitstream/handle/2012/1711/06_diptico_tsunami_2023_SENAPRED.pdf", "Origen Data": "Visor Chile Preparado, Territorio y Amenazas - SENAPRED, disponible en https://www.visorchilepreparado.cl/" }, "geometry": { "type": "MultiLineString", "coordinates": [ [ [ -71.328741632999893, -29.339537461 ], [ -71.328661287, -29.339547831999901 ], [ -71.328553134999893, -29.339527943999901 ], [ -71.328417459, -29.339478581 ], [ -71.328326134, -29.339436362999901 ], [ -71.328285553999905, -29.339407308 ], [ -71.328233756, -29.339349978 ], [ -71.328159612, -29.339217029999901 ], [ -71.328011317999895, -29.338989911999899 ], [ -71.327977696999895, -29.338914535999901 ], [ -71.327954501, -29.338839328999899 ], [ -71.327945584, -29.338765561999899 ], [ -71.327952438, -29.338722683 ], [ -71.327966314, -29.338699125999899 ], [ -71.32800838, -29.3386729019999 ], [ -71.328170762999903, -29.338655898 ], [ -71.328243834, -29.338635026 ], [ -71.328302682999905, -29.338604233 ], [ -71.328347997, -29.338561989 ], [ -71.328367313999905, -29.338534082 ], [ -71.328389954, -29.338469711999899 ], [ -71.328400775, -29.338316955 ], [ -71.328414220999903, -29.338266629 ], [ -71.32846462, -29.338226097 ], [ -71.328572112, -29.338196006 ], [ -71.328598026, -29.338180447 ], [ -71.328617095, -29.338156856 ], [ -71.328632721, -29.338119374 ], [ -71.328691735999897, -29.3378716829999 ], [ -71.328729589, -29.337784529 ], [ -71.328766582, -29.337731667 ], [ -71.328816689, -29.337687538999901 ], [ -71.328904579, -29.337632036999899 ], [ -71.328953524, -29.3375898379999 ], [ -71.329187416, -29.337283214 ], [ -71.329352931, -29.337133207 ], [ -71.329468065999905, -29.337006027 ], [ -71.329572514999896, -29.336919225 ], [ -71.329717938, -29.336823234999901 ], [ -71.329817554, -29.336772899 ], [ -71.329909975, -29.336741015 ], [ -71.330199244, -29.336674762 ], [ -71.330268057, -29.336650704 ], [ -71.330293046, -29.336630587999899 ], [ -71.330310357, -29.336604278 ], [ -71.330351688999897, -29.336464419 ], [ -71.330391149, -29.336414588 ], [ -71.3304384529999, -29.336380845999901 ], [ -71.33057553, -29.336329884 ], [ -71.330780814, -29.336306029 ], [ -71.330817172, -29.336295852 ], [ -71.330869218, -29.336261613 ], [ -71.330939075999893, -29.336151096 ], [ -71.330981783, -29.3361174849999 ], [ -71.331022087, -29.336108483 ], [ -71.331069263, -29.3361305409999 ], [ -71.331121728, -29.33619584 ], [ -71.331129782999895, -29.336256915 ], [ -71.331125422, -29.336297438 ], [ -71.331057889, -29.336446463999899 ], [ -71.330998893, -29.3366439929999 ], [ -71.330979266, -29.336685437 ], [ -71.33094119, -29.336738967 ], [ -71.330889044999907, -29.3367782179999 ], [ -71.330860877, -29.336789807999899 ], [ -71.330664336, -29.336824135 ], [ -71.330608691, -29.336857027999901 ], [ -71.330589066999906, -29.336887655999899 ], [ -71.330551986, -29.337050783999899 ], [ -71.330514152, -29.337143316 ], [ -71.330407271, -29.3372868709999 ], [ -71.330262702, -29.337432029 ], [ -71.330231278, -29.337473487999901 ], [ -71.330196319, -29.337548152 ], [ -71.330144713, -29.337726265 ], [ -71.330106077, -29.337796429 ], [ -71.330085442, -29.337820566999898 ], [ -71.330040257, -29.337848053999899 ], [ -71.329993429999902, -29.337863641 ], [ -71.329900806999902, -29.337880028 ], [ -71.329850231, -29.337901379999899 ], [ -71.329813219999906, -29.337954024999899 ], [ -71.329772277, -29.338094457 ], [ -71.329734604999899, -29.338145000999901 ], [ -71.329676977, -29.3381783839999 ], [ -71.329531978, -29.338217194 ], [ -71.329472995999893, -29.338243347999899 ], [ -71.329421425, -29.3382830699999 ], [ -71.329382481, -29.338334874999902 ], [ -71.32935603, -29.338410063 ], [ -71.329353345, -29.338525054999899 ], [ -71.329368852, -29.338623463 ], [ -71.329417071, -29.338823906 ], [ -71.3294312149999, -29.338945244999898 ], [ -71.329421592, -29.33903192 ], [ -71.329404581999896, -29.339076363999901 ], [ -71.329384069999904, -29.339102382 ], [ -71.329363169, -29.339125791999901 ], [ -71.329318513, -29.33915251 ], [ -71.32918352, -29.3391968779999 ], [ -71.329132683, -29.339222203 ], [ -71.328825799999905, -29.339489353 ], [ -71.328741632999893, -29.339537461 ] ] ] } },
{ "type": "Feature", "properties": { "fid": 7, "Descripcion": "Cota 30 mts. Amenaza por Tsunami", "Recomendaciones SENAPRED": "https://bibliogrd.senapred.gob.cl/bitstream/handle/2012/1711/06_diptico_tsunami_2023_SENAPRED.pdf", "Origen Data": "Visor Chile Preparado, Territorio y Amenazas - SENAPRED, disponible en https://www.visorchilepreparado.cl/" }, "geometry": { "type": "MultiLineString", "coordinates": [ [ [ -71.464146786, -29.222637369 ], [ -71.464102873999906, -29.222638821 ], [ -71.464077279, -29.222631389 ], [ -71.464032404, -29.222594027 ], [ -71.463986298999899, -29.222505677999902 ], [ -71.463827341, -29.222025054 ], [ -71.463799856, -29.2218976089999 ], [ -71.463799318, -29.221806455 ], [ -71.463824503, -29.221685143999899 ], [ -71.463862083, -29.221588821999902 ], [ -71.463898736, -29.22153193 ], [ -71.463938822, -29.22149395 ], [ -71.464081623, -29.2213989279999 ], [ -71.464166331999905, -29.221322061 ], [ -71.464206992999905, -29.221251465 ], [ -71.464229160999906, -29.221167680999901 ], [ -71.464232067, -29.22105541 ], [ -71.464212897, -29.220944984 ], [ -71.464166191999894, -29.2208097709999 ], [ -71.464060334, -29.220610839 ], [ -71.464030209, -29.220540464 ], [ -71.464029517, -29.220488713999899 ], [ -71.464043107, -29.220445696999899 ], [ -71.464086799, -29.220370015999901 ], [ -71.464130901, -29.220310372 ], [ -71.464258813999905, -29.220179768 ], [ -71.464359405, -29.220098603999901 ], [ -71.464550667, -29.219975068999901 ], [ -71.464642142999907, -29.219886899 ], [ -71.464709212999907, -29.219798873999899 ], [ -71.464826361999897, -29.219594849 ], [ -71.464907276, -29.219502274 ], [ -71.464973278999906, -29.219453627 ], [ -71.465220522, -29.219336036 ], [ -71.465478418, -29.219178498 ], [ -71.465545692, -29.219123318999898 ], [ -71.465621585, -29.219021804 ], [ -71.465742694, -29.2187794 ], [ -71.465828475, -29.218639632 ], [ -71.465930092, -29.218516990999898 ], [ -71.466067859, -29.2183847159999 ], [ -71.466166119, -29.218259023 ], [ -71.466257566, -29.218126868 ], [ -71.466327878999905, -29.217967588 ], [ -71.466435581, -29.217788889 ], [ -71.466512203, -29.217638413 ], [ -71.466556899999901, -29.2175905349999 ], [ -71.466600215, -29.2175652459999 ], [ -71.466674726999898, -29.217553068 ], [ -71.466726332, -29.217563054 ], [ -71.466784193, -29.217622712 ], [ -71.466807019, -29.217680551999901 ], [ -71.466820853999906, -29.217752565999898 ], [ -71.466813055, -29.217818733999898 ], [ -71.466764243999904, -29.21797357 ], [ -71.466761227999896, -29.218040374999902 ], [ -71.466774062, -29.218292367999901 ], [ -71.466762274, -29.218377747 ], [ -71.466735442999905, -29.218465963 ], [ -71.46667888, -29.218544860999899 ], [ -71.466559359, -29.218637498 ], [ -71.466506229999894, -29.21868735 ], [ -71.466465469999903, -29.218736904 ], [ -71.466413802, -29.218818557 ], [ -71.466344101999894, -29.218980158 ], [ -71.466287598999898, -29.2191912709999 ], [ -71.466249664, -29.219290574999899 ], [ -71.466155344999905, -29.219465145999902 ], [ -71.466006018, -29.219822612 ], [ -71.465788351999905, -29.220176997 ], [ -71.465666904, -29.220420841 ], [ -71.465627109, -29.220514163 ], [ -71.46555424, -29.220723577999902 ], [ -71.465495929, -29.2208544769999 ], [ -71.465238776, -29.221291997 ], [ -71.465023006, -29.221728914 ], [ -71.464709452, -29.222233672999899 ], [ -71.464602817999904, -29.222371041 ], [ -71.464486009, -29.222463918 ], [ -71.46425995, -29.222596068 ], [ -71.464146786, -29.222637369 ] ] ] } },
{ "type": "Feature", "properties": { "fid": 8, "Descripcion": "Cota 30 mts. Amenaza por Tsunami", "Recomendaciones SENAPRED": "https://bibliogrd.senapred.gob.cl/bitstream/handle/2012/1711/06_diptico_tsunami_2023_SENAPRED.pdf", "Origen Data": "Visor Chile Preparado, Territorio y Amenazas - SENAPRED, disponible en https://www.visorchilepreparado.cl/" }, "geometry": { "type": "MultiLineString", "coordinates": [ [ [ -71.315178873, -29.644865656 ], [ -71.315264508, -29.644639212999898 ], [ -71.315287643, -29.644556894999901 ], [ -71.315297266, -29.6444513329999 ], [ -71.315284772, -29.644218167 ], [ -71.31529585, -29.644134086 ], [ -71.315321222, -29.644057609999901 ], [ -71.315393421, -29.6439380539999 ], [ -71.315420546, -29.6438800029999 ], [ -71.315504102, -29.643629232 ], [ -71.315617112, -29.643389855 ], [ -71.315616169, -29.643165639 ], [ -71.315632809, -29.643065195 ], [ -71.315697547, -29.6429165 ], [ -71.31576541, -29.642809026 ], [ -71.315844582, -29.642726504999899 ], [ -71.315982538, -29.642645874 ], [ -71.316046727999904, -29.642594201 ], [ -71.316072802, -29.642559503 ], [ -71.316138764999906, -29.642415045999901 ], [ -71.316181199, -29.64236686 ], [ -71.316249555, -29.6423200629999 ], [ -71.316437029, -29.64225212 ], [ -71.316655705, -29.642141083 ], [ -71.316749382999902, -29.642106414999901 ], [ -71.316834335, -29.6420909399999 ], [ -71.316902484, -29.64209564 ], [ -71.316954349999904, -29.642120373 ], [ -71.317016006, -29.64219193 ], [ -71.317034533, -29.642254228999899 ], [ -71.317038774, -29.642414766999899 ], [ -71.317029982, -29.642453777 ], [ -71.31700799, -29.642485614 ], [ -71.316960083, -29.642518403999901 ], [ -71.316901951, -29.642544716 ], [ -71.316654602, -29.642616226 ], [ -71.316478489, -29.642709657999902 ], [ -71.316426432, -29.642747950999901 ], [ -71.316414774999899, -29.6427776039999 ], [ -71.3164119959999, -29.642821427999898 ], [ -71.316432542, -29.642976919 ], [ -71.316429642999907, -29.643030913 ], [ -71.316403553, -29.643086383 ], [ -71.316290443, -29.643197652 ], [ -71.316258118999897, -29.643244215 ], [ -71.316241524, -29.643299138 ], [ -71.31624362, -29.643342436999902 ], [ -71.316265713, -29.6433997349999 ], [ -71.316337265999906, -29.643504649 ], [ -71.316379968, -29.643552139999901 ], [ -71.316431039, -29.6435894429999 ], [ -71.31648817, -29.6436147759999 ], [ -71.316637154, -29.64363579 ], [ -71.316702015, -29.643652978 ], [ -71.316794140999903, -29.643715691999901 ], [ -71.31694407, -29.643882183999899 ], [ -71.316994646, -29.6439237119999 ], [ -71.317065159, -29.643953887 ], [ -71.317313151999898, -29.644014032 ], [ -71.317375284, -29.644048125 ], [ -71.317410431, -29.644090215999899 ], [ -71.317419056999896, -29.644111725999899 ], [ -71.317419899999905, -29.6441558779999 ], [ -71.317400977, -29.64419464 ], [ -71.317361484999907, -29.644241257 ], [ -71.317260376, -29.644346730999899 ], [ -71.317209117999894, -29.644384616 ], [ -71.317070450999907, -29.644462003999902 ], [ -71.317038001999904, -29.644510074 ], [ -71.317040829, -29.644578239999898 ], [ -71.317065565, -29.6446193529999 ], [ -71.317106405999894, -29.64465096 ], [ -71.3172123209999, -29.644694246 ], [ -71.317256894, -29.644734392 ], [ -71.317259007, -29.644753783999899 ], [ -71.317251872, -29.644791653 ], [ -71.317197361, -29.644870343 ], [ -71.317180368, -29.6449183349999 ], [ -71.317178951999907, -29.6450514869999 ], [ -71.317154863, -29.645144225 ], [ -71.317128511, -29.645208053 ], [ -71.317060271999907, -29.645318564 ], [ -71.317039564, -29.645367806 ], [ -71.317036238999904, -29.645411748999901 ], [ -71.317059029999896, -29.6454302819999 ], [ -71.317083103999906, -29.645432798999899 ], [ -71.317215577999903, -29.645426663 ], [ -71.317313344999903, -29.645438568 ], [ -71.3173779319999, -29.645455591 ], [ -71.317458098, -29.645496605999899 ], [ -71.317473225999905, -29.64551111 ], [ -71.31750335, -29.645577401 ], [ -71.317524595, -29.645697559 ], [ -71.317523552999901, -29.645742653 ], [ -71.317495423, -29.645842213 ], [ -71.317496518, -29.645864931999899 ], [ -71.317510672, -29.6458909 ], [ -71.317528164, -29.645907657999899 ], [ -71.317650196, -29.6459702669999 ], [ -71.317738804, -29.646047041 ], [ -71.317831993, -29.646098977 ], [ -71.317876886, -29.646132848 ], [ -71.317908452, -29.646207663 ], [ -71.317915013999894, -29.64631565 ], [ -71.317925626, -29.6463566689999 ], [ -71.317963558, -29.646406742999901 ], [ -71.3180404, -29.646438679 ], [ -71.318189474, -29.64646952 ], [ -71.318249881, -29.646493086 ], [ -71.318250796, -29.646533433999899 ], [ -71.318223157, -29.646585439 ], [ -71.318169874, -29.646653117 ], [ -71.318063228, -29.646759911999901 ], [ -71.318032952, -29.646809119999901 ], [ -71.318015838999898, -29.646866934999899 ], [ -71.318010675, -29.646948016 ], [ -71.317999877, -29.64699165 ], [ -71.317964821, -29.647034389999899 ], [ -71.317876597, -29.6471140099999 ], [ -71.317761128, -29.647236263 ], [ -71.317715135, -29.647278961 ], [ -71.317662007, -29.647315132 ], [ -71.317509653999906, -29.647391019999901 ], [ -71.317302030999898, -29.647540351 ], [ -71.31724624, -29.647562176 ], [ -71.317127238999902, -29.647591588 ], [ -71.317042092, -29.647600560999901 ], [ -71.316967986, -29.6475893849999 ], [ -71.316697653999896, -29.647485828 ], [ -71.316520458, -29.64748551 ], [ -71.316220352999906, -29.6473590219999 ], [ -71.315980883999899, -29.647303983 ], [ -71.315802897, -29.647186145 ], [ -71.315736157999893, -29.647150435999901 ], [ -71.315660711, -29.647121233999901 ], [ -71.315620141999901, -29.647059629 ], [ -71.315569352, -29.646943141999898 ], [ -71.315484511, -29.646788781999899 ], [ -71.315434075, -29.6466317759999 ], [ -71.315429138, -29.646541903 ], [ -71.315454751999894, -29.646399069 ], [ -71.315462713, -29.64624457 ], [ -71.315442019, -29.646131291 ], [ -71.315391889999901, -29.645987638999902 ], [ -71.315357954, -29.645907029999901 ], [ -71.315329882, -29.6458632 ], [ -71.315283068, -29.6458181039999 ], [ -71.315175274999902, -29.645739899 ], [ -71.315108705999904, -29.645675476999902 ], [ -71.315075717999903, -29.6456262949999 ], [ -71.315047029, -29.645542378 ], [ -71.315041056, -29.645314796 ], [ -71.315060447, -29.645164655 ], [ -71.315099491, -29.64502585 ], [ -71.315178873, -29.644865656 ] ] ] } },
{ "type": "Feature", "properties": { "fid": 9, "Descripcion": "Cota 30 mts. Amenaza por Tsunami", "Recomendaciones SENAPRED": "https://bibliogrd.senapred.gob.cl/bitstream/handle/2012/1711/06_diptico_tsunami_2023_SENAPRED.pdf", "Origen Data": "Visor Chile Preparado, Territorio y Amenazas - SENAPRED, disponible en https://www.visorchilepreparado.cl/" }, "geometry": { "type": "MultiLineString", "coordinates": [ [ [ -71.330065812, -29.491887914 ], [ -71.330248307, -29.491666965 ], [ -71.330342528, -29.4915822799999 ], [ -71.330426261999904, -29.49153447 ], [ -71.330485252, -29.49151391 ], [ -71.330669294, -29.4914803089999 ], [ -71.330755666, -29.491454610999899 ], [ -71.331068102, -29.4912802169999 ], [ -71.331095204, -29.4912541039999 ], [ -71.331114198, -29.491222568999898 ], [ -71.331142224, -29.491119311 ], [ -71.331164246999904, -29.491071307 ], [ -71.331208663, -29.491024022 ], [ -71.331253222, -29.49100558 ], [ -71.331312597, -29.49101561 ], [ -71.331376761999906, -29.491048036999899 ], [ -71.331450953999905, -29.491099147999901 ], [ -71.331499792, -29.491115196 ], [ -71.331581264, -29.491102785 ], [ -71.331796752999907, -29.4910311269999 ], [ -71.331840725999896, -29.491025586 ], [ -71.331885843999899, -29.491038832999902 ], [ -71.331930937, -29.49106732 ], [ -71.331976813, -29.491081897 ], [ -71.332020293, -29.491074963 ], [ -71.332103773, -29.491047626 ], [ -71.332162417999896, -29.491044362 ], [ -71.33234715, -29.491056215999901 ], [ -71.332476771, -29.491089841 ], [ -71.332518768999904, -29.491083483 ], [ -71.332557854999905, -29.491062717 ], [ -71.332786611, -29.490889556 ], [ -71.332875868, -29.490825594999901 ], [ -71.33296639, -29.490780947 ], [ -71.333042486999901, -29.490771068 ], [ -71.333138933, -29.490785049 ], [ -71.333192205, -29.490763079 ], [ -71.333309094, -29.490674718 ], [ -71.333544183, -29.4905140289999 ], [ -71.333688939, -29.490376818 ], [ -71.333732772, -29.490351427999901 ], [ -71.333773626, -29.490339439 ], [ -71.333817912, -29.490339108999901 ], [ -71.333913541999905, -29.490372173 ], [ -71.333955144, -29.490397226 ], [ -71.333980068999907, -29.490424117 ], [ -71.334044121, -29.490544176 ], [ -71.334059652, -29.490560448999901 ], [ -71.334123425, -29.49059027 ], [ -71.334225053, -29.490602571999901 ], [ -71.334269837, -29.490620113 ], [ -71.334296915, -29.490648415 ], [ -71.3344063, -29.4908573129999 ], [ -71.334550820999894, -29.490971427 ], [ -71.334591487, -29.491022229999899 ], [ -71.334652624999904, -29.491140631999901 ], [ -71.334680732, -29.491167818 ], [ -71.334728846, -29.491180138999901 ], [ -71.334770557999903, -29.4911711469999 ], [ -71.334904287, -29.491118279 ], [ -71.334966473, -29.491110104 ], [ -71.334995256, -29.491118082 ], [ -71.335024973, -29.491137683 ], [ -71.335085685, -29.491208313999898 ], [ -71.33513054, -29.491246492999899 ], [ -71.335178091, -29.491264939 ], [ -71.335309164, -29.491278292999901 ], [ -71.335373812999904, -29.491326633 ], [ -71.335410007, -29.491380427 ], [ -71.33544654, -29.491476333 ], [ -71.335542969999906, -29.491678736 ], [ -71.335580147, -29.491817378999901 ], [ -71.33557767, -29.491998985999899 ], [ -71.335626598, -29.492132222 ], [ -71.335629427, -29.492170214999899 ], [ -71.335621387999893, -29.492216035 ], [ -71.335599562, -29.492267044999899 ], [ -71.335577329, -29.492309927999901 ], [ -71.335538318, -29.492361821 ], [ -71.33549293, -29.4923919679999 ], [ -71.335452131, -29.4924009389999 ], [ -71.335397434999905, -29.492401677 ], [ -71.335354694, -29.492422641 ], [ -71.335316667, -29.492504966999899 ], [ -71.335289291, -29.492629426999901 ], [ -71.335235201, -29.4930315309999 ], [ -71.335229270999903, -29.493119412999899 ], [ -71.335235794, -29.493278704 ], [ -71.335209086, -29.493399446999899 ], [ -71.33520677, -29.493445843 ], [ -71.335216322999898, -29.493475187999898 ], [ -71.335229044, -29.493487288 ], [ -71.335258434, -29.493495729 ], [ -71.335305779, -29.493498045 ], [ -71.335401561, -29.493481882 ], [ -71.335439018, -29.493508679999898 ], [ -71.33544812, -29.493526323 ], [ -71.335449029999893, -29.493567065 ], [ -71.335437326, -29.493669896 ], [ -71.335427868, -29.493711117 ], [ -71.335408258, -29.493750459999902 ], [ -71.335358379999903, -29.493790863999902 ], [ -71.335306021999898, -29.493812809 ], [ -71.335131859999905, -29.4938464059999 ], [ -71.335075396, -29.49388117 ], [ -71.335061401, -29.493912082 ], [ -71.335062845, -29.4939371359999 ], [ -71.335100672, -29.493980903 ], [ -71.335223503, -29.494041738 ], [ -71.335268963, -29.494080276 ], [ -71.335286297, -29.494137317 ], [ -71.335265450999898, -29.494206420999902 ], [ -71.335225268, -29.494256185 ], [ -71.335129775, -29.494318753999899 ], [ -71.335094391, -29.494351434 ], [ -71.335071437, -29.494388909999898 ], [ -71.335031621, -29.494510444 ], [ -71.334997213999898, -29.494555329 ], [ -71.334899769999893, -29.494617166999902 ], [ -71.334858573, -29.494655321 ], [ -71.334829655, -29.494719827 ], [ -71.334789561, -29.4949034169999 ], [ -71.334752191999897, -29.494997828 ], [ -71.334696522999906, -29.495080024999901 ], [ -71.334591206, -29.495199705999902 ], [ -71.334514944, -29.495329818 ], [ -71.334396629, -29.495497735 ], [ -71.334374431999905, -29.495553034 ], [ -71.334351292, -29.495649902 ], [ -71.334330543, -29.495688824 ], [ -71.334276105, -29.4957396299999 ], [ -71.334193268, -29.495790513 ], [ -71.334140971, -29.495814311999901 ], [ -71.334005733, -29.495858070999901 ], [ -71.333931593, -29.49591701 ], [ -71.33381732, -29.496091829 ], [ -71.333713507, -29.496189004 ], [ -71.333684996, -29.496229539999899 ], [ -71.333644009, -29.496325342 ], [ -71.333625629, -29.496439376 ], [ -71.333632452, -29.496508224 ], [ -71.333649465, -29.496551340999901 ], [ -71.33376536, -29.496677846 ], [ -71.333836555999895, -29.4968233009999 ], [ -71.333861374, -29.49685335 ], [ -71.333906638, -29.496871488 ], [ -71.334041246, -29.4968685659999 ], [ -71.334138263999904, -29.496842775999902 ], [ -71.33422773, -29.496795113 ], [ -71.33444489, -29.496631378 ], [ -71.334629049999904, -29.496555816999901 ], [ -71.334709771, -29.496539776 ], [ -71.334754642, -29.496547192 ], [ -71.3347732, -29.496559912 ], [ -71.33479385, -29.496592189999902 ], [ -71.334803353, -29.496623257 ], [ -71.334799743, -29.496686207 ], [ -71.334767373, -29.496771086 ], [ -71.334755969, -29.496822992 ], [ -71.334752932999905, -29.496868032999899 ], [ -71.334760012999894, -29.496909893999899 ], [ -71.334769544, -29.496920819 ], [ -71.334811595, -29.496928689999901 ], [ -71.334991655, -29.496907493 ], [ -71.335087529, -29.496866414 ], [ -71.335254404, -29.496719124 ], [ -71.335384145, -29.496625385 ], [ -71.335538513999893, -29.49653539 ], [ -71.335625307, -29.496502612 ], [ -71.335637327, -29.496541820999902 ], [ -71.335635155, -29.496588183 ], [ -71.335593503, -29.4968365669999 ], [ -71.335503923, -29.497107522 ], [ -71.335427599, -29.497270871 ], [ -71.335366847, -29.497356635 ], [ -71.335256790999907, -29.497485836 ], [ -71.335175397999905, -29.4976116089999 ], [ -71.335129127999906, -29.497651947 ], [ -71.3349898, -29.4977159869999 ], [ -71.334847093, -29.497811555999899 ], [ -71.334770615, -29.497839819 ], [ -71.33472598, -29.497840206 ], [ -71.33463091, -29.497812101 ], [ -71.334583796999894, -29.497808145 ], [ -71.334538639, -29.4978160379999 ], [ -71.3342833089999, -29.497905848 ], [ -71.334224253999906, -29.497913559 ], [ -71.334151232999901, -29.497901815 ], [ -71.334046418, -29.49785394 ], [ -71.334001494999896, -29.497868802 ], [ -71.333822004999902, -29.498008515 ], [ -71.333733561, -29.4980601309999 ], [ -71.333682873, -29.498077635999898 ], [ -71.333678054, -29.4980859899999 ], [ -71.333686273999902, -29.4981083559999 ], [ -71.333701452999904, -29.4981240229999 ], [ -71.333998461, -29.498182007 ], [ -71.334094467999904, -29.49822019 ], [ -71.33417909, -29.498288843999902 ], [ -71.334230298, -29.498350693 ], [ -71.334246596, -29.498392015 ], [ -71.334253194, -29.498441156999899 ], [ -71.334240737, -29.498548172 ], [ -71.334245664, -29.498577107 ], [ -71.334269332, -29.498607314 ], [ -71.334291688, -29.498621019 ], [ -71.334435007, -29.498664854 ], [ -71.334591276, -29.498696412 ], [ -71.334640484, -29.498723523 ], [ -71.334685245999907, -29.498765798 ], [ -71.334732306, -29.498844365 ], [ -71.334752363, -29.498938291999899 ], [ -71.33475404, -29.4990532899999 ], [ -71.334731098, -29.499291101 ], [ -71.334705548, -29.499366401 ], [ -71.334648264, -29.499474462 ], [ -71.334565009, -29.499588834999901 ], [ -71.334467984, -29.499655306 ], [ -71.33435496, -29.49972431 ], [ -71.334251453, -29.499787365 ], [ -71.334164603, -29.499849232 ], [ -71.334094409, -29.499896820999901 ], [ -71.334062285999906, -29.499945599999901 ], [ -71.334050389, -29.499982481 ], [ -71.334051578, -29.500011034999901 ], [ -71.334069423999907, -29.500049105999899 ], [ -71.334090838999899, -29.5000562449999 ], [ -71.334139617999895, -29.500049105999899 ], [ -71.334257588, -29.500017934 ], [ -71.334364370999893, -29.499996485999901 ], [ -71.334432346, -29.499995655 ], [ -71.334453819, -29.5000009839999 ], [ -71.334471366999907, -29.500018355 ], [ -71.334484254999893, -29.500089454 ], [ -71.334466482, -29.500194339 ], [ -71.334427358, -29.500286708 ], [ -71.334327029999898, -29.500478821999899 ], [ -71.334183453, -29.500693594 ], [ -71.334088629, -29.500868424 ], [ -71.334044279, -29.500915167999899 ], [ -71.334003776, -29.5009447199999 ], [ -71.333864808, -29.501021889 ], [ -71.333730542, -29.501070533 ], [ -71.333622475, -29.501080197 ], [ -71.333527782, -29.501072871 ], [ -71.333445603, -29.501051333 ], [ -71.333386673999897, -29.501012257 ], [ -71.333334379, -29.500962474999898 ], [ -71.3332439, -29.500826818 ], [ -71.333208208, -29.50073164 ], [ -71.333166568, -29.500633487 ], [ -71.333104106999897, -29.500550206 ], [ -71.3330121, -29.500509597 ], [ -71.332875766, -29.500471908 ], [ -71.332766659999905, -29.500421128 ], [ -71.332742884, -29.500403228 ], [ -71.332676767999899, -29.500288055999899 ], [ -71.332558429999906, -29.500153333 ], [ -71.332555882999898, -29.500096237 ], [ -71.332576065, -29.500014678 ], [ -71.332579386, -29.4999701529999 ], [ -71.332546530999906, -29.499819725999899 ], [ -71.332548877, -29.499660427 ], [ -71.332541764, -29.499611355 ], [ -71.332522552999905, -29.499567618999901 ], [ -71.332421611, -29.4994766689999 ], [ -71.332409989, -29.499436779 ], [ -71.332415361, -29.499391586999899 ], [ -71.332473740999902, -29.499210645999899 ], [ -71.332483259999904, -29.499156705 ], [ -71.332469273999905, -29.499030430999898 ], [ -71.332483219, -29.49886197 ], [ -71.332474705, -29.498798603999902 ], [ -71.332437709, -29.498662199 ], [ -71.332378897, -29.498529641999902 ], [ -71.332245209999897, -29.498390851999901 ], [ -71.332165274, -29.498354105 ], [ -71.332097061, -29.4983423219999 ], [ -71.331961014999905, -29.498340755 ], [ -71.331861035, -29.498324404 ], [ -71.331816101, -29.4983243 ], [ -71.331739639, -29.498342791 ], [ -71.331522545, -29.498455105999899 ], [ -71.331458922, -29.498508331 ], [ -71.331387997, -29.498593817 ], [ -71.331347114, -29.49862272 ], [ -71.331299186, -29.498624677999899 ], [ -71.331214100999901, -29.498497368 ], [ -71.331166305999901, -29.4984654679999 ], [ -71.331114397, -29.498449768999901 ], [ -71.330971234999893, -29.498431622999899 ], [ -71.330908727999898, -29.498399037 ], [ -71.330850647, -29.498355237999899 ], [ -71.330786656, -29.498336143 ], [ -71.330719369999898, -29.498342484 ], [ -71.330583244, -29.498386278999899 ], [ -71.330517954999905, -29.4983828549999 ], [ -71.330463940999906, -29.498351574 ], [ -71.330355241999897, -29.498234967 ], [ -71.330308362, -29.498197653 ], [ -71.330261229, -29.498183667 ], [ -71.330114986999902, -29.498207368 ], [ -71.330082213, -29.4981971569999 ], [ -71.330048359, -29.498176376999901 ], [ -71.330012032999903, -29.498126720999899 ], [ -71.329990323999894, -29.498081191 ], [ -71.32995073, -29.497898864 ], [ -71.329913243, -29.497810951 ], [ -71.329858122, -29.497763259 ], [ -71.32976451, -29.497735613 ], [ -71.329716501, -29.4977091169999 ], [ -71.329495344999899, -29.4974455669999 ], [ -71.329273295999897, -29.497271328 ], [ -71.329219199, -29.497219757 ], [ -71.329093057, -29.497064419 ], [ -71.328960694, -29.496926125999899 ], [ -71.328838484, -29.496778386 ], [ -71.328687413, -29.496615042 ], [ -71.328577748, -29.4964557939999 ], [ -71.328470073999895, -29.496326189999898 ], [ -71.328452182, -29.4962824149999 ], [ -71.328446804999899, -29.496236817 ], [ -71.328455048, -29.496039948 ], [ -71.32844663, -29.495899874 ], [ -71.328429141999905, -29.4958247329999 ], [ -71.32836614, -29.495694439 ], [ -71.328358874999907, -29.4956308709999 ], [ -71.328372743, -29.495470499 ], [ -71.328445814, -29.495244052 ], [ -71.328517178, -29.494897133999899 ], [ -71.328515092, -29.494831132999899 ], [ -71.328503290999905, -29.4947914279999 ], [ -71.328430866, -29.494672849 ], [ -71.328414283, -29.494613980999901 ], [ -71.32841724, -29.494523982 ], [ -71.328447701999906, -29.494433874 ], [ -71.328485202, -29.494386362999901 ], [ -71.328546501999895, -29.494346279 ], [ -71.328721962, -29.494297656 ], [ -71.328773986, -29.494261069999901 ], [ -71.328921137999899, -29.493990731999901 ], [ -71.328964449999901, -29.493942171 ], [ -71.329104378, -29.4938422889999 ], [ -71.329210361, -29.493692245 ], [ -71.329320465, -29.493578019 ], [ -71.329403917, -29.493435464999902 ], [ -71.329509055, -29.4933010089999 ], [ -71.329563812999893, -29.493191227999901 ], [ -71.329616067, -29.493035298999899 ], [ -71.3296399769999, -29.492911067 ], [ -71.32990208, -29.492537212999899 ], [ -71.329994579999905, -29.492360183999899 ], [ -71.330005338, -29.492284351 ], [ -71.32998187, -29.49216282 ], [ -71.329978869999906, -29.492091595 ], [ -71.330003001, -29.491993869999899 ], [ -71.330065812, -29.491887914 ] ] ] } },
{ "type": "Feature", "properties": { "fid": 10, "Descripcion": "Cota 30 mts. Amenaza por Tsunami", "Recomendaciones SENAPRED": "https://bibliogrd.senapred.gob.cl/bitstream/handle/2012/1711/06_diptico_tsunami_2023_SENAPRED.pdf", "Origen Data": "Visor Chile Preparado, Territorio y Amenazas - SENAPRED, disponible en https://www.visorchilepreparado.cl/" }, "geometry": { "type": "MultiLineString", "coordinates": [ [ [ -71.539229694, -29.250208116 ], [ -71.53931111, -29.250353471 ], [ -71.539322673, -29.250407453 ], [ -71.539312189, -29.250460648999901 ], [ -71.539252468, -29.250568712 ], [ -71.539230318, -29.250637319 ], [ -71.539227838, -29.25068992 ], [ -71.539241497, -29.250832574999901 ], [ -71.539225851, -29.250998877 ], [ -71.539246847999905, -29.251041636 ], [ -71.539297470999898, -29.251085928 ], [ -71.539454615, -29.251162555999901 ], [ -71.539635562999905, -29.251270647 ], [ -71.539768465, -29.251330578 ], [ -71.539951167, -29.251400956999898 ], [ -71.540047524, -29.251459257 ], [ -71.540072913999893, -29.251486817999901 ], [ -71.540100239, -29.251535266 ], [ -71.540131306, -29.251672590999899 ], [ -71.540158021, -29.2517435 ], [ -71.540261821999906, -29.251897110999899 ], [ -71.540281923, -29.251940405 ], [ -71.54033929, -29.252123117999901 ], [ -71.540372406, -29.2521714109999 ], [ -71.540399266, -29.2521956799999 ], [ -71.540446276999901, -29.252225132 ], [ -71.54053651, -29.25226041 ], [ -71.540611892, -29.252300671999901 ], [ -71.540715424, -29.252420528 ], [ -71.540761067999895, -29.252453513 ], [ -71.540836008, -29.2524718569999 ], [ -71.540973627, -29.252475691 ], [ -71.541031754999906, -29.252484508 ], [ -71.541109268, -29.252525291 ], [ -71.54112531, -29.252543166999899 ], [ -71.541148898, -29.252598874999901 ], [ -71.541167008999906, -29.252779626999899 ], [ -71.541215444, -29.252977696999899 ], [ -71.541259392, -29.253070009999899 ], [ -71.541461244999894, -29.2532942839999 ], [ -71.541599071, -29.253471502 ], [ -71.541663787999894, -29.253542717 ], [ -71.541752883999905, -29.253608089999901 ], [ -71.541975865, -29.253730658999899 ], [ -71.542050038, -29.253789132999898 ], [ -71.542090532, -29.253857304999901 ], [ -71.542119097, -29.253981533999902 ], [ -71.542142043999903, -29.2540425729999 ], [ -71.542163468999902, -29.254075744 ], [ -71.542209161999907, -29.2541203719999 ], [ -71.542259023, -29.254155329 ], [ -71.542338968, -29.2541955619999 ], [ -71.542403072999903, -29.2542130329999 ], [ -71.542566445, -29.254236886999902 ], [ -71.5426074, -29.254250284 ], [ -71.542676623, -29.254286361 ], [ -71.542835111, -29.254391647 ], [ -71.5429224169999, -29.2544316729999 ], [ -71.542998548999904, -29.254453312 ], [ -71.543064059999907, -29.254455993 ], [ -71.543105973, -29.254447843 ], [ -71.543329639, -29.254352447 ], [ -71.543417319999904, -29.254329508 ], [ -71.543471865999905, -29.254324440999898 ], [ -71.543552081, -29.254335198 ], [ -71.543630862, -29.254364494 ], [ -71.543735259, -29.25441483 ], [ -71.543807078, -29.254465029 ], [ -71.5438488409999, -29.254513586 ], [ -71.543873048, -29.254555943 ], [ -71.543915183, -29.254781568999899 ], [ -71.543957989, -29.254854910999899 ], [ -71.544052737, -29.2549793069999 ], [ -71.544078427, -29.255032631999899 ], [ -71.544094999, -29.255099314999899 ], [ -71.544112285, -29.255274775 ], [ -71.544150541, -29.255369083999899 ], [ -71.544212371, -29.255454183 ], [ -71.54429514, -29.255549938999899 ], [ -71.54438566, -29.255639448999901 ], [ -71.544534096999897, -29.25576734 ], [ -71.544591851999897, -29.255839626 ], [ -71.544610792999904, -29.255905572 ], [ -71.544613625, -29.256042877 ], [ -71.544623497, -29.256116661 ], [ -71.544647091999906, -29.256179980999899 ], [ -71.544674997, -29.256220788999901 ], [ -71.544723913, -29.256260498 ], [ -71.544913385, -29.256372966999901 ], [ -71.545127874999906, -29.256567419 ], [ -71.545206108999906, -29.2566258579999 ], [ -71.545311732, -29.256681409 ], [ -71.545521663, -29.256765282999901 ], [ -71.545545621, -29.256804886999898 ], [ -71.545439449, -29.256890257999899 ], [ -71.545357693, -29.256989265 ], [ -71.545313710999906, -29.2570165939999 ], [ -71.545270922, -29.257036533 ], [ -71.545179542, -29.257063688 ], [ -71.544913235, -29.257119431 ], [ -71.544838414, -29.257145006 ], [ -71.544790696999897, -29.257168769 ], [ -71.544754526, -29.257197269 ], [ -71.544726088999894, -29.257233272 ], [ -71.544704597, -29.257281871 ], [ -71.544686994999907, -29.257362207 ], [ -71.544686445, -29.2574326179999 ], [ -71.544704528999901, -29.257485155 ], [ -71.544759056, -29.257573470999901 ], [ -71.544778509, -29.257617915 ], [ -71.544793341999906, -29.257755183 ], [ -71.544813851, -29.257835465 ], [ -71.544862249999895, -29.257912688 ], [ -71.544956024, -29.258026227 ], [ -71.544982101999906, -29.2580701709999 ], [ -71.545003004, -29.2581269739999 ], [ -71.545029217, -29.258299931 ], [ -71.545033389, -29.258371769999901 ], [ -71.545016989, -29.258430059 ], [ -71.54497058, -29.2584957629999 ], [ -71.544821782, -29.258660971 ], [ -71.544748528999904, -29.2587212299999 ], [ -71.544692216, -29.25875451 ], [ -71.5445973449999, -29.258785222 ], [ -71.544428818, -29.258804923 ], [ -71.544281210999898, -29.258839316 ], [ -71.544175626, -29.258874159999898 ], [ -71.544089079999907, -29.2589205529999 ], [ -71.543932914, -29.259031428999901 ], [ -71.543738718, -29.259154629 ], [ -71.543629339999896, -29.259243766999901 ], [ -71.543557276999906, -29.259316422 ], [ -71.543509735, -29.259376405999902 ], [ -71.54346248, -29.259463308 ], [ -71.54344507, -29.259513339 ], [ -71.543435223, -29.259575084999899 ], [ -71.543442813, -29.259647464 ], [ -71.543548415, -29.259966305 ], [ -71.543571045, -29.260094925 ], [ -71.543562448, -29.260227534 ], [ -71.543508561, -29.2604550349999 ], [ -71.543494547, -29.260551627 ], [ -71.543504043, -29.260671709 ], [ -71.543528539, -29.26074804 ], [ -71.543575142999899, -29.260818829 ], [ -71.543627425, -29.2608610089999 ], [ -71.543718866999896, -29.260906845 ], [ -71.543961275999905, -29.26100969 ], [ -71.544025604999902, -29.2610456849999 ], [ -71.544098608999903, -29.2611064939999 ], [ -71.544277565, -29.2613332449999 ], [ -71.544319915999907, -29.261404712999902 ], [ -71.544341613, -29.261493211999898 ], [ -71.544336329, -29.261581845 ], [ -71.544322301, -29.261631285 ], [ -71.544283097999894, -29.261715081 ], [ -71.544241356, -29.261775839999899 ], [ -71.544195185, -29.261818106 ], [ -71.544127543999906, -29.261848132999901 ], [ -71.5440441329999, -29.261860231999901 ], [ -71.543907804999904, -29.26185878 ], [ -71.54381248, -29.261847159 ], [ -71.543560328999902, -29.261798558999899 ], [ -71.543422328, -29.2617926419999 ], [ -71.543319584999907, -29.2618053039999 ], [ -71.543195513999905, -29.261834305 ], [ -71.543111377999907, -29.261859559999898 ], [ -71.543027834, -29.261898537 ], [ -71.54296857, -29.261961614 ], [ -71.542945631, -29.262011972 ], [ -71.542929092, -29.262074011 ], [ -71.542921231, -29.262249649 ], [ -71.542932202, -29.262389406999901 ], [ -71.5429502329999, -29.262465543 ], [ -71.542975167, -29.262531265 ], [ -71.543000214, -29.262572726 ], [ -71.5430401469999, -29.262618048 ], [ -71.543326906999894, -29.262827378999901 ], [ -71.543514449, -29.263042619 ], [ -71.543737780999905, -29.263272205 ], [ -71.543835283, -29.263347906 ], [ -71.544094146, -29.263516239 ], [ -71.544150494999897, -29.26356996 ], [ -71.544186703, -29.263631835 ], [ -71.544204264, -29.263700028 ], [ -71.5442261809999, -29.263961074999902 ], [ -71.544226385999906, -29.264050708 ], [ -71.544215816, -29.264110233999901 ], [ -71.544172703, -29.264246305 ], [ -71.544083555, -29.264586419 ], [ -71.543943752, -29.264989452999899 ], [ -71.543890216, -29.265300313999902 ], [ -71.543861052, -29.26541888 ], [ -71.543749436, -29.265727168 ], [ -71.54371694, -29.2657997119999 ], [ -71.543631573, -29.265912430999901 ], [ -71.543467512999896, -29.266076008 ], [ -71.543355821, -29.266164074 ], [ -71.543101889999903, -29.266313227 ], [ -71.542970694, -29.26640672 ], [ -71.542922698, -29.266448995 ], [ -71.542889122, -29.266492639 ], [ -71.542878690999899, -29.266541190999899 ], [ -71.542900550999903, -29.266583099999899 ], [ -71.543012947, -29.26672031 ], [ -71.543040603999899, -29.266763861 ], [ -71.543147921999903, -29.266991474999902 ], [ -71.543201395, -29.267083763 ], [ -71.543275641, -29.2671741139999 ], [ -71.543428709999901, -29.267316381999901 ], [ -71.543494956, -29.2673912549999 ], [ -71.543623942999901, -29.2675773449999 ], [ -71.543654604, -29.267634981999901 ], [ -71.543682818, -29.267718805999898 ], [ -71.543698037, -29.267861017 ], [ -71.543688065, -29.267976868999899 ], [ -71.543655811999898, -29.268069104999899 ], [ -71.543547890999903, -29.268243463 ], [ -71.543506413, -29.268336752 ], [ -71.54345921, -29.2685741569999 ], [ -71.543383853, -29.268834212999899 ], [ -71.543381304, -29.268895699 ], [ -71.543407724, -29.268973116 ], [ -71.543482302, -29.269066807999899 ], [ -71.543557640999893, -29.269129463999899 ], [ -71.543670635999902, -29.269198005 ], [ -71.543824462, -29.26927138 ], [ -71.543874208, -29.269305779 ], [ -71.543917507999893, -29.269353021 ], [ -71.543985116, -29.269465964999899 ], [ -71.544028776999895, -29.269513306 ], [ -71.544159635, -29.269605962999901 ], [ -71.54432238, -29.269699481 ], [ -71.544411221, -29.26976208 ], [ -71.544667953, -29.270004624 ], [ -71.544754559999902, -29.270096941 ], [ -71.54481247, -29.270190753999898 ], [ -71.544842786999894, -29.2702816259999 ], [ -71.544857040999901, -29.270377902 ], [ -71.544866262, -29.270561732 ], [ -71.544895119, -29.270690844999901 ], [ -71.544966731, -29.270882918 ], [ -71.544998436999904, -29.270956329999901 ], [ -71.545040128, -29.271029316 ], [ -71.545216168, -29.271260310999899 ], [ -71.545558794, -29.271633176 ], [ -71.545697011999906, -29.271766741 ], [ -71.545824513, -29.271905999999898 ], [ -71.545997519, -29.2720451869999 ], [ -71.54607228, -29.272114708999901 ], [ -71.546114753, -29.272170412 ], [ -71.546148281999905, -29.272241934 ], [ -71.546157096999906, -29.272292304 ], [ -71.546154703, -29.272335448 ], [ -71.546100330999906, -29.2725781299999 ], [ -71.5460589529999, -29.272963011999899 ], [ -71.546040438, -29.273039363 ], [ -71.546005013, -29.2731171779999 ], [ -71.545928235, -29.273236987 ], [ -71.545866167, -29.27331264 ], [ -71.545654806999906, -29.273508627 ], [ -71.545602277999905, -29.273540217999901 ], [ -71.545564429, -29.273553865999901 ], [ -71.54539927, -29.273581677 ], [ -71.545263951, -29.2736253049999 ], [ -71.545130125999904, -29.273702747 ], [ -71.545081916999905, -29.273744486999899 ], [ -71.545040297, -29.273792651 ], [ -71.544993136999906, -29.27387928 ], [ -71.544954173, -29.273978229 ], [ -71.544902491, -29.274161928 ], [ -71.544892685, -29.274248848 ], [ -71.544894655, -29.274319281 ], [ -71.54490516, -29.274381423 ], [ -71.544931006999903, -29.274449124999901 ], [ -71.545004245, -29.2745644 ], [ -71.545089937999904, -29.274656241999899 ], [ -71.54514571, -29.274699649999899 ], [ -71.545360229, -29.274836933 ], [ -71.545627717999906, -29.275055814 ], [ -71.545805047, -29.275183703 ], [ -71.546057813999894, -29.2754156039999 ], [ -71.546394065999905, -29.275642397999899 ], [ -71.546845001, -29.276048323999898 ], [ -71.547129921, -29.276323818 ], [ -71.547195509999895, -29.2764042979999 ], [ -71.547300035, -29.276556675999899 ], [ -71.547367623, -29.276629619999898 ], [ -71.547430265999907, -29.276678891 ], [ -71.547608678, -29.276792154 ], [ -71.547761683, -29.276951966 ], [ -71.547814737, -29.276992699999902 ], [ -71.547958472999895, -29.277079366 ], [ -71.548013255999905, -29.2771243719999 ], [ -71.548269333999897, -29.277395527 ], [ -71.548382542999903, -29.277546156 ], [ -71.548536796, -29.277712777 ], [ -71.548597798999893, -29.277789958 ], [ -71.548688386, -29.277925848999899 ], [ -71.548735073, -29.278013588 ], [ -71.548766723, -29.278102535 ], [ -71.548779429, -29.278170254 ], [ -71.548792058999894, -29.278385446 ], [ -71.548764828999893, -29.278663186 ], [ -71.548764401, -29.279046813 ], [ -71.548772545, -29.2793222939999 ], [ -71.548787741, -29.279423574 ], [ -71.548823247, -29.279504747 ], [ -71.548859436, -29.279557404999899 ], [ -71.548918258, -29.279627365 ], [ -71.549052247, -29.279763789999901 ], [ -71.549097202, -29.279832245 ], [ -71.549115833, -29.279920268 ], [ -71.549108825, -29.280188535 ], [ -71.549129293, -29.280283558999901 ], [ -71.549163130999901, -29.28032723 ], [ -71.549188059999906, -29.280344393999901 ], [ -71.54936678, -29.2804106 ], [ -71.549399615, -29.280464636 ], [ -71.549396911, -29.280509599 ], [ -71.549364701999906, -29.280564330999901 ], [ -71.549298514, -29.2806173009999 ], [ -71.549188371999904, -29.280669316999901 ], [ -71.549101687, -29.280690405 ], [ -71.549022453, -29.280698457 ], [ -71.54868821, -29.280701082999901 ], [ -71.548603667999899, -29.280716199 ], [ -71.548555945, -29.280732889 ], [ -71.548486125999901, -29.280777943 ], [ -71.548349716, -29.280884666 ], [ -71.548220791999896, -29.280959297 ], [ -71.548154736999905, -29.281007162 ], [ -71.548007082, -29.281174162 ], [ -71.547967486999895, -29.281225075999899 ], [ -71.54792601, -29.281296488 ], [ -71.547880458999899, -29.281408749 ], [ -71.547868481, -29.281458103 ], [ -71.547820574, -29.281772310999902 ], [ -71.547764287999897, -29.281948989999901 ], [ -71.547763038, -29.282014045 ], [ -71.547791886, -29.282103742999901 ], [ -71.547949487, -29.282400341 ], [ -71.548008234999898, -29.282539533 ], [ -71.548129135, -29.283234293 ], [ -71.548217875, -29.283571036 ], [ -71.548226591999907, -29.283664809 ], [ -71.548220611, -29.283730795999901 ], [ -71.548195783, -29.283796709999901 ], [ -71.548150537, -29.283841751999901 ], [ -71.547965314, -29.283927638 ], [ -71.547721318999905, -29.2841306189999 ], [ -71.547516798999894, -29.284244859999902 ], [ -71.547429721999904, -29.284312875 ], [ -71.547379859, -29.284376424 ], [ -71.547356899, -29.284426219999901 ], [ -71.547341436999901, -29.284475899 ], [ -71.547307567, -29.28467033 ], [ -71.547272157, -29.2847658979999 ], [ -71.547254994, -29.284793879999899 ], [ -71.547209591, -29.284837524 ], [ -71.547109867, -29.284886470999901 ], [ -71.547005129, -29.284906255 ], [ -71.546947775, -29.284888920999901 ], [ -71.546924769, -29.284865822 ], [ -71.546901684, -29.284804376 ], [ -71.546897997, -29.284757516 ], [ -71.546922049, -29.284521431 ], [ -71.546895201, -29.284437742 ], [ -71.546857396999897, -29.28439044 ], [ -71.546801635999898, -29.284345247 ], [ -71.546731644, -29.284315039 ], [ -71.546630778999898, -29.2842977349999 ], [ -71.546523953, -29.284300586 ], [ -71.546442493, -29.284325565 ], [ -71.546392631999893, -29.284354702 ], [ -71.546304672, -29.284428810999898 ], [ -71.546273248, -29.284470918999901 ], [ -71.546191274, -29.284653195 ], [ -71.546078361999903, -29.284809923999902 ], [ -71.54604362, -29.284874637 ], [ -71.54602102, -29.284951626 ], [ -71.545999874, -29.285099773999899 ], [ -71.545982114, -29.285141988 ], [ -71.545957588, -29.285160225 ], [ -71.545916932, -29.285164596999898 ], [ -71.545850254999905, -29.2851370499999 ], [ -71.545720619999898, -29.2850331409999 ], [ -71.545590446999896, -29.284887770999902 ], [ -71.545543978999902, -29.284847554999899 ], [ -71.545494003, -29.284819034 ], [ -71.545312215, -29.284749248 ], [ -71.545222655, -29.284699698999901 ], [ -71.545160251, -29.2846486 ], [ -71.545097755, -29.284565229 ], [ -71.545054870999905, -29.2844688079999 ], [ -71.545036123, -29.284388755999899 ], [ -71.545026838999902, -29.284295813 ], [ -71.545020882999907, -29.284045627 ], [ -71.544999965, -29.283885226999899 ], [ -71.544892984999905, -29.283576447 ], [ -71.54481982, -29.28331151 ], [ -71.544785509999897, -29.28326305 ], [ -71.544754544999904, -29.283240830999901 ], [ -71.544592194, -29.283172744 ], [ -71.544365249, -29.283019839 ], [ -71.54429275, -29.282987638999899 ], [ -71.543955061, -29.282950707999898 ], [ -71.543856457999894, -29.282930873999899 ], [ -71.543758349, -29.2828959789999 ], [ -71.543691845999902, -29.2828587079999 ], [ -71.54362266, -29.282805847 ], [ -71.543464079, -29.282649641 ], [ -71.543328819, -29.282531343999899 ], [ -71.54324207, -29.282486301999899 ], [ -71.543148405999901, -29.282489631 ], [ -71.543031317, -29.282534671 ], [ -71.542876457, -29.282623090999898 ], [ -71.542809975, -29.28267047 ], [ -71.542762614, -29.2827148699999 ], [ -71.542728314, -29.28276299 ], [ -71.542705892, -29.282818558 ], [ -71.542698104, -29.282859274 ], [ -71.542696744999901, -29.2829932829999 ], [ -71.542682068, -29.283056495 ], [ -71.542653099999896, -29.283119983999899 ], [ -71.542612581999904, -29.28315571 ], [ -71.542533197, -29.28317394 ], [ -71.542331829, -29.283170514999899 ], [ -71.542202996999904, -29.283186929 ], [ -71.542109712, -29.283221696999899 ], [ -71.541974041999893, -29.283298542 ], [ -71.541848568, -29.283341263 ], [ -71.541788521999905, -29.283382108 ], [ -71.541592383, -29.283592084 ], [ -71.541525132999894, -29.283676069 ], [ -71.541486958999897, -29.283710767999899 ], [ -71.541436984, -29.283729951999899 ], [ -71.541350453999897, -29.283737367 ], [ -71.541077031, -29.283729067 ], [ -71.540935073999904, -29.2837556499999 ], [ -71.540851642999897, -29.283755028 ], [ -71.540804584999904, -29.283707298 ], [ -71.5407248449999, -29.283475747999901 ], [ -71.540716604, -29.283390777 ], [ -71.54072819, -29.2833433 ], [ -71.540763611, -29.283283938 ], [ -71.540800600999901, -29.283250739 ], [ -71.540917599999901, -29.28318374 ], [ -71.540967436999907, -29.283147504999899 ], [ -71.541012201999905, -29.283100815999902 ], [ -71.541065537, -29.283014556 ], [ -71.541099653999893, -29.282918595999899 ], [ -71.541104563, -29.282852087 ], [ -71.541095083999906, -29.282802311999902 ], [ -71.541040728, -29.282667197 ], [ -71.541014473, -29.282624300999899 ], [ -71.540970334, -29.282578516999902 ], [ -71.54091464, -29.282550430999901 ], [ -71.540862617999906, -29.2825391269999 ], [ -71.540774251, -29.282540506 ], [ -71.540499255, -29.2825779789999 ], [ -71.540387084, -29.282570953999901 ], [ -71.540309777999894, -29.282553231999898 ], [ -71.540282456999904, -29.282531259999899 ], [ -71.540270468999907, -29.282501161 ], [ -71.54025946, -29.282433652 ], [ -71.540225667999906, -29.282367958 ], [ -71.540178611, -29.282326296 ], [ -71.540058751999894, -29.282265647 ], [ -71.54000653, -29.282226294999901 ], [ -71.539953614999902, -29.282145065 ], [ -71.539938411, -29.281999291 ], [ -71.539989456999905, -29.281550366 ], [ -71.539977673, -29.281365853999901 ], [ -71.539980107, -29.281231213 ], [ -71.539963843, -29.281154608999898 ], [ -71.539902169, -29.281005904 ], [ -71.53990426, -29.2809562489999 ], [ -71.539923175999903, -29.280912149 ], [ -71.539971933999894, -29.280844817999899 ], [ -71.540127137, -29.2806840699999 ], [ -71.540180801, -29.280604174 ], [ -71.540207026, -29.280534933 ], [ -71.5402231529999, -29.280467345 ], [ -71.540227418, -29.280385531 ], [ -71.540221711, -29.280327601 ], [ -71.540187617, -29.280237348999901 ], [ -71.540077697999905, -29.280013752999899 ], [ -71.540036361, -29.279867092 ], [ -71.539990664, -29.27977442 ], [ -71.539901755999907, -29.27967997 ], [ -71.53973132, -29.2795321249999 ], [ -71.539368571, -29.279254867 ], [ -71.539303410999906, -29.279197348 ], [ -71.539224103, -29.279101728999901 ], [ -71.539190436999903, -29.279031636 ], [ -71.539184886, -29.278975977999899 ], [ -71.539221327999897, -29.2789234809999 ], [ -71.539271616999898, -29.278897266999898 ], [ -71.539316616999898, -29.278884343999898 ], [ -71.539371831, -29.278879587999899 ], [ -71.539445669, -29.278883919 ], [ -71.539594027, -29.278916496 ], [ -71.539668509, -29.278925482 ], [ -71.539772577999898, -29.278913880999902 ], [ -71.539911478, -29.2788805819999 ], [ -71.539995539, -29.278840588 ], [ -71.540112602, -29.278734542999899 ], [ -71.540385353, -29.278558134 ], [ -71.540459703, -29.27853175 ], [ -71.540610387, -29.278513529999898 ], [ -71.540669040999902, -29.278494502999902 ], [ -71.540689911999905, -29.278479175 ], [ -71.540714121999898, -29.278443722 ], [ -71.540722913, -29.278403731 ], [ -71.540716828, -29.27827773 ], [ -71.540688320999905, -29.278117328 ], [ -71.540627198, -29.277868245 ], [ -71.540552675, -29.277667033999901 ], [ -71.540542762, -29.277617760999899 ], [ -71.54054067, -29.277546007999899 ], [ -71.540559518999899, -29.277444532999901 ], [ -71.540648792999903, -29.277173617 ], [ -71.540656127, -29.277086268999899 ], [ -71.540640857, -29.276945992 ], [ -71.540649556999895, -29.276904209 ], [ -71.540680736, -29.276855102 ], [ -71.540811463999901, -29.2767279669999 ], [ -71.540851602, -29.276677764999899 ], [ -71.540884841, -29.276591715999899 ], [ -71.540890436, -29.276530298999901 ], [ -71.540882454, -29.276254987999899 ], [ -71.540904322, -29.275951292999899 ], [ -71.540895355, -29.275824301999901 ], [ -71.540859785, -29.275732993 ], [ -71.540745801999904, -29.275592149 ], [ -71.54069308, -29.275507434 ], [ -71.540629222999897, -29.2753713339999 ], [ -71.540591301999896, -29.275250609999901 ], [ -71.540582431, -29.275185375 ], [ -71.540585366999906, -29.275094457 ], [ -71.540641778999898, -29.274828188999901 ], [ -71.540651681, -29.274719933 ], [ -71.54064539, -29.274649043999901 ], [ -71.540627222999902, -29.274560599 ], [ -71.540584477, -29.2744464149999 ], [ -71.540487267999893, -29.274277222 ], [ -71.540366357, -29.274114508 ], [ -71.54026722, -29.273995918 ], [ -71.540175187, -29.273908338999899 ], [ -71.539968895999905, -29.273751879 ], [ -71.539880389, -29.273660762 ], [ -71.539847478999903, -29.273613431999902 ], [ -71.539816207999905, -29.2735453 ], [ -71.539799014, -29.2734825749999 ], [ -71.539786963, -29.273387070999899 ], [ -71.539790908, -29.2732985069999 ], [ -71.539807281, -29.273214 ], [ -71.539843412, -29.2730989729999 ], [ -71.53988298, -29.273005910999899 ], [ -71.540079288, -29.272660502999901 ], [ -71.540116516, -29.272607299 ], [ -71.540260523, -29.272436677 ], [ -71.540314340999899, -29.272356729 ], [ -71.540357782999905, -29.272264911 ], [ -71.540393007, -29.272132668 ], [ -71.540408385, -29.272031548 ], [ -71.540404775999903, -29.271912963 ], [ -71.540331796, -29.271541294 ], [ -71.540319451, -29.271446092 ], [ -71.540329040999893, -29.271089109999899 ], [ -71.540321171999906, -29.271015675999902 ], [ -71.540281327999907, -29.270911068 ], [ -71.540217493999904, -29.2708054299999 ], [ -71.540070998, -29.270635835 ], [ -71.539931463, -29.270503781999899 ], [ -71.539891771, -29.270457878999899 ], [ -71.539846698, -29.270373288 ], [ -71.539770792999903, -29.270145349 ], [ -71.539698578, -29.270057898999902 ], [ -71.5396704999999, -29.270011689999901 ], [ -71.539649294999904, -29.26991701 ], [ -71.539655373, -29.269829229 ], [ -71.539679178, -29.269737597999899 ], [ -71.539744088, -29.269557649 ], [ -71.539754094, -29.269495235 ], [ -71.53975087, -29.269448563 ], [ -71.53973296, -29.269391024 ], [ -71.539682108, -29.2693083099999 ], [ -71.539620269999901, -29.269239731 ], [ -71.539319344, -29.268952656 ], [ -71.539229284, -29.268879899999899 ], [ -71.539141395999906, -29.268832263 ], [ -71.539018418, -29.268802257999901 ], [ -71.538906359, -29.268794847 ], [ -71.538732545, -29.268811065 ], [ -71.538548985, -29.268847949 ], [ -71.53850321, -29.268850902999901 ], [ -71.538464168, -29.268840844 ], [ -71.538357858, -29.268746376 ], [ -71.538284226, -29.2687026259999 ], [ -71.538100481999905, -29.268665284999901 ], [ -71.538057605999896, -29.268649110999899 ], [ -71.538016173, -29.2686220759999 ], [ -71.537980057, -29.268565255999899 ], [ -71.537968131999904, -29.268523714 ], [ -71.537960717, -29.268329735999899 ], [ -71.537941476999904, -29.26825194 ], [ -71.537910111, -29.268202788999901 ], [ -71.537726032, -29.2680218849999 ], [ -71.537696337999904, -29.26798251 ], [ -71.537681307999904, -29.267941869 ], [ -71.537678236, -29.267894075999902 ], [ -71.537688347, -29.267851875 ], [ -71.537750496999905, -29.2677223439999 ], [ -71.537760904, -29.267686915999899 ], [ -71.537763976999898, -29.2676653679999 ], [ -71.537756144999904, -29.267620724 ], [ -71.537726318999901, -29.267575601 ], [ -71.537676284, -29.26753279 ], [ -71.537608635, -29.267493094 ], [ -71.537428255, -29.267405869 ], [ -71.537353277, -29.267354492 ], [ -71.537319806, -29.267308342 ], [ -71.537309444, -29.267260657 ], [ -71.537318639, -29.267196123 ], [ -71.537344444, -29.267135204999899 ], [ -71.537385152, -29.267083925 ], [ -71.537425604, -29.267051242 ], [ -71.537652851, -29.266923237 ], [ -71.537889725, -29.266819419999901 ], [ -71.537977203, -29.266773005999902 ], [ -71.538059071, -29.266721496999899 ], [ -71.538330475999899, -29.2665234 ], [ -71.538558394999896, -29.266400271 ], [ -71.538587698999905, -29.26636372 ], [ -71.538605078, -29.266324718 ], [ -71.538661116999904, -29.266043281999899 ], [ -71.538701826, -29.265906721 ], [ -71.538872386, -29.265464395 ], [ -71.538960674999899, -29.265085612 ], [ -71.538992108999906, -29.264922383999899 ], [ -71.539005064, -29.264785706999898 ], [ -71.538996705, -29.264654677 ], [ -71.538961527, -29.264512769 ], [ -71.538906533, -29.264378393999898 ], [ -71.53877987, -29.264153044 ], [ -71.538648796, -29.263940074999901 ], [ -71.538608185, -29.263886828 ], [ -71.538553926, -29.263835335 ], [ -71.538509667, -29.263812898 ], [ -71.538456802, -29.263796945 ], [ -71.538368593, -29.26379939 ], [ -71.5381893859999, -29.263847923 ], [ -71.53810118, -29.2638545 ], [ -71.538024034, -29.26384173 ], [ -71.537875681999907, -29.2637962659999 ], [ -71.537715934999895, -29.2637627299999 ], [ -71.537648960999903, -29.2637378169999 ], [ -71.537606390999898, -29.263702585 ], [ -71.537601799999905, -29.263664908 ], [ -71.537612545999906, -29.26355957 ], [ -71.537608765, -29.2635220139999 ], [ -71.537589353, -29.263478673999899 ], [ -71.537547904999897, -29.263428427999902 ], [ -71.537470196999905, -29.263368306 ], [ -71.537427157, -29.263322172 ], [ -71.537407355, -29.263275646999901 ], [ -71.537404537, -29.2632288729999 ], [ -71.537430139, -29.263120292999901 ], [ -71.537489391, -29.2629796649999 ], [ -71.53753682, -29.262911623 ], [ -71.537635966, -29.262802565 ], [ -71.537656445, -29.262760924 ], [ -71.537664736999901, -29.26270665 ], [ -71.537662052, -29.262659868 ], [ -71.537626836999905, -29.26250613 ], [ -71.537628812, -29.262486177 ], [ -71.537652514999905, -29.262440243999901 ], [ -71.537702881, -29.26239106 ], [ -71.537788107, -29.262327894 ], [ -71.538069438, -29.262167877 ], [ -71.538282249, -29.2619889109999 ], [ -71.538783257, -29.261723054999901 ], [ -71.538852598999895, -29.261655178 ], [ -71.538888266999905, -29.261583539 ], [ -71.538926937, -29.261446271999901 ], [ -71.539005894, -29.2612262009999 ], [ -71.539048162, -29.261085728999898 ], [ -71.539063461, -29.260950513 ], [ -71.539062551, -29.260769093 ], [ -71.539048976999894, -29.260708397 ], [ -71.539010966, -29.26064035 ], [ -71.538822883, -29.260437356 ], [ -71.538557275999906, -29.260245525 ], [ -71.538374185999899, -29.260143988 ], [ -71.53830527, -29.260098502999899 ], [ -71.538231219999901, -29.260041231999899 ], [ -71.538163954, -29.259967865 ], [ -71.538134586999902, -29.259918016 ], [ -71.538066638, -29.2597496069999 ], [ -71.538051171999896, -29.259679000999899 ], [ -71.538062284, -29.259596071 ], [ -71.538140171999899, -29.259381613999899 ], [ -71.538145566, -29.259339177999902 ], [ -71.538138783, -29.259291608999899 ], [ -71.538101673, -29.259222469999902 ], [ -71.537986476999905, -29.259109595 ], [ -71.537924123, -29.259065604999901 ], [ -71.537830170999896, -29.259031432 ], [ -71.537683981, -29.2590073 ], [ -71.537549511999899, -29.259009802 ], [ -71.537383734999906, -29.259041549 ], [ -71.537154133999906, -29.2590742319999 ], [ -71.537067334, -29.259106032 ], [ -71.537010983999906, -29.259141766 ], [ -71.5368977749999, -29.259239088 ], [ -71.536849552, -29.259296423 ], [ -71.536825333, -29.259357509 ], [ -71.536820545, -29.259467055 ], [ -71.536806935999905, -29.259526599 ], [ -71.536795226, -29.259554767999902 ], [ -71.536704271, -29.259689438 ], [ -71.536596900999896, -29.259806236 ], [ -71.536560122, -29.2598590069999 ], [ -71.536479708999906, -29.260006016 ], [ -71.5364366539999, -29.260031540999901 ], [ -71.536384913999896, -29.260049172 ], [ -71.536166975, -29.260098275 ], [ -71.536075571, -29.260098936 ], [ -71.536006395999905, -29.260072432 ], [ -71.535970952, -29.260048124 ], [ -71.535932097999904, -29.260005976999899 ], [ -71.535833383, -29.25987019 ], [ -71.535762565, -29.259802127999901 ], [ -71.535716204, -29.2597710659999 ], [ -71.535669546999898, -29.259754841 ], [ -71.535622678, -29.259750805 ], [ -71.535560505, -29.259765523999899 ], [ -71.535468712, -29.259806645 ], [ -71.535402819, -29.259813326 ], [ -71.535353543, -29.259799775 ], [ -71.535325209999897, -29.259784074 ], [ -71.53529717, -29.259741235 ], [ -71.535303078, -29.259682125 ], [ -71.535357582999893, -29.259547794 ], [ -71.535403452, -29.259459679 ], [ -71.535490279, -29.259331748 ], [ -71.535525559, -29.259245712999899 ], [ -71.535533529, -29.259186637 ], [ -71.535535363999898, -29.258971237 ], [ -71.535561883, -29.258883133 ], [ -71.535604573999905, -29.258792306 ], [ -71.535638730999906, -29.258744267999901 ], [ -71.535683007, -29.2586990779999 ], [ -71.535899426999904, -29.258524259 ], [ -71.535993463999901, -29.258438343 ], [ -71.536079872999906, -29.258344784 ], [ -71.536130898, -29.2582633399999 ], [ -71.536160186, -29.2581664759999 ], [ -71.536184447, -29.257979088 ], [ -71.536234899, -29.257845634 ], [ -71.536304082, -29.257713152999901 ], [ -71.536447764999906, -29.257526600999899 ], [ -71.536493522999905, -29.257436124 ], [ -71.53654734, -29.257213243 ], [ -71.536544313, -29.257032518 ], [ -71.536567135, -29.25693211 ], [ -71.536566465, -29.256888199999899 ], [ -71.53654166, -29.25682575 ], [ -71.536386972999907, -29.256617252999899 ], [ -71.536258277999906, -29.256375666999901 ], [ -71.536214529999896, -29.2563146439999 ], [ -71.536126577999894, -29.256235121 ], [ -71.536031244999904, -29.256174463 ], [ -71.535899427999894, -29.256124653 ], [ -71.535699717999904, -29.256075649 ], [ -71.535398395999906, -29.256044742 ], [ -71.535354395, -29.256027018999902 ], [ -71.535326595, -29.255998475 ], [ -71.535324671, -29.255951292 ], [ -71.535364343, -29.255833068 ], [ -71.535371147, -29.25579139 ], [ -71.535363569, -29.255725261 ], [ -71.535345835, -29.255682491 ], [ -71.53530707, -29.255620866 ], [ -71.535243055, -29.255547328 ], [ -71.535106475, -29.25541291 ], [ -71.534950906999896, -29.255278587 ], [ -71.534916371, -29.255238198 ], [ -71.534875799, -29.255159949 ], [ -71.534861897, -29.255050577 ], [ -71.534848439, -29.255008932 ], [ -71.534759418, -29.254871544 ], [ -71.534744802, -29.254826957 ], [ -71.534748241, -29.254782592 ], [ -71.534756428, -29.254764752 ], [ -71.534771457, -29.254738585 ], [ -71.5348186209999, -29.25469492 ], [ -71.53503928, -29.254575878 ], [ -71.535199662, -29.254447889999899 ], [ -71.535308035999904, -29.2543737989999 ], [ -71.535354899, -29.254330431 ], [ -71.535391954, -29.254275062 ], [ -71.535520145, -29.254041679999901 ], [ -71.535648801, -29.253858444999899 ], [ -71.535684059999895, -29.253787037999899 ], [ -71.535693035, -29.253700040999899 ], [ -71.535678345, -29.2535333659999 ], [ -71.535677941999893, -29.253443306 ], [ -71.535706800999904, -29.253164608 ], [ -71.535710761, -29.252966661 ], [ -71.535733281, -29.2528636 ], [ -71.535792506999897, -29.252711722 ], [ -71.535798567, -29.25265092 ], [ -71.535787652, -29.252599381 ], [ -71.535761626, -29.2525489729999 ], [ -71.535627065, -29.252394059 ], [ -71.535610828, -29.252353157999899 ], [ -71.535603505, -29.252304401999901 ], [ -71.535609248999904, -29.2522609439999 ], [ -71.535627577, -29.252215903 ], [ -71.535746853, -29.2520803039999 ], [ -71.535770989, -29.252028572 ], [ -71.535781621999902, -29.251942056 ], [ -71.535773003, -29.25175888 ], [ -71.535780856, -29.251692686 ], [ -71.53580383, -29.25163981 ], [ -71.535829589999906, -29.251605614 ], [ -71.535908847, -29.251546844 ], [ -71.535967674999895, -29.251522956 ], [ -71.536028771, -29.251507934 ], [ -71.536159421, -29.251497398 ], [ -71.536938608, -29.25152958 ], [ -71.537061931, -29.251547339999899 ], [ -71.537162888, -29.251570463999901 ], [ -71.537410974, -29.251658209 ], [ -71.537482938, -29.251675565 ], [ -71.537791421999898, -29.25170323 ], [ -71.537857553, -29.251697806 ], [ -71.537917963, -29.251677808999901 ], [ -71.537967801, -29.2516475749999 ], [ -71.538013937999906, -29.251606469 ], [ -71.538183574999906, -29.251391865 ], [ -71.538386469, -29.251190153 ], [ -71.538485749, -29.2510640049999 ], [ -71.538610987, -29.250876133 ], [ -71.538654935, -29.250786911 ], [ -71.538677837, -29.250710157 ], [ -71.538695135, -29.250514141999901 ], [ -71.538726192999903, -29.250306464999898 ], [ -71.538732314, -29.250272504999899 ], [ -71.538752842999898, -29.250230271 ], [ -71.538810277, -29.250187656 ], [ -71.538853693, -29.250175492 ], [ -71.539045347, -29.250139171999901 ], [ -71.539102444, -29.250135997 ], [ -71.539153745, -29.250144076 ], [ -71.539183389999906, -29.2501610589999 ], [ -71.539229694, -29.250208116 ] ] ] } },
{ "type": "Feature", "properties": { "fid": 11, "Descripcion": "Cota 30 mts. Amenaza por Tsunami", "Recomendaciones SENAPRED": "https://bibliogrd.senapred.gob.cl/bitstream/handle/2012/1711/06_diptico_tsunami_2023_SENAPRED.pdf", "Origen Data": "Visor Chile Preparado, Territorio y Amenazas - SENAPRED, disponible en https://www.visorchilepreparado.cl/" }, "geometry": { "type": "MultiLineString", "coordinates": [ [ [ -71.310950379, -29.459163659 ], [ -71.310912438999907, -29.459310806 ], [ -71.310857031, -29.459390196999902 ], [ -71.310752722, -29.4594846009999 ], [ -71.310668044, -29.459549374999899 ], [ -71.31061288, -29.459565432 ], [ -71.310522761, -29.45956182 ], [ -71.310441572999906, -29.459585423 ], [ -71.310213872, -29.459714848 ], [ -71.309948144, -29.45982076 ], [ -71.309675026, -29.459992649 ], [ -71.309528712, -29.460046958 ], [ -71.309436966, -29.460090095999899 ], [ -71.309344839999895, -29.460145859 ], [ -71.309153113, -29.46029728 ], [ -71.308952938999894, -29.4603942809999 ], [ -71.308815163, -29.460502372999901 ], [ -71.308614021, -29.4606391619999 ], [ -71.308519563999894, -29.460698871 ], [ -71.308299921, -29.460819804 ], [ -71.308235996, -29.460869042 ], [ -71.308172736999893, -29.460939698999901 ], [ -71.308117647, -29.46102123 ], [ -71.308023208, -29.461244923 ], [ -71.307993036, -29.461299107999899 ], [ -71.307952790999906, -29.461351328 ], [ -71.307916674999902, -29.461384428 ], [ -71.307867086, -29.461415544 ], [ -71.307826671, -29.461430714 ], [ -71.307701691, -29.461456814 ], [ -71.30765007, -29.461488416999899 ], [ -71.307555742, -29.461585538999898 ], [ -71.307467803, -29.461723762 ], [ -71.307363022999894, -29.462039567 ], [ -71.30734373, -29.462123348 ], [ -71.307351675999897, -29.462193097 ], [ -71.307396632999897, -29.462304882999899 ], [ -71.307408982, -29.462355445 ], [ -71.307402049, -29.462489241 ], [ -71.307411069, -29.462531962 ], [ -71.307468274, -29.462591032 ], [ -71.307751439999905, -29.462759471 ], [ -71.307869947, -29.462820639 ], [ -71.307957954999907, -29.462856248 ], [ -71.30814083, -29.462892531 ], [ -71.308274614, -29.4629406889999 ], [ -71.308332567, -29.462941747999899 ], [ -71.308457769, -29.462916348 ], [ -71.308524522, -29.462914742 ], [ -71.308931733, -29.46296247 ], [ -71.309093291999901, -29.462972253 ], [ -71.309313431, -29.4630064 ], [ -71.309614978999903, -29.463019422999899 ], [ -71.309898535999906, -29.463072145 ], [ -71.310030605, -29.463134231 ], [ -71.310080529999894, -29.463146498 ], [ -71.310146811, -29.463140957 ], [ -71.310306311, -29.463098491 ], [ -71.310353033999903, -29.463102933999899 ], [ -71.31038038, -29.46311552 ], [ -71.31040927, -29.463160014 ], [ -71.31043876, -29.4632525399999 ], [ -71.310483942, -29.463320672999899 ], [ -71.310574750999905, -29.463432726999901 ], [ -71.310660030999898, -29.463602465 ], [ -71.31069504, -29.463652663999898 ], [ -71.310756760999894, -29.463716645 ], [ -71.310887695, -29.463769618 ], [ -71.310915833, -29.463796853 ], [ -71.310970660999899, -29.46392681 ], [ -71.311059456, -29.46401065 ], [ -71.311080969, -29.464058506999901 ], [ -71.311100519, -29.464181518 ], [ -71.311118462, -29.464243622 ], [ -71.311159065, -29.464314827 ], [ -71.311221909, -29.464381006999901 ], [ -71.3112951479999, -29.464427535 ], [ -71.311439194999906, -29.464495617 ], [ -71.311583842999895, -29.464575958999902 ], [ -71.311645267999907, -29.464599474 ], [ -71.311700851, -29.464604171 ], [ -71.311877384, -29.464571637999899 ], [ -71.312150813999907, -29.464578756 ], [ -71.312220658999905, -29.464604556 ], [ -71.312299440999894, -29.464698155 ], [ -71.3123293149999, -29.464716635999899 ], [ -71.31235701, -29.464722765 ], [ -71.31241951, -29.4647128679999 ], [ -71.312550911, -29.464653196 ], [ -71.312605962, -29.464637052999901 ], [ -71.312673748999899, -29.464633227 ], [ -71.312737371, -29.464646977 ], [ -71.312796456999905, -29.4646975429999 ], [ -71.312820657, -29.464741300999901 ], [ -71.312848608, -29.464874627 ], [ -71.312919714, -29.465054119999898 ], [ -71.312960404, -29.465190447999898 ], [ -71.313006173, -29.465279805 ], [ -71.313058714, -29.465340554 ], [ -71.313098332, -29.465374488999899 ], [ -71.313175531, -29.465407975999899 ], [ -71.313246600999904, -29.465424269 ], [ -71.313294799999895, -29.465428723999899 ], [ -71.313362357999907, -29.465423368 ], [ -71.313500134, -29.465384268 ], [ -71.313605395, -29.465335126 ], [ -71.313724951, -29.465244799999901 ], [ -71.313771414, -29.465187684999901 ], [ -71.313885329999906, -29.464986591 ], [ -71.313939988999905, -29.464904852 ], [ -71.314024746, -29.464813240999899 ], [ -71.314175093999907, -29.464716804 ], [ -71.314265513, -29.464688251 ], [ -71.314429522999902, -29.4646622069999 ], [ -71.314582303999899, -29.464667624 ], [ -71.314713083, -29.464645462 ], [ -71.314808204, -29.464603137 ], [ -71.315080502999905, -29.464424205999901 ], [ -71.315131094, -29.464414942 ], [ -71.315247729, -29.464419092 ], [ -71.315303727, -29.464396908 ], [ -71.315432858999898, -29.464282298999901 ], [ -71.315584246, -29.464205934999899 ], [ -71.315794455999907, -29.464058489 ], [ -71.315887435, -29.464029371 ], [ -71.316020583999901, -29.464016682 ], [ -71.316071598, -29.463998543999899 ], [ -71.316107950999907, -29.4639628649999 ], [ -71.316138246, -29.4638828729999 ], [ -71.316171558999898, -29.463835049 ], [ -71.316239125, -29.463783001 ], [ -71.316295963, -29.463747767 ], [ -71.316326467, -29.463738849 ], [ -71.316344549999897, -29.463736557999901 ], [ -71.316361069, -29.463749207 ], [ -71.316365724, -29.463770025 ], [ -71.316368454, -29.463862871999901 ], [ -71.316383523999903, -29.463981061 ], [ -71.316375652, -29.46404741 ], [ -71.316319525, -29.464154085 ], [ -71.316303626, -29.464283101 ], [ -71.31626741, -29.464350755999899 ], [ -71.316183608, -29.464446498 ], [ -71.316050421999904, -29.464560375 ], [ -71.315964559999898, -29.464678759 ], [ -71.315821703, -29.464758224 ], [ -71.315715403, -29.464787338999901 ], [ -71.315674184, -29.464825679999901 ], [ -71.315475051, -29.465103509999899 ], [ -71.315434007, -29.465195241999901 ], [ -71.315377705999893, -29.4653717149999 ], [ -71.315330709, -29.465461133 ], [ -71.315278174, -29.4655225069999 ], [ -71.315081566999893, -29.46568726 ], [ -71.315037506, -29.465735369999901 ], [ -71.315029476999896, -29.465765652 ], [ -71.314995413, -29.4659987389999 ], [ -71.314959721, -29.466227762 ], [ -71.314948184999906, -29.466445565999901 ], [ -71.314915105999901, -29.466653091 ], [ -71.314852645, -29.466763140999898 ], [ -71.314712852, -29.466882113999901 ], [ -71.314425129, -29.4670323359999 ], [ -71.314061475, -29.467140879999899 ], [ -71.313689683999897, -29.467215237999898 ], [ -71.31341731, -29.467258657999899 ], [ -71.313369455, -29.467263031999899 ], [ -71.313323532, -29.467286574 ], [ -71.313303348, -29.467308631 ], [ -71.313290804, -29.467349032999898 ], [ -71.313290034, -29.467458978 ], [ -71.313276636, -29.467530713 ], [ -71.313209324999903, -29.467669306999898 ], [ -71.313220568, -29.467712920999901 ], [ -71.313243021999895, -29.4677557649999 ], [ -71.313251354, -29.467800054 ], [ -71.313248645, -29.467821871999899 ], [ -71.313217407, -29.467895255 ], [ -71.313094682, -29.468070033999901 ], [ -71.313044721, -29.4681691239999 ], [ -71.313026956, -29.468253424 ], [ -71.313042555, -29.468393438 ], [ -71.313040047999905, -29.468436595999901 ], [ -71.313024738, -29.468476533999901 ], [ -71.312929509, -29.468611315 ], [ -71.312822346, -29.468699753 ], [ -71.312781373, -29.468748423 ], [ -71.31275224, -29.468836925999899 ], [ -71.312712782999895, -29.469018757999901 ], [ -71.312639727, -29.469189462 ], [ -71.312569283, -29.469442412 ], [ -71.312530362, -29.469536494 ], [ -71.312492199, -29.469585406 ], [ -71.312444626999905, -29.469627499 ], [ -71.312326796, -29.469701875999899 ], [ -71.312123599, -29.4697977239999 ], [ -71.311907613999907, -29.469876792 ], [ -71.311831777999899, -29.469917562 ], [ -71.311815404, -29.469944457999901 ], [ -71.311813296, -29.469968087 ], [ -71.311852719999905, -29.470012008 ], [ -71.312015188, -29.470110421999902 ], [ -71.312085907, -29.470127286 ], [ -71.312223877999898, -29.470131583999901 ], [ -71.312288142999904, -29.470140987 ], [ -71.312298346, -29.470147387999901 ], [ -71.312304383, -29.4701863569999 ], [ -71.312149109, -29.470368877999899 ], [ -71.312104561, -29.4704146179999 ], [ -71.31193632, -29.470548533999899 ], [ -71.311884829999897, -29.470600889 ], [ -71.311828812, -29.470678122 ], [ -71.31180491, -29.470729546 ], [ -71.311792394999898, -29.470786255999901 ], [ -71.311801414999906, -29.470835439 ], [ -71.311846604, -29.470926475999899 ], [ -71.311850066, -29.470952150999899 ], [ -71.311837169999905, -29.471003432 ], [ -71.311791445, -29.471047561 ], [ -71.311745838, -29.471070278 ], [ -71.31155323, -29.471138703 ], [ -71.311454859, -29.47118284 ], [ -71.311309213, -29.471283437 ], [ -71.311158064, -29.471360817999901 ], [ -71.310864371, -29.4715003499999 ], [ -71.310261527, -29.471751600999902 ], [ -71.310209164999904, -29.471773878 ], [ -71.309990706, -29.4719046549999 ], [ -71.309869643, -29.471914582 ], [ -71.309812301, -29.471936743999901 ], [ -71.309634452, -29.472043619 ], [ -71.309453399999896, -29.472168947999901 ], [ -71.3091359269999, -29.472310959 ], [ -71.309003162, -29.472347398999901 ], [ -71.308824799, -29.472350838 ], [ -71.308727083, -29.472375556 ], [ -71.308431858999896, -29.4725065649999 ], [ -71.308227088, -29.4725870729999 ], [ -71.307958946, -29.472727978 ], [ -71.307778610999904, -29.472863275 ], [ -71.307648638, -29.472942203999899 ], [ -71.307627457, -29.472965041999899 ], [ -71.307607113, -29.472994535999899 ], [ -71.307578464, -29.473074096999898 ], [ -71.307530003, -29.473163843999899 ], [ -71.307254552, -29.4735229959999 ], [ -71.307160322999906, -29.473701643 ], [ -71.307107124, -29.473781250999899 ], [ -71.307053736999904, -29.473834666999899 ], [ -71.306926651, -29.473932248 ], [ -71.306832185, -29.474018086999902 ], [ -71.306778807999905, -29.474078065999901 ], [ -71.306502608999907, -29.474338194 ], [ -71.306264873, -29.474594839 ], [ -71.306079274999902, -29.474841113 ], [ -71.305588099, -29.475370692 ], [ -71.305535925999905, -29.475426226 ], [ -71.30548384, -29.475508503 ], [ -71.305428937, -29.475629219 ], [ -71.305393304999896, -29.475778380999898 ], [ -71.305336495999896, -29.475918269 ], [ -71.305336244, -29.475958503999902 ], [ -71.305348664, -29.475970108999899 ], [ -71.305395411999896, -29.475988485999899 ], [ -71.305523842999904, -29.476015362999899 ], [ -71.305601225, -29.476047133 ], [ -71.305663691999897, -29.476114381999899 ], [ -71.30574706, -29.4762791859999 ], [ -71.305753879999898, -29.476319234 ], [ -71.305712561, -29.476447194999899 ], [ -71.305714552, -29.476492068 ], [ -71.3057451, -29.476620621999899 ], [ -71.305748514999905, -29.476667146 ], [ -71.305748348, -29.47682051 ], [ -71.305720014, -29.477036214999899 ], [ -71.305731777999895, -29.477084912 ], [ -71.30575012, -29.477113268 ], [ -71.305838697999903, -29.477204351999902 ], [ -71.305867043, -29.477242933 ], [ -71.305896863, -29.477323371999901 ], [ -71.305899215, -29.47739508 ], [ -71.305887959999893, -29.477488379 ], [ -71.305874369, -29.477537507 ], [ -71.305823691999905, -29.477648917 ], [ -71.305817315, -29.477690290999899 ], [ -71.30586275, -29.477870743 ], [ -71.30588829, -29.478031791 ], [ -71.3058893689999, -29.478076606999899 ], [ -71.30586354, -29.478118562 ], [ -71.305802274, -29.478168438 ], [ -71.305691735, -29.478211282 ], [ -71.305533448999896, -29.478248903999901 ], [ -71.305351504, -29.478303398 ], [ -71.305254089999906, -29.478343381999899 ], [ -71.305169558, -29.47839293 ], [ -71.305121353999894, -29.4784349399999 ], [ -71.305096587, -29.478483379 ], [ -71.305104432999897, -29.4785254129999 ], [ -71.305147039, -29.478569455999899 ], [ -71.305142805999907, -29.478613541999898 ], [ -71.305123024999901, -29.478661836 ], [ -71.305033701, -29.478798169999902 ], [ -71.3050157119999, -29.478844873 ], [ -71.30501767, -29.478890555 ], [ -71.305061674999905, -29.478977783999898 ], [ -71.305071981, -29.4790219449999 ], [ -71.305081942999905, -29.479036282 ], [ -71.305120465, -29.479071207999901 ], [ -71.305162325, -29.479079133 ], [ -71.305207895, -29.479078575 ], [ -71.30525512, -29.479064816999902 ], [ -71.305334038999902, -29.479009741 ], [ -71.305526777, -29.478905634999901 ], [ -71.30561821, -29.478864117999901 ], [ -71.305715850999903, -29.478839399 ], [ -71.305804021, -29.478832601 ], [ -71.305931544, -29.478843658 ], [ -71.306069886, -29.478883621 ], [ -71.306158937, -29.478931111 ], [ -71.306336415, -29.479056762 ], [ -71.306377384, -29.479102392999899 ], [ -71.306515417, -29.479324966 ], [ -71.306621992, -29.479521905 ], [ -71.3067233149999, -29.479652223 ], [ -71.306907001999903, -29.479917864 ], [ -71.306994119, -29.4800111989999 ], [ -71.307075603, -29.480071697 ], [ -71.307163919999894, -29.48011235 ], [ -71.307236717, -29.480118002 ], [ -71.307383289, -29.480099405 ], [ -71.307421044, -29.480101993999899 ], [ -71.307461319, -29.480125119 ], [ -71.307483730999905, -29.480149916 ], [ -71.307602180999893, -29.480436238 ], [ -71.307642148999903, -29.4805077779999 ], [ -71.30771916, -29.480594577 ], [ -71.307907916, -29.480767559 ], [ -71.307956019999907, -29.480820859999898 ], [ -71.308018838, -29.480915266 ], [ -71.308081844, -29.481049782 ], [ -71.308112805, -29.481095578999899 ], [ -71.308140447, -29.481113771 ], [ -71.308190887, -29.481128251 ], [ -71.308315181, -29.481147586 ], [ -71.308346488, -29.481139868 ], [ -71.308359217, -29.481133446999898 ], [ -71.308377655999905, -29.481108371999898 ], [ -71.308414469, -29.481008038 ], [ -71.308455884, -29.4809584129999 ], [ -71.308628697, -29.480909794999899 ], [ -71.308686217999906, -29.480902343 ], [ -71.308821361999904, -29.480910749 ], [ -71.309043429, -29.480958669 ], [ -71.309305880999901, -29.480964653999902 ], [ -71.309544773, -29.480999138 ], [ -71.309715089, -29.480973058 ], [ -71.309846689, -29.48096427 ], [ -71.310164704, -29.480971428 ], [ -71.310349357999897, -29.480937122999901 ], [ -71.310626011999901, -29.480908128 ], [ -71.310712697, -29.480911784999901 ], [ -71.311058407, -29.480954325 ], [ -71.311217203, -29.480964177 ], [ -71.311712717, -29.480919148999899 ], [ -71.311792699, -29.480897986999899 ], [ -71.311989329, -29.480793422 ], [ -71.312213133999904, -29.480701761 ], [ -71.3122837989999, -29.48065695 ], [ -71.312409488, -29.480555889999899 ], [ -71.312507381, -29.480505587 ], [ -71.312598566, -29.480476457999899 ], [ -71.312849679, -29.480418196 ], [ -71.312970287, -29.480378695 ], [ -71.313049745999905, -29.480342143 ], [ -71.313091895999904, -29.48033535 ], [ -71.313140075, -29.480343787 ], [ -71.313230194, -29.48038199 ], [ -71.313500978, -29.480467942 ], [ -71.313700663, -29.480522580999899 ], [ -71.313744992999901, -29.480519953999899 ], [ -71.3137753889999, -29.480510328 ], [ -71.313858345, -29.480459686 ], [ -71.313911990999898, -29.4804550439999 ], [ -71.313933925, -29.480463248 ], [ -71.313957407, -29.480478182 ], [ -71.314000568, -29.480524975 ], [ -71.314042063, -29.4806290719999 ], [ -71.314085991999903, -29.480673195999898 ], [ -71.314131827, -29.480694417999899 ], [ -71.314269843, -29.480730462999901 ], [ -71.314294638, -29.480778587 ], [ -71.314302243, -29.480823846 ], [ -71.31434726, -29.480863142 ], [ -71.314584623, -29.480953182999901 ], [ -71.314643238, -29.481004535999901 ], [ -71.314654603999898, -29.4810492249999 ], [ -71.314649535999905, -29.481093501 ], [ -71.314603684, -29.481206348999901 ], [ -71.314548499, -29.4813155269999 ], [ -71.314536904, -29.481359809 ], [ -71.314539141, -29.48140977 ], [ -71.314641944999906, -29.481590099 ], [ -71.314716918, -29.481756881 ], [ -71.314731313, -29.481809851 ], [ -71.314729438, -29.481876020999898 ], [ -71.314652714, -29.482085610999899 ], [ -71.314628151, -29.482129227 ], [ -71.314584463, -29.4821758739999 ], [ -71.314516902, -29.482220648 ], [ -71.314451195999894, -29.482250082999901 ], [ -71.314269735, -29.482291212 ], [ -71.314216275, -29.482315044 ], [ -71.314195315999896, -29.482354320999899 ], [ -71.314191528, -29.48244167 ], [ -71.31417948, -29.482492056 ], [ -71.314138737, -29.482587865 ], [ -71.314068624, -29.482718642999899 ], [ -71.314067059, -29.4827652 ], [ -71.314110319, -29.482848423999901 ], [ -71.314112695999896, -29.482896011 ], [ -71.314091804, -29.4829453209999 ], [ -71.314010722, -29.483033689 ], [ -71.31400066, -29.4830698069999 ], [ -71.314022872, -29.483116297 ], [ -71.314066050999898, -29.483168851 ], [ -71.314090604999905, -29.483211054 ], [ -71.3141031279999, -29.483274324 ], [ -71.314104245, -29.483344277999901 ], [ -71.314091659, -29.483396371 ], [ -71.314033251999902, -29.483486438999901 ], [ -71.31399779, -29.483589179 ], [ -71.313962826, -29.483747435999899 ], [ -71.313922374999905, -29.4839377929999 ], [ -71.313878375999906, -29.48420083 ], [ -71.313877761999905, -29.48426575 ], [ -71.313902312, -29.484387452 ], [ -71.313940584, -29.484522881 ], [ -71.313960978, -29.4845744799999 ], [ -71.314042716, -29.484698491 ], [ -71.314134592, -29.484792246 ], [ -71.314202258, -29.484833223 ], [ -71.314238372, -29.4848443069999 ], [ -71.314285255999906, -29.484846026 ], [ -71.314320014, -29.484838441 ], [ -71.314416950999899, -29.484796091 ], [ -71.31449617, -29.484786608 ], [ -71.314647776999905, -29.484834537 ], [ -71.314978907999901, -29.484874732 ], [ -71.315128833999907, -29.484909632 ], [ -71.315262818999898, -29.4849534539999 ], [ -71.315374767, -29.485013285 ], [ -71.315571588999902, -29.485193079999899 ], [ -71.315758907, -29.485369721 ], [ -71.315812207, -29.485459187999901 ], [ -71.315842517, -29.485555411 ], [ -71.315831241999902, -29.485645738 ], [ -71.315831241999902, -29.485723784 ], [ -71.315821725, -29.485828480999899 ], [ -71.31578175, -29.4859560199999 ], [ -71.315693556, -29.486109771 ], [ -71.315629344999905, -29.486182148 ], [ -71.315496816999897, -29.486286212 ], [ -71.315426932, -29.486351796999902 ], [ -71.315322017, -29.486474765 ], [ -71.315191163999899, -29.48665835 ], [ -71.315068778, -29.486774811 ], [ -71.3150385, -29.486821227999901 ], [ -71.314995887, -29.48691428 ], [ -71.314900517, -29.487088007 ], [ -71.314868117999893, -29.48717432 ], [ -71.314858454, -29.487259519 ], [ -71.314871932, -29.4874213269999 ], [ -71.314901425999906, -29.487536494 ], [ -71.314906172999898, -29.487594773999898 ], [ -71.314895205, -29.4876328309999 ], [ -71.3148504, -29.487711934999901 ], [ -71.314840874, -29.487767117 ], [ -71.314849377, -29.4878079 ], [ -71.314876694, -29.487850787 ], [ -71.314965377, -29.487945716999899 ], [ -71.314995011999898, -29.487987323 ], [ -71.315005883, -29.4880284719999 ], [ -71.315003503, -29.488073912999901 ], [ -71.314979894, -29.488126112 ], [ -71.314941152, -29.488164755 ], [ -71.314686838999904, -29.488301325 ], [ -71.314646846999906, -29.488347233 ], [ -71.314632839999902, -29.488404159 ], [ -71.314631848, -29.488533853 ], [ -71.314578151, -29.488759112 ], [ -71.314544188999903, -29.488803401 ], [ -71.314434867, -29.488845690999899 ], [ -71.31439077, -29.488876063 ], [ -71.31436996, -29.488902821 ], [ -71.314302368, -29.489073364 ], [ -71.314274659, -29.4892126949999 ], [ -71.314255574999905, -29.489252172 ], [ -71.31419504, -29.489338104999899 ], [ -71.314178576, -29.489384226 ], [ -71.314182834999897, -29.489439779999898 ], [ -71.314211763999893, -29.4895189379999 ], [ -71.314244733, -29.489563887 ], [ -71.314341091, -29.48965329 ], [ -71.314368596, -29.489697478 ], [ -71.314370321999903, -29.489715917999899 ], [ -71.314364601, -29.4897514809999 ], [ -71.314343805, -29.489774823999898 ], [ -71.314320355999897, -29.489795639 ], [ -71.314247667, -29.489835415 ], [ -71.314218572999906, -29.4898737309999 ], [ -71.314178816, -29.490060661 ], [ -71.314178356, -29.49011502 ], [ -71.314249451, -29.4903552769999 ], [ -71.314269107, -29.490397963 ], [ -71.314310822, -29.490448349 ], [ -71.314405171, -29.4905303039999 ], [ -71.31443676, -29.490585505 ], [ -71.31447273, -29.490688252 ], [ -71.314516294, -29.490734736 ], [ -71.314590072, -29.490791869 ], [ -71.314626295, -29.4908619509999 ], [ -71.314626887, -29.490905644 ], [ -71.314618252999907, -29.490945307999901 ], [ -71.314564318, -29.491053633 ], [ -71.314553812, -29.491095699 ], [ -71.314568510999905, -29.491140610999899 ], [ -71.314640337, -29.491245714999899 ], [ -71.314663764, -29.491307451999901 ], [ -71.314654822, -29.491367441 ], [ -71.31461405, -29.491437904999898 ], [ -71.314601377, -29.491476236 ], [ -71.314605577999899, -29.49152371 ], [ -71.314641842, -29.491632065 ], [ -71.314645104, -29.491679269 ], [ -71.314591271, -29.492008007 ], [ -71.314579769, -29.492036336999899 ], [ -71.3145463769999, -29.492083384 ], [ -71.314466258, -29.492176601 ], [ -71.314446558, -29.4922193539999 ], [ -71.314447649, -29.492268501999899 ], [ -71.314496043, -29.4924017069999 ], [ -71.314496549999902, -29.49245374 ], [ -71.314474339, -29.492539222999898 ], [ -71.314403233999897, -29.492717448999901 ], [ -71.314385984, -29.492788791999899 ], [ -71.314390347, -29.492858394999899 ], [ -71.314419982999894, -29.492985491999899 ], [ -71.314412616, -29.493094014 ], [ -71.314364873, -29.493298719999899 ], [ -71.314313534999897, -29.493438904999898 ], [ -71.314279679, -29.4935910959999 ], [ -71.314222, -29.493752163 ], [ -71.314188569999899, -29.493885716 ], [ -71.3141564969999, -29.494182897 ], [ -71.3141592489999, -29.494297057 ], [ -71.314174897, -29.494436581999899 ], [ -71.314158442, -29.494475133 ], [ -71.314021408, -29.494589314999899 ], [ -71.313892785, -29.494728769999899 ], [ -71.313855052, -29.494796252 ], [ -71.313844463999899, -29.494838713 ], [ -71.313845758999904, -29.494885925999899 ], [ -71.313866308999906, -29.494913622999899 ], [ -71.313912101, -29.494918422999898 ], [ -71.314072371999899, -29.494823969 ], [ -71.314173323, -29.494798719999899 ], [ -71.314284535999903, -29.494802757999899 ], [ -71.314424352999893, -29.4948378459999 ], [ -71.314493833, -29.494879911999899 ], [ -71.31465826, -29.495057272999901 ], [ -71.314684795999895, -29.495105307 ], [ -71.314721431, -29.495211185 ], [ -71.314756121, -29.495285755999902 ], [ -71.314809387, -29.495331466 ], [ -71.314906516999898, -29.495387546 ], [ -71.314945311, -29.4954221519999 ], [ -71.314970989, -29.495464856 ], [ -71.314979380999901, -29.495515291999901 ], [ -71.314964456, -29.4956003799999 ], [ -71.314946386, -29.495649060999899 ], [ -71.314887483999897, -29.495693657999901 ], [ -71.314720198, -29.495737756 ], [ -71.314653677, -29.495764700999899 ], [ -71.314628235, -29.495781384999901 ], [ -71.314588967, -29.495822646 ], [ -71.31456367, -29.495873458999899 ], [ -71.314551158, -29.4959340939999 ], [ -71.31455234, -29.4960040019999 ], [ -71.314590772, -29.496271878999899 ], [ -71.314607095, -29.496321039999899 ], [ -71.314627857999895, -29.4963402989999 ], [ -71.314671344, -29.496340605999901 ], [ -71.314710369, -29.496314457 ], [ -71.314779688, -29.496205597 ], [ -71.314828302, -29.496158441 ], [ -71.314854359, -29.496142668999902 ], [ -71.31488565, -29.496135895 ], [ -71.314932074, -29.496136271999902 ], [ -71.315144884999896, -29.496206405999899 ], [ -71.315306092999904, -29.4962107059999 ], [ -71.315354097, -29.4962200649999 ], [ -71.315396167, -29.4962377969999 ], [ -71.315531036, -29.496334275 ], [ -71.315577171, -29.496352019 ], [ -71.315648011, -29.496354336 ], [ -71.315766767, -29.496327473999902 ], [ -71.315853127, -29.49632049 ], [ -71.31592971, -29.4963312359999 ], [ -71.316067593, -29.496380321999901 ], [ -71.316114951, -29.496389646999901 ], [ -71.316247475, -29.496366647999899 ], [ -71.31626543, -29.496370036 ], [ -71.316296330999904, -29.496384115 ], [ -71.316386834, -29.4964606949999 ], [ -71.316432334999902, -29.496484908 ], [ -71.316613288, -29.496538273999899 ], [ -71.316690869999903, -29.496587287999901 ], [ -71.316706490999906, -29.496604566 ], [ -71.316741815999904, -29.4966733589999 ], [ -71.316768867999897, -29.496773119 ], [ -71.316793277, -29.496798881 ], [ -71.316821342, -29.496807721 ], [ -71.316882778, -29.496799971 ], [ -71.317060829, -29.496746594999902 ], [ -71.317197791999902, -29.496728756 ], [ -71.31732235, -29.496676362 ], [ -71.317397271999894, -29.4966566149999 ], [ -71.317531173, -29.4966540839999 ], [ -71.317742655, -29.49667239 ], [ -71.3177685429999, -29.49668281 ], [ -71.317783542, -29.496698932 ], [ -71.317820619, -29.496864413 ], [ -71.317851316, -29.496906591 ], [ -71.317903186, -29.496949908 ], [ -71.318007459999905, -29.497001462 ], [ -71.318046803, -29.497006069999902 ], [ -71.318150923, -29.496992523 ], [ -71.3181892059999, -29.496996459999899 ], [ -71.318228808999905, -29.4970254199999 ], [ -71.318274887, -29.497072398999901 ], [ -71.318364155, -29.497213256 ], [ -71.318381065, -29.497226172999898 ], [ -71.318408125, -29.497234201 ], [ -71.318520266, -29.4972366699999 ], [ -71.318593763, -29.497261841999901 ], [ -71.318713886999902, -29.497356653999901 ], [ -71.318820430999907, -29.4974722709999 ], [ -71.319134842, -29.497671824999902 ], [ -71.319202563, -29.497697694 ], [ -71.319380378999895, -29.497720339999901 ], [ -71.319720614999895, -29.497853722999899 ], [ -71.319930074999903, -29.497987502999901 ], [ -71.320030775, -29.498065722 ], [ -71.320077947999906, -29.498088858 ], [ -71.320122824999899, -29.498096992999901 ], [ -71.320284876, -29.498104866999899 ], [ -71.320458637999906, -29.498094412999901 ], [ -71.320551885, -29.498099407 ], [ -71.320749055, -29.498130166 ], [ -71.320888655, -29.498138244 ], [ -71.320935639, -29.498156418 ], [ -71.320953598, -29.498173391 ], [ -71.320973137, -29.498219881999901 ], [ -71.320967169, -29.498354333999899 ], [ -71.320971748, -29.498399982 ], [ -71.320995811, -29.4984442649999 ], [ -71.321103757999893, -29.498527348 ], [ -71.321124080999894, -29.49857205 ], [ -71.321121972, -29.498628574999898 ], [ -71.321020432999902, -29.498941335 ], [ -71.320947133999894, -29.499086154999901 ], [ -71.320814502, -29.499448141 ], [ -71.320794865, -29.499481266 ], [ -71.320757377999897, -29.499522511999899 ], [ -71.320618007999897, -29.499609096 ], [ -71.320569103, -29.499649994 ], [ -71.320526214, -29.499696566999901 ], [ -71.320490833999898, -29.499754367 ], [ -71.320476551999903, -29.4998224459999 ], [ -71.320493476, -29.499940465 ], [ -71.320487257, -29.500018788 ], [ -71.32041895, -29.500197955 ], [ -71.320316094, -29.5004190239999 ], [ -71.320257415999905, -29.500478465999901 ], [ -71.320125358, -29.500533692 ], [ -71.319767669, -29.500740031 ], [ -71.319625741, -29.50078049 ], [ -71.319583635, -29.500799707999899 ], [ -71.319541770999905, -29.500830388999901 ], [ -71.319521434, -29.500876111 ], [ -71.319523793, -29.50092288 ], [ -71.319543999, -29.500976982999902 ], [ -71.319585555999893, -29.501035196 ], [ -71.319628274, -29.501061584999899 ], [ -71.319692470999897, -29.501067005 ], [ -71.319858515, -29.501036665 ], [ -71.319904072, -29.5010360869999 ], [ -71.319967606, -29.501054935 ], [ -71.32002256, -29.501094918 ], [ -71.320051148999895, -29.501140663999902 ], [ -71.320055459999907, -29.501186947999901 ], [ -71.320027883, -29.501309612999901 ], [ -71.320024799, -29.501374949 ], [ -71.32005673, -29.501505273 ], [ -71.320075077, -29.501549127 ], [ -71.320121366, -29.5015649109999 ], [ -71.320283772, -29.501571526 ], [ -71.320341592, -29.501590639 ], [ -71.320401688999894, -29.501643433 ], [ -71.320487671, -29.501748141999901 ], [ -71.320520727, -29.501824768999899 ], [ -71.320552302, -29.501976267 ], [ -71.320617125999902, -29.502136767 ], [ -71.320632594, -29.502195483 ], [ -71.32062882, -29.502282259 ], [ -71.320597284, -29.502383665 ], [ -71.320564649999895, -29.502455844999901 ], [ -71.3205646279999, -29.5024973179999 ], [ -71.320575175, -29.502508962 ], [ -71.320622386, -29.5024963339999 ], [ -71.320669548999902, -29.502453562 ], [ -71.320856608, -29.502236266999901 ], [ -71.320890727999895, -29.502178214 ], [ -71.320900010999907, -29.5021487409999 ], [ -71.320909674999896, -29.501998428 ], [ -71.320932470999907, -29.501852663 ], [ -71.320937119, -29.501774613 ], [ -71.320921165, -29.5016866039999 ], [ -71.320881898, -29.501596532999901 ], [ -71.320871546, -29.501551377999899 ], [ -71.320883745999893, -29.501419008 ], [ -71.320873309, -29.501326907 ], [ -71.320881471, -29.501283848 ], [ -71.320915755, -29.50123501 ], [ -71.321021956, -29.5011388849999 ], [ -71.32108779, -29.501109431 ], [ -71.321132796, -29.50111086 ], [ -71.321321159, -29.501167907 ], [ -71.321490935, -29.5011957729999 ], [ -71.321556987, -29.501182319 ], [ -71.321641068, -29.501130605 ], [ -71.321677087999902, -29.5011162929999 ], [ -71.321838406, -29.501099098999902 ], [ -71.321892160999894, -29.501062932 ], [ -71.3219620039999, -29.500951078999901 ], [ -71.321987217999904, -29.50092896 ], [ -71.3220473599999, -29.500909017 ], [ -71.322197683, -29.500893687 ], [ -71.322245237999894, -29.50087503 ], [ -71.322265001999895, -29.500851177999898 ], [ -71.322276699, -29.5008312329999 ], [ -71.322280671, -29.500788144999898 ], [ -71.322264033, -29.5007379739999 ], [ -71.322238689999907, -29.5006939589999 ], [ -71.322214058, -29.5005745449999 ], [ -71.322222804, -29.500536675 ], [ -71.322240656, -29.500525964 ], [ -71.322258479, -29.500525954999901 ], [ -71.322323716, -29.500554209 ], [ -71.322378347, -29.500587612999901 ], [ -71.322469087999906, -29.500602736 ], [ -71.322499724, -29.50064481 ], [ -71.322533727999897, -29.500713709 ], [ -71.322634404, -29.500823523 ], [ -71.32269374, -29.500867329 ], [ -71.322784336, -29.500911356 ], [ -71.322841785, -29.500965435 ], [ -71.322844551999907, -29.500984597 ], [ -71.322830306999904, -29.501009342 ], [ -71.322753884, -29.501017991 ], [ -71.322656168, -29.501000157 ], [ -71.32261102, -29.501004071999901 ], [ -71.322558442999906, -29.501028016 ], [ -71.322530275, -29.501052371 ], [ -71.322500644999906, -29.501102574999901 ], [ -71.322495822, -29.501146895 ], [ -71.322514537, -29.501212884 ], [ -71.322561449, -29.501263482999899 ], [ -71.322611277, -29.501276484 ], [ -71.32269796, -29.50126398 ], [ -71.322745057, -29.501265816999901 ], [ -71.322960206999895, -29.501340485 ], [ -71.322985272, -29.501340191999901 ], [ -71.323010338999893, -29.5013251509999 ], [ -71.323056803, -29.501224522 ], [ -71.323089373, -29.501179062999899 ], [ -71.323123527999897, -29.501171175 ], [ -71.323174342999906, -29.501178051999901 ], [ -71.323279075999906, -29.501215432 ], [ -71.323329591999894, -29.5012497549999 ], [ -71.323515906, -29.501420365999898 ], [ -71.323572118, -29.501459547 ], [ -71.323661918, -29.501505947999899 ], [ -71.323710758999894, -29.501552944 ], [ -71.323730203, -29.501597518 ], [ -71.323730914, -29.501640349 ], [ -71.323685404999907, -29.501774699999899 ], [ -71.323687413, -29.501829342 ], [ -71.323703376, -29.5019534629999 ], [ -71.323716425, -29.502000425999899 ], [ -71.323749171, -29.502045188999901 ], [ -71.323776596999906, -29.5020670719999 ], [ -71.323820257, -29.502095471 ], [ -71.323862761, -29.502108631999899 ], [ -71.323909559999905, -29.502110859 ], [ -71.324030337999901, -29.5020799609999 ], [ -71.324096003, -29.5020759249999 ], [ -71.324137210999893, -29.5020857989999 ], [ -71.324179893, -29.502109984 ], [ -71.32422722, -29.502119406 ], [ -71.324283291, -29.5021004019999 ], [ -71.324357967, -29.50205589 ], [ -71.324375056, -29.502054619 ], [ -71.324431008, -29.502071183999899 ], [ -71.324541805, -29.502127561999899 ], [ -71.32470373, -29.502223211999901 ], [ -71.324860897, -29.502376318 ], [ -71.324948935, -29.502472124 ], [ -71.32499219, -29.502505632 ], [ -71.325068274, -29.502531217999898 ], [ -71.325175156999904, -29.502535574 ], [ -71.325220281, -29.5025552879999 ], [ -71.325264335, -29.502601839 ], [ -71.32528232, -29.502652435999899 ], [ -71.325294541999895, -29.502722021999901 ], [ -71.325310083, -29.502739574 ], [ -71.325357375, -29.502756199 ], [ -71.325438837, -29.502770046 ], [ -71.325578164, -29.50276346 ], [ -71.325615755999905, -29.502809112 ], [ -71.325636419, -29.502856979999901 ], [ -71.325667703, -29.502902365999901 ], [ -71.325706233999895, -29.502911205 ], [ -71.325751975999907, -29.502908734 ], [ -71.325867471, -29.502874163999898 ], [ -71.326189142, -29.502838905 ], [ -71.326256246, -29.502839298 ], [ -71.326388306, -29.502856243999901 ], [ -71.326440584999901, -29.502852835999899 ], [ -71.326502335, -29.502835277 ], [ -71.32661196, -29.502781969 ], [ -71.326783468, -29.502714260999898 ], [ -71.32693051, -29.502702010999901 ], [ -71.327115411, -29.50267064 ], [ -71.3272009249999, -29.502631904999902 ], [ -71.327327952, -29.502534737 ], [ -71.327358567, -29.502520831 ], [ -71.327423037999907, -29.502512693 ], [ -71.327561946999893, -29.502523777 ], [ -71.327623508, -29.502509905999901 ], [ -71.327965430999896, -29.502360295 ], [ -71.328058724, -29.502303458 ], [ -71.328229182, -29.502183519 ], [ -71.328297084, -29.502146393 ], [ -71.328394752999898, -29.502114467999899 ], [ -71.328483149, -29.502110969999901 ], [ -71.328552661999893, -29.502137601999902 ], [ -71.328732665, -29.502288375 ], [ -71.328848713999903, -29.502445832 ], [ -71.328967695, -29.502544666999899 ], [ -71.328996140999905, -29.502583984999902 ], [ -71.329051928999903, -29.502687629 ], [ -71.329091352, -29.5027317569999 ], [ -71.329158704, -29.502743086999899 ], [ -71.329332215, -29.502730503999899 ], [ -71.329362832999905, -29.5027372079999 ], [ -71.329406364, -29.502762399999899 ], [ -71.329414066, -29.50280363 ], [ -71.329406515, -29.502854171 ], [ -71.329340289, -29.50303747 ], [ -71.329340574999904, -29.503085299 ], [ -71.329360618, -29.503126075 ], [ -71.329418, -29.5031299619999 ], [ -71.329522722, -29.503109159 ], [ -71.329567104, -29.503107207 ], [ -71.329632735, -29.503126825 ], [ -71.329672358, -29.50315376 ], [ -71.329971944, -29.503397041 ], [ -71.330018132, -29.503441844 ], [ -71.330094807, -29.503582905 ], [ -71.330176249, -29.5036803849999 ], [ -71.330202458, -29.503739396 ], [ -71.330204107, -29.503784631 ], [ -71.330189331, -29.503821607 ], [ -71.330082058999906, -29.503957178 ], [ -71.330036574, -29.504001770999899 ], [ -71.329995517, -29.504029239 ], [ -71.329941542, -29.504037249 ], [ -71.329902435999898, -29.504031112 ], [ -71.329847453, -29.503973803999902 ], [ -71.329813948, -29.503953662 ], [ -71.329781431999905, -29.503945035 ], [ -71.32961647, -29.5039697089999 ], [ -71.329523115, -29.503964106 ], [ -71.329423878999904, -29.503938884 ], [ -71.329226047, -29.503853213 ], [ -71.32916693, -29.503799964999899 ], [ -71.329099011, -29.503666406 ], [ -71.32908488, -29.503647327 ], [ -71.329047309, -29.503620731999899 ], [ -71.329030283, -29.503646659 ], [ -71.329017963, -29.503685391 ], [ -71.329022784999907, -29.503757102999899 ], [ -71.329038369, -29.503802261 ], [ -71.329102172, -29.503891741 ], [ -71.329115545, -29.503935987 ], [ -71.329113792, -29.50398166 ], [ -71.329083808999897, -29.50407619 ], [ -71.329111183, -29.504115665 ], [ -71.329182631, -29.504144649999901 ], [ -71.3292275539999, -29.504180074 ], [ -71.329238246, -29.504204347 ], [ -71.329239446, -29.504248526 ], [ -71.329210707, -29.504298863 ], [ -71.32918088, -29.504316415999899 ], [ -71.329122416, -29.504334269 ], [ -71.329047056, -29.504342922 ], [ -71.328992394, -29.504341021 ], [ -71.328913399, -29.504324988 ], [ -71.328711343, -29.504251429 ], [ -71.328654071999907, -29.504212747999901 ], [ -71.328597457999905, -29.504138069 ], [ -71.328562390999906, -29.504071375 ], [ -71.328511517, -29.503937085 ], [ -71.328499463999904, -29.503922595999899 ], [ -71.328461181, -29.503889573 ], [ -71.328418064999894, -29.503871553 ], [ -71.328388822, -29.503862727 ], [ -71.3283433779999, -29.503861473 ], [ -71.328310611999896, -29.503876793 ], [ -71.328290652, -29.503907249999902 ], [ -71.328281046, -29.503937349 ], [ -71.328251462, -29.504226333 ], [ -71.328265691, -29.504369783 ], [ -71.328243887, -29.5044424069999 ], [ -71.328217966, -29.50446412 ], [ -71.328181615999895, -29.504475113999899 ], [ -71.328147132, -29.504462659999898 ], [ -71.328033971, -29.504387259999898 ], [ -71.327989220999896, -29.504367362 ], [ -71.32796733, -29.504366116 ], [ -71.327948799999902, -29.504373539 ], [ -71.327918151999896, -29.504398264 ], [ -71.327872764999896, -29.504474048 ], [ -71.327831527999905, -29.504569633 ], [ -71.327815437, -29.504616637 ], [ -71.327811068999907, -29.5046614779999 ], [ -71.327824171, -29.504702698 ], [ -71.327920054999893, -29.504816628999901 ], [ -71.327965526, -29.504907547 ], [ -71.328012702, -29.504974038999901 ], [ -71.328033413, -29.5050156729999 ], [ -71.328037002, -29.505043151999899 ], [ -71.328028648, -29.505083886 ], [ -71.327953674, -29.505248461999901 ], [ -71.327948378, -29.505293388 ], [ -71.327958375, -29.505334021 ], [ -71.327965374, -29.505340592 ], [ -71.3280054909999, -29.505346593 ], [ -71.328147929999901, -29.505317757999901 ], [ -71.328236951, -29.505313908999899 ], [ -71.328327657, -29.505329324999899 ], [ -71.328394449, -29.505357624999899 ], [ -71.328458167999898, -29.5054041829999 ], [ -71.328510921, -29.505469518 ], [ -71.328549661, -29.5055599149999 ], [ -71.328570914999901, -29.505648078 ], [ -71.328581915, -29.5057670489999 ], [ -71.328559675999898, -29.505825095 ], [ -71.328380185999904, -29.506110713999899 ], [ -71.328271002, -29.506241449 ], [ -71.328274483, -29.506281043999898 ], [ -71.328284426, -29.506292519999899 ], [ -71.328371906, -29.506338339 ], [ -71.328385404999906, -29.506364506999901 ], [ -71.328358834, -29.506416478999899 ], [ -71.328282115, -29.506461116 ], [ -71.328149911, -29.506446040999901 ], [ -71.328016452, -29.50645301 ], [ -71.327901842, -29.506444203999902 ], [ -71.32774331, -29.506445555 ], [ -71.32760766, -29.506407398 ], [ -71.327442715, -29.506341212999899 ], [ -71.327367519999896, -29.5063181209999 ], [ -71.327105068, -29.506284777 ], [ -71.326974201, -29.506255586 ], [ -71.326884091999901, -29.506255414 ], [ -71.326749685, -29.506280488999899 ], [ -71.326705193999899, -29.506280255 ], [ -71.32666218, -29.506266401999898 ], [ -71.326520837, -29.506196144999901 ], [ -71.326467503999893, -29.506185612 ], [ -71.326299907, -29.506171929999901 ], [ -71.326163887, -29.506123682999899 ], [ -71.325984505999898, -29.50603224 ], [ -71.325894429, -29.505968886999899 ], [ -71.325779666999907, -29.505874744 ], [ -71.325708179999907, -29.505840809999899 ], [ -71.325583025999904, -29.505819362999901 ], [ -71.325446391, -29.505816723999899 ], [ -71.325377459, -29.505830263 ], [ -71.325304926999905, -29.505872538999899 ], [ -71.325264069999903, -29.505922036 ], [ -71.325232205, -29.505983181 ], [ -71.325173421, -29.5061917579999 ], [ -71.325128483, -29.5062818769999 ], [ -71.325058172999903, -29.506391827999899 ], [ -71.324977701, -29.50657727 ], [ -71.324940830999907, -29.506762422 ], [ -71.324921622, -29.506931895 ], [ -71.324899602, -29.507042022999901 ], [ -71.32485573, -29.5071983899999 ], [ -71.324811495999896, -29.507316135999901 ], [ -71.324724342, -29.5074999889999 ], [ -71.324657864999907, -29.507587363 ], [ -71.324584396, -29.50764836 ], [ -71.324529454, -29.507678335 ], [ -71.324295321, -29.507748157 ], [ -71.324200124999905, -29.507783560999901 ], [ -71.324114262, -29.507836964 ], [ -71.324041259999902, -29.507897630999899 ], [ -71.323955129999902, -29.508011011 ], [ -71.323792759, -29.508282392 ], [ -71.323640117, -29.508487720999899 ], [ -71.323615632, -29.5085334629999 ], [ -71.323597163, -29.508588486 ], [ -71.323602297, -29.508680970999901 ], [ -71.323620615, -29.508758336 ], [ -71.323640755, -29.508780101 ], [ -71.323664728, -29.5087857669999 ], [ -71.323728582999905, -29.508778721999899 ], [ -71.323779133999906, -29.508761029 ], [ -71.323888003, -29.508693170999901 ], [ -71.323979129, -29.508649304 ], [ -71.324119017, -29.508611666 ], [ -71.324275058, -29.5085801889999 ], [ -71.324411631, -29.508536481 ], [ -71.324493758, -29.5085020779999 ], [ -71.324676044999904, -29.5083721889999 ], [ -71.324991479999895, -29.508172167999899 ], [ -71.325043847, -29.508164608999898 ], [ -71.325084398999905, -29.508168982 ], [ -71.325146431999897, -29.508190582999902 ], [ -71.325260345999894, -29.50825472 ], [ -71.325318094, -29.508311251999899 ], [ -71.325395763999893, -29.508424042999899 ], [ -71.325438445, -29.508473019999901 ], [ -71.325488147, -29.508508553999899 ], [ -71.325538986, -29.508526837 ], [ -71.325583635, -29.508527437999899 ], [ -71.325689311, -29.508509174 ], [ -71.325848784999906, -29.508532892999899 ], [ -71.325931983, -29.508531300999898 ], [ -71.3260279, -29.508509696 ], [ -71.326301912, -29.5084298539999 ], [ -71.326588646999895, -29.508370364 ], [ -71.326631209, -29.5083668239999 ], [ -71.326707837999905, -29.508381401999898 ], [ -71.326839290999899, -29.508443105 ], [ -71.326877905999893, -29.508452557999899 ], [ -71.326924623, -29.50845342 ], [ -71.327003386999905, -29.508432656 ], [ -71.327069034, -29.508429868999901 ], [ -71.327111211, -29.508438235 ], [ -71.3272435169999, -29.508493652 ], [ -71.327285601, -29.508503409 ], [ -71.327331492, -29.508503295 ], [ -71.327393330999897, -29.508486377999901 ], [ -71.327656629, -29.508358089999899 ], [ -71.327743303, -29.5082963149999 ], [ -71.3279456019999, -29.508110202 ], [ -71.328085104, -29.508024645 ], [ -71.328240874, -29.507951195 ], [ -71.328458624999897, -29.507823628 ], [ -71.328513873, -29.507806668999901 ], [ -71.3285512369999, -29.507813208999899 ], [ -71.328595107, -29.507839314 ], [ -71.3286443, -29.507847544999901 ], [ -71.328835217999895, -29.507773947 ], [ -71.329089567, -29.507720644 ], [ -71.329401286999897, -29.50763583 ], [ -71.329452816999904, -29.507631446999898 ], [ -71.329498268999899, -29.50767668 ], [ -71.329511022, -29.507784000999902 ], [ -71.329542665, -29.507860031 ], [ -71.3296077749999, -29.507876508 ], [ -71.329723487, -29.507879843 ], [ -71.329801695999905, -29.507899548999902 ], [ -71.3298526089999, -29.507931469 ], [ -71.329901241, -29.507992169 ], [ -71.329913722, -29.508052657999901 ], [ -71.329904211, -29.508129195 ], [ -71.329805775, -29.5082985069999 ], [ -71.329784632, -29.508351096999899 ], [ -71.329743905, -29.5085554079999 ], [ -71.329713389999895, -29.508653355 ], [ -71.329708826999905, -29.508696582 ], [ -71.329720393999906, -29.508746448999901 ], [ -71.329734610999907, -29.508762266 ], [ -71.329766854999903, -29.508780045 ], [ -71.329874672, -29.508817644 ], [ -71.329900717, -29.508830948 ], [ -71.329924038999906, -29.50885341 ], [ -71.329947344999894, -29.508893736999902 ], [ -71.329954287, -29.508996666 ], [ -71.329949142, -29.509030106999901 ], [ -71.329928879, -29.509074086999899 ], [ -71.329860300999897, -29.509166185 ], [ -71.329645806, -29.509356301 ], [ -71.3295192369999, -29.509455187999901 ], [ -71.329424409999902, -29.509567976 ], [ -71.329351889999899, -29.509690706 ], [ -71.329193695, -29.510017473999898 ], [ -71.329174021, -29.510071622999899 ], [ -71.329175434, -29.510110765 ], [ -71.329226139, -29.510133418 ], [ -71.329347699, -29.510144776999901 ], [ -71.329405261, -29.510159756999901 ], [ -71.329497578, -29.510199967999899 ], [ -71.329566940999896, -29.510250163 ], [ -71.329588078, -29.5102900219999 ], [ -71.329569411, -29.510405232 ], [ -71.329581097999906, -29.510470825 ], [ -71.329680061, -29.510622777 ], [ -71.329764122, -29.5107707189999 ], [ -71.3298061899999, -29.51081913 ], [ -71.329858374, -29.510855475 ], [ -71.329903528, -29.510874675 ], [ -71.330038051, -29.510898942 ], [ -71.330251922999906, -29.510916333999901 ], [ -71.330359464, -29.51091392 ], [ -71.330707026, -29.510879304 ], [ -71.330770072999897, -29.510880282999899 ], [ -71.331098214999898, -29.510921628999899 ], [ -71.331121311999894, -29.510935318999898 ], [ -71.331141801999905, -29.510963466 ], [ -71.331144422, -29.51098903 ], [ -71.331123155999904, -29.511060567999898 ], [ -71.331011702, -29.511215831999898 ], [ -71.330953444, -29.511323873 ], [ -71.330918877, -29.511417671999901 ], [ -71.330897931, -29.511557502999899 ], [ -71.330858034999906, -29.511637834999899 ], [ -71.330720016, -29.511828508999901 ], [ -71.330536212, -29.512035045999902 ], [ -71.330443317999894, -29.512158761 ], [ -71.330282896, -29.5122925699999 ], [ -71.330252426999905, -29.512347657 ], [ -71.330208759999906, -29.512483933999899 ], [ -71.330155692999895, -29.512568929999901 ], [ -71.330091421, -29.512629706 ], [ -71.330029106, -29.512670672999899 ], [ -71.329951265, -29.512710973 ], [ -71.329903929999901, -29.512723647 ], [ -71.329848919, -29.5127210919999 ], [ -71.329662389, -29.512667506 ], [ -71.329588515999902, -29.512678621 ], [ -71.329532018, -29.512713544999901 ], [ -71.329364413999897, -29.512860436 ], [ -71.329329513999895, -29.512900815 ], [ -71.329315223, -29.512944639 ], [ -71.329336968, -29.5130818599999 ], [ -71.32933173, -29.513147365 ], [ -71.329301969, -29.513201492999901 ], [ -71.329248091, -29.51326417 ], [ -71.329217421, -29.513314118 ], [ -71.329205088, -29.513488701 ], [ -71.329189631, -29.513545286 ], [ -71.329153917, -29.5136225809999 ], [ -71.329093131, -29.513696092 ], [ -71.3290441, -29.513727675 ], [ -71.328899658999902, -29.513795393 ], [ -71.328844961, -29.5138293269999 ], [ -71.328772725, -29.513890790999898 ], [ -71.328732652, -29.513941144999901 ], [ -71.328716425, -29.513988028 ], [ -71.328708999, -29.5141187 ], [ -71.328636097, -29.514335972 ], [ -71.328616231999902, -29.514434986 ], [ -71.328638994, -29.51462315 ], [ -71.328623529, -29.514752384 ], [ -71.328608631999899, -29.515017392999901 ], [ -71.328615592999896, -29.515086559999901 ], [ -71.328640607999901, -29.515201522 ], [ -71.328684561, -29.515243734 ], [ -71.328724065999893, -29.515251318 ], [ -71.328882835999906, -29.515257324999901 ], [ -71.328920197999906, -29.515251673 ], [ -71.329043586999902, -29.515211943999901 ], [ -71.329087581, -29.515207170999901 ], [ -71.329131412, -29.515233001 ], [ -71.32913934, -29.515250938999898 ], [ -71.329124275, -29.515293203999899 ], [ -71.329091695, -29.515336037999901 ], [ -71.3290418079999, -29.515376187 ], [ -71.329006496, -29.515421235 ], [ -71.328950596, -29.515566421 ], [ -71.328928086, -29.5156046009999 ], [ -71.328897293, -29.515637677 ], [ -71.328824347, -29.5156826649999 ], [ -71.328677974999906, -29.515736019 ], [ -71.328568727999894, -29.515786142 ], [ -71.328499541, -29.515826278 ], [ -71.328441799, -29.515878207 ], [ -71.328412724, -29.515917849999902 ], [ -71.328390012999904, -29.515966334 ], [ -71.328291887, -29.51623467 ], [ -71.328300070999902, -29.516283460999901 ], [ -71.328338332, -29.516331228 ], [ -71.328416370999904, -29.516371884 ], [ -71.32855211, -29.516395851 ], [ -71.328619701, -29.516418125 ], [ -71.328643718, -29.516434013 ], [ -71.328668606999898, -29.516463891999901 ], [ -71.328679182, -29.516494866 ], [ -71.32867426, -29.51655629 ], [ -71.328622205, -29.516758008999901 ], [ -71.328572273, -29.516845684 ], [ -71.32850661, -29.516913660999901 ], [ -71.328477823, -29.516957165 ], [ -71.328397171999896, -29.517185428999898 ], [ -71.32839061, -29.517273304 ], [ -71.328406770999905, -29.517414947 ], [ -71.328419205, -29.5174678509999 ], [ -71.328436173999904, -29.517497754 ], [ -71.328480192, -29.517545039 ], [ -71.328597761, -29.517608010999901 ], [ -71.328649538, -29.517643713 ], [ -71.32874967, -29.517770530999901 ], [ -71.328800080999898, -29.517812958 ], [ -71.328847937, -29.51784185 ], [ -71.328887607999903, -29.517859472999898 ], [ -71.328951543999906, -29.517870016 ], [ -71.329122132999899, -29.517850060999901 ], [ -71.329169309, -29.517852368 ], [ -71.329199232999898, -29.517865651 ], [ -71.329221533999899, -29.5178905339999 ], [ -71.329229649, -29.517903426 ], [ -71.329225473, -29.5179451549999 ], [ -71.329150368999905, -29.5180826819999 ], [ -71.329156155, -29.51812985 ], [ -71.329200058, -29.518175804 ], [ -71.329288342, -29.5182227519999 ], [ -71.32934606, -29.518262695 ], [ -71.329382482, -29.51830978 ], [ -71.329397483, -29.518359734999901 ], [ -71.3294070379999, -29.518536288999901 ], [ -71.329427103999905, -29.518669955 ], [ -71.329442139, -29.51871584 ], [ -71.329477213, -29.518757055 ], [ -71.329495235, -29.518767305 ], [ -71.329536710999903, -29.518771172 ], [ -71.329591649, -29.518763081 ], [ -71.329847334, -29.518663977 ], [ -71.329949556, -29.518650008 ], [ -71.330023185, -29.518659177 ], [ -71.330201111, -29.518701645 ], [ -71.330266716, -29.518702458 ], [ -71.330437735, -29.518677069 ], [ -71.330608335, -29.5187046799999 ], [ -71.330669266, -29.518695244 ], [ -71.330806170999907, -29.518653234999899 ], [ -71.330895851, -29.518649152 ], [ -71.330940531, -29.518659761 ], [ -71.330960779, -29.518676909 ], [ -71.330984412, -29.518715554 ], [ -71.330987426, -29.518752314 ], [ -71.330978258999906, -29.518856211 ], [ -71.330939765, -29.518966475 ], [ -71.330884523999899, -29.519079599 ], [ -71.330852852, -29.519124863999899 ], [ -71.330807649999898, -29.519169403 ], [ -71.330695041999903, -29.519256711 ], [ -71.330325495, -29.519494611 ], [ -71.330268078, -29.519517892 ], [ -71.330068390999898, -29.5195728539999 ], [ -71.329969223, -29.5196165209999 ], [ -71.329838212, -29.519733297 ], [ -71.329739697, -29.519796762999899 ], [ -71.329713177, -29.519831166 ], [ -71.329707737, -29.519847393 ], [ -71.329717533, -29.519886721 ], [ -71.329767879, -29.519932303 ], [ -71.329975358999903, -29.520020315999901 ], [ -71.330031656999907, -29.520029902 ], [ -71.330235111, -29.520035102999898 ], [ -71.330286589, -29.520045116999899 ], [ -71.330336387, -29.520066808 ], [ -71.330368835999906, -29.520110751999901 ], [ -71.330380869, -29.520158615 ], [ -71.330381221, -29.520203852999899 ], [ -71.330357132999893, -29.5202864849999 ], [ -71.330319206999903, -29.520348623 ], [ -71.330270951, -29.520389001 ], [ -71.330045439999907, -29.520523732 ], [ -71.329936287, -29.520598446999902 ], [ -71.329770681, -29.5206844739999 ], [ -71.329585441999896, -29.520803131 ], [ -71.329317369, -29.520945884 ], [ -71.329200274, -29.520982632 ], [ -71.329027261, -29.520996411999899 ], [ -71.328797574, -29.5210330849999 ], [ -71.328730467, -29.521057476 ], [ -71.328685123999904, -29.521101847 ], [ -71.328662871999896, -29.521170680999901 ], [ -71.328662655, -29.521195093 ], [ -71.328677329999906, -29.521237629 ], [ -71.328733145999905, -29.521266999 ], [ -71.328820127, -29.521286696999901 ], [ -71.328864016999901, -29.5213064819999 ], [ -71.328887224, -29.521329369999901 ], [ -71.328897065, -29.521375443999901 ], [ -71.328889623999899, -29.5214185039999 ], [ -71.328843348, -29.521553981999901 ], [ -71.328845529, -29.521667532 ], [ -71.328825954, -29.521728804 ], [ -71.328773175, -29.521776352 ], [ -71.328614125999906, -29.521868825 ], [ -71.328588172, -29.5219042209999 ], [ -71.328591778, -29.521959328 ], [ -71.328682037, -29.5220845539999 ], [ -71.328699139, -29.522156154 ], [ -71.32869063, -29.522223343999901 ], [ -71.328650963, -29.522360802 ], [ -71.328629765, -29.522503432 ], [ -71.32859551, -29.52256348 ], [ -71.328461419999897, -29.522680554 ], [ -71.328426427999901, -29.5227224019999 ], [ -71.328311363999902, -29.522888528 ], [ -71.328191224, -29.523041196 ], [ -71.328121490999905, -29.523197941 ], [ -71.328010787, -29.523356344 ], [ -71.328003474999903, -29.523433164 ], [ -71.328013997, -29.523594228 ], [ -71.328030667999897, -29.523622411 ], [ -71.328056891999907, -29.523643865999901 ], [ -71.328193193999894, -29.523697458 ], [ -71.328241269, -29.523726933 ], [ -71.32825838, -29.523758459 ], [ -71.328264119, -29.523856576999901 ], [ -71.328278982, -29.523896677 ], [ -71.328341286, -29.5239458849999 ], [ -71.328366232999898, -29.523989736 ], [ -71.328383721, -29.524138028 ], [ -71.328414059, -29.524211852999901 ], [ -71.32846141, -29.524260173 ], [ -71.328642182, -29.524336062 ], [ -71.328664249, -29.524351522 ], [ -71.3286924, -29.524391362 ], [ -71.328679511, -29.524442022999899 ], [ -71.328641468999905, -29.5245031709999 ], [ -71.328610796, -29.5245704119999 ], [ -71.328574096999901, -29.524685963 ], [ -71.328458551, -29.524884404 ], [ -71.328439202, -29.524933857999901 ], [ -71.328372206, -29.525189651999899 ], [ -71.328337392, -29.525399276 ], [ -71.328343952, -29.525447847 ], [ -71.328380670999906, -29.525522167 ], [ -71.328410767, -29.5255613419999 ], [ -71.328507507, -29.525654357999901 ], [ -71.328585601, -29.525792999 ], [ -71.32858758, -29.525837680999899 ], [ -71.328553939, -29.525881684999899 ], [ -71.328448872, -29.525972415999899 ], [ -71.328419272, -29.526021242 ], [ -71.328413605, -29.526062673999899 ], [ -71.32842822, -29.5261193269999 ], [ -71.328460349999901, -29.5261744909999 ], [ -71.328525524, -29.526240929 ], [ -71.328629744999901, -29.5263244389999 ], [ -71.328659194999901, -29.5263711969999 ], [ -71.328661359, -29.52639561 ], [ -71.32865185, -29.526432797 ], [ -71.328570409999898, -29.52655472 ], [ -71.328556827999904, -29.526594628999899 ], [ -71.328557781, -29.526683519999899 ], [ -71.328576132, -29.526759453 ], [ -71.328612962, -29.526827895999901 ], [ -71.328660753999898, -29.526870787 ], [ -71.328822241999902, -29.526939634 ], [ -71.328868919999906, -29.526965011 ], [ -71.328906926999906, -29.526996102999899 ], [ -71.328938689, -29.527050153999902 ], [ -71.32894212, -29.527077624 ], [ -71.328928504, -29.5271384989999 ], [ -71.328902103, -29.5271895079999 ], [ -71.328670808, -29.527503558 ], [ -71.328592759999907, -29.5276319499999 ], [ -71.328570026, -29.527681254999901 ], [ -71.328559175999899, -29.527722599 ], [ -71.328561725, -29.5277411349999 ], [ -71.328573924999901, -29.527768549 ], [ -71.328600072, -29.52779283 ], [ -71.328733611, -29.527868101 ], [ -71.32879116, -29.527913031 ], [ -71.328830075, -29.527955197 ], [ -71.328916689, -29.5280865779999 ], [ -71.32892879, -29.528127851 ], [ -71.328922475999903, -29.528172475 ], [ -71.328873066, -29.528227831 ], [ -71.328811485, -29.528260846 ], [ -71.328747554999893, -29.528277983 ], [ -71.328502241, -29.528310142999899 ], [ -71.328103971, -29.528449647999899 ], [ -71.327899144, -29.528561110999899 ], [ -71.327651435999897, -29.5286284979999 ], [ -71.32746933, -29.528738087 ], [ -71.3271858909999, -29.528843670999901 ], [ -71.327035779, -29.528910395 ], [ -71.326977891, -29.528946097 ], [ -71.326757749, -29.529120059 ], [ -71.326686853, -29.529196184999901 ], [ -71.326564585, -29.529308219 ], [ -71.326479908, -29.529421012999901 ], [ -71.326337855, -29.529700431 ], [ -71.326323800999901, -29.529755469 ], [ -71.326313552, -29.529862814999898 ], [ -71.326298665, -29.529911925 ], [ -71.326268039999903, -29.529947856 ], [ -71.32613523, -29.5300403009999 ], [ -71.326030751, -29.530147934 ], [ -71.325988494999905, -29.530243857 ], [ -71.325980165, -29.530343663999901 ], [ -71.325993244, -29.530398547999901 ], [ -71.326083228, -29.53060942 ], [ -71.32612067, -29.530673408 ], [ -71.326181183999907, -29.530746687 ], [ -71.326295891, -29.530822687 ], [ -71.326433427, -29.5309266699999 ], [ -71.326494865, -29.530938256999899 ], [ -71.326637859, -29.530949926999899 ], [ -71.326704935999899, -29.530965473 ], [ -71.326753492, -29.531015114 ], [ -71.326763678, -29.531078495 ], [ -71.326758798999904, -29.531121445999901 ], [ -71.326737124, -29.531179434 ], [ -71.326695778, -29.531244743999899 ], [ -71.326614699999894, -29.531331666 ], [ -71.3265708549999, -29.531360526 ], [ -71.326496999, -29.531390369999901 ], [ -71.3261411, -29.531489903 ], [ -71.326084951, -29.531523029 ], [ -71.326058319, -29.531558979 ], [ -71.326043887, -29.531599191999899 ], [ -71.326016976999895, -29.531720494 ], [ -71.325974609, -29.531856789 ], [ -71.325974707999904, -29.531903020999899 ], [ -71.32598984, -29.531931915 ], [ -71.326027736, -29.531963364 ], [ -71.326113102, -29.531971067 ], [ -71.326238245, -29.531950725999899 ], [ -71.326256271, -29.531951385 ], [ -71.326272735, -29.531963818999898 ], [ -71.326283923999895, -29.532007881 ], [ -71.326266383, -29.532138559 ], [ -71.326272489, -29.532207139 ], [ -71.326310847999906, -29.532338023 ], [ -71.326336533, -29.532460602999901 ], [ -71.326397262999905, -29.532590162 ], [ -71.326428687, -29.53272742 ], [ -71.326492741, -29.532773972 ], [ -71.326563284, -29.532781795999899 ], [ -71.326614607, -29.532773185999901 ], [ -71.326750107999899, -29.5327281359999 ], [ -71.326796841, -29.532723491999899 ], [ -71.326835793, -29.532748524999899 ], [ -71.326847223, -29.532769688 ], [ -71.326850774, -29.532812916 ], [ -71.326841629999905, -29.532866193 ], [ -71.326818220999897, -29.532908115999899 ], [ -71.326785526, -29.532944610999898 ], [ -71.326656611, -29.533040862 ], [ -71.326547392999899, -29.533133975999899 ], [ -71.326473141, -29.5332173259999 ], [ -71.3264366289999, -29.5332731 ], [ -71.326423893, -29.53331939 ], [ -71.326440622, -29.533441603 ], [ -71.326435086999894, -29.533495690999899 ], [ -71.326366126, -29.533674185999899 ], [ -71.326346626, -29.5338135659999 ], [ -71.326329481, -29.5338564219999 ], [ -71.326301567, -29.5338872 ], [ -71.326251544999906, -29.533914905 ], [ -71.32611542, -29.533958497 ], [ -71.326031876999906, -29.533977213 ], [ -71.325897245, -29.533991279 ], [ -71.325848661999899, -29.534012904 ], [ -71.325762007, -29.5340706819999 ], [ -71.325622922, -29.534146882 ], [ -71.325575592999897, -29.534183363 ], [ -71.325452009999907, -29.53431495 ], [ -71.325326528999895, -29.534483818999899 ], [ -71.325229139, -29.534586953 ], [ -71.325180561, -29.534627305 ], [ -71.325129558, -29.5346505209999 ], [ -71.325011883999906, -29.534682969 ], [ -71.324839885, -29.534743486 ], [ -71.324811933, -29.53475535 ], [ -71.324763386, -29.534796759 ], [ -71.324743482, -29.534845361999899 ], [ -71.324718640999905, -29.534974867 ], [ -71.324681211, -29.535064979 ], [ -71.324534392, -29.535287866 ], [ -71.32449078, -29.535336214 ], [ -71.324361258, -29.5354071359999 ], [ -71.324287211999902, -29.535474706999899 ], [ -71.324222926999894, -29.535562537 ], [ -71.32413704, -29.535702644 ], [ -71.323999139, -29.535879685999902 ], [ -71.323920901999898, -29.536057996999901 ], [ -71.323875336, -29.536192761999899 ], [ -71.3237952059999, -29.536331681 ], [ -71.323776064999905, -29.536379839999899 ], [ -71.323773951, -29.536423584 ], [ -71.323812983, -29.536563424999901 ], [ -71.323808681999907, -29.536742261 ], [ -71.323839156, -29.536960871 ], [ -71.323842173999907, -29.537119948999901 ], [ -71.323860561999894, -29.537266680999899 ], [ -71.323869614, -29.537469428999898 ], [ -71.323891887999906, -29.537573799 ], [ -71.324134874, -29.538070183999899 ], [ -71.324212017, -29.538270433 ], [ -71.324332125, -29.538512206999901 ], [ -71.324362998, -29.538559285 ], [ -71.324471509, -29.538678962999899 ], [ -71.324557496, -29.538815054999901 ], [ -71.324674623, -29.538944245 ], [ -71.324699542, -29.538990105 ], [ -71.324784878999907, -29.539235259999899 ], [ -71.324848633, -29.539492187999901 ], [ -71.324855814, -29.53956668 ], [ -71.32485056, -29.539626864 ], [ -71.324805943999905, -29.539762228 ], [ -71.324794251999904, -29.539826881 ], [ -71.324810118999906, -29.539891613 ], [ -71.324853452999903, -29.5399845439999 ], [ -71.324895151, -29.5401496809999 ], [ -71.324898345999898, -29.540195793 ], [ -71.32488224, -29.540298059999898 ], [ -71.324841407999898, -29.540435057 ], [ -71.324832097, -29.540588777 ], [ -71.324811032999904, -29.540656366999901 ], [ -71.324742833999906, -29.5407921679999 ], [ -71.324641307, -29.540924424 ], [ -71.324622007999906, -29.540959691999898 ], [ -71.32459848, -29.541080388999902 ], [ -71.324530599, -29.541203223 ], [ -71.324523273999901, -29.541248126 ], [ -71.324537394999894, -29.541288295999902 ], [ -71.324604897, -29.541379525 ], [ -71.324746417, -29.541694360999902 ], [ -71.324768589, -29.541751787 ], [ -71.324811542, -29.5419191189999 ], [ -71.324833449, -29.541963232999901 ], [ -71.324867984, -29.542016916 ], [ -71.324995728, -29.542144741999898 ], [ -71.325027833, -29.5422208869999 ], [ -71.325102704999907, -29.542729001999898 ], [ -71.325103599, -29.542910618999901 ], [ -71.325137594999902, -29.543060609 ], [ -71.325127903, -29.5431364149999 ], [ -71.325083902, -29.543181791999899 ], [ -71.325029735, -29.543185735 ], [ -71.324860845, -29.543166586 ], [ -71.324633176, -29.543181315 ], [ -71.324542865999902, -29.5432067099999 ], [ -71.324432747999893, -29.543254562 ], [ -71.32436396, -29.543274138999902 ], [ -71.324289553, -29.543285688 ], [ -71.324135924, -29.543293022999901 ], [ -71.324088613999905, -29.543313621 ], [ -71.324081475999904, -29.543345299999899 ], [ -71.3240825889999, -29.543361455 ], [ -71.32411108, -29.543403817999899 ], [ -71.324160143, -29.543448608999899 ], [ -71.324226056, -29.543495837 ], [ -71.324451685, -29.543632038999899 ], [ -71.324513265, -29.5436806169999 ], [ -71.324587489, -29.543766424999902 ], [ -71.324598725, -29.543805932999899 ], [ -71.324635476, -29.544047663 ], [ -71.324642352, -29.544142957 ], [ -71.324637002, -29.544179281 ], [ -71.324611981, -29.544217483999901 ], [ -71.324553296, -29.5442597649999 ], [ -71.324479719, -29.54429556 ], [ -71.324382419, -29.544328713 ], [ -71.324353646, -29.5443449119999 ], [ -71.324347459, -29.544355599 ], [ -71.324349272999896, -29.544399590999902 ], [ -71.324403482, -29.544534383 ], [ -71.324412718, -29.544590657 ], [ -71.324399115999896, -29.544655507999899 ], [ -71.324331963, -29.5448212659999 ], [ -71.324331012, -29.544865393999899 ], [ -71.324356839, -29.544925626 ], [ -71.324474408, -29.545028412 ], [ -71.324516000999907, -29.545076695 ], [ -71.324539412, -29.545118451 ], [ -71.324583392, -29.545253107 ], [ -71.32467253, -29.5454215 ], [ -71.324717075, -29.545444957 ], [ -71.324834806, -29.545456362 ], [ -71.324903499, -29.545471663999901 ], [ -71.324947519, -29.545497892999901 ], [ -71.324973902, -29.545522541 ], [ -71.325039852, -29.545631527999898 ], [ -71.325140115, -29.545751408999902 ], [ -71.325268837, -29.545975247999898 ], [ -71.325311657, -29.546035274 ], [ -71.325563874, -29.5462837749999 ], [ -71.325698608, -29.5463754909999 ], [ -71.325792266999898, -29.546461972 ], [ -71.325932109, -29.546638684 ], [ -71.326016024, -29.546733005 ], [ -71.326045483, -29.546783080999901 ], [ -71.326085319, -29.546919815 ], [ -71.32611165, -29.546963305 ], [ -71.326167644999899, -29.547024838 ], [ -71.326206485999904, -29.547083853999901 ], [ -71.326257773, -29.547236181 ], [ -71.326383988, -29.547415105 ], [ -71.326467282, -29.547594174 ], [ -71.326568913, -29.547708172999901 ], [ -71.326686351, -29.547910809 ], [ -71.326681736999902, -29.548047717 ], [ -71.326696429, -29.548092472 ], [ -71.326785167, -29.548275364999899 ], [ -71.326805099999902, -29.548377247 ], [ -71.326806051999895, -29.548468488 ], [ -71.32678385, -29.5486166049999 ], [ -71.326799125, -29.548779753 ], [ -71.326785063, -29.548908901999901 ], [ -71.326789382999905, -29.548951051 ], [ -71.326843134999905, -29.549125912 ], [ -71.326855509, -29.549191569999898 ], [ -71.326858560999895, -29.549667585 ], [ -71.3268662629999, -29.549739081 ], [ -71.326882742999899, -29.5498042729999 ], [ -71.326921826, -29.549893685 ], [ -71.327044099, -29.550097974 ], [ -71.327123844, -29.550385155999901 ], [ -71.327124662, -29.550476572 ], [ -71.327100133, -29.550619748 ], [ -71.327087452999905, -29.550750197 ], [ -71.327095228, -29.550978181999898 ], [ -71.327079695, -29.551128589 ], [ -71.327090384, -29.551203588 ], [ -71.327198074, -29.55140834 ], [ -71.327293606999902, -29.551560558999899 ], [ -71.3273403379999, -29.551696315999902 ], [ -71.327384279999904, -29.551757683999899 ], [ -71.327513689999904, -29.551874009999899 ], [ -71.327548535999895, -29.551916096 ], [ -71.32757342, -29.5519640219999 ], [ -71.327616683, -29.552098907999898 ], [ -71.327649532999899, -29.552171078999901 ], [ -71.327833077, -29.552434972999901 ], [ -71.327899297, -29.552505702 ], [ -71.328149566, -29.5526983039999 ], [ -71.328204704, -29.552735202 ], [ -71.328260945999901, -29.55275861 ], [ -71.328530407, -29.552802219999901 ], [ -71.328821276, -29.552889257999901 ], [ -71.328972295, -29.552923912 ], [ -71.329065829999905, -29.552928779 ], [ -71.329233852999906, -29.552906422 ], [ -71.329318246, -29.552911665 ], [ -71.329457506, -29.5529449819999 ], [ -71.329723166, -29.5530329119999 ], [ -71.329799446, -29.553087482 ], [ -71.329902299, -29.553208071 ], [ -71.329948574999904, -29.553243849 ], [ -71.329997502, -29.5532621629999 ], [ -71.330129327999899, -29.553271471 ], [ -71.330168108999899, -29.553297065 ], [ -71.330183433999906, -29.5533170379999 ], [ -71.330213519, -29.55340777 ], [ -71.330262445999907, -29.553451059999901 ], [ -71.330329751, -29.55347367 ], [ -71.330447993, -29.553490611 ], [ -71.330491182999907, -29.553511490999899 ], [ -71.330509073, -29.553540671999901 ], [ -71.330514364, -29.553588578 ], [ -71.3304975839999, -29.553644812 ], [ -71.330439403, -29.553762333999899 ], [ -71.330437398999905, -29.553814934999899 ], [ -71.330487542999904, -29.553864953 ], [ -71.330555625, -29.5538802199999 ], [ -71.330715585, -29.553899799 ], [ -71.330754893999895, -29.553931231 ], [ -71.330806737, -29.554013647 ], [ -71.330852520999898, -29.554028710999901 ], [ -71.330943875999907, -29.554026348 ], [ -71.330986594, -29.554032205999899 ], [ -71.331031322999905, -29.554056148 ], [ -71.331118902, -29.55412129 ], [ -71.331234702, -29.554155291 ], [ -71.331378991, -29.554213651999898 ], [ -71.331428869, -29.554223888 ], [ -71.331564000999904, -29.554226413 ], [ -71.331613875999906, -29.554218509 ], [ -71.331721640999902, -29.5541861039999 ], [ -71.331846419, -29.554167032 ], [ -71.331956654, -29.55417355 ], [ -71.332242852, -29.554280048 ], [ -71.332318094, -29.554293429 ], [ -71.332456446, -29.554298912 ], [ -71.332651874, -29.554353342999899 ], [ -71.332691413, -29.554377304 ], [ -71.332709886, -29.554398752999901 ], [ -71.332716056, -29.554441946999901 ], [ -71.332684474, -29.554491345 ], [ -71.332549892, -29.554569866999898 ], [ -71.332507797999895, -29.5546147599999 ], [ -71.33250595, -29.5546281539999 ], [ -71.332530315, -29.554672808 ], [ -71.33261655, -29.554761244 ], [ -71.332634401999897, -29.5548055789999 ], [ -71.332635749, -29.554831513 ], [ -71.332619635, -29.554891917 ], [ -71.332596982, -29.554928565999901 ], [ -71.332575139, -29.554952482 ], [ -71.332520137999893, -29.554988104 ], [ -71.332427377, -29.555030961999901 ], [ -71.332318862, -29.55506237 ], [ -71.33225325, -29.555072223 ], [ -71.332033506999906, -29.555081244999901 ], [ -71.331950083, -29.555092951999899 ], [ -71.331771278, -29.555139832 ], [ -71.331404585, -29.55521887 ], [ -71.331294161999907, -29.555251475 ], [ -71.331246378999893, -29.555291622 ], [ -71.331203236, -29.555380284 ], [ -71.331209168, -29.555414291 ], [ -71.331249215, -29.555465091 ], [ -71.331393348999896, -29.555586411 ], [ -71.331485765, -29.555706868999899 ], [ -71.331523505999897, -29.555778991 ], [ -71.331531245999898, -29.555808657999901 ], [ -71.3315300739999, -29.555847871 ], [ -71.331515584, -29.555874504 ], [ -71.331492555999901, -29.55589703 ], [ -71.331433099, -29.555929958 ], [ -71.331304589999903, -29.555968231999898 ], [ -71.331261551, -29.555972229 ], [ -71.331214373, -29.555966515 ], [ -71.331119526999899, -29.5559276339999 ], [ -71.331081385999894, -29.555922105 ], [ -71.331029739, -29.555951974 ], [ -71.330939571, -29.556021551999901 ], [ -71.330888012999907, -29.556029980999899 ], [ -71.3308470919999, -29.556025199 ], [ -71.330803989999893, -29.556009190999902 ], [ -71.330760856, -29.555983029999901 ], [ -71.330720792, -29.555944490999899 ], [ -71.330666094, -29.555872555 ], [ -71.330637135, -29.555811954 ], [ -71.330604068, -29.555707520999899 ], [ -71.330590221, -29.555631323999901 ], [ -71.330594532, -29.555544068 ], [ -71.330654091, -29.555391416 ], [ -71.330663430999905, -29.555349964 ], [ -71.330656432999902, -29.555331219 ], [ -71.330621506999904, -29.555291811 ], [ -71.330417084, -29.555122492 ], [ -71.330373564999903, -29.555075863 ], [ -71.330335581, -29.555010766999899 ], [ -71.330305962, -29.554881103 ], [ -71.330243125, -29.554758246999899 ], [ -71.330209351999898, -29.554707402 ], [ -71.330152288, -29.554670127999898 ], [ -71.330116610999895, -29.554664504999899 ], [ -71.330046136, -29.554667294999899 ], [ -71.329674392999905, -29.554714109 ], [ -71.32953474, -29.554716786 ], [ -71.329467826, -29.554724780999901 ], [ -71.329311453999907, -29.554764457 ], [ -71.329140423, -29.554837224 ], [ -71.329045706, -29.554868836 ], [ -71.328953084, -29.55489011 ], [ -71.328776488, -29.554915299999902 ], [ -71.328644803, -29.55497129 ], [ -71.328527283, -29.555003852 ], [ -71.328378782999906, -29.555028057999898 ], [ -71.328316377, -29.5550276 ], [ -71.328263418999896, -29.555014889999899 ], [ -71.328208498, -29.554986917999901 ], [ -71.328161866999906, -29.554943705 ], [ -71.328100386999907, -29.554869516999901 ], [ -71.328051812, -29.554827582 ], [ -71.327853267, -29.554714545 ], [ -71.327648155, -29.554558664 ], [ -71.327379640999894, -29.554407097 ], [ -71.327311698999907, -29.554375961999899 ], [ -71.327237254, -29.554358314 ], [ -71.327148308999895, -29.554359755999901 ], [ -71.327043715999906, -29.554380551999898 ], [ -71.326986526, -29.55440916 ], [ -71.326933875, -29.554448213999901 ], [ -71.326861376999901, -29.554489239 ], [ -71.326792597, -29.554508014 ], [ -71.326615918, -29.554535544 ], [ -71.326518269, -29.554575278 ], [ -71.326435752999899, -29.554626298 ], [ -71.326317299, -29.554714181 ], [ -71.326220812, -29.5548470059999 ], [ -71.326072430999901, -29.555004142 ], [ -71.326028854999905, -29.5550305739999 ], [ -71.325907318, -29.5550386359999 ], [ -71.325868166, -29.555048099 ], [ -71.325807671, -29.555079179 ], [ -71.325757755, -29.55512005 ], [ -71.325677738, -29.555206938 ], [ -71.3255558, -29.555390696 ], [ -71.325354117, -29.555599340999901 ], [ -71.325341098, -29.5556203259999 ], [ -71.325333284, -29.5556624499999 ], [ -71.325329737999894, -29.555795783 ], [ -71.325317677, -29.555855634999901 ], [ -71.325279043, -29.555929549 ], [ -71.325097773, -29.556199719999899 ], [ -71.325043461999897, -29.556331841 ], [ -71.325032611, -29.556387802 ], [ -71.325040096999899, -29.556426296 ], [ -71.325095685999898, -29.556514681 ], [ -71.325106413999904, -29.556561799999901 ], [ -71.325107659, -29.556631431 ], [ -71.325095129, -29.556783660999901 ], [ -71.325105913999906, -29.556855491 ], [ -71.325237245, -29.557191187999901 ], [ -71.32531331, -29.5574624129999 ], [ -71.32540117, -29.557610903 ], [ -71.325422258999893, -29.557667216 ], [ -71.325433722, -29.5577848 ], [ -71.325484241, -29.558056748999899 ], [ -71.325486209, -29.558101837 ], [ -71.325469733, -29.558234457 ], [ -71.325482958, -29.558264865999899 ], [ -71.325496954, -29.558276179 ], [ -71.325619156999906, -29.5582888009999 ], [ -71.325760790999894, -29.558275581 ], [ -71.325970089999899, -29.558223133999899 ], [ -71.326076467999897, -29.558223424999898 ], [ -71.326119376, -29.558246079999901 ], [ -71.326144094, -29.558273445999902 ], [ -71.326170931, -29.558318054 ], [ -71.32617956, -29.558359922 ], [ -71.326162768, -29.55840828 ], [ -71.326117517999904, -29.558453415 ], [ -71.325916155999906, -29.558590106999901 ], [ -71.325863399999903, -29.5586337569999 ], [ -71.325859134, -29.558650121 ], [ -71.325864591, -29.558680708999901 ], [ -71.325882705, -29.558712372999899 ], [ -71.325986583, -29.558831171999898 ], [ -71.326033465, -29.558903891999901 ], [ -71.326041474, -29.558944809 ], [ -71.326038809, -29.558990013 ], [ -71.326022862999906, -29.559045355 ], [ -71.325995666, -29.5590995599999 ], [ -71.325956326, -29.559148098 ], [ -71.325891871, -29.559193587 ], [ -71.325693125, -29.559266508999901 ], [ -71.325596178999902, -29.55931056 ], [ -71.325547652, -29.559354511 ], [ -71.325529043, -29.559394894 ], [ -71.325528967, -29.5594458039999 ], [ -71.325537595999904, -29.5594582639999 ], [ -71.32555913, -29.559484949 ], [ -71.325662075, -29.559567376 ], [ -71.325713944, -29.559625705 ], [ -71.3257240249999, -29.559664154 ], [ -71.325714308, -29.559717521 ], [ -71.325678315999895, -29.559772318999901 ], [ -71.325636145, -29.559819064 ], [ -71.325537177999905, -29.5599003949999 ], [ -71.325310617, -29.560110000999899 ], [ -71.325199859, -29.560167086 ], [ -71.324941096, -29.560262151 ], [ -71.324877724, -29.560276585999901 ], [ -71.324810054, -29.560267688 ], [ -71.324733742, -29.560217024999901 ], [ -71.32458882, -29.560092179 ], [ -71.324543478, -29.560064302999901 ], [ -71.324529747, -29.560065661 ], [ -71.324498499, -29.560112366999899 ], [ -71.324472027999903, -29.560210680999901 ], [ -71.324442393, -29.560287247 ], [ -71.324437045, -29.560329235 ], [ -71.32443968, -29.560348487999899 ], [ -71.324468759999903, -29.56039341 ], [ -71.32456151, -29.56048665 ], [ -71.324581745, -29.560515361999901 ], [ -71.324588566, -29.560526454 ], [ -71.324584989999906, -29.5605663599999 ], [ -71.324463962, -29.560766669 ], [ -71.324422843, -29.560813455999899 ], [ -71.324359057, -29.5608579949999 ], [ -71.324279664, -29.560893263 ], [ -71.324224845999893, -29.560906842999898 ], [ -71.324160171, -29.560912637999898 ], [ -71.324022446999905, -29.56090893 ], [ -71.323785235999907, -29.560845296 ], [ -71.323693517, -29.560845609 ], [ -71.323659297999896, -29.560860778999899 ], [ -71.323636144, -29.560882899 ], [ -71.323628745999898, -29.560915595 ], [ -71.323638807999899, -29.560960464999901 ], [ -71.323688111, -29.561029295 ], [ -71.323807296, -29.561115906999898 ], [ -71.323816116, -29.561146126 ], [ -71.323811089999893, -29.561159566999901 ], [ -71.323720986999902, -29.561197073999899 ], [ -71.323521896, -29.561259401 ], [ -71.323460371, -29.561272179 ], [ -71.32341607, -29.561274174999902 ], [ -71.323321613, -29.561264061 ], [ -71.32314346, -29.561220465 ], [ -71.3229924299999, -29.561248616999901 ], [ -71.322922085999906, -29.561278493 ], [ -71.32289088, -29.561312092 ], [ -71.322851599, -29.561382599999899 ], [ -71.322812386, -29.561429247 ], [ -71.32274534, -29.561478205999901 ], [ -71.3226037969999, -29.5615629069999 ], [ -71.322562423, -29.561598454 ], [ -71.322421366999905, -29.561740773999901 ], [ -71.322356903, -29.561833502 ], [ -71.322262659, -29.561895499999899 ], [ -71.322168227, -29.561982456 ], [ -71.322063489999906, -29.562058823 ], [ -71.3220161039999, -29.562101471999899 ], [ -71.321909921, -29.5622220929999 ], [ -71.321740957, -29.562323052999901 ], [ -71.321626679, -29.562417352 ], [ -71.321477549999898, -29.562620302 ], [ -71.321435161999901, -29.562693117 ], [ -71.321415126, -29.562759711999899 ], [ -71.321429598999899, -29.562967297999901 ], [ -71.321397399, -29.563155138 ], [ -71.321393074999904, -29.563313732 ], [ -71.321321973, -29.5635470779999 ], [ -71.321317338, -29.563590178 ], [ -71.321321499, -29.563725763 ], [ -71.321296559, -29.563861678 ], [ -71.321341065999903, -29.563908431 ], [ -71.321455043, -29.563927521 ], [ -71.32147764, -29.563935856999901 ], [ -71.321495738, -29.563952139 ], [ -71.321504664, -29.5639961279999 ], [ -71.321484461, -29.564081146 ], [ -71.32148526, -29.564126406 ], [ -71.32153855, -29.564220103 ], [ -71.321549846, -29.564267050999899 ], [ -71.321524865, -29.564439005999901 ], [ -71.321541106, -29.5644913309999 ], [ -71.321579998999894, -29.564541366999901 ], [ -71.321641861, -29.564579371 ], [ -71.322003144, -29.564715555 ], [ -71.322047376999905, -29.564761124 ], [ -71.322075056999907, -29.564813047 ], [ -71.322120845, -29.564853672 ], [ -71.322195651999905, -29.564868518 ], [ -71.32246643, -29.564898594999899 ], [ -71.322659519, -29.564900045999899 ], [ -71.322734566, -29.564908891 ], [ -71.322815143999904, -29.56493167 ], [ -71.322920995999894, -29.564973696 ], [ -71.323019504999905, -29.565034812 ], [ -71.323037261, -29.565076912999899 ], [ -71.323026372, -29.565120233999899 ], [ -71.322968456999902, -29.565218175 ], [ -71.322923242999906, -29.565353006999899 ], [ -71.322855867, -29.5654855179999 ], [ -71.322848399, -29.565528972 ], [ -71.322865226, -29.565571385999899 ], [ -71.322902493, -29.565612906 ], [ -71.322964629, -29.56566405 ], [ -71.323096958, -29.565741987 ], [ -71.323139281, -29.565784417 ], [ -71.323164316, -29.565841061 ], [ -71.323180093, -29.565935168 ], [ -71.323209992, -29.565976997999901 ], [ -71.323298216999902, -29.566023919 ], [ -71.323575384, -29.566094485 ], [ -71.323613393, -29.566120413 ], [ -71.323640322999907, -29.5661589649999 ], [ -71.323641361999904, -29.566205383 ], [ -71.323611076, -29.566265807 ], [ -71.323566663999898, -29.566309023 ], [ -71.323353884, -29.566476219 ], [ -71.323311385, -29.566522210999899 ], [ -71.323289181999897, -29.5665605209999 ], [ -71.323277156999893, -29.566604319 ], [ -71.323286767999903, -29.566692272999902 ], [ -71.323284547, -29.566752212 ], [ -71.323232714, -29.566876705 ], [ -71.323231285, -29.566925845 ], [ -71.323294663999903, -29.567019952 ], [ -71.323336573999896, -29.567065322 ], [ -71.323387439, -29.567105988 ], [ -71.323470914, -29.567153124999901 ], [ -71.323775563, -29.567273251 ], [ -71.32390889, -29.567353549 ], [ -71.323977487, -29.567424117 ], [ -71.324001067, -29.5674653949999 ], [ -71.324010547999904, -29.567503885999901 ], [ -71.324011559, -29.567550535 ], [ -71.32400103, -29.567600886 ], [ -71.32396099, -29.567685504999901 ], [ -71.323914266, -29.5677390829999 ], [ -71.323849243, -29.567781859 ], [ -71.323702604999895, -29.567838332999901 ], [ -71.323544122, -29.5678771729999 ], [ -71.323455848, -29.567883822999899 ], [ -71.323316667, -29.567871957 ], [ -71.323249954999895, -29.567880445 ], [ -71.323181205, -29.567908976 ], [ -71.323056563, -29.567990736999899 ], [ -71.323028211999898, -29.568025927999901 ], [ -71.323023776999904, -29.568049732 ], [ -71.323030361999898, -29.568072128 ], [ -71.323059315, -29.568112309999901 ], [ -71.323131448, -29.5681830619999 ], [ -71.323150803, -29.568227641 ], [ -71.32313512, -29.568279961 ], [ -71.323104816, -29.568317108 ], [ -71.322967761, -29.568446095 ], [ -71.322883299, -29.56849891 ], [ -71.322788691, -29.568537546999899 ], [ -71.322670767, -29.568567593 ], [ -71.322606183999895, -29.568593424 ], [ -71.322371868999895, -29.568721938 ], [ -71.322330754999896, -29.568768677 ], [ -71.322330646, -29.56881784 ], [ -71.322421359, -29.568934682 ], [ -71.322476325, -29.569086361 ], [ -71.322562671, -29.5692228099999 ], [ -71.322582602999901, -29.569266744999901 ], [ -71.32259612, -29.569318372999899 ], [ -71.322609062, -29.569488976999899 ], [ -71.322654347, -29.5695843079999 ], [ -71.322745621, -29.569688524999901 ], [ -71.322853471, -29.569763669999901 ], [ -71.322945642, -29.569919717999898 ], [ -71.323017025999903, -29.570118997999899 ], [ -71.323053132, -29.570396881 ], [ -71.323059706, -29.570435785 ], [ -71.323142838, -29.570574542 ], [ -71.323191994, -29.5707531699999 ], [ -71.323202764, -29.57084001 ], [ -71.32319396, -29.5708958119999 ], [ -71.323173121, -29.570935947 ], [ -71.323146248999905, -29.570963375 ], [ -71.323108541, -29.570986376 ], [ -71.322923238, -29.571059375999901 ], [ -71.322784999, -29.5711392649999 ], [ -71.322555568, -29.571215846 ], [ -71.32239881, -29.571311716 ], [ -71.322289556, -29.571365543999899 ], [ -71.322155994, -29.571415633999901 ], [ -71.321798288, -29.571513422999899 ], [ -71.321719378, -29.571564260999899 ], [ -71.321686810999907, -29.5716127429999 ], [ -71.321618510999897, -29.571752570999902 ], [ -71.321536948, -29.571878645 ], [ -71.321521806, -29.571927378999899 ], [ -71.321510233, -29.5721064429999 ], [ -71.321467401999897, -29.572265866999899 ], [ -71.321405536, -29.5723872189999 ], [ -71.321329394, -29.572480018 ], [ -71.321075084, -29.572633676 ], [ -71.320993893, -29.5726892929999 ], [ -71.3209050789999, -29.572779679999901 ], [ -71.320869117, -29.572827345 ], [ -71.320857944999901, -29.572868179999901 ], [ -71.320872982, -29.5730086199999 ], [ -71.32086307, -29.5730718729999 ], [ -71.320803938, -29.573190125999901 ], [ -71.320731651, -29.573366611 ], [ -71.320672078, -29.573463832999899 ], [ -71.320594107, -29.573566062999902 ], [ -71.320524717999902, -29.57363177 ], [ -71.320444134999903, -29.573685221999899 ], [ -71.320205022, -29.5737757539999 ], [ -71.32015236, -29.573819505 ], [ -71.320083799, -29.573897071 ], [ -71.320037317, -29.573935552 ], [ -71.319859439, -29.574033144999898 ], [ -71.319801089, -29.574042538 ], [ -71.3196197729999, -29.574039769 ], [ -71.319570134999907, -29.574031862 ], [ -71.319452446999904, -29.573992145 ], [ -71.319388363, -29.573986526999899 ], [ -71.319354319, -29.57399437 ], [ -71.319183535, -29.574076234 ], [ -71.319124799999898, -29.574122538 ], [ -71.319027353, -29.574270058 ], [ -71.318973945, -29.574334052 ], [ -71.318866892, -29.574451422 ], [ -71.318795688, -29.57451321 ], [ -71.318710812999896, -29.574568921 ], [ -71.318621444, -29.57461527 ], [ -71.318419348, -29.574677703 ], [ -71.318328290999901, -29.574723712 ], [ -71.318296628, -29.574763307 ], [ -71.318275719, -29.57480514 ], [ -71.318258973999903, -29.574855925 ], [ -71.3182535669999, -29.574899339 ], [ -71.318231335, -29.575092667 ], [ -71.318186125999901, -29.575247331 ], [ -71.318129018, -29.575352027999902 ], [ -71.318052876, -29.575442446999901 ], [ -71.317948179, -29.5755090719999 ], [ -71.31785538, -29.5755947329999 ], [ -71.317800652999907, -29.575682773 ], [ -71.317728996, -29.575817222 ], [ -71.317706697999895, -29.575843466 ], [ -71.317647574, -29.575890430999898 ], [ -71.317560194999899, -29.575921181 ], [ -71.317394521, -29.575947961999901 ], [ -71.317327884, -29.575947454999898 ], [ -71.317199683, -29.575919007 ], [ -71.317060781, -29.575855437 ], [ -71.31700423, -29.575837893 ], [ -71.316840739, -29.5758331329999 ], [ -71.316694056999907, -29.575804072 ], [ -71.316518717, -29.575819027 ], [ -71.316431996999896, -29.575800086 ], [ -71.316385693, -29.575800208 ], [ -71.31629829, -29.575828483 ], [ -71.316174654999898, -29.575888881 ], [ -71.31611828, -29.575938038999901 ], [ -71.316060819, -29.576015598 ], [ -71.316037352, -29.576035889 ], [ -71.316002904999905, -29.576046923 ], [ -71.315933323, -29.576037590999899 ], [ -71.315781821, -29.575963408 ], [ -71.315723606999896, -29.575944294 ], [ -71.315677746999896, -29.575941106 ], [ -71.315623272, -29.5759666 ], [ -71.315530271999904, -29.576047673999899 ], [ -71.315485445, -29.576071046 ], [ -71.315435663, -29.576082744 ], [ -71.315362364, -29.5760730659999 ], [ -71.315260181, -29.576023974 ], [ -71.31516915, -29.576000909999902 ], [ -71.315124513999905, -29.576001979 ], [ -71.314997623, -29.5760240719999 ], [ -71.31480325, -29.576022995 ], [ -71.314760788999905, -29.576036116 ], [ -71.314722842, -29.5760608689999 ], [ -71.314624498999905, -29.5761568369999 ], [ -71.314598092, -29.576171318 ], [ -71.314558626999897, -29.576178129 ], [ -71.314493957, -29.576158764 ], [ -71.314405216, -29.576107384999901 ], [ -71.314222163999901, -29.576044404 ], [ -71.314074303, -29.575970256999899 ], [ -71.313947806, -29.575939201 ], [ -71.313864661, -29.575935989999898 ], [ -71.31373171, -29.575968035 ], [ -71.313681136999904, -29.575994344 ], [ -71.313637752, -29.576045123 ], [ -71.313593001999905, -29.576137765999899 ], [ -71.313565016, -29.576178795 ], [ -71.313540989, -29.576200345 ], [ -71.313500458, -29.5762207339999 ], [ -71.313323875, -29.57627789 ], [ -71.313174373, -29.576289108 ], [ -71.313036296999897, -29.576285921 ], [ -71.313003436, -29.576293012 ], [ -71.312965654, -29.576334306 ], [ -71.312907703999898, -29.576421061 ], [ -71.312821011, -29.5765154109999 ], [ -71.312747959, -29.576575928 ], [ -71.312696027999905, -29.576601937 ], [ -71.312618325999907, -29.576623094999899 ], [ -71.312349333, -29.576670928999899 ], [ -71.312193648999894, -29.5766724439999 ], [ -71.312129996, -29.576681927 ], [ -71.312015099999897, -29.576721167 ], [ -71.311969158999901, -29.576745270999901 ], [ -71.311946958, -29.57676794 ], [ -71.311928097, -29.576794871999901 ], [ -71.311864429, -29.57692932 ], [ -71.311864716999906, -29.577133882999899 ], [ -71.311813693, -29.5772875759999 ], [ -71.311780406, -29.5774262149999 ], [ -71.311679845999905, -29.577603391 ], [ -71.3115927059999, -29.577717467 ], [ -71.311562865, -29.577822989 ], [ -71.311547437999906, -29.5778538449999 ], [ -71.311499536, -29.5778977639999 ], [ -71.311358485, -29.577979904 ], [ -71.311331808, -29.578013707 ], [ -71.3113311769999, -29.5780593879999 ], [ -71.311377014, -29.578193821 ], [ -71.311386345, -29.578243299999901 ], [ -71.311369139, -29.578395556 ], [ -71.311318814999893, -29.578504081999899 ], [ -71.311306245, -29.578563957 ], [ -71.311311867, -29.578612227 ], [ -71.311344652999907, -29.578740195 ], [ -71.311349543999896, -29.578814216999898 ], [ -71.3113284249999, -29.578867261 ], [ -71.311239636, -29.578943743 ], [ -71.311223959, -29.578974259999899 ], [ -71.311222461999904, -29.579018321 ], [ -71.31125033, -29.5791345979999 ], [ -71.311252151, -29.579188055 ], [ -71.311240236999893, -29.579320083 ], [ -71.311238478, -29.57945388 ], [ -71.311208910999895, -29.579544962999901 ], [ -71.311143992, -29.579632255 ], [ -71.311108729999901, -29.579725472 ], [ -71.31107875, -29.579774211 ], [ -71.310890414, -29.579925961 ], [ -71.310755883, -29.580018207 ], [ -71.310671678999896, -29.580133635 ], [ -71.310647807, -29.580155864999899 ], [ -71.310486607, -29.580246915 ], [ -71.310257986, -29.580416111 ], [ -71.310119637999904, -29.580483176 ], [ -71.310032478, -29.580549575 ], [ -71.309939743, -29.580586404 ], [ -71.309868261, -29.580636263 ], [ -71.309825745, -29.580686074 ], [ -71.309780687999904, -29.580776183999902 ], [ -71.309749715999899, -29.58087395 ], [ -71.309717459999902, -29.581025766 ], [ -71.309683873, -29.581084173 ], [ -71.309625411999903, -29.5811591729999 ], [ -71.309612558, -29.581187982 ], [ -71.309608114999904, -29.581231002 ], [ -71.309649096, -29.581386299 ], [ -71.309646793999903, -29.581571068999899 ], [ -71.309618391999905, -29.581661976 ], [ -71.309492706, -29.581927718 ], [ -71.309481113999894, -29.582002068999898 ], [ -71.309492241, -29.58216182 ], [ -71.30947811, -29.5822912799999 ], [ -71.309454193, -29.5823735929999 ], [ -71.309379007, -29.582513874 ], [ -71.309363737999902, -29.582751852999898 ], [ -71.309368144, -29.5827982059999 ], [ -71.309381307, -29.582827798 ], [ -71.309450851999898, -29.582919449 ], [ -71.309539637999904, -29.583118957999901 ], [ -71.309616041, -29.583264826999901 ], [ -71.309624239, -29.583331221 ], [ -71.309601533, -29.583390654 ], [ -71.309584851, -29.583416803 ], [ -71.309544586999905, -29.583456279 ], [ -71.3094483, -29.583528638 ], [ -71.309342816, -29.583626454999902 ], [ -71.309185634999906, -29.583736799999901 ], [ -71.309093816, -29.583770936999901 ], [ -71.308965045, -29.583781151 ], [ -71.308906785, -29.583796263999901 ], [ -71.308862218999906, -29.583820489999901 ], [ -71.308753614, -29.583911407 ], [ -71.308639808999899, -29.5839875949999 ], [ -71.308550083999904, -29.584033506 ], [ -71.308364076, -29.5841036099999 ], [ -71.308320723999898, -29.584135067 ], [ -71.308231583999898, -29.584271187999899 ], [ -71.308170044999898, -29.584344385 ], [ -71.308092986, -29.584416162 ], [ -71.308007795, -29.584479486 ], [ -71.30791798, -29.584525498999898 ], [ -71.307749665, -29.584585060999899 ], [ -71.307601162, -29.58465581 ], [ -71.30746777, -29.584704839 ], [ -71.307426587999899, -29.584726966999899 ], [ -71.307374874999894, -29.584785166 ], [ -71.307303028, -29.584920703 ], [ -71.3071884189999, -29.585029584 ], [ -71.307134688, -29.585174122 ], [ -71.30708577, -29.5852630209999 ], [ -71.307007499999898, -29.585388851999902 ], [ -71.306916717, -29.58549269 ], [ -71.306908813999897, -29.585558858 ], [ -71.306935161, -29.585665382999899 ], [ -71.3069712, -29.585733105 ], [ -71.307065537, -29.585848412 ], [ -71.307081662, -29.585890397 ], [ -71.307077303, -29.585935549999899 ], [ -71.3070389599999, -29.5859833109999 ], [ -71.306969865, -29.5860281819999 ], [ -71.3067874609999, -29.586089388999898 ], [ -71.306742088, -29.586115859 ], [ -71.306728566999894, -29.586166805999898 ], [ -71.306761944999906, -29.586318079 ], [ -71.306758582, -29.5863614209999 ], [ -71.306737508, -29.586438461999901 ], [ -71.306720272999897, -29.586477553999899 ], [ -71.306682419, -29.586524545 ], [ -71.306614378999896, -29.586572783 ], [ -71.306540215, -29.586614047999898 ], [ -71.306512725999895, -29.586650459999898 ], [ -71.306512109, -29.586660542999901 ], [ -71.3065384719999, -29.58670382 ], [ -71.306614846999906, -29.586794019 ], [ -71.306624163, -29.586834918 ], [ -71.306628328, -29.586994694999898 ], [ -71.306649901, -29.58706509 ], [ -71.306695646, -29.587155886999899 ], [ -71.306706863, -29.587195252999901 ], [ -71.306707188, -29.587238661 ], [ -71.306693585999895, -29.587281075 ], [ -71.306584044, -29.587400414999902 ], [ -71.306568427999906, -29.5874328959999 ], [ -71.306561979, -29.587476334 ], [ -71.306565646, -29.587513456999901 ], [ -71.306588411, -29.5875563029999 ], [ -71.306698548, -29.5876733919999 ], [ -71.306727213, -29.5877213539999 ], [ -71.306743476, -29.5877705259999 ], [ -71.306746518999901, -29.58783548 ], [ -71.306731302999907, -29.587969744 ], [ -71.306764036999894, -29.5881665859999 ], [ -71.306755091, -29.588231644 ], [ -71.306731712, -29.588283733 ], [ -71.306697939999907, -29.588324430999901 ], [ -71.306656008999894, -29.588353334 ], [ -71.306602901, -29.588374907999899 ], [ -71.306536300999895, -29.588384311 ], [ -71.306453034999905, -29.588370871999899 ], [ -71.306246492, -29.588281800999901 ], [ -71.306202651, -29.58828002 ], [ -71.306135519999899, -29.588326325 ], [ -71.306019729, -29.588457579 ], [ -71.305961122, -29.5884918429999 ], [ -71.305919853, -29.588497812 ], [ -71.305802657, -29.58849365 ], [ -71.30571422, -29.588498892 ], [ -71.305543864999905, -29.5885170019999 ], [ -71.305465238, -29.588537803999898 ], [ -71.305357027999904, -29.588593734 ], [ -71.305299175999906, -29.588638107 ], [ -71.304940711, -29.588972058 ], [ -71.30486874, -29.58901401 ], [ -71.304793135999901, -29.589039377999899 ], [ -71.304715874, -29.589047824 ], [ -71.304538843, -29.5889997479999 ], [ -71.3042644289999, -29.588973832 ], [ -71.304196867, -29.588975717 ], [ -71.304004038, -29.588999746 ], [ -71.303752585, -29.588986302 ], [ -71.303686368999905, -29.5889940389999 ], [ -71.303643479999906, -29.589006949 ], [ -71.303569275, -29.589047502 ], [ -71.303518579999903, -29.5890911729999 ], [ -71.303496696, -29.589130786999899 ], [ -71.303478479, -29.589271961999899 ], [ -71.303449774999905, -29.589396527 ], [ -71.303390239, -29.589566396999899 ], [ -71.303330022, -29.5896899859999 ], [ -71.303230960999898, -29.589858754 ], [ -71.3031381119999, -29.5900453849999 ], [ -71.303125807, -29.590110094999901 ], [ -71.303127640999904, -29.590156852 ], [ -71.303157437, -29.590305266 ], [ -71.303151392, -29.590348971 ], [ -71.303127234, -29.590400933999899 ], [ -71.303096607, -29.590445184 ], [ -71.303045427, -29.590494555 ], [ -71.302969531, -29.590540733999902 ], [ -71.302898178, -29.590566629 ], [ -71.302817726999905, -29.590582470999902 ], [ -71.302703612999906, -29.590587238 ], [ -71.302482106, -29.590548969999901 ], [ -71.302416377, -29.590547439 ], [ -71.302358239999904, -29.590566144 ], [ -71.302282184, -29.590621966999901 ], [ -71.302239428, -29.590669362 ], [ -71.302227914, -29.590697329 ], [ -71.3022068289999, -29.5908215329999 ], [ -71.302148098, -29.590955188 ], [ -71.302131305, -29.591032083 ], [ -71.30213651, -29.591079704 ], [ -71.302150288, -29.59111955 ], [ -71.302239265, -29.591254614 ], [ -71.302253903, -29.591317569999902 ], [ -71.302248898999906, -29.59135866 ], [ -71.302230384, -29.5913931169999 ], [ -71.30218504, -29.591427978 ], [ -71.302122988, -29.591451083 ], [ -71.301978531, -29.591477817999898 ], [ -71.301951233, -29.591503667 ], [ -71.301944679, -29.591524093 ], [ -71.301946434999905, -29.591592206 ], [ -71.301966155999907, -29.591660429999902 ], [ -71.302011047999898, -29.59173443 ], [ -71.302106674999905, -29.591855554999899 ], [ -71.30214341, -29.591931724999899 ], [ -71.302184025, -29.592071393 ], [ -71.302218261999897, -29.592247041 ], [ -71.302259345, -29.592402089 ], [ -71.302255348999907, -29.592468515999901 ], [ -71.302155437, -29.592841117 ], [ -71.302111652999898, -29.592930700999901 ], [ -71.302011194, -29.593053983999901 ], [ -71.301988095999903, -29.59312263 ], [ -71.301989721, -29.593168621 ], [ -71.302010074, -29.593237245999902 ], [ -71.30205955, -29.593327088 ], [ -71.302157502999904, -29.593549598 ], [ -71.302153994, -29.593603076 ], [ -71.302127557999896, -29.593621110999901 ], [ -71.302087802999907, -29.5936297229999 ], [ -71.30203255, -29.593614498 ], [ -71.301971581, -29.593586639 ], [ -71.301926624, -29.593578631 ], [ -71.301882582, -29.593584237 ], [ -71.301839456, -29.5936017769999 ], [ -71.301788025999898, -29.593642008 ], [ -71.301698353999896, -29.593754336 ], [ -71.301657722, -29.593817416 ], [ -71.301641231, -29.593872073999901 ], [ -71.301632519999899, -29.593958875999899 ], [ -71.301609405, -29.59400403 ], [ -71.301565231, -29.5940300309999 ], [ -71.301382952, -29.594093051 ], [ -71.3011650669999, -29.594183845 ], [ -71.301109192, -29.594224810999901 ], [ -71.301082289, -29.594271184 ], [ -71.301060526, -29.594368549 ], [ -71.301035399999904, -29.5944220609999 ], [ -71.3009874319999, -29.594461685999899 ], [ -71.300864287, -29.594521222 ], [ -71.300833336, -29.594548297 ], [ -71.300824188, -29.5945914059999 ], [ -71.3008503, -29.594717094 ], [ -71.300846553, -29.5948227969999 ], [ -71.300820884, -29.594904073 ], [ -71.300765299, -29.594960539999899 ], [ -71.300680423999907, -29.595008143 ], [ -71.300604534999906, -29.595033134999898 ], [ -71.300520940999903, -29.59504642 ], [ -71.300342395, -29.595050426999901 ], [ -71.300233429999906, -29.595061826999899 ], [ -71.300172379999907, -29.595081073 ], [ -71.300143718, -29.5951051599999 ], [ -71.300091221999907, -29.5951903499999 ], [ -71.299985007, -29.595308105999901 ], [ -71.299966857999905, -29.5953564759999 ], [ -71.299972244999907, -29.595402543 ], [ -71.300036463, -29.595533633999899 ], [ -71.300077701, -29.5956693279999 ], [ -71.300093578, -29.595779689 ], [ -71.300089060999895, -29.595846555 ], [ -71.300078056, -29.59588378 ], [ -71.300053728, -29.595917447 ], [ -71.300027789, -29.5959380359999 ], [ -71.299941842, -29.595962609 ], [ -71.29989712, -29.5959862139999 ], [ -71.299852688, -29.596060423 ], [ -71.299795452, -29.596196295 ], [ -71.299755656999906, -29.596250229 ], [ -71.299679389999895, -29.596307764 ], [ -71.299571793, -29.596339147 ], [ -71.299534901, -29.596362863 ], [ -71.299428714, -29.596551755999901 ], [ -71.299363153999906, -29.596623302999902 ], [ -71.299314113, -29.596651113999901 ], [ -71.299272124, -29.596665393 ], [ -71.299155473, -29.596689124 ], [ -71.299085713999901, -29.596729658999902 ], [ -71.299020943, -29.5967974829999 ], [ -71.298884389, -29.5969770949999 ], [ -71.298827903, -29.597033618 ], [ -71.298772766999903, -29.597069044 ], [ -71.298742553, -29.597080022999901 ], [ -71.298588555, -29.5971111429999 ], [ -71.298543966, -29.597131377 ], [ -71.298502704, -29.597159986999898 ], [ -71.298411334, -29.597277828 ], [ -71.298364103, -29.597316593 ], [ -71.298317074, -29.59731728 ], [ -71.298274938, -29.597294635 ], [ -71.298184996, -29.597168454 ], [ -71.298163003, -29.5971566219999 ], [ -71.298134894, -29.5971536129999 ], [ -71.298093066, -29.597175448 ], [ -71.297977558999904, -29.597262231999899 ], [ -71.297822628999896, -29.597336418999902 ], [ -71.297692744999907, -29.597371656999901 ], [ -71.297503475, -29.597390987 ], [ -71.297444557999896, -29.597412407 ], [ -71.297375799999898, -29.59745967 ], [ -71.297090864, -29.597686420999899 ], [ -71.296940500999895, -29.597849238 ], [ -71.296884232, -29.597874616 ], [ -71.296830381999897, -29.597878482999899 ], [ -71.296696278999903, -29.5978544499999 ], [ -71.296563089, -29.597794826 ], [ -71.296502882, -29.59774011 ], [ -71.296479180999896, -29.597692935999898 ], [ -71.296471514, -29.597653502999901 ], [ -71.296493762999901, -29.5975625999999 ], [ -71.29655095, -29.597459274 ], [ -71.296738026999904, -29.597206873999902 ], [ -71.296894645, -29.597019331 ], [ -71.296907328, -29.596977323 ], [ -71.296901422, -29.596955158999901 ], [ -71.296890306, -29.596934136 ], [ -71.296831408999907, -29.5968808269999 ], [ -71.2967615539999, -29.596842712 ], [ -71.296698689, -29.596821260999899 ], [ -71.296619833, -29.5968037069999 ], [ -71.296477693, -29.596787924999902 ], [ -71.296397796, -29.596764831 ], [ -71.296111271, -29.596604425999899 ], [ -71.295886991, -29.596498786 ], [ -71.295705975, -29.596393302 ], [ -71.295478082, -29.59630121 ], [ -71.295345773, -29.596211097 ], [ -71.295233885999906, -29.59611983 ], [ -71.295103884, -29.595981977 ], [ -71.295055835, -29.595939927 ], [ -71.29489502, -29.595851922999898 ], [ -71.29477651, -29.595806830999901 ], [ -71.294670961999898, -29.595785285 ], [ -71.294579198999898, -29.595781404 ], [ -71.294516858999899, -29.595791833 ], [ -71.294383401999895, -29.595838961 ], [ -71.29430203, -29.595853467 ], [ -71.293946724, -29.595867429 ], [ -71.2937186569999, -29.595860549999902 ], [ -71.293651997, -29.595866262999898 ], [ -71.293586746999907, -29.595893884 ], [ -71.293496862, -29.595957773999899 ], [ -71.293408212, -29.596007799999899 ], [ -71.293316832999906, -29.596049734 ], [ -71.293197353, -29.596085028999902 ], [ -71.293166672, -29.596104747 ], [ -71.293131745, -29.596156956 ], [ -71.293076728999907, -29.5963477029999 ], [ -71.292992894, -29.596513322 ], [ -71.292881222999895, -29.596659076 ], [ -71.292812974999904, -29.596785525 ], [ -71.292788457, -29.596804943999899 ], [ -71.292754632, -29.596817275 ], [ -71.292520054, -29.596848942999902 ], [ -71.292456411, -29.596881504999899 ], [ -71.292418802, -29.596915291999899 ], [ -71.292326988, -29.597111927 ], [ -71.292302871999894, -29.597246121999898 ], [ -71.292285207, -29.597296494 ], [ -71.292261164, -29.59733761 ], [ -71.292224032, -29.597384582 ], [ -71.292100392, -29.597488304 ], [ -71.292057106999906, -29.597541056 ], [ -71.291981747, -29.5976689509999 ], [ -71.291937705999899, -29.597712430999898 ], [ -71.29184165, -29.5977849239999 ], [ -71.291784618, -29.597875857 ], [ -71.291762505, -29.5978978969999 ], [ -71.291708082999904, -29.597931385 ], [ -71.291650676, -29.597944756999901 ], [ -71.291604214, -29.597942519 ], [ -71.291475993999896, -29.597910269 ], [ -71.291423322, -29.597920599 ], [ -71.2914002159999, -29.597943148999899 ], [ -71.291380499999903, -29.597967529 ], [ -71.291357273, -29.5980354289999 ], [ -71.291327416999906, -29.5980929 ], [ -71.291247535, -29.598195694 ], [ -71.291175795, -29.598327465 ], [ -71.291089256, -29.598419505 ], [ -71.291081028, -29.598437068 ], [ -71.291076927999896, -29.598478311999902 ], [ -71.291106345999907, -29.598560006 ], [ -71.291110865999897, -29.598599393 ], [ -71.291089572, -29.598644061 ], [ -71.291065359, -29.598666797 ], [ -71.290975687, -29.598712674999899 ], [ -71.290934839, -29.598724553999901 ], [ -71.290886360999906, -29.598716615999901 ], [ -71.290841803, -29.59869444 ], [ -71.290751996, -29.59862013 ], [ -71.290709163, -29.5985687209999 ], [ -71.290686354999906, -29.598508718999899 ], [ -71.290650883999902, -29.598379459999901 ], [ -71.290620902999905, -29.598328063999901 ], [ -71.290565223, -29.59827524 ], [ -71.290479563, -29.59821956 ], [ -71.290393901999906, -29.598179585 ], [ -71.29031538, -29.5981553149999 ], [ -71.290201166, -29.5981438929999 ], [ -71.290082668, -29.5981438929999 ], [ -71.290038411, -29.598148174999899 ], [ -71.290005574, -29.5981667359999 ], [ -71.2899898699999, -29.598198145 ], [ -71.289984159, -29.598223843 ], [ -71.289994153, -29.598253824 ], [ -71.290022705999903, -29.59827524 ], [ -71.290069818999896, -29.598306647999902 ], [ -71.290109794, -29.598338057 ], [ -71.290141203, -29.598393737 ], [ -71.290146913999905, -29.598466548 ], [ -71.290149862, -29.598601258 ], [ -71.290119347, -29.5987339879999 ], [ -71.290015595999904, -29.598896271999902 ], [ -71.290003898999899, -29.598934699 ], [ -71.290000683999907, -29.598978031999899 ], [ -71.290007584, -29.599027619 ], [ -71.290026858, -29.599078383999899 ], [ -71.290162447999904, -29.599274618 ], [ -71.290201425, -29.599397343 ], [ -71.290225442, -29.599542996 ], [ -71.290255407, -29.599634319 ], [ -71.290258427, -29.599689611 ], [ -71.290251224, -29.599720627 ], [ -71.290186591999898, -29.599790540999901 ], [ -71.290172054, -29.599828992 ], [ -71.2901670749999, -29.5998707709999 ], [ -71.290189628, -29.600087303999899 ], [ -71.290209208, -29.600194546999901 ], [ -71.290222177, -29.6003968049999 ], [ -71.290208833, -29.6004682569999 ], [ -71.290180343, -29.600507716 ], [ -71.290152521, -29.600528601 ], [ -71.290111571, -29.600539882 ], [ -71.290074853, -29.600539252 ], [ -71.289963337, -29.600518232999899 ], [ -71.289932894999893, -29.600529337 ], [ -71.289889318999897, -29.6005869439999 ], [ -71.289876784999905, -29.600628577 ], [ -71.289879576, -29.600676153999899 ], [ -71.289893142, -29.600716244999902 ], [ -71.289940306999895, -29.6007698939999 ], [ -71.289983972999906, -29.600788404 ], [ -71.290010397999893, -29.600790795 ], [ -71.290072406, -29.600780211 ], [ -71.290186886999905, -29.600740035999898 ], [ -71.290227641999905, -29.600732267999899 ], [ -71.290385027, -29.600729171999902 ], [ -71.290578277, -29.6007146329999 ], [ -71.2906260889999, -29.600717823 ], [ -71.290679419999904, -29.600734498 ], [ -71.29072453, -29.600765448999901 ], [ -71.290745632, -29.6007916629999 ], [ -71.290795037, -29.600873538 ], [ -71.290939369999904, -29.601077029 ], [ -71.290968479999904, -29.601154802999901 ], [ -71.290971489999905, -29.601200575 ], [ -71.290965497999906, -29.601241418 ], [ -71.290923108, -29.601351469999901 ], [ -71.290749521, -29.601616801 ], [ -71.290539283, -29.601904606999899 ], [ -71.290374228, -29.602159965999899 ], [ -71.290189359, -29.60240685 ], [ -71.289759423, -29.603059879999901 ], [ -71.289086144, -29.604043928 ], [ -71.288921151999901, -29.6043411009999 ], [ -71.288746663, -29.604681583999898 ], [ -71.288636265, -29.604957042 ], [ -71.288538968999902, -29.605172303 ], [ -71.288366875999898, -29.605453435 ], [ -71.288262452, -29.605659497 ], [ -71.28814641, -29.605910509999902 ], [ -71.287977698, -29.606234679 ], [ -71.287836238, -29.606525871 ], [ -71.287776296999894, -29.6067085339999 ], [ -71.287711891, -29.606867888999901 ], [ -71.287655822, -29.607066366 ], [ -71.287525145, -29.6073833089999 ], [ -71.287480514, -29.6075187819999 ], [ -71.287467369999902, -29.607603667 ], [ -71.287460747, -29.607834134 ], [ -71.287408158999895, -29.608091543999901 ], [ -71.287418671, -29.608162557 ], [ -71.287551703, -29.608440758 ], [ -71.287586069, -29.608541638 ], [ -71.287596166, -29.6086453899999 ], [ -71.28758089, -29.608853086 ], [ -71.287590253, -29.608966175 ], [ -71.287629862, -29.609097941 ], [ -71.287785133999904, -29.609409354 ], [ -71.287797258, -29.609500828 ], [ -71.287790047, -29.609543578999901 ], [ -71.2877687, -29.6095962979999 ], [ -71.287737068999903, -29.6096432699999 ], [ -71.2876922519999, -29.60968766 ], [ -71.287441257, -29.609845188999898 ], [ -71.287195798, -29.610047666 ], [ -71.286898645999898, -29.610336229 ], [ -71.286766717, -29.610494318999901 ], [ -71.286709179, -29.610551809999901 ], [ -71.286647033999898, -29.610596847999901 ], [ -71.286564145999904, -29.610631043999899 ], [ -71.2864865989999, -29.6106413269999 ], [ -71.286422473, -29.610633767 ], [ -71.286358725999904, -29.610608074 ], [ -71.286244483, -29.610539133 ], [ -71.286176403999903, -29.610515189 ], [ -71.286108519, -29.610513034999901 ], [ -71.286023502, -29.610527767 ], [ -71.285841497, -29.610568064999899 ], [ -71.285302504999905, -29.610708386999899 ], [ -71.285031894, -29.610797521999899 ], [ -71.284763563, -29.610902422 ], [ -71.284335934999902, -29.611023555 ], [ -71.284117049, -29.6111175039999 ], [ -71.284016828999896, -29.611150997 ], [ -71.28346393, -29.611264857 ], [ -71.283400935, -29.611270218999898 ], [ -71.28326391, -29.6112638459999 ], [ -71.283132622, -29.611273044 ], [ -71.283091239, -29.611283779 ], [ -71.282935784999907, -29.611349258 ], [ -71.282823965, -29.611383153 ], [ -71.282754751, -29.611374579 ], [ -71.282684074, -29.611341835 ], [ -71.282279971, -29.611081898 ], [ -71.282215417, -29.611030091 ], [ -71.282097614, -29.610884000999899 ], [ -71.282056602999901, -29.610877500999901 ], [ -71.2820449929999, -29.6108877459999 ], [ -71.282010966, -29.610979436 ], [ -71.281956169999901, -29.61126494 ], [ -71.281954539, -29.611424926 ], [ -71.281934034999907, -29.611572184999901 ], [ -71.281935228, -29.611637528 ], [ -71.281958983, -29.611709043 ], [ -71.281992477999907, -29.611748971999901 ], [ -71.282053640999905, -29.611798270999898 ], [ -71.282144619, -29.611851627 ], [ -71.282286521999893, -29.611926132999901 ] ] ] } },
{ "type": "Feature", "properties": { "fid": 12, "Descripcion": "Cota 30 mts. Amenaza por Tsunami", "Recomendaciones SENAPRED": "https://bibliogrd.senapred.gob.cl/bitstream/handle/2012/1711/06_diptico_tsunami_2023_SENAPRED.pdf", "Origen Data": "Visor Chile Preparado, Territorio y Amenazas - SENAPRED, disponible en https://www.visorchilepreparado.cl/" }, "geometry": { "type": "MultiLineString", "coordinates": [ [ [ -71.292943184, -29.623338503 ], [ -71.293001913999902, -29.623375094 ], [ -71.293069499, -29.623400495999899 ], [ -71.293312353, -29.623433728999899 ], [ -71.293426462, -29.6234391959999 ], [ -71.293581205, -29.623427861 ], [ -71.293726536999898, -29.623454622999901 ], [ -71.293799196, -29.623460064 ], [ -71.294088645, -29.623453460999901 ], [ -71.294129503, -29.623464920999901 ], [ -71.294180822, -29.6235277719999 ], [ -71.294280704999906, -29.623609019 ], [ -71.294306036, -29.6236496779999 ], [ -71.294341608, -29.623737612 ], [ -71.294359747, -29.623757289 ], [ -71.294410988, -29.6237915899999 ], [ -71.2945195, -29.623818812 ], [ -71.294584981999904, -29.623821673999899 ], [ -71.294626882, -29.623813823 ], [ -71.294674178, -29.62378848 ], [ -71.294747657, -29.623729216999902 ], [ -71.294807823, -29.6236963919999 ], [ -71.295029493999905, -29.623624848 ], [ -71.295118981, -29.6236037369999 ], [ -71.295197265999903, -29.623597342 ], [ -71.295257856, -29.62360151 ], [ -71.295299671999899, -29.6236163579999 ], [ -71.2953646079999, -29.6236543169999 ], [ -71.295382434, -29.623697660999898 ], [ -71.295353414, -29.623779698 ], [ -71.295345042999898, -29.6238302739999 ], [ -71.295367596999895, -29.623917659 ], [ -71.295365799, -29.623940707 ], [ -71.295354275, -29.623974357999899 ], [ -71.295295393999893, -29.6240492169999 ], [ -71.295282414, -29.62408013 ], [ -71.295279056, -29.624103568999899 ], [ -71.29529575, -29.624143998 ], [ -71.295481241999894, -29.624236213 ], [ -71.295617029, -29.624346434 ], [ -71.295636408, -29.624371122 ], [ -71.29566454, -29.62450365 ], [ -71.295685885, -29.624550246999899 ], [ -71.295846447, -29.624790210999901 ], [ -71.295887184, -29.6248300399999 ], [ -71.296066160999899, -29.624904353 ], [ -71.296127052, -29.624958368 ], [ -71.296143253, -29.62500334 ], [ -71.296139974, -29.625094123999901 ], [ -71.296196268999907, -29.625180579 ], [ -71.296208086, -29.625221106 ], [ -71.296187145, -29.625272886999898 ], [ -71.296074642999898, -29.625358197 ], [ -71.296021835, -29.625406935999901 ], [ -71.295942778, -29.625493876999901 ], [ -71.295917468, -29.625545428 ], [ -71.295917636, -29.625591427 ], [ -71.295928073, -29.625632532999902 ], [ -71.296002111999897, -29.625791614 ], [ -71.296015203, -29.625844876 ], [ -71.295992434, -29.6261464 ], [ -71.295971592999905, -29.626223163 ], [ -71.295873101, -29.6264254929999 ], [ -71.295761152999901, -29.626575115 ], [ -71.295741695999894, -29.626610661 ], [ -71.295733607, -29.626672754 ], [ -71.295749129999905, -29.626712916 ], [ -71.295812503, -29.626760153 ], [ -71.295869912999905, -29.626788967 ], [ -71.296133013, -29.626893767 ], [ -71.296246782, -29.62698362 ], [ -71.296316325, -29.627027197 ], [ -71.296495395, -29.6271275719999 ], [ -71.296637016, -29.627255375999901 ], [ -71.296790448, -29.6274083489999 ], [ -71.296904663, -29.627532081 ], [ -71.297053282, -29.627750979 ], [ -71.297092388, -29.627838435999902 ], [ -71.297130094, -29.627881029 ], [ -71.297237211, -29.627973649999898 ], [ -71.297332615, -29.628082011999901 ], [ -71.297373153, -29.628114842999899 ], [ -71.297464282, -29.628152439 ], [ -71.297686601, -29.628207605999901 ], [ -71.297871734, -29.628283535 ], [ -71.298178843999906, -29.628345496 ], [ -71.298275916, -29.628373949 ], [ -71.298438623, -29.6284570719999 ], [ -71.298680136, -29.628554782 ], [ -71.29872706, -29.628604928 ], [ -71.29876769, -29.628740692999902 ], [ -71.298812938, -29.628775396 ], [ -71.298856442, -29.628789657 ], [ -71.299089903, -29.628819866 ], [ -71.299176831999901, -29.6288138799999 ], [ -71.299216319, -29.6287951149999 ], [ -71.299246403, -29.628765624 ], [ -71.29933706, -29.628630014 ], [ -71.299397139999897, -29.628569626999901 ], [ -71.299448796, -29.6285448789999 ], [ -71.299493845, -29.628541313 ], [ -71.299520192, -29.628547714 ], [ -71.299535949, -29.628553042 ], [ -71.299576601, -29.628587734999901 ], [ -71.299654916999899, -29.628691729 ], [ -71.299681585, -29.628739657 ], [ -71.299715732, -29.62887589 ], [ -71.299726343, -29.628884652999901 ], [ -71.299761336, -29.628907206 ], [ -71.299796603999894, -29.628918618999901 ], [ -71.299892246, -29.628933386 ], [ -71.30002684, -29.628979397 ], [ -71.300225568, -29.629020994 ], [ -71.300301716, -29.629052036 ], [ -71.300317041, -29.629073209 ], [ -71.300325506, -29.629098803 ], [ -71.300305245999894, -29.629149981999898 ], [ -71.300193397, -29.629261461999899 ], [ -71.300118729, -29.629368561 ], [ -71.300077583, -29.629398454 ], [ -71.299985956999905, -29.629437942 ], [ -71.299955124999897, -29.629459701 ], [ -71.299940663, -29.629505185 ], [ -71.299943331, -29.629556132999902 ], [ -71.299933644, -29.629600989 ], [ -71.299834916, -29.629733992999899 ], [ -71.299758658, -29.629864174 ], [ -71.299743727, -29.629915383 ], [ -71.299752558, -29.62995738 ], [ -71.299763013, -29.629974977 ], [ -71.299892658, -29.630135615 ], [ -71.299940523, -29.630207245 ], [ -71.299999838, -29.63033367 ], [ -71.300032288, -29.63049647 ], [ -71.300045191, -29.630740085 ], [ -71.300079261999898, -29.630867794 ], [ -71.300102619, -29.63101819 ], [ -71.300120272, -29.631083743 ], [ -71.30025589, -29.631308955999899 ], [ -71.300304758, -29.631488089 ], [ -71.300348355, -29.631598153 ], [ -71.300388923999904, -29.631652424 ], [ -71.300482422999906, -29.631733322999899 ], [ -71.30050639, -29.631782541 ], [ -71.30050861, -29.631850175 ], [ -71.300498585, -29.6318921549999 ], [ -71.300474344999898, -29.631943761999899 ], [ -71.30044019, -29.631988061 ], [ -71.300252851, -29.632161241999899 ], [ -71.300230287, -29.632210814 ], [ -71.300242575, -29.6322543869999 ], [ -71.300297544, -29.6323445959999 ], [ -71.300359413, -29.632478228 ], [ -71.300375145, -29.632526637999899 ], [ -71.300377523999899, -29.632572461999899 ], [ -71.300364553, -29.632613467999899 ], [ -71.300340655, -29.632653209999901 ], [ -71.300275636, -29.632722903999898 ], [ -71.300220896, -29.632757981999902 ], [ -71.300064289, -29.632831406 ], [ -71.299939422, -29.632902949 ], [ -71.299720623, -29.632966696 ], [ -71.299584317, -29.633023121 ], [ -71.299424162, -29.633045518 ], [ -71.299352728, -29.633077719 ], [ -71.299264399, -29.633155041999899 ], [ -71.299222285, -29.633203352 ], [ -71.299197275, -29.633246310999901 ], [ -71.299172797, -29.633330213 ], [ -71.299172749, -29.633383208999899 ], [ -71.299183424, -29.633423001 ], [ -71.299221129, -29.633492406999899 ], [ -71.299263353, -29.633542804999902 ], [ -71.299340878, -29.633602928999899 ], [ -71.299451529, -29.633666214999899 ], [ -71.299494233, -29.6337073249999 ], [ -71.299506247999901, -29.633737466 ], [ -71.299585345, -29.63414425 ], [ -71.299604922999904, -29.634191474 ], [ -71.299667857, -29.634281552999902 ], [ -71.299692627, -29.634349563999901 ], [ -71.299689211, -29.63441606 ], [ -71.299653264, -29.6345548379999 ], [ -71.299639554999899, -29.634639738 ], [ -71.299640877999906, -29.634886306999899 ], [ -71.299652195, -29.634938722999902 ], [ -71.299673513999906, -29.634978283999899 ], [ -71.299761164, -29.6350511099999 ], [ -71.299834437, -29.635079545999901 ], [ -71.299937427, -29.635106161 ], [ -71.299989863, -29.635128729 ], [ -71.300103414, -29.635225294 ], [ -71.300210493999899, -29.635275534999899 ], [ -71.300321746, -29.6352923859999 ], [ -71.300435557, -29.6352933749999 ], [ -71.300522337, -29.635283807 ], [ -71.300663452, -29.635254109999899 ], [ -71.300729678, -29.6352507739999 ], [ -71.3007976439999, -29.635267708999901 ], [ -71.300862866, -29.635320497999899 ], [ -71.300936948, -29.6354092199999 ], [ -71.301020588, -29.635589078 ], [ -71.301048287999905, -29.635629928 ], [ -71.301071613, -29.6356552579999 ], [ -71.301154397999895, -29.635709479 ], [ -71.301195032, -29.635758376999899 ], [ -71.301197738, -29.635774124 ], [ -71.30118364, -29.635794706 ], [ -71.301159175999899, -29.635815255999901 ], [ -71.301149246, -29.63581562 ], [ -71.301112051, -29.635815422999901 ], [ -71.300979313, -29.635766952 ], [ -71.300887307, -29.635769218999901 ], [ -71.300829139, -29.635801355999899 ], [ -71.300820068, -29.635815916999899 ], [ -71.300819503, -29.635836361 ], [ -71.300826022, -29.6358593329999 ], [ -71.300863095999901, -29.635903599999899 ], [ -71.301070475999893, -29.636060685 ], [ -71.301182871, -29.636132726 ], [ -71.30120913, -29.636172753 ], [ -71.301196655, -29.636270368999899 ], [ -71.301171272, -29.636351864999899 ], [ -71.301135375999905, -29.636400017 ], [ -71.301044562, -29.636466546 ], [ -71.301029258, -29.636485851 ], [ -71.301030162, -29.636529407999902 ], [ -71.301051644, -29.636578907999901 ], [ -71.30111067, -29.636669680999901 ], [ -71.301247746999906, -29.63682806 ], [ -71.301294261, -29.636895740999901 ], [ -71.301330615, -29.636973806999901 ], [ -71.301385234999898, -29.637140711 ], [ -71.301470513, -29.63723737 ], [ -71.301521892, -29.637319906999899 ], [ -71.301561681, -29.637354512999899 ], [ -71.301767909, -29.637371339 ], [ -71.301835433, -29.637387432 ], [ -71.301969275, -29.637435771 ], [ -71.302006809, -29.637441964999901 ], [ -71.302100418999899, -29.6374347839999 ], [ -71.302234896999906, -29.63740179 ], [ -71.302279186, -29.637399944 ], [ -71.302329626999907, -29.637414152 ], [ -71.3023775, -29.637450631 ], [ -71.302547467, -29.637707624 ], [ -71.302560812, -29.63776483 ], [ -71.3025569, -29.63780022 ], [ -71.302536555, -29.637842928999898 ], [ -71.302461772, -29.637944084 ], [ -71.302376787999904, -29.638024247 ], [ -71.302279461, -29.6380750239999 ], [ -71.302153139, -29.638114198 ], [ -71.302054437, -29.638115399 ], [ -71.301900369999899, -29.638088995 ], [ -71.301836306, -29.638096904999902 ], [ -71.301784999999896, -29.638121488 ], [ -71.301692143, -29.638196337999901 ], [ -71.301652181999899, -29.6382459239999 ], [ -71.301643435999907, -29.638276608 ], [ -71.301641423, -29.638321327 ], [ -71.301671746, -29.638470431 ], [ -71.301664339999903, -29.638513659999902 ], [ -71.301627854999893, -29.63860756 ], [ -71.301619573, -29.638649227 ], [ -71.301621064, -29.638738691 ], [ -71.301609847, -29.638914623999899 ], [ -71.301632669999904, -29.639037075 ], [ -71.301674304999906, -29.63910211 ], [ -71.301798874, -29.6392011199999 ], [ -71.302025511, -29.639423113 ], [ -71.302054218, -29.63946271 ], [ -71.302073121, -29.639505562 ], [ -71.30208893, -29.639626574 ], [ -71.302105081, -29.639665346 ], [ -71.302151711, -29.639709194 ], [ -71.302342048, -29.639830525 ], [ -71.302387185, -29.639875252 ], [ -71.302449172, -29.6399530959999 ], [ -71.302509486, -29.640005242 ], [ -71.302640584, -29.6400746589999 ], [ -71.302778697, -29.640178622 ], [ -71.302959261, -29.640268208 ], [ -71.303097291, -29.640374516999898 ], [ -71.303183089, -29.64042318 ], [ -71.303232107, -29.640438076 ], [ -71.303305157, -29.640444654 ], [ -71.303649998, -29.64041923 ], [ -71.303872494, -29.640460037 ], [ -71.304086681999905, -29.640478306 ], [ -71.304204765999899, -29.6404991809999 ], [ -71.304332613, -29.640546238 ], [ -71.304503911, -29.640643275999899 ], [ -71.304852635, -29.640764122 ], [ -71.304942341999904, -29.6408151259999 ], [ -71.304992912, -29.64087025 ], [ -71.305014606, -29.640930905999902 ], [ -71.305030873, -29.64108694 ], [ -71.305065200999906, -29.641175543 ], [ -71.305098001, -29.641221634 ], [ -71.305189573999897, -29.641315548 ], [ -71.305276246999895, -29.641443221 ], [ -71.305263224, -29.641491770999899 ], [ -71.305191169, -29.6415584279999 ], [ -71.305172473, -29.641588559999899 ], [ -71.305158553, -29.641631748999899 ], [ -71.305158074, -29.641702171 ], [ -71.305192312, -29.641830264 ], [ -71.305196495, -29.641877603999902 ], [ -71.305160697, -29.642037856999899 ], [ -71.305152077999907, -29.642125602 ], [ -71.305196274, -29.642349246 ], [ -71.305180309, -29.642499234999899 ], [ -71.305187836, -29.642616453999899 ], [ -71.305176420999899, -29.6427477629999 ], [ -71.305181376, -29.642814759 ], [ -71.305211567, -29.64291536 ], [ -71.305310403, -29.643068542 ], [ -71.305329615999895, -29.643113994 ], [ -71.305338073, -29.643162584 ], [ -71.305328656, -29.643203931 ], [ -71.305254939999898, -29.643290320999899 ], [ -71.305235898, -29.643339603999902 ], [ -71.305247411, -29.643458907 ], [ -71.305240392, -29.6435201419999 ], [ -71.305213986, -29.643565107 ], [ -71.305115945, -29.6436479179999 ], [ -71.305100276, -29.6436764769999 ], [ -71.305097395, -29.643700410999902 ], [ -71.305105951, -29.6437257279999 ], [ -71.305147970999897, -29.643813325999901 ], [ -71.305152053, -29.643905659 ], [ -71.305130697, -29.644029017 ], [ -71.305039971, -29.644324931 ], [ -71.305032261, -29.644375076 ], [ -71.305049433, -29.644418524999899 ], [ -71.305073077, -29.644450957999901 ], [ -71.305123599, -29.644488247 ], [ -71.305238593, -29.644554661 ], [ -71.30528272, -29.644601910999899 ], [ -71.30530508, -29.644644523999901 ], [ -71.305329032, -29.644805238999901 ], [ -71.305352531, -29.6451073489999 ], [ -71.3053455, -29.645277079 ], [ -71.305384021999899, -29.645364795 ], [ -71.305482707, -29.645501219 ], [ -71.305505201, -29.645568463 ], [ -71.30550701, -29.645636533 ], [ -71.305473417, -29.645822033999899 ], [ -71.305491178, -29.646081115 ], [ -71.305516581999896, -29.646224920999899 ], [ -71.305535227, -29.646268108 ], [ -71.305577484, -29.646322486 ], [ -71.305616329, -29.646352125 ], [ -71.305660057999901, -29.6463712739999 ], [ -71.305793943, -29.646405727999898 ], [ -71.306198072, -29.646410053999901 ], [ -71.306473970999903, -29.6463793789999 ], [ -71.306744809999898, -29.646335344 ], [ -71.307031095999903, -29.6462666269999 ], [ -71.307284723, -29.646243812 ], [ -71.307382005, -29.646225579 ], [ -71.307692211, -29.646133028999898 ], [ -71.307779556, -29.646085845999899 ], [ -71.308141008, -29.6458382339999 ], [ -71.308411104, -29.645726109 ], [ -71.3086340629999, -29.645604444 ], [ -71.308725496, -29.645563851 ], [ -71.308822319999905, -29.645538361 ], [ -71.309041312, -29.645500621999901 ], [ -71.309447678, -29.64538672 ], [ -71.309535283999907, -29.645381222 ], [ -71.309814093999904, -29.6454029729999 ], [ -71.3099008, -29.6453962259999 ], [ -71.309987254, -29.645365114999901 ], [ -71.310142986999907, -29.6452922399999 ], [ -71.310261485, -29.6452595969999 ], [ -71.310369212, -29.645249307 ], [ -71.310590405, -29.645242378 ], [ -71.31084076, -29.645184179999902 ], [ -71.310935099999895, -29.6451853639999 ], [ -71.311014105, -29.645222864999901 ], [ -71.311112888, -29.645304457 ], [ -71.311158115999902, -29.645327043 ], [ -71.311216703999904, -29.645327057 ], [ -71.311297838, -29.645302903 ], [ -71.311344245, -29.645301246 ], [ -71.311384979, -29.645317675999902 ], [ -71.311474534999903, -29.64537053 ], [ -71.311567910999898, -29.645405132999901 ], [ -71.311649549, -29.64542016 ], [ -71.311715249, -29.6454203179999 ], [ -71.311806101999906, -29.645410254999899 ], [ -71.312043630999895, -29.645352782 ], [ -71.312216206999906, -29.645320647999899 ], [ -71.312463534, -29.64524481 ], [ -71.312775438, -29.6451819659999 ], [ -71.312872249999899, -29.645140875 ], [ -71.312981377, -29.645049878 ], [ -71.313050013, -29.645021266999901 ], [ -71.313138393, -29.6450176 ], [ -71.313281338, -29.645038414999899 ], [ -71.313452992999899, -29.645014187 ], [ -71.313540673, -29.645009089 ], [ -71.313591465999906, -29.6450201769999 ], [ -71.313621487, -29.645035182999901 ], [ -71.313644379, -29.645051715 ], [ -71.313651663, -29.645066567 ], [ -71.313671804, -29.645125752999899 ], [ -71.313677567999903, -29.645191713 ], [ -71.313664564, -29.645231596 ], [ -71.313626031999902, -29.645278775999898 ], [ -71.313609333, -29.645318836999898 ], [ -71.313630332999907, -29.645442675 ], [ -71.313615845, -29.645500904999899 ], [ -71.31345412, -29.645677479 ], [ -71.31341487, -29.6457291 ], [ -71.313385731, -29.645791781 ], [ -71.313349114999895, -29.645907556999902 ], [ -71.313323681, -29.645952843 ], [ -71.313177558999897, -29.646120743 ], [ -71.313017489999893, -29.646370277 ], [ -71.312966493, -29.646497546 ], [ -71.312886611, -29.6466261899999 ], [ -71.312884236999906, -29.6467341339999 ], [ -71.312876198, -29.646768192 ], [ -71.312853994, -29.646808725 ], [ -71.312823738, -29.646849382 ], [ -71.312784564, -29.646885609 ], [ -71.312667746, -29.646963855 ], [ -71.312644887, -29.646985937 ], [ -71.312468044, -29.6472418449999 ], [ -71.312432086999905, -29.647319455999899 ], [ -71.312403569, -29.647439662 ], [ -71.3123774109999, -29.647484549 ], [ -71.312266942999898, -29.647600057 ], [ -71.312170254, -29.6476812729999 ], [ -71.311974765999906, -29.647834684 ], [ -71.31188568, -29.64788155 ], [ -71.311828846, -29.647893646999901 ], [ -71.311651652, -29.647900134999901 ], [ -71.311489406, -29.64794138 ], [ -71.31138506, -29.647956506 ], [ -71.3111166099999, -29.647960337 ], [ -71.311029565, -29.647982719 ], [ -71.310977648999895, -29.648022203 ], [ -71.310887892, -29.64812986 ], [ -71.310711735, -29.648297108999898 ], [ -71.310671936999896, -29.6483496439999 ], [ -71.310646834, -29.648409767 ], [ -71.31062909, -29.648515059 ], [ -71.31062345, -29.648693265 ], [ -71.310570503999898, -29.648829799999898 ], [ -71.310566673, -29.648866978999902 ], [ -71.3105746049999, -29.648902974999899 ], [ -71.310584183999893, -29.648977766 ], [ -71.310574666, -29.649032494 ], [ -71.310538973999897, -29.649101497999901 ], [ -71.310474729, -29.649187159 ], [ -71.310405724, -29.649246644999899 ], [ -71.310329582, -29.649313269999901 ], [ -71.310258198, -29.649389411999898 ], [ -71.310222505999903, -29.649456038 ], [ -71.31021, -29.6495562859999 ], [ -71.310232024, -29.649594046999901 ], [ -71.310320063999896, -29.649608322999899 ], [ -71.310408104, -29.649608322999899 ], [ -71.3104866259999, -29.6496035649999 ], [ -71.310638911, -29.649613082 ], [ -71.310738849, -29.649646394999898 ], [ -71.310876858, -29.649701122 ], [ -71.311017245999906, -29.649782023999901 ], [ -71.311208417, -29.649933604999902 ], [ -71.311253989, -29.649977502 ], [ -71.311295101, -29.650003416999901 ], [ -71.311607615, -29.650067973 ], [ -71.311965377, -29.650106047999898 ], [ -71.312063482, -29.650132187999901 ], [ -71.312107031, -29.650161232 ], [ -71.312122782999893, -29.650184608 ], [ -71.312117666999896, -29.650227593 ], [ -71.31203978, -29.650367791 ], [ -71.312021581, -29.650424681999901 ], [ -71.311999382, -29.650640844 ], [ -71.312004279, -29.650686723 ], [ -71.312028787, -29.650734126 ], [ -71.312097396999903, -29.650813086 ], [ -71.312115846, -29.650844858 ], [ -71.312146715, -29.650898019 ], [ -71.312247219, -29.6509971149999 ], [ -71.312250034, -29.651057685 ], [ -71.312217781, -29.651178666 ], [ -71.312216824, -29.65122487 ], [ -71.312231302, -29.6512679329999 ], [ -71.312242452, -29.65127882 ], [ -71.312331477, -29.65131386 ], [ -71.312371939999906, -29.651337159 ], [ -71.312392824, -29.651358000999899 ], [ -71.312396605999893, -29.651378631999901 ], [ -71.312397443, -29.651401312 ], [ -71.312380763, -29.651453886 ], [ -71.312312613, -29.651562504 ], [ -71.312228034, -29.651747063 ], [ -71.312152737, -29.651856423 ], [ -71.31214027, -29.651904408 ], [ -71.312144807, -29.6519487969999 ], [ -71.312167808, -29.6520320119999 ], [ -71.312186089, -29.652080633 ], [ -71.312212839, -29.652125321 ], [ -71.312227074, -29.6521703619999 ], [ -71.312178012999894, -29.652306524 ], [ -71.312179727999904, -29.652354045 ], [ -71.312206127, -29.652402446999901 ], [ -71.312327084999893, -29.652513032999899 ], [ -71.312374693, -29.652574425999902 ], [ -71.312392436, -29.652616208 ], [ -71.312403081, -29.652665777 ], [ -71.31239749, -29.652708983 ], [ -71.312373508, -29.652751742 ], [ -71.3122807889999, -29.652839567999902 ], [ -71.3122512529999, -29.6528865679999 ], [ -71.312244050999894, -29.652928061999901 ], [ -71.312254082, -29.652976844 ], [ -71.312276159, -29.653025135 ], [ -71.312348151, -29.653133474 ], [ -71.312359886, -29.6531618399999 ], [ -71.312379702, -29.653260089 ], [ -71.312417486, -29.653339699 ], [ -71.312462965999899, -29.653375683 ], [ -71.312557198, -29.653431828 ], [ -71.3126711, -29.653519275999901 ], [ -71.312868775, -29.6535776929999 ], [ -71.3130654509999, -29.653664915 ], [ -71.313141989, -29.653678914999901 ], [ -71.313352134, -29.653689153999899 ], [ -71.313395677999907, -29.653700874 ], [ -71.313415447999901, -29.653715463 ], [ -71.313495433999904, -29.653826809 ], [ -71.313652933, -29.653973999999899 ], [ -71.313671897999896, -29.654020029 ], [ -71.313671935999906, -29.6540653449999 ], [ -71.313653385, -29.654125822 ], [ -71.313621236, -29.654178088 ], [ -71.313557939, -29.654253989 ], [ -71.313536230999901, -29.654291467 ], [ -71.313531994999906, -29.654313417 ], [ -71.313545887, -29.654561047 ], [ -71.313550928, -29.6545986849999 ], [ -71.313569576, -29.654645665 ], [ -71.313611218999895, -29.654692763 ], [ -71.313660577999897, -29.654715343 ], [ -71.313860408, -29.654752045999899 ], [ -71.313934478, -29.65478186 ], [ -71.314033948, -29.654864561 ], [ -71.314070285, -29.654916145999898 ], [ -71.314077063, -29.654965445 ], [ -71.314049024, -29.655013262999901 ], [ -71.313839624, -29.655208401 ], [ -71.313682741, -29.655322951999899 ], [ -71.313590916, -29.655411229 ], [ -71.313531404999907, -29.655505934 ], [ -71.313519927, -29.655547838 ], [ -71.313528216999899, -29.655592495999901 ], [ -71.313550382, -29.655613109999901 ], [ -71.313613233999902, -29.6556385979999 ], [ -71.313874492, -29.655643011999899 ], [ -71.313952614, -29.655665758999898 ], [ -71.313974421999902, -29.655685162999902 ], [ -71.313980982, -29.655708943 ], [ -71.313971965999897, -29.6557492049999 ], [ -71.313956055999896, -29.655776526 ], [ -71.31390958, -29.655819992 ], [ -71.313796001, -29.655909642 ], [ -71.313768820999897, -29.6559486109999 ], [ -71.313764079, -29.656000841 ], [ -71.313804026999904, -29.656039396 ], [ -71.313856767999894, -29.656052126 ], [ -71.313921853999901, -29.656050566 ], [ -71.314085906999907, -29.656028572 ], [ -71.314134189999905, -29.6560402429999 ], [ -71.314166908999894, -29.656092397 ], [ -71.314197733999904, -29.656178374 ], [ -71.314235492, -29.6562299029999 ], [ -71.31439783, -29.6563434299999 ], [ -71.314505318, -29.656456169 ], [ -71.314584905999894, -29.6565141089999 ], [ -71.314632746, -29.656534956 ], [ -71.314710987, -29.656540814 ], [ -71.314853316, -29.656514163999901 ], [ -71.315037576999899, -29.656495944 ], [ -71.315144733, -29.656466943999899 ], [ -71.3153061309999, -29.656405057 ], [ -71.315353934, -29.65639884 ], [ -71.315397673999897, -29.656418561999899 ], [ -71.315442025, -29.6564673079999 ], [ -71.315533591, -29.656598849 ], [ -71.315562805, -29.656659186999899 ], [ -71.315579559999904, -29.656716493 ], [ -71.315580564999905, -29.6568032549999 ], [ -71.315568976, -29.656860394 ], [ -71.315512529, -29.656991777 ], [ -71.315467495, -29.657060456 ], [ -71.315402552, -29.65713296 ], [ -71.315346851, -29.657182056999901 ], [ -71.315307807, -29.6572021859999 ], [ -71.315186636, -29.657228297 ], [ -71.315149848, -29.6572614 ], [ -71.315136254, -29.65732128 ], [ -71.315141638999904, -29.657528441999901 ], [ -71.315127107, -29.65757874 ], [ -71.315100867999902, -29.657620492 ], [ -71.315047847, -29.657678969 ], [ -71.314903795, -29.657805993999901 ], [ -71.314864714999899, -29.657860410999898 ], [ -71.314810182, -29.6579822859999 ], [ -71.314786345999906, -29.658002200999899 ], [ -71.314728290999895, -29.658032154 ], [ -71.314608012999898, -29.658051511999901 ], [ -71.314540480999895, -29.658072527999899 ], [ -71.314484721, -29.658108209 ], [ -71.314425091, -29.658161575999902 ], [ -71.314223259, -29.658386433 ], [ -71.314139635999894, -29.658530364999901 ], [ -71.314114318, -29.658614757 ], [ -71.31412091, -29.658660374 ], [ -71.314132231, -29.658685552 ], [ -71.3141735519999, -29.658733771 ], [ -71.314312657, -29.658814462 ], [ -71.314472404999904, -29.658927306 ], [ -71.314545369, -29.658985727999902 ], [ -71.314585439, -29.659035193 ], [ -71.3145938, -29.659058476 ], [ -71.314583797999902, -29.659107192 ], [ -71.3144483519999, -29.659217366999901 ], [ -71.314426735, -29.659243504 ], [ -71.314405236, -29.659297799999901 ], [ -71.314412027999893, -29.659344733 ], [ -71.314502176, -29.659469223 ], [ -71.314563934, -29.6596014789999 ], [ -71.314587946999893, -29.659627913999898 ], [ -71.314635215, -29.6596439109999 ], [ -71.314677089, -29.659636196999902 ], [ -71.314809638, -29.659579897 ], [ -71.314852219, -29.659572216 ], [ -71.314902393, -29.6595808279999 ], [ -71.314934863, -29.659598546 ], [ -71.314946786999897, -29.659614274 ], [ -71.314953706, -29.659642092 ], [ -71.314948770999905, -29.659700004999898 ], [ -71.31491189, -29.659780528999899 ], [ -71.314854111, -29.6598732809999 ], [ -71.314837747999903, -29.659921724 ], [ -71.314834323, -29.659967052 ], [ -71.314846415, -29.660008734 ], [ -71.314902731, -29.660041267999901 ], [ -71.314981507, -29.660057380999898 ], [ -71.315264024, -29.660040374999902 ], [ -71.31535416, -29.660046661 ], [ -71.315376512999904, -29.6600591 ], [ -71.315397444, -29.660097519 ], [ -71.31532787, -29.6602589139999 ], [ -71.315171924, -29.660444632 ], [ -71.315138538, -29.660522130999901 ], [ -71.315138643, -29.66056644 ], [ -71.315186469, -29.660726575999899 ], [ -71.31518167, -29.660770930999899 ], [ -71.315155282, -29.660822869999901 ], [ -71.315147646999904, -29.660866672999902 ], [ -71.31516203, -29.660909644999901 ], [ -71.315223832, -29.661013271999899 ], [ -71.315232803, -29.661041536 ], [ -71.315230890999899, -29.661064834999902 ], [ -71.315210967, -29.661087696 ], [ -71.315198924999905, -29.6610909569999 ], [ -71.315049686999899, -29.661100759 ], [ -71.31501501, -29.661115891 ], [ -71.315002138, -29.66115072 ], [ -71.315033339, -29.661276180999899 ], [ -71.315035748, -29.661317000999901 ], [ -71.315023854999893, -29.661345976 ], [ -71.315001623999905, -29.661371629 ], [ -71.314972062, -29.661391084999899 ], [ -71.314699216999898, -29.661541803 ], [ -71.31464461, -29.661584783 ], [ -71.314627923, -29.66162866 ], [ -71.3146297709999, -29.661721808 ], [ -71.314616284, -29.661749228 ], [ -71.314583176, -29.661785076999902 ], [ -71.31446361, -29.6618547469999 ], [ -71.314432096, -29.661883487 ], [ -71.314406673999898, -29.661939511999901 ], [ -71.314405663999906, -29.661983026 ], [ -71.314418917999902, -29.66205366 ], [ -71.314471173, -29.662215908 ], [ -71.314478337, -29.662333741999898 ], [ -71.314491668999906, -29.662383624 ], [ -71.314588128, -29.662487342 ], [ -71.31460329, -29.662529209 ], [ -71.314617356, -29.6626264249999 ], [ -71.314627728999895, -29.662653055 ], [ -71.314642426, -29.6626708659999 ], [ -71.314761131, -29.662740028 ], [ -71.31480895, -29.662778876999901 ], [ -71.314853168999903, -29.662826336 ], [ -71.314883129999899, -29.662874556 ], [ -71.314905467999907, -29.662935042999901 ], [ -71.314934762999897, -29.663078887 ], [ -71.314966731, -29.663184649 ], [ -71.315050642999907, -29.663385194999901 ], [ -71.315132745, -29.663613692999899 ], [ -71.315157186, -29.663655944 ], [ -71.315214973, -29.663702439 ], [ -71.3153947549999, -29.663751824 ], [ -71.315460775, -29.663796047999899 ], [ -71.315496218, -29.663839800999899 ], [ -71.315528694, -29.663914075 ], [ -71.315549312, -29.66399382 ], [ -71.315558414, -29.664065781 ], [ -71.315559245, -29.664156347999899 ], [ -71.315550972, -29.6642434359999 ], [ -71.315504820999905, -29.664378459 ], [ -71.315439211, -29.664513096999901 ], [ -71.31542868, -29.664564885999901 ], [ -71.315440817, -29.664649306999902 ], [ -71.315439576999907, -29.664688807999902 ], [ -71.315403084, -29.664794566 ], [ -71.315385784999904, -29.6648197489999 ], [ -71.315348787999895, -29.664847503 ], [ -71.31515308, -29.664921229 ], [ -71.314936036999896, -29.665046791 ], [ -71.314905704, -29.6650954 ], [ -71.314888338999907, -29.66519335 ], [ -71.314857215, -29.665238039 ], [ -71.31478759, -29.6653030149999 ], [ -71.314767326, -29.665331019 ], [ -71.314759763, -29.665377826999901 ], [ -71.314776475, -29.665546714999898 ], [ -71.314757754, -29.665718109 ], [ -71.314824036999894, -29.666087482 ], [ -71.314825925, -29.666133725999899 ], [ -71.314814271, -29.666188303999899 ], [ -71.314780894, -29.666245303 ], [ -71.314720011, -29.666317407999902 ], [ -71.314582109999904, -29.666465765999899 ], [ -71.314441888, -29.6665916809999 ], [ -71.3143185979999, -29.6668519689999 ], [ -71.314318855, -29.666896199999901 ], [ -71.314342920999906, -29.6669489179999 ], [ -71.314352357, -29.666996545 ], [ -71.314311808999904, -29.667054347 ], [ -71.314272634, -29.66708585 ], [ -71.314211283, -29.6671176199999 ], [ -71.314159664, -29.6671541659999 ], [ -71.314127995, -29.667209257 ], [ -71.314124289999896, -29.667268775 ], [ -71.314147076, -29.667439124999898 ], [ -71.314152185999902, -29.6676226229999 ], [ -71.314178348, -29.667692756999902 ], [ -71.314315231, -29.6679123289999 ], [ -71.314335131999897, -29.667982257999899 ], [ -71.314330452, -29.668026411 ], [ -71.3142926149999, -29.668165459 ], [ -71.314308035, -29.668304765999899 ], [ -71.314296267, -29.668345336 ], [ -71.314247049999906, -29.668434685 ], [ -71.314235116, -29.668494793 ], [ -71.314255773999903, -29.668568878 ], [ -71.314361808999905, -29.668704674 ], [ -71.314376669, -29.668746105 ], [ -71.314383585, -29.668818369 ], [ -71.31437526, -29.6689039789999 ], [ -71.314353797, -29.668980753 ], [ -71.31430578, -29.669096757 ], [ -71.314300256, -29.669159906999901 ], [ -71.314355178, -29.669382315999901 ], [ -71.314404738, -29.669490822999901 ], [ -71.314445415, -29.669606041 ], [ -71.314470705, -29.669648159 ], [ -71.314518152999895, -29.669693809 ], [ -71.314696979, -29.669786556 ], [ -71.314842895, -29.669915326 ], [ -71.315051546999896, -29.670058391999898 ], [ -71.315125367999897, -29.670098545 ], [ -71.3153014009999, -29.67016009 ], [ -71.3153697179999, -29.670193812 ], [ -71.315410135, -29.670237658 ], [ -71.315458363999895, -29.670370729999899 ], [ -71.315492702, -29.670429811 ], [ -71.315530437999897, -29.6704632739999 ], [ -71.315746049, -29.6705469579999 ], [ -71.315827538999898, -29.67059561 ], [ -71.315920074, -29.670682934999899 ], [ -71.315980830999905, -29.670777246999901 ], [ -71.31604218, -29.670823158 ], [ -71.316111696, -29.670835058 ], [ -71.316155937, -29.670831496999899 ], [ -71.316207711999894, -29.670806833 ], [ -71.316306439999906, -29.670739026 ], [ -71.316347844999896, -29.670725444 ], [ -71.31638938, -29.670725699999899 ], [ -71.316434452, -29.670747420999898 ], [ -71.316524596, -29.670845100999902 ], [ -71.316565629, -29.67087379 ], [ -71.31661672, -29.670870783999899 ], [ -71.316682936999896, -29.670851087 ], [ -71.316747243999899, -29.670859113999899 ], [ -71.316873880999907, -29.670991689999902 ], [ -71.31695135, -29.671046522 ], [ -71.317017598999897, -29.671072428999899 ], [ -71.317114413999903, -29.671087644999901 ], [ -71.317735547, -29.671109067 ], [ -71.3178691479999, -29.671105183 ], [ -71.318015519, -29.671087257 ], [ -71.31818251, -29.671100099999901 ], [ -71.318235743999907, -29.671093701 ], [ -71.318365555999904, -29.671060439 ], [ -71.3185458, -29.671046127999901 ], [ -71.31867992, -29.6710001279999 ], [ -71.31891537, -29.670991839 ], [ -71.31896061, -29.671013190999901 ], [ -71.319162144, -29.671267278999899 ], [ -71.319227142, -29.671303757 ], [ -71.319360033999899, -29.671352487 ], [ -71.319418229, -29.6714084659999 ], [ -71.319439645, -29.671483129 ], [ -71.319456917, -29.671716852 ], [ -71.319482819, -29.671815986999899 ], [ -71.319531357, -29.671901137 ], [ -71.319676899999905, -29.672083883 ], [ -71.319727045, -29.6722181109999 ], [ -71.319750303, -29.672261418999899 ], [ -71.319811823999899, -29.6723191909999 ], [ -71.31988567, -29.672352396 ], [ -71.319938723999897, -29.672360274 ], [ -71.320177552, -29.6723470919999 ], [ -71.320321180999898, -29.672363796 ], [ -71.320356886, -29.672358586 ], [ -71.3205269649999, -29.6722608329999 ], [ -71.3206670819999, -29.6722191429999 ], [ -71.320714280999894, -29.6722167419999 ], [ -71.320729727, -29.672221959999899 ], [ -71.320753432999894, -29.67223862 ], [ -71.320767044, -29.672260934 ], [ -71.320769645, -29.672304776 ], [ -71.320754388999902, -29.672496355 ], [ -71.320726808, -29.672577003 ], [ -71.320656621999902, -29.672701462 ], [ -71.320641797, -29.672759873 ], [ -71.320664103999903, -29.672835550999899 ], [ -71.320722529, -29.672953535 ], [ -71.320794266999897, -29.673064137 ], [ -71.320798072999906, -29.673081058 ], [ -71.320785133, -29.673120702999899 ], [ -71.320682877, -29.673208971 ], [ -71.320648763999898, -29.6732581119999 ], [ -71.320653432, -29.673303787999899 ], [ -71.320684235, -29.673386959 ], [ -71.320691312, -29.673435520999899 ], [ -71.320674622999903, -29.673610308 ], [ -71.320644537, -29.673705985 ], [ -71.320598664, -29.673773571 ], [ -71.320504968, -29.673859603 ], [ -71.320439447999902, -29.6739459789999 ], [ -71.320402048999895, -29.673981176 ], [ -71.320269249, -29.674027182 ], [ -71.319934078, -29.674249114 ], [ -71.319887329, -29.674294030999899 ], [ -71.319772556, -29.674434741 ], [ -71.319747967, -29.674473615999901 ], [ -71.319735062999897, -29.674514159 ], [ -71.319733899, -29.674623583 ], [ -71.319756879, -29.67474616 ], [ -71.319818510999895, -29.674922796 ], [ -71.319858322999906, -29.674986578 ], [ -71.319918427999895, -29.6750595029999 ], [ -71.319940249999902, -29.675104769 ], [ -71.319964125, -29.675326641 ], [ -71.319975187, -29.675375443 ], [ -71.319989542, -29.675402425 ], [ -71.320031979, -29.6754283299999 ], [ -71.320176451, -29.675451074 ], [ -71.320223047, -29.675472703 ], [ -71.320245098, -29.675506583999901 ], [ -71.320252727, -29.675538964999902 ], [ -71.320245359, -29.675579413 ], [ -71.320229712999904, -29.67561439 ], [ -71.320058073, -29.6758914279999 ], [ -71.319973523, -29.67598649 ], [ -71.319850532, -29.676088772999901 ], [ -71.319813713, -29.6761291299999 ], [ -71.319728171, -29.676282936 ], [ -71.319677648, -29.676351693 ], [ -71.31963188, -29.676394597 ], [ -71.319584211999896, -29.676411533 ], [ -71.319540552, -29.676391028 ], [ -71.319449574, -29.67632924 ], [ -71.319407859, -29.676316136 ], [ -71.319367779999894, -29.676315574999901 ], [ -71.319319903, -29.67632127 ], [ -71.319248041, -29.676343598 ], [ -71.319102572, -29.676419322 ], [ -71.319020178999907, -29.676473332999901 ], [ -71.318956516999904, -29.676528845999901 ], [ -71.318910204, -29.6765901059999 ], [ -71.318824484999894, -29.676730201999899 ], [ -71.318777997, -29.676772792 ], [ -71.318729768, -29.6767933429999 ], [ -71.318687373, -29.676800968 ], [ -71.318486628999906, -29.676801403 ], [ -71.318451734999897, -29.6768092729999 ], [ -71.318412823999907, -29.676831154 ], [ -71.318367672, -29.676875288 ], [ -71.318325194, -29.6769321959999 ], [ -71.318213989, -29.677109376 ], [ -71.318169567, -29.677156599999901 ], [ -71.318047282, -29.677259243 ], [ -71.317999672, -29.677315222999901 ], [ -71.3179903, -29.677358704 ], [ -71.318001039, -29.677400755999901 ], [ -71.318067554, -29.677506358999899 ], [ -71.318094195, -29.677587920999901 ], [ -71.31810266, -29.677978654999901 ], [ -71.318109875999895, -29.678027007 ], [ -71.318127720999897, -29.678075672 ], [ -71.31816778, -29.678119475 ], [ -71.318236027999902, -29.678166914 ], [ -71.318262013, -29.678211881 ], [ -71.318298970999905, -29.678322261999899 ], [ -71.318326027999902, -29.678366868999898 ], [ -71.318371285999902, -29.678412855 ], [ -71.318449045, -29.678475238 ], [ -71.31849059, -29.678521864999901 ], [ -71.318513324, -29.678568670999901 ], [ -71.318516153, -29.678612051999899 ], [ -71.318506129, -29.67869946 ], [ -71.318526575, -29.678745933 ], [ -71.318547124, -29.6787619149999 ], [ -71.318566151, -29.678766763999899 ], [ -71.318730667, -29.6787941649999 ], [ -71.318769437, -29.678822377 ], [ -71.318781295999898, -29.678839748 ], [ -71.318774259, -29.678886926 ], [ -71.318748776999897, -29.678930743 ], [ -71.318641847, -29.679070135 ], [ -71.318572023999906, -29.679134948999899 ], [ -71.318408291, -29.679242757999901 ], [ -71.318367538, -29.679291202999899 ], [ -71.318329720999898, -29.679483728 ], [ -71.318292479, -29.679605393 ], [ -71.318256114999897, -29.679676099999899 ], [ -71.318118332, -29.679901279 ], [ -71.31809823, -29.679923102 ], [ -71.318086122, -29.679973259999901 ], [ -71.318101913, -29.679994515 ], [ -71.318128413999901, -29.680003591999899 ], [ -71.3182643, -29.680003961999901 ], [ -71.318323602, -29.680014182 ], [ -71.3184911069999, -29.6801006439999 ], [ -71.3188222429999, -29.680185829 ], [ -71.318906701999893, -29.6802284689999 ], [ -71.318944071, -29.680287802999899 ], [ -71.318956515, -29.6803831289999 ], [ -71.318977829999895, -29.6804420889999 ], [ -71.319065803999905, -29.680557617 ], [ -71.319137026, -29.680698135999901 ], [ -71.319215008999905, -29.680731285 ], [ -71.319382832, -29.680757195 ], [ -71.319493416999904, -29.680784226999901 ], [ -71.319575267999895, -29.680818534 ], [ -71.31962685, -29.680848902 ], [ -71.319676982, -29.680888871 ], [ -71.31972088, -29.680935815999899 ], [ -71.319749411, -29.680981540999898 ], [ -71.319767951999907, -29.681083992 ], [ -71.319762241, -29.681179647 ], [ -71.319716622, -29.681359701 ], [ -71.319706211, -29.681414319999899 ], [ -71.31970943, -29.681459522999901 ], [ -71.319733131, -29.6815054479999 ], [ -71.319838347, -29.681590763 ], [ -71.319862082, -29.681632659999899 ], [ -71.319853521, -29.6817210899999 ], [ -71.319819041, -29.681811504999899 ], [ -71.3197749, -29.681870309 ], [ -71.319700038999898, -29.681932063 ], [ -71.319631785, -29.681977969999899 ], [ -71.319500241, -29.682045000999899 ], [ -71.319434105, -29.682087711 ], [ -71.319384578, -29.682131978 ], [ -71.319356023, -29.682183807999898 ], [ -71.319356866, -29.682222167 ], [ -71.319378921, -29.6822675139999 ], [ -71.319468156, -29.682401339 ], [ -71.319478493, -29.6824283559999 ], [ -71.319486543, -29.682495919 ], [ -71.319507406999904, -29.682540014 ], [ -71.319560323, -29.68258107 ], [ -71.319672774, -29.682649265 ], [ -71.319698648, -29.682672833 ], [ -71.319728294999905, -29.682715674 ], [ -71.319746793, -29.682786517999901 ], [ -71.319768906, -29.682937446 ], [ -71.319772650999894, -29.682980647 ], [ -71.319765839, -29.683032585 ], [ -71.319732748, -29.683074754 ], [ -71.319697313999896, -29.683097621999899 ], [ -71.319624582999893, -29.683127413 ], [ -71.319523263999898, -29.683154812999899 ], [ -71.319376678, -29.683180303 ], [ -71.319312623, -29.683173403 ], [ -71.319227011999899, -29.683147769999898 ], [ -71.319175554, -29.683163185 ], [ -71.319159343, -29.683213979999898 ], [ -71.31916798, -29.683260168999901 ], [ -71.31926606, -29.683437459999901 ], [ -71.319308776999904, -29.683528786999901 ], [ -71.319333247, -29.683593023 ], [ -71.319331722, -29.683638146 ], [ -71.319318022999894, -29.683666081999899 ], [ -71.319248496999904, -29.683731845999901 ], [ -71.319055728, -29.683841371 ], [ -71.319027074, -29.683869892 ], [ -71.319014742, -29.6838873149999 ], [ -71.319013782999903, -29.683905228999901 ], [ -71.319027366999904, -29.6839788149999 ], [ -71.319010316999893, -29.684035818 ], [ -71.318942275, -29.684116057 ], [ -71.318773704, -29.684248147999899 ], [ -71.318764915, -29.684297858 ], [ -71.318783090999901, -29.684341006999901 ], [ -71.318868047, -29.684444632 ], [ -71.318911646999894, -29.6845184549999 ], [ -71.318923476, -29.6846054 ], [ -71.3189025409999, -29.684750759999901 ], [ -71.318908398, -29.684819451 ], [ -71.318920643, -29.684840715 ], [ -71.318967314, -29.6848815 ], [ -71.319090686, -29.684920635 ], [ -71.319134009, -29.684944825999899 ], [ -71.319161849, -29.684970488 ], [ -71.319185607, -29.6850135829999 ], [ -71.319228623999905, -29.68516464 ], [ -71.319318140999897, -29.685284467 ], [ -71.319359925999905, -29.685442082999899 ], [ -71.319371033, -29.685550463 ], [ -71.319358338, -29.685641876 ], [ -71.319311792999898, -29.685787928 ], [ -71.319306384, -29.685830282 ], [ -71.319318306999904, -29.685849349 ], [ -71.319390806999905, -29.685878129999899 ], [ -71.319457432, -29.685897166 ], [ -71.3195847329999, -29.685903115 ], [ -71.319773825, -29.685914404999899 ], [ -71.319903992, -29.685901397 ], [ -71.319991671, -29.685913285 ], [ -71.320080463999901, -29.685958646 ], [ -71.320115, -29.686003903 ], [ -71.320125741, -29.686029286 ], [ -71.320129999, -29.686057855999898 ], [ -71.320113153, -29.68609815 ], [ -71.320081981, -29.686122488 ], [ -71.320037807999896, -29.686142342 ], [ -71.319961481999897, -29.68615219 ], [ -71.319801073999898, -29.686140074 ], [ -71.31973026, -29.686144852 ], [ -71.319626832, -29.686183402 ], [ -71.319576544, -29.686222595999901 ], [ -71.319551455, -29.686272760999898 ], [ -71.319548955999906, -29.686406151 ], [ -71.31951359, -29.686500978 ], [ -71.31950474, -29.686543684 ], [ -71.319525402, -29.6865873849999 ], [ -71.319556718999905, -29.686605600999901 ], [ -71.319610836, -29.686619117 ], [ -71.319716878, -29.686618247999899 ], [ -71.319950422, -29.686582229 ], [ -71.320172409999898, -29.686526725 ], [ -71.320238536, -29.686523042 ], [ -71.3202961329999, -29.6865424709999 ], [ -71.320310519, -29.686557003 ], [ -71.32035087, -29.686636724 ], [ -71.320361721, -29.686645309 ], [ -71.320427725999906, -29.686680313 ], [ -71.320531155, -29.686710997 ], [ -71.320549328, -29.686727656999899 ], [ -71.320552566999893, -29.686793891 ], [ -71.320532058, -29.686863361999901 ], [ -71.320520103, -29.6869807479999 ], [ -71.320502513999898, -29.687039733999899 ], [ -71.320450164, -29.687143044 ], [ -71.320292281, -29.687385870999901 ], [ -71.320272664, -29.6874442129999 ], [ -71.320293287, -29.687522241 ], [ -71.320347925, -29.687627654 ], [ -71.320379857, -29.687667489 ], [ -71.320487059, -29.687763143 ], [ -71.320499525999907, -29.687802356 ], [ -71.320500129, -29.687849363999899 ], [ -71.320442189999895, -29.688062862 ], [ -71.320417998, -29.68812272 ], [ -71.320281683, -29.6883711209999 ], [ -71.320165072999899, -29.688565878 ], [ -71.320152572, -29.688622533999901 ], [ -71.320160895999905, -29.6886648199999 ], [ -71.320201488, -29.688704506 ], [ -71.320229641, -29.688719111 ], [ -71.320311292, -29.688743458 ], [ -71.320461018999893, -29.688772156 ], [ -71.3205194989999, -29.688796065 ], [ -71.320536726999904, -29.688810869999902 ], [ -71.320574748999903, -29.688873083 ], [ -71.320623309, -29.688997922999899 ], [ -71.320661739999906, -29.689057018 ], [ -71.320844301, -29.689279422 ], [ -71.320889751, -29.689324835 ], [ -71.320914381, -29.689340042 ], [ -71.320934198, -29.689347905 ], [ -71.320986406, -29.6893431999999 ], [ -71.321118043999903, -29.68927288 ], [ -71.321158473, -29.689258504 ], [ -71.321208563, -29.6892669819999 ], [ -71.321258043999904, -29.689305399 ], [ -71.321336625, -29.689430166 ], [ -71.32138681, -29.689479325 ], [ -71.321498632, -29.689406264 ], [ -71.321589695999904, -29.689362124999899 ], [ -71.321732024, -29.689329012 ], [ -71.321824078, -29.689330469 ], [ -71.321858469999896, -29.689341813999899 ], [ -71.321907642, -29.689387461 ], [ -71.321930567, -29.689429957999899 ], [ -71.321945553, -29.689495198 ], [ -71.321941006, -29.6895374919999 ], [ -71.321912935999904, -29.6895916399999 ], [ -71.321833367, -29.6897052539999 ], [ -71.321751949, -29.689794441999901 ], [ -71.321700084, -29.689833484 ], [ -71.321655929, -29.689853502999899 ], [ -71.321572166, -29.689871371 ], [ -71.321527319, -29.689871669999899 ], [ -71.321477492, -29.689857742 ], [ -71.321448765999904, -29.689836671 ], [ -71.321423852999899, -29.6897927639999 ], [ -71.321391441999907, -29.68965301 ], [ -71.321380927999897, -29.689635864 ], [ -71.321343675, -29.689607656 ], [ -71.3211195169999, -29.689776192999901 ], [ -71.321069495, -29.689832467 ], [ -71.320865622, -29.690330206999899 ], [ -71.320843742, -29.690413664999902 ], [ -71.320824162, -29.690601316 ], [ -71.320805655999905, -29.690698153 ], [ -71.320774872, -29.69080222 ], [ -71.32069855, -29.690989639 ], [ -71.320679898, -29.691021980999899 ], [ -71.32063706, -29.691066301 ], [ -71.320496993999896, -29.691153556 ], [ -71.320470735, -29.691189549999901 ], [ -71.320424579, -29.691279073 ], [ -71.320349753999906, -29.691381713999899 ], [ -71.320301651, -29.691463652 ], [ -71.320276341, -29.691545925 ], [ -71.320270748, -29.691588873999901 ], [ -71.32027952, -29.691639606 ], [ -71.320333687, -29.691724892 ], [ -71.320335413, -29.691773364 ], [ -71.320313276, -29.6918266499999 ], [ -71.320261727999906, -29.69190875 ], [ -71.320127602999904, -29.6920450769999 ], [ -71.320077972, -29.69208592 ], [ -71.319986330999896, -29.692139606 ], [ -71.319902935, -29.692209132999899 ], [ -71.319695754999898, -29.692493554999899 ], [ -71.319644851, -29.692581639 ], [ -71.319539845, -29.692853703 ], [ -71.319431785999896, -29.693059079 ], [ -71.319245726, -29.6935078879999 ], [ -71.319086284, -29.693706264 ], [ -71.318848628999902, -29.694072928 ], [ -71.318821884, -29.694119425999901 ], [ -71.318775732999896, -29.694252877999901 ], [ -71.318741283, -29.694309371 ], [ -71.318613443999894, -29.694475885 ], [ -71.318407648999894, -29.694650151 ], [ -71.318322969, -29.694745718 ], [ -71.31829534, -29.694790375 ], [ -71.318272693, -29.694842751 ], [ -71.318248193, -29.694990058 ], [ -71.318225806, -29.695066907999902 ], [ -71.318173815, -29.695199595 ], [ -71.318093244, -29.695325479 ], [ -71.318076409, -29.695445331 ], [ -71.318034331, -29.695560676 ], [ -71.318041447, -29.695603150999901 ], [ -71.31805769, -29.695622321 ], [ -71.318154557999904, -29.695695046 ], [ -71.318170728, -29.695737500999901 ], [ -71.318160028, -29.69578052 ], [ -71.318103967999903, -29.695882696999899 ], [ -71.318072797, -29.696029503 ], [ -71.318052125999898, -29.696068991999901 ], [ -71.31801582, -29.6961043119999 ], [ -71.317945999, -29.696129511 ], [ -71.317801426999907, -29.696159324999901 ], [ -71.317752669999905, -29.696187215 ], [ -71.317750003, -29.696203572999899 ], [ -71.31775974, -29.696235013 ], [ -71.317852086999906, -29.6963699689999 ], [ -71.317874264999901, -29.696413519 ], [ -71.317878047, -29.696450851 ], [ -71.317876857, -29.696462808 ], [ -71.317843752, -29.696501682 ], [ -71.317686037, -29.696588294 ], [ -71.317672919, -29.696617783 ], [ -71.317675214, -29.69663852 ], [ -71.317695560999894, -29.696658746 ], [ -71.317794523, -29.696733357 ], [ -71.3178190309999, -29.696777735 ], [ -71.31781893, -29.696804363 ], [ -71.317753051999901, -29.697086751 ], [ -71.317717145999893, -29.697338284 ], [ -71.317672931999894, -29.6975412369999 ], [ -71.317661078, -29.697761452 ], [ -71.317648213, -29.697790255 ], [ -71.317630118999901, -29.697810408 ], [ -71.317281529999903, -29.6979863339999 ], [ -71.317166878, -29.698034570999901 ], [ -71.317106037, -29.6980795969999 ], [ -71.317127219, -29.6981203459999 ], [ -71.317149443999895, -29.698134394 ], [ -71.317333437999906, -29.698170088 ], [ -71.317374865, -29.698190898 ], [ -71.317395104, -29.698212591999901 ], [ -71.317362552, -29.698261767 ], [ -71.317299547999895, -29.698316776 ], [ -71.317193813, -29.6983929639999 ], [ -71.317147436, -29.698445198999899 ], [ -71.317166572, -29.698485300999899 ], [ -71.317220761, -29.698510266 ], [ -71.317295149, -29.698527026 ], [ -71.3174632449999, -29.698540481999899 ], [ -71.317510866, -29.6985581879999 ], [ -71.317527992, -29.698576311 ], [ -71.317555345999907, -29.698698874999899 ], [ -71.317606815, -29.698770566 ], [ -71.3176483, -29.69884673 ], [ -71.317703721, -29.699022391 ], [ -71.317716299, -29.699071242999899 ], [ -71.317717112, -29.699116632 ], [ -71.317695139, -29.699164353 ], [ -71.317614662, -29.699249617 ], [ -71.317600699, -29.699301299 ], [ -71.317629982, -29.699433853999899 ], [ -71.3176349189999, -29.699571883 ], [ -71.317648691, -29.699667034 ], [ -71.31763991, -29.699843598 ], [ -71.317657171999898, -29.699888883 ], [ -71.317722418, -29.699973003 ], [ -71.317736477, -29.700026030999901 ], [ -71.317731753, -29.7000682349999 ], [ -71.317717495, -29.700108276 ], [ -71.317684861, -29.70015719 ], [ -71.317647023999896, -29.700197428 ], [ -71.317630336, -29.700246541999899 ], [ -71.317669791999904, -29.700287312999901 ], [ -71.317709739, -29.700302318999899 ], [ -71.317784648, -29.700314767999899 ], [ -71.317895652999894, -29.700308333 ], [ -71.31791735, -29.700312179 ], [ -71.317931572, -29.7003305009999 ], [ -71.317919403, -29.700379895 ], [ -71.317888194, -29.700421237999901 ], [ -71.317869495, -29.700463108 ], [ -71.317863820999904, -29.700519568999901 ], [ -71.317869110999894, -29.700560615 ], [ -71.317885336, -29.7006037529999 ], [ -71.317911811, -29.70064703 ], [ -71.318008166, -29.700761973999899 ], [ -71.318032865, -29.700829046 ], [ -71.318024615, -29.700893863 ], [ -71.317971319, -29.70100503 ], [ -71.317958268, -29.7010614719999 ], [ -71.317969422, -29.701363817999901 ], [ -71.317985222999894, -29.701412332 ], [ -71.318012118, -29.701438188999902 ], [ -71.318044335, -29.701455514 ], [ -71.318124912, -29.701487442 ], [ -71.318233597999907, -29.701549019 ], [ -71.318306403, -29.701579801 ], [ -71.318375483999901, -29.701590456 ], [ -71.3185473569999, -29.70156767 ], [ -71.31868981, -29.701583575 ], [ -71.318957220999906, -29.701668551999902 ], [ -71.319044297999895, -29.7016855799999 ], [ -71.31917642, -29.701699087999899 ], [ -71.319273123, -29.7017218999999 ], [ -71.319358677, -29.7017581069999 ], [ -71.31943154, -29.701818041 ], [ -71.319491134, -29.701896849 ], [ -71.319522215999896, -29.701957046 ], [ -71.3195853779999, -29.702159971 ], [ -71.319618968, -29.702223159 ], [ -71.319674243999899, -29.702265793 ], [ -71.319753141, -29.702311761 ], [ -71.319792059999898, -29.702360282 ], [ -71.31981403, -29.702405357 ], [ -71.319830638, -29.702472083 ], [ -71.319831254999897, -29.702517422 ], [ -71.319790585, -29.702678437 ], [ -71.319796870999895, -29.7027239069999 ], [ -71.319809828, -29.702748154999899 ], [ -71.319878741, -29.702812424999902 ], [ -71.3199175, -29.702859135 ], [ -71.320030435, -29.703081182999899 ], [ -71.320130085999907, -29.703231964999901 ], [ -71.320172452999898, -29.703283615 ], [ -71.320288889, -29.703393936999898 ], [ -71.320440391, -29.703480759999898 ], [ -71.320511425999896, -29.703532058999901 ], [ -71.320556997, -29.703579268999899 ], [ -71.320573898, -29.703608173 ], [ -71.320579161, -29.7036273269999 ], [ -71.320565828, -29.703670289999899 ], [ -71.320454153, -29.703800464 ], [ -71.320389217, -29.703898909 ], [ -71.320381905, -29.703941019 ], [ -71.320398137, -29.703963137999899 ], [ -71.320439113, -29.703986781 ], [ -71.320499728999906, -29.703989921 ], [ -71.320623259999905, -29.703982325 ], [ -71.320754209, -29.704000317 ], [ -71.320821676, -29.704000833999899 ], [ -71.321257986, -29.703928824999899 ], [ -71.321452026, -29.70395554 ], [ -71.321563308999899, -29.703948824 ], [ -71.321832645, -29.703889965 ], [ -71.321958917, -29.703849057 ], [ -71.322154531, -29.7037384029999 ], [ -71.322471847, -29.7036088199999 ], [ -71.322532189, -29.703592645 ], [ -71.322699109, -29.703569023999901 ], [ -71.32287495, -29.703532637 ], [ -71.323012605, -29.703530669 ], [ -71.323192277, -29.703561232 ], [ -71.323264557999906, -29.703566819999899 ], [ -71.323552314, -29.703560658999901 ], [ -71.32365612, -29.7035423889999 ], [ -71.323685772, -29.703532752999902 ], [ -71.323756545, -29.703488035 ], [ -71.323886430999906, -29.703372176999899 ], [ -71.323986874999903, -29.703295232 ], [ -71.324221111, -29.70316789 ], [ -71.324360552, -29.703056276 ], [ -71.324402779, -29.703034256 ], [ -71.32454573, -29.70299503 ], [ -71.32460251, -29.702960901 ], [ -71.324821313, -29.702763228 ], [ -71.324924484999897, -29.702654442 ], [ -71.325145425999906, -29.7024951399999 ], [ -71.325294734, -29.702348607 ], [ -71.325345193, -29.702309837 ], [ -71.325398639999904, -29.702294217 ], [ -71.325616004, -29.702321906999899 ], [ -71.325970647, -29.702309549999899 ], [ -71.326038012, -29.702319223 ], [ -71.326152944999905, -29.7023556299999 ], [ -71.326166488999903, -29.702352629 ], [ -71.32618179, -29.70231504 ], [ -71.326190488, -29.702183023 ], [ -71.326203106, -29.7021275449999 ], [ -71.326219287999905, -29.702087158 ], [ -71.326250328999905, -29.702042443 ], [ -71.326298639999905, -29.702021827 ], [ -71.326345133, -29.702024243 ], [ -71.326408392, -29.702047367 ], [ -71.326461826, -29.702088521 ], [ -71.326531002, -29.702181402999901 ], [ -71.326569455, -29.702270719 ], [ -71.326593344999907, -29.702406642 ], [ -71.326593639999899, -29.702475206 ], [ -71.32658516, -29.702538999 ], [ -71.32656739, -29.702584503 ], [ -71.326514599999896, -29.702625004 ], [ -71.326430579, -29.702646584 ], [ -71.326320088, -29.702655195 ], [ -71.326294388999898, -29.702671756 ], [ -71.326276929, -29.702698037999902 ], [ -71.326150951, -29.703130674 ], [ -71.326104471, -29.703446401999901 ], [ -71.326119908, -29.703532958 ], [ -71.326163837, -29.703584165999899 ], [ -71.326208068, -29.70360191 ], [ -71.326258052, -29.7036118249999 ], [ -71.326418484, -29.7036122609999 ], [ -71.326522382, -29.703624169 ], [ -71.326613476, -29.703660682 ], [ -71.32664692, -29.703715137 ], [ -71.326649596, -29.703762158 ], [ -71.326640595, -29.703804169 ], [ -71.326583397, -29.703935843999901 ], [ -71.326579771999903, -29.704068189999902 ], [ -71.326569043999896, -29.704118304 ], [ -71.326480574999906, -29.704284887 ], [ -71.326466931, -29.704326645 ], [ -71.326460487, -29.704413555 ], [ -71.326477688, -29.704538265999901 ], [ -71.326522063, -29.70459656 ], [ -71.326616612, -29.704675358 ], [ -71.326673913, -29.704754684 ], [ -71.326714857, -29.704798605999901 ], [ -71.326795558, -29.704836429 ], [ -71.326932472, -29.704867059 ], [ -71.327067668, -29.704913199 ], [ -71.327152945, -29.704951669 ], [ -71.327200305, -29.704992103999899 ], [ -71.327210268, -29.705015671999899 ], [ -71.327212916, -29.705059976 ], [ -71.327155742999906, -29.705321118 ], [ -71.327151923, -29.705383352 ], [ -71.327163974, -29.705425208999898 ], [ -71.327201079, -29.705474979 ], [ -71.32728789, -29.705521844 ], [ -71.327518012, -29.7055875349999 ], [ -71.327737876, -29.705660199 ], [ -71.327922379, -29.705744530999901 ], [ -71.327978671, -29.705791782999899 ], [ -71.328127901, -29.705963245 ], [ -71.3281992, -29.706066821 ], [ -71.328236144999906, -29.706101638 ], [ -71.328328853, -29.706159790999902 ], [ -71.328354187999906, -29.7062164459999 ], [ -71.328353649, -29.70628224 ], [ -71.328334548, -29.70638559 ], [ -71.328311331, -29.7064426479999 ], [ -71.328256951, -29.7065274949999 ], [ -71.328244664, -29.7065657049999 ], [ -71.328241724, -29.706608294 ], [ -71.328248861, -29.706657412 ], [ -71.328273216999904, -29.706733142 ], [ -71.328370997, -29.706982393 ], [ -71.328409050999895, -29.707049076 ], [ -71.32841973, -29.707088896999899 ], [ -71.328378468, -29.707133585999902 ], [ -71.328324912, -29.707154626 ], [ -71.328280584, -29.7071814459999 ], [ -71.328257021, -29.707226599 ], [ -71.328252383999896, -29.70729037 ], [ -71.328263502, -29.707342774 ], [ -71.328294077, -29.707409608 ], [ -71.328333084999898, -29.707464076 ], [ -71.328420652, -29.707553791999899 ], [ -71.328434949, -29.707583077 ], [ -71.328433859, -29.707629579 ], [ -71.328413107, -29.707673389 ], [ -71.328373773, -29.707725264 ], [ -71.328171074999901, -29.7079295459999 ], [ -71.328103231999904, -29.707978262 ], [ -71.327911012, -29.708075236 ], [ -71.32785441, -29.708129153999899 ], [ -71.327832182, -29.7081774279999 ], [ -71.327828054, -29.708210455 ], [ -71.327820317, -29.708428308999899 ], [ -71.327828939, -29.708489444 ], [ -71.327868382, -29.708611946 ], [ -71.327917430999904, -29.708713374999899 ], [ -71.328014197, -29.708860527999899 ], [ -71.328034276, -29.708917144999901 ], [ -71.328049356, -29.709033460999901 ], [ -71.328073603, -29.709093036 ], [ -71.328215157, -29.709253658 ], [ -71.328353534, -29.709430668 ], [ -71.328446847999899, -29.709520429999898 ], [ -71.328553526999897, -29.709566426 ], [ -71.328908111, -29.7096291679999 ], [ -71.328999853, -29.709633149 ], [ -71.329169282, -29.709609364999899 ], [ -71.329234594999903, -29.709608242999899 ], [ -71.329273056, -29.709615124 ], [ -71.329291213, -29.70965512 ], [ -71.329273633999904, -29.709804758 ], [ -71.329303276, -29.709977747 ], [ -71.329277874, -29.710025089999899 ], [ -71.329225784999906, -29.710039465 ], [ -71.328998725, -29.710064018 ], [ -71.328821183999906, -29.710112566 ], [ -71.328762361, -29.710099402 ], [ -71.328687374, -29.710062256 ], [ -71.32861482, -29.710036956 ], [ -71.32854757, -29.710030994 ], [ -71.328506703, -29.710042611999899 ], [ -71.328110237, -29.710287997 ], [ -71.327960850999901, -29.71042118 ], [ -71.327870796999903, -29.7105118429999 ], [ -71.327809734, -29.710540884999901 ], [ -71.327765089, -29.710541774 ], [ -71.327712994, -29.710531389 ], [ -71.327650236, -29.71050916 ], [ -71.327607498, -29.710485149 ], [ -71.327538623999899, -29.710424804999899 ], [ -71.327413392, -29.710284171999898 ], [ -71.327364099, -29.710242478999898 ], [ -71.327290714999904, -29.710197345 ], [ -71.327225589, -29.710183088999901 ], [ -71.327155516999895, -29.710179326999899 ], [ -71.326936857, -29.71019752 ], [ -71.326845777, -29.7101936789999 ], [ -71.326564541, -29.710123321 ], [ -71.326479148, -29.710111963 ], [ -71.326428518999904, -29.710117486999899 ], [ -71.326347486, -29.710144406 ], [ -71.326207793, -29.710221221 ], [ -71.326156747, -29.710242348 ], [ -71.325896573, -29.710276731 ], [ -71.325674353, -29.710339458 ], [ -71.325636413, -29.710343194 ], [ -71.325591878999901, -29.71033713 ], [ -71.325488204, -29.710286824 ], [ -71.325425443, -29.710277136999899 ], [ -71.325233318, -29.710301912 ], [ -71.325032786999898, -29.710302371999902 ], [ -71.324839904, -29.710323120999899 ], [ -71.324771853999906, -29.710339464999901 ], [ -71.324720051, -29.7103792509999 ], [ -71.324659971999907, -29.710472240999898 ], [ -71.324448348, -29.710704700999901 ], [ -71.324407323999907, -29.710768591 ], [ -71.324330964, -29.710919429999901 ], [ -71.324222993, -29.71105304 ], [ -71.324088564, -29.711368175 ], [ -71.323914128999903, -29.711918689999901 ], [ -71.323837817, -29.712226766999901 ], [ -71.323860025, -29.7125037489999 ], [ -71.323871658, -29.7125544959999 ], [ -71.323923628, -29.712694875 ], [ -71.323943684, -29.712797833 ], [ -71.323934793, -29.7128587189999 ], [ -71.32390251, -29.712936285 ], [ -71.323868789999906, -29.7130886109999 ], [ -71.323841856999906, -29.713152229999899 ], [ -71.323804122, -29.713202187 ], [ -71.323734513, -29.71326905 ], [ -71.323690047999904, -29.713349274999899 ], [ -71.323688611, -29.713409087999899 ], [ -71.323730791999907, -29.7135345199999 ], [ -71.323726178999905, -29.71356832 ], [ -71.323688924, -29.713628327 ], [ -71.32359844, -29.713705252999901 ], [ -71.323578435999906, -29.713739791 ], [ -71.323573279999906, -29.7137824009999 ], [ -71.323586754, -29.713881245 ], [ -71.323570994, -29.713939288999899 ], [ -71.323492726, -29.714033617 ], [ -71.323429656, -29.714163013 ], [ -71.323393789, -29.714210813 ], [ -71.323233403, -29.714362567 ], [ -71.323093235, -29.714474373 ], [ -71.323052791, -29.714523712999899 ], [ -71.323039965, -29.714552329999901 ], [ -71.323030990999897, -29.714592836 ], [ -71.323041030999903, -29.714645057 ], [ -71.323061073, -29.714675155 ], [ -71.323148852, -29.71476161 ], [ -71.323170854999901, -29.714820932999899 ], [ -71.323177239, -29.714870002999898 ], [ -71.323178237, -29.714935733999901 ], [ -71.323169658, -29.715000749 ], [ -71.323108282, -29.715152261999901 ], [ -71.323094268, -29.715208358 ], [ -71.32309148, -29.715253138 ], [ -71.323103282, -29.715374295999901 ], [ -71.323096285, -29.7154339329999 ], [ -71.323074291, -29.715494411999899 ], [ -71.32303339, -29.715540447 ], [ -71.322828936, -29.715697040999899 ], [ -71.322794872, -29.715739641 ], [ -71.322783207, -29.715784877 ], [ -71.3228232929999, -29.7159558349999 ], [ -71.3228487599999, -29.716168906 ], [ -71.322842027, -29.716210670999899 ], [ -71.322801341999906, -29.7163026069999 ], [ -71.322798545, -29.716345018 ], [ -71.322843166, -29.716458324 ], [ -71.322870496, -29.716644276999901 ], [ -71.322918973, -29.716690457 ], [ -71.322957298999896, -29.7166954099999 ], [ -71.323129848, -29.716679290999899 ], [ -71.323356609, -29.716681536 ], [ -71.323415959, -29.716686669 ], [ -71.323459586999903, -29.716706538 ], [ -71.323506521999903, -29.716751036999899 ], [ -71.323527943, -29.716801104 ], [ -71.323557737, -29.716926878 ], [ -71.3235653, -29.717045965999901 ], [ -71.323543400999895, -29.717128976 ], [ -71.323450416999904, -29.717323431999901 ], [ -71.323422026999907, -29.717372336 ], [ -71.323370638, -29.717433942 ], [ -71.323241604, -29.71755093 ], [ -71.323157269, -29.71759838 ], [ -71.323077866999895, -29.717613506 ], [ -71.322897032, -29.717613562999901 ], [ -71.322835396, -29.717640236 ], [ -71.322784445, -29.717702408 ], [ -71.322723197999906, -29.717817343 ], [ -71.322690715, -29.717899418999899 ], [ -71.322686952, -29.717954595 ], [ -71.322700894, -29.717995457 ], [ -71.322756227, -29.718085361 ], [ -71.322825049999906, -29.718254577 ], [ -71.322944687, -29.718440834 ], [ -71.322965696, -29.718458647 ], [ -71.323014141, -29.7184797899999 ], [ -71.323138421, -29.7184975 ], [ -71.323188875, -29.718513824999899 ], [ -71.323216833999894, -29.718536707999899 ], [ -71.32323851, -29.718578668 ], [ -71.323238494999899, -29.718635782 ], [ -71.323218873, -29.718763593999899 ], [ -71.323174995, -29.718944694 ], [ -71.323164134, -29.719097884 ], [ -71.323144826, -29.719145334 ], [ -71.323087565, -29.719200123999901 ], [ -71.323070553, -29.719229286 ], [ -71.323074162, -29.719276583 ], [ -71.32310612, -29.719347316 ], [ -71.323167677999905, -29.719436218999899 ], [ -71.323224212999904, -29.719478040999899 ], [ -71.323273618, -29.719491257 ], [ -71.323367818999898, -29.719498293999902 ], [ -71.323418655, -29.719510365 ], [ -71.323460273, -29.719525786 ], [ -71.323535225999905, -29.719569831999902 ], [ -71.323581423, -29.719613641 ], [ -71.323595592999894, -29.719636955999899 ], [ -71.323602846, -29.719658683 ], [ -71.323602318, -29.719701143999899 ], [ -71.323592709, -29.719720719999899 ], [ -71.323554153, -29.7197411299999 ], [ -71.323417886999906, -29.719753216999901 ], [ -71.323351762999906, -29.719780279 ], [ -71.323311334, -29.719826338 ], [ -71.323196961999898, -29.720018497 ], [ -71.323149413, -29.720062428999899 ], [ -71.323117065, -29.720080798 ], [ -71.323039063, -29.720102375 ], [ -71.322880402, -29.720105649999901 ], [ -71.32279493, -29.72011843 ], [ -71.322598798999906, -29.720198916999902 ], [ -71.322520568, -29.720254514 ], [ -71.322455896, -29.7203413189999 ], [ -71.322363627, -29.720565657999899 ], [ -71.322281988, -29.720689949 ], [ -71.322221796, -29.7208569699999 ], [ -71.322107920999898, -29.721013328 ], [ -71.322062605, -29.721122551 ], [ -71.32203048, -29.721160767999901 ], [ -71.321927961, -29.721238861 ], [ -71.321921582, -29.721289118 ], [ -71.321932541, -29.721329156 ], [ -71.321979504, -29.721390108 ], [ -71.322059387, -29.72145674 ], [ -71.322110051, -29.721510173 ], [ -71.322153011, -29.721577983 ], [ -71.32223278, -29.7219193019999 ], [ -71.322247496, -29.721960479 ], [ -71.322294392999893, -29.722021382 ], [ -71.322334514, -29.722053980999899 ], [ -71.322544509999901, -29.722181765999899 ], [ -71.322666477, -29.722322469999899 ], [ -71.322718197, -29.722364028 ], [ -71.32282866, -29.7224117499999 ], [ -71.322966634, -29.722439339999902 ], [ -71.323013688999893, -29.722469347999901 ], [ -71.323037024, -29.7225006849999 ], [ -71.323057101, -29.722544889999899 ], [ -71.323062916, -29.722605203999901 ], [ -71.323052509, -29.722716048999899 ], [ -71.323056015, -29.72276913 ], [ -71.323093468, -29.722851493 ], [ -71.323229033, -29.722983038999899 ], [ -71.323304208, -29.723128030999899 ], [ -71.323427451, -29.723273503 ], [ -71.323472451, -29.723315433 ], [ -71.323550516999902, -29.723355425 ], [ -71.323818194, -29.7234069679999 ], [ -71.323863075, -29.723427838 ], [ -71.323925102, -29.723495269 ], [ -71.324000253999898, -29.723545971 ], [ -71.324091717, -29.723580447 ], [ -71.324276702, -29.723617614 ], [ -71.32436802, -29.723622766999899 ], [ -71.324556677, -29.723592712 ], [ -71.324770703999903, -29.723615439 ], [ -71.324953068999903, -29.723576275 ], [ -71.325021726, -29.723571444 ], [ -71.3250818, -29.723583097999899 ], [ -71.325154981, -29.723624975 ], [ -71.325217134999903, -29.723671606 ], [ -71.325282178999899, -29.723690769 ], [ -71.325620054999902, -29.723687782 ], [ -71.325846301999903, -29.723642205 ], [ -71.325895459, -29.723647974999899 ], [ -71.325940197, -29.7236722389999 ], [ -71.325941956, -29.723722032 ], [ -71.325907606, -29.723777939999898 ], [ -71.325850359999905, -29.7238385489999 ], [ -71.325716074999903, -29.723946177 ], [ -71.325678092, -29.724028716 ], [ -71.325647782, -29.724124027 ], [ -71.325619971, -29.7242500159999 ], [ -71.32558921, -29.724569032 ], [ -71.325621377999894, -29.724712410999899 ], [ -71.325623484999895, -29.724756585 ], [ -71.325610696, -29.724846763 ], [ -71.325580663, -29.7249374109999 ], [ -71.325532510999906, -29.725002018999898 ], [ -71.325486267, -29.725043429 ], [ -71.325443234, -29.725069489 ], [ -71.325298087, -29.725116987 ], [ -71.325256464999896, -29.725152727 ], [ -71.325234306, -29.725202602 ], [ -71.325223232, -29.725486714999899 ], [ -71.325232066999902, -29.725561386 ], [ -71.325269324, -29.725712259 ], [ -71.325278677, -29.725943483 ], [ -71.325295231, -29.7260889689999 ], [ -71.325283623, -29.726149630999899 ], [ -71.325230244999901, -29.726238118 ], [ -71.325212409999907, -29.72628943 ], [ -71.325230132999906, -29.726332866 ], [ -71.325359631, -29.726432565 ], [ -71.325401639999896, -29.726476972999901 ], [ -71.325426389, -29.726537278 ], [ -71.325441871, -29.7266461369999 ], [ -71.325489370999904, -29.726703442 ], [ -71.325555643, -29.726737581999899 ], [ -71.325577162999906, -29.726756252 ], [ -71.325599468, -29.726802842 ], [ -71.325600317, -29.727028901 ], [ -71.325543745999894, -29.727292765 ], [ -71.325508302999907, -29.7275011199999 ], [ -71.325477345, -29.727579417 ], [ -71.325387948999904, -29.727671748 ], [ -71.325357010999895, -29.727739441 ], [ -71.325359251999899, -29.727808382 ], [ -71.32538985, -29.727895168 ], [ -71.325398175, -29.727954743999899 ], [ -71.325383473, -29.728045306999899 ], [ -71.325330041, -29.728267963 ], [ -71.325328348, -29.728358214 ], [ -71.325340941, -29.7284039749999 ], [ -71.325373167, -29.728447377 ], [ -71.325484312999905, -29.728531043 ], [ -71.325504695999896, -29.728556076 ], [ -71.325521196999901, -29.7285824689999 ], [ -71.325574181, -29.728717504 ], [ -71.325689957999899, -29.72881044 ], [ -71.325721686999898, -29.728852618 ], [ -71.325733349, -29.7288966099999 ], [ -71.325736124999906, -29.728943581 ], [ -71.325707568, -29.729311057 ], [ -71.325708294, -29.729446762 ], [ -71.325717186, -29.729524399999899 ], [ -71.325754721, -29.7296674369999 ], [ -71.325776770999894, -29.729844171 ], [ -71.325789904, -29.729890441 ], [ -71.325889269999905, -29.730008152 ], [ -71.325925172, -29.730070203 ], [ -71.325954979999906, -29.7301568419999 ], [ -71.325959599, -29.730227135 ], [ -71.325893838, -29.73047644 ], [ -71.325856082, -29.730528010999901 ], [ -71.325753837, -29.730606613 ], [ -71.325724882, -29.73065278 ], [ -71.325717337999905, -29.730694217 ], [ -71.325719417, -29.730829946 ], [ -71.325688575999905, -29.731016354 ], [ -71.325687452999901, -29.731061425999901 ], [ -71.325705721, -29.7311569579999 ], [ -71.32570043, -29.7311986039999 ], [ -71.325672106, -29.7312459199999 ], [ -71.325438726, -29.731517383 ], [ -71.325319347999894, -29.731688998 ], [ -71.325195016, -29.7318496309999 ], [ -71.325181156, -29.731886913 ], [ -71.325178761, -29.7319296639999 ], [ -71.325217839999894, -29.732186840999901 ], [ -71.325218139999905, -29.7322344419999 ], [ -71.325207344, -29.732281566 ], [ -71.325166216999904, -29.732360587 ], [ -71.325088428, -29.7324653659999 ], [ -71.3250230579999, -29.732575977 ], [ -71.3249463719999, -29.73268257 ], [ -71.324946709, -29.732728384 ], [ -71.325018257999901, -29.732864156999899 ], [ -71.325036306, -29.73293804 ], [ -71.325053453999899, -29.7330861689999 ], [ -71.325048685, -29.733264882 ], [ -71.325063896999893, -29.733361491 ], [ -71.325094432999904, -29.733448619999901 ], [ -71.325176747999905, -29.733593536999901 ], [ -71.325234613, -29.733738397 ], [ -71.325263096999905, -29.7337884209999 ], [ -71.325307992, -29.733824029999901 ], [ -71.325442067, -29.733897816 ], [ -71.325530843, -29.733971175 ], [ -71.325645042, -29.73403601 ], [ -71.325707509, -29.7341150419999 ], [ -71.325735314, -29.734167754999898 ], [ -71.325745871, -29.734218101 ], [ -71.325736696, -29.734260513 ], [ -71.32571109, -29.734302984 ], [ -71.325697918999893, -29.734351321 ], [ -71.325730641, -29.734366474999899 ], [ -71.325801113, -29.734369049999898 ], [ -71.325964711, -29.734335109 ], [ -71.326030136, -29.734330051 ], [ -71.326075937, -29.734337828 ], [ -71.326099853, -29.734351811 ], [ -71.326117134, -29.734373027999901 ], [ -71.326128576, -29.734410345 ], [ -71.326127227, -29.734455597 ], [ -71.326119632, -29.73448726 ], [ -71.326076806999893, -29.734582395 ], [ -71.326069479999902, -29.734622916 ], [ -71.326091274, -29.734663837 ], [ -71.326119515, -29.734685133 ], [ -71.326184651999895, -29.734710728 ], [ -71.326246856999902, -29.734717417999899 ], [ -71.326323456999901, -29.734710865999901 ], [ -71.32647465, -29.734676088999901 ], [ -71.326563834, -29.734664154 ], [ -71.327080125999899, -29.734677115999901 ], [ -71.327154827, -29.734687247 ], [ -71.327226105, -29.734710204999899 ], [ -71.327248756999893, -29.734725677 ], [ -71.327291531999904, -29.734774086 ], [ -71.327366575, -29.734938832 ], [ -71.327362009, -29.734981862 ], [ -71.327323795, -29.735029036 ], [ -71.32719603, -29.735168162 ], [ -71.327130124999897, -29.735224280999901 ], [ -71.326986129, -29.735305344 ], [ -71.32678773, -29.735381536 ], [ -71.326705408, -29.735432862 ], [ -71.326658939, -29.735476567 ], [ -71.326648997999897, -29.735528609 ], [ -71.326658892, -29.735566855999899 ], [ -71.326739518, -29.735733227 ], [ -71.326747374, -29.735782399 ], [ -71.326744603, -29.735843673 ], [ -71.326730290999905, -29.735928381 ], [ -71.326712939999894, -29.735984718999902 ], [ -71.326684704999906, -29.736041847 ], [ -71.326612945, -29.736151204999899 ], [ -71.326572918, -29.736249009999899 ], [ -71.326552684, -29.73633566 ], [ -71.326551842999905, -29.736380853999901 ], [ -71.326560139, -29.736424413 ], [ -71.326587996999905, -29.736466956 ], [ -71.326700748999897, -29.7365424 ], [ -71.326747368, -29.7365818819999 ], [ -71.32684399, -29.736705027 ], [ -71.32698191, -29.736795571999899 ], [ -71.3271111829999, -29.736918706 ], [ -71.327147235, -29.73699615 ], [ -71.327198255, -29.737173492 ], [ -71.327245711, -29.737239277999901 ], [ -71.327515138, -29.737358124 ], [ -71.327645113, -29.737441996 ], [ -71.327705201999905, -29.737503644999901 ], [ -71.327724828, -29.737643428999899 ], [ -71.327737385, -29.737672457 ], [ -71.327751952, -29.737687531999899 ], [ -71.327782261, -29.737701656999899 ], [ -71.327898929, -29.737729487 ], [ -71.327938138, -29.73774516 ], [ -71.327989744, -29.73777481 ], [ -71.328058625, -29.737835984999901 ], [ -71.328075013, -29.73786303 ], [ -71.328083397999904, -29.737910325 ], [ -71.32806283, -29.738058044 ], [ -71.328068088, -29.738105628 ], [ -71.328079255, -29.738135930999899 ], [ -71.328112956, -29.7381862249999 ], [ -71.328207347, -29.738275035999902 ], [ -71.328277898, -29.7383589209999 ], [ -71.328416294, -29.738586154 ], [ -71.328485262999905, -29.738610932 ], [ -71.328781944999903, -29.738665306 ], [ -71.328855737, -29.73867201 ], [ -71.328916643, -29.738666598 ], [ -71.329160858, -29.738610582 ], [ -71.329267736, -29.738596086 ], [ -71.329496686, -29.7385854569999 ], [ -71.329852535, -29.738594033 ], [ -71.329967124999897, -29.738585219999901 ], [ -71.330148213, -29.7385584109999 ], [ -71.330235990999896, -29.738554581 ], [ -71.330307687999905, -29.738559967999901 ], [ -71.330626141, -29.738612732 ], [ -71.330953823999906, -29.738685658 ], [ -71.331168326999901, -29.73870597 ], [ -71.331314925, -29.738731346 ], [ -71.33138468, -29.738730092 ], [ -71.331614067, -29.738694853 ], [ -71.331748663, -29.7386895829999 ], [ -71.331793472, -29.738709105999899 ], [ -71.331807071999904, -29.738723315999898 ], [ -71.331887279999904, -29.738856757999901 ], [ -71.331936744, -29.738914209 ], [ -71.332021286, -29.738992728 ], [ -71.332086609, -29.739036446999901 ], [ -71.332243024, -29.739111051 ], [ -71.332381286, -29.739214107 ], [ -71.332440192, -29.739224405 ], [ -71.332491827999903, -29.739215895 ], [ -71.332559277, -29.739187917 ], [ -71.332697974, -29.739108873 ], [ -71.33284946, -29.739035004999899 ], [ -71.333011222, -29.738922115 ], [ -71.333116063, -29.7388230789999 ], [ -71.333327240999907, -29.7386954679999 ], [ -71.333383442, -29.738680170999899 ], [ -71.333434074, -29.7386900569999 ], [ -71.333644377, -29.73878389 ], [ -71.333687401, -29.7388089569999 ], [ -71.333744007, -29.738859595 ], [ -71.333771837, -29.738899790999898 ], [ -71.333787543, -29.738941859 ], [ -71.333807758, -29.739086110999899 ], [ -71.333826616, -29.739235556 ], [ -71.3338314, -29.739365595 ], [ -71.333846503, -29.739531605 ], [ -71.333843429, -29.7396663869999 ], [ -71.333855491, -29.7397411769999 ], [ -71.333882012999894, -29.739802867 ], [ -71.333958389, -29.739937166999901 ], [ -71.334004073, -29.74007204 ], [ -71.334047504, -29.740162391 ], [ -71.334140803, -29.740317698999899 ], [ -71.334161737, -29.740340628999899 ], [ -71.334212506, -29.740373985 ], [ -71.334342522, -29.740412278999901 ], [ -71.334499562, -29.740475580999899 ], [ -71.334615877, -29.740506970999899 ], [ -71.334945858, -29.740620591 ], [ -71.334989096, -29.740623538 ], [ -71.335090803, -29.740610209 ], [ -71.335127842, -29.740614013 ], [ -71.335171738, -29.740628689999902 ], [ -71.335238601999905, -29.740660451999901 ], [ -71.335289808, -29.740702575999901 ], [ -71.335403577, -29.740847565 ], [ -71.335460785, -29.740884845 ], [ -71.335534205, -29.740905027999901 ], [ -71.335791504, -29.740920613 ], [ -71.336027557, -29.740896334 ], [ -71.336076831, -29.740905520999899 ], [ -71.336187948, -29.7409510439999 ], [ -71.336258059, -29.740959183 ], [ -71.336376905, -29.740929545 ], [ -71.336503896, -29.740862148 ], [ -71.336599847999906, -29.740827313999901 ], [ -71.336705789999897, -29.740812811 ], [ -71.336798184, -29.740828211 ], [ -71.336987925, -29.740977108 ], [ -71.3370660369999, -29.7411084149999 ], [ -71.337112202999904, -29.741154498999901 ], [ -71.337204218999901, -29.741215640999901 ], [ -71.337290380999903, -29.741259281999898 ], [ -71.337380300999897, -29.741292765 ], [ -71.337447711, -29.741308199999899 ], [ -71.337518282, -29.741314712 ], [ -71.337561912999902, -29.7413110419999 ], [ -71.337646019, -29.741283966 ], [ -71.337787192, -29.7411982909999 ], [ -71.337837271, -29.741184968 ], [ -71.337879528, -29.7411893519999 ], [ -71.337924702999899, -29.741216543 ], [ -71.338051378, -29.741319170999901 ], [ -71.338230868, -29.741548726 ], [ -71.338414394, -29.741724609 ], [ -71.338462438, -29.741754909999901 ], [ -71.338511172, -29.741768935 ], [ -71.3385835939999, -29.7417739549999 ], [ -71.338741117, -29.741736075999899 ], [ -71.338965045, -29.741774679999899 ], [ -71.339013628, -29.741788363 ], [ -71.33916039, -29.741850113999899 ], [ -71.339317738, -29.741878814 ], [ -71.339391916999901, -29.741918277 ], [ -71.339438515, -29.741965017 ], [ -71.339456916, -29.74201199 ], [ -71.339413239999899, -29.7420574399999 ], [ -71.339315308, -29.742109125 ], [ -71.339126726, -29.742179651999901 ], [ -71.339093577, -29.742209059999901 ], [ -71.339051809999901, -29.742270006 ], [ -71.338992406, -29.742418524999898 ], [ -71.338908837, -29.742586989 ], [ -71.338882643, -29.742772386999899 ], [ -71.338842502, -29.742930994999899 ], [ -71.338818488, -29.743123592 ], [ -71.338793967999905, -29.743200451 ], [ -71.33871397, -29.743340525999901 ], [ -71.338529233, -29.743541445999899 ], [ -71.338462727, -29.743630734 ], [ -71.338441132999904, -29.743677983999898 ], [ -71.338427205, -29.743735957999899 ], [ -71.338432699999899, -29.7438541339999 ], [ -71.338442233, -29.743902663 ], [ -71.338482204999906, -29.743946779999899 ], [ -71.338687217, -29.744018491 ], [ -71.338732883, -29.744059063999899 ], [ -71.338746485999906, -29.74408145 ], [ -71.338759191, -29.744127533 ], [ -71.338758395, -29.744172738 ], [ -71.338739642, -29.744224054 ], [ -71.338697216, -29.744270341999901 ], [ -71.338555493999905, -29.744381556 ], [ -71.338520542, -29.744439776 ], [ -71.338509246999905, -29.744490454999902 ], [ -71.338507047999897, -29.744581949 ], [ -71.33851113, -29.744619236999899 ], [ -71.338529917999907, -29.744666387999899 ], [ -71.338552167, -29.744696599999902 ], [ -71.338595295999895, -29.744720354 ], [ -71.338884338999904, -29.744768612 ], [ -71.33896616, -29.744762432 ], [ -71.339129001999893, -29.744708053 ], [ -71.339232717, -29.7447081359999 ], [ -71.339320333, -29.7447387449999 ], [ -71.339406227, -29.7447901429999 ], [ -71.339548373999904, -29.744910575999899 ], [ -71.339681003, -29.745051986 ], [ -71.339724438, -29.745079341999901 ], [ -71.339856424999894, -29.745127004 ], [ -71.339908105999896, -29.745179196 ], [ -71.339967663, -29.745295982 ], [ -71.340017199, -29.745433342 ], [ -71.340117743, -29.745567348999899 ], [ -71.340174648, -29.745704198999899 ], [ -71.340263132, -29.7458243529999 ], [ -71.340307895, -29.745963936 ], [ -71.34032066, -29.745981926 ], [ -71.340349434, -29.746007232999901 ], [ -71.340396713, -29.746028539 ], [ -71.340518204, -29.7460494269999 ], [ -71.340672102, -29.746062633999902 ], [ -71.340720739999895, -29.746109571 ], [ -71.340756606999904, -29.7461890289999 ], [ -71.340810212999898, -29.746245265 ], [ -71.340827799, -29.746287786 ], [ -71.340848960999907, -29.746380121999898 ], [ -71.340897667, -29.746433962 ], [ -71.340985117999907, -29.746479507999901 ], [ -71.341168406, -29.746543333 ], [ -71.341301062999904, -29.746614193 ], [ -71.341438582, -29.746645964 ], [ -71.341572403, -29.7466953909999 ], [ -71.341628350999898, -29.746740378 ], [ -71.341633176999906, -29.746781455 ], [ -71.341617791, -29.746831101999899 ], [ -71.341531102, -29.747015513999902 ], [ -71.341473758999896, -29.747104846 ], [ -71.341415527, -29.7471697729999 ], [ -71.341208832999897, -29.747323719999901 ], [ -71.340894412, -29.7474598639999 ], [ -71.340849297, -29.747504310999901 ], [ -71.340835032, -29.747554296 ], [ -71.340827471, -29.747640617999899 ], [ -71.340812098999905, -29.747693851999902 ], [ -71.340788529999898, -29.747732766999899 ], [ -71.340679978, -29.747863138 ], [ -71.340659694, -29.7479165459999 ], [ -71.340672691999899, -29.748102246 ], [ -71.340648367, -29.748295195 ], [ -71.340629698, -29.7483670579999 ], [ -71.34057888, -29.748449733 ], [ -71.340564789, -29.748500473 ], [ -71.340568707, -29.748548319999902 ], [ -71.3405812459999, -29.7485877989999 ], [ -71.340629394, -29.748677600999901 ], [ -71.34064857, -29.748745304 ], [ -71.340646481, -29.748902539 ], [ -71.340664263999898, -29.749070431 ], [ -71.340653156, -29.749174958 ], [ -71.340601864999897, -29.7493539079999 ], [ -71.340599571, -29.749419544 ], [ -71.340605723, -29.74944519 ], [ -71.340623949, -29.749472157 ], [ -71.340716345, -29.7495379389999 ], [ -71.340806858999898, -29.749577927 ], [ -71.340970602, -29.74961101 ], [ -71.341030503, -29.749645035 ], [ -71.341053723999906, -29.749671742 ], [ -71.341072029, -29.749720586 ], [ -71.341069274999896, -29.749764099999901 ], [ -71.341042681, -29.749845537999899 ], [ -71.340984793, -29.74993733 ], [ -71.340899030999907, -29.750031785 ], [ -71.340813427999905, -29.750079276 ], [ -71.340757594, -29.75009012 ], [ -71.340714160999894, -29.750085409 ], [ -71.340692987999901, -29.750071883 ], [ -71.340663541, -29.750030367 ], [ -71.340620411, -29.749929629 ], [ -71.340578714999893, -29.749872905 ], [ -71.340534143, -29.749834356999902 ], [ -71.34046172, -29.749805382 ], [ -71.340385184, -29.749792858 ], [ -71.340317125, -29.749798950999899 ], [ -71.340279854999906, -29.74981458 ], [ -71.340063578, -29.7499849279999 ], [ -71.34002078, -29.750030674 ], [ -71.339993482999901, -29.750072241999899 ], [ -71.339964591, -29.750161885999901 ], [ -71.339952011, -29.750302462 ], [ -71.339876937, -29.750478608 ], [ -71.339872809, -29.7505410589999 ], [ -71.339904018, -29.750614982999899 ], [ -71.339953814, -29.750667909 ], [ -71.340116109, -29.750791204999899 ], [ -71.340197959, -29.7508875669999 ], [ -71.340227838, -29.750942296999899 ], [ -71.340311291, -29.751179019999899 ], [ -71.340353513, -29.751227658999898 ], [ -71.340449464, -29.7513068 ], [ -71.340489809, -29.751361087 ], [ -71.340627082, -29.751580343999901 ], [ -71.340650869999905, -29.751651645 ], [ -71.340656329999902, -29.751699239999901 ], [ -71.340653335999903, -29.751788184 ], [ -71.340639451, -29.7518733819999 ], [ -71.34062438, -29.751919057999899 ], [ -71.340597131, -29.751965003 ], [ -71.340544259999902, -29.752019736 ], [ -71.340295404, -29.752222243999899 ], [ -71.340243098, -29.752282697999899 ], [ -71.340219855, -29.752326218 ], [ -71.340214883, -29.752377926999898 ], [ -71.340219896, -29.752401572999901 ], [ -71.340268624, -29.75250654 ], [ -71.340270743, -29.752545303 ], [ -71.340258516999896, -29.752586971 ], [ -71.340211446999902, -29.752674151 ], [ -71.340194845, -29.752731808 ], [ -71.340188468, -29.752794290999901 ], [ -71.340197334, -29.752844771 ], [ -71.340245666, -29.752982379999899 ], [ -71.340250672, -29.753050902 ], [ -71.340220261999903, -29.753182535999901 ], [ -71.3402024009999, -29.753298881 ], [ -71.340154465, -29.7534771589999 ], [ -71.3401387, -29.753628493 ], [ -71.340109595999905, -29.753792599 ], [ -71.340108683, -29.753904983 ], [ -71.340135425, -29.754050374 ], [ -71.340164055999907, -29.754127856 ], [ -71.340221622999906, -29.754164982 ], [ -71.340305835, -29.754186661999899 ], [ -71.340494398, -29.754203713 ], [ -71.340560048, -29.754220233 ], [ -71.340712342, -29.754347763999899 ], [ -71.340764282, -29.754411596 ], [ -71.340778483999898, -29.754464088 ], [ -71.340763109, -29.7545372229999 ], [ -71.340615559, -29.7547636749999 ], [ -71.340488581, -29.754893204 ], [ -71.340471389, -29.75494407 ], [ -71.340490129, -29.754968962 ], [ -71.340532949, -29.754989929 ], [ -71.340651581, -29.75501206 ], [ -71.340716606999905, -29.755032521 ], [ -71.340851414, -29.7551171429999 ], [ -71.340921737, -29.755147063 ], [ -71.340991008999893, -29.755164620999899 ], [ -71.341035404, -29.755166620999901 ], [ -71.341398179999899, -29.755137811999901 ], [ -71.341537140999904, -29.7551473299999 ], [ -71.341664029, -29.755188097 ], [ -71.341748271, -29.755242161 ], [ -71.341796160999905, -29.755300532 ], [ -71.341836172999905, -29.755393155 ], [ -71.341860961999899, -29.7554788469999 ], [ -71.34186202, -29.755615627999902 ], [ -71.341880161999896, -29.755709204 ], [ -71.341902862, -29.755756420999901 ], [ -71.341942698, -29.755801248999902 ], [ -71.342006823, -29.755828482 ], [ -71.342115214, -29.755838298 ], [ -71.342247523, -29.7558656369999 ], [ -71.3423352249999, -29.755857304 ], [ -71.342538523, -29.7558149 ], [ -71.342622708, -29.755805037 ], [ -71.3428266129999, -29.755800991999902 ], [ -71.342895061, -29.755809214 ], [ -71.342973985, -29.755829105 ], [ -71.343058533, -29.755863426 ], [ -71.343108722999901, -29.755898907999899 ], [ -71.343126867, -29.755930602 ], [ -71.343155161, -29.756020996 ], [ -71.343203424, -29.7561105569999 ], [ -71.34321289, -29.75615386 ], [ -71.343210391999904, -29.756175776 ], [ -71.343200145, -29.756208702 ], [ -71.343173249, -29.756247362 ], [ -71.343084658, -29.756338582999899 ], [ -71.343048452999895, -29.756386332 ], [ -71.343002688, -29.756520544999901 ], [ -71.342975855, -29.756570089 ], [ -71.34293552, -29.756619171999901 ], [ -71.342852077, -29.756697109999902 ], [ -71.342817329999903, -29.756745454999901 ], [ -71.342807510999904, -29.7567872119999 ], [ -71.342816457, -29.756879241 ], [ -71.3428119, -29.7569226859999 ], [ -71.342720949999901, -29.757170893 ], [ -71.342676711, -29.757261531 ], [ -71.342607496, -29.75737208 ], [ -71.342551291999897, -29.757492504 ], [ -71.342503323, -29.757555619999899 ], [ -71.342432797999905, -29.757602209 ], [ -71.342358256, -29.757616579999901 ], [ -71.342248083, -29.757599241 ], [ -71.342157965, -29.757562675 ], [ -71.342113030999897, -29.7575319809999 ], [ -71.342069233, -29.757483489 ], [ -71.342022551999904, -29.757350845 ], [ -71.341984528999902, -29.7572853839999 ], [ -71.341933626999904, -29.757242603999899 ], [ -71.341878522999906, -29.757232968 ], [ -71.341839297, -29.757247360999902 ], [ -71.341696461, -29.757363787 ], [ -71.341537683, -29.7574748339999 ], [ -71.341507927, -29.757532459999901 ], [ -71.341483261, -29.757645327 ], [ -71.341470995999899, -29.757673251 ], [ -71.341451269999894, -29.757703590999899 ], [ -71.341415271999907, -29.757734055 ], [ -71.341367912, -29.757752684 ], [ -71.341304309999899, -29.757762675 ], [ -71.341052562, -29.757754204 ], [ -71.340986984, -29.757779362 ], [ -71.340931771, -29.757827533 ], [ -71.340874159, -29.757891679 ], [ -71.340802159, -29.758043750999899 ], [ -71.340691508, -29.758228706999901 ], [ -71.340582390999899, -29.7583476739999 ], [ -71.340521887, -29.758457193 ], [ -71.340376960999905, -29.758634887 ], [ -71.340251958, -29.758843723 ], [ -71.340193182999897, -29.7589248529999 ], [ -71.340131546999899, -29.758996486999902 ], [ -71.34008936, -29.7590316 ], [ -71.339931051999898, -29.759114580999899 ], [ -71.339869254, -29.759172111999899 ], [ -71.339842703, -29.759222447 ], [ -71.339771852999903, -29.7594484799999 ], [ -71.339719174, -29.759540684999902 ], [ -71.3394848249999, -29.759792305 ], [ -71.33936726, -29.759883757999901 ], [ -71.339148717999905, -29.760029075 ], [ -71.339104731, -29.7600741749999 ], [ -71.339085151999896, -29.760109698 ], [ -71.339083138, -29.760167491999901 ], [ -71.339156172999907, -29.760260711999901 ], [ -71.339189485, -29.7603439929999 ], [ -71.339189485, -29.760432033 ], [ -71.339172828999907, -29.760517693999901 ], [ -71.339158552, -29.760562902999901 ], [ -71.339059958, -29.760671776 ], [ -71.339003122999898, -29.760724771 ], [ -71.338973484, -29.760770405 ], [ -71.338961122999905, -29.76080193 ], [ -71.338954682, -29.760849848 ], [ -71.338962847999895, -29.760973802 ], [ -71.338989196999904, -29.7610508829999 ], [ -71.339029298999904, -29.7611374529999 ], [ -71.339044526999899, -29.761192286 ], [ -71.33903438, -29.761250237 ], [ -71.339006384999905, -29.761295708 ], [ -71.338811382, -29.761521525 ], [ -71.338771334999905, -29.761557799999899 ], [ -71.338707572, -29.761578866 ], [ -71.33853787, -29.761599201 ], [ -71.338501672999897, -29.761611815 ], [ -71.338438154, -29.761653490999901 ], [ -71.338397379, -29.761699620999899 ], [ -71.338372786, -29.761743033 ], [ -71.338346757999901, -29.761833121999899 ], [ -71.338345693999898, -29.761878994 ], [ -71.338362361999899, -29.7619226099999 ], [ -71.338419808, -29.7619521 ], [ -71.338570378, -29.761982567 ], [ -71.3387319, -29.761985443999901 ], [ -71.338824007, -29.762013678 ], [ -71.338854545999894, -29.762058923 ], [ -71.338862244, -29.7620914469999 ], [ -71.338852841999895, -29.7621303459999 ], [ -71.338835439, -29.762161894 ], [ -71.338801823, -29.7621945019999 ], [ -71.338776776, -29.762210504999899 ], [ -71.338719134, -29.7622307349999 ], [ -71.338630693, -29.762231873 ], [ -71.338335223999906, -29.762188035999898 ], [ -71.338319759999905, -29.762188986 ], [ -71.338292144, -29.762204197 ], [ -71.338279874, -29.762241462 ], [ -71.338300192, -29.762302459 ], [ -71.338344696, -29.762392261999899 ], [ -71.338459605, -29.7625551739999 ], [ -71.338470797, -29.7625948089999 ], [ -71.338459219999905, -29.762638502999899 ], [ -71.338419561, -29.762691441999898 ], [ -71.338396998999897, -29.762736162 ], [ -71.338386691, -29.762913039999901 ], [ -71.338397196, -29.7629593529999 ], [ -71.338421766, -29.762983674999901 ], [ -71.338463195, -29.763006296 ], [ -71.338685838999893, -29.763057779999901 ], [ -71.338767638, -29.763091856 ], [ -71.3388197, -29.763124779 ], [ -71.338892318, -29.763187053 ], [ -71.3389275279999, -29.763232636999899 ], [ -71.338958283999901, -29.7633016509999 ], [ -71.338974418, -29.763361878 ], [ -71.338976899, -29.7634083089999 ], [ -71.338960906999901, -29.763458011 ], [ -71.338827799999905, -29.763596041 ], [ -71.338792339, -29.763679006 ], [ -71.33878622, -29.763721118 ], [ -71.338803296, -29.7638402229999 ], [ -71.338821964, -29.763891276 ], [ -71.338913023, -29.7639721379999 ], [ -71.338960084, -29.764058760999902 ], [ -71.33897544, -29.764150637999901 ], [ -71.338965582, -29.764261470999902 ], [ -71.338890009, -29.764469764 ], [ -71.338851216, -29.76452003 ], [ -71.338774922, -29.764578759 ], [ -71.338754716, -29.764603533 ], [ -71.338707493999905, -29.764716171 ], [ -71.338638181, -29.764845161 ], [ -71.338628303999897, -29.764902322 ], [ -71.338638488, -29.764942776999899 ], [ -71.338732590999896, -29.7650583839999 ], [ -71.338762916, -29.76510558 ], [ -71.338779740999897, -29.765167095 ], [ -71.338767919, -29.765216643 ], [ -71.338705148, -29.7653466249999 ], [ -71.338693045, -29.765387238 ], [ -71.338689789999904, -29.765430102 ], [ -71.33869837, -29.765478416999901 ], [ -71.338735369999895, -29.765550338 ], [ -71.338863074999907, -29.765698608 ], [ -71.33890837, -29.765721965999901 ], [ -71.338954590999904, -29.7657211379999 ], [ -71.339135696, -29.765674872 ], [ -71.33919595, -29.765668159 ], [ -71.339320325, -29.765684783 ], [ -71.339370257, -29.765708485999902 ], [ -71.339378532999902, -29.765748685999899 ], [ -71.339373828, -29.765793680999899 ], [ -71.339331363, -29.765885722 ], [ -71.339274401999901, -29.76595636 ], [ -71.339117025, -29.766090999 ], [ -71.339076030999905, -29.766183261 ], [ -71.339063678999906, -29.7662466519999 ], [ -71.339058248999905, -29.766309395 ], [ -71.339065545, -29.766339759999902 ], [ -71.339092784999906, -29.766370272 ], [ -71.339184265, -29.766403979 ], [ -71.339216834999903, -29.766426275 ], [ -71.339235056999897, -29.766469457 ], [ -71.339233318, -29.766527562 ], [ -71.3391863639999, -29.766657544999902 ], [ -71.339100077999902, -29.766842364999899 ], [ -71.33899264, -29.767001286 ], [ -71.338916824, -29.767141615 ], [ -71.338871363, -29.767184485 ], [ -71.338855412, -29.76718913 ], [ -71.338823843999904, -29.767183917999901 ], [ -71.338792095, -29.76715616 ], [ -71.338770956, -29.767109119999901 ], [ -71.338740077999901, -29.766969588999899 ], [ -71.338706233, -29.766929989999898 ], [ -71.338617282, -29.766881707 ], [ -71.338521334999896, -29.766843626 ], [ -71.338472689, -29.7668362759999 ], [ -71.33843189, -29.766841315 ], [ -71.338325238, -29.766878189 ], [ -71.338203, -29.7669333609999 ], [ -71.338148271, -29.76697046 ], [ -71.337980537, -29.767116676999901 ], [ -71.33781228, -29.767221255 ], [ -71.337627035, -29.767302211 ], [ -71.337426058999895, -29.767374989 ], [ -71.337143303999895, -29.767500287 ], [ -71.33707764, -29.7675535979999 ], [ -71.337027585, -29.767608213 ], [ -71.337013068, -29.767634594 ], [ -71.337005631999901, -29.767672187 ], [ -71.337008495, -29.767809105 ], [ -71.336964044999903, -29.767989714 ], [ -71.336964124, -29.76803525 ], [ -71.336976891999896, -29.7680967269999 ], [ -71.337020184, -29.768167277 ], [ -71.337062939, -29.768215696 ], [ -71.337112604, -29.768255003 ], [ -71.337226729, -29.768321477 ], [ -71.337269267, -29.7683701949999 ], [ -71.337292398, -29.768412139 ], [ -71.337351103999893, -29.768563782999902 ], [ -71.33741722, -29.7687737259999 ], [ -71.337463972, -29.768863780999901 ], [ -71.337476475, -29.768904366 ], [ -71.337476392, -29.76894526 ], [ -71.337460549, -29.76900065 ], [ -71.337415052, -29.769090773 ], [ -71.337337127, -29.769223068 ], [ -71.337265676, -29.7693122549999 ], [ -71.337210296, -29.769355291999901 ], [ -71.337175765, -29.769373222 ], [ -71.337115874999895, -29.769392604 ], [ -71.337016395, -29.769410396999898 ], [ -71.336967156999904, -29.769438265 ], [ -71.336969864, -29.769493251 ], [ -71.337067288, -29.769628662999899 ], [ -71.337078093999907, -29.769667261999899 ], [ -71.337077012, -29.769689295 ], [ -71.337065934, -29.769717476 ], [ -71.336953671999893, -29.769808761 ], [ -71.336898692, -29.769866732 ], [ -71.336789788, -29.770026755999901 ], [ -71.336745841, -29.7700745769999 ], [ -71.336704160999901, -29.770095542 ], [ -71.3365295629999, -29.770157856 ], [ -71.33646255, -29.770152736999901 ], [ -71.336311301, -29.770084985 ], [ -71.336210045, -29.770054193 ], [ -71.336180927, -29.770036913999899 ], [ -71.336141818, -29.769988727999898 ], [ -71.336089805, -29.769902181 ], [ -71.336069816, -29.769880618999899 ], [ -71.336022393, -29.769855391 ], [ -71.335979709999904, -29.76985759 ], [ -71.335940692, -29.7698755649999 ], [ -71.335767787999899, -29.769995507 ], [ -71.335717616, -29.7700205699999 ], [ -71.335670761, -29.7700344749999 ], [ -71.335622819, -29.770035626 ], [ -71.335584095999906, -29.770028008999901 ], [ -71.335479576999901, -29.769984017999899 ], [ -71.335401127999901, -29.769967248999901 ], [ -71.335176409, -29.7699896469999 ], [ -71.33503172, -29.7699916629999 ], [ -71.33496507, -29.769999282999901 ], [ -71.334850221999901, -29.770028760999899 ], [ -71.334721242999905, -29.770077209 ], [ -71.334546084, -29.770171671999901 ], [ -71.334495278, -29.770211404 ], [ -71.334443729, -29.770272469 ], [ -71.334361209, -29.77039228 ], [ -71.334261366, -29.770517931 ], [ -71.334154005, -29.7705865799999 ], [ -71.334070078, -29.770619613999902 ], [ -71.333955107999898, -29.770635749 ], [ -71.333883094, -29.770630851 ], [ -71.333754966999905, -29.770596484999899 ], [ -71.333710869999905, -29.77059853 ], [ -71.333676743, -29.770610608 ], [ -71.333641853999893, -29.770638501 ], [ -71.333611643, -29.770682939 ], [ -71.333552810999905, -29.770845478999899 ], [ -71.333518287999894, -29.770901459 ], [ -71.33347171, -29.7709433479999 ], [ -71.3333730639999, -29.77100573 ], [ -71.333232621, -29.771111185999899 ], [ -71.333149885, -29.771195017 ], [ -71.333119703, -29.771249350999899 ], [ -71.333107493999904, -29.771334007999901 ], [ -71.333122193999898, -29.77147432 ], [ -71.333124303, -29.771610801 ], [ -71.333111574, -29.771696828 ], [ -71.333069445, -29.7717584 ], [ -71.332959395, -29.7718404129999 ], [ -71.33292342, -29.771884563999901 ], [ -71.33291667, -29.7719159339999 ], [ -71.332915699, -29.771928196 ], [ -71.332947902999905, -29.771966896 ], [ -71.333029618999902, -29.772019937 ], [ -71.333046429, -29.772063885 ], [ -71.333031568, -29.772104837 ], [ -71.332992619, -29.7721520609999 ], [ -71.332830919999907, -29.772261751 ], [ -71.332777366999906, -29.772322087 ], [ -71.332741062, -29.772376467 ], [ -71.332751346999899, -29.772424572 ], [ -71.332779407, -29.7724539119999 ], [ -71.332938413, -29.772563650999899 ], [ -71.332967743, -29.772602151999902 ], [ -71.332969147, -29.7726502209999 ], [ -71.332938759999905, -29.772690607999898 ], [ -71.332918811999903, -29.772705175999899 ], [ -71.332855512, -29.772737586999899 ], [ -71.332787133, -29.772761917 ], [ -71.332703229999893, -29.772778537 ], [ -71.332658877, -29.772779079 ], [ -71.332608589999893, -29.772768002 ], [ -71.332545744, -29.7727332179999 ], [ -71.3324513539999, -29.772644546 ], [ -71.332311453, -29.772469008 ], [ -71.332244534, -29.7724001139999 ], [ -71.332155757, -29.772330175 ], [ -71.332065058999902, -29.7722933659999 ], [ -71.332024023, -29.77226295 ], [ -71.332006824, -29.772240687 ], [ -71.331945993, -29.772107075 ], [ -71.331914964, -29.772056706999901 ], [ -71.331874884999905, -29.772009744999899 ], [ -71.331795466999907, -29.771947837 ], [ -71.331750379, -29.771920694 ], [ -71.331680432, -29.771900371999902 ], [ -71.331527818, -29.771912730999901 ], [ -71.331430187, -29.771890646 ], [ -71.331298799, -29.7719030169999 ], [ -71.331251709, -29.771895151 ], [ -71.331206333, -29.771872905 ], [ -71.33116755, -29.771842035 ], [ -71.331007235, -29.771655510999899 ], [ -71.330940338999895, -29.7716015849999 ], [ -71.330899249, -29.771599695 ], [ -71.330860007, -29.771620556999899 ], [ -71.330827220999893, -29.771656669 ], [ -71.330809428999899, -29.771695744999899 ], [ -71.330811543, -29.7717581869999 ], [ -71.330870638, -29.771879396 ], [ -71.330882615, -29.771911368 ], [ -71.330886601, -29.771957864999901 ], [ -71.33087532, -29.771996208 ], [ -71.330857496, -29.7720251329999 ], [ -71.330804403999906, -29.772061807999901 ], [ -71.330756924999903, -29.772064843 ], [ -71.330715929, -29.772052239999901 ], [ -71.330670388, -29.772028114 ], [ -71.330578212, -29.771956496 ], [ -71.330535456, -29.771949579 ], [ -71.330493726, -29.77197591 ], [ -71.330430486999902, -29.772063939 ], [ -71.330349306, -29.772147972 ], [ -71.3303074, -29.772172468999901 ], [ -71.330262611, -29.772175139 ], [ -71.330218303, -29.772160955999901 ], [ -71.330172831, -29.7721313559999 ], [ -71.330037542999904, -29.772012151999899 ], [ -71.329995571, -29.771995083 ], [ -71.329969575999897, -29.771992641999901 ], [ -71.329931116, -29.772003361 ], [ -71.329880085999903, -29.772038732999899 ], [ -71.329837966999904, -29.772084902 ], [ -71.329807822, -29.772144048 ], [ -71.329800045999903, -29.772179582 ], [ -71.329802318, -29.772272054 ], [ -71.329840724, -29.772403356 ], [ -71.329847050999902, -29.772451859999901 ], [ -71.32981936, -29.772570389 ], [ -71.329818094, -29.772613474 ], [ -71.329832947999904, -29.772668084 ], [ -71.329888331999896, -29.772783882999899 ], [ -71.329877257, -29.772825758 ], [ -71.32981431, -29.772873811 ], [ -71.329779849, -29.772933969 ], [ -71.329768692, -29.772999461 ], [ -71.329770585999896, -29.773147815999899 ], [ -71.329740279, -29.773231328999898 ], [ -71.329708088, -29.773280112999899 ], [ -71.329680036, -29.773310218999899 ], [ -71.329631795, -29.773344532 ], [ -71.329571729999898, -29.77335684 ], [ -71.32954298, -29.773351714999901 ], [ -71.329498439, -29.773330327999901 ], [ -71.329412949, -29.773245530999901 ], [ -71.329363596999897, -29.773215214999901 ], [ -71.329208138, -29.773172041 ], [ -71.329160523, -29.773171243 ], [ -71.329141622, -29.773181849 ], [ -71.329134328, -29.773195158 ], [ -71.329120151, -29.773303955 ], [ -71.329105774, -29.773340139 ], [ -71.329067785999897, -29.773388852 ], [ -71.328996826, -29.773453032 ], [ -71.328960257999896, -29.773509121 ], [ -71.328926053, -29.773701769999899 ], [ -71.328896462, -29.773775956 ], [ -71.328868152, -29.773820245 ], [ -71.328819542, -29.7738620599999 ], [ -71.328708123, -29.773929630999898 ], [ -71.328612752, -29.774013653999901 ], [ -71.328509412, -29.774077527 ], [ -71.328427609999906, -29.77414369 ], [ -71.328325381, -29.774199971 ], [ -71.328142715, -29.774266829999899 ], [ -71.328101741999902, -29.774294069 ], [ -71.328055656999894, -29.774359257999901 ], [ -71.328011659, -29.774495956 ], [ -71.327965379, -29.774584374 ], [ -71.327898306999899, -29.774651361999901 ], [ -71.327826033999898, -29.77468418 ], [ -71.327762784999905, -29.774696803 ], [ -71.327695815, -29.774698563 ], [ -71.327421409, -29.774689563 ], [ -71.327335147, -29.7746742429999 ], [ -71.327139352, -29.774572022 ], [ -71.326930007, -29.774490652999901 ], [ -71.326707317999904, -29.774388132999899 ], [ -71.326614513, -29.774358784 ], [ -71.326430826, -29.774331095 ], [ -71.326252623999906, -29.774275654 ], [ -71.326163408999903, -29.774224131 ], [ -71.325860996, -29.774003132 ], [ -71.325804650999899, -29.773977897999899 ], [ -71.325753274, -29.77396521 ], [ -71.325660034999899, -29.77395689 ], [ -71.325458693, -29.77396583 ], [ -71.325313529, -29.773945333 ], [ -71.325065359999897, -29.773895688 ], [ -71.32483567, -29.7738884239999 ], [ -71.324623199, -29.773865842 ], [ -71.324304428999895, -29.773858479 ], [ -71.324133858, -29.773837288 ], [ -71.323955564, -29.773795026999899 ], [ -71.323880953999904, -29.773784631 ], [ -71.323789265999906, -29.773781530999901 ], [ -71.323614861, -29.7737912179999 ], [ -71.323520566999903, -29.773784812 ], [ -71.323420125, -29.773764252 ], [ -71.323259894, -29.773709756 ], [ -71.323060964, -29.773675515 ], [ -71.322946117999905, -29.773668014 ], [ -71.322743895, -29.773672737 ], [ -71.322515237999895, -29.773664370999899 ], [ -71.322420732999902, -29.7736544539999 ], [ -71.322111798, -29.773578248 ], [ -71.32192737, -29.773523401 ], [ -71.321832899, -29.7735123739999 ], [ -71.321483153, -29.7735400719999 ], [ -71.321342085, -29.773569129 ], [ -71.321248980999897, -29.77360486 ], [ -71.321138918, -29.773659482 ], [ -71.320960669, -29.773773997 ], [ -71.320845095, -29.773817284 ], [ -71.320798453999899, -29.773859851999902 ], [ -71.320750167, -29.773989372 ], [ -71.320713068, -29.774045403999899 ], [ -71.320669225, -29.774074742 ], [ -71.320557513, -29.774118641 ], [ -71.320488559, -29.774163554 ], [ -71.320432567999902, -29.774215091 ], [ -71.320355841, -29.774319141 ], [ -71.320317958, -29.774356782 ], [ -71.320164233, -29.774443705 ], [ -71.320121739999905, -29.774489359 ], [ -71.320101414, -29.774583903999901 ], [ -71.320102839, -29.774676524 ], [ -71.320120329, -29.774721335 ], [ -71.320216839, -29.774809984999902 ], [ -71.320228534, -29.774871561999898 ], [ -71.320222528, -29.77490935 ], [ -71.320203654, -29.774947604 ], [ -71.320169679999907, -29.774988789 ], [ -71.320060654, -29.775080932 ], [ -71.320030824999904, -29.775119474999901 ], [ -71.320018111, -29.775150052999901 ], [ -71.320015793, -29.775217235 ], [ -71.320052808999904, -29.775347605 ], [ -71.320058364, -29.775395342 ], [ -71.320034827, -29.775572075 ], [ -71.32003837, -29.775617842 ], [ -71.320061858, -29.77566182 ], [ -71.320084026, -29.775683801 ], [ -71.320129134, -29.775705334999898 ], [ -71.320308529, -29.7757470029999 ], [ -71.320326211999898, -29.775760165999898 ], [ -71.320337649, -29.7757840209999 ], [ -71.320341761, -29.7758306019999 ], [ -71.320312213, -29.776129436 ], [ -71.320315471999905, -29.776201383999901 ], [ -71.320352639, -29.776314833999901 ], [ -71.320441961, -29.776452185 ], [ -71.320477731, -29.776523257 ], [ -71.32050327, -29.7766088549999 ], [ -71.320507522, -29.776655866999899 ], [ -71.320488809, -29.776750674 ], [ -71.320440181, -29.776836186 ], [ -71.320365218999896, -29.776893760999901 ], [ -71.320180009999902, -29.776979792 ], [ -71.320102562, -29.777039032999902 ], [ -71.320079980999907, -29.777061704999898 ], [ -71.320008754999904, -29.777173416 ], [ -71.319921108999907, -29.777287604 ], [ -71.3198711699999, -29.777376257999901 ], [ -71.319865573999905, -29.7774190549999 ], [ -71.319883583, -29.777465803 ], [ -71.319921958999899, -29.777512892999901 ], [ -71.320058559999893, -29.7776494239999 ], [ -71.320104514, -29.777716901 ], [ -71.320126564, -29.777783324 ], [ -71.320118114, -29.777832993999901 ], [ -71.320084675, -29.777877096999902 ], [ -71.320037327, -29.777900805999899 ], [ -71.319977675, -29.777911903 ], [ -71.319818512, -29.777917412 ], [ -71.319764108, -29.7779364199999 ], [ -71.31972258, -29.777966041 ], [ -71.319653888999895, -29.778054349999898 ], [ -71.319465599999901, -29.778249237999901 ], [ -71.319314718, -29.778345358 ], [ -71.319223899, -29.778413585 ], [ -71.319138788, -29.778447953999901 ], [ -71.318795936, -29.778526493 ], [ -71.318741555, -29.7785619429999 ], [ -71.318677658, -29.7786336519999 ], [ -71.318548963, -29.778706712 ], [ -71.318459321, -29.778820333999899 ], [ -71.318397507, -29.77893584 ], [ -71.318367409, -29.77897343 ], [ -71.318320856, -29.778998531 ], [ -71.318234742999906, -29.779025013 ], [ -71.318184284, -29.779051914 ], [ -71.318099197, -29.779114213 ], [ -71.317985402, -29.7792255099999 ], [ -71.317907044, -29.779345473 ], [ -71.317884396999901, -29.779401982 ], [ -71.317862347999906, -29.779499797 ], [ -71.317842955999893, -29.779538757999902 ], [ -71.317736249999896, -29.779601652999901 ], [ -71.317697053, -29.779635083999899 ], [ -71.317644768, -29.779716618999899 ], [ -71.317640013, -29.77975186 ], [ -71.317647511, -29.77979092 ], [ -71.317665550999905, -29.77982972 ], [ -71.317696118999905, -29.779875010999898 ], [ -71.317782043, -29.779972411 ], [ -71.317800551999895, -29.780010073 ], [ -71.317805038999893, -29.780034599 ], [ -71.317799347999895, -29.780078674 ], [ -71.317761005, -29.780171794999902 ], [ -71.317749743, -29.780232558 ], [ -71.317804801, -29.780598923 ], [ -71.317870642999907, -29.78084796 ], [ -71.317917480999895, -29.7809373599999 ], [ -71.318008296, -29.781072677999902 ], [ -71.318055594, -29.781174626999899 ], [ -71.318067205, -29.781224860999899 ], [ -71.318069198, -29.78127146 ], [ -71.318051151, -29.781481708999902 ], [ -71.318087079999898, -29.781617755 ], [ -71.318117066, -29.781837046 ], [ -71.318178012, -29.782068738 ], [ -71.318214531, -29.7821788319999 ], [ -71.31824561, -29.782245749 ], [ -71.318324543999907, -29.7823792189999 ], [ -71.318356413999894, -29.782473237 ], [ -71.318361040999903, -29.782508005999901 ], [ -71.31835076, -29.782560311999902 ], [ -71.318324339, -29.7826050799999 ], [ -71.318190786999907, -29.782742536999901 ], [ -71.318170838999905, -29.782788342999901 ], [ -71.318177868, -29.78282992 ], [ -71.318218617999904, -29.782870163 ], [ -71.318328263999902, -29.782926453999899 ], [ -71.318370207, -29.782965233 ], [ -71.318453351999906, -29.7830892489999 ], [ -71.318611367, -29.783298515999899 ], [ -71.318679071, -29.783415084999898 ], [ -71.318729578, -29.783464313 ], [ -71.318806245, -29.783503149999898 ], [ -71.318823574, -29.783518339 ], [ -71.318840474, -29.783547418999898 ], [ -71.318842458999896, -29.78357317 ], [ -71.318838469, -29.783593584999899 ], [ -71.318820339999903, -29.783623643999899 ], [ -71.318726441, -29.783727588 ], [ -71.318715741999895, -29.783780147999899 ], [ -71.318720306, -29.783870706 ], [ -71.318709626, -29.783911753 ], [ -71.318685490999897, -29.7839577139999 ], [ -71.318629810999894, -29.78403523 ], [ -71.318610346, -29.784089220999899 ], [ -71.318613609, -29.784156611999901 ], [ -71.318642140999899, -29.7843102329999 ], [ -71.318637877999905, -29.7844019519999 ], [ -71.318616404999901, -29.784541745 ], [ -71.318564202999895, -29.7846956 ], [ -71.318535228, -29.784815825 ], [ -71.318522609999903, -29.784946627 ], [ -71.318528853, -29.78508299 ], [ -71.318487749, -29.7852890029999 ], [ -71.318488675, -29.785334937 ], [ -71.318505027999905, -29.785398691 ], [ -71.31854931, -29.7854456059999 ], [ -71.318609596, -29.785452645 ], [ -71.318641376, -29.785442035 ], [ -71.318678808999906, -29.785458483 ], [ -71.318689064999901, -29.785482393999899 ], [ -71.318692207, -29.785526945999901 ], [ -71.318684791, -29.785652596 ], [ -71.318661096, -29.78571269 ], [ -71.318565669999899, -29.785867832999902 ], [ -71.318401039, -29.786076987999898 ], [ -71.318311476, -29.786258626999899 ], [ -71.318311343999895, -29.786300525999899 ], [ -71.318343166, -29.786344737 ], [ -71.318411152, -29.786416469 ], [ -71.318441998, -29.786480423999901 ], [ -71.318443, -29.786571407999901 ], [ -71.318418674, -29.786666275999899 ], [ -71.318400438, -29.78670726 ], [ -71.318365679, -29.7867588679999 ], [ -71.318197146, -29.786893984999899 ], [ -71.318171068, -29.786932169999901 ], [ -71.318158409, -29.7869734659999 ], [ -71.318163953, -29.787020772999899 ], [ -71.318186254, -29.787100354 ], [ -71.318176213, -29.787204634 ], [ -71.318194723, -29.787247764 ], [ -71.318261196, -29.7873316119999 ], [ -71.31831475, -29.787425195 ], [ -71.318349891, -29.787516205 ], [ -71.318355625, -29.787563534 ], [ -71.318348401, -29.787606009999902 ], [ -71.318326071999905, -29.7876533089999 ], [ -71.318206711, -29.787785265 ], [ -71.3181741, -29.787834184 ], [ -71.318160983, -29.7878754729999 ], [ -71.318161738, -29.787896090999901 ], [ -71.318185424, -29.787950797 ], [ -71.31823824, -29.788011439999899 ], [ -71.318254015, -29.788053471 ], [ -71.318257565, -29.788101352 ], [ -71.31823736, -29.788229701 ], [ -71.318243125, -29.7882764719999 ], [ -71.318333692, -29.788459073999899 ], [ -71.318412082, -29.788674371 ], [ -71.318415689999895, -29.788735526 ], [ -71.318400083, -29.788779705 ], [ -71.318367765999895, -29.788821256999899 ], [ -71.318277459999905, -29.788866167 ], [ -71.318219069999898, -29.7889148269999 ], [ -71.318188143, -29.788956663 ], [ -71.318139809999906, -29.78908668 ], [ -71.318122369, -29.789115753 ], [ -71.317979299999905, -29.789271237 ], [ -71.317958953, -29.7893113229999 ], [ -71.317946235, -29.7893653799999 ], [ -71.317944172999901, -29.789455704 ], [ -71.317955968, -29.7894991699999 ], [ -71.31798499, -29.789542942 ], [ -71.318029023, -29.78958872 ], [ -71.318098531, -29.78963333 ], [ -71.318183306, -29.789643563 ], [ -71.318379761999907, -29.789636786 ], [ -71.318429793999897, -29.789645815 ], [ -71.318457326, -29.789658184 ], [ -71.318502324, -29.7897029979999 ], [ -71.318539688, -29.789767245 ], [ -71.318574052, -29.789810331999899 ], [ -71.318684151, -29.789878681999902 ], [ -71.318773705999902, -29.789946936 ], [ -71.31886465, -29.7899927089999 ], [ -71.318935654, -29.790038982999899 ], [ -71.318998767, -29.790108478 ], [ -71.319088620999906, -29.79016566 ], [ -71.319138451999905, -29.790218098 ], [ -71.319137412, -29.790267538 ], [ -71.319059852, -29.790397278999901 ], [ -71.319042516, -29.790440670999899 ], [ -71.319040278, -29.790492347999901 ], [ -71.319060014999906, -29.790536577999902 ], [ -71.319106733, -29.79058094 ], [ -71.319223322, -29.790635387 ], [ -71.319316436999898, -29.790665884 ], [ -71.319345819, -29.790698271999901 ], [ -71.319353419, -29.790718273 ], [ -71.319339731999904, -29.790782728 ], [ -71.3193384799999, -29.790827454999899 ], [ -71.319369112999894, -29.790934261 ], [ -71.319373635, -29.790980653 ], [ -71.319339236, -29.791143528 ], [ -71.319346153, -29.791238333 ], [ -71.319366589, -29.791300481 ], [ -71.319430676, -29.79141478 ], [ -71.319488098, -29.791616389999898 ], [ -71.319536681, -29.791690828999901 ], [ -71.319592284999899, -29.7917527389999 ], [ -71.319630103, -29.791818303 ], [ -71.319656122, -29.7919106579999 ], [ -71.319660450999905, -29.791978393 ], [ -71.319646664999894, -29.792018816999899 ], [ -71.319628501, -29.792037012 ], [ -71.319578873999902, -29.792061979 ], [ -71.319477384, -29.792097747 ], [ -71.3193575129999, -29.7921721559999 ], [ -71.319317477, -29.792188639 ], [ -71.319273887999898, -29.792190698 ], [ -71.319173911999897, -29.792162898 ], [ -71.319131394, -29.792166290999901 ], [ -71.319004081999907, -29.792249786 ], [ -71.318750146999903, -29.792357538 ], [ -71.318717384, -29.792384269 ], [ -71.318696041, -29.792422879999901 ], [ -71.318671213999906, -29.792589898 ], [ -71.31865549, -29.792626127999899 ], [ -71.318629593, -29.7926543039999 ], [ -71.318591929, -29.792670616999899 ], [ -71.318570145, -29.792671931 ], [ -71.31854443, -29.7926683069999 ], [ -71.318462234, -29.792632161 ], [ -71.318413358, -29.79262411 ], [ -71.318362690999905, -29.7926461019999 ], [ -71.318305558, -29.792698206 ], [ -71.318235714, -29.7927895179999 ], [ -71.318166512999895, -29.792922319999899 ], [ -71.318077275999897, -29.793013006 ], [ -71.318049402, -29.793052316999901 ], [ -71.318048636, -29.7931057119999 ], [ -71.318064052, -29.793187052 ], [ -71.318051329999903, -29.793283985 ], [ -71.318069968, -29.793328282999902 ], [ -71.318145644, -29.793432733 ], [ -71.318159551, -29.793481034 ], [ -71.318150906, -29.793563633 ], [ -71.318133519999904, -29.793601571999901 ], [ -71.318094193, -29.7936503029999 ], [ -71.318055499, -29.7936731799999 ], [ -71.318014, -29.793681499999899 ], [ -71.317966667, -29.793674833 ], [ -71.317918273, -29.793655907 ], [ -71.317848612, -29.793596861 ], [ -71.317782714, -29.793482249 ], [ -71.317763623, -29.793462852999902 ], [ -71.317739907, -29.793448683 ], [ -71.317695654, -29.793444221999899 ], [ -71.317654011999906, -29.793469006 ], [ -71.317638707999905, -29.793495194999899 ], [ -71.317556713, -29.793776465 ], [ -71.317540287, -29.793804655 ], [ -71.317516355999899, -29.793826157999899 ], [ -71.317466442, -29.793825995 ], [ -71.31735714, -29.793803855 ], [ -71.317290419999907, -29.793807936999901 ], [ -71.317241361, -29.79382256 ], [ -71.317057452, -29.7939107189999 ], [ -71.316989599, -29.793926961 ], [ -71.316863200999904, -29.793943102 ], [ -71.316809572, -29.793957943999899 ], [ -71.316772331, -29.7939840089999 ], [ -71.316752704999899, -29.794016292 ], [ -71.316755002, -29.794087252999901 ], [ -71.316792858, -29.794228475 ], [ -71.316891536999904, -29.794467263999898 ], [ -71.316916563999897, -29.794549183 ], [ -71.316928553, -29.794854864999898 ], [ -71.316940775, -29.7949462089999 ], [ -71.316955946999897, -29.794997219 ], [ -71.316983969, -29.795046984 ], [ -71.317027477, -29.7950902339999 ], [ -71.317240582, -29.795213922 ], [ -71.317334845999895, -29.795310592 ], [ -71.317382277, -29.795399404 ], [ -71.317479839, -29.79571236 ], [ -71.317538839, -29.795851736 ], [ -71.31755377, -29.795902602 ], [ -71.317565669, -29.796205044 ], [ -71.317558246, -29.796256781 ], [ -71.317530204, -29.796299738 ], [ -71.317443112, -29.796390943999899 ], [ -71.317411195, -29.796439932999899 ], [ -71.317337903999899, -29.796625688999899 ], [ -71.317326856, -29.796668817 ], [ -71.317327447, -29.796707771999898 ], [ -71.3173767279999, -29.796754397 ], [ -71.3175538039999, -29.796809482 ], [ -71.31762933, -29.796841136999898 ], [ -71.317735415999906, -29.796913075 ], [ -71.317797006, -29.796977882 ], [ -71.317817194, -29.797026785 ], [ -71.317854535, -29.797182619 ], [ -71.317954942, -29.797414887999899 ], [ -71.318048807, -29.797732663 ], [ -71.318056438, -29.797783086 ], [ -71.318053081, -29.797831757 ], [ -71.318025078999895, -29.79789786 ], [ -71.317866189, -29.798097062 ], [ -71.317810635999905, -29.7981349689999 ], [ -71.317695387, -29.7981780379999 ], [ -71.317661434999906, -29.798207432 ], [ -71.31757457, -29.798327225 ], [ -71.317488619, -29.7984188349999 ], [ -71.317392094, -29.798551647 ], [ -71.317361277, -29.798583506999901 ], [ -71.317307828, -29.798616888 ], [ -71.317142235999896, -29.798681668 ], [ -71.317096014999905, -29.798721776 ], [ -71.317089218, -29.798759057 ], [ -71.317148688, -29.798917939 ], [ -71.317155261, -29.799011172 ], [ -71.317145593, -29.799054597 ], [ -71.317091934, -29.799165616 ], [ -71.317056465999897, -29.799280505999899 ], [ -71.317036308999903, -29.7993193299999 ], [ -71.317016550999895, -29.799340862999902 ], [ -71.316959659, -29.799359250999899 ], [ -71.316781033, -29.799362195999901 ], [ -71.316632658999893, -29.799384868999901 ], [ -71.316442762999898, -29.799462228 ], [ -71.316271619, -29.7995000999999 ], [ -71.316178978, -29.799559141 ], [ -71.316119833, -29.7995778559999 ], [ -71.316011993, -29.79958178 ], [ -71.315800279, -29.799567274 ], [ -71.315714411, -29.79957955 ], [ -71.315693549999907, -29.799592050999902 ], [ -71.31567401, -29.799630732 ], [ -71.315672062, -29.799719105 ], [ -71.315664615999907, -29.799744048 ], [ -71.315645328999906, -29.799770822 ], [ -71.315617463, -29.799786245 ], [ -71.315571642, -29.79978714 ], [ -71.315543507, -29.799779347 ], [ -71.315439398, -29.7997290069999 ], [ -71.315381177999896, -29.799716836 ], [ -71.315298387, -29.799722196999902 ], [ -71.315216584, -29.7997533459999 ], [ -71.315194494, -29.799771263 ], [ -71.315168002999897, -29.799812969 ], [ -71.315136832, -29.799952807 ], [ -71.315111983999898, -29.799998361999901 ], [ -71.315035464999895, -29.800065898 ], [ -71.314986707999907, -29.800127883999899 ], [ -71.314963069, -29.800147659999901 ], [ -71.314931375999905, -29.800166891999901 ], [ -71.314813463, -29.800211947 ], [ -71.314767207, -29.800270372999901 ], [ -71.314748954, -29.800359566999902 ], [ -71.314753111999906, -29.800585451 ], [ -71.314731888, -29.800668223999899 ], [ -71.314710753, -29.800706160999901 ], [ -71.314651141, -29.800761646999899 ], [ -71.3144726579999, -29.800852617 ], [ -71.314407406, -29.800903105 ], [ -71.314398315999895, -29.800943778 ], [ -71.314444166, -29.801018851 ], [ -71.314506173, -29.801083377999898 ], [ -71.314610816, -29.801166577999901 ], [ -71.314649124, -29.801212036 ], [ -71.3146580599999, -29.8012584959999 ], [ -71.31464693, -29.801366927999901 ], [ -71.314680833, -29.80147926 ], [ -71.314687429999907, -29.801523120999899 ], [ -71.314677622, -29.801623563 ], [ -71.314595477999902, -29.801884553 ], [ -71.314594501, -29.801948137999901 ], [ -71.314615155999903, -29.802141370999902 ], [ -71.314615349, -29.802206833 ], [ -71.314565219, -29.802430789 ], [ -71.314562342, -29.802476748999901 ], [ -71.314578403, -29.802518592999899 ], [ -71.314633313999906, -29.802579543 ], [ -71.314676307999903, -29.802653644 ], [ -71.314674002999894, -29.802744404999899 ], [ -71.314709893, -29.802884589 ], [ -71.314715534999905, -29.803021591999901 ], [ -71.31470859, -29.8030635339999 ], [ -71.31469241, -29.8031032489999 ], [ -71.3146174029999, -29.803197739 ], [ -71.314583216999907, -29.803255647 ], [ -71.314570077, -29.803312067 ], [ -71.314573734, -29.803469017999898 ], [ -71.314560330999896, -29.803509467 ], [ -71.314484284999907, -29.803632967999899 ], [ -71.314462633999895, -29.803687989 ], [ -71.314461283999904, -29.8037514489999 ], [ -71.314494853, -29.803978558 ], [ -71.314537399, -29.804141076999901 ], [ -71.314602855, -29.804233608999901 ], [ -71.314780927999905, -29.804414333999901 ], [ -71.314987506, -29.804570892 ], [ -71.315041757999893, -29.80463657 ], [ -71.315073591, -29.804727676 ], [ -71.31515968, -29.804908782 ], [ -71.31518851, -29.804994945 ], [ -71.315209449, -29.8051202249999 ], [ -71.315196397, -29.805178327 ], [ -71.315162894, -29.805215748 ], [ -71.315084473, -29.805271725999901 ], [ -71.315039486, -29.805317602999899 ], [ -71.314955288, -29.805444158999901 ], [ -71.314900818999902, -29.805566483 ], [ -71.314870460999899, -29.805596115999901 ], [ -71.314809544999903, -29.8056058499999 ], [ -71.314636739, -29.805578425 ], [ -71.314546468999893, -29.805579646999899 ], [ -71.314472141, -29.805606748999899 ], [ -71.314392706, -29.805663711 ], [ -71.314354432999906, -29.80568261 ], [ -71.314287314999902, -29.8056881209999 ], [ -71.314144858, -29.805676457999901 ], [ -71.314062226, -29.805688394999901 ], [ -71.313994403, -29.805714678999902 ], [ -71.313944044, -29.805753662 ], [ -71.313746045999906, -29.805987186 ], [ -71.313675272999902, -29.806036284999902 ], [ -71.313594144, -29.806079143 ], [ -71.313542168, -29.80608699 ], [ -71.313407758, -29.806086509 ], [ -71.313299249, -29.806143189 ], [ -71.313185167, -29.806167764999898 ], [ -71.313046664, -29.806179069999899 ], [ -71.312922274999906, -29.806157712 ], [ -71.312868470999902, -29.806165407 ], [ -71.312890330999906, -29.806210410999899 ], [ -71.312919022, -29.806231979 ], [ -71.313170995, -29.806390592 ], [ -71.313274201, -29.806464279 ], [ -71.31341832, -29.80658879 ], [ -71.313582128, -29.80674627 ], [ -71.313661982, -29.806844280999901 ], [ -71.313698307, -29.806906915 ], [ -71.313708022, -29.806979501999901 ], [ -71.313686288, -29.8070280979999 ], [ -71.313589351, -29.807123718 ], [ -71.31355203, -29.807151711 ], [ -71.313514894, -29.807167756 ], [ -71.313454886, -29.807175495 ], [ -71.313315954, -29.807165647 ], [ -71.31324639, -29.807167583 ], [ -71.313200025, -29.807176518999899 ], [ -71.31314119, -29.8072036679999 ], [ -71.313116804999893, -29.807250024 ], [ -71.313135647, -29.807345545 ], [ -71.313128930999895, -29.807369722 ], [ -71.313102182, -29.807387446 ], [ -71.312916625, -29.807301159 ], [ -71.312791653, -29.807253874 ], [ -71.31274365, -29.807244488 ], [ -71.312691236, -29.807249297999899 ], [ -71.312654613999896, -29.807290297 ], [ -71.312645421999903, -29.807345762999901 ], [ -71.312654924999904, -29.807423491 ], [ -71.312697681, -29.8076048419999 ], [ -71.312701392999898, -29.807670823 ], [ -71.312690059, -29.80771363 ], [ -71.312649437999895, -29.8077472599999 ], [ -71.312532253, -29.807764713 ], [ -71.312425280999904, -29.807792326 ], [ -71.312370122999894, -29.807794182999899 ], [ -71.312265436, -29.807770209 ], [ -71.312063114999901, -29.807690969 ], [ -71.311987207, -29.807668583 ], [ -71.31192363, -29.807670204 ], [ -71.311905365, -29.807680906 ], [ -71.311885574, -29.80771241 ], [ -71.31188237, -29.807754568 ], [ -71.311890717, -29.807804543 ], [ -71.31194783, -29.808037708 ], [ -71.311972322, -29.808105756 ], [ -71.312032414, -29.808200385 ], [ -71.31219728, -29.808397059999901 ], [ -71.312330581, -29.808601353 ], [ -71.31246669, -29.808757563 ], [ -71.31251266, -29.808845415 ], [ -71.312600679999903, -29.809052355999899 ], [ -71.312626512, -29.809142462 ], [ -71.312622212, -29.809185978 ], [ -71.312589136, -29.809234316 ], [ -71.312374784, -29.809366159 ], [ -71.312288635, -29.809396249 ], [ -71.312236179, -29.809404943999901 ] ] ] } },
{ "type": "Feature", "properties": { "fid": 13, "Descripcion": "Cota 30 mts. Amenaza por Tsunami", "Recomendaciones SENAPRED": "https://bibliogrd.senapred.gob.cl/bitstream/handle/2012/1711/06_diptico_tsunami_2023_SENAPRED.pdf", "Origen Data": "Visor Chile Preparado, Territorio y Amenazas - SENAPRED, disponible en https://www.visorchilepreparado.cl/" }, "geometry": { "type": "MultiLineString", "coordinates": [ [ [ -71.473589489999895, -29.0804706119999 ], [ -71.473567266, -29.080491912 ], [ -71.473515499, -29.080526898 ], [ -71.473329749999905, -29.080609684 ], [ -71.473177349, -29.0807053139999 ], [ -71.473081631, -29.080729963 ], [ -71.472764637999902, -29.080772044 ], [ -71.472687276, -29.080814131999901 ], [ -71.472637822, -29.080867358 ], [ -71.4726002579999, -29.080952866 ], [ -71.472593109999906, -29.081002554 ], [ -71.472599257999903, -29.081059717999899 ], [ -71.472635232, -29.081184220999901 ], [ -71.472714003, -29.0813918929999 ], [ -71.472821705999905, -29.081588945 ], [ -71.472860586, -29.081680229 ], [ -71.472922376, -29.081921553 ], [ -71.472925577, -29.0820146249999 ], [ -71.472906877999904, -29.082055172 ], [ -71.472860176, -29.082082177 ], [ -71.472564479, -29.082185382 ], [ -71.472460822, -29.082205022 ], [ -71.472286493999903, -29.082218973 ], [ -71.47221942, -29.082210517 ], [ -71.472076661999907, -29.082154280999902 ], [ -71.472002005, -29.082137632 ], [ -71.471957747, -29.0821384549999 ], [ -71.471739584, -29.082175264999901 ], [ -71.471639583, -29.082176768 ], [ -71.471564402999903, -29.0821692489999 ], [ -71.471490802999895, -29.082154139 ], [ -71.470967576, -29.082008102 ], [ -71.470876016, -29.082002831 ], [ -71.470728406, -29.082024878 ], [ -71.470638449, -29.082024614 ], [ -71.470534738, -29.082003975 ], [ -71.470343011, -29.081943446 ], [ -71.470275275999896, -29.081930023 ], [ -71.470205646, -29.081926568 ], [ -71.470009863, -29.081939075 ], [ -71.469824146999898, -29.0819298179999 ], [ -71.469714376999903, -29.081939516 ], [ -71.469598409, -29.0819747849999 ], [ -71.46945937, -29.082057291 ], [ -71.469411272999906, -29.0821022599999 ], [ -71.469304154, -29.0822427109999 ], [ -71.469259356, -29.082288698 ], [ -71.469011875, -29.082445391 ], [ -71.468950494999902, -29.082541445999901 ], [ -71.468813350999895, -29.082664560999898 ], [ -71.468725599, -29.082720777 ], [ -71.468632427, -29.082762998 ], [ -71.468579610999896, -29.08277494 ], [ -71.468532876, -29.082774069 ], [ -71.468492964999896, -29.082762696 ], [ -71.468386449, -29.082700788 ], [ -71.468188138999906, -29.082629641 ], [ -71.468038862, -29.082593327 ], [ -71.467965471999904, -29.082586827999901 ], [ -71.4679226, -29.08259025 ], [ -71.467865891, -29.082615604999901 ], [ -71.467819358, -29.082672215999899 ], [ -71.467772405999895, -29.0827152489999 ], [ -71.467663035, -29.082745674 ], [ -71.467606992, -29.082772172 ], [ -71.467554827, -29.082811933 ], [ -71.467470062, -29.082861399 ], [ -71.467386556999898, -29.082939694999901 ], [ -71.467345458, -29.082964099 ], [ -71.467281892999907, -29.082976502 ], [ -71.467125752999905, -29.0829747669999 ], [ -71.467054232, -29.082987187999901 ], [ -71.467003179, -29.083027003 ], [ -71.46699678, -29.083080236999901 ], [ -71.467075238999897, -29.08332417 ], [ -71.467114582, -29.083394977 ], [ -71.467187931999902, -29.083500996999899 ], [ -71.467222063999898, -29.083576305999902 ], [ -71.467237420999894, -29.083763949999899 ], [ -71.467236494, -29.083805119 ], [ -71.467225202999899, -29.083834420999899 ], [ -71.467197922, -29.083848776 ], [ -71.467131463, -29.0838357599999 ], [ -71.466917715, -29.083713359999901 ], [ -71.466736226, -29.083571998 ], [ -71.466659047, -29.083535654999899 ], [ -71.466522144, -29.083488295999899 ], [ -71.466477703, -29.083488152 ], [ -71.466458321999895, -29.083514496 ], [ -71.466464158999898, -29.083624386999901 ], [ -71.466461741, -29.083804431 ], [ -71.466470806, -29.083881441 ], [ -71.466526731, -29.08410858 ], [ -71.466521853, -29.084152348 ], [ -71.466509919, -29.084178476 ], [ -71.466467469999898, -29.084248946999899 ], [ -71.466424134, -29.08429539 ], [ -71.4663731589999, -29.084335037999899 ], [ -71.466268456, -29.08438253 ], [ -71.466010551999901, -29.084435423999899 ], [ -71.465959343999899, -29.0844625239999 ], [ -71.465940264, -29.0844902279999 ], [ -71.465937052, -29.084532608 ], [ -71.465948490999907, -29.084563901 ], [ -71.466034677, -29.084696887 ], [ -71.466040963, -29.084723098 ], [ -71.466037058, -29.084741583 ], [ -71.465997121, -29.084772642 ], [ -71.465878506, -29.084831428 ], [ -71.465834126999894, -29.084876949 ], [ -71.465817243999894, -29.084926379 ], [ -71.465822015999905, -29.0849707409999 ], [ -71.465873506, -29.0850478199999 ], [ -71.465890381, -29.085062297 ], [ -71.46601577, -29.085120275999898 ], [ -71.466064531, -29.085162296 ], [ -71.466126351, -29.08524124 ], [ -71.4661492, -29.085283780999902 ], [ -71.466162291, -29.085345455 ], [ -71.466160453, -29.085368982 ], [ -71.466149227, -29.0853897699999 ], [ -71.466109258, -29.08540548 ], [ -71.465971823, -29.085400665999899 ], [ -71.465790155, -29.085373264999902 ], [ -71.465590076, -29.085354209999899 ], [ -71.465519606, -29.085330698999901 ], [ -71.465384618, -29.0852584249999 ], [ -71.465333078999905, -29.085244673 ], [ -71.465287721, -29.085242783 ], [ -71.465158506, -29.085260122 ], [ -71.465083438, -29.085248335 ], [ -71.464906758, -29.085164251 ], [ -71.464712501999898, -29.085030452999899 ], [ -71.464615045, -29.084980825999899 ], [ -71.464529765, -29.084967653 ], [ -71.464315649, -29.084973689 ], [ -71.464169929, -29.0849664039999 ], [ -71.46403037, -29.0849289609999 ], [ -71.463626007, -29.084792363 ], [ -71.463357379999906, -29.084661259 ], [ -71.463192894, -29.084564876999899 ], [ -71.463063443, -29.084472209999898 ], [ -71.462962177999898, -29.084388776 ], [ -71.462775479999905, -29.084208771 ], [ -71.462726069, -29.084176532999901 ], [ -71.462641095, -29.084143637999901 ], [ -71.462307056, -29.084102921 ], [ -71.461712394, -29.083953983999901 ], [ -71.461463811, -29.0839069909999 ], [ -71.461196264, -29.083868551 ], [ -71.46107782, -29.083857973 ], [ -71.460941326, -29.083855753 ], [ -71.460642156999896, -29.083882813999899 ], [ -71.460522485, -29.083873882 ], [ -71.460409321, -29.083840553 ], [ -71.46011294, -29.083707026 ], [ -71.459981398, -29.08363234 ], [ -71.459614584, -29.083376514 ], [ -71.459186766, -29.0831216619999 ], [ -71.458895298, -29.0829989009999 ], [ -71.458165142, -29.082666821 ], [ -71.457468972999905, -29.082411174 ], [ -71.457376327, -29.082359433 ], [ -71.457186915, -29.082231559 ], [ -71.457094122999905, -29.082180337999901 ], [ -71.456691352999897, -29.08202454 ], [ -71.456577002999893, -29.081973032999901 ], [ -71.456461748, -29.081900482 ], [ -71.45626351, -29.0817229469999 ], [ -71.456192146, -29.081671845 ], [ -71.455847816, -29.081501228 ], [ -71.45556232, -29.081374742 ], [ -71.455065841, -29.0811267 ], [ -71.45396799, -29.0804914349999 ], [ -71.453848530999906, -29.080412511 ], [ -71.453667835, -29.080274354 ], [ -71.453523651999902, -29.080187979999899 ], [ -71.45334038, -29.080099832 ], [ -71.453041579999905, -29.0799942579999 ], [ -71.452859024, -29.079913287999901 ], [ -71.451957302, -29.0794066079999 ], [ -71.451717529999897, -29.079288859 ], [ -71.451372698999904, -29.079137632 ], [ -71.451014056, -29.078947715 ], [ -71.450382632, -29.078531774999899 ], [ -71.450244098, -29.078431264999899 ], [ -71.450110539, -29.078322732999901 ], [ -71.449825045999901, -29.078070692 ], [ -71.449494060999896, -29.0778087589999 ], [ -71.449194619, -29.0775294439999 ], [ -71.449072004, -29.0774241989999 ], [ -71.448974103999902, -29.077348104999899 ], [ -71.448716227, -29.077180561 ], [ -71.448488638999905, -29.076970452 ], [ -71.448263195, -29.076810712999901 ], [ -71.448173396999906, -29.076766247 ], [ -71.448062647, -29.076722827 ], [ -71.447884536999894, -29.076662117999899 ], [ -71.447779552, -29.076638884 ], [ -71.447691655, -29.076640953 ], [ -71.447545879, -29.0766654409999 ], [ -71.44750026, -29.076680876999902 ], [ -71.447483784, -29.0767056349999 ], [ -71.447482422999897, -29.076726010999899 ], [ -71.447510275, -29.07677167 ], [ -71.447609466999893, -29.076857167999901 ], [ -71.44767781, -29.076905074 ], [ -71.447902332999902, -29.077019552 ], [ -71.448010229, -29.077085597999901 ], [ -71.448087919, -29.077144054 ], [ -71.448216964, -29.0772612109999 ], [ -71.448402299999898, -29.077404034 ], [ -71.448734579, -29.077715383999902 ], [ -71.449156659, -29.078199976999901 ], [ -71.449434421, -29.078479640999898 ], [ -71.449660111999904, -29.078727891 ], [ -71.449818514, -29.0788850009999 ], [ -71.449933891999905, -29.0789836229999 ], [ -71.450097061, -29.0791065609999 ], [ -71.450557551, -29.0794160139999 ], [ -71.450693035, -29.079544266 ], [ -71.450824236999907, -29.079685007 ], [ -71.450872096, -29.0797250009999 ], [ -71.450966854999905, -29.0797807239999 ], [ -71.451146128999895, -29.079862079999899 ], [ -71.451224964999895, -29.0799117779999 ], [ -71.451693156, -29.080253286999898 ], [ -71.451894248, -29.080415295 ], [ -71.452227100999906, -29.080638967 ], [ -71.452451542999896, -29.080818108 ], [ -71.452589393, -29.080917246 ], [ -71.452905508999905, -29.081081277 ], [ -71.453177806, -29.0811705949999 ], [ -71.453309684, -29.081225382 ], [ -71.453399871, -29.081274178999902 ], [ -71.453466042999906, -29.081319207 ], [ -71.453617783, -29.081440266 ], [ -71.45397976, -29.081761085 ], [ -71.454177071999894, -29.081957111 ], [ -71.454375539999901, -29.082169649 ], [ -71.454609058999907, -29.082387775 ], [ -71.454844637, -29.0825555979999 ], [ -71.455050286999906, -29.082668027 ], [ -71.455127714, -29.082718859 ], [ -71.455626338999906, -29.083122515 ], [ -71.455892505999898, -29.08330553 ], [ -71.456125492, -29.083526148 ], [ -71.4562358539999, -29.083607318 ], [ -71.456461896999897, -29.083743427999899 ], [ -71.456732465999906, -29.083918188 ], [ -71.456935363999904, -29.084022075 ], [ -71.457088687999899, -29.084075389 ], [ -71.457326582, -29.084106544999901 ], [ -71.457603849, -29.084120378 ], [ -71.457828075999899, -29.084118201 ], [ -71.458205418, -29.084101685999901 ], [ -71.458361375, -29.084102613 ], [ -71.458461201, -29.084113051 ], [ -71.458585323, -29.084146131 ], [ -71.458733283999905, -29.084203717 ], [ -71.45887533, -29.084271498 ], [ -71.458969542, -29.084334414999901 ], [ -71.45912098, -29.084451434 ], [ -71.459300896999906, -29.084550583999899 ], [ -71.459393231, -29.084610262 ], [ -71.459478156, -29.084680666999901 ], [ -71.459592111999896, -29.084789836 ], [ -71.4598454059999, -29.08507609 ], [ -71.460002366, -29.085236965 ], [ -71.460119964999905, -29.085341941 ], [ -71.460344893, -29.085523348 ], [ -71.460607308, -29.085712988 ], [ -71.460732102, -29.085817839 ], [ -71.460818634, -29.08590936 ], [ -71.460891483, -29.086011066 ], [ -71.461032998, -29.086143872 ], [ -71.46105665, -29.086186058 ], [ -71.461075475, -29.0863623189999 ], [ -71.461103549, -29.086480289999901 ], [ -71.461136263999904, -29.086574515999899 ], [ -71.461187836, -29.086682604 ], [ -71.461197828, -29.0867219699999 ], [ -71.461194480999893, -29.086770503 ], [ -71.461158815, -29.086856167 ], [ -71.461147564, -29.086901984999901 ], [ -71.461147055, -29.086952536999899 ], [ -71.461158875, -29.087008864 ], [ -71.461192024999903, -29.087085284999901 ], [ -71.461238369999904, -29.087155174 ], [ -71.461436577, -29.087404659 ], [ -71.461468054, -29.0874575 ], [ -71.461500943, -29.087541883 ], [ -71.461510006, -29.087580930999898 ], [ -71.46150568, -29.087631886999901 ], [ -71.461466174999899, -29.087672424999901 ], [ -71.461414815, -29.087681481999901 ], [ -71.461284884, -29.087670789999901 ], [ -71.46099996, -29.087572247 ], [ -71.460946161, -29.0875608549999 ], [ -71.460905052, -29.087564401999899 ], [ -71.460891284999903, -29.087596017 ], [ -71.460914373, -29.0877471209999 ], [ -71.460914209999899, -29.087791809999899 ], [ -71.460899212999905, -29.087827999 ], [ -71.460882786999903, -29.087842628 ], [ -71.460840408, -29.087854234 ], [ -71.460748899999899, -29.087847645 ], [ -71.460568528, -29.087795046999901 ], [ -71.460521222, -29.0877900099999 ], [ -71.460472861, -29.087805972999899 ], [ -71.460412861999899, -29.087880368 ], [ -71.460379240999899, -29.087907098 ], [ -71.460337631, -29.087917699999899 ], [ -71.460226001, -29.087920141 ], [ -71.460184662, -29.087927733 ], [ -71.46015599, -29.087939753999901 ], [ -71.460115507999902, -29.087990562 ], [ -71.460102126, -29.088060975 ], [ -71.460107722, -29.088124743 ], [ -71.460161603, -29.088266405999899 ], [ -71.460226053, -29.088483582 ], [ -71.460272980999903, -29.088569236999898 ], [ -71.460423035, -29.0887968719999 ], [ -71.460516086, -29.089007502 ], [ -71.460609254, -29.089177800999899 ], [ -71.460684399999906, -29.089340364999899 ], [ -71.460744273, -29.089518455 ], [ -71.460880545999899, -29.089833289 ], [ -71.460887054999901, -29.089893096 ], [ -71.460883724, -29.089935308999902 ], [ -71.460828116, -29.090228451 ], [ -71.46079148, -29.090333189 ], [ -71.460698293999897, -29.090509261 ], [ -71.460682316, -29.090581163 ], [ -71.460685805, -29.090650312 ], [ -71.460739036999897, -29.090832699 ], [ -71.460753908999905, -29.091000055999899 ], [ -71.4607465079999, -29.091054022 ], [ -71.460723470999895, -29.0910955589999 ], [ -71.460698578999896, -29.091117746 ], [ -71.460658845, -29.091144373 ], [ -71.460608462, -29.091163163 ], [ -71.460515078, -29.091184348 ], [ -71.460236220999903, -29.09122466 ], [ -71.460156082, -29.091247079 ], [ -71.460073760999904, -29.091280202 ], [ -71.460004824999899, -29.091322111999901 ], [ -71.459955593, -29.091366336 ], [ -71.459885734, -29.0914537539999 ], [ -71.459832954, -29.091534109 ], [ -71.459810007, -29.091588616 ], [ -71.459807116, -29.091632311 ], [ -71.459812929999899, -29.09165402 ], [ -71.459843234999894, -29.091703922 ], [ -71.459997706, -29.091865863 ], [ -71.460022111999905, -29.091909501 ], [ -71.460023669, -29.0919524769999 ], [ -71.459999408, -29.091969596999899 ], [ -71.459957803999899, -29.0919775099999 ], [ -71.459835633, -29.0919564709999 ], [ -71.459791553999906, -29.091956774 ], [ -71.459730315999906, -29.0919745489999 ], [ -71.459676295, -29.092009445 ], [ -71.459618798, -29.092088545 ], [ -71.4595861, -29.092174111 ], [ -71.459560357, -29.092270573 ], [ -71.459535659, -29.09232128 ], [ -71.45945618, -29.092401258999899 ], [ -71.459320581, -29.092510622 ], [ -71.459279247, -29.092559584 ], [ -71.459246487, -29.0926136429999 ], [ -71.459210997999904, -29.092715886999901 ], [ -71.459200855999896, -29.092791729999899 ], [ -71.459222255, -29.093027886 ], [ -71.459204348, -29.093334938999899 ], [ -71.459191754, -29.093373934999899 ], [ -71.459122841, -29.093464917999899 ], [ -71.459068566, -29.093623174 ], [ -71.459014386, -29.093734056 ], [ -71.458959874999906, -29.093819304 ], [ -71.458845464, -29.093971312999901 ], [ -71.458724603, -29.094306715999899 ], [ -71.458662445, -29.094434232 ], [ -71.458640246, -29.094517498999899 ], [ -71.458640799, -29.094563090999898 ], [ -71.458657123, -29.0946103919999 ], [ -71.458683971, -29.094654686999899 ], [ -71.458695390999907, -29.094698376999901 ], [ -71.458670339, -29.094788771 ], [ -71.458488173, -29.095116494 ], [ -71.458443520999893, -29.095165612 ], [ -71.45840551, -29.095188838 ], [ -71.458332503999898, -29.095217379 ], [ -71.458306685, -29.095236063999899 ], [ -71.458276957, -29.095371778 ], [ -71.458177884, -29.095499657999898 ], [ -71.458156894, -29.095557525999901 ], [ -71.458152511, -29.095601148 ], [ -71.458162675, -29.095674861 ], [ -71.458267953, -29.0960221899999 ], [ -71.458309110999906, -29.096096191999901 ], [ -71.458419562999893, -29.096187621 ], [ -71.458466459, -29.096206387999899 ], [ -71.458536141, -29.096210638999899 ], [ -71.458592941999896, -29.096194958 ], [ -71.458670884, -29.096174796 ], [ -71.458711243, -29.096176823999901 ], [ -71.458775360999894, -29.096198383999901 ], [ -71.45880176, -29.096217447999901 ], [ -71.458846343999895, -29.096261388999899 ], [ -71.458866064999896, -29.096293273 ], [ -71.458887269999906, -29.0963531539999 ], [ -71.458895328, -29.096420569 ], [ -71.458885099, -29.096597097 ], [ -71.458892776, -29.09673423 ], [ -71.458872567999904, -29.096816712 ], [ -71.458835812, -29.096910223 ], [ -71.458829831999907, -29.096975527 ], [ -71.45884884, -29.09704296 ], [ -71.458963776, -29.097245423999901 ], [ -71.458988395999896, -29.097312152 ], [ -71.458995419, -29.0973725969999 ], [ -71.458988768, -29.097453986999898 ], [ -71.45895945, -29.097626757999901 ], [ -71.45890141, -29.097817979 ], [ -71.458823740999904, -29.098143691 ], [ -71.458820395, -29.098231381999899 ], [ -71.458854899999906, -29.098392094 ], [ -71.458857560999903, -29.098452918 ], [ -71.458842561, -29.098515058 ], [ -71.458774939, -29.098707009999899 ], [ -71.458733653, -29.0988650419999 ], [ -71.458703558, -29.098938174 ], [ -71.458533227, -29.099202256999899 ], [ -71.458493281, -29.099252925 ], [ -71.458407231, -29.099336465 ], [ -71.4583909199999, -29.099370926999899 ], [ -71.458391056, -29.0994336649999 ], [ -71.458447463, -29.099565347 ], [ -71.458455906, -29.09962651 ], [ -71.458450423, -29.099661988 ], [ -71.458436280999905, -29.099688684999901 ], [ -71.45835153, -29.099796738999899 ], [ -71.458332283999894, -29.099836278999899 ], [ -71.458321966, -29.099877689 ], [ -71.45833019, -29.09994678 ], [ -71.4583773479999, -29.100083255999898 ], [ -71.458393863, -29.100273881 ], [ -71.458383114, -29.100378782 ], [ -71.458346494999901, -29.100456371999901 ], [ -71.458298073, -29.100501783 ], [ -71.458239574999894, -29.100526568 ], [ -71.458083825, -29.100556066 ], [ -71.457904587, -29.100623265 ], [ -71.457818945, -29.100634909 ], [ -71.45769545, -29.100614099 ], [ -71.457487004, -29.100549054999899 ], [ -71.457095336999899, -29.100446592 ], [ -71.456998458, -29.100430711999898 ], [ -71.456910675, -29.100434441999901 ], [ -71.456826216, -29.100468882 ], [ -71.456780625, -29.100513997 ], [ -71.456706322999906, -29.100645641 ], [ -71.456600555, -29.100874614 ], [ -71.456547532999906, -29.100921151 ], [ -71.456447344, -29.100951129 ], [ -71.45596531, -29.101023057 ], [ -71.455558127, -29.1011086349999 ], [ -71.455300574, -29.101145784 ], [ -71.455196168, -29.101151165 ], [ -71.455071811, -29.101137093 ], [ -71.454755491999904, -29.1010376199999 ], [ -71.454608451, -29.101011693 ], [ -71.454432662, -29.101006853999898 ], [ -71.454122091, -29.1010343099999 ], [ -71.453955085, -29.101018067 ], [ -71.453824789, -29.1009808549999 ], [ -71.453593278, -29.100882199999901 ], [ -71.453443829, -29.100829673 ], [ -71.453081658, -29.100746312 ], [ -71.452995707999904, -29.1007050599999 ], [ -71.452923181999907, -29.100648801 ], [ -71.452839495, -29.100552725999901 ], [ -71.452716994, -29.100365294 ], [ -71.452675155999898, -29.100319339 ], [ -71.452656113, -29.100313484 ], [ -71.452645159, -29.100327428999901 ], [ -71.45264163, -29.100343580999901 ], [ -71.452661548, -29.1004474329999 ], [ -71.452682963, -29.100511648 ], [ -71.452721881999906, -29.100586565 ], [ -71.452810289, -29.1007227549999 ], [ -71.452914995, -29.100833415999901 ], [ -71.453025817, -29.100913326 ], [ -71.45308421, -29.100940763 ], [ -71.453148469, -29.100962904 ], [ -71.453354948, -29.101006973 ], [ -71.453445326, -29.101040258 ], [ -71.453750901, -29.101227736999899 ], [ -71.453803014999906, -29.1012527789999 ], [ -71.453892721, -29.101283362999901 ], [ -71.454035539999893, -29.101312413999899 ], [ -71.454403535, -29.101329662999898 ], [ -71.454526667, -29.101346545 ], [ -71.454616422999905, -29.101367426 ], [ -71.454705955999898, -29.101408724999899 ], [ -71.454778352999895, -29.101456303 ], [ -71.455000046999899, -29.101638027 ], [ -71.455133594, -29.101729014999901 ], [ -71.455245599, -29.101784071999901 ], [ -71.455401356, -29.101836594 ], [ -71.455524432999894, -29.101858514 ], [ -71.455686678999896, -29.101860793 ], [ -71.45581585, -29.101850468 ], [ -71.4560197, -29.101813437 ], [ -71.45615385, -29.1018079729999 ], [ -71.456214679, -29.101819900999899 ], [ -71.456283051, -29.101853341 ], [ -71.456304105999905, -29.101868162999899 ], [ -71.456335167, -29.101907857 ], [ -71.456333238, -29.1019616889999 ], [ -71.456307915, -29.102045228999899 ], [ -71.456308086, -29.1020913 ], [ -71.456321481, -29.10213435 ], [ -71.456408159, -29.102268923999901 ], [ -71.456425101, -29.102311729999901 ], [ -71.456432876, -29.102377035 ], [ -71.456412176999905, -29.1026166619999 ], [ -71.456417839, -29.102851503999901 ], [ -71.456359812999906, -29.103128206999902 ], [ -71.456321644999903, -29.103207714 ], [ -71.456238272, -29.103305571 ], [ -71.456100401999905, -29.103437781 ], [ -71.456062136, -29.103490833 ], [ -71.456014244, -29.103577284 ], [ -71.455923616, -29.103691732 ], [ -71.45587641, -29.103798900999902 ], [ -71.455815323, -29.1040071749999 ], [ -71.455780123, -29.104075889999901 ], [ -71.455720231, -29.104137422999901 ], [ -71.455539292, -29.104251683 ], [ -71.455506306, -29.104284848 ], [ -71.455487841, -29.104315245 ], [ -71.455461934, -29.104391227 ], [ -71.45545595, -29.104458095 ], [ -71.455512051, -29.104690712 ], [ -71.455514187999896, -29.104754472 ], [ -71.455507742999899, -29.104796732999901 ], [ -71.455475260999904, -29.104875761 ], [ -71.455427034, -29.104950021 ], [ -71.455284368, -29.105099783 ], [ -71.455247234999902, -29.105153120999901 ], [ -71.455221179, -29.105241752 ], [ -71.45521846, -29.105375063999901 ], [ -71.45520475, -29.105426254 ], [ -71.455174621, -29.105466347999901 ], [ -71.455109073999907, -29.105511088 ], [ -71.455000202999898, -29.105537 ], [ -71.454616017, -29.105534978 ], [ -71.454282029999902, -29.1055419099999 ], [ -71.454187847, -29.105535276999898 ], [ -71.454086527999905, -29.105515171 ], [ -71.453940597, -29.105465034 ], [ -71.453647761999903, -29.105310975 ], [ -71.453401782999904, -29.105223699 ], [ -71.453304346, -29.1052070329999 ], [ -71.453096784, -29.105203704 ], [ -71.453026853, -29.105188857 ], [ -71.452946861, -29.105145278999899 ], [ -71.452864685, -29.105078714999902 ], [ -71.452639992999906, -29.104851145999898 ], [ -71.452477431, -29.104746964 ], [ -71.452365119, -29.104694562 ], [ -71.452230839, -29.104652189 ], [ -71.452050747, -29.104609045 ], [ -71.451888659, -29.104587020999901 ], [ -71.451679186, -29.104569032 ], [ -71.45151907, -29.1045710409999 ], [ -71.451187941999905, -29.104623618999899 ], [ -71.450880347, -29.104659007 ], [ -71.450708546, -29.104701159999902 ], [ -71.450587452, -29.104748405999899 ], [ -71.450329656, -29.104877283 ], [ -71.450307094, -29.104900901 ], [ -71.450297209, -29.104923148999902 ], [ -71.450322485999905, -29.104965991 ], [ -71.450403671999894, -29.105016247 ], [ -71.450605617999898, -29.105111013999899 ], [ -71.450830287, -29.105202200999901 ], [ -71.451255666999899, -29.105349819 ], [ -71.451958399, -29.10551265 ], [ -71.452078886, -29.1055563419999 ], [ -71.45222768, -29.105646146 ], [ -71.4522881, -29.105699812 ], [ -71.452353130999896, -29.105782175999899 ], [ -71.452375586999906, -29.105827308 ], [ -71.452384804, -29.105872749 ], [ -71.452371292999899, -29.105928655 ], [ -71.45228568, -29.106023815 ], [ -71.45223694, -29.1061395689999 ], [ -71.452201961999904, -29.106157908999901 ], [ -71.452160122999899, -29.106164100999901 ], [ -71.451874805, -29.106136890999899 ], [ -71.451413105, -29.106022297 ], [ -71.451287535999896, -29.105998631 ], [ -71.451033128999896, -29.105984666 ], [ -71.4508218779999, -29.1059624919999 ], [ -71.450656731, -29.105964754999899 ], [ -71.450578503, -29.105978052999902 ], [ -71.45054963, -29.105996961999899 ], [ -71.450539459, -29.106031351 ], [ -71.450559155999898, -29.106134885 ], [ -71.450551022999903, -29.106192355 ], [ -71.450387239999898, -29.106378009 ], [ -71.450371515, -29.106419258 ], [ -71.450354934, -29.106548205 ], [ -71.450305624, -29.106637954 ], [ -71.450301233999895, -29.106654838999901 ], [ -71.450306929, -29.106682636999899 ], [ -71.450357853, -29.106726845 ], [ -71.450493434999899, -29.106773744999899 ], [ -71.450878577, -29.106845303999901 ], [ -71.450984351, -29.106880158 ], [ -71.451068665, -29.106917994 ], [ -71.451420158, -29.107108706 ], [ -71.451664148, -29.107315811 ], [ -71.45177583, -29.107396071 ], [ -71.452002621, -29.107533061 ], [ -71.452205039, -29.107633693 ], [ -71.452241386, -29.107675618 ], [ -71.452247733, -29.107695964 ], [ -71.452266314, -29.107860447999901 ], [ -71.452306703, -29.107976564 ], [ -71.452359937, -29.108066737999899 ], [ -71.452454932, -29.108174392 ], [ -71.452514144, -29.1082189699999 ], [ -71.4525886549999, -29.108260582 ], [ -71.453112258, -29.108485093999899 ], [ -71.453254611, -29.108570787 ], [ -71.453320108999904, -29.108630364 ], [ -71.453430286, -29.108750959 ], [ -71.453810689, -29.109221544 ], [ -71.453992371, -29.109402512 ], [ -71.454096305999897, -29.109479024999899 ], [ -71.454256318, -29.109571663999901 ], [ -71.454541224, -29.109751462 ], [ -71.454821055, -29.109883361 ], [ -71.454901617, -29.109932694 ], [ -71.455009457, -29.110013726 ], [ -71.455103154, -29.110099507 ], [ -71.455160631, -29.110168362 ], [ -71.455197988999899, -29.1102341879999 ], [ -71.455209803999907, -29.110282157 ], [ -71.455210055, -29.110328406999901 ], [ -71.455143710999906, -29.110677417 ], [ -71.455030768, -29.11105057 ], [ -71.454987499, -29.111160938999902 ], [ -71.454968954, -29.1112851419999 ], [ -71.45491399, -29.111462643 ], [ -71.454853895, -29.111567549 ], [ -71.4548169239999, -29.111662484 ], [ -71.454772357, -29.111752184 ], [ -71.454762415999895, -29.1117916339999 ], [ -71.454751707999904, -29.111911493 ], [ -71.454736899999901, -29.111938119999898 ], [ -71.454689959999897, -29.111986558 ], [ -71.454580334, -29.112055179 ], [ -71.454550556, -29.112092307 ], [ -71.454536308999906, -29.112132376 ], [ -71.454494812999897, -29.112333856 ], [ -71.45449691, -29.112360253 ], [ -71.454514969999906, -29.112404981999902 ], [ -71.454554076, -29.112447087 ], [ -71.454653860999898, -29.112528297 ], [ -71.45468085, -29.1125618629999 ], [ -71.454706697999896, -29.112606574 ], [ -71.454740001999895, -29.112707179 ], [ -71.454788521, -29.112979057 ], [ -71.454789916, -29.113043518 ], [ -71.454777532, -29.113152139 ], [ -71.454783025, -29.113201043999901 ], [ -71.454813154, -29.113265575 ], [ -71.454886608, -29.113373467 ], [ -71.454929178, -29.113475634999901 ], [ -71.4549424799999, -29.113548264 ], [ -71.454958863999906, -29.113761144 ], [ -71.455042221, -29.113982560999901 ], [ -71.455071456, -29.1140847849999 ], [ -71.455075469, -29.114178226 ], [ -71.45504664, -29.114367947999899 ], [ -71.455056725, -29.114436908999899 ], [ -71.455100716999894, -29.114522122 ], [ -71.455208302999907, -29.114661462 ], [ -71.455296448, -29.114796713 ], [ -71.455408496, -29.11492765 ], [ -71.45543703, -29.114974275999899 ], [ -71.455455281, -29.115021805 ], [ -71.455469569999906, -29.1151177099999 ], [ -71.455461237999899, -29.115249935 ], [ -71.455468693999904, -29.115432777 ], [ -71.45545852, -29.115654567 ], [ -71.455471726, -29.115741 ], [ -71.455507637, -29.1158617419999 ], [ -71.455519182, -29.1160248579999 ], [ -71.455542631999904, -29.11608104 ], [ -71.455564453, -29.116111017 ], [ -71.455609781, -29.116134754 ], [ -71.455719976999902, -29.116168973999901 ], [ -71.455763422, -29.11619166 ], [ -71.45583806, -29.116248761 ], [ -71.455877764, -29.116302963 ], [ -71.455893687999904, -29.116344711999901 ], [ -71.45589925, -29.116416141999899 ], [ -71.455865597, -29.1166016889999 ], [ -71.455869172999897, -29.116643817999901 ], [ -71.455958717, -29.116821242 ], [ -71.45598953, -29.116866532 ], [ -71.456146987, -29.117026229 ], [ -71.456188847, -29.1170790369999 ], [ -71.456254327, -29.1172453259999 ], [ -71.456290989, -29.117318598999901 ], [ -71.456423394, -29.11749746 ], [ -71.456426698, -29.11755686 ], [ -71.456381455, -29.117673604999901 ], [ -71.456374944999894, -29.1177154599999 ], [ -71.456390744, -29.117767662999899 ], [ -71.456413024, -29.117802061 ], [ -71.45655024, -29.117887556 ], [ -71.4567144439999, -29.1180376 ], [ -71.456745796999897, -29.118083871 ], [ -71.456829774, -29.118265989 ], [ -71.456859105, -29.118304942 ], [ -71.456914775, -29.1183571729999 ], [ -71.457046652, -29.118435657 ], [ -71.457108089, -29.118493133 ], [ -71.457163588999904, -29.118533055999901 ], [ -71.457454089999899, -29.1186601429999 ], [ -71.457555866999897, -29.118719574999901 ], [ -71.457665705999901, -29.118800513999901 ], [ -71.457706984, -29.118848548 ], [ -71.457730292, -29.1188931199999 ], [ -71.457754972, -29.119034101 ], [ -71.457769718999899, -29.119074885 ], [ -71.457812896999897, -29.1191486889999 ], [ -71.457873185, -29.1192146 ], [ -71.45803325, -29.119331291 ], [ -71.458090612, -29.119391868 ], [ -71.458131486, -29.119454636999901 ], [ -71.458240869999898, -29.119726455 ], [ -71.45825734, -29.119801617999901 ], [ -71.458279804, -29.119972289 ], [ -71.458305254, -29.120067429 ], [ -71.458351223, -29.120155340999901 ], [ -71.458441578, -29.120278335 ], [ -71.458473189, -29.120337094 ], [ -71.458496361999906, -29.120392204 ], [ -71.458538599999898, -29.120533297999899 ], [ -71.458578786, -29.1205893879999 ], [ -71.458669775, -29.120675210999899 ], [ -71.458988742, -29.121120226 ], [ -71.459213252, -29.121481280999902 ], [ -71.459249687, -29.1215549359999 ], [ -71.459265612, -29.121611503999901 ], [ -71.459275936, -29.121686382 ], [ -71.459276136, -29.121753836 ], [ -71.459263947, -29.121817897 ], [ -71.459233637999901, -29.121867968999901 ], [ -71.4591665089999, -29.121934829999901 ], [ -71.459136063, -29.121976139 ], [ -71.459110065999894, -29.122031412999899 ], [ -71.459094928999903, -29.122092116 ], [ -71.459082619999904, -29.122196425 ], [ -71.459082388, -29.122267076 ], [ -71.459097179, -29.122319343999902 ], [ -71.459117549, -29.122351833 ], [ -71.459161888, -29.122374641 ], [ -71.45922768, -29.122374267999898 ], [ -71.459343726, -29.122331629 ], [ -71.459526933999896, -29.122249608999901 ], [ -71.459613969, -29.122226914 ], [ -71.459669202, -29.122224120999899 ], [ -71.45974853, -29.122242668 ], [ -71.459976954999902, -29.122328072 ], [ -71.460111729999895, -29.12239933 ], [ -71.460261266, -29.122502588 ], [ -71.460338351, -29.122543185 ], [ -71.460377229999906, -29.122553432 ], [ -71.460446681999898, -29.12255973 ], [ -71.460513197999902, -29.1225523969999 ], [ -71.460686705999905, -29.122491757 ], [ -71.460744587, -29.122477961999898 ], [ -71.460811911999897, -29.122477327999899 ], [ -71.460878872, -29.122498074 ], [ -71.460924073999905, -29.122563194 ], [ -71.4609313939999, -29.122602312 ], [ -71.460931926999905, -29.122673569 ], [ -71.460915876999906, -29.122819143999902 ], [ -71.460846278, -29.123036930999898 ], [ -71.460850221, -29.123084343 ], [ -71.460871848, -29.123128369 ], [ -71.460922175, -29.123170875 ], [ -71.46108885, -29.123252324 ], [ -71.461139257999903, -29.123262522999902 ], [ -71.461195784, -29.123248428999901 ], [ -71.461240937999904, -29.123221385 ], [ -71.461295057, -29.123171761 ], [ -71.461375859, -29.123065445 ], [ -71.461414676999894, -29.123047226 ], [ -71.461485701, -29.123060368 ], [ -71.461673364, -29.123128424999901 ], [ -71.46182579, -29.123154438 ], [ -71.461917247, -29.1231587689999 ], [ -71.462013622, -29.123135928999901 ], [ -71.462052136, -29.123113972999899 ], [ -71.462091352999906, -29.123080334 ], [ -71.462142287999896, -29.122997125 ], [ -71.462147333, -29.122943453999898 ], [ -71.462125930999903, -29.122865223 ], [ -71.462130036, -29.122847701999898 ], [ -71.46214871, -29.122823426 ], [ -71.462289434999903, -29.122722987 ], [ -71.4623623909999, -29.122690416999902 ], [ -71.46240352, -29.122681282 ], [ -71.462448046, -29.122682625 ], [ -71.462501798999895, -29.122701452999902 ], [ -71.462548957, -29.122728154999901 ], [ -71.462652933, -29.122815529 ], [ -71.462721328, -29.122842982999899 ], [ -71.462934681, -29.122891045 ], [ -71.463030687999904, -29.122901124999899 ], [ -71.463204211999894, -29.122889938999901 ], [ -71.4633075469999, -29.12286861 ], [ -71.463342936999894, -29.12284607 ], [ -71.463406504, -29.122773449 ], [ -71.4634492, -29.1227532629999 ], [ -71.463513508999895, -29.1227458339999 ], [ -71.463672341999896, -29.1227479299999 ], [ -71.463768570999903, -29.122728336 ], [ -71.463864459, -29.122676629 ], [ -71.463900515, -29.122637502 ], [ -71.463924337, -29.122590413999902 ], [ -71.463943848, -29.1225025869999 ], [ -71.463943795, -29.122451805 ], [ -71.46392379, -29.122298473999901 ], [ -71.46393893, -29.1222240459999 ], [ -71.4639905, -29.122169906 ], [ -71.46404739, -29.122146609 ], [ -71.464111097999904, -29.122134713 ], [ -71.464212023, -29.122139699999899 ], [ -71.464358816999905, -29.122188336 ], [ -71.464514021, -29.122219011 ], [ -71.464704696999902, -29.12224178 ], [ -71.464799372, -29.122276612 ], [ -71.4648613049999, -29.122322752999899 ], [ -71.464902837999901, -29.122367982999901 ], [ -71.464982906, -29.122500537999901 ], [ -71.465053150999907, -29.122584275 ], [ -71.46524378, -29.122753712 ], [ -71.465341649, -29.122865695 ], [ -71.465385685999905, -29.122893631999901 ], [ -71.465427878, -29.1229061569999 ], [ -71.465479843, -29.122898459999899 ], [ -71.465613864, -29.122849185 ], [ -71.465697255, -29.122829434 ], [ -71.46576236, -29.122828827 ], [ -71.465882364, -29.122843315 ], [ -71.465947233999898, -29.1228352709999 ], [ -71.466035464, -29.1227879099999 ], [ -71.466153957999893, -29.122682636 ], [ -71.466230518, -29.122625565 ], [ -71.466335199, -29.122577561999901 ], [ -71.466378409, -29.122569632 ], [ -71.466424027999906, -29.122575228999899 ], [ -71.466553576, -29.122638217 ], [ -71.466693308999893, -29.122662539 ], [ -71.466762559999907, -29.122663356 ], [ -71.466850366, -29.122634137 ], [ -71.466903848999905, -29.1225912049999 ], [ -71.466979685, -29.122514974 ], [ -71.467034456, -29.1224878579999 ], [ -71.467116211, -29.122472791 ], [ -71.467332899, -29.122457729 ], [ -71.467406142, -29.122462767999899 ], [ -71.467481468, -29.122479437 ], [ -71.467546689, -29.1225024569999 ], [ -71.467638174999905, -29.122548035 ], [ -71.467701307, -29.122591655 ], [ -71.467773151999907, -29.122655053 ], [ -71.467894496, -29.122808065 ], [ -71.46795629, -29.122867867 ], [ -71.4680874539999, -29.122955533 ], [ -71.468130147999901, -29.122969078 ], [ -71.46817642, -29.1229704859999 ], [ -71.4682277859999, -29.122953503 ], [ -71.468266179999901, -29.122920534999899 ], [ -71.468282893, -29.122901758999902 ], [ -71.468327605, -29.122812456 ], [ -71.468373419, -29.122778921 ], [ -71.468412661999906, -29.1227706459999 ], [ -71.468557965999906, -29.122787245 ], [ -71.468690768, -29.122783376 ], [ -71.468810725, -29.122797638 ], [ -71.468877737999904, -29.122793774999899 ], [ -71.468910691, -29.122779932 ], [ -71.468933928, -29.122758480999899 ], [ -71.468990815, -29.12266514 ], [ -71.469025246999905, -29.122625909 ], [ -71.469068856, -29.122591929999899 ], [ -71.469143275, -29.122560806 ], [ -71.469212092, -29.122560419 ], [ -71.469305021, -29.122588186 ], [ -71.469460131999895, -29.122608982 ], [ -71.469550525, -29.122634934 ], [ -71.469697076, -29.122715189 ], [ -71.469824972, -29.122768907 ], [ -71.469888711, -29.12281064 ], [ -71.470027790999893, -29.122968531 ], [ -71.470116348, -29.123044969 ], [ -71.470160009, -29.1230703969999 ], [ -71.470385199, -29.123150484999901 ], [ -71.470656553, -29.123307107 ], [ -71.470742282999893, -29.123324714 ], [ -71.470900875, -29.123327961 ], [ -71.470972938, -29.123344238999898 ], [ -71.471047563, -29.123387917999899 ], [ -71.471150568, -29.123469653 ], [ -71.471283505, -29.1235610959999 ], [ -71.471375871, -29.12364894 ], [ -71.471604089, -29.123960766 ], [ -71.471751981, -29.12412318 ], [ -71.471786015, -29.12420896 ], [ -71.471801824999901, -29.1243905749999 ], [ -71.471827879, -29.124481435 ], [ -71.471870052, -29.124554679 ], [ -71.471940532, -29.12461574 ], [ -71.472032664, -29.124643015999901 ], [ -71.472200088, -29.124664509 ], [ -71.472261524, -29.124703667999899 ], [ -71.472327784999905, -29.124771677 ], [ -71.472358115, -29.124790568 ], [ -71.472402309999893, -29.124794344 ], [ -71.472416959, -29.124789780999901 ], [ -71.472457966, -29.124751637 ], [ -71.472471065, -29.124703042 ], [ -71.472488232, -29.12457438 ], [ -71.472513585999906, -29.1244970189999 ], [ -71.472532392999895, -29.1244648589999 ], [ -71.472585237, -29.124430861 ], [ -71.472621590999907, -29.124425064 ], [ -71.472686084, -29.124430936 ], [ -71.472744701, -29.124450629 ], [ -71.472823037999902, -29.124496284 ], [ -71.473024798, -29.124659795 ], [ -71.473405438, -29.124904605 ], [ -71.473490539999901, -29.124941804999899 ], [ -71.473662844, -29.124971719 ], [ -71.473751288999907, -29.124970071 ], [ -71.473831149, -29.124951671 ], [ -71.474166533, -29.124807362999899 ], [ -71.47433818, -29.12474299 ], [ -71.474399331, -29.124710268999898 ], [ -71.474532097999898, -29.1245729309999 ], [ -71.474593067999905, -29.124539711 ], [ -71.474659098, -29.124523785999902 ], [ -71.474717638, -29.124520498 ], [ -71.474799736, -29.1245275489999 ], [ -71.474893295999905, -29.1245575999999 ], [ -71.475005261, -29.124615972999901 ], [ -71.475160696, -29.124731002 ], [ -71.475248901, -29.1247698 ], [ -71.475327740999901, -29.124787694 ], [ -71.475393116, -29.1247913629999 ], [ -71.475435816, -29.124786241 ], [ -71.475495577999894, -29.124766206999901 ], [ -71.475522188, -29.1247521 ], [ -71.475563350999906, -29.124714146 ], [ -71.475622928, -29.124613567 ], [ -71.475658898999896, -29.124573473999899 ], [ -71.475842117999903, -29.124441116 ], [ -71.476150844999907, -29.124136368999899 ], [ -71.476284934, -29.124042750999902 ], [ -71.476316278, -29.124012951999902 ], [ -71.476349286999906, -29.123960786999898 ], [ -71.476428444, -29.123769248 ], [ -71.476441592999905, -29.1237139139999 ], [ -71.47645662, -29.123584616 ], [ -71.476472403999907, -29.123530096 ], [ -71.476506136999902, -29.123483184 ], [ -71.476557981, -29.123445083 ], [ -71.476625165, -29.123421562 ], [ -71.476691113999905, -29.123415900999898 ], [ -71.476741306, -29.123425895 ], [ -71.476783322, -29.123443111 ], [ -71.476821743999906, -29.1234755589999 ], [ -71.476929772999895, -29.123629804 ], [ -71.477033918, -29.12375954 ], [ -71.477061547999895, -29.123804896 ], [ -71.477077664, -29.123850656999899 ], [ -71.477118778, -29.1240310049999 ], [ -71.477151144999894, -29.124087589999899 ], [ -71.477190638, -29.12412618 ], [ -71.477366355999905, -29.124248724 ], [ -71.477532498, -29.124388108999899 ], [ -71.477606872, -29.124439767 ], [ -71.477666712, -29.124465788 ], [ -71.477937353999906, -29.124556078999898 ], [ -71.478340418999906, -29.124732650999899 ], [ -71.4784790799999, -29.124782969 ], [ -71.478573293, -29.124791187 ], [ -71.478790288, -29.124777123999898 ], [ -71.478959081, -29.124843077 ], [ -71.479262491, -29.124885718 ], [ -71.479449873, -29.124929368 ], [ -71.479667434, -29.12493137 ], [ -71.479730506, -29.124949 ], [ -71.479787895999905, -29.124974435 ], [ -71.479865092, -29.125024869999901 ], [ -71.479960209999902, -29.125113101 ], [ -71.479996927999906, -29.125160609 ], [ -71.480102787, -29.125334423 ], [ -71.480160497, -29.125409558999898 ], [ -71.480253696, -29.125494499999899 ], [ -71.4803849689999, -29.125594147999902 ], [ -71.480454471, -29.125628925999901 ], [ -71.480509361, -29.125643903 ], [ -71.480574638, -29.125647694 ], [ -71.480730615, -29.125638575 ], [ -71.480792246, -29.125648469999899 ], [ -71.480864318, -29.125679873 ], [ -71.480946791, -29.125747514 ], [ -71.480977772, -29.125788482 ], [ -71.481024019, -29.125879432 ], [ -71.481069337999898, -29.125938952 ], [ -71.481151653, -29.125999286 ], [ -71.481273848999905, -29.1260564419999 ], [ -71.48138101, -29.1260862459999 ], [ -71.481602674, -29.126104461999901 ], [ -71.481693273, -29.126121612 ], [ -71.481766289999896, -29.1261473819999 ], [ -71.481940225, -29.126238956 ], [ -71.482055338, -29.126282703999902 ], [ -71.482211403999898, -29.1263044999999 ], [ -71.48228024, -29.1263230019999 ], [ -71.482350467999893, -29.126372129999901 ], [ -71.482412099, -29.126447425 ], [ -71.482536965, -29.12668802 ], [ -71.482570207, -29.126735310999901 ], [ -71.482728363, -29.126897087 ], [ -71.482849761, -29.12700167 ], [ -71.482886317999899, -29.1270245269999 ], [ -71.482938862, -29.127036492999899 ], [ -71.483112874, -29.1270253869999 ], [ -71.483138959, -29.127030917 ], [ -71.48316778, -29.127047654 ], [ -71.483181075999894, -29.127066632 ], [ -71.483183998999905, -29.127144772999898 ], [ -71.483151178, -29.1272474159999 ], [ -71.483152995, -29.127293252 ], [ -71.483178514, -29.127410907999899 ], [ -71.483216935, -29.127498752999902 ], [ -71.483318169, -29.127635658 ], [ -71.483371712999897, -29.12772581 ], [ -71.483410542999906, -29.1278144139999 ], [ -71.483427099, -29.127881961 ], [ -71.483434992, -29.1279530589999 ], [ -71.483431033, -29.128019729 ], [ -71.483415281, -29.1280813609999 ], [ -71.483384304, -29.128153999999899 ], [ -71.483349532, -29.1282075089999 ], [ -71.483303327, -29.128254065 ], [ -71.483248962999895, -29.128288068 ], [ -71.483183348, -29.128312353999899 ], [ -71.483132028999904, -29.128314931 ], [ -71.483093421, -29.128307035 ], [ -71.482911848999905, -29.128213455 ], [ -71.482841602, -29.128196052 ], [ -71.482343629999903, -29.128191906 ], [ -71.482219529, -29.128211359 ], [ -71.482082413999905, -29.128253271999899 ], [ -71.481874773999905, -29.128334214999899 ], [ -71.481831703999902, -29.128358036 ], [ -71.481782768, -29.128399499999901 ], [ -71.481648811999904, -29.128600902 ], [ -71.481615706, -29.128687855 ], [ -71.481603951999901, -29.128808557 ], [ -71.481632981, -29.129034341 ], [ -71.481635798, -29.129104829 ], [ -71.481626112, -29.129166754 ], [ -71.481594291, -29.1292620749999 ], [ -71.481590389, -29.129306957 ], [ -71.481599564, -29.129347811999899 ], [ -71.481624139, -29.129393142 ], [ -71.481744749, -29.129572435999901 ], [ -71.481776526, -29.12966912 ], [ -71.481781825, -29.129742282999899 ], [ -71.481768314, -29.129800112999899 ], [ -71.481742569999895, -29.129846600999901 ], [ -71.481625698, -29.129978249 ], [ -71.481600352, -29.130018455 ], [ -71.481584397999896, -29.130069966 ], [ -71.48158793, -29.13014 ], [ -71.481609235, -29.130203122 ], [ -71.481632374999904, -29.130246712 ], [ -71.48169188, -29.130321385999899 ], [ -71.481738672999896, -29.130352554 ], [ -71.481835626, -29.130380864 ], [ -71.481922294999904, -29.130384290999899 ], [ -71.482056347, -29.130366079999899 ], [ -71.482146611, -29.130339772 ], [ -71.482303935999894, -29.130274057 ], [ -71.482420657, -29.130250068 ], [ -71.482495131, -29.130246397 ], [ -71.482546843, -29.130252167 ], [ -71.482628253, -29.130290069 ], [ -71.482659204999905, -29.130336488 ], [ -71.482689144999895, -29.130486765999901 ], [ -71.482730193999899, -29.130542509 ], [ -71.482800617999899, -29.130609003 ], [ -71.482838519, -29.130673315 ], [ -71.482842287, -29.130743514999899 ], [ -71.482819181, -29.130872955 ], [ -71.482826977999906, -29.130922417 ], [ -71.482866788, -29.130976796 ], [ -71.482941481999902, -29.131012353 ], [ -71.483077798999901, -29.131050886 ], [ -71.483125839, -29.131056563999898 ], [ -71.483185901999903, -29.131050961 ], [ -71.483536122, -29.130920435999901 ], [ -71.483720492, -29.1308055 ], [ -71.483781974, -29.130800485999899 ], [ -71.483870756, -29.1308380309999 ], [ -71.483933132999894, -29.130876128 ], [ -71.483994730999896, -29.130925238 ], [ -71.484036394, -29.130994098 ], [ -71.484078482, -29.131150557999899 ], [ -71.48411616, -29.131226211 ], [ -71.484157648999897, -29.131278418 ], [ -71.484228548, -29.131333614 ], [ -71.484311248, -29.131367634 ], [ -71.484363168, -29.131378213999898 ], [ -71.484588050999903, -29.131377380999901 ], [ -71.484784011, -29.131403124 ], [ -71.485015021, -29.131411738999901 ], [ -71.485117633, -29.131438499999899 ], [ -71.48517333, -29.131468594999902 ], [ -71.485199994, -29.1315138699999 ], [ -71.485204192, -29.131543457 ], [ -71.485179795, -29.1316644629999 ], [ -71.48512429, -29.1317875149999 ], [ -71.48503333, -29.131920718999901 ], [ -71.484981349, -29.131975043 ], [ -71.484914788, -29.132025430999899 ], [ -71.484643414999894, -29.132140793 ], [ -71.484551317999902, -29.132185648 ], [ -71.484485981, -29.132229499999902 ], [ -71.48435681, -29.13237098 ], [ -71.484309432, -29.132459567 ], [ -71.484294867, -29.132529452 ], [ -71.484294173, -29.132595818 ], [ -71.484307781, -29.132658719999899 ], [ -71.484338039, -29.132725322999899 ], [ -71.484535094, -29.13299842 ], [ -71.4845793329999, -29.133045984 ], [ -71.484641337, -29.133088472999901 ], [ -71.48480567, -29.133170565999901 ], [ -71.484909637, -29.133189311 ], [ -71.4851926219999, -29.133165622 ], [ -71.4853806, -29.1331796109999 ], [ -71.485470998, -29.13317904 ], [ -71.48575977, -29.133135282999898 ], [ -71.485872316, -29.133126865 ], [ -71.485931816999894, -29.133129359999899 ], [ -71.485977087, -29.1331483079999 ], [ -71.486025732, -29.133187785 ], [ -71.486080532, -29.133268825999899 ], [ -71.486158679, -29.133417395 ], [ -71.486202159999905, -29.133469487 ], [ -71.48624552, -29.133500588999901 ], [ -71.486334677999906, -29.133543639 ], [ -71.486425256, -29.133582702999899 ], [ -71.486518013, -29.13361173 ], [ -71.486588377, -29.1336142709999 ], [ -71.486708042, -29.1335878739999 ], [ -71.486868476, -29.133580512 ], [ -71.487065539999904, -29.133538366 ], [ -71.487253282, -29.13355093 ], [ -71.487457617, -29.133550349 ], [ -71.487553853, -29.133568443999899 ], [ -71.487579955999905, -29.1335820269999 ], [ -71.487596429, -29.133599756 ], [ -71.487605322, -29.133623106999899 ], [ -71.487601765, -29.1336822489999 ], [ -71.48755271, -29.133809399 ], [ -71.487470447, -29.133983859999901 ], [ -71.487458987, -29.134028344999901 ], [ -71.487454839, -29.134085123 ], [ -71.487462458, -29.134142513 ], [ -71.487484507, -29.134191497 ], [ -71.487511594999901, -29.134226251 ], [ -71.487550668, -29.134254805999898 ], [ -71.487591874, -29.134269343 ], [ -71.487664518, -29.13428156 ], [ -71.487915355, -29.1342884499999 ], [ -71.488045965, -29.134305938999901 ], [ -71.4881239649999, -29.134344744 ], [ -71.488227229, -29.134443158 ], [ -71.488266874, -29.134451525 ], [ -71.488321364999905, -29.1344415199999 ], [ -71.488496085999898, -29.134347329 ], [ -71.488548035, -29.134336226999899 ], [ -71.488589052, -29.134341182999901 ], [ -71.488629416, -29.134393925 ], [ -71.488658346, -29.134484727 ], [ -71.488676235, -29.134513742 ], [ -71.488695311999905, -29.134528893 ], [ -71.488767044, -29.13455735 ], [ -71.488936587999902, -29.134655893999899 ], [ -71.489016159999906, -29.134685383 ], [ -71.489037982, -29.134686749 ], [ -71.489079063, -29.134671856 ], [ -71.489194440999896, -29.134593165999899 ], [ -71.489261431, -29.134572842 ], [ -71.489307077, -29.134574219999902 ], [ -71.489491911999906, -29.134603750999901 ], [ -71.489536229999899, -29.134603555999899 ], [ -71.489576939999907, -29.134591429 ], [ -71.489597437, -29.134572638999899 ], [ -71.489624406, -29.134529175999901 ], [ -71.489666321, -29.134390362 ], [ -71.489711026, -29.134359848 ], [ -71.489758695, -29.134366064999899 ], [ -71.489803321999901, -29.1343882319999 ], [ -71.489892448, -29.134463992 ], [ -71.490039485999901, -29.134625952 ], [ -71.490092906, -29.134665090999899 ], [ -71.490182746, -29.134711501 ], [ -71.490274504, -29.134800836999901 ], [ -71.490329828, -29.134841603 ], [ -71.490343800999895, -29.1348479339999 ], [ -71.490385152, -29.134842095 ], [ -71.490526342, -29.134759385999899 ], [ -71.49057075, -29.13475267 ], [ -71.490581431, -29.1347593909999 ], [ -71.490625348, -29.134799789999899 ], [ -71.490647926999898, -29.134845433 ], [ -71.490719982, -29.135069369 ], [ -71.490744919, -29.1351132899999 ], [ -71.490796406, -29.135162376 ], [ -71.490931718999903, -29.135253474 ], [ -71.490973617999899, -29.135272685 ], [ -71.491019727, -29.135270418999902 ], [ -71.491118005, -29.1352060799999 ], [ -71.49115631, -29.135203877 ], [ -71.49120076, -29.135222558 ], [ -71.491337106999893, -29.135315668 ], [ -71.491598293, -29.135555146999899 ], [ -71.491649079999902, -29.135590163 ], [ -71.491696294, -29.135591282999901 ], [ -71.491741339, -29.135543051 ], [ -71.491807191, -29.1354512089999 ], [ -71.491873954, -29.135381880999901 ], [ -71.492010949, -29.135267626 ], [ -71.49217942, -29.135147252 ], [ -71.492222002999895, -29.135096389 ], [ -71.49229357, -29.13497625 ], [ -71.492352774, -29.134917222999899 ], [ -71.492412704999893, -29.134885793 ], [ -71.492521768999893, -29.134842670999902 ], [ -71.492642589999903, -29.134775867 ], [ -71.492781100999906, -29.134741114999901 ], [ -71.492871301, -29.134709761 ], [ -71.492905631, -29.134707465 ], [ -71.492958248, -29.134727273 ], [ -71.492991114999896, -29.134748939 ], [ -71.49313891, -29.134891621 ], [ -71.49331871, -29.134978901 ], [ -71.493405386999896, -29.135052157 ], [ -71.493449008, -29.135100386 ], [ -71.493485847, -29.135158353 ], [ -71.493581962999897, -29.135385723 ], [ -71.493630478999904, -29.135474385 ], [ -71.493678283, -29.135512853 ], [ -71.493719724999906, -29.135523274 ], [ -71.493773834, -29.135513003 ], [ -71.493826210999899, -29.135485429 ], [ -71.493873816, -29.135444623999899 ], [ -71.493948253, -29.135356418999901 ], [ -71.493990493999902, -29.135337208 ], [ -71.494035847, -29.135343412999902 ], [ -71.494171228, -29.135401133999899 ], [ -71.494266172, -29.135428439999899 ], [ -71.494349496, -29.1354399159999 ], [ -71.4944023259999, -29.135431598 ], [ -71.494445589, -29.13540957 ], [ -71.494509697, -29.135358627999899 ], [ -71.494651447, -29.135205552999899 ], [ -71.494702554999904, -29.1351617619999 ], [ -71.494771559999904, -29.135122075 ], [ -71.494835307, -29.135104708 ], [ -71.494898373, -29.13510869 ], [ -71.495030555, -29.135160427999899 ], [ -71.495068493, -29.135165733999902 ], [ -71.495125104, -29.135161884 ], [ -71.495296262999901, -29.1351238079999 ], [ -71.495428476, -29.1351171109999 ], [ -71.49549483, -29.135123258 ], [ -71.495793501, -29.135212437 ], [ -71.495967694999905, -29.135291233 ], [ -71.496015235999906, -29.135303763 ], [ -71.496080498, -29.135302334 ], [ -71.496249328, -29.135231777999898 ], [ -71.496334979, -29.135219305 ], [ -71.496620096, -29.135256715 ], [ -71.496651039, -29.135268955999901 ], [ -71.496680204, -29.135293254 ], [ -71.496704989, -29.135337367 ], [ -71.496762507, -29.135563633999901 ], [ -71.496787675, -29.135746297 ], [ -71.496803531999902, -29.136058201 ], [ -71.496822339999895, -29.136156198 ], [ -71.49686315, -29.136268975 ], [ -71.496880926999907, -29.136304051 ], [ -71.496927253, -29.1363530409999 ], [ -71.497106398, -29.1364366409999 ], [ -71.497186149999905, -29.136497974 ], [ -71.497233698999906, -29.136554909 ], [ -71.497252402999905, -29.136618819 ], [ -71.497250317999899, -29.136663766 ], [ -71.497234297, -29.136698113 ], [ -71.497196064, -29.136722818 ], [ -71.49709911, -29.136745957 ], [ -71.497051181, -29.1367741779999 ], [ -71.497017918, -29.136835839 ], [ -71.497009506, -29.136905418 ], [ -71.497025440999906, -29.137002281 ], [ -71.497067339999901, -29.137109285999902 ], [ -71.497120556, -29.137189803 ], [ -71.497236262999905, -29.137302667 ], [ -71.497258431, -29.137342837999899 ], [ -71.49727448, -29.137398568 ], [ -71.497271839999897, -29.137460938999901 ], [ -71.497256041, -29.1375009879999 ], [ -71.497080258, -29.137727809999902 ], [ -71.497053077, -29.137778676 ], [ -71.497039887, -29.137842581 ], [ -71.497069796999895, -29.138058828999899 ], [ -71.497067751, -29.138218412999901 ], [ -71.497073450999906, -29.138286319 ], [ -71.49713945, -29.138525202 ], [ -71.497175625999901, -29.138721744999899 ], [ -71.497209099, -29.138808391999898 ], [ -71.497288372999904, -29.138945733 ], [ -71.497332985999904, -29.139005359 ], [ -71.497378400999906, -29.1390504989999 ], [ -71.497419013, -29.139076475 ], [ -71.497458835, -29.139088031 ], [ -71.497641803, -29.139094535 ], [ -71.497715302, -29.13912348 ], [ -71.497780078999895, -29.139189044 ], [ -71.497870749, -29.1393295039999 ], [ -71.497913103, -29.13935774 ], [ -71.498054441, -29.1394368119999 ], [ -71.498125825, -29.139499273999899 ], [ -71.498162839, -29.139552864999899 ], [ -71.498216404999894, -29.139657521999901 ], [ -71.498280678999905, -29.139855821 ], [ -71.498341991, -29.139980645 ], [ -71.498470853999905, -29.140205551 ], [ -71.498505144, -29.140293583 ], [ -71.498522327, -29.140385657 ], [ -71.498551505, -29.140739666999899 ], [ -71.498570228999895, -29.140860689 ], [ -71.498604958, -29.141013293 ], [ -71.498675277, -29.141245533 ], [ -71.498746132999898, -29.141601962 ], [ -71.498784682, -29.1417090539999 ], [ -71.4988530749999, -29.141825678 ], [ -71.498954009, -29.141935928999899 ], [ -71.499081304999905, -29.142036709 ], [ -71.49930813, -29.142179314 ], [ -71.499362049, -29.1422339219999 ], [ -71.499394432, -29.142311621 ], [ -71.499461901, -29.142544992 ], [ -71.499492494, -29.142747001 ], [ -71.499534509999904, -29.142818366 ], [ -71.499613602999901, -29.142855829 ], [ -71.499779701, -29.142910916999899 ], [ -71.499962707999899, -29.143019582 ], [ -71.500078581, -29.143071931 ], [ -71.500127299, -29.143101847 ], [ -71.500168596, -29.143151358 ], [ -71.500199357, -29.143209134 ], [ -71.500262146, -29.143373293 ], [ -71.500307409999905, -29.143422563999899 ], [ -71.500409665999896, -29.143498049999899 ], [ -71.500457352999902, -29.143542517 ], [ -71.500494104, -29.143587129 ], [ -71.50052705, -29.143655344 ], [ -71.500538325, -29.1437362029999 ], [ -71.500493131, -29.1438964879999 ], [ -71.500486821, -29.143956332 ], [ -71.500505594999893, -29.144035867 ], [ -71.500578006, -29.144214298999898 ], [ -71.500600461, -29.1442867969999 ], [ -71.500697185, -29.144716586 ], [ -71.500740052, -29.145055281999898 ], [ -71.5007381409999, -29.145345016 ], [ -71.50068656, -29.145702948999901 ], [ -71.500654319, -29.145842167999898 ], [ -71.500613732, -29.145922848999898 ], [ -71.500503793999897, -29.146084846 ], [ -71.50035316, -29.146340643 ], [ -71.500263053, -29.146523229 ], [ -71.500242161999907, -29.146606464999898 ], [ -71.500229909, -29.1467135239999 ], [ -71.500229423, -29.1468032719999 ], [ -71.500239512, -29.146876706999901 ], [ -71.500266220999904, -29.146962737 ], [ -71.500299369999894, -29.147026737 ], [ -71.500321619, -29.1470544589999 ], [ -71.500373416999906, -29.147096894999901 ], [ -71.500473082, -29.147141253 ], [ -71.500638599999903, -29.1471901379999 ], [ -71.500706465, -29.1472247039999 ], [ -71.500748735999906, -29.147262531 ], [ -71.500824962, -29.147364909 ], [ -71.500866637999906, -29.147394187 ], [ -71.50092359, -29.1474122119999 ], [ -71.501037936, -29.147424992 ], [ -71.501117022, -29.147443920999901 ], [ -71.501158581, -29.1474610839999 ], [ -71.501278487, -29.147546151 ], [ -71.501324955, -29.147589506 ], [ -71.501363765999898, -29.147638405 ], [ -71.501541109999906, -29.147912326 ], [ -71.501563414, -29.147955478 ], [ -71.501571551, -29.147993512 ], [ -71.501569989, -29.148058751 ], [ -71.501548763999907, -29.148137899999899 ], [ -71.501469110999906, -29.148353394 ], [ -71.501459223, -29.148410130999899 ], [ -71.501463626, -29.1484536839999 ], [ -71.50148905, -29.148499944 ], [ -71.501654141, -29.148697053 ], [ -71.501685, -29.148769124999902 ], [ -71.501691321, -29.148816829999902 ], [ -71.501682693, -29.14890335 ], [ -71.501655190999898, -29.148975688 ], [ -71.5016267029999, -29.149008646 ], [ -71.501529503, -29.149078639 ], [ -71.501516311, -29.149127941 ], [ -71.501534691, -29.149189146 ], [ -71.501656609999898, -29.1494118419999 ], [ -71.501707712, -29.149529163 ], [ -71.501718145, -29.149575389999899 ], [ -71.501722478, -29.149645752 ], [ -71.501699965999904, -29.149813073 ], [ -71.501741196999902, -29.149826873999899 ], [ -71.501836267, -29.149836736999902 ], [ -71.501858506, -29.1498479639999 ], [ -71.5018794329999, -29.149865507999898 ], [ -71.501927861, -29.149937818999899 ], [ -71.501950203, -29.150007499 ], [ -71.501939192999899, -29.1502049919999 ], [ -71.501924146, -29.150297903 ], [ -71.501876374999895, -29.150429252 ], [ -71.501824193999894, -29.1505134229999 ], [ -71.501787857, -29.150542855 ], [ -71.501709569999903, -29.150574391 ], [ -71.501436025, -29.150611055999899 ], [ -71.501356793, -29.150628689 ], [ -71.50129118, -29.150656582 ], [ -71.501273666, -29.150681257 ], [ -71.501267207999902, -29.150702852999899 ], [ -71.501273978, -29.150751016 ], [ -71.501366667999903, -29.150975963 ], [ -71.501371573, -29.151047637 ], [ -71.501357487, -29.1511072609999 ], [ -71.501322581999901, -29.151155253999899 ], [ -71.501263192, -29.151197382 ], [ -71.501166059999903, -29.151250971 ], [ -71.501128142, -29.151287086 ], [ -71.501115959999893, -29.151344204999901 ], [ -71.501148166999897, -29.151499885 ], [ -71.501143689999907, -29.15154195 ], [ -71.50112816, -29.1515768699999 ], [ -71.50110248, -29.151607559999899 ], [ -71.501059365999893, -29.151642121999899 ], [ -71.500891695, -29.151743176 ], [ -71.500839871, -29.151782178 ], [ -71.500809445, -29.151827103999899 ], [ -71.5007967989999, -29.151872977 ], [ -71.500794223, -29.1519729729999 ], [ -71.500802041, -29.1520660259999 ], [ -71.500856322999894, -29.1523226159999 ], [ -71.500876014, -29.15236952 ], [ -71.500932855, -29.152418763999901 ], [ -71.501113097, -29.152481646 ], [ -71.501158365, -29.1525012449999 ], [ -71.501200582, -29.152529699 ], [ -71.501268169999904, -29.152599284 ], [ -71.501297463999904, -29.152641199 ], [ -71.501315574, -29.15268456 ], [ -71.501324322, -29.152733672 ], [ -71.501315766999895, -29.152775839 ], [ -71.501289422999903, -29.152817083999899 ], [ -71.501231361999899, -29.15286795 ], [ -71.501191169, -29.152914931999899 ], [ -71.501172121, -29.152974145 ], [ -71.501169072, -29.153061598 ], [ -71.501176676999904, -29.153111048 ], [ -71.501200482999906, -29.153181697 ], [ -71.501285148, -29.153313876 ], [ -71.501386932999907, -29.153421566 ], [ -71.501415209999905, -29.153480455 ], [ -71.501415522999906, -29.153524742999899 ], [ -71.501396756, -29.153584074 ], [ -71.501358441, -29.1536538719999 ], [ -71.501200545, -29.153854488 ], [ -71.501112927999898, -29.153992253999899 ], [ -71.501080644999902, -29.154079441 ], [ -71.50105001, -29.154197483 ], [ -71.501021431, -29.1544397179999 ], [ -71.501002848, -29.154488734 ], [ -71.500970897999906, -29.154537269999899 ], [ -71.500931401999907, -29.154576814999899 ], [ -71.500867883, -29.154623896 ], [ -71.500802401, -29.154661299999901 ], [ -71.500762194999893, -29.154673461999899 ], [ -71.500706855, -29.154671137 ], [ -71.50057077, -29.154593167 ], [ -71.500521868, -29.154584457999899 ], [ -71.500480442, -29.154593521 ], [ -71.500433385, -29.154619699 ], [ -71.500364233, -29.154686629 ], [ -71.5003073459999, -29.154764923999899 ], [ -71.500266981, -29.1548446269999 ], [ -71.500214397, -29.155021857999898 ], [ -71.500206530999904, -29.155124729 ], [ -71.500267462999901, -29.155313813 ], [ -71.500306736, -29.155580496 ], [ -71.500343243, -29.155705069 ], [ -71.500392088, -29.155751990999899 ], [ -71.500451611, -29.155758552999899 ], [ -71.500583787, -29.155754163 ], [ -71.500661844, -29.155774354 ], [ -71.500687513999907, -29.155797879 ], [ -71.500699497, -29.155826725999901 ], [ -71.500698367, -29.155869529 ], [ -71.500681378, -29.155928597 ], [ -71.500621518999907, -29.156059107 ], [ -71.500587767, -29.1561977329999 ], [ -71.500545598, -29.1562643779999 ], [ -71.500522111999899, -29.15628673 ], [ -71.500476917, -29.156301457 ], [ -71.500379360999901, -29.156283667 ], [ -71.500339127, -29.156284610999901 ], [ -71.500300629, -29.156305931 ], [ -71.500267303, -29.15634826 ], [ -71.500235216, -29.156425983 ], [ -71.500219962, -29.156510311 ], [ -71.500218285, -29.156644259 ], [ -71.500233163, -29.156830076999899 ], [ -71.500215103999906, -29.156925570999899 ], [ -71.500174684999905, -29.157006945 ], [ -71.500132408, -29.157068088 ], [ -71.500051169, -29.157166721 ], [ -71.499905497, -29.157323206999902 ], [ -71.499802218999903, -29.157467562 ], [ -71.499764765, -29.157496347999899 ], [ -71.499707461999904, -29.157505903999901 ], [ -71.499355139, -29.1574634689999 ], [ -71.499264136, -29.157434343 ], [ -71.499130717, -29.157372102 ], [ -71.499092813999894, -29.157364426 ], [ -71.498876111, -29.157382730999899 ], [ -71.498838163999906, -29.15739602 ], [ -71.498812756999897, -29.15741395 ], [ -71.4987153, -29.1575554349999 ], [ -71.498652809, -29.157611867 ], [ -71.498485797999905, -29.157688435 ], [ -71.498409819999907, -29.157710817 ], [ -71.498366346, -29.157715096999901 ], [ -71.498273324, -29.157695975 ], [ -71.497960768, -29.157536278999899 ], [ -71.497683117, -29.1574259389999 ], [ -71.497460353999898, -29.1573869929999 ], [ -71.497197040999893, -29.157324124 ], [ -71.497147318, -29.157326076999901 ], [ -71.497119601, -29.15734027 ], [ -71.497096886, -29.157364033 ], [ -71.49708531, -29.157418892 ], [ -71.497093034, -29.157492324 ], [ -71.497230412, -29.158008338999899 ], [ -71.497263265, -29.158183779 ], [ -71.497268995999903, -29.158300520999902 ], [ -71.497243034, -29.1584148489999 ], [ -71.49717488, -29.158544551 ], [ -71.497044025, -29.15870748 ], [ -71.496943238, -29.158857628 ], [ -71.496882377, -29.158907277 ], [ -71.496675446, -29.159017728 ], [ -71.496605229999901, -29.1590814199999 ], [ -71.496474312, -29.159311151999901 ], [ -71.49624342, -29.15962022 ], [ -71.496227597, -29.159672777 ], [ -71.496236583, -29.159715158 ], [ -71.496311348999896, -29.159808046 ], [ -71.4963343699999, -29.159853880999901 ], [ -71.496337218999898, -29.159874715999901 ], [ -71.496338667, -29.159897363 ], [ -71.496326741, -29.159943512 ], [ -71.496280403, -29.160058745999901 ], [ -71.496283214, -29.16012068 ], [ -71.496346882999902, -29.160168841 ], [ -71.496607693, -29.160256252999901 ], [ -71.496763636, -29.160345499999899 ], [ -71.496968704, -29.160442571 ], [ -71.497032425, -29.1604825749999 ], [ -71.4971788, -29.160611075 ], [ -71.497373713999906, -29.160886193 ], [ -71.497378166, -29.160937235999899 ], [ -71.49729672, -29.161063641999899 ], [ -71.497264284, -29.161202295 ], [ -71.497241688, -29.161250133 ], [ -71.497199316, -29.161297433 ], [ -71.497107984, -29.161375743999901 ], [ -71.496992512, -29.161452644 ], [ -71.496802701, -29.161560869 ], [ -71.496779160999907, -29.161595529 ], [ -71.496777236, -29.161608656999899 ], [ -71.496809378, -29.161649085 ], [ -71.496919466999898, -29.161736166 ], [ -71.496963757999893, -29.161784025 ], [ -71.497107067999906, -29.161980769 ], [ -71.497146871, -29.162058557 ], [ -71.497154007999896, -29.162096504 ], [ -71.497149716, -29.1621495159999 ], [ -71.497123782, -29.162191875 ], [ -71.497063806, -29.162242482 ], [ -71.496974187, -29.162286561 ], [ -71.496625567, -29.1623423469999 ], [ -71.496514695, -29.16237108 ], [ -71.496336759, -29.162439594 ], [ -71.496272393, -29.162444469 ], [ -71.496213188, -29.162422020999902 ], [ -71.496155025999897, -29.162359303999899 ], [ -71.496138548, -29.162285094 ], [ -71.496161139, -29.16209894 ], [ -71.496142167999906, -29.162058408 ], [ -71.496115725, -29.162043282 ], [ -71.496068843, -29.162037077 ], [ -71.495936106, -29.162046943 ], [ -71.495868903, -29.162042742 ], [ -71.495702815999906, -29.161981174999902 ], [ -71.495548104, -29.161944004 ], [ -71.495481108, -29.161918602 ], [ -71.495438909, -29.16189408 ], [ -71.495237384999896, -29.161740153 ], [ -71.495165755999906, -29.161694176 ], [ -71.495122578, -29.1616757809999 ], [ -71.494820192, -29.161617559 ], [ -71.494442393, -29.161522208999902 ], [ -71.494308412999899, -29.1614782199999 ], [ -71.494160171, -29.161415935 ], [ -71.494082373, -29.161397737 ], [ -71.494017599, -29.161405676999902 ], [ -71.493957913, -29.161433578999901 ], [ -71.493905036999905, -29.161472471 ], [ -71.493727156, -29.16164004 ], [ -71.493659852999897, -29.161680659 ], [ -71.493507676, -29.1617481339999 ], [ -71.493453518, -29.161764052 ], [ -71.493367872, -29.161775559 ], [ -71.493000391, -29.161786083 ], [ -71.492930946999905, -29.161800818 ], [ -71.492860632, -29.161826760999901 ], [ -71.492775044, -29.161874838 ], [ -71.492591921, -29.16200749 ], [ -71.492429062, -29.162112571 ], [ -71.492237786, -29.162262607999899 ], [ -71.492187476, -29.162290832999901 ], [ -71.492127592, -29.162310771 ], [ -71.49206072, -29.162315264 ], [ -71.492011820999906, -29.162306140999899 ], [ -71.491730710999903, -29.16219045 ], [ -71.491497304999896, -29.1621301449999 ], [ -71.491336230999906, -29.16210272 ], [ -71.491132544, -29.162079207 ], [ -71.491043310999899, -29.162080277 ], [ -71.4909314719999, -29.162103079 ], [ -71.490840514999903, -29.162147591 ], [ -71.490752669999907, -29.162223079999901 ], [ -71.490694881, -29.162286174 ], [ -71.490559752, -29.1624958539999 ], [ -71.490372228, -29.1627349299999 ], [ -71.490313420999897, -29.162841382 ], [ -71.490288652999894, -29.162917695 ], [ -71.490275959, -29.163003196 ], [ -71.490273002, -29.1632943279999 ], [ -71.490252266, -29.1633601519999 ], [ -71.490178133, -29.163496718 ], [ -71.490143253, -29.163590004 ], [ -71.490129004, -29.163674644 ], [ -71.490125295, -29.163827059 ], [ -71.490127886, -29.163989156 ], [ -71.490139809, -29.164129244 ], [ -71.490165109, -29.164265186 ], [ -71.490220385, -29.164485019 ], [ -71.490238483, -29.164628079 ], [ -71.490232803, -29.164715939 ], [ -71.490188713, -29.164896783 ], [ -71.490176296999906, -29.164982252999899 ], [ -71.490174265, -29.1650714589999 ], [ -71.490184064999895, -29.165121655999901 ], [ -71.490203898999894, -29.1651657039999 ], [ -71.490267815, -29.165214015999901 ], [ -71.490381114999906, -29.165253861999901 ], [ -71.490569611999902, -29.1653053389999 ], [ -71.490643373999902, -29.1653443669999 ], [ -71.49069236, -29.1653859799999 ], [ -71.490749724999901, -29.165460306999901 ], [ -71.490856317999899, -29.165659477 ], [ -71.490871286, -29.165734711 ], [ -71.490863090999895, -29.1657749459999 ], [ -71.490848318, -29.1658059549999 ], [ -71.490803521, -29.165849115 ], [ -71.490753129, -29.16587292 ], [ -71.490703404, -29.165886493 ], [ -71.490525722, -29.165910562 ], [ -71.490432305999903, -29.165945474 ], [ -71.49028348, -29.166023505999899 ], [ -71.490212313, -29.166052432 ], [ -71.490127833, -29.166070232 ], [ -71.490073302, -29.166069138 ], [ -71.490012038, -29.166051793999902 ], [ -71.489955287, -29.166024723 ], [ -71.489897161, -29.16598434 ], [ -71.489846996, -29.1659318929999 ], [ -71.489824297, -29.165887513 ], [ -71.489808323, -29.165834919 ], [ -71.489800492, -29.165606094999902 ], [ -71.489779093, -29.165502143 ], [ -71.489741123, -29.165435503 ], [ -71.489669969, -29.165382697 ], [ -71.489576235999905, -29.165350784999902 ], [ -71.489494943999901, -29.165337482 ], [ -71.489190492, -29.165315115999899 ], [ -71.48895278, -29.165289237 ], [ -71.488862670999893, -29.165289914 ], [ -71.488690767, -29.165307466999899 ], [ -71.488446224, -29.165306654999899 ], [ -71.488382055, -29.165318542 ], [ -71.488317427, -29.165346535 ], [ -71.488148404999905, -29.165492018999899 ], [ -71.488070298, -29.165550161999899 ], [ -71.487730488999901, -29.165751095 ], [ -71.487639086999906, -29.165795529 ], [ -71.487457000999896, -29.165851023 ], [ -71.487390801999894, -29.1658866 ], [ -71.487342896, -29.165930789999901 ], [ -71.487275602, -29.166015805 ], [ -71.487235488, -29.166085796999901 ], [ -71.487161993, -29.166245675 ], [ -71.487145749, -29.166270115 ], [ -71.487108361, -29.166298604 ], [ -71.487071903999905, -29.166303673999899 ], [ -71.487011256, -29.166292235999901 ], [ -71.486919972, -29.1662518159999 ], [ -71.486857532, -29.166232538 ], [ -71.486812947, -29.166234989 ], [ -71.486783956999901, -29.166246201 ], [ -71.486743874, -29.166283565999901 ], [ -71.486656788999895, -29.166388883 ], [ -71.486517425, -29.166474836 ], [ -71.4864779279999, -29.166514247999899 ], [ -71.486439116, -29.1665811559999 ], [ -71.486414260999894, -29.166657497 ], [ -71.486404144999895, -29.166744213999898 ], [ -71.4864130939999, -29.166838458 ], [ -71.486493580999905, -29.167103965 ], [ -71.486509322, -29.167181881 ], [ -71.486508892, -29.167586158999899 ], [ -71.486493983999907, -29.167667601999899 ], [ -71.48645795, -29.167782878 ], [ -71.486422107, -29.1678655659999 ], [ -71.486346807, -29.1680015059999 ], [ -71.486306148, -29.1681138339999 ], [ -71.48627604, -29.168257309999898 ], [ -71.486245564999905, -29.168501745999901 ], [ -71.486200808, -29.168664157 ], [ -71.486152809, -29.168768234 ], [ -71.486068138, -29.168910124 ], [ -71.485912148, -29.1691329289999 ], [ -71.485836175, -29.169307008 ], [ -71.485805864, -29.169353311 ], [ -71.48561821, -29.169540906 ], [ -71.485565967, -29.169580008 ], [ -71.485522395, -29.169589770999899 ], [ -71.485478489999906, -29.169537322999901 ], [ -71.485473925999898, -29.169318685 ], [ -71.4854034049999, -29.169013589 ], [ -71.485363511999907, -29.1684089849999 ], [ -71.485340777, -29.1682772949999 ], [ -71.48528377, -29.16805318 ], [ -71.485065901, -29.167462305999901 ], [ -71.485037247, -29.167422713999901 ], [ -71.484934315, -29.167315471999899 ], [ -71.484894478999905, -29.167259653 ], [ -71.484836217, -29.167149601999899 ], [ -71.484784191999907, -29.167015407 ], [ -71.484762125, -29.166982822 ], [ -71.484449528, -29.166758633 ], [ -71.484093888, -29.166435282 ], [ -71.484008221, -29.166342272 ], [ -71.483896231, -29.16619085 ], [ -71.483809696, -29.1660923979999 ], [ -71.483721993999893, -29.166022758999901 ], [ -71.483628592999906, -29.165982845 ], [ -71.483528323, -29.165970840999901 ], [ -71.483404617, -29.165995554999899 ], [ -71.483359057, -29.165995962999901 ], [ -71.483314337, -29.165986038 ], [ -71.483139151, -29.165914871 ], [ -71.483091008, -29.165908350999899 ], [ -71.483047231999905, -29.165912326 ], [ -71.482963439999907, -29.165937227 ], [ -71.482867631, -29.165978789999901 ], [ -71.482724238999893, -29.166062098999902 ], [ -71.4826624949999, -29.166113066 ], [ -71.482632620999894, -29.166148941 ], [ -71.482618766, -29.166181283999901 ], [ -71.482613490999896, -29.166203376999899 ], [ -71.482627094, -29.166246499 ], [ -71.482664987, -29.166273191999899 ], [ -71.482740691999894, -29.1662974619999 ], [ -71.482811439, -29.166332649 ], [ -71.482822724, -29.1663478359999 ], [ -71.482827973, -29.166375329999902 ], [ -71.482826109, -29.166389199 ], [ -71.482794581999897, -29.166426177999899 ], [ -71.482669275, -29.166502957 ], [ -71.482625658, -29.166546830999899 ], [ -71.482593525, -29.166605283 ], [ -71.482571495999906, -29.166697617999901 ], [ -71.482564262, -29.166785042 ], [ -71.482572293, -29.166855295999898 ], [ -71.482694739, -29.167189735 ], [ -71.482701538999905, -29.167236150999901 ], [ -71.482689206, -29.167287799999901 ], [ -71.48266447, -29.167306150999899 ], [ -71.482625196999905, -29.167318108 ], [ -71.482388560999894, -29.167344236 ], [ -71.482282157, -29.167375509 ], [ -71.4822260239999, -29.167410682 ], [ -71.482080354999894, -29.167537609 ], [ -71.48193954, -29.167616256 ], [ -71.481878356, -29.167632424 ], [ -71.48183491, -29.167635764 ], [ -71.481692423, -29.167618837 ], [ -71.481630614, -29.167598298 ], [ -71.481425406, -29.167503697 ], [ -71.480998445999901, -29.167355142 ], [ -71.480525536, -29.167221928999901 ], [ -71.480250788, -29.167112346 ], [ -71.480134735, -29.167073627 ], [ -71.480008173, -29.167041485 ], [ -71.479785581, -29.167000559 ], [ -71.479687424, -29.166987882999901 ], [ -71.479620584, -29.1669873499999 ], [ -71.479534553, -29.166998722 ], [ -71.47947271, -29.167014982 ], [ -71.479366255999906, -29.1670574679999 ], [ -71.479277883, -29.167102767 ], [ -71.479204399, -29.167151443 ], [ -71.478946378, -29.167374448 ], [ -71.478860012, -29.1674688159999 ], [ -71.478808708, -29.167551500999899 ], [ -71.478720435, -29.167754537999901 ], [ -71.478688082, -29.167866323999899 ], [ -71.478679864999904, -29.1679527749999 ], [ -71.478679075999906, -29.168312574 ], [ -71.478704735, -29.168593683 ], [ -71.478722935, -29.168691271999901 ], [ -71.478788634999901, -29.168906416 ], [ -71.478812730999906, -29.168968053999901 ], [ -71.478859766, -29.169054584 ], [ -71.478941176, -29.169174563 ], [ -71.479035989, -29.1692904609999 ], [ -71.479177719999896, -29.169416903 ], [ -71.479258119999898, -29.169476373 ], [ -71.479355384, -29.169523421999902 ], [ -71.479503045999905, -29.169550000999902 ], [ -71.479577193999901, -29.169574492 ], [ -71.479710741, -29.169644112 ], [ -71.479892542999906, -29.169720863999899 ], [ -71.480026826, -29.169804902 ], [ -71.480087502999893, -29.1698587459999 ], [ -71.480116664, -29.169897014999901 ], [ -71.480164875, -29.170032141 ], [ -71.480187348999905, -29.170075010999899 ], [ -71.48020709, -29.170103164 ], [ -71.480274634999901, -29.1701695319999 ], [ -71.480305345, -29.170212422 ], [ -71.480327143, -29.170284819 ], [ -71.480318796999896, -29.17039355 ], [ -71.48033061, -29.170437648 ], [ -71.480379156, -29.17052839 ], [ -71.480429124999901, -29.170651760999899 ], [ -71.480524688999907, -29.1707706199999 ], [ -71.480537179999899, -29.170796007 ], [ -71.480546066, -29.170842487999899 ], [ -71.480541332, -29.170886332999899 ], [ -71.480524569999901, -29.17093546 ], [ -71.480488446, -29.170989869 ], [ -71.480432694999905, -29.171046132 ], [ -71.480292205, -29.171153344999901 ], [ -71.480235159, -29.17122868 ], [ -71.480206642, -29.171292448 ], [ -71.480133286, -29.171517041999898 ], [ -71.480038405999906, -29.171669478999899 ], [ -71.479985991, -29.1717957289999 ], [ -71.479950951, -29.1719216299999 ], [ -71.479828028, -29.172151218 ], [ -71.479773424, -29.172327948 ], [ -71.479744288999896, -29.172377745999899 ], [ -71.479623145999895, -29.1725118049999 ], [ -71.479570216, -29.1725916299999 ], [ -71.479554771, -29.172668339 ], [ -71.479555359999907, -29.172825912999901 ], [ -71.479531934, -29.172939934999899 ], [ -71.479493637, -29.173013819999898 ], [ -71.479362252, -29.173182998999899 ], [ -71.479304467, -29.173273794999901 ], [ -71.479225001, -29.17351357 ], [ -71.47906969, -29.173800260999901 ], [ -71.4790538029999, -29.173860466999901 ], [ -71.479042658, -29.1740811499999 ], [ -71.479035971, -29.174131938999899 ], [ -71.479024718999895, -29.17416071 ], [ -71.478989833, -29.174221066 ], [ -71.478868963, -29.174372983999898 ], [ -71.478726945999895, -29.174590668999901 ], [ -71.478696606, -29.174649641 ], [ -71.47865358, -29.174763119 ], [ -71.478571245, -29.174900942 ], [ -71.47853678, -29.1749824239999 ], [ -71.478528852, -29.175038489 ], [ -71.478532543, -29.175084343 ], [ -71.478584696, -29.1752594559999 ], [ -71.478597507, -29.175344165999899 ], [ -71.478590374, -29.175676404999901 ], [ -71.478570476999906, -29.175937915 ], [ -71.478646176, -29.176336964 ], [ -71.478651549999896, -29.1765199989999 ], [ -71.478673146999895, -29.17669054 ], [ -71.478679756, -29.1768732909999 ], [ -71.478691328, -29.176989029 ], [ -71.478708959999906, -29.177064845 ], [ -71.478786418, -29.177262535999901 ], [ -71.478812954, -29.177373526999901 ], [ -71.478808097999902, -29.177459210999899 ], [ -71.478779426, -29.177598882 ], [ -71.478779462, -29.177644323 ], [ -71.478795638, -29.177690485 ], [ -71.478835466, -29.17773447 ], [ -71.478934425, -29.177820276 ], [ -71.478994051, -29.177887605 ], [ -71.47903619, -29.1779621599999 ], [ -71.479071712999897, -29.178052938 ], [ -71.479098318999903, -29.1781010999999 ], [ -71.479129478999894, -29.178144706999898 ], [ -71.4792215639999, -29.178245188999899 ], [ -71.479347806, -29.178410777 ], [ -71.479435694999907, -29.178493658 ], [ -71.479506188, -29.178549185999898 ], [ -71.479846439, -29.178760054999898 ], [ -71.480363865999905, -29.178999032 ], [ -71.480610264999896, -29.179168187 ], [ -71.48070317, -29.179222117999899 ], [ -71.48083553, -29.179280189999901 ], [ -71.48110795, -29.179361339 ], [ -71.481198827999904, -29.179399606999901 ], [ -71.48133188, -29.1794889069999 ], [ -71.481496079, -29.179626761999899 ], [ -71.481562297, -29.179691192999901 ], [ -71.481644891, -29.1797964259999 ], [ -71.481736644, -29.179944194 ], [ -71.481811514999904, -29.180080658999898 ], [ -71.481844543, -29.180165706 ], [ -71.481863347999905, -29.180264677 ], [ -71.481893204999906, -29.180573661 ], [ -71.481900449, -29.18084751 ], [ -71.481934753, -29.180977307 ], [ -71.481998261999905, -29.181114439999899 ], [ -71.482032633, -29.181159667 ], [ -71.482100639999899, -29.1812152689999 ], [ -71.482304380999906, -29.181303537 ], [ -71.482415876999895, -29.181351841 ], [ -71.482478729, -29.181388839 ], [ -71.482549949, -29.181454254999899 ], [ -71.482592833999902, -29.181521578999899 ], [ -71.4826184839999, -29.181589453999901 ], [ -71.482634831, -29.181663917 ], [ -71.482663985, -29.1818830089999 ], [ -71.482686486, -29.18194728 ], [ -71.482722386, -29.1820161529999 ], [ -71.482906630999906, -29.182274858 ], [ -71.483087592999894, -29.182588935999899 ], [ -71.483362461999903, -29.182893314 ], [ -71.483403186, -29.182947763 ], [ -71.483545109, -29.1832338749999 ], [ -71.483628863, -29.183367903 ], [ -71.483701904, -29.183456559 ], [ -71.483795152, -29.183545492999901 ], [ -71.483991332999906, -29.183681611999901 ], [ -71.484354854999907, -29.1839731859999 ], [ -71.484443466999906, -29.184065561 ], [ -71.484667032999894, -29.184340079 ], [ -71.484733777, -29.184405892 ], [ -71.484803238, -29.184451801 ], [ -71.484898523, -29.184484515999898 ], [ -71.485021511, -29.184500990999901 ], [ -71.485221796, -29.18450308 ], [ -71.48527466, -29.184515303999898 ], [ -71.485344708999904, -29.184544145 ], [ -71.485406035, -29.184589188 ], [ -71.485451009, -29.184635455 ], [ -71.485570977999899, -29.184811317 ], [ -71.485619748, -29.184871051 ], [ -71.485660544, -29.184907326 ], [ -71.485731689, -29.184944261999899 ], [ -71.485839308, -29.184968198 ], [ -71.486122403, -29.184997828999901 ], [ -71.48642502, -29.185057340999901 ], [ -71.486695165999905, -29.185147689 ], [ -71.486944735, -29.185216055 ], [ -71.487056934999899, -29.185267358 ], [ -71.487443487, -29.185529699 ], [ -71.487514618, -29.185585665 ], [ -71.487637522999904, -29.185740499 ], [ -71.487786808, -29.1858537049999 ], [ -71.487861301, -29.18592346 ], [ -71.488115809, -29.186251254 ], [ -71.488314778, -29.186475882 ], [ -71.488357385, -29.186515232 ], [ -71.488452251999902, -29.186571374 ], [ -71.488755946, -29.186694604 ], [ -71.488905352, -29.186766507999899 ], [ -71.489017761, -29.186837092 ], [ -71.489385405, -29.187104201 ], [ -71.489466284999907, -29.187153458 ], [ -71.489566586, -29.187196083999901 ], [ -71.489756144, -29.187256993999899 ], [ -71.489939753, -29.187332162 ], [ -71.490075385, -29.187396695 ], [ -71.49029992, -29.1875188 ], [ -71.490390723, -29.187557206999902 ], [ -71.490478748, -29.187578906999899 ], [ -71.490660396, -29.1876040729999 ], [ -71.490750939999899, -29.187636523 ], [ -71.490840401999904, -29.187693268 ], [ -71.491045395, -29.187873351 ], [ -71.491110832999894, -29.187913631 ], [ -71.491153067, -29.187931077 ], [ -71.491250959999903, -29.187953537999899 ], [ -71.491559562, -29.18798207 ], [ -71.491697127, -29.1880086849999 ], [ -71.491816886, -29.188052415 ], [ -71.492000186, -29.188141851 ], [ -71.492209416, -29.188204259 ], [ -71.492326314, -29.18824789 ], [ -71.492443174, -29.188306192 ], [ -71.492595853, -29.188402938 ], [ -71.492664092, -29.188435593 ], [ -71.492736736, -29.188448044 ], [ -71.492824081, -29.188438016 ], [ -71.492869083, -29.188443694999901 ], [ -71.492913932, -29.188476964 ], [ -71.492936055, -29.188504459999901 ], [ -71.49296757, -29.18855058 ], [ -71.493001649, -29.188624088 ], [ -71.4930226769999, -29.1887058639999 ], [ -71.493027481999903, -29.1887990879999 ], [ -71.49301435, -29.1888616059999 ], [ -71.492978157, -29.188932204 ], [ -71.492891357, -29.189024197 ], [ -71.492724234, -29.189138918 ], [ -71.492596082, -29.189243033 ], [ -71.492557448, -29.189263941 ], [ -71.49250001, -29.189274871 ], [ -71.492421841, -29.189266075 ], [ -71.492292063, -29.18922888 ], [ -71.492149497, -29.189175989 ], [ -71.492058857, -29.189161930999902 ], [ -71.491994003999906, -29.189166584 ], [ -71.491809842999899, -29.189204264 ], [ -71.4916402489999, -29.189222093999899 ], [ -71.491547678, -29.189217073 ], [ -71.491345559, -29.1891822699999 ], [ -71.491260128, -29.189188088 ], [ -71.491187931, -29.189215353999899 ], [ -71.491115911, -29.189266658 ], [ -71.490925983, -29.189446878 ], [ -71.490769814, -29.189559722999899 ], [ -71.490658563, -29.189674913 ], [ -71.490614751, -29.189697043 ], [ -71.490554516, -29.189710179 ], [ -71.490341437, -29.189719770999901 ], [ -71.490198525, -29.189768704 ], [ -71.490122915, -29.189814473 ], [ -71.489953001999893, -29.190005276 ], [ -71.489893122999902, -29.19005472 ], [ -71.489846531, -29.190080257 ], [ -71.489800534, -29.190094067 ], [ -71.489734288, -29.190100147 ], [ -71.489474312, -29.190072422999901 ], [ -71.489381706, -29.190068701 ], [ -71.489133282999902, -29.190072090999902 ], [ -71.489048047, -29.190088930999899 ], [ -71.489012089, -29.190126141999901 ], [ -71.489006822, -29.190168605999901 ], [ -71.489067485, -29.190424317999899 ], [ -71.48906139, -29.190487441 ], [ -71.489035591999894, -29.190529418 ], [ -71.488984456, -29.190570094999899 ], [ -71.488856416, -29.190639253 ], [ -71.488761997, -29.190707889 ], [ -71.488640398, -29.190763404999899 ], [ -71.488521348999896, -29.190846205 ], [ -71.488354113, -29.190930529 ], [ -71.488260088999894, -29.191015368 ], [ -71.488007545999906, -29.191304053 ], [ -71.487824437, -29.19143603 ], [ -71.487775768999896, -29.191494663 ], [ -71.487518468, -29.19201587 ], [ -71.487495576999905, -29.192093136 ], [ -71.487484203999898, -29.192177123 ], [ -71.487484947, -29.192290234 ], [ -71.487496501, -29.192365459 ], [ -71.487626892, -29.1927894469999 ], [ -71.487775972999898, -29.193171837 ], [ -71.487824444999902, -29.193254189999902 ], [ -71.487958569999904, -29.193390443999899 ], [ -71.487999958, -29.193442859999902 ], [ -71.488037758, -29.1935059149999 ], [ -71.488101861, -29.193643073 ], [ -71.488313702, -29.193941765 ], [ -71.488404634999895, -29.194028276 ], [ -71.488751688, -29.194269514 ], [ -71.488951240999896, -29.194462234 ], [ -71.489247937, -29.194630635 ], [ -71.489353687999895, -29.194738172 ], [ -71.489396982, -29.1947448069999 ], [ -71.489506408, -29.194737565 ], [ -71.489579378, -29.194758565 ], [ -71.489734439, -29.194858337 ], [ -71.48992643, -29.194944190999902 ], [ -71.490056728999903, -29.195035784 ], [ -71.490127185999896, -29.195094006 ], [ -71.490169776999906, -29.195140399 ], [ -71.490280326999894, -29.195305011 ], [ -71.490393755, -29.1954442219999 ], [ -71.490428607999903, -29.195522272999899 ], [ -71.490435578, -29.195579836 ], [ -71.49042593, -29.1956281719999 ], [ -71.490400993, -29.195681917999899 ], [ -71.4903288739999, -29.195784376999899 ], [ -71.490301361, -29.195851473999902 ], [ -71.490290236, -29.195898921 ], [ -71.490285416999896, -29.196011892999898 ], [ -71.490321826999903, -29.196186681 ], [ -71.490309569, -29.196250247 ], [ -71.490189808, -29.1963903289999 ], [ -71.490036906999904, -29.196668496 ], [ -71.489911401, -29.196813631999898 ], [ -71.489876304999896, -29.196864655999899 ], [ -71.489853384, -29.196942067999899 ], [ -71.489857018, -29.197104666 ], [ -71.489846641, -29.197150945 ], [ -71.489809105999896, -29.197205697 ], [ -71.489682965, -29.197333576999899 ], [ -71.489649473, -29.197381731999901 ], [ -71.489628672, -29.197434353999899 ], [ -71.489586227, -29.197617529 ], [ -71.489559806, -29.197676305 ], [ -71.489531562, -29.197709284 ], [ -71.489493597, -29.1977337339999 ], [ -71.489346752999893, -29.197789025 ], [ -71.489197554, -29.1978564459999 ], [ -71.489082348999901, -29.1978948 ], [ -71.488994855, -29.197948681 ], [ -71.488859398, -29.198083394 ], [ -71.488769034, -29.198193069999899 ], [ -71.488693591, -29.198325231999899 ], [ -71.488600495, -29.198522801 ], [ -71.4885467, -29.198589292 ], [ -71.488515513, -29.198612345999901 ], [ -71.488458769, -29.198638263 ], [ -71.488274506, -29.198688752 ], [ -71.488186577, -29.198723091 ], [ -71.488092149, -29.198777580999899 ], [ -71.488050136, -29.198810737 ], [ -71.487913152, -29.198939206 ], [ -71.4877754299999, -29.199046618 ], [ -71.487740760999898, -29.199089313999899 ], [ -71.487690937, -29.199189595 ], [ -71.487635176, -29.199368401999902 ], [ -71.487614499, -29.199407004 ], [ -71.487583679999901, -29.199441048 ], [ -71.487509404, -29.199484828 ], [ -71.487324122, -29.199558646 ], [ -71.487107296, -29.199684228 ], [ -71.487037094999906, -29.199748293 ], [ -71.4869670369999, -29.199860225999899 ], [ -71.486918283, -29.199902266 ], [ -71.486847359, -29.199916276 ], [ -71.486760215999894, -29.1999043329999 ], [ -71.486604139, -29.1998625529999 ], [ -71.486380424999894, -29.199767522999899 ], [ -71.486311698, -29.199744956 ], [ -71.486239379, -29.199732266 ], [ -71.486150102, -29.199733083999899 ], [ -71.485968371999903, -29.199772633999899 ], [ -71.485701730999907, -29.199873711999899 ], [ -71.485506740999895, -29.199935943 ], [ -71.485363358, -29.199966097999901 ], [ -71.484987389, -29.200027513999899 ], [ -71.484866833999902, -29.20005452 ], [ -71.484735399, -29.200106439 ], [ -71.48467952, -29.2001389879999 ], [ -71.4846282459999, -29.200179498999901 ], [ -71.484577879, -29.200241161 ], [ -71.484538315, -29.200317771 ], [ -71.484512706, -29.200400477999899 ], [ -71.48445301, -29.200665827 ], [ -71.484398875, -29.200788320999902 ], [ -71.484331023, -29.2008738829999 ], [ -71.484145124, -29.201001802 ], [ -71.484055780999896, -29.201095838999901 ], [ -71.483931111999894, -29.201281374 ], [ -71.483907041, -29.201340116 ], [ -71.483901982, -29.201391046 ], [ -71.483927206, -29.2014603269999 ], [ -71.483996014, -29.201571088 ], [ -71.484029966, -29.201649295 ], [ -71.484181018, -29.202063974999898 ], [ -71.484237142, -29.202267546 ], [ -71.484345629, -29.2025197849999 ], [ -71.484399697999905, -29.2027419889999 ], [ -71.484502591, -29.202969574999901 ], [ -71.484539519, -29.203024619 ], [ -71.484623128, -29.203104397999901 ], [ -71.484713290999906, -29.2031471449999 ], [ -71.484803422, -29.2031787559999 ], [ -71.484881704, -29.20323187 ], [ -71.484940639999905, -29.203299930999901 ], [ -71.48497968, -29.203359485 ], [ -71.485074224, -29.203553714999899 ], [ -71.485120109, -29.203622160999899 ], [ -71.485165553999906, -29.203659389999899 ], [ -71.485228406, -29.203691359999901 ], [ -71.485279143, -29.2037377199999 ], [ -71.485299149, -29.203778787 ], [ -71.485310678, -29.203884512999899 ], [ -71.485348168, -29.204014973 ], [ -71.485350754, -29.20405863 ], [ -71.485336957, -29.2040855189999 ], [ -71.485244885, -29.204174152999901 ], [ -71.485153934, -29.2043524229999 ], [ -71.48512141, -29.204398311 ], [ -71.485091736, -29.204425876 ], [ -71.485037255, -29.2044526 ], [ -71.484980704, -29.2044692109999 ], [ -71.484715062, -29.204527987999899 ], [ -71.48458592, -29.204547385 ], [ -71.484498705, -29.204548138 ], [ -71.484336919, -29.204532951 ], [ -71.483916043, -29.204463055 ], [ -71.483852861999907, -29.204465029999898 ], [ -71.483639006, -29.204496511999899 ], [ -71.483549729999893, -29.204496795 ], [ -71.483497956, -29.2044825629999 ], [ -71.48336141, -29.204403358 ], [ -71.483256927, -29.2043633239999 ], [ -71.482960421, -29.204306985 ], [ -71.482903736, -29.204310098999901 ], [ -71.482861973999903, -29.204327309 ], [ -71.482822042999899, -29.2043659449999 ], [ -71.48280112, -29.204410569999901 ], [ -71.482785057999905, -29.20446959 ], [ -71.482776327, -29.204548815 ], [ -71.482777923999905, -29.2049152499999 ], [ -71.482809322, -29.205204939999899 ], [ -71.482801348999899, -29.205311762 ], [ -71.482776590999904, -29.2053830249999 ], [ -71.482660279999905, -29.205625299 ], [ -71.482457264999894, -29.2058932109999 ], [ -71.482412194999895, -29.205938671 ], [ -71.482355213999895, -29.205975924 ], [ -71.482296049, -29.205996602 ], [ -71.482114576, -29.206040967 ], [ -71.481861827, -29.206156620999899 ], [ -71.481757438, -29.206228085 ], [ -71.481555673999907, -29.206401307 ], [ -71.481330568, -29.206569425999898 ], [ -71.481235533, -29.206619662 ], [ -71.480878548, -29.206759656 ], [ -71.480799719999894, -29.206803008999898 ], [ -71.480726056, -29.206865572 ], [ -71.480585297999895, -29.207021402 ], [ -71.480528324, -29.207072665999899 ], [ -71.480472304, -29.207108611 ], [ -71.480319541, -29.207179475 ], [ -71.480239632, -29.207235565 ], [ -71.480062776, -29.2074181999999 ], [ -71.479758812999904, -29.207773608 ], [ -71.479699768, -29.207823253 ], [ -71.479624817999905, -29.2078660939999 ], [ -71.479491164, -29.207914812999899 ], [ -71.479373817, -29.207945967999901 ], [ -71.479266025999905, -29.2079587009999 ], [ -71.479198912999905, -29.207954465999901 ], [ -71.479125506999907, -29.20793348 ], [ -71.479048033, -29.207884238 ], [ -71.478987523999905, -29.2078199319999 ], [ -71.478948551, -29.207761376999901 ], [ -71.478820829, -29.2075179459999 ], [ -71.478742322, -29.207314903999901 ], [ -71.478690819999898, -29.207109573 ], [ -71.478647748999904, -29.206771521 ], [ -71.478589735999904, -29.206525233 ], [ -71.478539277, -29.206373917 ], [ -71.47842114, -29.206118514 ], [ -71.478317438, -29.2057605759999 ], [ -71.478221095, -29.205536348 ], [ -71.478203364, -29.2054684739999 ], [ -71.478205746999905, -29.205424467999901 ], [ -71.478217787999895, -29.205392402 ], [ -71.478242555, -29.205370425 ], [ -71.478281013999904, -29.205359714999901 ], [ -71.478329434, -29.205366458 ], [ -71.478581603, -29.205457038 ], [ -71.478711491999903, -29.205489326 ], [ -71.478824040999896, -29.2054975359999 ], [ -71.478931331999902, -29.20548265 ], [ -71.479027813999906, -29.2054387119999 ], [ -71.479275496999904, -29.2053419339999 ], [ -71.479494406999905, -29.205268170999901 ], [ -71.479632416, -29.2052443759999 ], [ -71.479813255, -29.205222960999901 ], [ -71.479991715, -29.205222960999901 ], [ -71.480319784, -29.205242494999901 ], [ -71.480415088, -29.205251001 ], [ -71.480525459, -29.205249841999901 ], [ -71.480839771, -29.205221202 ], [ -71.480926946999901, -29.205193372999901 ], [ -71.480981138999894, -29.20513956 ], [ -71.4810189949999, -29.205066160999898 ], [ -71.481045224, -29.204996426 ], [ -71.481059646999896, -29.204938463 ], [ -71.481060387999904, -29.204895356 ], [ -71.481039436999893, -29.204836322999899 ], [ -71.48101331, -29.204799769 ], [ -71.480968742999906, -29.204758669999901 ], [ -71.480790879, -29.204623421999901 ], [ -71.480657832, -29.20454132 ], [ -71.48057877, -29.204505484 ], [ -71.480528664, -29.204494485999899 ], [ -71.480470709, -29.204495777 ], [ -71.480428854, -29.204508653999898 ], [ -71.480379837, -29.204537639 ], [ -71.48008512, -29.204783048 ], [ -71.480029800999901, -29.204848519999899 ], [ -71.479906054, -29.204942184999901 ], [ -71.479822773, -29.204989774 ], [ -71.479741871, -29.20500881 ], [ -71.479603862, -29.205018326999902 ], [ -71.479487268999904, -29.205015948 ], [ -71.479342121999906, -29.2049873939999 ], [ -71.479192505999904, -29.204927187 ], [ -71.479106832999904, -29.2048781079999 ], [ -71.478945519, -29.204750133999902 ], [ -71.478896042, -29.204680443 ], [ -71.478810298, -29.204454794 ], [ -71.478760423, -29.204354956 ], [ -71.478720357, -29.204297443 ], [ -71.478676491, -29.204250391999899 ], [ -71.478585634999902, -29.204181961 ], [ -71.478495328999898, -29.204140428 ], [ -71.478302953, -29.204086479999901 ], [ -71.478180538999894, -29.204039069 ], [ -71.4780868779999, -29.203990349 ], [ -71.477926943999904, -29.203871358999901 ], [ -71.477862248, -29.203839837 ], [ -71.477805561, -29.203822857 ], [ -71.477549806999903, -29.203777973999902 ], [ -71.477236943, -29.203673008 ], [ -71.477143124999898, -29.203635869 ], [ -71.477008415999904, -29.2035493499999 ], [ -71.476965185, -29.203531421 ], [ -71.476891741, -29.2035236789999 ], [ -71.476831806, -29.203541006 ], [ -71.476765246, -29.20358254 ], [ -71.476649685, -29.203671266999901 ], [ -71.476600694, -29.203730703 ], [ -71.4765916489999, -29.203762056999899 ], [ -71.47659421, -29.203810037 ], [ -71.476605702, -29.203839655 ], [ -71.476644452, -29.203899126 ], [ -71.476705325, -29.203965653 ], [ -71.476894441999903, -29.204140039 ], [ -71.477172146, -29.204361317 ], [ -71.477234207, -29.204431515 ], [ -71.477328212, -29.204561081999898 ], [ -71.477374993, -29.204606951999899 ], [ -71.477414191, -29.204635289999899 ], [ -71.477456640999904, -29.204654046 ], [ -71.477616801, -29.204702423999901 ], [ -71.477696732, -29.204733763 ], [ -71.477779732, -29.204782098 ], [ -71.477818451, -29.204812459 ], [ -71.477856322, -29.204855397 ], [ -71.477895756999899, -29.204933776 ], [ -71.47790954, -29.205004195999901 ], [ -71.477901206999903, -29.205070785 ], [ -71.477857942, -29.205181753 ], [ -71.477861812, -29.205255955 ], [ -71.477886648, -29.205309305999901 ], [ -71.477970990999907, -29.205444053 ], [ -71.477982003, -29.205491631 ], [ -71.477970405, -29.205554806999899 ], [ -71.4779119519999, -29.205674534 ], [ -71.477898341, -29.20572026 ], [ -71.477887918, -29.205896251 ], [ -71.477875388, -29.205957734 ], [ -71.477841917, -29.206031370999899 ], [ -71.477789453999904, -29.206090537 ], [ -71.477688836, -29.206158651 ], [ -71.47750304, -29.206256012 ], [ -71.477212669, -29.206372071 ], [ -71.47701023, -29.2064646339999 ], [ -71.476607086999906, -29.206607429 ], [ -71.476545871, -29.206650329 ], [ -71.476502793, -29.206711433999899 ], [ -71.476480388, -29.2067940049999 ], [ -71.476484366, -29.206906188999898 ], [ -71.476517558, -29.207022164 ], [ -71.476582886, -29.207158676999899 ], [ -71.476612836999905, -29.207242832 ], [ -71.476641012, -29.207521546 ], [ -71.476677178, -29.207606767999899 ], [ -71.476793769, -29.2077882909999 ], [ -71.476822832, -29.207885261999898 ], [ -71.476820212, -29.207928551 ], [ -71.476807252999905, -29.207969116999902 ], [ -71.47673036, -29.208094420999899 ], [ -71.476708843, -29.208147263999901 ], [ -71.476686964, -29.208289895999901 ], [ -71.47666429, -29.208348911 ], [ -71.476649083, -29.208375402999899 ], [ -71.476603982, -29.2084202509999 ], [ -71.476465537, -29.208522708 ], [ -71.476286944, -29.208688949 ], [ -71.476226678, -29.208782094 ], [ -71.476147823, -29.208954197 ], [ -71.476110306, -29.209008199 ], [ -71.476064349, -29.209052001 ], [ -71.475702261, -29.2092757469999 ], [ -71.475567360999904, -29.209345582 ], [ -71.475470178, -29.209371157 ], [ -71.475294308999906, -29.209380907 ], [ -71.475209282, -29.209412917999899 ], [ -71.475025210999902, -29.209544986 ], [ -71.474749639, -29.209764939 ], [ -71.474621548, -29.2099322 ], [ -71.474579176, -29.210001374999901 ], [ -71.474547692, -29.210085001 ], [ -71.474536716, -29.210215589 ], [ -71.474520073999898, -29.210254479 ], [ -71.474482735, -29.2102803 ], [ -71.474324888999902, -29.2103290159999 ], [ -71.4742612269999, -29.2103576179999 ], [ -71.474064428, -29.21049376 ], [ -71.474025965, -29.210528194999899 ], [ -71.473985883, -29.210577695 ], [ -71.473933297, -29.210675903 ], [ -71.473896498, -29.2107691309999 ], [ -71.473885502, -29.210834669 ], [ -71.473880633, -29.210988750999899 ], [ -71.473853751, -29.211094709 ], [ -71.473809639, -29.211167799999899 ], [ -71.473753829, -29.211204156999901 ], [ -71.473534249, -29.211299531999899 ], [ -71.473489574, -29.211312576999902 ], [ -71.473402302999901, -29.211321585999901 ], [ -71.473264642999894, -29.2113131159999 ], [ -71.473201195999906, -29.211325084 ], [ -71.473130333, -29.21135817 ], [ -71.472936923, -29.211471493 ], [ -71.472821581999895, -29.211515253999899 ], [ -71.472761248, -29.211522817999899 ], [ -71.472686337, -29.211513319999899 ], [ -71.472581781, -29.211479902999901 ], [ -71.472513122999899, -29.211443319 ], [ -71.472411743999899, -29.211370486 ], [ -71.472055355, -29.2112048729999 ], [ -71.471939603, -29.211190616 ], [ -71.471874272, -29.211196968 ], [ -71.471829321, -29.211214914 ], [ -71.471812488, -29.211239114 ], [ -71.471801324999902, -29.211277825 ], [ -71.471751256999895, -29.211500902 ], [ -71.471734173999906, -29.211607469999901 ], [ -71.471735973, -29.21166478 ], [ -71.471773164999902, -29.2118489009999 ], [ -71.471768523, -29.211936898 ], [ -71.471736936999903, -29.212068496 ], [ -71.471728465, -29.212144725 ], [ -71.4717491709999, -29.212445336 ], [ -71.471775567999899, -29.212642041 ], [ -71.471774213999893, -29.212730918 ], [ -71.471761798, -29.2128138899999 ], [ -71.471736509, -29.212923858 ], [ -71.471721080999899, -29.212951086 ], [ -71.47169948, -29.212976636 ], [ -71.471598892, -29.213026503 ], [ -71.471557643, -29.21306092 ], [ -71.471532109, -29.213104571 ], [ -71.471474458, -29.21324963 ], [ -71.471446753, -29.21328621 ], [ -71.471406138, -29.213318387 ], [ -71.471378923, -29.213332141 ], [ -71.471327903, -29.213343638 ], [ -71.471282362, -29.213343956 ], [ -71.471219054999906, -29.213330562 ], [ -71.471152192, -29.213300875999899 ], [ -71.470837387999893, -29.2131300029999 ], [ -71.470655134, -29.213064804999899 ], [ -71.470574932, -29.213021076 ], [ -71.470517978, -29.212956154 ], [ -71.47049105, -29.212897552 ], [ -71.470471714, -29.212824231 ], [ -71.470457294, -29.212654959 ], [ -71.470441439999902, -29.212610739999899 ], [ -71.4704302869999, -29.212600078 ], [ -71.470360485999905, -29.212582269999899 ], [ -71.470157778, -29.212581738 ], [ -71.470045083999906, -29.21256497 ], [ -71.469946257999894, -29.2125236709999 ], [ -71.469799157, -29.212437495 ], [ -71.469711910999905, -29.2124109119999 ], [ -71.46964151, -29.21240621 ], [ -71.469556858, -29.212416001 ], [ -71.469301247, -29.212488951 ], [ -71.469216633, -29.2125040839999 ], [ -71.468991438, -29.212503302 ], [ -71.468795921, -29.212513305999899 ], [ -71.468676858, -29.212505039 ], [ -71.468538017, -29.212475291 ], [ -71.468447435, -29.212440021 ], [ -71.468099942, -29.212252593999899 ], [ -71.467982656999894, -29.212202438 ], [ -71.467859742, -29.212162853999899 ], [ -71.467731763, -29.212147000999899 ], [ -71.467222357, -29.212158604 ], [ -71.466740259999895, -29.212147215999899 ], [ -71.466646738999899, -29.212139051 ], [ -71.466424557, -29.212100959999901 ], [ -71.4663563189999, -29.21209813 ], [ -71.466059816, -29.212158894 ], [ -71.466012991999904, -29.212173581999899 ], [ -71.465937800999896, -29.212212859 ], [ -71.4658635709999, -29.212236939 ], [ -71.465748931, -29.212249775 ], [ -71.465658813999895, -29.2122375 ], [ -71.465589560999902, -29.212201669 ], [ -71.4655453889999, -29.212154093 ], [ -71.465519822, -29.212114046999901 ], [ -71.465496316, -29.211976836 ], [ -71.465484709, -29.211947401 ], [ -71.465429523999902, -29.21186783 ], [ -71.465364053, -29.211798405 ], [ -71.465292064, -29.211742956 ], [ -71.465159352999905, -29.211665147 ], [ -71.465092668, -29.21161732 ], [ -71.464887667, -29.211389450999899 ], [ -71.464822641, -29.211347657 ], [ -71.464729446, -29.2113030629999 ], [ -71.464674179, -29.211264008999901 ], [ -71.464552403, -29.211122542999899 ], [ -71.464392050999905, -29.210981446999899 ], [ -71.464314763999894, -29.210945001 ], [ -71.464266129999899, -29.210939481 ], [ -71.464220374, -29.210946183 ], [ -71.464169183, -29.210968662 ], [ -71.463949906, -29.211129227999901 ], [ -71.463901122, -29.211157253 ], [ -71.463674273, -29.211243458999899 ], [ -71.463630587999901, -29.211245387 ], [ -71.463581857999898, -29.211236761 ], [ -71.463402153999894, -29.21116778 ], [ -71.463354938999899, -29.211167015999902 ], [ -71.463307954999905, -29.211177676 ], [ -71.463258964, -29.211205532 ], [ -71.463143230999904, -29.211313125999901 ], [ -71.462909103999905, -29.211469968 ], [ -71.462815411, -29.211503580999899 ], [ -71.462622664, -29.211521982 ], [ -71.462543287999907, -29.211542544999901 ], [ -71.462478690999902, -29.211574057 ], [ -71.462411226, -29.211643685999899 ], [ -71.462363205, -29.211679225999902 ], [ -71.462184577999906, -29.211769838 ], [ -71.462139739, -29.211814957999898 ], [ -71.462043143, -29.211970962 ], [ -71.461940569, -29.21207048 ], [ -71.461911045, -29.212110186 ], [ -71.461904790999895, -29.2121616599999 ], [ -71.461920132, -29.212201277 ], [ -71.4619290589999, -29.212266274999902 ], [ -71.461917386, -29.2123424769999 ], [ -71.461874453999897, -29.212434883 ], [ -71.461823728, -29.212518185 ], [ -71.461767354, -29.212570320999902 ], [ -71.461680833999907, -29.212616827 ], [ -71.461555199, -29.212658705 ], [ -71.461351517, -29.2127043909999 ], [ -71.461180196, -29.21272533 ], [ -71.460920465999905, -29.212754338 ], [ -71.460877381, -29.2127605599999 ], [ -71.460777111, -29.212782535 ], [ -71.460700534, -29.212818586 ], [ -71.460627353999897, -29.212879331999901 ], [ -71.460579805999899, -29.212936661999901 ], [ -71.460520684, -29.21304944 ], [ -71.4604777, -29.213111631999901 ], [ -71.460467356, -29.213140275999901 ], [ -71.460432093, -29.213260233 ], [ -71.460403539, -29.213393482999901 ], [ -71.460392118, -29.213484853999901 ], [ -71.460392118, -29.213680922 ], [ -71.460407346999901, -29.213899832 ], [ -71.460422416, -29.214133752 ], [ -71.460404709, -29.214456212 ], [ -71.460368166, -29.214640107 ], [ -71.460365047, -29.214707395999898 ], [ -71.460375276, -29.214777851999902 ], [ -71.460414046, -29.214935563 ], [ -71.46044094, -29.215128665999899 ], [ -71.460459833, -29.215206598999899 ], [ -71.460498899, -29.215292738 ], [ -71.460627438, -29.215512985 ], [ -71.460667675, -29.215623949 ], [ -71.460679226, -29.215719249 ], [ -71.460686906, -29.216017972 ], [ -71.460715546999893, -29.216301802 ], [ -71.460742932999906, -29.216421432999901 ], [ -71.460834961, -29.216681052 ], [ -71.460873385, -29.2168501589999 ], [ -71.460894518, -29.2169769569999 ], [ -71.460960508, -29.217572001 ], [ -71.460998684999893, -29.217749628 ], [ -71.461056775, -29.217912258999899 ], [ -71.461249295, -29.2183448289999 ], [ -71.461298567, -29.21842757 ], [ -71.461447104999905, -29.218598652 ], [ -71.461513087999904, -29.218692414 ], [ -71.461571697, -29.218824189 ], [ -71.461608887999901, -29.218956191 ], [ -71.461621951, -29.219074919 ], [ -71.46161555, -29.219275262999901 ], [ -71.461623494, -29.2193912289999 ], [ -71.461659015999899, -29.2195894729999 ], [ -71.46172568, -29.219823923 ], [ -71.461752898, -29.2199515739999 ], [ -71.461798151, -29.2203338969999 ], [ -71.461834479999894, -29.220553776 ], [ -71.461843653999907, -29.220874906999899 ], [ -71.461887002, -29.221122508999901 ], [ -71.461902135999907, -29.221264157999901 ], [ -71.4619016729999, -29.221353794 ], [ -71.461887703999906, -29.221438806 ], [ -71.461747154, -29.221842809999899 ], [ -71.461692760999895, -29.221926031999899 ], [ -71.461638821, -29.221975998999898 ], [ -71.461579835999899, -29.222008253999899 ], [ -71.461421082999905, -29.222072538 ], [ -71.461356037, -29.22211744 ], [ -71.461170007, -29.222269656 ], [ -71.461042339, -29.222329472 ], [ -71.46086207, -29.222374429999899 ], [ -71.460670125, -29.222398982 ], [ -71.46055921, -29.222399158 ], [ -71.460337600999907, -29.222383492999899 ], [ -71.460107541999903, -29.222395537 ], [ -71.459945123, -29.222392591 ], [ -71.459803855, -29.222378944 ], [ -71.459707384, -29.222346316 ], [ -71.459526663, -29.222230419 ], [ -71.459344798, -29.222148896 ], [ -71.459184363, -29.222028797 ], [ -71.459029674, -29.221932126 ], [ -71.458944343, -29.221864474 ], [ -71.458878447, -29.221830266 ], [ -71.458805088, -29.221819921 ], [ -71.45873829, -29.2218231969999 ], [ -71.458562824, -29.2218757159999 ], [ -71.458453923, -29.221889243 ], [ -71.458195749, -29.221864826999902 ], [ -71.45797057, -29.221865180999899 ], [ -71.457905094999902, -29.2218476809999 ], [ -71.457723250999905, -29.221734117 ], [ -71.457609789999907, -29.221684149999898 ], [ -71.457515612999899, -29.22167662 ], [ -71.457319696, -29.221710953 ], [ -71.457224795999906, -29.221714785 ], [ -71.457171774, -29.221702459 ], [ -71.457000606, -29.221629017999899 ], [ -71.456947586999902, -29.221615626 ], [ -71.45687423, -29.221611088 ], [ -71.456823495, -29.221620464 ], [ -71.456779658999906, -29.2216452239999 ], [ -71.456672698, -29.221741298 ], [ -71.456601287, -29.221787429 ], [ -71.456548228, -29.2218080389999 ], [ -71.456399533, -29.221846974 ], [ -71.456372801, -29.221864921 ], [ -71.456293465, -29.221945105 ], [ -71.456151658, -29.222015483 ], [ -71.456117252999903, -29.2220392629999 ], [ -71.456052295999896, -29.2221099029999 ], [ -71.455965756999902, -29.222248819999901 ], [ -71.455920741999904, -29.222338693 ], [ -71.455902243, -29.222432891 ], [ -71.455910741, -29.222526553 ], [ -71.455950794, -29.222728233999899 ], [ -71.455974017, -29.222802939 ], [ -71.456014186999894, -29.22288279 ], [ -71.456088199, -29.2229672889999 ], [ -71.456244001999906, -29.2230756 ], [ -71.456388596, -29.2232480169999 ], [ -71.456556158999902, -29.223424006999899 ], [ -71.456613089, -29.223512397 ], [ -71.45667234, -29.2236951319999 ], [ -71.456701499, -29.223744541 ], [ -71.456745339999898, -29.2237892979999 ], [ -71.456947178, -29.223957578999901 ], [ -71.457100071999903, -29.2241151059999 ], [ -71.457316111, -29.224264672999901 ], [ -71.457382404, -29.2242944659999 ], [ -71.457545636, -29.224322333 ], [ -71.457623511, -29.224363882 ], [ -71.457662499, -29.2244100889999 ], [ -71.457903409, -29.224756042 ], [ -71.458050225, -29.224912265999901 ], [ -71.458274933, -29.225315189 ], [ -71.458306051, -29.225395106999901 ], [ -71.458328036999902, -29.225493615999898 ], [ -71.458354991, -29.2255655549999 ], [ -71.458393974, -29.225620928 ], [ -71.458488786, -29.225719341999898 ], [ -71.458515027, -29.225765781 ], [ -71.458535075, -29.225811329 ], [ -71.458580656, -29.225991192 ], [ -71.458624328, -29.226062297999899 ], [ -71.458693635, -29.226125733999901 ], [ -71.458827866, -29.226217232 ], [ -71.458987715, -29.226356876999901 ], [ -71.459316058999903, -29.2265437729999 ], [ -71.459494003, -29.226671128 ], [ -71.45957269, -29.226709786 ], [ -71.459707503999894, -29.2267585499999 ], [ -71.459749868, -29.226782482 ], [ -71.459778684999904, -29.226802437999901 ], [ -71.4598107959999, -29.226845313 ], [ -71.45981332, -29.226888533 ], [ -71.459796944999894, -29.22693637 ], [ -71.459752661, -29.2270064759999 ], [ -71.459721531, -29.227041264 ], [ -71.459693681, -29.227061975 ], [ -71.459655644999899, -29.227077401 ], [ -71.459482043, -29.22707238 ], [ -71.459435195, -29.227087726 ], [ -71.459397811, -29.227113694 ], [ -71.459358857, -29.227159555 ], [ -71.459301328, -29.227251969999902 ], [ -71.459266463999896, -29.227294479 ], [ -71.459166259, -29.227387323 ], [ -71.458966695, -29.227593022999901 ], [ -71.458914745999905, -29.2276570249999 ], [ -71.458875249999906, -29.2277488299999 ], [ -71.458797446999895, -29.228003605 ], [ -71.458786069, -29.228065041 ], [ -71.4587983, -29.228155477 ], [ -71.45882418, -29.228200526 ], [ -71.458869136, -29.228245525 ], [ -71.458954596, -29.2282911839999 ], [ -71.459083059, -29.228326071 ], [ -71.459204870999898, -29.228339922 ], [ -71.459433218, -29.228346943 ], [ -71.459505378, -29.228357547 ], [ -71.459572639, -29.228376900999901 ], [ -71.459669025, -29.228437642 ], [ -71.459853251, -29.22861288 ], [ -71.459911841999897, -29.228648878999898 ], [ -71.459974199, -29.228665141 ], [ -71.460107447, -29.228657078 ], [ -71.460339598, -29.228604749999899 ], [ -71.4606708109999, -29.2285715689999 ], [ -71.460771767, -29.228545445999899 ], [ -71.460826719999901, -29.228517772 ], [ -71.460847927, -29.22848816 ], [ -71.460858942, -29.228380843 ], [ -71.460913992, -29.228228498 ], [ -71.460939964, -29.227992518999901 ], [ -71.460929546, -29.227926275 ], [ -71.46088866, -29.227788441 ], [ -71.460873718999906, -29.227484451 ], [ -71.460846367, -29.227403152 ], [ -71.460778903999895, -29.227254847 ], [ -71.46076928, -29.227209936999898 ], [ -71.460776484, -29.227145488 ], [ -71.460832233, -29.227024712999899 ], [ -71.460842549999896, -29.226976906999901 ], [ -71.460841296, -29.226905475 ], [ -71.4608093209999, -29.226666516 ], [ -71.460818261, -29.226534428 ], [ -71.460853240999896, -29.22644086 ], [ -71.460898686, -29.226372715 ], [ -71.46099736, -29.226262955 ], [ -71.461057729999894, -29.226215232 ], [ -71.46114657, -29.226169449999901 ], [ -71.461235974, -29.226138316999901 ], [ -71.46133472, -29.226117157 ], [ -71.461404009, -29.226115047 ], [ -71.461465952, -29.226123690999898 ], [ -71.461508204, -29.226139674 ], [ -71.461644626999899, -29.2262148619999 ], [ -71.461713454999895, -29.226261211999901 ], [ -71.461907598, -29.226429401 ], [ -71.462075983, -29.226619032 ], [ -71.462140425, -29.226667646 ], [ -71.462258458999898, -29.226710952 ], [ -71.462625677999895, -29.22679727 ], [ -71.462726013, -29.22684085 ], [ -71.462771054, -29.226869265999898 ], [ -71.463011111, -29.227076468 ], [ -71.463171852999906, -29.227189352 ], [ -71.463220513, -29.227230988 ], [ -71.463428915, -29.227475168999899 ], [ -71.463487238, -29.227567587 ], [ -71.463554878, -29.227701674999899 ], [ -71.463580526, -29.227784119 ], [ -71.463580352, -29.227828273999901 ], [ -71.463563084, -29.227884194999898 ], [ -71.463534196999902, -29.227925425 ], [ -71.463398545, -29.2280155619999 ], [ -71.463349944999905, -29.228056754 ], [ -71.463244393, -29.228198713 ], [ -71.463134928, -29.228292564 ], [ -71.463110102, -29.228335041 ], [ -71.463113984, -29.228382698 ], [ -71.463133366, -29.228424468 ], [ -71.463201685999906, -29.228572759 ], [ -71.463240352999904, -29.228679833999902 ], [ -71.46325225, -29.228783936 ], [ -71.46323143, -29.228870190999899 ], [ -71.46315932, -29.229003678 ], [ -71.463096567, -29.2290644 ], [ -71.463048129, -29.229096903 ], [ -71.462973948999903, -29.229122424 ], [ -71.462888899999896, -29.229131043999899 ], [ -71.462790484, -29.229117671 ], [ -71.462682276, -29.229072569 ], [ -71.462577337, -29.229005249999901 ], [ -71.462352725, -29.228825152 ], [ -71.462275941, -29.228780077 ], [ -71.462208499, -29.228762910999901 ], [ -71.462142137999905, -29.228766057 ], [ -71.462091749, -29.228781841999901 ], [ -71.46186942, -29.228919228999899 ], [ -71.461784383, -29.228956433999901 ], [ -71.461728331, -29.22897061 ], [ -71.461659154999893, -29.228965989 ], [ -71.461595912999897, -29.228919354 ], [ -71.461543513, -29.228782762 ], [ -71.461515339999906, -29.2287414749999 ], [ -71.461467157999905, -29.228705024 ], [ -71.461239647, -29.2285959559999 ], [ -71.461195418, -29.228582161 ], [ -71.46110257, -29.228577897 ], [ -71.461016341999894, -29.228590638 ], [ -71.461003075, -29.228595020999901 ], [ -71.460979989999899, -29.228619003999899 ], [ -71.460969889999902, -29.228652942999901 ], [ -71.460971974, -29.2289119769999 ], [ -71.460956191, -29.229012995999899 ], [ -71.460908938, -29.229126236 ], [ -71.460871660999899, -29.22918218 ], [ -71.460828536, -29.229229985 ], [ -71.460754510999905, -29.22928941 ], [ -71.460565373999898, -29.229398912 ], [ -71.460429847999904, -29.229506721 ], [ -71.460363383, -29.229550878999898 ], [ -71.460273172, -29.229595866 ], [ -71.460090019999896, -29.229662729 ], [ -71.459998530999897, -29.229704808999902 ], [ -71.459552727, -29.229956581 ], [ -71.459459033, -29.2300226629999 ], [ -71.459387158, -29.230086390999901 ], [ -71.459346017, -29.2301351529999 ], [ -71.459315385, -29.230199012999901 ], [ -71.459308495999906, -29.230265306 ], [ -71.459342311999904, -29.230350696999899 ], [ -71.459402111, -29.230412353 ], [ -71.459458034, -29.230451452999901 ], [ -71.459545269, -29.230497364 ], [ -71.459645808999895, -29.230528072 ], [ -71.459715108, -29.230537813 ], [ -71.459900257999905, -29.230547335 ], [ -71.4600285, -29.2305295849999 ], [ -71.460073958, -29.230551987 ], [ -71.460202435, -29.2307009089999 ], [ -71.460293255, -29.2307656589999 ], [ -71.460379856, -29.23078221 ], [ -71.460623711, -29.230777528 ], [ -71.460884522, -29.230801411999899 ], [ -71.460964949, -29.230820783999899 ], [ -71.461046712, -29.230853776999901 ], [ -71.461100077, -29.2308868329999 ], [ -71.461146683, -29.230927224 ], [ -71.461198619, -29.230992770999901 ], [ -71.461222571, -29.231037527 ], [ -71.461246575, -29.231094298999899 ], [ -71.4612681629999, -29.231174825 ], [ -71.461273366999905, -29.231221879 ], [ -71.46126844, -29.231289067 ], [ -71.461219716, -29.231444922 ], [ -71.461222996999894, -29.231492309 ], [ -71.461237208999904, -29.231532935 ], [ -71.461285182, -29.231598944 ], [ -71.461454297, -29.231794723 ], [ -71.461592617999898, -29.231925814 ], [ -71.46176796, -29.232067917999899 ], [ -71.461825913, -29.232138767 ], [ -71.461868684, -29.232237466 ], [ -71.461907733, -29.232376474 ], [ -71.462022538, -29.232948892 ], [ -71.462022852, -29.233017611 ], [ -71.462012985999905, -29.233079175999901 ], [ -71.461966225, -29.233255197999899 ], [ -71.461907926, -29.233430756 ], [ -71.461886926, -29.233558860999899 ], [ -71.461890107, -29.233575905999899 ] ] ] } },
{ "type": "Feature", "properties": { "fid": 14, "Descripcion": "Cota 30 mts. Amenaza por Tsunami", "Recomendaciones SENAPRED": "https://bibliogrd.senapred.gob.cl/bitstream/handle/2012/1711/06_diptico_tsunami_2023_SENAPRED.pdf", "Origen Data": "Visor Chile Preparado, Territorio y Amenazas - SENAPRED, disponible en https://www.visorchilepreparado.cl/" }, "geometry": { "type": "MultiLineString", "coordinates": [ [ [ -71.449583778, -29.237647803999899 ], [ -71.44948575, -29.2374812159999 ], [ -71.44943575, -29.237411162999901 ], [ -71.449344768999893, -29.237343449 ], [ -71.449120338999904, -29.237244342999901 ], [ -71.44902637, -29.237195592 ], [ -71.448973001, -29.237158505 ], [ -71.448824225, -29.237031058 ], [ -71.448625015999895, -29.236897746 ], [ -71.448531465, -29.236803833 ], [ -71.44845148, -29.236671139999899 ], [ -71.448413973999905, -29.236629684 ], [ -71.448355099, -29.236585174 ], [ -71.448260935, -29.236528237 ], [ -71.448205289, -29.2364827 ], [ -71.448122831, -29.236395979999902 ], [ -71.448016225999893, -29.236264321 ], [ -71.447969407, -29.236219928 ], [ -71.44774411, -29.236039244 ], [ -71.4475405969999, -29.235932095 ], [ -71.447457845, -29.235875059 ], [ -71.447397005, -29.235809736 ], [ -71.447343701, -29.235723412 ], [ -71.447308517, -29.2356357369999 ], [ -71.447270650999897, -29.23548285 ], [ -71.447227515999899, -29.235362607 ], [ -71.447178155999893, -29.235271049999898 ], [ -71.447108705999895, -29.235186747999901 ], [ -71.446999000999895, -29.23508176 ], [ -71.446773175, -29.2349498909999 ], [ -71.446628017, -29.234818063 ], [ -71.44644281, -29.234683811 ], [ -71.446396154999903, -29.2346367819999 ], [ -71.446369798, -29.234596699999901 ], [ -71.446326305999904, -29.2344822549999 ], [ -71.446300046, -29.23443623 ], [ -71.446211196, -29.234328027999901 ], [ -71.446100933, -29.234237309 ], [ -71.445920965, -29.2341485339999 ], [ -71.445859943999906, -29.234096171 ], [ -71.445782881999904, -29.23400973 ], [ -71.445586226, -29.233738451 ], [ -71.445427678, -29.233578943999898 ], [ -71.445376189999905, -29.233514698 ], [ -71.445283327, -29.233336186 ], [ -71.445195726, -29.233065821 ], [ -71.445157271, -29.232989378 ], [ -71.445016408999905, -29.232838219 ], [ -71.444916253, -29.232704607 ], [ -71.444886644, -29.232611507999898 ], [ -71.444841373, -29.232342859 ], [ -71.444796615, -29.232254638 ], [ -71.444730309, -29.232207613 ], [ -71.444679225, -29.232183327 ], [ -71.444602612, -29.232158109999901 ], [ -71.444433709999899, -29.232119462999901 ], [ -71.444324008, -29.23202779 ], [ -71.44416425, -29.231944122999899 ], [ -71.444122572, -29.23191102 ], [ -71.444077676999896, -29.2318621329999 ], [ -71.443909138, -29.23162674 ], [ -71.443893391, -29.2316011959999 ], [ -71.443882674, -29.231562772 ], [ -71.443885482, -29.231520659 ], [ -71.443925460999907, -29.231426185 ], [ -71.443922099, -29.231397397 ], [ -71.443906979, -29.231368236 ], [ -71.443834605999896, -29.231304264 ], [ -71.443714493999906, -29.231242164 ], [ -71.443685468, -29.231219371 ], [ -71.443653508999901, -29.231174716999899 ], [ -71.443650175999906, -29.231130703 ], [ -71.443670512, -29.231085774 ], [ -71.443709993, -29.231047766 ], [ -71.443810557999896, -29.230998325 ], [ -71.443936456999893, -29.230919768 ], [ -71.444016781, -29.230846272 ], [ -71.44412592, -29.230773781 ], [ -71.444171231, -29.230730357 ], [ -71.444209673, -29.230678575999899 ], [ -71.444243322, -29.230591042 ], [ -71.444250789, -29.2305045479999 ], [ -71.444242852999906, -29.23043682 ], [ -71.444216366, -29.230361839 ], [ -71.444182875, -29.230319788 ], [ -71.4441168769999, -29.230264237 ], [ -71.444039055, -29.230231214 ], [ -71.443988719999894, -29.230233455 ], [ -71.443938456, -29.2302498079999 ], [ -71.44380627, -29.230318828999899 ], [ -71.443751899999896, -29.230326518 ], [ -71.443712374, -29.2303198339999 ], [ -71.443671821, -29.230290758 ], [ -71.443584928999897, -29.230191286 ], [ -71.443521019999906, -29.23013471 ], [ -71.443490412999907, -29.230055788999898 ], [ -71.443487515999905, -29.230001423 ], [ -71.443507823999894, -29.229955813999901 ], [ -71.443574584, -29.229874154999901 ], [ -71.443590389999898, -29.229838241 ], [ -71.443598801, -29.229774268 ], [ -71.443593718, -29.2297035879999 ], [ -71.443609404, -29.22967348 ], [ -71.443642089, -29.229659519999899 ], [ -71.443754242, -29.229654958 ], [ -71.443823811999906, -29.229640286999899 ], [ -71.443898599, -29.2296007969999 ], [ -71.443939822999894, -29.229552704 ], [ -71.443950356999906, -29.229500935 ], [ -71.443935605, -29.2293331999999 ], [ -71.443961192, -29.229190009 ], [ -71.443963906, -29.2290796569999 ], [ -71.443948011, -29.2289625999999 ], [ -71.443918808, -29.228919945 ], [ -71.443802201, -29.228855618999901 ], [ -71.443751848, -29.228816406 ], [ -71.443430303, -29.228463029999901 ], [ -71.443374757, -29.228424522 ], [ -71.443312778999896, -29.228414213 ], [ -71.443255662999903, -29.22842001 ], [ -71.443175078, -29.228457265 ], [ -71.44309433, -29.228526495 ], [ -71.443012885, -29.228625033 ], [ -71.442976848999905, -29.228650763 ], [ -71.442766134, -29.228715918 ], [ -71.442538731, -29.228828608 ], [ -71.442493027, -29.228832505 ], [ -71.442453703999902, -29.22882341 ], [ -71.442274720999905, -29.228715224 ], [ -71.442226396, -29.228672743999901 ], [ -71.442167495, -29.228601714 ], [ -71.442142689, -29.2285579169999 ], [ -71.442131188, -29.228517532 ], [ -71.442138827, -29.228374193 ], [ -71.442123571, -29.228332284 ], [ -71.442092938, -29.228312409999901 ], [ -71.441997898999901, -29.228294979999902 ], [ -71.441955246, -29.228272567 ], [ -71.441887278, -29.228158073 ], [ -71.441864925999894, -29.228131221 ], [ -71.441819263, -29.228095528 ], [ -71.441732821, -29.228057033 ], [ -71.441637138, -29.228034265 ], [ -71.441543789, -29.228024565999899 ], [ -71.441396394, -29.228048037999901 ], [ -71.441351265, -29.228047504 ], [ -71.441290422999899, -29.228025519 ], [ -71.441190531, -29.227967933999899 ], [ -71.441145993, -29.227953424 ], [ -71.441053162999907, -29.227929308999901 ], [ -71.441016117999894, -29.227925034999899 ], [ -71.440969802, -29.227930860999901 ], [ -71.440811702, -29.2279493889999 ], [ -71.44068678, -29.2279493889999 ], [ -71.440475603, -29.2279404659999 ], [ -71.440276323, -29.227892876999899 ], [ -71.4400889409999, -29.227797699 ], [ -71.439946173, -29.227720366 ], [ -71.439756625, -29.227569596 ], [ -71.439659145999897, -29.227459845999899 ], [ -71.43958628, -29.227419959 ], [ -71.439449461, -29.22737237 ], [ -71.439324539, -29.227342626999899 ], [ -71.439193669, -29.227342626999899 ], [ -71.439028284, -29.2273675779999 ], [ -71.43898367, -29.2273893899999 ], [ -71.438902234999901, -29.22747542 ], [ -71.438883238999907, -29.227522988 ], [ -71.438917085, -29.2275632999999 ], [ -71.438968224999897, -29.227607470999899 ], [ -71.439117407, -29.227695479 ], [ -71.439166497, -29.2277476319999 ], [ -71.439193729, -29.227841904999899 ], [ -71.439198594999894, -29.227914418999902 ], [ -71.439183073, -29.227973065 ], [ -71.439138141999905, -29.228063548 ], [ -71.439122025999893, -29.228161113999899 ], [ -71.439073983, -29.228245807999901 ], [ -71.439025178, -29.228287451 ], [ -71.438979458999896, -29.228304813 ], [ -71.438873669, -29.228318029 ], [ -71.438633872, -29.228295121 ], [ -71.438594383999899, -29.228305184 ], [ -71.438568898, -29.228325759 ], [ -71.438538045, -29.228391551 ], [ -71.438530361999895, -29.228422284 ], [ -71.438531757, -29.22846738 ], [ -71.438581177999893, -29.228602243999902 ], [ -71.438585845, -29.228664287 ], [ -71.438569366, -29.228744274999901 ], [ -71.438499764, -29.228872366 ], [ -71.438450087, -29.228948762999899 ], [ -71.438378703, -29.228993378 ], [ -71.4381743389999, -29.2290383079999 ], [ -71.438031221999907, -29.229022282 ], [ -71.437730044, -29.228968049999899 ], [ -71.437677105, -29.228943308999899 ], [ -71.43751543, -29.228831114999899 ], [ -71.437359906, -29.228738052 ], [ -71.437180181, -29.22864722 ], [ -71.437067726, -29.228628132 ], [ -71.436867639, -29.228637297 ], [ -71.436819128, -29.228623856 ], [ -71.436772, -29.228587918 ], [ -71.43664576, -29.2284349349999 ], [ -71.436559416, -29.228342462999901 ], [ -71.436442084, -29.228238427999901 ], [ -71.436418913, -29.228193021 ], [ -71.436426685, -29.2281262999999 ], [ -71.436418792, -29.228063698 ], [ -71.436369278, -29.228015585 ], [ -71.436092351999903, -29.227936289999899 ], [ -71.435972551, -29.227929017999902 ], [ -71.435886145, -29.227934376999901 ], [ -71.435735334, -29.227989557999901 ], [ -71.435553974999905, -29.228016426 ], [ -71.435427258999894, -29.228067866999901 ], [ -71.435393302, -29.228107415999901 ], [ -71.435395956, -29.228219183 ], [ -71.435392519999894, -29.2282407 ], [ -71.435367675, -29.228292344 ], [ -71.435303908, -29.228377269 ], [ -71.435181588, -29.228497647 ], [ -71.435147297, -29.22855311 ], [ -71.435140995, -29.228607496999899 ], [ -71.435167553, -29.228650882999901 ], [ -71.435346852999899, -29.228791852 ], [ -71.43537844, -29.228829597 ], [ -71.435387670999901, -29.228868062999901 ], [ -71.435382792, -29.228929558999901 ], [ -71.435341466, -29.229066864999901 ], [ -71.435320805999893, -29.229102645999902 ], [ -71.43527269, -29.229146410999899 ], [ -71.435082874, -29.229234764 ], [ -71.434884467, -29.229357358999899 ], [ -71.434830844, -29.229376643 ], [ -71.434745006999904, -29.229390904 ], [ -71.434699158999905, -29.229389839 ], [ -71.434633372, -29.229370031 ], [ -71.434521522, -29.229280065 ], [ -71.434479978999903, -29.2292614959999 ], [ -71.434157295, -29.229159025999898 ], [ -71.434057664, -29.229138161 ], [ -71.4339914399999, -29.229151643 ], [ -71.433958930999907, -29.229169891 ], [ -71.433911490999904, -29.229210534999901 ], [ -71.433801425, -29.229326168999901 ], [ -71.433770282999902, -29.229368673 ], [ -71.433754823, -29.229417478 ], [ -71.433771201, -29.229524044 ], [ -71.433767250999907, -29.229567367 ], [ -71.433755058, -29.229594816 ], [ -71.433705418, -29.229636037 ], [ -71.433586289999894, -29.229692697 ], [ -71.433445973999895, -29.229723877 ], [ -71.433355128999906, -29.229720471 ], [ -71.433175336, -29.229679564 ], [ -71.43310704, -29.229670921 ], [ -71.433039043999898, -29.229674555 ], [ -71.432993294, -29.229688500999899 ], [ -71.432943598999898, -29.229729708 ], [ -71.432894808999905, -29.229859248 ], [ -71.432852785, -29.22990938 ], [ -71.432739394999899, -29.229974227 ], [ -71.432666812, -29.230039179999899 ], [ -71.432627685999904, -29.230063949999899 ], [ -71.432567212, -29.230077822999899 ], [ -71.432405751, -29.230073806 ], [ -71.432357343, -29.230089811 ], [ -71.4323102339999, -29.230132297999901 ], [ -71.432199059, -29.230292564 ], [ -71.432176259999906, -29.230314597 ], [ -71.432131692, -29.230333684999898 ], [ -71.431957381, -29.230362858 ], [ -71.431832721, -29.23037038 ], [ -71.431771026, -29.230365138 ], [ -71.431707302999897, -29.2303410499999 ], [ -71.43166446, -29.2303121899999 ], [ -71.431629694, -29.230270779 ], [ -71.431591829, -29.230181649 ], [ -71.431546916999906, -29.2300270439999 ], [ -71.431501851999897, -29.229951526 ], [ -71.431456690999894, -29.229927023 ], [ -71.431322226, -29.2298863789999 ], [ -71.431292422999903, -29.229869153 ], [ -71.431230448, -29.229814524999899 ], [ -71.4311665339999, -29.229775928 ], [ -71.431128657, -29.229767763 ], [ -71.431086225999906, -29.229770021 ], [ -71.43092286, -29.2298250609999 ], [ -71.430868716, -29.229862593 ], [ -71.430855529, -29.229898127999899 ], [ -71.430844753, -29.229998986999899 ], [ -71.430822100999904, -29.230040324 ], [ -71.430782592999904, -29.230071963999901 ], [ -71.430729529, -29.230094359 ], [ -71.430572648, -29.230102272 ], [ -71.430493821, -29.230136849 ], [ -71.430421294, -29.230158280999898 ], [ -71.430290747999905, -29.230169832999898 ], [ -71.430240873999907, -29.2301809739999 ], [ -71.430183542999899, -29.230214729999901 ], [ -71.430121415, -29.2302696799999 ], [ -71.429987073999897, -29.230421825999901 ], [ -71.42993231, -29.2304480459999 ], [ -71.429871372, -29.230449794 ], [ -71.429774147, -29.230439092 ], [ -71.429695481, -29.230448313 ], [ -71.429633461, -29.230475445 ], [ -71.429495513999896, -29.2305595139999 ], [ -71.429435377999894, -29.230579566 ], [ -71.429392602999897, -29.230583693 ], [ -71.429277207, -29.2305720529999 ], [ -71.429144070999897, -29.230574025 ], [ -71.429088328, -29.230558109999901 ], [ -71.428975996, -29.230508877 ], [ -71.428897455, -29.230492022 ], [ -71.428701492999906, -29.230499849999902 ], [ -71.428442457, -29.230482799 ], [ -71.428398306, -29.230485972999901 ], [ -71.428352558, -29.230499210999898 ], [ -71.428303974999906, -29.230541817999899 ], [ -71.428226249, -29.230691651 ], [ -71.428202880999905, -29.2307247429999 ], [ -71.428157204999906, -29.230769375 ], [ -71.428056769, -29.230835231999901 ], [ -71.427855633, -29.2309037479999 ], [ -71.427789194999903, -29.230948198 ], [ -71.427761395999894, -29.230989941 ], [ -71.427752431, -29.231020932 ], [ -71.427737571, -29.231216154 ], [ -71.427721538999904, -29.231267019 ], [ -71.427705312999905, -29.231292774999901 ], [ -71.427672244999897, -29.231327414 ], [ -71.427536728, -29.231396748999899 ], [ -71.427436472999901, -29.2314769729999 ], [ -71.427325858, -29.231592656 ], [ -71.427222641, -29.231740639999899 ], [ -71.427184893999893, -29.231762756 ], [ -71.427152741, -29.231756834999899 ], [ -71.427132187, -29.231740792 ], [ -71.42711697, -29.231715962 ], [ -71.427116382, -29.231693934 ], [ -71.427127473, -29.231662447 ], [ -71.427193301, -29.231552743 ], [ -71.427205764999897, -29.2315137749999 ], [ -71.427217043, -29.23144896 ], [ -71.427206166, -29.231379498 ], [ -71.427175448999904, -29.2313318829999 ], [ -71.427131838, -29.231297043 ], [ -71.427056988999894, -29.231264488 ], [ -71.427001995, -29.231249939 ], [ -71.426954167, -29.231244375 ], [ -71.426910704, -29.231249880999901 ], [ -71.426861695, -29.231283 ], [ -71.426830068999905, -29.231349407 ], [ -71.426813689, -29.231494423999901 ], [ -71.426805574, -29.231517163 ], [ -71.426783996, -29.231544056 ], [ -71.426692927, -29.231584944 ], [ -71.426578906, -29.231616861 ], [ -71.426446692999903, -29.231620764999899 ], [ -71.4263225669999, -29.231603793 ], [ -71.426231435, -29.231576262 ], [ -71.426095409, -29.2315041959999 ], [ -71.426011828, -29.231477389 ], [ -71.425919971, -29.231475485 ], [ -71.425777795, -29.231503597 ], [ -71.425732408, -29.2315047069999 ], [ -71.425687955999905, -29.231496057999902 ], [ -71.425548979, -29.231447395 ], [ -71.425511341999893, -29.231442245 ], [ -71.425476321, -29.231446959 ], [ -71.425412375999898, -29.231480098 ], [ -71.425313966, -29.231579525 ], [ -71.425108622, -29.231761763999899 ], [ -71.425013726, -29.2318245609999 ], [ -71.424927168, -29.231849681 ], [ -71.424793560999902, -29.231834181 ], [ -71.424749773, -29.231839282 ], [ -71.424723540999906, -29.231849966 ], [ -71.424712818, -29.2318900829999 ], [ -71.424725501, -29.23193745 ], [ -71.424723061999899, -29.2319824429999 ], [ -71.424700281999904, -29.2320096199999 ], [ -71.424658417, -29.232030629999901 ], [ -71.424609902, -29.232024101 ], [ -71.424569451, -29.231993756 ], [ -71.424478152999896, -29.231863188 ], [ -71.4244159039999, -29.231800023999899 ], [ -71.424332813, -29.231762370999899 ], [ -71.424293288999905, -29.231757821 ], [ -71.42424821, -29.231776735 ], [ -71.4241808, -29.231823864 ], [ -71.423935646, -29.231967817999902 ], [ -71.423796266999901, -29.232071737 ], [ -71.423749216, -29.2321147769999 ], [ -71.423710287999896, -29.232166803 ], [ -71.42366806, -29.232305362 ], [ -71.423646107, -29.2323416589999 ], [ -71.423606311, -29.2323780749999 ], [ -71.423440871, -29.232481368 ], [ -71.423301847999895, -29.232543968 ], [ -71.423179849999897, -29.232574219 ], [ -71.423049261999907, -29.232582567 ], [ -71.422944287999897, -29.232565313999899 ], [ -71.422809556999894, -29.232515957 ], [ -71.422713837999893, -29.2324934879999 ], [ -71.422643595, -29.23249205 ], [ -71.422564972, -29.232511111999901 ], [ -71.422539598999904, -29.232526746 ], [ -71.422509877, -29.232567758 ], [ -71.422465647, -29.232725205999898 ], [ -71.422427049, -29.232795286999899 ], [ -71.422379153999898, -29.232862533999899 ], [ -71.422316339, -29.232925167 ], [ -71.422163945, -29.233052638999901 ], [ -71.422064646, -29.233155091999901 ], [ -71.422001012, -29.233204089 ], [ -71.421909921999898, -29.233247672999902 ], [ -71.421710578, -29.233323245999902 ], [ -71.421453600999897, -29.233487091 ], [ -71.421377436999904, -29.2335232249999 ], [ -71.421278155, -29.233546539 ], [ -71.421101598, -29.2335552179999 ], [ -71.421045221, -29.233568189 ], [ -71.421006303, -29.233587714999899 ], [ -71.420919974999904, -29.233654986 ], [ -71.420852344, -29.233696435999899 ], [ -71.420688196, -29.2337595659999 ], [ -71.420546037, -29.233826012 ], [ -71.420457749, -29.233837692999899 ], [ -71.420327556, -29.2338301 ], [ -71.420294372999905, -29.233834252999898 ], [ -71.420258969, -29.233849909999901 ], [ -71.420167686999903, -29.233941079 ], [ -71.4200727959999, -29.234098643 ], [ -71.420017867999903, -29.234149817999899 ], [ -71.419791323, -29.234283483 ], [ -71.419556739, -29.2343668 ], [ -71.419471466999894, -29.234415086999899 ], [ -71.419162791, -29.23469153 ], [ -71.419070023, -29.234763175999898 ], [ -71.418934652, -29.234852455 ], [ -71.418654206, -29.2349968689999 ], [ -71.41831859, -29.235104363999898 ], [ -71.418196222999896, -29.235169081 ], [ -71.418080411999895, -29.2352657 ], [ -71.417797448, -29.235534468 ], [ -71.417672234, -29.2356794 ], [ -71.4175121009999, -29.235812919 ], [ -71.417421337, -29.235876785 ], [ -71.417360926, -29.235907202 ], [ -71.417174258, -29.23596792 ], [ -71.417063051, -29.2360171 ], [ -71.416981636999907, -29.23607125 ], [ -71.416864843, -29.2361781779999 ], [ -71.416817674, -29.236205158 ], [ -71.416742073, -29.236231303 ], [ -71.416458956, -29.236299680999899 ], [ -71.41635244, -29.236344398 ], [ -71.416299357999904, -29.236385706 ], [ -71.416192323, -29.236496819 ], [ -71.416022972999897, -29.2366234409999 ], [ -71.415684604, -29.2369042189999 ], [ -71.415628993, -29.236930607 ], [ -71.415568212, -29.236948162 ], [ -71.415327329, -29.236984229 ], [ -71.415231365999901, -29.237024727999898 ], [ -71.41514898, -29.237075886 ], [ -71.415008041, -29.237215573999901 ], [ -71.414880201999907, -29.237302269999901 ], [ -71.414704405, -29.237395364 ], [ -71.414506474999897, -29.237473012 ], [ -71.414397793, -29.237524183999898 ], [ -71.414243074999902, -29.2376125 ], [ -71.414137722, -29.2376900749999 ], [ -71.413952267999903, -29.237795379 ], [ -71.413798092, -29.237915261 ], [ -71.413746648, -29.23794027 ], [ -71.413588344999894, -29.2379887439999 ], [ -71.413380461, -29.2381135699999 ], [ -71.41325732, -29.238202913999899 ], [ -71.413217968, -29.23824216 ], [ -71.413143803, -29.2384044799999 ], [ -71.413072036, -29.2385130239999 ], [ -71.413026015999904, -29.2385687629999 ], [ -71.412978661, -29.23860232 ], [ -71.412935214999905, -29.238616839 ], [ -71.412731498, -29.238618684999899 ], [ -71.412671622999895, -29.238634057999899 ], [ -71.412630727, -29.2386569459999 ], [ -71.412586825999895, -29.238705293 ], [ -71.412510337999905, -29.238853825 ], [ -71.412465614, -29.238921527999899 ], [ -71.412425358, -29.238967794 ], [ -71.412307724999906, -29.239074924 ], [ -71.412190736999904, -29.239162727 ], [ -71.412028103999901, -29.239317228999901 ], [ -71.411954932999905, -29.2393693 ], [ -71.411902825, -29.239392826 ], [ -71.411815839, -29.2394188059999 ], [ -71.411740777, -29.239417917 ], [ -71.411719298, -29.239405883 ], [ -71.411693581999899, -29.239375749 ], [ -71.411646822, -29.239285300999899 ], [ -71.411586529, -29.2392295769999 ], [ -71.411498436, -29.239192074 ], [ -71.411452348999902, -29.239210342 ], [ -71.411430707, -29.239238014 ], [ -71.411404736, -29.239321418 ], [ -71.411378366999898, -29.239370420999901 ], [ -71.411277089999899, -29.239456702 ], [ -71.411143405, -29.239603171999899 ], [ -71.411004818, -29.2397194549999 ], [ -71.410952756, -29.239742597 ], [ -71.410867579999902, -29.239755363 ], [ -71.41081602, -29.239772748999901 ], [ -71.410769306, -29.239814329999898 ], [ -71.410696898, -29.239922997 ], [ -71.410650031, -29.239964793 ], [ -71.410600454, -29.239991704 ], [ -71.410522795, -29.240013717 ], [ -71.41032633, -29.240024677 ], [ -71.410234183999904, -29.240046607 ], [ -71.409808943, -29.240273816999899 ], [ -71.409654484, -29.2403667519999 ], [ -71.409543669999906, -29.240455346 ], [ -71.409356292, -29.240636412999901 ], [ -71.409160013, -29.240863847 ], [ -71.409051341, -29.2409514309999 ], [ -71.408914266999901, -29.241041369999898 ], [ -71.408881642, -29.241080710999899 ], [ -71.408805884999893, -29.241232566 ], [ -71.408763883999896, -29.241277398 ], [ -71.408710044, -29.241303181 ], [ -71.408664845, -29.241311948 ], [ -71.408362560999905, -29.241325232999898 ], [ -71.408301730999895, -29.2413393329999 ], [ -71.408271107, -29.241354094 ], [ -71.408144538, -29.241471566 ], [ -71.407876739999907, -29.241700078 ], [ -71.407667457999906, -29.241824149 ], [ -71.407571197, -29.241899266 ], [ -71.407430050999906, -29.242061619 ], [ -71.407336954, -29.242194083999902 ], [ -71.407286451999894, -29.242234487 ], [ -71.407225446, -29.242260584999901 ], [ -71.407074887, -29.242303311999901 ], [ -71.406769956999895, -29.2424227929999 ], [ -71.406728633999904, -29.2424315 ], [ -71.406586230999906, -29.2424357159999 ], [ -71.406539905, -29.242451135 ], [ -71.406358108999896, -29.242537442 ], [ -71.406237946, -29.242577914 ], [ -71.406138572, -29.24259998 ], [ -71.406075275, -29.2426042129999 ], [ -71.406001107999899, -29.242594220999901 ], [ -71.405804783999898, -29.242525053 ], [ -71.405732644999901, -29.242506302 ], [ -71.405663935, -29.242504756999899 ], [ -71.405593224, -29.242524295 ], [ -71.40554446, -29.242564476 ], [ -71.405530582, -29.242594762 ], [ -71.405523543, -29.242659865999901 ], [ -71.40553685, -29.242779503 ], [ -71.405533084, -29.242843142 ], [ -71.405514233, -29.242897679999899 ], [ -71.405444943, -29.243024211 ], [ -71.405385916999904, -29.243199763 ], [ -71.405360766999905, -29.243250846 ], [ -71.405328475, -29.243295216 ], [ -71.405281512, -29.243338238 ], [ -71.405224936, -29.243374455 ], [ -71.405144663, -29.243402986 ], [ -71.404889937, -29.2434366439999 ], [ -71.404755735, -29.243482108 ], [ -71.404691747999905, -29.243487509 ], [ -71.404573445, -29.243480712 ], [ -71.404495254, -29.243501154999901 ], [ -71.404412755, -29.243551951 ], [ -71.404320532, -29.243638115 ], [ -71.404196263, -29.243829651999899 ], [ -71.404156697, -29.2438805899999 ], [ -71.404108561, -29.243922617 ], [ -71.404017289, -29.243967014 ], [ -71.403927640999896, -29.243988569 ], [ -71.403815978, -29.2439905099999 ], [ -71.403710035999893, -29.243956082999901 ], [ -71.403626754, -29.243908494 ], [ -71.403555371, -29.243828187 ], [ -71.403522653, -29.243735983 ], [ -71.40351373, -29.243625933 ], [ -71.403522653, -29.243483164999901 ], [ -71.403552396, -29.243382037999901 ], [ -71.403573217, -29.243266038999899 ], [ -71.403573217, -29.243147065999899 ], [ -71.403546448, -29.2430816309999 ], [ -71.403495883999895, -29.2430399909999 ], [ -71.403400706, -29.243013221999899 ], [ -71.40327281, -29.2430072729999 ], [ -71.403192503, -29.243034042 ], [ -71.403088400999906, -29.243102451 ], [ -71.402945633999906, -29.243251168 ], [ -71.402808815, -29.243346346 ], [ -71.402660098, -29.24341773 ], [ -71.402555997, -29.243435576 ], [ -71.402451895999903, -29.243420704 ], [ -71.402326973999905, -29.243373114999901 ], [ -71.402216924, -29.243364191999898 ], [ -71.402115797, -29.243402858 ], [ -71.402059285, -29.2434563959999 ], [ -71.401987901, -29.243581317999901 ], [ -71.401851082, -29.243834136 ], [ -71.401731248, -29.244055241 ], [ -71.401673535, -29.244190070999899 ], [ -71.401617304999903, -29.244285724999902 ], [ -71.401554629, -29.244371553999901 ], [ -71.4014198039999, -29.244443873 ], [ -71.401271088, -29.244479564999899 ], [ -71.401045946, -29.244456124 ], [ -71.401001798, -29.244441692999899 ], [ -71.400953799, -29.244436083 ], [ -71.400890714999903, -29.24444814 ], [ -71.400863570999903, -29.244462325 ], [ -71.40075296, -29.244521205 ], [ -71.400641126, -29.244540241 ], [ -71.400553085999903, -29.244542619999901 ], [ -71.400431732999905, -29.244525963999902 ], [ -71.400329416, -29.244487892999899 ], [ -71.400238997, -29.244471236 ], [ -71.400096229, -29.2444664769999 ], [ -71.399934426, -29.244459338999899 ], [ -71.399798797, -29.244471236 ], [ -71.399715515, -29.244523585 ], [ -71.399677444, -29.2445806919999 ], [ -71.399648891, -29.244666352 ], [ -71.399620337, -29.244830534999899 ], [ -71.399594163, -29.244930472 ], [ -71.399529916999896, -29.245066102 ], [ -71.399408565, -29.245282632999899 ], [ -71.399329321, -29.245374856999899 ], [ -71.399199245, -29.245435702 ], [ -71.399147848, -29.245452358 ], [ -71.398929475, -29.245481033 ], [ -71.398878028999903, -29.245496841 ], [ -71.398797615, -29.245539659 ], [ -71.398757955, -29.245586901 ], [ -71.398743203, -29.245627999 ], [ -71.398739717, -29.245666566999901 ], [ -71.398745849, -29.245715794 ], [ -71.398790784, -29.245797664999898 ], [ -71.398888332, -29.245906697999899 ], [ -71.398900738, -29.245946642 ], [ -71.398884542, -29.245981443999899 ], [ -71.398848041, -29.246002115 ], [ -71.398808825999893, -29.246007114 ], [ -71.398669713999894, -29.246000922999901 ], [ -71.398474581, -29.246009635 ], [ -71.398421159999899, -29.246031054 ], [ -71.398398506, -29.246053703 ], [ -71.398382346999895, -29.246079455 ], [ -71.398370975, -29.246134040999902 ], [ -71.398375067, -29.246180097 ], [ -71.398399673, -29.2462254759999 ], [ -71.398454274999906, -29.2462654899999 ], [ -71.398567434, -29.246311781 ], [ -71.398607349, -29.246336963 ], [ -71.398659505, -29.24640099 ], [ -71.398683491, -29.246492224 ], [ -71.398684278, -29.246537686 ], [ -71.398667425, -29.24666666 ], [ -71.398693057999907, -29.246838173 ], [ -71.398721816, -29.24689677 ], [ -71.398793591999905, -29.246961067 ], [ -71.398836050999904, -29.247011417 ], [ -71.398845268999906, -29.247030136 ], [ -71.398849608, -29.247071903999899 ], [ -71.398832211, -29.247115549999901 ], [ -71.398792189999895, -29.2471446559999 ], [ -71.398752418, -29.247160161 ], [ -71.398705860999897, -29.247168169 ], [ -71.398622624, -29.247169076 ], [ -71.398585407, -29.247182213 ], [ -71.398536624, -29.247227433 ], [ -71.398475582999893, -29.24730095 ], [ -71.398448112, -29.247313038 ], [ -71.398382958, -29.2473156729999 ], [ -71.398256241, -29.2472879749999 ], [ -71.398210299, -29.247287458 ], [ -71.398157775999906, -29.247299504 ], [ -71.398023453999897, -29.247361933 ], [ -71.397979811, -29.247367959 ], [ -71.397955404, -29.247364047 ], [ -71.39791266, -29.247347974 ], [ -71.397848548999903, -29.247311173 ], [ -71.3977190049999, -29.247178408 ], [ -71.39757975, -29.247089817 ], [ -71.397562939999901, -29.247074168 ], [ -71.397548276999899, -29.247032767 ], [ -71.397563361, -29.2470142019999 ], [ -71.39759302, -29.246999426999899 ], [ -71.397714069999907, -29.246973233999899 ], [ -71.397846888999894, -29.246920636 ], [ -71.398038847, -29.24686195 ], [ -71.398081601999905, -29.246818693 ], [ -71.398092226999907, -29.246783175 ], [ -71.398088076, -29.246734809 ], [ -71.398066375, -29.24669714 ], [ -71.398027344999903, -29.246669129999901 ], [ -71.397803312, -29.2466534439999 ], [ -71.397623831, -29.246608922999901 ], [ -71.39752823, -29.246597044999898 ], [ -71.397416042, -29.246600116 ], [ -71.397332601999906, -29.246611785 ], [ -71.397264019, -29.246628530999899 ], [ -71.397200494999893, -29.246658732 ], [ -71.397139996, -29.246714654999899 ], [ -71.397049787999904, -29.246866941 ], [ -71.397007656, -29.246913696 ], [ -71.396863544, -29.247040717999901 ], [ -71.396822672, -29.247092041 ], [ -71.396794993999904, -29.24714819 ], [ -71.396788914, -29.247190224 ], [ -71.396795713999893, -29.247240033 ], [ -71.396862233, -29.2474057219999 ], [ -71.396858277, -29.247440744999899 ], [ -71.396784323, -29.247571616999899 ], [ -71.396777416, -29.247614192 ], [ -71.396783324999902, -29.247662265 ], [ -71.396815196, -29.24772347 ], [ -71.396857027, -29.247760926 ], [ -71.396943495, -29.247820773999901 ], [ -71.397012675, -29.247889442 ], [ -71.397053243999906, -29.247952077 ], [ -71.397078055, -29.248030997999901 ], [ -71.397074588, -29.248073519999899 ], [ -71.397065568, -29.248095024 ], [ -71.397024240999897, -29.248146907 ], [ -71.396905289, -29.248243638 ], [ -71.396856067, -29.248274425 ], [ -71.396676349, -29.248337266 ], [ -71.396607344, -29.248330127 ], [ -71.396538339999907, -29.248315851 ], [ -71.396488371, -29.248287296999901 ], [ -71.396445540999906, -29.248246846 ], [ -71.396412123999895, -29.248169042 ], [ -71.396402989, -29.248113406999899 ], [ -71.396356516, -29.248058741 ], [ -71.396299071, -29.248020932 ], [ -71.396226630999905, -29.247956551999899 ], [ -71.396179041, -29.247899445 ], [ -71.39613084, -29.247739098 ], [ -71.396112686, -29.247711513 ], [ -71.396086856999901, -29.247689392 ], [ -71.395954033999899, -29.247614389 ], [ -71.395912325, -29.247597798 ], [ -71.395864490999898, -29.247593943 ], [ -71.395822258, -29.247603601 ], [ -71.395657007999901, -29.247676727999899 ], [ -71.395578025, -29.247697284 ], [ -71.395486311999903, -29.247693636999902 ], [ -71.395371527999899, -29.247651726999901 ], [ -71.395302295, -29.247642312 ], [ -71.395094222, -29.24767415 ], [ -71.395011871999898, -29.247697172 ], [ -71.394950471999906, -29.247740608 ], [ -71.394846147, -29.247862832 ], [ -71.394832698, -29.24789885 ], [ -71.394796728999907, -29.248065369 ], [ -71.394793286, -29.248109153 ], [ -71.394805691, -29.248159985 ], [ -71.394964386, -29.248394622 ], [ -71.395055904999893, -29.248425396 ], [ -71.395283895, -29.248462219 ], [ -71.395368042, -29.248492150999901 ], [ -71.39541607, -29.24853246 ], [ -71.395436843, -29.248586678 ], [ -71.395439543999899, -29.248633395 ], [ -71.395424888, -29.248695202 ], [ -71.395399067, -29.248746426 ], [ -71.395326634999904, -29.248837293 ], [ -71.395248577, -29.248891410999899 ], [ -71.395124457999898, -29.248947175999898 ], [ -71.3950369, -29.248955926 ], [ -71.394977414, -29.248951166 ], [ -71.394925066, -29.248927372 ], [ -71.394871244999905, -29.248865617 ], [ -71.394865228999905, -29.248795351999899 ], [ -71.394878346, -29.248708474 ], [ -71.394925047, -29.248618759 ], [ -71.394926321, -29.248561977999898 ], [ -71.394914176, -29.248543255 ], [ -71.394874345999895, -29.248512503 ], [ -71.394749256999901, -29.248480263 ], [ -71.394693613999905, -29.248453142 ], [ -71.394572401999895, -29.248351371 ], [ -71.394553302, -29.248345505 ], [ -71.394511931, -29.248355983 ], [ -71.394349585, -29.248441617 ], [ -71.394151776999905, -29.248518664999899 ], [ -71.394107652999907, -29.248543938 ], [ -71.394071149, -29.248573212999901 ], [ -71.394032167, -29.248619729 ], [ -71.393953428, -29.24876933 ], [ -71.393930474999905, -29.2487924439999 ], [ -71.3938815, -29.248811104 ], [ -71.39366115, -29.248825783 ], [ -71.393611882999906, -29.2488133109999 ], [ -71.393583739999897, -29.248789991 ], [ -71.393567564, -29.248765293 ], [ -71.393528414999906, -29.248654173 ], [ -71.393495103, -29.248613424 ], [ -71.393476668999895, -29.248599711999901 ], [ -71.393433665, -29.248589834 ], [ -71.393374694, -29.248600747999902 ], [ -71.393298525, -29.248640893999902 ], [ -71.393266932999893, -29.248672574 ], [ -71.393240291, -29.248727615 ], [ -71.393210092999894, -29.248841320999901 ], [ -71.393173732, -29.248941719 ], [ -71.393127927, -29.249011595 ], [ -71.393074106, -29.249062664999901 ], [ -71.392998066, -29.249119215999901 ], [ -71.3929358, -29.249149815 ], [ -71.392621837, -29.24924098 ], [ -71.392571524999894, -29.249281241999899 ], [ -71.39248979, -29.249379616999899 ], [ -71.392444031, -29.249411081999899 ], [ -71.392389903, -29.249428495 ], [ -71.392261724, -29.249447137999901 ], [ -71.392149517, -29.249491446 ], [ -71.392064428, -29.249499898 ], [ -71.391989383, -29.249480042 ], [ -71.39188128, -29.249403625 ], [ -71.391825173, -29.2493874369999 ], [ -71.391760513999898, -29.249387289 ], [ -71.391706352, -29.2494085619999 ], [ -71.391627984, -29.249484722 ], [ -71.391587294, -29.24951292 ], [ -71.39144977, -29.249580728999899 ], [ -71.391401112, -29.249612864 ], [ -71.391356399, -29.249658134 ], [ -71.391324739, -29.249705429 ], [ -71.391311981999905, -29.249733111 ], [ -71.391305299, -29.24978662 ], [ -71.391309714, -29.24982771 ], [ -71.391337065999906, -29.24991657 ], [ -71.391404939, -29.25006609 ], [ -71.391411693, -29.250090687 ], [ -71.391408584, -29.250134138 ], [ -71.391317815, -29.2502805089999 ], [ -71.391268883999899, -29.250321368 ], [ -71.391217949, -29.2503310509999 ], [ -71.391085593, -29.250325045 ], [ -71.391040233999902, -29.250304452 ], [ -71.390998267, -29.250274443 ], [ -71.390957974999907, -29.250260646 ], [ -71.390909872, -29.2502564659999 ], [ -71.39085406, -29.250269204999899 ], [ -71.390770228, -29.250319397999899 ], [ -71.390721675, -29.250328978 ], [ -71.390676486, -29.2503280019999 ], [ -71.390637291, -29.250318219 ], [ -71.390597312, -29.250290881 ], [ -71.390502296, -29.250185147 ], [ -71.39046122, -29.2501643639999 ], [ -71.390433721, -29.250161262999899 ], [ -71.390401622, -29.2501750939999 ], [ -71.39036877, -29.250211672 ], [ -71.390318614, -29.250315734 ], [ -71.390298796, -29.250341465 ], [ -71.390266793, -29.250359656999901 ], [ -71.390095750999905, -29.250410255 ], [ -71.390042445999896, -29.25044804 ], [ -71.389908484, -29.250627339999902 ], [ -71.389843213999896, -29.250679897999898 ], [ -71.389820950999905, -29.250689470999902 ], [ -71.389775677, -29.250692915999899 ], [ -71.389665607, -29.250653883 ], [ -71.38961661, -29.250646538999899 ], [ -71.389599275, -29.2506491359999 ], [ -71.389560637, -29.250673106 ], [ -71.389472686, -29.250778254999901 ], [ -71.389382639, -29.250867768 ], [ -71.389274387999905, -29.250941573 ], [ -71.389193835, -29.251011402 ], [ -71.38908587, -29.251088319 ], [ -71.389008302, -29.251169097999899 ], [ -71.389002746, -29.251182577 ], [ -71.389005983999894, -29.251221858 ], [ -71.389032204, -29.251236074 ], [ -71.389084152, -29.251246423999898 ], [ -71.389267404, -29.25125123 ], [ -71.389352263, -29.251268414 ], [ -71.389375942, -29.251283725 ], [ -71.389396093, -29.251311366 ], [ -71.389408306999897, -29.251360368999901 ], [ -71.389403591, -29.251428003999902 ], [ -71.389378512, -29.2514797649999 ], [ -71.389348525999907, -29.251507843 ], [ -71.389238281, -29.251579874 ], [ -71.389198861999901, -29.2516312129999 ], [ -71.389146384999904, -29.251722823 ], [ -71.389112785, -29.251759229999902 ], [ -71.389081277999907, -29.251779633999899 ], [ -71.389000359, -29.251797114999899 ], [ -71.38888266, -29.2517911969999 ], [ -71.388786575, -29.251770598 ], [ -71.388672798, -29.251733354999899 ], [ -71.38857674, -29.251722347999898 ], [ -71.388383938999894, -29.251737631 ], [ -71.388180403, -29.251737105 ], [ -71.388087371, -29.251762239 ], [ -71.388028620999904, -29.2518124969999 ], [ -71.387930361, -29.251982991 ], [ -71.387889534, -29.252033361 ], [ -71.387833802, -29.25207024 ], [ -71.387737578, -29.252111993 ], [ -71.387672589, -29.252126857999901 ], [ -71.387527223999896, -29.252141407 ], [ -71.387473510999897, -29.2521600319999 ], [ -71.387420347, -29.252196336999901 ], [ -71.387326838, -29.252281486999902 ], [ -71.387272168, -29.252346164999899 ], [ -71.387211911999898, -29.252437159 ], [ -71.387187476999898, -29.252454751999899 ], [ -71.387168743, -29.252464180999901 ], [ -71.387124329, -29.252465849 ], [ -71.386991289, -29.252420555999901 ], [ -71.386944733, -29.252417856 ], [ -71.386902386, -29.252427186 ], [ -71.38676184, -29.252501469 ], [ -71.386583656, -29.252619621 ], [ -71.386516585, -29.252643543 ], [ -71.386396952, -29.252669517999902 ], [ -71.386311506, -29.252708243 ], [ -71.386249553, -29.25275525 ], [ -71.386156954999905, -29.252844953 ], [ -71.386117187, -29.252891695999899 ], [ -71.386048981, -29.253019669 ], [ -71.386012719, -29.253067337999902 ], [ -71.385883494, -29.253181308 ], [ -71.385816838, -29.253249704 ], [ -71.385446584, -29.253422602999901 ], [ -71.385303824999895, -29.253507274999901 ], [ -71.385124983, -29.253554844 ], [ -71.384967135999901, -29.253614888 ], [ -71.384821434999907, -29.253708429 ], [ -71.384690264, -29.253765644999898 ], [ -71.384551195, -29.253843878999898 ], [ -71.384507341999907, -29.253877697999901 ], [ -71.384419212, -29.253969738 ], [ -71.384329748, -29.254038227 ], [ -71.384287129, -29.254062314 ], [ -71.384217112, -29.254082448 ], [ -71.384054856, -29.25410318 ], [ -71.383917315, -29.2541455369999 ], [ -71.383857313, -29.2541750839999 ], [ -71.383652481999903, -29.254303708999899 ], [ -71.383601899, -29.254326531999901 ], [ -71.383448675, -29.25437549 ], [ -71.383416387, -29.254407278 ], [ -71.383383852, -29.254466217999902 ], [ -71.383340125, -29.254493066 ], [ -71.383279164, -29.254501886999901 ], [ -71.383163888, -29.254502358 ], [ -71.383109906999906, -29.254520334999899 ], [ -71.383071016, -29.25455921 ], [ -71.383049728999893, -29.254602532 ], [ -71.383004354, -29.254761039 ], [ -71.382978470999902, -29.2548268319999 ], [ -71.382942103999895, -29.254881043999902 ], [ -71.38289123, -29.254919083999901 ], [ -71.382837832999897, -29.254927454 ], [ -71.382715935, -29.2549130089999 ], [ -71.382670645, -29.254914504999899 ], [ -71.382487872999903, -29.254954186 ], [ -71.382435458, -29.254976285999899 ], [ -71.382392765, -29.255007007 ], [ -71.3823224879999, -29.255096368 ], [ -71.382262308999898, -29.255135412 ], [ -71.382183843999897, -29.255154304 ], [ -71.381990566999903, -29.2551747209999 ], [ -71.381816454, -29.2552393029999 ], [ -71.381773016, -29.255274167 ], [ -71.381725367999906, -29.2553306259999 ], [ -71.381624637, -29.255410304999899 ], [ -71.381605462, -29.255434508 ], [ -71.381540008999906, -29.255597237 ], [ -71.381452345, -29.255780426999898 ], [ -71.381401030999896, -29.255841484 ], [ -71.381360765999901, -29.255866442 ], [ -71.381270598999905, -29.255900790999899 ], [ -71.381179158, -29.2559552549999 ], [ -71.381041077, -29.256021612 ], [ -71.380957883, -29.256039611999899 ], [ -71.380818454999897, -29.25604362 ], [ -71.3807864, -29.256055972 ], [ -71.380771373999906, -29.256070506 ], [ -71.380732649, -29.256187284 ], [ -71.380669431999905, -29.256272554 ], [ -71.380663646999906, -29.256317859 ], [ -71.380677804, -29.256358048 ], [ -71.3807258369999, -29.256387118 ], [ -71.380776609999899, -29.256398095 ], [ -71.3808207659999, -29.256391589 ], [ -71.380910243999907, -29.256348806999899 ], [ -71.380955313, -29.256344817999899 ], [ -71.38099597, -29.256354765 ], [ -71.381132405, -29.256461347 ], [ -71.381180055999906, -29.256482009 ], [ -71.381255258, -29.256490383 ], [ -71.381488708999896, -29.256463287 ], [ -71.381539113, -29.256473006 ], [ -71.381583444999904, -29.256494001 ], [ -71.381602701, -29.256560485 ], [ -71.381600023, -29.256672002999899 ], [ -71.381587166, -29.256726362999899 ], [ -71.381563493, -29.2567663039999 ], [ -71.381562951, -29.256810188 ], [ -71.381600513, -29.25685406 ], [ -71.381674497999896, -29.256913481 ], [ -71.381696037, -29.256943717999899 ], [ -71.381795019, -29.257123861 ], [ -71.381811467, -29.257166651 ], [ -71.381803686, -29.257253374999902 ], [ -71.381744824999899, -29.257397722 ], [ -71.3817444109999, -29.257442141 ], [ -71.381777799, -29.257486017 ], [ -71.381809105999906, -29.257505981999898 ], [ -71.381944058, -29.257568123999899 ], [ -71.382028405, -29.257590208 ], [ -71.382099705, -29.257597646 ], [ -71.382166030999898, -29.257594433 ], [ -71.382230748, -29.257574151 ], [ -71.382271369, -29.257543857 ], [ -71.382292225999905, -29.2575173389999 ], [ -71.382373512999905, -29.257327808 ], [ -71.382415723999898, -29.25728551 ], [ -71.382483546999893, -29.257259871 ], [ -71.382578786, -29.257251159 ], [ -71.382668872, -29.2572549459999 ], [ -71.382707179, -29.257262102 ], [ -71.382748493999898, -29.257286119 ], [ -71.382766972999903, -29.257305061 ], [ -71.382774552999905, -29.257325696999899 ], [ -71.382790041, -29.257444716 ], [ -71.382806268, -29.257496558 ], [ -71.382842227, -29.25755745 ], [ -71.382861393, -29.257577131999899 ], [ -71.382887288999896, -29.257595087 ], [ -71.382912343, -29.257600247 ], [ -71.38295031, -29.25758946 ], [ -71.382975063999893, -29.257571614 ], [ -71.382991315, -29.257546466999901 ], [ -71.383001643999904, -29.257508515 ], [ -71.383003071, -29.2574409549999 ], [ -71.383011573, -29.257398246 ], [ -71.383033637, -29.257361142 ], [ -71.383056336, -29.257339048999899 ], [ -71.383109787, -29.257316720999899 ], [ -71.383211538999902, -29.2573018319999 ], [ -71.38326509, -29.2573059489999 ], [ -71.383319900999894, -29.257331528 ], [ -71.383343453999899, -29.257350382 ], [ -71.383364902, -29.257395732 ], [ -71.383410421, -29.257531308 ], [ -71.383475313, -29.257664453 ], [ -71.3834785, -29.257702380999898 ], [ -71.383464241, -29.257758669999902 ], [ -71.383350536, -29.2579320299999 ], [ -71.383310294, -29.258068385999898 ], [ -71.383288063, -29.258109486 ], [ -71.383228894999903, -29.258142335999899 ], [ -71.383078817, -29.258165254999899 ], [ -71.383042723999907, -29.2581781499999 ], [ -71.38300586, -29.258206995 ], [ -71.382931541999895, -29.258339001 ], [ -71.382887188, -29.258385142 ], [ -71.382843136, -29.258410273 ], [ -71.382801899999905, -29.258420836 ], [ -71.382732598, -29.258412044 ], [ -71.382678117999902, -29.258387609 ], [ -71.382657964, -29.258370974999899 ], [ -71.382632919999907, -29.258339565 ], [ -71.382616863, -29.258296303999899 ], [ -71.382626946, -29.258201137 ], [ -71.382647489, -29.258142709 ], [ -71.382685709, -29.258094071999899 ], [ -71.382722244, -29.258067729999901 ], [ -71.382762629, -29.258020379999898 ], [ -71.382768482, -29.2579757889999 ], [ -71.382758138, -29.257935125 ], [ -71.382752548, -29.2579284719999 ], [ -71.382713549, -29.257922559 ], [ -71.382670687, -29.257941893 ], [ -71.382597604999901, -29.258004468 ], [ -71.382509302999907, -29.258054742 ], [ -71.38237421, -29.258099966 ], [ -71.382169672, -29.258116717999901 ], [ -71.382051147, -29.258175353999899 ], [ -71.381938245999905, -29.258203508 ], [ -71.381894734999904, -29.258221041999899 ], [ -71.381769775, -29.258302087999901 ], [ -71.381711184, -29.258307298 ], [ -71.381671446, -29.258297797 ], [ -71.381595836, -29.258262508 ], [ -71.381515876, -29.258204552999899 ], [ -71.381347801999894, -29.258061123999902 ], [ -71.381141742999901, -29.257852754999899 ], [ -71.381103888, -29.257802884999901 ], [ -71.381076252999904, -29.257740770999899 ], [ -71.381072403, -29.257714486999902 ], [ -71.381078978999895, -29.257670484999899 ], [ -71.381089658, -29.257655004 ], [ -71.381160582999897, -29.257604812 ], [ -71.381180394999902, -29.257579499 ], [ -71.381188455, -29.257548001 ], [ -71.381174602, -29.257485968 ], [ -71.381151777999904, -29.257443339 ], [ -71.381110936, -29.257394163 ], [ -71.381056529, -29.2573527979999 ], [ -71.380999469999907, -29.2573338679999 ], [ -71.380932737, -29.257336716999902 ], [ -71.38089812, -29.257353012 ], [ -71.380814603, -29.25743883 ], [ -71.3807892519999, -29.257454282 ], [ -71.380609432, -29.257501816999898 ], [ -71.380543746999905, -29.257528717 ], [ -71.380493672999904, -29.257568405 ], [ -71.380477265, -29.257596566 ], [ -71.380469847, -29.257637377 ], [ -71.380478618, -29.257688059 ], [ -71.380508505, -29.257755964999902 ], [ -71.380568403, -29.257844245999902 ], [ -71.380817306, -29.258085912999899 ], [ -71.38082888, -29.2581326449999 ], [ -71.380803092999898, -29.258233505 ], [ -71.380804354, -29.258280554999899 ], [ -71.380817448999906, -29.258311795999902 ], [ -71.380868237, -29.258386135 ], [ -71.380895031, -29.258460821 ], [ -71.380892272, -29.2585238029999 ], [ -71.380871659, -29.2585793649999 ], [ -71.380843123, -29.258613922999899 ], [ -71.380778362999905, -29.258653530999901 ], [ -71.380640770999904, -29.258694992 ], [ -71.380594539, -29.258703023 ], [ -71.380547390999894, -29.258700143999899 ], [ -71.380474404, -29.2586744 ], [ -71.380425091999896, -29.2586664039999 ], [ -71.380365809999901, -29.258679725 ], [ -71.380318269, -29.258700011 ], [ -71.380259361999904, -29.258733352 ], [ -71.3802110889999, -29.258771871 ], [ -71.380192312, -29.258804265 ], [ -71.380166135, -29.258882116999899 ], [ -71.380140380999904, -29.2589062609999 ], [ -71.380100626999905, -29.2589216 ], [ -71.380037112, -29.25891891 ], [ -71.379840494, -29.258849644 ], [ -71.379717926, -29.258824311 ], [ -71.379638959, -29.258833523 ], [ -71.379515172, -29.258877151 ], [ -71.37937348, -29.258902177 ], [ -71.379321889, -29.258920778999901 ], [ -71.379319322, -29.258957546 ], [ -71.379328529, -29.258974878999901 ], [ -71.379481262, -29.259032262999899 ], [ -71.379587417, -29.259101764 ], [ -71.379623981999899, -29.259150221 ], [ -71.379633283, -29.259200346999901 ], [ -71.379588256, -29.259406167 ], [ -71.379583152999899, -29.259470254999901 ], [ -71.379587643, -29.259517899999899 ], [ -71.379602131999903, -29.259569379 ], [ -71.379639036, -29.259636859999901 ], [ -71.379753374, -29.259742966 ], [ -71.379778325, -29.259784011 ], [ -71.379781012, -29.259831036 ], [ -71.379749418999893, -29.259915274 ], [ -71.379677793, -29.260010480999899 ], [ -71.379502078, -29.260137148999899 ], [ -71.379444626, -29.260189107 ], [ -71.379412347, -29.2602384909999 ], [ -71.379394046, -29.260322043 ], [ -71.379376582, -29.2603606069999 ], [ -71.379363602999902, -29.26036521 ], [ -71.379328772999898, -29.260354624999898 ], [ -71.379238566, -29.260276811 ], [ -71.379164094, -29.260244741 ], [ -71.379099793, -29.260243531 ], [ -71.379040156, -29.26026379 ], [ -71.378971151, -29.260310729 ], [ -71.378926733999904, -29.260360474 ], [ -71.378808181999901, -29.26054792 ], [ -71.378692004, -29.260678371 ], [ -71.378612599999897, -29.2607208209999 ], [ -71.378422594, -29.260780118 ], [ -71.378372821, -29.260810098 ], [ -71.378290224999901, -29.260882045 ], [ -71.378244936, -29.260884742 ], [ -71.378127016, -29.260830319 ], [ -71.377991102, -29.260785663 ], [ -71.377972853, -29.260774343 ], [ -71.377977138999896, -29.260728903 ], [ -71.378002604999907, -29.260663641 ], [ -71.378043042999906, -29.260503187 ], [ -71.378072205, -29.260420666999899 ], [ -71.378251586, -29.260058197 ], [ -71.378350565999895, -29.2598879079999 ], [ -71.378393278, -29.259838096 ], [ -71.378473663, -29.259766026 ], [ -71.378517524, -29.2596921539999 ], [ -71.378536768999894, -29.2596004379999 ], [ -71.378535515, -29.25953141 ], [ -71.378519346, -29.259480074 ], [ -71.378504093999894, -29.2594639389999 ], [ -71.378477018, -29.2594503679999 ], [ -71.378432758, -29.25945905 ], [ -71.37838035, -29.259509508999901 ], [ -71.378313771, -29.25962484 ], [ -71.378291318, -29.259646559 ], [ -71.378244386999896, -29.2596647149999 ], [ -71.37820206, -29.259657134 ], [ -71.378183725, -29.259646271999902 ], [ -71.378112208999895, -29.259582891 ], [ -71.378097679999897, -29.259558575 ], [ -71.378086815999893, -29.259512551999901 ], [ -71.378095961, -29.259469722999899 ], [ -71.378112405, -29.2594440079999 ], [ -71.378177837, -29.259376433999901 ], [ -71.378193223, -29.259336635 ], [ -71.378189716, -29.259225676 ], [ -71.378168291999899, -29.259121313 ], [ -71.378117281, -29.259017457 ], [ -71.377985711, -29.258837996 ], [ -71.377915684999905, -29.258701808999898 ], [ -71.37788882, -29.258675454 ], [ -71.377844641, -29.258650281 ], [ -71.377752611999895, -29.258633861 ], [ -71.377644776, -29.258644101999899 ], [ -71.377569885, -29.258673108 ], [ -71.377528055, -29.258702924 ], [ -71.37750814, -29.258726523999901 ], [ -71.377467541, -29.258794496999901 ], [ -71.377453531999905, -29.258855879 ], [ -71.377456891, -29.2589261759999 ], [ -71.377488996, -29.259055931 ], [ -71.377501762999898, -29.259150544 ], [ -71.377495439, -29.259260234 ], [ -71.377471213, -29.259335849 ], [ -71.377441005, -29.259371268999899 ], [ -71.377410928, -29.259393307 ], [ -71.377251454, -29.2594635899999 ], [ -71.377193943999899, -29.259497408 ], [ -71.377034405, -29.259638813 ], [ -71.3769860579999, -29.259672031 ], [ -71.376946459, -29.259687546 ], [ -71.376886024, -29.2596887609999 ], [ -71.376806614, -29.259652027 ], [ -71.376670665999896, -29.259556243 ], [ -71.376631991999901, -29.259547711 ], [ -71.376541389, -29.259550673 ], [ -71.376417811, -29.259571207 ], [ -71.376312831999897, -29.259604678 ], [ -71.376265250999893, -29.259647734999898 ], [ -71.376194305, -29.2597367619999 ], [ -71.376091684, -29.259833902 ], [ -71.376028818, -29.259874866 ], [ -71.375915351999893, -29.259925141999901 ], [ -71.375841588999904, -29.259948445 ], [ -71.37577549, -29.259956530999901 ], [ -71.375586713, -29.259934223 ], [ -71.375518117, -29.259934251999901 ], [ -71.375457841999904, -29.259951424 ], [ -71.375389852999902, -29.259991213 ], [ -71.375315875, -29.260050105999898 ], [ -71.375140748, -29.260218924999901 ], [ -71.374994408, -29.260326463 ], [ -71.374957074, -29.260366903 ], [ -71.374898338, -29.260460547 ], [ -71.374860483, -29.260507194 ], [ -71.374794951, -29.260563912999899 ], [ -71.374688686, -29.260639400999899 ], [ -71.374671529999901, -29.260663658999899 ], [ -71.374662637, -29.260704295 ], [ -71.374681866999893, -29.260774249 ], [ -71.374721824999895, -29.2608498869999 ], [ -71.374726678999906, -29.260869638 ], [ -71.374718743, -29.260910649 ], [ -71.374638276, -29.260959767 ], [ -71.374601481999903, -29.260990776 ], [ -71.374525132, -29.2611083799999 ], [ -71.374482913999898, -29.26115306 ], [ -71.374427501, -29.261186508 ], [ -71.374373283999901, -29.261203435 ], [ -71.374161584, -29.26123239 ], [ -71.374021372999906, -29.261267668999899 ], [ -71.373984929999907, -29.261284649999901 ], [ -71.373959393999897, -29.261306475 ], [ -71.373952867999904, -29.261341473999899 ], [ -71.373971470999905, -29.261441748 ], [ -71.373959527, -29.2615256089999 ], [ -71.373965079, -29.2615851149999 ], [ -71.374061888, -29.261675574 ], [ -71.374080845, -29.261717776999902 ], [ -71.374080769, -29.261764180999901 ], [ -71.374049597, -29.261844045 ], [ -71.374046227, -29.2619033309999 ], [ -71.374070480999904, -29.261949134 ], [ -71.374188267, -29.262065584 ], [ -71.374205003, -29.262095722 ], [ -71.374222610999894, -29.262152962 ], [ -71.374229225, -29.262266317 ], [ -71.374219578, -29.262376032 ], [ -71.374199488, -29.262451552 ], [ -71.374175229999906, -29.262512629 ], [ -71.374156405, -29.262540263999899 ], [ -71.374129631999907, -29.262559372999899 ], [ -71.374052859999907, -29.262583479999901 ], [ -71.373966877, -29.262620859 ], [ -71.373856673, -29.262692042 ], [ -71.373624235, -29.262814211 ], [ -71.373359643, -29.262915499 ], [ -71.373204664, -29.263015321 ], [ -71.37313427, -29.263049582 ], [ -71.373032386, -29.263080803 ], [ -71.373006239999896, -29.263101509 ], [ -71.372998512, -29.263119604999901 ], [ -71.373013433, -29.2631601799999 ], [ -71.373109837, -29.263226494 ], [ -71.373138506, -29.263277167999899 ], [ -71.373148005, -29.2633468669999 ], [ -71.373120082, -29.2634725949999 ], [ -71.373118404, -29.263516307 ], [ -71.373147237, -29.2636127879999 ], [ -71.373195027, -29.263693287 ], [ -71.373259109999907, -29.263751328999899 ], [ -71.373324842, -29.263785179 ], [ -71.373376639999904, -29.263800116 ], [ -71.373468537, -29.263806749 ], [ -71.373594066, -29.263786938 ], [ -71.373653036999897, -29.2637883969999 ], [ -71.373707152999899, -29.2638381689999 ], [ -71.373746002, -29.263927688 ], [ -71.373808068, -29.264038484 ], [ -71.37383163, -29.2641343509999 ], [ -71.373842915, -29.264283695 ], [ -71.373824059, -29.264365873 ], [ -71.3737497, -29.264464518 ], [ -71.37373616, -29.264503013 ], [ -71.37373637, -29.264561374 ], [ -71.373770726, -29.264650377 ], [ -71.373780822, -29.26469958 ], [ -71.373773974999906, -29.264922285999901 ], [ -71.37376635, -29.264943980999899 ], [ -71.373745783999894, -29.264966828 ], [ -71.373534166999903, -29.264977737 ], [ -71.373367649, -29.265002056 ], [ -71.373298354, -29.2650041969999 ], [ -71.373060578, -29.264971282 ], [ -71.372903245, -29.264977573 ], [ -71.372605012, -29.2649607449999 ], [ -71.372258004999907, -29.2649155679999 ], [ -71.372186913, -29.264895957 ], [ -71.372119507, -29.264867051 ], [ -71.371852185, -29.264712357 ], [ -71.371715856, -29.264625335999899 ], [ -71.371595468, -29.264517564999899 ], [ -71.371518492999897, -29.264466664999901 ], [ -71.371382345, -29.2644227239999 ], [ -71.370974805999893, -29.264362185 ], [ -71.370906530999903, -29.264363639 ], [ -71.370849689999901, -29.264373656 ], [ -71.370722338999897, -29.264422703 ], [ -71.370524426, -29.2645846889999 ], [ -71.370503608, -29.264611242999901 ], [ -71.370487624, -29.264653009 ], [ -71.370480007, -29.264785494 ], [ -71.370466087999901, -29.264847236 ], [ -71.370448551, -29.264878976 ], [ -71.370410276, -29.264905236999901 ], [ -71.370364894, -29.264902182 ], [ -71.370273881999907, -29.264871507 ], [ -71.370234424, -29.264866093 ], [ -71.370106141, -29.264881123999899 ], [ -71.370045860999895, -29.264876546 ], [ -71.369898018, -29.264817435999898 ], [ -71.3698438, -29.264783827 ], [ -71.369776029, -29.264727826999898 ], [ -71.369711181, -29.264694017 ], [ -71.369643709999906, -29.26467429 ], [ -71.369550681, -29.264667732 ], [ -71.369471582, -29.264691676 ], [ -71.369450399, -29.264723827 ], [ -71.369445779, -29.264743248999899 ], [ -71.369483348, -29.264872195 ], [ -71.369457144, -29.264915245999902 ], [ -71.36941139, -29.26492834 ], [ -71.369246814999897, -29.264921338 ], [ -71.369188248999905, -29.264931556 ], [ -71.369135453, -29.264955052999898 ], [ -71.368976285, -29.265061794 ], [ -71.368921171, -29.2650786469999 ], [ -71.36882486, -29.265094964 ], [ -71.368785344999907, -29.26512005 ], [ -71.368765313, -29.265166869 ], [ -71.368761488, -29.265255407 ], [ -71.368771062999897, -29.265328353 ], [ -71.368807031999907, -29.265458405999901 ], [ -71.368811291, -29.26550514 ], [ -71.368795335, -29.265561293 ], [ -71.368740848, -29.265618237 ], [ -71.368697381999894, -29.265641084 ], [ -71.368534827, -29.265701695 ], [ -71.368493445999903, -29.265730278 ], [ -71.368441285, -29.265790812 ], [ -71.368409667, -29.265808353 ], [ -71.368366471999906, -29.265810737 ], [ -71.368244660999906, -29.265795248 ], [ -71.368201112, -29.2657995399999 ], [ -71.368160276, -29.26581383 ], [ -71.368127915999906, -29.265837046999899 ], [ -71.368056871, -29.2659133 ], [ -71.368021305, -29.265938478 ], [ -71.367976612999897, -29.265956246 ], [ -71.367662729999907, -29.265985928 ], [ -71.367499955, -29.266019798999899 ], [ -71.367406381, -29.266059546 ], [ -71.367366365999899, -29.266090405999901 ], [ -71.367336403, -29.266126772 ], [ -71.367292441, -29.266231508 ], [ -71.367286218999894, -29.266299581999899 ], [ -71.367316339999903, -29.266402019999902 ], [ -71.367316799, -29.266448289 ], [ -71.367310410999906, -29.266466635 ], [ -71.367297622, -29.26649413 ], [ -71.367254509, -29.266541495999899 ], [ -71.367175459999899, -29.266594843999901 ], [ -71.367115272, -29.266601335 ], [ -71.366986589, -29.266567542 ], [ -71.366643834999905, -29.266515040999899 ], [ -71.366580219, -29.266522875 ], [ -71.366534133999906, -29.266541876 ], [ -71.366498688, -29.266583246 ], [ -71.366483736, -29.266623287 ], [ -71.366489279999897, -29.266675881 ], [ -71.366539665999895, -29.266736227 ], [ -71.36669434, -29.2668545239999 ], [ -71.36675617, -29.266928618 ], [ -71.366790236, -29.267019865 ], [ -71.366818889999905, -29.267189847999902 ], [ -71.366839022, -29.267263618 ], [ -71.366866825, -29.2673078 ], [ -71.366970215, -29.267393011 ], [ -71.366985449, -29.267412909 ], [ -71.367002401, -29.267461833 ], [ -71.367020187, -29.267580235 ], [ -71.367075513, -29.267711769999899 ], [ -71.367116505, -29.267848252 ], [ -71.367170646, -29.2679801899999 ], [ -71.367164611, -29.268028563 ], [ -71.367095717, -29.268049603 ], [ -71.366979962999906, -29.268044113 ], [ -71.366923454999906, -29.268025107 ], [ -71.36684631, -29.2679665809999 ], [ -71.366828679, -29.267938043 ], [ -71.366813069, -29.267888258 ], [ -71.366812839, -29.267843226 ], [ -71.366830804999907, -29.267713871999899 ], [ -71.36682338, -29.267643103999902 ], [ -71.366733371999899, -29.267444395 ], [ -71.36669151, -29.267398117 ], [ -71.36665119, -29.267382615 ], [ -71.36660821, -29.267377974999899 ], [ -71.366561452, -29.267385358 ], [ -71.366484903999904, -29.2674120299999 ], [ -71.366438162999899, -29.267410995 ], [ -71.366397435, -29.267395039999901 ], [ -71.366240531, -29.267261485999899 ], [ -71.366172923, -29.2672158519999 ], [ -71.366119549, -29.267213633 ], [ -71.366056497, -29.267233661 ], [ -71.366028889999896, -29.267253223999901 ], [ -71.366020509999899, -29.267287112 ], [ -71.366037613999893, -29.26735188 ], [ -71.36607709, -29.267442189 ], [ -71.366124853, -29.267514546 ], [ -71.3662421719999, -29.267621514 ], [ -71.366285686, -29.267670661999901 ], [ -71.366308765, -29.267712147999902 ], [ -71.366321696999904, -29.267774674999899 ], [ -71.366326165, -29.267845997999899 ], [ -71.366316809, -29.267905243 ], [ -71.366238059999901, -29.268027864 ], [ -71.366226309, -29.268068363999902 ], [ -71.366229028, -29.268113378 ], [ -71.366259445, -29.268242864999898 ], [ -71.366262785999893, -29.26829757 ], [ -71.366255071999902, -29.268348158 ], [ -71.366229561, -29.2684001699999 ], [ -71.366197660999902, -29.2684122799999 ], [ -71.366095958999907, -29.268395755 ], [ -71.36603208, -29.268395880999901 ], [ -71.365931418999907, -29.268420714999898 ], [ -71.365899247, -29.268444337999899 ], [ -71.365874578, -29.268476737 ], [ -71.36582376, -29.268626142999899 ], [ -71.365769923999906, -29.268660441 ], [ -71.365718737999899, -29.268663107999899 ], [ -71.365677998, -29.268651132999899 ], [ -71.365615605, -29.268608587 ], [ -71.365576161, -29.2685647559999 ], [ -71.365539789, -29.26850783 ], [ -71.365523465, -29.268435687 ], [ -71.365565085999904, -29.268276032 ], [ -71.365569186999906, -29.268233364 ], [ -71.365563650999903, -29.2681848789999 ], [ -71.365541853, -29.268138504 ], [ -71.365522869, -29.2681180659999 ], [ -71.365451844999896, -29.268074410999901 ], [ -71.365386519, -29.268053715999901 ], [ -71.365313108, -29.2680414239999 ], [ -71.365268078, -29.2680409939999 ], [ -71.365204782, -29.268052396 ], [ -71.365091295, -29.268096129999901 ], [ -71.364928048, -29.268130947 ], [ -71.3648533369999, -29.2681538319999 ], [ -71.364768265999899, -29.268200744999898 ], [ -71.364724791999905, -29.268246399 ], [ -71.36470902, -29.268275189999901 ], [ -71.364702493, -29.2683166059999 ], [ -71.364710176, -29.2683457269999 ], [ -71.364740931, -29.268395249 ], [ -71.364822342, -29.268455224 ], [ -71.365034236, -29.26856373 ], [ -71.36506854, -29.268613079 ], [ -71.365141361, -29.2687617089999 ], [ -71.365316887999896, -29.268950049999901 ], [ -71.365337887, -29.268995485999898 ], [ -71.365349981999898, -29.269048385 ], [ -71.365347202999899, -29.269136295 ], [ -71.365322092, -29.269205749 ], [ -71.365283183, -29.2692559669999 ], [ -71.365256344, -29.269277056 ], [ -71.365229832999901, -29.269291853 ], [ -71.365194040999896, -29.269294945999899 ], [ -71.365119945999894, -29.269275191 ], [ -71.365003857, -29.269209053999901 ], [ -71.364912944, -29.269127085 ], [ -71.364868303, -29.269101852999899 ], [ -71.364728616, -29.269084350999901 ], [ -71.364685420999905, -29.2690695319999 ], [ -71.364596108999905, -29.269014743 ], [ -71.364552179, -29.268998517999901 ], [ -71.364324901, -29.268929925 ], [ -71.36410089, -29.268881634 ], [ -71.363875665, -29.2687910769999 ], [ -71.363810961999903, -29.26877791 ], [ -71.363766743, -29.268780239 ], [ -71.363727086, -29.268796266 ], [ -71.363687929, -29.268832055 ], [ -71.363649102999901, -29.268883344 ], [ -71.363626067, -29.268950991999901 ], [ -71.36361715, -29.269081796 ], [ -71.363599238999896, -29.269115059999901 ], [ -71.363558799, -29.269131128 ], [ -71.363449497, -29.269135675 ], [ -71.363295094, -29.269100699 ], [ -71.363248929999898, -29.26909728 ], [ -71.363205224, -29.269103452 ], [ -71.363151009, -29.269121563999899 ], [ -71.362992258, -29.2692147019999 ], [ -71.362938927999906, -29.269254055 ], [ -71.362860888999904, -29.269334448999899 ], [ -71.362754998, -29.269476509999901 ], [ -71.362708502, -29.269509104999901 ], [ -71.362653979999905, -29.269525519999899 ], [ -71.362523208, -29.269535862999899 ], [ -71.362438754, -29.269552943999901 ], [ -71.362296445, -29.269603659 ], [ -71.362209451999902, -29.269651299 ], [ -71.362163398999897, -29.269695635999899 ], [ -71.36212763, -29.269753680999901 ], [ -71.362008843999902, -29.270034999 ], [ -71.361950766999897, -29.270142787999902 ], [ -71.361903949, -29.270277059 ], [ -71.361865213, -29.2703243079999 ], [ -71.361826363, -29.270350085 ], [ -71.361764643999905, -29.270368463 ], [ -71.361671986, -29.270359507 ], [ -71.361590023, -29.270328447999901 ], [ -71.361398631, -29.270225158 ], [ -71.361352474999904, -29.270212791999899 ], [ -71.361306452, -29.270210925999901 ], [ -71.361215700999907, -29.270234896 ], [ -71.361007459999897, -29.270324489 ], [ -71.360857693999904, -29.270398729 ], [ -71.360702220999897, -29.2704459139999 ], [ -71.360644448, -29.270471384 ], [ -71.360387847, -29.270672265 ], [ -71.360157194, -29.270753504 ], [ -71.359951533999904, -29.270863192 ], [ -71.359880098, -29.270928007999899 ], [ -71.359803184, -29.271047892 ], [ -71.359770394, -29.271087042 ], [ -71.359603984, -29.271235811999901 ], [ -71.35946884, -29.271370482999899 ], [ -71.359278436, -29.271517334999899 ], [ -71.359011328999898, -29.271707805999899 ], [ -71.358958884999893, -29.2717299719999 ], [ -71.358827107, -29.271766317 ], [ -71.358732652999905, -29.271816143 ], [ -71.358689639, -29.271853608999901 ], [ -71.358649778, -29.271904205999899 ], [ -71.358552664999905, -29.2720876069999 ], [ -71.358512605, -29.272148027999901 ], [ -71.35845919, -29.272208994 ], [ -71.358356016, -29.272285949 ], [ -71.358174754999894, -29.272375042 ], [ -71.358080345, -29.272442134999899 ], [ -71.358005713999901, -29.272519896999899 ], [ -71.357963016, -29.272610635 ], [ -71.357942600999905, -29.272638873999899 ], [ -71.357751197, -29.272795254 ], [ -71.357678643, -29.272824284 ], [ -71.35755062, -29.272838142 ], [ -71.357510186, -29.2728503559999 ], [ -71.357476101, -29.272868829999901 ], [ -71.357383701999893, -29.272950172 ], [ -71.35720789, -29.273074989999898 ], [ -71.357113972, -29.273117402 ], [ -71.356967402, -29.273154532 ], [ -71.356931762, -29.2731721809999 ], [ -71.356914646999897, -29.273186138 ], [ -71.356897773999904, -29.2732186379999 ], [ -71.356855128999896, -29.273339721 ], [ -71.356835594999893, -29.2733759609999 ], [ -71.356748143999894, -29.273482811999902 ], [ -71.356695978999895, -29.273525934 ], [ -71.356625672, -29.273562089999899 ], [ -71.356410905, -29.273624019 ], [ -71.35634413, -29.273654265999902 ], [ -71.356294816999906, -29.273694108 ], [ -71.35621714, -29.273796627 ], [ -71.356169732999902, -29.27383936 ], [ -71.355855253, -29.274020402 ], [ -71.355821068999902, -29.274061953999901 ], [ -71.355775848999897, -29.274151662 ], [ -71.355741388, -29.274199868 ], [ -71.355674082, -29.274289745 ], [ -71.355627224, -29.274333439 ], [ -71.3555402759999, -29.274381107999901 ], [ -71.355492496, -29.2743984909999 ], [ -71.35540846, -29.2744156279999 ], [ -71.355261782999904, -29.2744221469999 ], [ -71.355162278, -29.2744571449999 ], [ -71.355056976999904, -29.274477464 ], [ -71.355000796, -29.27449762 ], [ -71.354975456, -29.274516197 ], [ -71.354929806, -29.274584435 ], [ -71.354888186, -29.274627806 ], [ -71.354720959, -29.274690243 ], [ -71.35467131, -29.274728641 ], [ -71.354638377, -29.274785947999899 ], [ -71.354622021999901, -29.274877429999901 ], [ -71.354539356, -29.275000448 ], [ -71.354497311, -29.275093603999899 ], [ -71.354458367999896, -29.275146585999899 ], [ -71.354361759, -29.2752311909999 ], [ -71.354280321, -29.275266943 ], [ -71.354090432, -29.2752771789999 ], [ -71.354011053, -29.2753157729999 ], [ -71.353946425999894, -29.2753737469999 ], [ -71.353870087, -29.275459645 ], [ -71.353733019999893, -29.275557163 ], [ -71.353696576999894, -29.275602763999899 ], [ -71.353660687999906, -29.275683941 ], [ -71.353631887999896, -29.2757176809999 ], [ -71.353607046, -29.275735853999901 ], [ -71.35353802, -29.275762459 ], [ -71.353484378, -29.275792809999899 ], [ -71.353422839, -29.275868328999898 ], [ -71.353378718, -29.2758984449999 ], [ -71.353290688999905, -29.2759132579999 ], [ -71.353241117, -29.275931839 ], [ -71.353070720999895, -29.276044892 ], [ -71.352972463999905, -29.276093366999898 ], [ -71.35289754, -29.276104576 ], [ -71.352760476, -29.276101556 ], [ -71.352686698999904, -29.276125382 ], [ -71.352655461, -29.276157586999901 ], [ -71.352638845999905, -29.276207848 ], [ -71.352638339, -29.276275364999901 ], [ -71.352653851999904, -29.276370653999901 ], [ -71.352644368, -29.276410262 ], [ -71.352498789, -29.276521648 ], [ -71.352354066, -29.276691915 ], [ -71.352295636999898, -29.276745932 ], [ -71.352146430999895, -29.27686073 ], [ -71.352004945, -29.277016823999901 ], [ -71.351952562, -29.277103554 ], [ -71.351831808, -29.277336259 ], [ -71.351755541, -29.2775802909999 ], [ -71.351554366999906, -29.277872419999898 ], [ -71.351512751, -29.277986235999901 ], [ -71.351486128, -29.278031688999899 ], [ -71.351441054, -29.278060828 ], [ -71.351400434, -29.278070371999899 ], [ -71.351256997, -29.2780453139999 ], [ -71.351196848, -29.278060801 ], [ -71.351038309, -29.278169308 ], [ -71.350944377, -29.278242887 ], [ -71.350803513, -29.278311415 ], [ -71.350639805999904, -29.278353293999899 ], [ -71.350406378999907, -29.278416314 ], [ -71.350253381999906, -29.278477026 ], [ -71.350150589, -29.278501772 ], [ -71.3499964, -29.278526519 ], [ -71.349819346999894, -29.278519501999899 ], [ -71.349794556999896, -29.278521445 ], [ -71.349745361, -29.278543548 ], [ -71.349720955999899, -29.278563706999901 ], [ -71.349661165, -29.2786608669999 ], [ -71.349450975, -29.2789245939999 ], [ -71.349444005999899, -29.278977023 ], [ -71.349460775, -29.278995274 ], [ -71.349501484, -29.279024642 ], [ -71.349596049999903, -29.2790537549999 ], [ -71.349767971999896, -29.279072842999899 ], [ -71.349857439999894, -29.279072842999899 ], [ -71.349946906999904, -29.279091878 ], [ -71.350005918, -29.279124238999898 ], [ -71.350040182, -29.279166118 ], [ -71.350078795999906, -29.279240059 ], [ -71.350093801, -29.279303512999899 ], [ -71.350091896, -29.279387832999902 ], [ -71.350061054, -29.279447333999901 ], [ -71.349962261, -29.279573827 ], [ -71.349931991999895, -29.279630080999901 ], [ -71.349911057, -29.279690444 ], [ -71.349906198, -29.279745693999899 ], [ -71.349921458, -29.279894821 ], [ -71.349910716999901, -29.279973712999901 ], [ -71.349886192, -29.2800581989999 ], [ -71.349854899, -29.280096688 ], [ -71.349813524999902, -29.280113667 ], [ -71.3497690949999, -29.280116639 ], [ -71.349630287, -29.280106261999901 ], [ -71.349566502, -29.280119065 ], [ -71.34950417, -29.280149294999902 ], [ -71.349410888, -29.280211827999899 ], [ -71.349327833, -29.280240896 ], [ -71.349269648, -29.280243803 ], [ -71.349148723, -29.280232049999899 ], [ -71.349062203999907, -29.280244399 ], [ -71.349002169999906, -29.2802786029999 ], [ -71.348972144999905, -29.280324708 ], [ -71.348954358, -29.280379876 ], [ -71.348957356, -29.2804184939999 ], [ -71.349009488, -29.280463655999899 ], [ -71.349033914999893, -29.280506921 ], [ -71.349048123, -29.280599639999899 ], [ -71.34906497, -29.280643418999901 ], [ -71.34909183, -29.2806869519999 ], [ -71.349140198, -29.280725321 ], [ -71.349183433, -29.280741776 ], [ -71.349279142999904, -29.280759664 ], [ -71.349327208, -29.2807908149999 ], [ -71.349430116999898, -29.2809139569999 ], [ -71.349444859999906, -29.280961443 ], [ -71.34943344, -29.281002628 ], [ -71.349409941, -29.281022348 ], [ -71.349365096, -29.281025534 ], [ -71.349321882, -29.281010520999899 ], [ -71.349231411999895, -29.280950855999901 ], [ -71.34918579, -29.280930949 ], [ -71.349136276, -29.280921249 ], [ -71.349093148999899, -29.280924731 ], [ -71.349052918, -29.28093884 ], [ -71.348953307, -29.280997344 ], [ -71.348833270999904, -29.2810537619999 ], [ -71.348697436999899, -29.281097869 ], [ -71.348603079, -29.281140244 ], [ -71.348533002, -29.281160063999899 ], [ -71.348325586, -29.281192034 ], [ -71.348215877, -29.281228891999898 ], [ -71.348170653999901, -29.281251652 ], [ -71.348155159, -29.281268995999898 ], [ -71.348157603999894, -29.281284066 ], [ -71.348284578999895, -29.281478544 ], [ -71.34836861, -29.281633009 ], [ -71.348470917, -29.281689957 ], [ -71.348487164999895, -29.281720138 ], [ -71.348481041999904, -29.281766236 ], [ -71.348463519999896, -29.281785151 ], [ -71.34841769, -29.281812722 ], [ -71.348305879, -29.281833477 ], [ -71.348241739999906, -29.281860555 ], [ -71.348118061, -29.281961221 ], [ -71.3480645019999, -29.281985807 ], [ -71.347997928, -29.281979818 ], [ -71.347853465, -29.281920962999902 ], [ -71.347790703, -29.281927833999902 ], [ -71.347703243, -29.281984502999901 ], [ -71.347563142999903, -29.2821031789999 ], [ -71.347470684, -29.282142302 ], [ -71.347317887, -29.282175389 ], [ -71.347248078999897, -29.282218832999899 ], [ -71.347169359, -29.282441481 ], [ -71.347165205, -29.282529261 ], [ -71.347180645, -29.282581536999899 ], [ -71.347199675, -29.282613618 ], [ -71.347340388, -29.282777893999899 ], [ -71.347348519, -29.2828011779999 ], [ -71.347367745, -29.28307781 ], [ -71.347349707, -29.28313315 ], [ -71.347324053, -29.28316781 ], [ -71.347241443, -29.283247645 ], [ -71.347185969999899, -29.283347346 ], [ -71.347154018, -29.283386445 ], [ -71.347071217, -29.283438165 ], [ -71.346977315999894, -29.283457567 ], [ -71.346886662, -29.283444072999899 ], [ -71.346756942, -29.2833791209999 ], [ -71.346710593, -29.283371793999901 ], [ -71.346666712999905, -29.283377022 ], [ -71.346550421, -29.283412336 ], [ -71.346386021999905, -29.283440055 ], [ -71.346027917, -29.283445521 ], [ -71.345584867999904, -29.283528057999899 ], [ -71.345496373999893, -29.283562736 ], [ -71.345439923, -29.28360944 ], [ -71.345406956, -29.283672641 ], [ -71.345400899, -29.2837043759999 ], [ -71.345403169999898, -29.28376537 ], [ -71.345426962, -29.283843342999901 ], [ -71.345508751, -29.283973811 ], [ -71.345513083999904, -29.284020519 ], [ -71.345494867999903, -29.284070475 ], [ -71.345440267, -29.284149484 ], [ -71.345393314, -29.284235109999901 ], [ -71.345385752, -29.284297065 ], [ -71.345397406, -29.284338160999901 ], [ -71.345446428999907, -29.284386685999898 ], [ -71.345533512, -29.2843972279999 ], [ -71.345631558, -29.284374208 ], [ -71.345760893, -29.284309650999901 ], [ -71.345809131, -29.28429341 ], [ -71.345884427, -29.284285524 ], [ -71.345933743, -29.28429109 ], [ -71.345942809, -29.284292738 ], [ -71.345972777, -29.284335794999901 ], [ -71.346003091999904, -29.284445635999901 ], [ -71.346004284999907, -29.284515279999901 ], [ -71.345990932999896, -29.28456741 ], [ -71.345908389, -29.284710441 ], [ -71.345661483999905, -29.284959248 ], [ -71.345605546999906, -29.284991788 ], [ -71.345561722999904, -29.284993918999898 ], [ -71.345511093, -29.284970474 ], [ -71.345434134999905, -29.284913275 ], [ -71.345405074, -29.284900526999898 ], [ -71.345378986999904, -29.2848999079999 ], [ -71.345359518999899, -29.284905436 ], [ -71.34531191, -29.284943854999899 ], [ -71.345166504, -29.285094446999899 ], [ -71.345040374999897, -29.285167803 ], [ -71.344954753, -29.285195635 ], [ -71.344901604, -29.285204452 ], [ -71.344788445999896, -29.2852073399999 ], [ -71.344682515, -29.285219374999901 ], [ -71.344614428999904, -29.285216853 ], [ -71.344236165, -29.285184264 ], [ -71.344092105, -29.285156371 ], [ -71.343948446999903, -29.285099874 ], [ -71.343779409, -29.2850096559999 ], [ -71.343645049, -29.284924271 ], [ -71.343394394, -29.284806924 ], [ -71.343331436, -29.284784981 ], [ -71.343212437, -29.284758624999899 ], [ -71.343074376999894, -29.284753295 ], [ -71.342990992, -29.284765077 ], [ -71.34278892, -29.284812035 ], [ -71.3426971, -29.284828763 ], [ -71.342502526, -29.284855885 ], [ -71.342275524999906, -29.284871589 ], [ -71.342144554, -29.284899485 ], [ -71.342075145, -29.2849299109999 ], [ -71.342029964999895, -29.284970099 ], [ -71.341994273, -29.28501864 ], [ -71.341918606, -29.285088594999898 ], [ -71.341815813, -29.285157125 ], [ -71.341725869999905, -29.285192816999899 ], [ -71.341563396, -29.285223814999899 ], [ -71.341392675999899, -29.2852184569999 ], [ -71.341163186, -29.285192201 ], [ -71.341117653, -29.285202629 ], [ -71.341080362, -29.285231200999899 ], [ -71.341041301, -29.285297179999901 ], [ -71.34098891, -29.285421938 ], [ -71.34094372, -29.285495932999901 ], [ -71.340894862, -29.285552585999898 ], [ -71.34074516, -29.285691024999899 ], [ -71.340704676, -29.285737918999899 ], [ -71.340690297, -29.2857785469999 ], [ -71.340683864, -29.285886731999899 ], [ -71.340672279, -29.285945738999899 ], [ -71.340588618, -29.286135083 ], [ -71.340555044, -29.286273329 ], [ -71.340535304999904, -29.286319198999902 ], [ -71.340491963, -29.28634557 ], [ -71.340394301999893, -29.286368153999899 ], [ -71.340334683, -29.286391297 ], [ -71.340260445999903, -29.286450015 ], [ -71.340229241, -29.286496292 ], [ -71.340190409999906, -29.286588297 ], [ -71.340149417, -29.286654997 ], [ -71.340142257, -29.286695798 ], [ -71.340142536, -29.286832355999898 ], [ -71.340134460999906, -29.286866099 ], [ -71.340104449, -29.286904536 ], [ -71.340043956, -29.286941710999901 ], [ -71.339947707, -29.286969720999899 ], [ -71.339900391999905, -29.286966280999899 ], [ -71.339822244999894, -29.286943952999898 ], [ -71.339761998, -29.286946816 ], [ -71.339544125, -29.287017834 ], [ -71.339447886, -29.287035149 ], [ -71.339440756, -29.287043631 ], [ -71.339432754, -29.287062104 ], [ -71.339434307, -29.287088126999901 ], [ -71.339449676999905, -29.287130773999898 ], [ -71.339505104999901, -29.287194703999901 ], [ -71.339619162, -29.287264746999899 ], [ -71.339637126999904, -29.287282561 ], [ -71.339664941, -29.287338806 ], [ -71.339695551, -29.287442868 ], [ -71.339706120999907, -29.2875159069999 ], [ -71.339689984999893, -29.287622121 ], [ -71.33968277, -29.287768234999898 ], [ -71.339675553999896, -29.287799368 ], [ -71.339655912, -29.287828358 ], [ -71.339638496, -29.287842892 ], [ -71.339596242, -29.287845795 ], [ -71.339481707999894, -29.287806611999901 ], [ -71.339416878999899, -29.287801749 ], [ -71.339134213, -29.287860620999901 ], [ -71.339052099, -29.287867214999899 ], [ -71.339017617, -29.287854189 ], [ -71.338959206, -29.287806826 ], [ -71.338921393, -29.287798403 ], [ -71.338868714999904, -29.287806759 ], [ -71.338816112, -29.287857659999901 ], [ -71.338812823999902, -29.287903112 ], [ -71.338856004, -29.288016173 ], [ -71.33886748, -29.288068218 ], [ -71.338862296999906, -29.288153717999901 ], [ -71.338837296999898, -29.288254379 ], [ -71.338808044, -29.288328631 ], [ -71.338689366, -29.288483491 ], [ -71.338645781, -29.288578229999899 ], [ -71.338645427, -29.288633545 ], [ -71.33872088, -29.28875421 ], [ -71.338734788, -29.288800025999901 ], [ -71.338711826, -29.288866519 ], [ -71.3386322919999, -29.288965437999899 ], [ -71.338615666, -29.288997945999899 ], [ -71.338590578, -29.289099317 ], [ -71.338590828, -29.289162206 ], [ -71.338611273, -29.289208835 ], [ -71.338643328, -29.28924854 ], [ -71.338781799999893, -29.289372953999901 ], [ -71.338829114, -29.2894487199999 ], [ -71.338839107, -29.289490123 ], [ -71.338836252, -29.289537235999902 ], [ -71.338816264999906, -29.2895743559999 ], [ -71.338787711, -29.289597199 ], [ -71.338737742, -29.289612903 ], [ -71.33862525, -29.289627360999901 ], [ -71.338569101, -29.289621191 ], [ -71.338460991, -29.289580701 ], [ -71.338373656, -29.289558262 ], [ -71.3383325, -29.289532775999898 ], [ -71.338240274, -29.289401166999902 ], [ -71.33823033, -29.289371022999902 ], [ -71.338220862999904, -29.289274749 ], [ -71.33821174, -29.289249379 ], [ -71.338172732, -29.28920447 ], [ -71.338102873, -29.289162037 ], [ -71.338038393, -29.289141447 ], [ -71.337993506, -29.289143328 ], [ -71.337972913, -29.289151664 ], [ -71.337949147, -29.289182803 ], [ -71.337937306, -29.289221627 ], [ -71.337939681, -29.289267654 ], [ -71.337999941, -29.289412753 ], [ -71.337998243999905, -29.289476118 ], [ -71.337975829999905, -29.289528215 ], [ -71.337880667, -29.28964465 ], [ -71.337862833, -29.289680534999899 ], [ -71.337852321999904, -29.289720108 ], [ -71.337837325999899, -29.2898918819999 ], [ -71.33782044, -29.289998044 ], [ -71.337792075, -29.290065214 ], [ -71.337750445, -29.290118666999899 ], [ -71.337742641, -29.29014993 ], [ -71.337759986, -29.290191045 ], [ -71.337785349999905, -29.290219157 ], [ -71.337876503, -29.290280456999898 ], [ -71.337928046999906, -29.2903304939999 ], [ -71.337946895, -29.2903744619999 ], [ -71.337966266, -29.290465724999901 ], [ -71.338010450999903, -29.290536847999899 ], [ -71.338084653, -29.290597944999899 ], [ -71.338283023, -29.290734706 ], [ -71.338332341999902, -29.290791817 ], [ -71.338346813, -29.2908229129999 ], [ -71.338357163999902, -29.290872701 ], [ -71.338340312999904, -29.290928645 ], [ -71.338317409999902, -29.2909509159999 ], [ -71.338209093, -29.291021338 ], [ -71.338177832, -29.29105343 ], [ -71.338157945, -29.291092243 ], [ -71.338151604, -29.291151655 ], [ -71.338170936, -29.291276114 ], [ -71.338175578999895, -29.291368116999902 ], [ -71.338168579, -29.291432856 ], [ -71.338146944, -29.291499707 ], [ -71.338088276999898, -29.291593731 ], [ -71.337999693, -29.291712725 ], [ -71.337853981, -29.291836184 ], [ -71.337769206, -29.291891975999899 ], [ -71.337674683, -29.291928308 ], [ -71.337590733, -29.291939031 ], [ -71.337470987, -29.291926901 ], [ -71.337161745999893, -29.291854561 ], [ -71.3370652629999, -29.291824767 ], [ -71.336752058999906, -29.29166672 ], [ -71.33658574, -29.291602563 ], [ -71.336515257, -29.291587588 ], [ -71.336324395, -29.291570454 ], [ -71.336045415999905, -29.291512162999901 ], [ -71.335809589, -29.291489993 ], [ -71.33575741, -29.2914755259999 ], [ -71.335584443, -29.291402500999901 ], [ -71.335515159, -29.291393157999899 ], [ -71.335448331999899, -29.2913974639999 ], [ -71.335394832, -29.291408545 ], [ -71.335311328, -29.291438411999899 ], [ -71.335203916999902, -29.291503282 ], [ -71.335105649999903, -29.291591597 ], [ -71.335082055, -29.291633745 ], [ -71.335080488999907, -29.291682627999901 ], [ -71.335104000999905, -29.291726631 ], [ -71.335144785, -29.291776602 ], [ -71.335308351, -29.291916607 ], [ -71.335352783, -29.291860699 ], [ -71.335420650999893, -29.291837899 ], [ -71.335605192999907, -29.291843607 ], [ -71.335670867, -29.2918582359999 ], [ -71.335712821, -29.291883442 ], [ -71.335738460999906, -29.291910684999898 ], [ -71.335761014999903, -29.291951818 ], [ -71.33576748, -29.292036025 ], [ -71.335759300999896, -29.292104708 ], [ -71.335745023, -29.29213401 ], [ -71.335717615, -29.292165868 ], [ -71.335628511, -29.292224968 ], [ -71.335520951, -29.292257495999898 ], [ -71.335485261, -29.292274989 ], [ -71.335369473999904, -29.29236916 ], [ -71.335294637999894, -29.292392365 ], [ -71.3347667419999, -29.292376431 ], [ -71.334702536, -29.292357298 ], [ -71.334589477, -29.292299273 ], [ -71.334499837, -29.292263208999898 ], [ -71.33443209, -29.292247456 ], [ -71.334388316999906, -29.292251313 ], [ -71.334361440999899, -29.292265309 ], [ -71.334348179999907, -29.292315411999901 ], [ -71.334356726, -29.292390128 ], [ -71.334392705, -29.292540141 ], [ -71.334390264, -29.292629111999901 ], [ -71.334369588, -29.292679792999898 ], [ -71.334336019, -29.2927168209999 ], [ -71.334297056, -29.292741952 ], [ -71.334236085, -29.292768047 ], [ -71.334121798, -29.292796193 ], [ -71.333993006999904, -29.292806143999901 ], [ -71.333556438999906, -29.292761675 ], [ -71.333456989999902, -29.292761072 ], [ -71.333171712, -29.292833936 ], [ -71.3330208, -29.292856518999901 ], [ -71.332935413, -29.292860830999899 ], [ -71.332727077, -29.292843262 ], [ -71.332523194, -29.292800848 ], [ -71.332287965, -29.292779213 ], [ -71.332116539, -29.292754118999898 ], [ -71.331956035, -29.292746572999899 ], [ -71.331867046, -29.292749872999899 ], [ -71.331833781999904, -29.292758374 ], [ -71.331830007, -29.292769012 ], [ -71.331850985, -29.292813511 ], [ -71.331900656999906, -29.292856075 ], [ -71.331964096, -29.2928949719999 ], [ -71.331996749, -29.292939128999901 ], [ -71.331985984, -29.292984099 ], [ -71.331948244, -29.293053393 ], [ -71.331924586, -29.29311417 ], [ -71.331891425, -29.293253558999901 ], [ -71.331862031999904, -29.2932763049999 ], [ -71.331837444, -29.293276476 ], [ -71.331795937, -29.29326329 ], [ -71.331584487, -29.293126673 ], [ -71.331312469, -29.292991835999899 ], [ -71.3311644569999, -29.292895092 ], [ -71.331069452, -29.292863542 ], [ -71.331025751, -29.2928646139999 ], [ -71.33100608, -29.292875728 ], [ -71.330988808, -29.292909838 ], [ -71.33098883, -29.292954387 ], [ -71.331008385, -29.2931024499999 ], [ -71.331033398, -29.293179497 ], [ -71.331070904999905, -29.293244371 ], [ -71.331123187999907, -29.293311620999901 ], [ -71.33117636, -29.293352499 ], [ -71.33125462, -29.293393441 ], [ -71.331309925, -29.293443538 ], [ -71.331347433, -29.293497257 ], [ -71.331369303, -29.293574577999902 ], [ -71.331362252, -29.293640345 ], [ -71.331347681999901, -29.293666988 ], [ -71.331297197, -29.293671462 ], [ -71.331255208999906, -29.293656455 ], [ -71.331212549, -29.293630234 ], [ -71.331073827, -29.293518166999899 ], [ -71.331056647, -29.293516473 ], [ -71.331028018, -29.293526873 ], [ -71.33102051, -29.2935583739999 ], [ -71.331022156, -29.293625957 ], [ -71.331029347, -29.293664264 ], [ -71.331077921, -29.293799507 ], [ -71.331121870999894, -29.293863863 ], [ -71.331258363, -29.293988242999902 ], [ -71.331345547999902, -29.294048486999898 ], [ -71.331492763, -29.294118651 ], [ -71.331552931, -29.2941574819999 ], [ -71.33166628, -29.294263515999901 ], [ -71.331826393, -29.294384865 ], [ -71.331840384, -29.2944093999999 ], [ -71.331844976999903, -29.294435454999899 ], [ -71.331819679, -29.294475250999898 ], [ -71.331685918999895, -29.294591318 ], [ -71.331597539, -29.294685042 ], [ -71.331563828999904, -29.294705534999899 ], [ -71.331457599, -29.294725096 ], [ -71.331424109999901, -29.294748808 ], [ -71.331400663999901, -29.29480638 ], [ -71.331384826, -29.294887534999901 ], [ -71.331387225999904, -29.294960918999902 ], [ -71.331413304, -29.295085137999902 ], [ -71.331405166, -29.295123588 ], [ -71.331384059, -29.295146037999899 ], [ -71.331355723999906, -29.295157624 ], [ -71.331295746, -29.295162516999898 ], [ -71.331058049, -29.2951382749999 ], [ -71.330982346, -29.295125051 ], [ -71.33082504, -29.295081358999902 ], [ -71.330776659, -29.295075773999901 ], [ -71.330547704, -29.295117945 ], [ -71.330552556, -29.295145761999901 ], [ -71.330651557, -29.295236670999898 ], [ -71.330848182, -29.295365736 ], [ -71.331117419999899, -29.2954737979999 ], [ -71.33130124, -29.295537682 ], [ -71.331482082, -29.295589844999899 ], [ -71.331568185, -29.295639491 ], [ -71.331614837, -29.295691599999898 ], [ -71.33163675, -29.295759169999901 ], [ -71.331629036, -29.295799578999901 ], [ -71.331613261, -29.295824948 ], [ -71.33156938, -29.295846949 ], [ -71.331459585999895, -29.295872626999898 ], [ -71.331433658, -29.295889749 ], [ -71.331414119, -29.295918793999899 ], [ -71.331421387, -29.295963646 ], [ -71.331477344999897, -29.296084427 ], [ -71.331538795, -29.296248799999901 ], [ -71.331549332999899, -29.296301178 ], [ -71.331539049999904, -29.296338584999901 ], [ -71.331512952, -29.296369388999899 ], [ -71.331440384, -29.296407514 ], [ -71.331360425, -29.2964229419999 ], [ -71.331248200999894, -29.296419767 ], [ -71.330959862, -29.296386977999902 ], [ -71.330847381, -29.296369656 ], [ -71.330759883, -29.296347302999902 ], [ -71.33066991, -29.296316165999901 ], [ -71.33048818, -29.296234984 ], [ -71.330353498, -29.2961874279999 ], [ -71.33030275, -29.2961825369999 ], [ -71.330282059, -29.296206119 ], [ -71.330274946, -29.29622841 ], [ -71.330274512999907, -29.2963174889999 ], [ -71.330256976, -29.296359547999899 ], [ -71.330217047, -29.2963860579999 ], [ -71.330175718, -29.296396665 ], [ -71.329679370999898, -29.296394113 ], [ -71.329227199999906, -29.296367540999899 ], [ -71.329107113, -29.296377065999899 ], [ -71.329047010999901, -29.2963897 ], [ -71.328974874, -29.296412397 ], [ -71.328877362, -29.29645642 ], [ -71.328874659, -29.2964701349999 ], [ -71.328887358, -29.296497300999899 ], [ -71.328911228, -29.296514965 ], [ -71.328999220999904, -29.296555154 ], [ -71.329125489, -29.296587195 ], [ -71.329338171, -29.296612740999901 ], [ -71.329442623, -29.296634262999898 ], [ -71.329717272, -29.296738907 ], [ -71.329813961, -29.2967538189999 ], [ -71.330222926, -29.296760503 ], [ -71.330308064999898, -29.296774168 ], [ -71.330398735999907, -29.296813343999901 ], [ -71.330460560999896, -29.296868747 ], [ -71.330486273, -29.296909270999901 ], [ -71.330502369, -29.296994304 ], [ -71.330480516, -29.297046291999902 ], [ -71.33039275, -29.297093769 ], [ -71.330286357, -29.297111329 ], [ -71.330113564, -29.297111953 ], [ -71.330006964999896, -29.297115759999901 ], [ -71.329947954, -29.297130989 ], [ -71.329923208, -29.297150024 ], [ -71.329915593, -29.2971938069999 ], [ -71.329927015, -29.297226167 ], [ -71.329989832, -29.297283273999899 ], [ -71.330416543999903, -29.297495867 ], [ -71.330714018, -29.2976719229999 ], [ -71.330877258, -29.29770558 ], [ -71.331073574999905, -29.297693877 ], [ -71.331272731999903, -29.297734766 ], [ -71.331369928, -29.297745882999902 ], [ -71.331483208999899, -29.2977497269999 ], [ -71.331841294, -29.297742947 ], [ -71.331917534999903, -29.297756089 ], [ -71.332070235999893, -29.297796917 ], [ -71.332241102999902, -29.297820631 ], [ -71.332350023999894, -29.297817041 ], [ -71.332606217, -29.297785738999899 ], [ -71.332719289, -29.29778715 ], [ -71.332849863, -29.297811055999901 ], [ -71.332949199, -29.297856222 ], [ -71.332977666, -29.297897494 ], [ -71.332976694, -29.297911816 ], [ -71.332947592, -29.297944819999898 ], [ -71.332896493, -29.297961593 ], [ -71.332746256, -29.297980016999901 ], [ -71.332565422, -29.298070283999898 ], [ -71.332491477, -29.2980985529999 ], [ -71.332422385, -29.2980985139999 ], [ -71.332307525, -29.298048483999899 ], [ -71.332246583, -29.298034055 ], [ -71.332205004999906, -29.298035066999901 ], [ -71.3321727699999, -29.298048649999899 ], [ -71.332150081999899, -29.298072592 ], [ -71.332154879, -29.298124706 ], [ -71.332200821, -29.298172984 ], [ -71.332267776, -29.298190839 ], [ -71.332378467, -29.298182313 ], [ -71.332427314, -29.298187970999901 ], [ -71.332470272, -29.298210867 ], [ -71.332483060999905, -29.298228631 ], [ -71.332497631, -29.298258177 ], [ -71.332497208999897, -29.298305024999902 ], [ -71.332466322, -29.298354260999901 ], [ -71.332419696, -29.298390347999899 ], [ -71.332390367, -29.298400127 ], [ -71.332330762, -29.298404798 ], [ -71.332145875, -29.298392099 ], [ -71.332063467, -29.298410322999899 ], [ -71.331938381, -29.298493259999901 ], [ -71.331908945999899, -29.298531039 ], [ -71.331905127, -29.298575629 ], [ -71.331921751, -29.298618738999899 ], [ -71.331960588, -29.298659313 ], [ -71.33209169, -29.298753475 ], [ -71.332245972, -29.2988463639999 ], [ -71.332517592, -29.298963291 ], [ -71.332602639, -29.299017203999899 ], [ -71.33265368, -29.2990714859999 ], [ -71.332764131, -29.2992499439999 ], [ -71.332921703999901, -29.299431281999901 ], [ -71.332966856, -29.299521415999902 ], [ -71.332982017999896, -29.299584622999902 ], [ -71.332984031, -29.299654555 ], [ -71.332966654, -29.299722538 ], [ -71.332898072, -29.299837657999898 ], [ -71.332894912, -29.299884425999899 ], [ -71.332916916, -29.299914192 ], [ -71.333009535, -29.299962072 ], [ -71.333057046, -29.300017045999901 ], [ -71.333101067, -29.3001091309999 ], [ -71.3331045259999, -29.300156396 ], [ -71.333093902, -29.300185751 ], [ -71.333070745, -29.3002084519999 ], [ -71.333034763999905, -29.30021873 ], [ -71.332942663, -29.3002168699999 ], [ -71.332773916999898, -29.300190291 ], [ -71.332701024999906, -29.30018538 ], [ -71.332641087999903, -29.300191939999898 ], [ -71.3324735529999, -29.3002279459999 ], [ -71.332403005999893, -29.300219306 ], [ -71.332267879, -29.300173588 ], [ -71.332110562, -29.300177095 ], [ -71.332062047, -29.300169465 ], [ -71.332013794, -29.300141047999901 ], [ -71.331874321, -29.299989113 ], [ -71.331794510999899, -29.299817780999899 ], [ -71.331728837999904, -29.299700711 ], [ -71.331694574, -29.299645031999901 ], [ -71.331651743, -29.2996193339999 ], [ -71.331611768, -29.299610768 ], [ -71.331588924999906, -29.299622188999901 ], [ -71.331571793, -29.299645031999901 ], [ -71.331557517, -29.299695001 ], [ -71.33156751, -29.299802077 ], [ -71.331596901999902, -29.300087592 ], [ -71.331620954, -29.300153759999901 ], [ -71.331760126999896, -29.300332133 ], [ -71.331765071999897, -29.300373164 ], [ -71.331749304, -29.300420905 ], [ -71.331719979999903, -29.300465184 ], [ -71.331667677, -29.300509511 ], [ -71.331630659, -29.300521828999901 ], [ -71.331505472999893, -29.300540452 ], [ -71.3314308879999, -29.3005666789999 ], [ -71.331357574, -29.3006146449999 ], [ -71.331294995, -29.300687228 ], [ -71.33127359, -29.300737179 ], [ -71.331273059999901, -29.3008027929999 ], [ -71.331298004, -29.300856477 ], [ -71.331409381, -29.300964069 ], [ -71.331418395999904, -29.301008872999901 ], [ -71.331392689, -29.30105595 ], [ -71.331066052, -29.3012261709999 ], [ -71.331014674999906, -29.301264564999901 ], [ -71.330903035999896, -29.3013766179999 ], [ -71.330780338, -29.301458357999898 ], [ -71.330619673999905, -29.301545788999899 ], [ -71.330490448, -29.301595101 ], [ -71.330445074999901, -29.3016209359999 ], [ -71.330383433999899, -29.3016863 ], [ -71.330357729999903, -29.301735251 ], [ -71.330320902, -29.301835211 ], [ -71.330266934999898, -29.301912676 ], [ -71.330217005, -29.301953206999901 ], [ -71.330082846, -29.302020883 ], [ -71.329918840999895, -29.302133297 ], [ -71.329877699999898, -29.302151145 ], [ -71.329836708, -29.3021588719999 ], [ -71.329789599, -29.302155706999901 ], [ -71.329663983, -29.302126234 ], [ -71.329593192999894, -29.302126549 ], [ -71.329546713999903, -29.302136658999899 ], [ -71.329489643, -29.302171428999898 ], [ -71.329372648999893, -29.3023256829999 ], [ -71.329326668, -29.302368289 ], [ -71.329296790999905, -29.3023859699999 ], [ -71.329234898, -29.302409524 ], [ -71.329198183999907, -29.3024159789999 ], [ -71.329001984999906, -29.302426136999902 ], [ -71.328949318999904, -29.302443782 ], [ -71.32889928, -29.302481864999901 ], [ -71.328860522, -29.302532039 ], [ -71.328705522, -29.302854732999901 ], [ -71.328680603, -29.302934232 ], [ -71.328641219, -29.303125119999901 ], [ -71.328638293, -29.303250415 ], [ -71.328678079, -29.303491913 ], [ -71.328694331, -29.303930772999902 ], [ -71.328685784999905, -29.3039991489999 ], [ -71.328650419, -29.304068050999899 ], [ -71.328597739, -29.304118211999899 ], [ -71.328297477, -29.304311744 ], [ -71.328189686, -29.304405765 ], [ -71.328103982, -29.304466033 ], [ -71.327852707, -29.30458878 ], [ -71.327736725, -29.304621828999899 ], [ -71.327707244, -29.304654522 ], [ -71.327667482, -29.304768112 ], [ -71.3276266, -29.3048131269999 ], [ -71.32752106, -29.304888099 ], [ -71.327268101, -29.305043001999898 ], [ -71.327219114999906, -29.305082130999899 ], [ -71.327160439999901, -29.305160557 ], [ -71.327046014, -29.305403338 ], [ -71.326928477, -29.305602587 ], [ -71.326882869, -29.3057364319999 ], [ -71.326835866, -29.3059256619999 ], [ -71.326821389, -29.305965605 ], [ -71.326794059999898, -29.306009158999899 ], [ -71.326665428999902, -29.306140308 ], [ -71.326591362, -29.3062577869999 ], [ -71.326548036, -29.306303713 ], [ -71.326299714, -29.306415774999898 ], [ -71.326248408, -29.306455012999901 ], [ -71.326202931, -29.306510236 ], [ -71.326174313, -29.3065909859999 ], [ -71.326136065, -29.306795279 ], [ -71.326066532, -29.307006171999902 ], [ -71.326053793, -29.307092054 ], [ -71.326054948, -29.3071608189999 ], [ -71.326086983, -29.307447668 ], [ -71.326106132999897, -29.307546123 ], [ -71.326141943, -29.307629414 ], [ -71.326267066, -29.307811691 ], [ -71.326293241, -29.307890321999899 ], [ -71.326292732, -29.307934025 ], [ -71.326277513, -29.307970708 ], [ -71.326247968, -29.307998315 ], [ -71.326202672, -29.308008286 ], [ -71.326087464999901, -29.308001530999899 ], [ -71.326049245, -29.308014199999899 ], [ -71.326031946999905, -29.308029109 ], [ -71.325977274, -29.308118615 ], [ -71.325910243, -29.308305247 ], [ -71.325879029, -29.308354315 ], [ -71.325820318, -29.30841227 ], [ -71.325763996, -29.308438033999899 ], [ -71.325704610999907, -29.308444483 ], [ -71.325628139999907, -29.308439407 ], [ -71.325436289, -29.3084040419999 ], [ -71.325213802, -29.308410986999899 ], [ -71.325001619, -29.308398575 ], [ -71.324940752, -29.30840232 ], [ -71.324859891, -29.30842953 ], [ -71.324686395, -29.308539622999898 ], [ -71.324612991, -29.308561692999898 ], [ -71.324545362, -29.308565081 ], [ -71.324446856, -29.308546836999898 ], [ -71.324361923, -29.30851079 ], [ -71.324314543999904, -29.308482738 ], [ -71.324147992999897, -29.308356951999901 ], [ -71.324056025999894, -29.308312488 ], [ -71.323955766, -29.308284419 ], [ -71.323839147999905, -29.3082785739999 ], [ -71.323764967, -29.308298739 ], [ -71.323546231, -29.308439209 ], [ -71.323413171, -29.308505693 ], [ -71.323331251999903, -29.308527593999901 ], [ -71.3231969939999, -29.308528227999901 ], [ -71.323141307999904, -29.308542624 ], [ -71.323096055999898, -29.308573844 ], [ -71.323059837, -29.308630593 ], [ -71.323034978, -29.308757864 ], [ -71.322962465, -29.308934736 ], [ -71.322934422999893, -29.3090256579999 ], [ -71.322926986, -29.309086739 ], [ -71.322934093999905, -29.309160538999901 ], [ -71.322964648, -29.3092324859999 ], [ -71.323034747999898, -29.309296819999901 ], [ -71.323102697, -29.309328106999899 ], [ -71.323280353, -29.309383007 ], [ -71.323320528999901, -29.309415269999899 ], [ -71.323334960999901, -29.309433575 ], [ -71.323348182, -29.309477568 ], [ -71.323348543, -29.309523398 ], [ -71.323338802, -29.309565446 ], [ -71.323320313999901, -29.309607721 ], [ -71.323286913999894, -29.309654494 ], [ -71.323239225999899, -29.309698001 ], [ -71.323063836, -29.309801601999901 ], [ -71.323006402, -29.30984777 ], [ -71.322957259, -29.309919389 ], [ -71.322835174, -29.310194332 ], [ -71.322741048, -29.310365719999901 ], [ -71.322669418, -29.310443275999901 ], [ -71.322612702999905, -29.310476117999901 ], [ -71.322578006, -29.310485648999901 ], [ -71.322534382, -29.3104887289999 ], [ -71.322484007999904, -29.3104810889999 ], [ -71.322378474999894, -29.31043998 ], [ -71.321984341, -29.310248745 ], [ -71.321679205999899, -29.3100649369999 ], [ -71.321500551, -29.3099286519999 ], [ -71.321358626999896, -29.3097978559999 ], [ -71.32129314, -29.3097334039999 ], [ -71.321164887, -29.309585886 ], [ -71.320999741, -29.3094362759999 ], [ -71.320801796999902, -29.309230946 ], [ -71.320711041, -29.309160757 ], [ -71.320514564, -29.309026419 ], [ -71.320464264999899, -29.309006155 ], [ -71.32041402, -29.308997889 ], [ -71.320351438, -29.309005455 ], [ -71.320304466, -29.309026506999899 ], [ -71.320256786, -29.309068365 ], [ -71.320219311999907, -29.309122068 ], [ -71.320132057, -29.309308804 ], [ -71.32011894, -29.30937483 ], [ -71.320121238999903, -29.309438914999902 ], [ -71.320140258, -29.309519891 ], [ -71.320232932, -29.309812706999899 ], [ -71.320242676, -29.309885463999901 ], [ -71.32023829, -29.3099740279999 ], [ -71.320225452, -29.310033824999898 ], [ -71.320199832, -29.310090122 ], [ -71.320072242, -29.310248507 ], [ -71.319987667, -29.310375854 ], [ -71.319967559, -29.31042474 ], [ -71.319962934, -29.310488668999898 ], [ -71.319972955, -29.310540266 ], [ -71.320000767, -29.310618339 ], [ -71.320076668999903, -29.310768677999899 ], [ -71.320129687, -29.310846193 ], [ -71.320266726999904, -29.311012493 ], [ -71.320352823999897, -29.311145656999901 ], [ -71.3203707119999, -29.311211516999901 ], [ -71.320367201, -29.311278307999899 ], [ -71.3203495, -29.3113234049999 ], [ -71.320301776999898, -29.311367536 ], [ -71.32023548, -29.311387096 ], [ -71.320168925, -29.311388468 ], [ -71.320079364, -29.311374099 ], [ -71.320017581999906, -29.311354383 ], [ -71.319944805, -29.3113203149999 ], [ -71.319855381, -29.311265083 ], [ -71.319805109999905, -29.311244547999902 ], [ -71.319765869, -29.311235584 ], [ -71.319714093, -29.311239111 ], [ -71.319674189, -29.3112535 ], [ -71.31963144, -29.311281831 ], [ -71.319591466, -29.311333781 ], [ -71.319564192, -29.3114166619999 ], [ -71.319557254999907, -29.311525257 ], [ -71.319559762, -29.311640017999899 ], [ -71.319570244, -29.3117135809999 ], [ -71.319652648, -29.311978927 ], [ -71.319720092999901, -29.312252171999901 ], [ -71.319761238, -29.31235235 ], [ -71.319844739, -29.3124993019999 ], [ -71.319883941999905, -29.312658719999899 ], [ -71.319889245, -29.3127715329999 ], [ -71.319874407, -29.312833422 ], [ -71.319811709, -29.3129950219999 ], [ -71.319800519999902, -29.3130677259999 ], [ -71.319806689, -29.313130212 ], [ -71.3198252, -29.31318999 ], [ -71.319899801, -29.3133535979999 ], [ -71.319951816999904, -29.313499028 ], [ -71.320070906, -29.313717358 ], [ -71.320082731999904, -29.313757859 ], [ -71.320084339999894, -29.313811933 ], [ -71.320076029999896, -29.313854901 ], [ -71.320051962, -29.313913804 ], [ -71.319983178, -29.314020625 ], [ -71.319936987999895, -29.314066389999901 ], [ -71.319858158, -29.314104578999899 ], [ -71.31967221, -29.314132386 ], [ -71.319622674, -29.314157212999898 ], [ -71.319600232, -29.314181910999899 ], [ -71.319575003999901, -29.314238082 ], [ -71.3195342879999, -29.314440294999901 ], [ -71.319479112, -29.314595810999901 ], [ -71.319432047, -29.314684863 ], [ -71.319344309, -29.314797222 ], [ -71.319318446, -29.314846832999901 ], [ -71.319309453999907, -29.314917927 ], [ -71.319326968, -29.315060999 ], [ -71.319325039, -29.315126381 ], [ -71.319305088, -29.315187304999899 ], [ -71.319255235, -29.315271605 ], [ -71.319243727, -29.315310622 ], [ -71.319240881, -29.315353933 ], [ -71.319253911, -29.315452497 ], [ -71.319297682999903, -29.315631805 ], [ -71.319309103, -29.315838509999899 ], [ -71.319327213, -29.315936872999899 ], [ -71.31937685, -29.316057659 ], [ -71.319496548, -29.316256119999899 ], [ -71.319615738, -29.316490676999901 ], [ -71.319719682, -29.316667579999901 ], [ -71.319893507, -29.317093277 ], [ -71.320082527, -29.317453508 ], [ -71.320133921, -29.317545138 ], [ -71.320349869, -29.31788475 ], [ -71.3204597229999, -29.318087031999902 ], [ -71.320563136, -29.3182491929999 ], [ -71.320600637, -29.318333719 ], [ -71.32060834, -29.318383578 ], [ -71.320598328, -29.318423467999899 ], [ -71.320579064, -29.318446997 ], [ -71.320493858, -29.318497057999899 ], [ -71.320462575, -29.318556258999902 ], [ -71.320436771999894, -29.31874941 ], [ -71.320391438999906, -29.318901754 ], [ -71.320387904, -29.318971245999901 ], [ -71.320396042, -29.3190305709999 ], [ -71.320429442, -29.319121958 ], [ -71.320518547999896, -29.3193018599999 ], [ -71.320584746999899, -29.319479697 ], [ -71.320667689999894, -29.319660986 ], [ -71.320920954, -29.320319142 ], [ -71.321067193, -29.320607488999901 ], [ -71.321165789, -29.320832438 ], [ -71.321221121, -29.3209273689999 ], [ -71.321503561, -29.321325574 ], [ -71.321531482, -29.321373159 ], [ -71.321587558, -29.321507537999899 ], [ -71.321711438, -29.321690066 ], [ -71.321755867, -29.32177711 ], [ -71.32179009, -29.321904499 ], [ -71.321786900999896, -29.321963228 ], [ -71.321749720999904, -29.321989711999901 ], [ -71.321730575999894, -29.321989818 ], [ -71.321700582999895, -29.321982349999899 ], [ -71.321614951, -29.3219393759999 ], [ -71.321584301, -29.321934166999899 ], [ -71.32154879, -29.32194772 ], [ -71.321534513, -29.321967946 ], [ -71.321527375, -29.322008395999902 ], [ -71.321532132999906, -29.322083349 ], [ -71.32159281, -29.322255265 ], [ -71.321849, -29.322769136 ], [ -71.32199241, -29.323042888 ], [ -71.322155336, -29.323239773999902 ], [ -71.322227585, -29.32333843 ], [ -71.322363644999896, -29.323577659 ], [ -71.322515285, -29.323780455 ], [ -71.322607734, -29.323954770999901 ], [ -71.322696172999898, -29.3240935389999 ], [ -71.322762901, -29.3242351019999 ], [ -71.3228388859999, -29.32447903 ], [ -71.322873626, -29.324551652 ], [ -71.322915543, -29.324600329 ], [ -71.323126614, -29.324794575999899 ], [ -71.323280635999893, -29.324953609 ], [ -71.323464961999903, -29.325170574 ], [ -71.323557228, -29.325296243 ], [ -71.323727258, -29.325502088999901 ], [ -71.323778745, -29.325578083 ], [ -71.323830555, -29.325666553 ], [ -71.323887191, -29.325787786 ], [ -71.32394799, -29.3260169929999 ], [ -71.324032078999906, -29.326267561 ], [ -71.324112022, -29.326485851 ], [ -71.324179802999893, -29.326644737 ], [ -71.324369826999899, -29.3269603419999 ], [ -71.324452906, -29.327158655999899 ], [ -71.324492134, -29.327229499999898 ], [ -71.324542971, -29.3272807869999 ], [ -71.324632796999893, -29.3273403429999 ], [ -71.324680309, -29.327380440999899 ], [ -71.324739722999894, -29.327458924 ], [ -71.324784974999901, -29.327543549 ], [ -71.324815572, -29.327633717 ], [ -71.324829667999893, -29.327723797 ], [ -71.324830283, -29.327814442 ], [ -71.324804481999905, -29.328092797 ], [ -71.324817542999895, -29.328215624999899 ], [ -71.324844436, -29.328315906999901 ], [ -71.324894034, -29.328448353999899 ], [ -71.324954127999902, -29.328582599999901 ], [ -71.324993229, -29.3286475949999 ], [ -71.325126084, -29.328832411 ], [ -71.325265251, -29.329089159 ], [ -71.325301491999895, -29.329201473999898 ], [ -71.32539382, -29.329574328 ], [ -71.325486074, -29.329782243999901 ], [ -71.325545335999905, -29.329994277 ], [ -71.325652316999907, -29.3302052569999 ], [ -71.325743079999896, -29.330432489 ], [ -71.325751612, -29.330481107 ], [ -71.325754124, -29.3305719009999 ], [ -71.325735253999895, -29.330902317 ], [ -71.325738445, -29.330949378 ], [ -71.325755182, -29.33101556 ], [ -71.325816474, -29.33111085 ], [ -71.3259366, -29.331218154999899 ], [ -71.325993760999907, -29.331286308 ], [ -71.326032327, -29.331373445999901 ], [ -71.326043054, -29.331462348999899 ], [ -71.326017843, -29.331650862999901 ], [ -71.326014602, -29.331783925 ], [ -71.325987103, -29.331998894 ], [ -71.325992577, -29.332065149999899 ], [ -71.326025761, -29.332237676 ], [ -71.326029537, -29.332325004 ], [ -71.326016943999903, -29.332395667 ], [ -71.325961247, -29.3325474929999 ], [ -71.325920911, -29.332707744999901 ], [ -71.325890543, -29.332782203 ], [ -71.325795339, -29.332911983 ], [ -71.325720234, -29.333051241 ], [ -71.325617044, -29.333170681999899 ], [ -71.325498396999905, -29.333369739 ], [ -71.325443643, -29.33343001 ], [ -71.325395758, -29.333465374 ], [ -71.325301614, -29.333500827 ], [ -71.325256923, -29.333504166999901 ], [ -71.325196860999895, -29.3334925939999 ], [ -71.325114656, -29.333441653 ], [ -71.324965178, -29.3332712489999 ], [ -71.324901885, -29.333225817 ], [ -71.324666202999893, -29.333175802 ], [ -71.324552626999903, -29.3331394319999 ], [ -71.324470570999907, -29.333089201999901 ], [ -71.324303008, -29.332948524 ], [ -71.324226359, -29.332902574999899 ], [ -71.324068989999901, -29.332840889 ], [ -71.323837743999903, -29.332786838999901 ], [ -71.323686547, -29.332720567 ], [ -71.323642944, -29.3327087609999 ], [ -71.323596986, -29.3327078189999 ], [ -71.323577078, -29.332713946 ], [ -71.323550264999895, -29.3327271869999 ], [ -71.323513646, -29.332768394 ], [ -71.32347744, -29.332836991 ], [ -71.323416524, -29.332998561999901 ], [ -71.323376696, -29.333048914 ], [ -71.323329418, -29.333079459 ], [ -71.323213674, -29.333133017 ], [ -71.323151474, -29.333184972 ], [ -71.323124756, -29.333223738999902 ], [ -71.323108616999903, -29.3332634389999 ], [ -71.323101283, -29.333349462999902 ], [ -71.323120289, -29.33344765 ], [ -71.323184361, -29.333632115999901 ], [ -71.323197029, -29.333732036 ], [ -71.323187258, -29.333803460999899 ], [ -71.323126241, -29.333968147999901 ], [ -71.323117714, -29.334077076 ], [ -71.323134309, -29.334219763 ], [ -71.32320569, -29.334503271 ], [ -71.323203876, -29.334548191 ], [ -71.323192459, -29.334577198 ], [ -71.323143388999895, -29.334594277 ], [ -71.323054181, -29.334576743 ], [ -71.322945677, -29.3345274919999 ], [ -71.322785801999899, -29.334432096999901 ], [ -71.322744166999897, -29.334426713 ], [ -71.322691162999902, -29.334447342 ], [ -71.322662664999896, -29.334501526999901 ], [ -71.322649321, -29.334619845 ], [ -71.322598661, -29.334851041 ], [ -71.322539136, -29.3352511259999 ], [ -71.322516640999893, -29.335344187 ], [ -71.322495502, -29.335386406999898 ], [ -71.322453576, -29.335431941 ], [ -71.322297497, -29.335528247 ], [ -71.322157064999899, -29.335646437 ], [ -71.322108536, -29.335678935 ], [ -71.322016888999897, -29.335719308 ], [ -71.321857136999895, -29.335762460999899 ], [ -71.321813463, -29.335790404 ], [ -71.321781852, -29.335839677 ], [ -71.321735608, -29.336019494 ], [ -71.321694745999906, -29.336097037999899 ], [ -71.321627115999902, -29.336164465 ], [ -71.321458058, -29.336287387 ], [ -71.321416534, -29.336333737 ], [ -71.321395778, -29.336372387 ], [ -71.321384606, -29.336415657 ], [ -71.321371508, -29.336537975999899 ], [ -71.321320282, -29.3366693739999 ], [ -71.321309954, -29.33675304 ], [ -71.321329029, -29.336829936999901 ], [ -71.321409946, -29.337006726 ], [ -71.321439864999903, -29.337093654999901 ], [ -71.321458128, -29.3372123739999 ], [ -71.321458307999904, -29.337257816 ], [ -71.321447641, -29.337295636 ], [ -71.321426209, -29.337318459999899 ], [ -71.321396267999901, -29.337327507999898 ], [ -71.321268605999904, -29.337334465 ], [ -71.321208357, -29.337348151 ], [ -71.321163748999894, -29.337369135 ], [ -71.321127379, -29.337409514999901 ], [ -71.321114823999906, -29.337453066 ], [ -71.32111802, -29.337501297 ], [ -71.321160261, -29.337640252 ], [ -71.321167311999901, -29.337695821999901 ], [ -71.321163568, -29.337730039 ], [ -71.321125267999903, -29.337780490999901 ], [ -71.321006185, -29.337844640999901 ], [ -71.320850615, -29.337956668999901 ], [ -71.320729549, -29.3380118709999 ], [ -71.320646628, -29.3380244159999 ], [ -71.320498568999895, -29.338004339 ], [ -71.320454599, -29.338005342 ], [ -71.320416343, -29.338018519999899 ], [ -71.320393099999905, -29.338039609 ], [ -71.320388543, -29.3380743079999 ], [ -71.320396876, -29.338133426 ], [ -71.320488826, -29.338448252 ], [ -71.320582367, -29.338684922 ], [ -71.320643759999896, -29.338809378999901 ], [ -71.320701329, -29.338896384999899 ], [ -71.320778420999901, -29.3389905619999 ], [ -71.320987841, -29.3392295149999 ], [ -71.321175105999899, -29.339403189999899 ], [ -71.321208543999902, -29.339440839 ], [ -71.321230673999906, -29.339484195 ], [ -71.321240906, -29.339515877999901 ], [ -71.321233741, -29.3395567439999 ], [ -71.321213105, -29.339580629999901 ], [ -71.321141327, -29.339621204 ], [ -71.321113959999906, -29.339660675999902 ], [ -71.321123993, -29.33970815 ], [ -71.321149961999893, -29.3397518589999 ], [ -71.321298247, -29.339912042 ], [ -71.32146633, -29.340064498999901 ], [ -71.321601380999894, -29.340199178 ], [ -71.321749482, -29.340316232 ], [ -71.321914729999904, -29.340471196 ], [ -71.322109204, -29.340632953999901 ], [ -71.322313922, -29.340835507999898 ], [ -71.322376396, -29.340909326 ], [ -71.322448174, -29.3410162509999 ], [ -71.322554704, -29.34123117 ], [ -71.322664427999896, -29.3413374259999 ], [ -71.322691356, -29.341377839 ], [ -71.322701593, -29.341417184 ], [ -71.322702879, -29.341474698 ], [ -71.322694736, -29.341513764 ], [ -71.322660701, -29.34156991 ], [ -71.322604220999906, -29.3416031699999 ], [ -71.322450018, -29.341633358 ], [ -71.322425395, -29.341649641999901 ], [ -71.322398687, -29.341692248 ], [ -71.32238748, -29.34173336 ], [ -71.322383276, -29.3417946 ], [ -71.322414451, -29.341968896 ], [ -71.322417311, -29.342059537 ], [ -71.322405789, -29.342124021 ], [ -71.322391464, -29.342158846 ], [ -71.322369949999896, -29.342182587 ], [ -71.322353915, -29.342188552 ], [ -71.322329978, -29.342192435 ], [ -71.322291921, -29.342185576 ], [ -71.322211215, -29.342147489 ], [ -71.321884741, -29.341930257999898 ], [ -71.321523059, -29.341741543 ], [ -71.321454984999903, -29.341692131999899 ], [ -71.321339345, -29.34157828 ], [ -71.321298698, -29.341548111 ], [ -71.321280929, -29.341582643 ], [ -71.321274775999896, -29.341624633 ], [ -71.321273557, -29.341805606 ], [ -71.321265951, -29.341847207999901 ], [ -71.321252956, -29.341873968999899 ], [ -71.321228089, -29.341890349 ], [ -71.321159259999902, -29.341916013999899 ], [ -71.321114853, -29.341960388 ], [ -71.321107051999903, -29.342038327 ], [ -71.321131991, -29.342160626 ], [ -71.321272882, -29.342502899 ], [ -71.321300656999895, -29.342592399999901 ], [ -71.321316646999904, -29.342794932999901 ], [ -71.321374415, -29.343048602 ], [ -71.321372617999899, -29.343206919999901 ], [ -71.321325236999897, -29.343497741 ], [ -71.321338728999905, -29.343773332999898 ], [ -71.321339076, -29.34399918 ], [ -71.321342403, -29.344036154 ], [ -71.32136187, -29.3440791519999 ], [ -71.321443237, -29.344174564 ], [ -71.321477700999907, -29.344236635999899 ], [ -71.321481541, -29.34429898 ], [ -71.321468978, -29.344402241999902 ], [ -71.321470368999897, -29.344448655999901 ], [ -71.32149564, -29.344574477 ], [ -71.321525919, -29.344838932 ], [ -71.321513946, -29.3448960119999 ], [ -71.321446501, -29.344999925 ], [ -71.32143955, -29.345039481999901 ], [ -71.321449257, -29.345071515 ], [ -71.321483526, -29.345129238 ], [ -71.321664677999905, -29.345344632 ], [ -71.321750049999906, -29.345495226 ], [ -71.321802883, -29.345572983999901 ], [ -71.321885655999907, -29.345662525 ], [ -71.321971003, -29.3457303389999 ], [ -71.322017834, -29.345757832999901 ], [ -71.322089553, -29.345776140999899 ], [ -71.322240544, -29.345762389999901 ], [ -71.32233601, -29.345782192999899 ], [ -71.322422101, -29.345824544 ], [ -71.322605592999906, -29.345945125999901 ], [ -71.322783113999904, -29.346032986 ], [ -71.323146896, -29.346181645999899 ], [ -71.32337144, -29.346283884999899 ], [ -71.32359573, -29.346344799999901 ], [ -71.323644422, -29.346379146999901 ], [ -71.323663796999895, -29.3464229739999 ], [ -71.323714685, -29.346605645999901 ], [ -71.323745164999906, -29.34665319 ], [ -71.323776075, -29.346675562 ], [ -71.323824955, -29.3466863099999 ], [ -71.323953410999906, -29.3466189019999 ], [ -71.324030346, -29.346594217 ], [ -71.324092322, -29.346583802999898 ], [ -71.324162494999896, -29.346587613999901 ], [ -71.32423977, -29.346614987 ], [ -71.3247655979999, -29.34688103 ], [ -71.324915265999906, -29.346928037999898 ], [ -71.325127758999898, -29.346963915999901 ], [ -71.325304441999904, -29.347012681 ], [ -71.325527275999903, -29.347020022 ], [ -71.325570649, -29.347012763 ], [ -71.325621185, -29.346983495 ], [ -71.325717439, -29.346911494 ], [ -71.325758331, -29.346896917 ], [ -71.325827056, -29.346899498 ], [ -71.325893164, -29.346919516 ], [ -71.325933587999899, -29.346944745 ], [ -71.325960247999902, -29.346967612999901 ], [ -71.326022264999906, -29.347052963 ], [ -71.326048392, -29.3470746099999 ], [ -71.326205902, -29.347174099 ], [ -71.326388171, -29.347275956 ], [ -71.326513389, -29.347365925 ], [ -71.326525066, -29.3473855189999 ], [ -71.32653866, -29.3474574849999 ], [ -71.326556576, -29.347505779 ], [ -71.326607507999896, -29.347594136999898 ], [ -71.326660596, -29.34766386 ], [ -71.326705628, -29.347700399 ], [ -71.326728768, -29.347710846 ], [ -71.326884527999894, -29.347728789 ], [ -71.326954972, -29.3477760869999 ], [ -71.326985620999906, -29.347817775 ], [ -71.326970501999895, -29.347860872 ], [ -71.326916568999906, -29.347899172 ], [ -71.326871818, -29.347942143999902 ], [ -71.326856311, -29.347998993 ], [ -71.326868616, -29.348118219 ], [ -71.326864207, -29.348182988 ], [ -71.326870782, -29.348226488 ], [ -71.32693893, -29.348315662999902 ], [ -71.326975546, -29.348419346999901 ], [ -71.326982065, -29.348510594999901 ], [ -71.326961181999906, -29.348660028 ], [ -71.326970489, -29.348723408 ], [ -71.327013848, -29.348811316 ], [ -71.327050462, -29.348844261 ], [ -71.327105327, -29.348879154 ], [ -71.327149516, -29.348937079999899 ], [ -71.327198586999899, -29.349109634999898 ], [ -71.327228084999902, -29.349169988 ], [ -71.327266809, -29.349217527 ], [ -71.327378019, -29.349299749 ], [ -71.327402572, -29.349330166 ], [ -71.327410593, -29.3493531149999 ], [ -71.327405684, -29.349376572 ], [ -71.327377541, -29.349439312999898 ], [ -71.327383961, -29.349484883999899 ], [ -71.327394017, -29.349503024999901 ], [ -71.327429788, -29.349544122999902 ], [ -71.327468542, -29.349573796999898 ], [ -71.327603032, -29.349647209 ], [ -71.327684259, -29.349707034999899 ], [ -71.327727731, -29.349751413 ], [ -71.327764324, -29.349804624999901 ], [ -71.327785724, -29.349848124999902 ], [ -71.327787685, -29.349884754999898 ], [ -71.327765039, -29.349984549999899 ], [ -71.327770287, -29.350030944 ], [ -71.327803167999903, -29.3500919009999 ], [ -71.327932851999904, -29.350255279 ], [ -71.327965968999905, -29.3503220969999 ], [ -71.32805755, -29.350452565 ], [ -71.328100777, -29.350546242999901 ], [ -71.328115099999906, -29.350631689999901 ], [ -71.328106003999906, -29.350761460999902 ], [ -71.328111967, -29.350834681 ], [ -71.328147131, -29.3509909869999 ], [ -71.328189656999896, -29.351091187999899 ], [ -71.328245809, -29.351162385 ], [ -71.328370704, -29.351266899999899 ], [ -71.328415401, -29.351312611 ], [ -71.328630393, -29.3516016569999 ], [ -71.328753013, -29.351787376999901 ], [ -71.328779923, -29.3518403899999 ], [ -71.328820487, -29.351966043999902 ], [ -71.328866983999902, -29.352034934999899 ], [ -71.328914859999898, -29.352071854 ], [ -71.329031624, -29.352143 ], [ -71.329155274, -29.352193293 ], [ -71.329182057, -29.352210361999902 ], [ -71.329207486, -29.352238341 ], [ -71.329219651, -29.352268513 ], [ -71.329236366, -29.352365618 ], [ -71.329255601999904, -29.352418326 ], [ -71.329315246, -29.352534722 ], [ -71.329355952, -29.352585086 ], [ -71.329594092, -29.3528378889999 ], [ -71.330131283, -29.3532376799999 ], [ -71.330246455, -29.353314816 ], [ -71.330424664, -29.353406341 ], [ -71.330488037999899, -29.353450483 ], [ -71.330536805999898, -29.353498679 ], [ -71.330642350999895, -29.3536804519999 ], [ -71.331021898, -29.354125053 ], [ -71.331301795999906, -29.354506897 ], [ -71.331431943, -29.354713064999899 ], [ -71.331507964, -29.354800087999902 ], [ -71.33164464, -29.354934671 ], [ -71.331681901, -29.354987290999901 ], [ -71.331795435999894, -29.355188208999898 ], [ -71.331853060999904, -29.355261819 ], [ -71.331986572999895, -29.3553942459999 ], [ -71.332149113, -29.355659291999899 ], [ -71.332182412999899, -29.355701525 ], [ -71.332461877999904, -29.3559589659999 ], [ -71.332624633, -29.356071753 ], [ -71.332748841, -29.356138853999902 ], [ -71.3328602, -29.356140281 ], [ -71.332921114, -29.3561103669999 ], [ -71.332946800999906, -29.356066432 ], [ -71.332952675999906, -29.356022795999898 ], [ -71.332946347, -29.356000083 ], [ -71.332916922, -29.355957366 ], [ -71.332822186, -29.355883087999899 ], [ -71.332782715, -29.355828378999899 ], [ -71.332693881, -29.355660736999901 ], [ -71.332668611, -29.355589081999899 ], [ -71.332660501, -29.355538920999901 ], [ -71.332669575, -29.355497929 ], [ -71.332685490999907, -29.355482532999901 ], [ -71.332730337, -29.355476919 ], [ -71.332804687, -29.355497058 ], [ -71.332879171999906, -29.355536985 ], [ -71.333038899, -29.355658036 ], [ -71.333279951, -29.355865568999899 ], [ -71.333442283, -29.35610816 ], [ -71.333505464, -29.356182103 ], [ -71.333573958, -29.356246518 ], [ -71.333707582, -29.356337117 ], [ -71.333983368, -29.3564706129999 ], [ -71.334046649, -29.356511096 ], [ -71.334086708, -29.356548045999901 ], [ -71.334185905, -29.356670451 ], [ -71.334368277, -29.356847323 ], [ -71.334432238, -29.3569231 ], [ -71.334476944999906, -29.357011660999898 ], [ -71.334534111, -29.357194271 ], [ -71.334586515, -29.357311786 ], [ -71.334636694, -29.357390454 ], [ -71.334702968, -29.357461461 ], [ -71.334835955999907, -29.357552865999899 ], [ -71.334947596999896, -29.357600304999899 ], [ -71.335078158, -29.357604449999901 ], [ -71.335244261999904, -29.357578729 ], [ -71.335309364999901, -29.3575928889999 ], [ -71.335354698999893, -29.357663843 ], [ -71.335376614, -29.357732239 ], [ -71.335404838, -29.35786272 ], [ -71.335417836, -29.358002552999899 ], [ -71.335429558, -29.35805045 ], [ -71.335447041999899, -29.3580726349999 ], [ -71.335491369, -29.3580801059999 ], [ -71.335532476, -29.358066522999898 ], [ -71.335581455, -29.358034166 ], [ -71.335623885, -29.357976402 ], [ -71.335662793, -29.357872948 ], [ -71.335700598, -29.357806626 ], [ -71.335758127, -29.357746369 ], [ -71.335799407, -29.357728925999901 ], [ -71.335851122999898, -29.357748358 ], [ -71.335947097, -29.357839251 ], [ -71.335996432999906, -29.357875602 ], [ -71.336055137, -29.357894175 ], [ -71.336146025999895, -29.3578958219999 ], [ -71.336188541, -29.357914066 ], [ -71.33625576, -29.357977925999901 ], [ -71.336344641, -29.358117397999901 ], [ -71.336453755, -29.358232695 ], [ -71.336498799, -29.358292575 ], [ -71.336527519999905, -29.3583631129999 ], [ -71.336559944, -29.358573607 ], [ -71.336562409, -29.358684137 ], [ -71.33655083, -29.358815152 ], [ -71.336539473, -29.358856022999898 ], [ -71.336522543999905, -29.358870565 ], [ -71.336481641, -29.3588840859999 ], [ -71.33641669, -29.358887498999898 ], [ -71.336389783999905, -29.358883406 ], [ -71.336338339999898, -29.358858664 ], [ -71.336262878999904, -29.3585863 ], [ -71.336237385999894, -29.3585401519999 ], [ -71.336214067999904, -29.358510572999901 ], [ -71.336194002999903, -29.3584971289999 ], [ -71.336170803999906, -29.358489622 ], [ -71.336132157999899, -29.3585077779999 ], [ -71.336076657, -29.35856928 ], [ -71.336053038, -29.358634347 ], [ -71.33603907, -29.358733479 ], [ -71.336013725, -29.358753266 ], [ -71.335971443999895, -29.358759263 ], [ -71.335736311999895, -29.358746557 ], [ -71.3356966919999, -29.358755612 ], [ -71.335671684, -29.358770454 ], [ -71.335623835, -29.358775975999901 ], [ -71.33558311, -29.358746174 ], [ -71.335536072, -29.358679208999899 ], [ -71.335453303, -29.358497396 ], [ -71.335423259, -29.358453475 ], [ -71.335401571, -29.358435915 ], [ -71.335351951, -29.3584506669999 ], [ -71.335038109, -29.358767846 ], [ -71.335013281, -29.358813233 ], [ -71.334970177999907, -29.358926174 ], [ -71.334932013, -29.358995998999902 ], [ -71.33486949, -29.359081315 ], [ -71.334814848, -29.359130287 ], [ -71.334725380999899, -29.359175643 ], [ -71.334543740999905, -29.359241971 ], [ -71.334274139999906, -29.359424716 ], [ -71.334055515, -29.359532513 ], [ -71.333914429999894, -29.359581072 ], [ -71.333887084, -29.359596473 ], [ -71.333684459, -29.3598148949999 ], [ -71.333636806, -29.359854132999899 ], [ -71.333511863999902, -29.3599355069999 ], [ -71.333492146, -29.3599880589999 ], [ -71.333485196, -29.360098227 ], [ -71.333471694, -29.360161289 ], [ -71.333442183, -29.36021152 ], [ -71.333406431, -29.360246193 ], [ -71.333369666, -29.360269843 ], [ -71.333310749, -29.360288689 ], [ -71.333020607, -29.360304335 ], [ -71.332945049, -29.360326061 ], [ -71.332906339, -29.3603481019999 ], [ -71.332806127, -29.360412104 ], [ -71.332701906, -29.360443513 ], [ -71.332606251999906, -29.360452079 ], [ -71.332360153, -29.360396758 ], [ -71.332336563, -29.360388360999899 ], [ -71.332153728, -29.360308991999901 ], [ -71.332039493, -29.360273094 ], [ -71.331872227, -29.360248667999901 ], [ -71.331780978, -29.360247225 ], [ -71.331562621, -29.360260618 ], [ -71.331484719999906, -29.3602519149999 ], [ -71.331338963, -29.360218538 ], [ -71.331294786999905, -29.360218449999898 ], [ -71.331253676999907, -29.360228542999899 ], [ -71.331164376999894, -29.360276659 ], [ -71.331012504999904, -29.360420497 ], [ -71.330960675, -29.360455294 ], [ -71.330899686999899, -29.360473705999901 ], [ -71.330713224, -29.3605010439999 ], [ -71.330625841, -29.360527528 ], [ -71.330308303, -29.360684399 ], [ -71.330223644999904, -29.360697389999899 ], [ -71.329993413999901, -29.360661407999899 ], [ -71.329742665, -29.360661415 ], [ -71.329673772, -29.360672087999902 ], [ -71.329613832999897, -29.360691216 ], [ -71.329510043, -29.3607495319999 ], [ -71.329453862, -29.360798063999901 ], [ -71.329422571999899, -29.360839575999901 ], [ -71.329358746, -29.360971756 ], [ -71.329258825999901, -29.361163299999902 ], [ -71.329178876, -29.361273231 ], [ -71.329124625, -29.361323199 ], [ -71.329025438, -29.361396972 ], [ -71.328950182, -29.361441284 ], [ -71.328865422, -29.361471864 ], [ -71.328791039, -29.3614811909999 ], [ -71.328689668, -29.361468409999901 ], [ -71.328593384, -29.361439466 ], [ -71.328546226999904, -29.361412935 ], [ -71.328520499, -29.3613809309999 ], [ -71.328484408, -29.36124942 ], [ -71.328462923, -29.361228538 ], [ -71.328441257999899, -29.361227003 ], [ -71.328369175, -29.361245648 ], [ -71.328234859, -29.361336442 ], [ -71.328107197999898, -29.361386067 ], [ -71.327869812999893, -29.361424156999899 ], [ -71.327609643999907, -29.361508065999899 ], [ -71.327383967999907, -29.3615050249999 ], [ -71.327330194, -29.361514633999899 ], [ -71.327265811, -29.361537455 ], [ -71.327208556999906, -29.3615715359999 ], [ -71.32718969, -29.361595695999899 ], [ -71.327184528, -29.361634260999899 ], [ -71.327201525, -29.361697548999899 ], [ -71.327222821, -29.361741046 ], [ -71.327294604, -29.3618341869999 ], [ -71.327336471, -29.361922012 ], [ -71.327336123999899, -29.361970057 ], [ -71.327296523, -29.362019216 ], [ -71.327227119, -29.362058658 ], [ -71.327153865, -29.362080553999899 ], [ -71.327084783, -29.362077676 ], [ -71.326986758, -29.362022463 ], [ -71.326939438999901, -29.362014781 ], [ -71.326770489999902, -29.362078428 ], [ -71.326738205, -29.362094027999898 ], [ -71.326703951, -29.362124955999899 ], [ -71.326648852999895, -29.3622419289999 ], [ -71.326623798999904, -29.3622798829999 ], [ -71.326522376999904, -29.362389096 ], [ -71.326450832, -29.362480986 ], [ -71.326389219, -29.362532859999899 ], [ -71.326252241, -29.362618223 ], [ -71.326198303, -29.362640505999899 ], [ -71.326162981, -29.3626445959999 ], [ -71.325980266, -29.362613742 ], [ -71.325937359, -29.362619445999901 ], [ -71.325922084999902, -29.362627819 ], [ -71.325913968, -29.362643356 ], [ -71.3259111899999, -29.3626624579999 ], [ -71.325938015, -29.362869440999901 ], [ -71.325969194, -29.36300728 ], [ -71.325966244, -29.363050893 ], [ -71.325905571, -29.3631817089999 ], [ -71.325896231999906, -29.3632228019999 ], [ -71.325918137, -29.363365164 ], [ -71.325905761999906, -29.3634067039999 ], [ -71.325891262, -29.363423893999901 ], [ -71.325853880999901, -29.363451601999898 ], [ -71.325765432, -29.3634974829999 ], [ -71.325762051, -29.363509849 ], [ -71.3257759749999, -29.363540022999899 ], [ -71.325803246, -29.363565185 ], [ -71.325983875, -29.363681186999901 ], [ -71.326021228999906, -29.363713554999901 ], [ -71.326047247, -29.363744749 ], [ -71.326116676, -29.363859927 ], [ -71.326213451999905, -29.363950971 ], [ -71.326229742, -29.363992841 ], [ -71.326230961, -29.364039771 ], [ -71.32621447, -29.36409342 ], [ -71.326142552, -29.364222415 ], [ -71.326131916, -29.364264915 ], [ -71.326137933, -29.364286741999901 ], [ -71.326163799, -29.364320937999899 ], [ -71.326241992, -29.364353165 ], [ -71.326289298999896, -29.364392703 ], [ -71.326307745, -29.364439850999901 ], [ -71.326324203999903, -29.364537422999899 ], [ -71.326345789, -29.364564035999901 ], [ -71.32637339, -29.364579 ], [ -71.326477873, -29.364609373999901 ], [ -71.326502488999907, -29.364627078 ], [ -71.326533801, -29.364669359999901 ], [ -71.326538122, -29.36471225 ], [ -71.326522186, -29.364759391 ], [ -71.326430667, -29.364848154 ], [ -71.326421932999907, -29.364879545999901 ], [ -71.326431989999904, -29.364941936 ], [ -71.326481123999898, -29.365043181 ], [ -71.32649216, -29.3651179 ], [ -71.326458707, -29.365280954 ], [ -71.326450903, -29.365502614 ], [ -71.326443274, -29.36554144 ], [ -71.326393025999906, -29.365672076 ], [ -71.326377639, -29.365802297999899 ], [ -71.326377764, -29.365872825999901 ], [ -71.326401897, -29.365937159999898 ], [ -71.326479323999905, -29.366031872999901 ], [ -71.326525083, -29.366050963 ], [ -71.326625634, -29.366074302999898 ], [ -71.326686224999904, -29.366096554 ], [ -71.326717389, -29.366119286 ], [ -71.326747274, -29.366157464 ], [ -71.3267742, -29.366249164 ], [ -71.326787466, -29.366370638 ], [ -71.326777744, -29.3665010039999 ], [ -71.326753942, -29.366620597 ], [ -71.326760309, -29.366712886999899 ], [ -71.326775265, -29.366739493999901 ], [ -71.3267987629999, -29.366761009 ], [ -71.326906809, -29.366836583999898 ], [ -71.326935996, -29.366878534 ], [ -71.326942610999893, -29.3669198219999 ], [ -71.326931644999902, -29.367023354 ], [ -71.326955222, -29.367084471999899 ], [ -71.327020424999901, -29.367171973 ], [ -71.327066224, -29.36721074 ], [ -71.32720133, -29.367264437 ], [ -71.327253138999893, -29.367295118 ], [ -71.32736132, -29.3674172149999 ], [ -71.327491698999907, -29.367510325999898 ], [ -71.327562879, -29.367572035 ], [ -71.327604936999904, -29.367621765 ], [ -71.327624102999906, -29.367665241999902 ], [ -71.327634167, -29.367761245999901 ], [ -71.327651531999905, -29.36782478 ], [ -71.327741053, -29.3680506339999 ], [ -71.327787607999895, -29.368117507 ], [ -71.327874516, -29.368182251999901 ], [ -71.327924686, -29.368231615 ], [ -71.327968622, -29.368320003999902 ], [ -71.328014793, -29.3684728019999 ], [ -71.328054982, -29.368512269999901 ], [ -71.328099106, -29.3685221389999 ], [ -71.328192061, -29.368523669 ], [ -71.328235526, -29.368535499 ], [ -71.328247356, -29.368547061999902 ], [ -71.328260671, -29.368590391999899 ], [ -71.328257139, -29.3687028699999 ], [ -71.328267898, -29.3687760769999 ], [ -71.328323817, -29.368952227 ], [ -71.328352627999905, -29.368991779999899 ], [ -71.328370687, -29.369007705999898 ], [ -71.328426709, -29.369005538 ], [ -71.328564478, -29.368905997 ], [ -71.328600412999904, -29.368894611 ], [ -71.328616516, -29.36890613 ], [ -71.328605986999904, -29.368965787 ], [ -71.32854879, -29.369083495 ], [ -71.328541832, -29.369116128 ], [ -71.328549893999906, -29.369177088999901 ], [ -71.328597045, -29.369230989 ], [ -71.328666247999905, -29.369266431 ], [ -71.328721534, -29.369305682999901 ], [ -71.328748221999902, -29.369352218 ], [ -71.328748775, -29.369376657 ], [ -71.328737358, -29.3694079119999 ], [ -71.328701258, -29.369445056 ], [ -71.328584958, -29.3695401529999 ], [ -71.328476431999903, -29.369671748 ], [ -71.328459764999906, -29.369717749 ], [ -71.328623315, -29.3698061979999 ], [ -71.328951929, -29.370014888 ], [ -71.329000387999898, -29.3700563629999 ], [ -71.329125970999897, -29.370205129999899 ], [ -71.329183117, -29.370244059999902 ], [ -71.329231024, -29.370249816999898 ], [ -71.329269436999894, -29.370226402 ], [ -71.329325742, -29.370175096 ], [ -71.329386992, -29.370149807 ], [ -71.329430364, -29.370146901999899 ], [ -71.329482115, -29.370156474999899 ], [ -71.329538978, -29.370191672 ], [ -71.329561386, -29.370233028 ], [ -71.329585994, -29.370380972 ], [ -71.329598988, -29.370398899 ], [ -71.329653505, -29.370441953 ], [ -71.329684842999896, -29.370482443 ], [ -71.329685122999905, -29.370538871 ], [ -71.329669, -29.370564519 ], [ -71.3296074739999, -29.370618637 ], [ -71.329593599, -29.370658249 ], [ -71.329595674, -29.370675832 ], [ -71.329639530999899, -29.370755431 ], [ -71.329735040999907, -29.370888508 ], [ -71.329748209999906, -29.3709338049999 ], [ -71.329741463999895, -29.371025018 ], [ -71.329758394999899, -29.371067481999901 ], [ -71.329907056, -29.371177159999899 ], [ -71.330038256, -29.371248441 ], [ -71.330130959, -29.371312523 ], [ -71.330152098, -29.371340334 ], [ -71.330163248, -29.371387975999902 ], [ -71.330132409, -29.371513408999899 ], [ -71.330127363, -29.371561063999899 ], [ -71.330146467, -29.371606880999899 ], [ -71.330175937, -29.371634019999899 ], [ -71.330207941, -29.371651187999898 ], [ -71.330355185, -29.37169498 ], [ -71.330445428, -29.371745679999901 ], [ -71.330482333, -29.371823274 ], [ -71.330488945, -29.371924512 ], [ -71.330505788, -29.371968512 ], [ -71.330531108999907, -29.372000648 ], [ -71.330654411999902, -29.372058148999901 ], [ -71.330698119, -29.37210162 ], [ -71.330758871999905, -29.372217952 ], [ -71.330802065999904, -29.3723310509999 ], [ -71.33082754, -29.372372132999899 ], [ -71.330852751, -29.372397797 ], [ -71.330893756, -29.372423302999898 ], [ -71.331072505999899, -29.372472001999899 ], [ -71.331149016, -29.372508889999899 ], [ -71.331216900999905, -29.372565197 ], [ -71.331256175, -29.3726179 ], [ -71.331305057, -29.3727334179999 ], [ -71.331307586, -29.372795386 ], [ -71.331298902999904, -29.37282527 ], [ -71.331227210999899, -29.372890384999899 ], [ -71.331209288, -29.372916061999899 ], [ -71.331201248999903, -29.372967801 ], [ -71.331225781999905, -29.373115196999901 ], [ -71.331233901, -29.373233628 ], [ -71.331280692, -29.373367847999901 ], [ -71.331311027, -29.373562267 ], [ -71.331340514, -29.373625349 ], [ -71.331356493, -29.373640411999901 ], [ -71.331414137, -29.3736629489999 ], [ -71.331534265999906, -29.3736866089999 ], [ -71.331566242999898, -29.373703271 ], [ -71.331590642, -29.3737277389999 ], [ -71.331597052999896, -29.373752474 ], [ -71.331597518, -29.373773171 ], [ -71.331574707, -29.373822700999899 ], [ -71.331475785999899, -29.373904115 ], [ -71.331468969999904, -29.373936919 ], [ -71.331480943, -29.373974576 ], [ -71.331611045, -29.374213426 ], [ -71.331624846, -29.374261458 ], [ -71.331618787, -29.374317265999899 ], [ -71.331559163, -29.374408199999898 ], [ -71.331554001, -29.374496561999901 ], [ -71.331567295999903, -29.37468086 ], [ -71.331514332, -29.374858601 ], [ -71.331510088999906, -29.374903668999899 ], [ -71.331518552, -29.374943951 ], [ -71.33153785, -29.3749528079999 ], [ -71.331586985999905, -29.374958376999899 ], [ -71.331754433, -29.374942569 ], [ -71.331791338999906, -29.374945404 ], [ -71.331840004999904, -29.374963476999898 ], [ -71.331892919, -29.375000321 ], [ -71.331982356, -29.3750906 ], [ -71.332022313, -29.375141121 ], [ -71.332039144, -29.375189109 ], [ -71.33203847, -29.375234206 ], [ -71.332020805999903, -29.375283264 ], [ -71.331903993, -29.375483623 ], [ -71.3318485, -29.375536667999899 ], [ -71.331796238, -29.375555117 ], [ -71.331644561, -29.3755644559999 ], [ -71.331566224, -29.375584513 ], [ -71.331516915999899, -29.3756125429999 ], [ -71.331297161, -29.375768626 ], [ -71.331185879, -29.375864820999901 ], [ -71.331128882, -29.375896471 ], [ -71.331027175, -29.375908785 ], [ -71.330888274999893, -29.375897778 ], [ -71.330773576999903, -29.375899079 ], [ -71.330690370999903, -29.3759107139999 ], [ -71.330619086999903, -29.3759317929999 ], [ -71.330578695, -29.375956544 ], [ -71.33030661, -29.376177124 ], [ -71.330213043999905, -29.376213557 ], [ -71.330105305, -29.376227827 ], [ -71.330073332, -29.376240679 ], [ -71.330057841, -29.376270243 ], [ -71.330042941, -29.376392291999899 ], [ -71.330021018, -29.376432351999899 ], [ -71.329994961, -29.376459879 ], [ -71.329825882, -29.3765766819999 ], [ -71.329771065, -29.376598051 ], [ -71.329630101, -29.376625601999901 ], [ -71.329582, -29.376650937 ], [ -71.329545832999898, -29.376691994999899 ], [ -71.329469269, -29.3768346529999 ], [ -71.329389792, -29.376951495999901 ], [ -71.329347093, -29.377001564999901 ], [ -71.329277504999894, -29.377062276999901 ], [ -71.329242592, -29.377105194 ], [ -71.329228332999904, -29.3771351729999 ], [ -71.329181914999893, -29.377331204 ], [ -71.329217972, -29.377452837 ], [ -71.329211185, -29.377513854 ], [ -71.32919184, -29.377553302 ], [ -71.329140395, -29.37760515 ], [ -71.328955454, -29.37771033 ], [ -71.328813587, -29.377820004999901 ], [ -71.328773672, -29.377869037 ], [ -71.328763668, -29.377921683999901 ], [ -71.328762672, -29.378010587999899 ], [ -71.328753387999896, -29.378052325999899 ], [ -71.328732481, -29.378098939 ], [ -71.328671717, -29.378190694999901 ], [ -71.328655372999904, -29.378250432999899 ], [ -71.328655733999895, -29.3782952779999 ], [ -71.328685505, -29.378467022999899 ], [ -71.328678263, -29.378624316 ], [ -71.328660713, -29.378682365 ], [ -71.328575329, -29.378819764 ], [ -71.3285564829999, -29.378875682999901 ], [ -71.328565842, -29.37890944 ], [ -71.328589386, -29.37894374 ], [ -71.328654176, -29.3790003239999 ], [ -71.328672288999897, -29.379045507999901 ], [ -71.328673049, -29.3790916049999 ], [ -71.328635732999899, -29.379256203999901 ], [ -71.328634517999902, -29.379321207 ], [ -71.328649887, -29.379401034 ], [ -71.328718739, -29.379585705 ], [ -71.328748128, -29.379633264999899 ], [ -71.3287893, -29.3796814959999 ], [ -71.328908984, -29.379791469999901 ], [ -71.328945862, -29.379841074 ], [ -71.328951168999893, -29.379887426 ], [ -71.328924151, -29.380006516 ], [ -71.328938746999896, -29.380061118999901 ], [ -71.329060077, -29.380216563 ], [ -71.329084719, -29.380274986 ], [ -71.329092977999906, -29.380363884 ], [ -71.329085364, -29.380403859 ], [ -71.3290549069999, -29.380457158999899 ], [ -71.329001607, -29.3805104589999 ], [ -71.328948307, -29.380535205999902 ], [ -71.328915945999896, -29.38056947 ], [ -71.32889691, -29.380622769999899 ], [ -71.328900717, -29.380677972999901 ], [ -71.328927366999906, -29.380733177 ], [ -71.328984474, -29.380801705 ], [ -71.329045389, -29.380875944 ], [ -71.329102496, -29.380952087 ], [ -71.329184348999902, -29.381041555 ], [ -71.329301522, -29.381102757 ], [ -71.329357811, -29.381121472 ], [ -71.329447973, -29.381126851 ], [ -71.32947259, -29.381134521 ], [ -71.329509958, -29.38116704 ], [ -71.329540317, -29.381226200999901 ], [ -71.329559351999904, -29.3812928259999 ], [ -71.329564956999903, -29.381363966 ], [ -71.329562449, -29.381407209 ], [ -71.329593486, -29.3815198419999 ], [ -71.329613003, -29.381565805 ], [ -71.329692229, -29.38166052 ], [ -71.329743209999904, -29.381745754999901 ], [ -71.329855232999904, -29.381814541 ], [ -71.329874422, -29.381837554999901 ], [ -71.329882462999905, -29.381881955 ], [ -71.32985859, -29.381928210999899 ], [ -71.329834734, -29.381946532 ], [ -71.329658940999906, -29.382018049 ], [ -71.329587046, -29.382037619999899 ], [ -71.329541854999903, -29.382061942999901 ], [ -71.329499149999904, -29.382109488 ], [ -71.329400839999906, -29.382247368 ], [ -71.3293197899999, -29.382318032999901 ], [ -71.3292677969999, -29.382341674 ], [ -71.329205499, -29.382356441999899 ], [ -71.329138391999905, -29.382360064999901 ], [ -71.32909009, -29.382354259 ], [ -71.329046171, -29.382340187 ], [ -71.329002396, -29.382311308999899 ], [ -71.328909271, -29.382217828 ], [ -71.328883224, -29.382200097999899 ], [ -71.328775219, -29.3821537759999 ], [ -71.328727183, -29.3821498299999 ], [ -71.328684908999904, -29.38216872 ], [ -71.328643537999895, -29.38220014 ], [ -71.328623404, -29.382244495999899 ], [ -71.328592734, -29.3823848719999 ], [ -71.328584134, -29.382472839999899 ], [ -71.328596569999902, -29.382558315 ], [ -71.328625855, -29.382650091 ], [ -71.328681681, -29.3827367929999 ], [ -71.328700101, -29.382778894999898 ], [ -71.328704995, -29.382825878999899 ], [ -71.328688461, -29.38295584 ], [ -71.328708784999904, -29.383007252 ], [ -71.328747687, -29.3830714059999 ], [ -71.328765748, -29.383128831 ], [ -71.328765296, -29.383173295999899 ], [ -71.328743784, -29.383276260999899 ], [ -71.32874578, -29.383321746 ], [ -71.328761238, -29.383370751 ], [ -71.328791760999906, -29.383418579 ], [ -71.328911121, -29.383526646999901 ], [ -71.328965309999901, -29.383595682 ], [ -71.329005391, -29.383683591 ], [ -71.32907432, -29.383890694999899 ], [ -71.329115821, -29.384046409 ], [ -71.329133261, -29.384078425 ], [ -71.329195181, -29.384137854 ], [ -71.329217996, -29.384184801999901 ], [ -71.329289509, -29.384537969999901 ], [ -71.329316601, -29.384721312999901 ], [ -71.329367507, -29.384856011 ], [ -71.329449135999894, -29.38502712 ], [ -71.329493366, -29.385206624 ], [ -71.3295269, -29.385289209 ], [ -71.329642804999907, -29.385500218999901 ], [ -71.329726821999898, -29.385723445999901 ], [ -71.329767649, -29.385802348 ], [ -71.329818287, -29.385864970999901 ], [ -71.329858177999895, -29.385895535 ], [ -71.329948193, -29.385937106 ], [ -71.330099648, -29.385984094 ], [ -71.330172761, -29.386016582 ], [ -71.330462623999907, -29.386209618999899 ], [ -71.330753074, -29.386417799 ], [ -71.330822106, -29.386482434 ], [ -71.330903361, -29.386576599 ], [ -71.330951216999907, -29.386617363 ], [ -71.331133714, -29.386708230999901 ], [ -71.331206647, -29.386775023 ], [ -71.331302658, -29.386890916 ], [ -71.331348341, -29.386919478 ], [ -71.331394352, -29.386923242 ], [ -71.331431311, -29.386893384 ], [ -71.331513722, -29.3867819 ], [ -71.331570295999896, -29.386726203 ], [ -71.33165738, -29.386655909 ], [ -71.331706783999905, -29.386636181 ], [ -71.331751035, -29.386639631 ], [ -71.331773453, -29.3866616829999 ], [ -71.331792847, -29.386711294 ], [ -71.331781861, -29.386887925999901 ], [ -71.331790956, -29.386976976 ], [ -71.331806467, -29.387019648 ], [ -71.331841512, -29.387069773999901 ], [ -71.331929817999907, -29.387109923 ], [ -71.331988448999894, -29.387115454 ], [ -71.332121324, -29.387112365 ], [ -71.332171858, -29.387122222 ], [ -71.332415821, -29.387237722 ], [ -71.332490542, -29.387291615 ], [ -71.332606953, -29.387404065999899 ], [ -71.332682043, -29.387465814999899 ], [ -71.332788009999902, -29.387583833 ], [ -71.332813566, -29.387601967 ], [ -71.332844644, -29.387612219999902 ], [ -71.332940671, -29.387620565 ], [ -71.332998706999902, -29.387645947 ], [ -71.333070171, -29.387753639 ], [ -71.333201597, -29.3878754149999 ], [ -71.333219618, -29.387945034 ], [ -71.333210842, -29.388075920999899 ], [ -71.333188252999904, -29.3882236759999 ], [ -71.333186033999894, -29.3883577289999 ], [ -71.33317758, -29.3884179359999 ], [ -71.333144068, -29.38850157 ], [ -71.333055289999905, -29.3886836359999 ], [ -71.333044938999905, -29.388735644 ], [ -71.333048801, -29.388779095 ], [ -71.333066319, -29.388821793 ], [ -71.333143272, -29.388943219999899 ], [ -71.333184896, -29.388990764 ], [ -71.333236448, -29.389022655 ], [ -71.333395708, -29.3890916719999 ], [ -71.33341976, -29.389107533 ], [ -71.333441872, -29.389134515 ], [ -71.333440235999902, -29.389180011 ], [ -71.333400537, -29.389251311 ], [ -71.333388517999893, -29.389290407 ], [ -71.333393391, -29.389319526 ], [ -71.333427306, -29.389367485 ], [ -71.333490362, -29.389404688 ], [ -71.3335671789999, -29.389416787999899 ], [ -71.333700635, -29.389412471 ], [ -71.33384746, -29.389387373 ], [ -71.33398092, -29.389338836 ], [ -71.334067166, -29.389289155 ], [ -71.334146883, -29.389224016999901 ], [ -71.33422584, -29.389179654 ], [ -71.334277717, -29.3891693539999 ], [ -71.334349394999904, -29.389172199 ], [ -71.334409310999902, -29.389191321999899 ], [ -71.334462117, -29.389228715999899 ], [ -71.334484427999897, -29.389273545 ], [ -71.334489038, -29.389320982999902 ], [ -71.334459412999905, -29.389414487 ], [ -71.334374313999902, -29.389554792 ], [ -71.334291828999895, -29.389652296999898 ], [ -71.334235904, -29.389778683 ], [ -71.334218194999906, -29.389841592 ], [ -71.334212539, -29.389928797 ], [ -71.334221022999898, -29.390159944999901 ], [ -71.3342309, -29.390191248 ], [ -71.334273169, -29.3902628129999 ], [ -71.334291364, -29.390327315 ], [ -71.334299097, -29.3903984479999 ], [ -71.334286289, -29.390439632 ], [ -71.334229377, -29.390515728 ], [ -71.3341656919999, -29.390579805 ], [ -71.334142157, -29.390617553 ], [ -71.334130269, -29.390717821 ], [ -71.334117933999906, -29.390758213 ], [ -71.334087029, -29.390807426 ], [ -71.334046403999906, -29.390846912 ], [ -71.333956706, -29.390912178 ], [ -71.333643103, -29.391074276 ], [ -71.333623965999905, -29.3910976079999 ], [ -71.333611848, -29.391136108999898 ], [ -71.33363257, -29.391239965 ], [ -71.333631483, -29.391283657 ], [ -71.333614957, -29.391318504 ], [ -71.333550164, -29.391386825 ], [ -71.333520953999894, -29.391431563 ], [ -71.333455957999902, -29.39155211 ], [ -71.333427404, -29.391647287999898 ], [ -71.333423597, -29.39174437 ], [ -71.333429307999893, -29.391868101999901 ], [ -71.333461668, -29.391942341999901 ], [ -71.333526013, -29.3920188459999 ], [ -71.333601196, -29.392110535 ], [ -71.333626964, -29.3921561719999 ], [ -71.33364159, -29.39220273 ], [ -71.333645788, -29.39225635 ], [ -71.333638069999907, -29.392341939999898 ], [ -71.333621426, -29.392404601 ], [ -71.333587504, -29.392459792 ], [ -71.333504007, -29.392557021 ], [ -71.333508136, -29.392583252 ], [ -71.333522770999906, -29.392604976 ], [ -71.333551138, -29.392622457999899 ], [ -71.333603044, -29.3926408999999 ], [ -71.333825098, -29.392680512 ], [ -71.333849073, -29.392699007 ], [ -71.333857848, -29.39274396 ], [ -71.333821197, -29.39282887 ], [ -71.333756921, -29.392921332 ], [ -71.333643637, -29.393038132 ], [ -71.333596369, -29.393075408999898 ], [ -71.333551107999895, -29.39310045 ], [ -71.333460305, -29.39311909 ], [ -71.333250619999902, -29.393109025999902 ], [ -71.333145091999896, -29.393116281999902 ], [ -71.333105992, -29.3931349819999 ], [ -71.332962455, -29.393232805 ], [ -71.332914278, -29.393274425 ], [ -71.33287366, -29.393323256 ], [ -71.33282145, -29.393421323 ], [ -71.332810684, -29.393462933 ], [ -71.332809632, -29.393529755 ], [ -71.332831982999906, -29.393776542 ], [ -71.332843794, -29.393837984 ], [ -71.332867684, -29.393913719999901 ], [ -71.332933875, -29.394049376999899 ], [ -71.333054446999896, -29.394209825 ], [ -71.333295474, -29.394414460999901 ], [ -71.333333528, -29.3944549469999 ], [ -71.333413510999904, -29.39457433 ], [ -71.33346076, -29.394614163 ], [ -71.333597622999903, -29.394692404 ], [ -71.33364683, -29.3947117 ], [ -71.333861662999894, -29.394731172 ], [ -71.333913633999899, -29.394748718 ], [ -71.333961144999904, -29.3947831149999 ], [ -71.334095054, -29.3949933 ], [ -71.334108263, -29.395056531 ], [ -71.334118125, -29.3951981169999 ], [ -71.33414255, -29.3952741599999 ], [ -71.334180493, -29.395337636 ], [ -71.334276663, -29.395461186 ], [ -71.33432354, -29.395507058 ], [ -71.334363396999905, -29.395533682 ], [ -71.334499906, -29.3955772209999 ], [ -71.334585002, -29.395594006 ], [ -71.334630021999899, -29.3955927649999 ], [ -71.334746958, -29.395557601999901 ], [ -71.334791197, -29.395556088 ], [ -71.334847146, -29.395575831 ], [ -71.334969525, -29.39564358 ], [ -71.335022356, -29.395655555 ], [ -71.335041439, -29.395654785 ], [ -71.335081179, -29.395636725 ], [ -71.335151835, -29.395556983999899 ], [ -71.335182994, -29.395531545 ], [ -71.335238424999901, -29.395505178999901 ], [ -71.33531196, -29.395489649999899 ], [ -71.335397343999901, -29.395490008 ], [ -71.335444824, -29.395505865 ], [ -71.335489722, -29.395533666999899 ], [ -71.335579738, -29.395627601999902 ], [ -71.335644105, -29.3956415389999 ], [ -71.335711924999899, -29.395637543 ], [ -71.335766711, -29.395621626 ], [ -71.335892704999907, -29.395546622 ], [ -71.3359356939999, -29.395544075 ], [ -71.335987683, -29.395559595 ], [ -71.336030544, -29.395578681 ], [ -71.336091321, -29.395628734 ], [ -71.336113968999896, -29.395674157 ], [ -71.336106179, -29.395716010999902 ], [ -71.336076493999897, -29.395760442 ], [ -71.335986652, -29.395850797 ], [ -71.335936836, -29.395891745 ], [ -71.335833169, -29.395940931 ], [ -71.335769835999898, -29.395982288 ], [ -71.335746714, -29.396013769 ], [ -71.335742898, -29.396034615 ], [ -71.335772119999902, -29.396077322999901 ], [ -71.33587726, -29.396118741 ], [ -71.336217873, -29.396157585 ], [ -71.336255909, -29.396165012 ], [ -71.336293212, -29.396196202999899 ], [ -71.336306884, -29.396210738 ], [ -71.336348583, -29.396299889 ], [ -71.336356473, -29.396339033999901 ], [ -71.336345717, -29.396389889 ], [ -71.336325943, -29.396436749 ], [ -71.336320572, -29.396501202 ], [ -71.336342153, -29.39655944 ], [ -71.336386989999895, -29.396601733999901 ], [ -71.336413649, -29.396615067 ], [ -71.336447963999902, -29.3966206969999 ], [ -71.336799148999901, -29.396615257999901 ], [ -71.336852294, -29.39662064 ], [ -71.33691928, -29.396650801 ], [ -71.337001024999907, -29.39670482 ], [ -71.3371119, -29.396763091 ], [ -71.337280113, -29.396833902 ], [ -71.33734749, -29.396842888 ], [ -71.337547044, -29.396830242 ], [ -71.337652160999895, -29.396841324 ], [ -71.337788221, -29.396883142 ], [ -71.337879970999893, -29.396932551 ], [ -71.337924877, -29.396989441 ], [ -71.337972282, -29.397153794 ], [ -71.337974438999893, -29.397213877 ], [ -71.337962658, -29.3972514179999 ], [ -71.337928152, -29.397287511999899 ], [ -71.337895524, -29.3973038889999 ], [ -71.337738211, -29.397345629 ], [ -71.337666713, -29.397379950999898 ], [ -71.337644828999899, -29.397415925 ], [ -71.337637403, -29.397519106999901 ], [ -71.337618558, -29.397558513 ], [ -71.337561778, -29.3975829409999 ], [ -71.337458923, -29.397596434 ], [ -71.337438334999902, -29.397620838 ], [ -71.337443949, -29.397669653 ], [ -71.337516366, -29.3979027899999 ], [ -71.337699090999905, -29.398123391 ], [ -71.337736998, -29.398182521 ], [ -71.337740251999904, -29.398199781 ], [ -71.337730345, -29.398240434999899 ], [ -71.337687340999906, -29.398312769 ], [ -71.337686596, -29.398357683 ], [ -71.337758671999893, -29.398596208 ], [ -71.33778252, -29.398642332999898 ], [ -71.337860315999905, -29.398734955 ], [ -71.33787495, -29.398769221 ], [ -71.337874864999904, -29.398812065 ], [ -71.337856874, -29.398914545 ], [ -71.337859479, -29.398961523 ], [ -71.337871616, -29.399004798 ], [ -71.337915016999901, -29.399097356 ], [ -71.337948448, -29.399230192999902 ], [ -71.337979946, -29.399279447 ], [ -71.338059191, -29.399337526999901 ], [ -71.338144378, -29.399377176 ], [ -71.338329309999907, -29.3994309559999 ], [ -71.338373266, -29.399452282 ], [ -71.33841022, -29.399489410999902 ], [ -71.338463051, -29.39958948 ], [ -71.338488415, -29.399672987 ], [ -71.338536963, -29.399924196 ], [ -71.338563138, -29.40008124 ], [ -71.338567896, -29.400238284999901 ], [ -71.338567275999907, -29.4005480279999 ], [ -71.338530729999903, -29.400648084 ], [ -71.33849707, -29.4007023939999 ], [ -71.338436316, -29.40075955 ], [ -71.338377389999906, -29.400796436 ], [ -71.338286365, -29.400837701999901 ], [ -71.338139065, -29.400888962 ], [ -71.338062416999904, -29.400933626 ], [ -71.337966440999907, -29.40100289 ], [ -71.337928061999904, -29.401036528 ], [ -71.33790085, -29.4010763799999 ], [ -71.337853996, -29.401233135 ], [ -71.337823280999899, -29.4012899959999 ], [ -71.337782584, -29.401341147 ], [ -71.337734322999907, -29.401383987 ], [ -71.337653475, -29.401437283 ], [ -71.337475481999903, -29.401514209 ], [ -71.33742685, -29.401547358999899 ], [ -71.337397914, -29.401590015999901 ], [ -71.337378591999894, -29.401654497 ], [ -71.337346549999907, -29.401902021 ], [ -71.337336332999897, -29.401931036 ], [ -71.337295991, -29.401981091 ], [ -71.337247416, -29.402004137999899 ], [ -71.337228012, -29.402006274 ], [ -71.337154155, -29.401993532999899 ], [ -71.337105225999906, -29.401965522999902 ], [ -71.33701636, -29.401870539 ], [ -71.336976386999893, -29.401843745999901 ], [ -71.336938308999905, -29.401836968999898 ], [ -71.336884922, -29.4018410699999 ], [ -71.336722893999905, -29.401898231 ], [ -71.336661407, -29.401910597 ], [ -71.336593725999904, -29.4019095089999 ], [ -71.336522112999901, -29.4018953409999 ], [ -71.336481729, -29.401882531 ], [ -71.336408472999906, -29.401843743 ], [ -71.336268893, -29.401718285999898 ], [ -71.336215658999905, -29.401698863 ], [ -71.3361620109999, -29.401704299999899 ], [ -71.336119971999906, -29.40172752 ], [ -71.33609381, -29.40177076 ], [ -71.336075326999904, -29.401819374 ], [ -71.336040759, -29.4018491859999 ], [ -71.335984681999904, -29.4018463089999 ], [ -71.335892223, -29.401809222999901 ], [ -71.335846897, -29.401807628 ], [ -71.335805928, -29.401820033 ], [ -71.335759521999904, -29.401841502 ], [ -71.335696604, -29.401888449 ], [ -71.335663149, -29.401924403 ], [ -71.335571774999906, -29.402116668 ], [ -71.335543905, -29.402153945 ], [ -71.335510735, -29.402176347 ], [ -71.335451103, -29.402206734999901 ], [ -71.335417591, -29.402215646999899 ], [ -71.335351058999905, -29.402216124999899 ], [ -71.335226714, -29.4021953069999 ], [ -71.335180168, -29.402193864 ], [ -71.335136598, -29.402207573999899 ], [ -71.335113437, -29.402229351 ], [ -71.335093915999906, -29.402287675 ], [ -71.335097256, -29.402379015999902 ], [ -71.335115161, -29.402426964 ], [ -71.335213586, -29.402560811999901 ], [ -71.33527412, -29.4026662479999 ], [ -71.335291165999905, -29.4027236119999 ], [ -71.335290794999906, -29.402743766 ], [ -71.335266089, -29.402789540999901 ], [ -71.335219343999896, -29.402810493999901 ], [ -71.335151292, -29.402827107 ], [ -71.334962788, -29.402822799 ], [ -71.334815261, -29.402789486 ], [ -71.334670113999906, -29.402722861 ], [ -71.334563037999899, -29.402615786 ], [ -71.334456603, -29.402484769 ], [ -71.334408963, -29.402419079 ], [ -71.334367181999895, -29.402409523 ], [ -71.3342115949999, -29.40241464 ], [ -71.334159859, -29.402404407999899 ], [ -71.334114795999895, -29.402382706 ], [ -71.334068838999897, -29.402337561 ], [ -71.334038061999905, -29.402291842999901 ], [ -71.334000865999897, -29.402202380999899 ], [ -71.333960044, -29.402128914999899 ], [ -71.333753467, -29.4019331279999 ], [ -71.333705758999898, -29.401903348 ], [ -71.333634426999893, -29.401888748 ], [ -71.333504142, -29.401899578 ], [ -71.333421618, -29.401921038 ], [ -71.333328045, -29.401956835 ], [ -71.333244849, -29.401975783 ], [ -71.333182211999898, -29.401974456999898 ], [ -71.333081046, -29.4019570409999 ], [ -71.332986047, -29.401932562 ], [ -71.332888107, -29.401890207999902 ], [ -71.332741566, -29.401796950999898 ], [ -71.332489934, -29.40170807 ], [ -71.332348226, -29.4016216969999 ], [ -71.332284774, -29.40156067 ], [ -71.332160647, -29.401393922 ], [ -71.332080140999906, -29.401307319999901 ], [ -71.332020131, -29.401253872 ], [ -71.331767643, -29.401091884 ], [ -71.331602532, -29.401021947999901 ], [ -71.331544334999904, -29.400986160999899 ], [ -71.3315253, -29.400965035 ], [ -71.331501617, -29.400917895 ], [ -71.331469446, -29.40076585 ], [ -71.331438283999901, -29.400682017 ], [ -71.331389469, -29.400602596999899 ], [ -71.331345536, -29.400555276 ], [ -71.331297266, -29.400518807 ], [ -71.331178667999893, -29.400448899 ], [ -71.331084873999899, -29.400362343 ], [ -71.331033573999903, -29.4003256939999 ], [ -71.330939461, -29.400268722 ], [ -71.330759324, -29.400176886999901 ], [ -71.330697153999907, -29.400125276 ], [ -71.330619466, -29.400027312 ], [ -71.330542164, -29.399906456999901 ], [ -71.330441483999905, -29.399799567999899 ], [ -71.330399717, -29.3996966 ], [ -71.330342441, -29.399589987999899 ], [ -71.330298061999898, -29.399485661 ], [ -71.330266201, -29.399423630999902 ], [ -71.330224791, -29.399366918999899 ], [ -71.330176797, -29.399330076 ], [ -71.330008188, -29.399231992999901 ], [ -71.329960295, -29.399190103 ], [ -71.32979994, -29.3989968889999 ], [ -71.329636542999907, -29.398840865 ], [ -71.329515035, -29.398648588999901 ], [ -71.329465575, -29.398603357 ], [ -71.329361924999901, -29.39853296 ], [ -71.329317075999896, -29.398487062 ], [ -71.329228195, -29.398346354999902 ], [ -71.329168167, -29.398279074999898 ], [ -71.329076018, -29.3982242229999 ], [ -71.328866865999899, -29.398145177999901 ], [ -71.328596424999901, -29.398012842 ], [ -71.328523318, -29.397968936 ], [ -71.328477623, -29.397926245 ], [ -71.328395967999896, -29.397827917 ], [ -71.328330788, -29.397707607 ], [ -71.328315586, -29.39769346 ], [ -71.328276202, -29.397675890999899 ], [ -71.328147881999897, -29.39764862 ], [ -71.327984085, -29.397578148 ], [ -71.327878895, -29.397553865 ], [ -71.327723670999902, -29.397469907999898 ], [ -71.327558689999904, -29.397400035 ], [ -71.327472717, -29.39737924 ], [ -71.327312842, -29.397359692999899 ], [ -71.3270910049999, -29.397320075 ], [ -71.326883769999895, -29.397313072 ], [ -71.326762215, -29.397299111999899 ], [ -71.326634188999904, -29.397265424 ], [ -71.326476623, -29.397204587 ], [ -71.326421459999906, -29.397195698 ], [ -71.326290765, -29.3972042 ], [ -71.3261141, -29.3972004519999 ], [ -71.326023054, -29.39720941 ], [ -71.325960972, -29.397224794 ], [ -71.325830046, -29.397277059 ], [ -71.325667993, -29.3973139789999 ], [ -71.325487803, -29.397381685 ], [ -71.325301324, -29.3974756389999 ], [ -71.325142388, -29.397525569 ], [ -71.324976001, -29.397563449 ], [ -71.324934927999905, -29.3975947489999 ], [ -71.324903983, -29.397654192999902 ], [ -71.324858697, -29.397698244 ], [ -71.324721155, -29.397718523 ], [ -71.324660179, -29.3977437039999 ], [ -71.324616816999907, -29.39778953 ], [ -71.324542228, -29.397922923 ], [ -71.324492322, -29.3979363609999 ], [ -71.324419639, -29.397929815999898 ], [ -71.324377424, -29.397933553 ], [ -71.324240578999905, -29.397976356999902 ], [ -71.324120781, -29.397956775999901 ], [ -71.324083250999905, -29.397961939 ], [ -71.32404366, -29.397980102 ], [ -71.323956922, -29.398037241999901 ], [ -71.32384566, -29.3981723979999 ], [ -71.32379787, -29.398212698 ], [ -71.32358026, -29.3983155069999 ], [ -71.323462803, -29.398420243 ], [ -71.323414374, -29.398440159 ], [ -71.323300439, -29.398462325 ], [ -71.323277251, -29.398476097 ], [ -71.323231837, -29.398520914 ], [ -71.323193198999903, -29.39854278 ], [ -71.323151079, -29.398547171 ], [ -71.323059163, -29.398540961 ], [ -71.323005630999901, -29.398561089999902 ], [ -71.322964906, -29.398598464 ], [ -71.322900138, -29.398688798 ], [ -71.322812896, -29.398779724999901 ], [ -71.322739058, -29.398845170999898 ], [ -71.322588851, -29.398960248 ], [ -71.322547508999904, -29.399006654999901 ], [ -71.322444308999906, -29.399182880999899 ], [ -71.322349486999897, -29.399317206 ], [ -71.322278349, -29.399457728999899 ], [ -71.322184804, -29.399571938 ], [ -71.322171946, -29.3996088499999 ], [ -71.322154333999904, -29.399754476999899 ], [ -71.322117734, -29.399873815 ], [ -71.322075813, -29.399965761 ], [ -71.322006528, -29.400089868 ], [ -71.322005245, -29.4001340149999 ], [ -71.322036918, -29.4002169299999 ], [ -71.322087842, -29.4004458859999 ], [ -71.322103636999898, -29.400584572 ], [ -71.322115994999905, -29.400637746 ], [ -71.322150391, -29.400715298 ], [ -71.322227462999905, -29.400833336999899 ], [ -71.322246671, -29.400892579 ], [ -71.322234411999901, -29.40094443 ], [ -71.322174318, -29.401051964 ], [ -71.32216095, -29.401089231 ], [ -71.322133538999907, -29.401189836 ], [ -71.322111917, -29.401307442 ], [ -71.322081817, -29.401389891 ], [ -71.321952602, -29.401662453 ], [ -71.321866626, -29.401800309999899 ], [ -71.321864618999896, -29.401845776 ], [ -71.321879778, -29.40187327 ], [ -71.321937443, -29.401932442 ], [ -71.321947215, -29.401973586999901 ], [ -71.321940996, -29.401994209999899 ], [ -71.321927930999905, -29.402021815 ], [ -71.321821514, -29.402113534 ], [ -71.3217484689999, -29.4021577739999 ], [ -71.321593527999894, -29.402232316 ], [ -71.321543183, -29.402266423999901 ], [ -71.321518846999894, -29.402288547999898 ], [ -71.321497097, -29.402337845 ], [ -71.321507267, -29.402382095999901 ], [ -71.321523011999901, -29.402404384 ], [ -71.321611122, -29.402497132999901 ], [ -71.321658999, -29.402563019999899 ], [ -71.321691916, -29.40263843 ], [ -71.321739427, -29.402793634 ], [ -71.321733010999907, -29.402859932 ], [ -71.321651889, -29.403018833 ], [ -71.321637242, -29.403059707999901 ], [ -71.321635288, -29.403104535 ], [ -71.321657784, -29.403171659999899 ], [ -71.321744459999906, -29.403329603 ], [ -71.321767224, -29.403439589999898 ], [ -71.32176069, -29.403505405 ], [ -71.321722092999906, -29.403598078 ], [ -71.321711870999906, -29.403658306999901 ], [ -71.321721473, -29.403732816999899 ], [ -71.321761494, -29.403886730999901 ], [ -71.321760223, -29.403931717 ], [ -71.321741868999894, -29.404011049 ], [ -71.321739351, -29.4040560249999 ], [ -71.3217688189999, -29.404206461999902 ], [ -71.321735681999897, -29.404348078999899 ], [ -71.321723901, -29.404431535999901 ], [ -71.321717932999903, -29.404518188999901 ], [ -71.321723886, -29.40459007 ], [ -71.321794559, -29.404875275999899 ], [ -71.321820223, -29.404953668 ], [ -71.321861089, -29.4050399509999 ], [ -71.321947146999904, -29.405178873999901 ], [ -71.321969114, -29.405228418 ], [ -71.321971007999906, -29.405273381 ], [ -71.321961566, -29.405314781999898 ], [ -71.321898992999905, -29.4054896439999 ], [ -71.321894777, -29.405622762 ], [ -71.321909063, -29.405672785 ], [ -71.321925365, -29.405701296 ], [ -71.322020482, -29.4058073899999 ], [ -71.322071706, -29.405896571 ], [ -71.322093631, -29.405969427999899 ], [ -71.322094528, -29.406059823 ], [ -71.322103864, -29.406111784 ], [ -71.322151937999905, -29.4061938789999 ], [ -71.322222130999904, -29.406256491 ], [ -71.322425699999897, -29.406351964999899 ], [ -71.32247948, -29.406398357999901 ], [ -71.322510877, -29.406436269 ], [ -71.322533114, -29.406479939999901 ], [ -71.322544136, -29.406530266999901 ], [ -71.3225427469999, -29.406644454999899 ], [ -71.322589482, -29.4067808359999 ], [ -71.322603624, -29.406933588999902 ], [ -71.322653158, -29.407067242 ], [ -71.322667759999902, -29.407133772 ], [ -71.322662177, -29.407176642 ], [ -71.322649532999904, -29.4072040359999 ], [ -71.322555854, -29.407290566 ], [ -71.322532901, -29.407339067 ], [ -71.322540784, -29.407384212 ], [ -71.322619308999904, -29.4074750199999 ], [ -71.322635407999897, -29.407521167 ], [ -71.322634896999901, -29.4075666009999 ], [ -71.322591239, -29.407838481999899 ], [ -71.322590426, -29.407884755999898 ], [ -71.322597839, -29.4079131579999 ], [ -71.322630644999904, -29.407965109 ], [ -71.322711044999906, -29.408062721 ], [ -71.322844023, -29.40828995 ], [ -71.322888463, -29.408332774 ], [ -71.323010299, -29.408380812 ], [ -71.323050645, -29.408407847 ], [ -71.323121262, -29.408509161 ], [ -71.323167407, -29.408554425 ], [ -71.323213482, -29.408579545 ], [ -71.323270718999893, -29.4085981009999 ], [ -71.323509287, -29.40863088 ], [ -71.323690313, -29.408677396 ], [ -71.324001374, -29.408773903999901 ], [ -71.324050276, -29.408807747 ], [ -71.324136038999896, -29.408915894 ], [ -71.324202825, -29.408960314 ], [ -71.324440556, -29.409088879 ], [ -71.32455763, -29.409149961 ], [ -71.324691475, -29.4092451399999 ], [ -71.324853774, -29.4094106649999 ], [ -71.324925755, -29.409455299999902 ], [ -71.325040027999904, -29.409486399999899 ], [ -71.325182997999903, -29.409505877 ], [ -71.325215903, -29.409515923 ], [ -71.325260989999904, -29.409542121999898 ], [ -71.325267112999896, -29.409600769 ], [ -71.325220611, -29.4097340759999 ], [ -71.325214602, -29.40980651 ], [ -71.325225895999907, -29.409857712 ], [ -71.325247127999901, -29.409905798 ], [ -71.325303004, -29.409982668999898 ], [ -71.325395490999895, -29.41006899 ], [ -71.325533492, -29.410151447 ], [ -71.325625926, -29.4102438319999 ], [ -71.325799700999895, -29.410347843999901 ], [ -71.325839424, -29.410401722 ], [ -71.325890412, -29.410537661 ], [ -71.325937556, -29.410587612 ], [ -71.326119362, -29.410623318 ], [ -71.326165494, -29.410645415 ], [ -71.326213481, -29.41068297 ], [ -71.326228925999899, -29.41071391 ], [ -71.326228903, -29.410761401999899 ], [ -71.326196846, -29.4108110879999 ], [ -71.326153291, -29.410857613 ], [ -71.326139836, -29.410902371 ], [ -71.326209497, -29.410988132999901 ], [ -71.326210896, -29.4110367759999 ], [ -71.3261583029999, -29.411159627 ], [ -71.326164096999904, -29.411213452 ], [ -71.326279206, -29.411348186999899 ], [ -71.326306817, -29.41139342 ], [ -71.326321360999899, -29.4114616919999 ], [ -71.326317654, -29.411549320999899 ], [ -71.326339892, -29.411618172 ], [ -71.326472756, -29.411740006999899 ], [ -71.326493814999907, -29.411770853999901 ], [ -71.326510293999903, -29.41182731 ], [ -71.326518130999901, -29.411935024999899 ], [ -71.326612068, -29.412050098999899 ], [ -71.326648229999904, -29.41211906 ], [ -71.326657734, -29.412167812 ], [ -71.326656805, -29.412250109 ], [ -71.326705083, -29.412301875 ], [ -71.326827258, -29.412380094 ], [ -71.326861693999902, -29.4124293409999 ], [ -71.326899907, -29.4125831439999 ], [ -71.326949291999895, -29.412696963 ], [ -71.326958762999894, -29.412816939 ], [ -71.326995209, -29.4129235619999 ], [ -71.327003508, -29.412972415 ], [ -71.326999381, -29.413016141 ], [ -71.326985766999897, -29.413057108 ], [ -71.32692952, -29.41315106 ], [ -71.326798173, -29.413335542 ], [ -71.326754238, -29.41338139 ], [ -71.326707319, -29.413410969 ], [ -71.326648841, -29.413417518 ], [ -71.326568314, -29.41339648 ], [ -71.326521957999901, -29.413392272 ], [ -71.326386256, -29.4134368809999 ], [ -71.326148304999904, -29.413457684 ], [ -71.326118725, -29.4134665509999 ], [ -71.326075351, -29.413497284999899 ], [ -71.325892414, -29.41366569 ], [ -71.325850143, -29.413723422 ], [ -71.325785751, -29.413852604999899 ], [ -71.325741985, -29.41390161 ], [ -71.325668489, -29.4139626579999 ], [ -71.325533194999906, -29.414121603999899 ], [ -71.325507037, -29.414162529 ], [ -71.325459117, -29.4142752929999 ], [ -71.325428298, -29.414324484 ], [ -71.325368431, -29.414381939999899 ], [ -71.325239080999907, -29.414478088 ], [ -71.324989567, -29.414608589 ], [ -71.324927733, -29.414620645 ], [ -71.32485726, -29.414599446 ], [ -71.324719742, -29.4144918329999 ], [ -71.324672985999896, -29.414467585 ], [ -71.324629899999906, -29.414456609999899 ], [ -71.324585032999906, -29.414473085999902 ], [ -71.324498300999906, -29.414594732999898 ], [ -71.324370178, -29.41469218 ], [ -71.324342143, -29.414728683 ], [ -71.324283744, -29.414832372 ], [ -71.324260250999899, -29.414855067 ], [ -71.324232396999903, -29.41486745 ], [ -71.324200179999906, -29.414863663999899 ], [ -71.324067513, -29.414793958 ], [ -71.324040771999904, -29.414788014 ], [ -71.324002597999893, -29.414798807 ], [ -71.323972252, -29.414837344 ], [ -71.323940168, -29.414955826 ], [ -71.323914424999899, -29.414988459 ], [ -71.323750895, -29.415017028 ], [ -71.323718475, -29.41503281 ], [ -71.32368574, -29.415066402 ], [ -71.323658893, -29.415132691999901 ], [ -71.323645583, -29.4152752429999 ], [ -71.32362455, -29.415315119 ], [ -71.323586967, -29.415362260999899 ], [ -71.323476888999906, -29.415463791 ], [ -71.323330778999903, -29.415543543999899 ], [ -71.32327894, -29.415582986999901 ], [ -71.323206593999899, -29.415672739999899 ], [ -71.323185359, -29.415713148 ], [ -71.323181072999901, -29.415768887999899 ], [ -71.323193906, -29.415809121999899 ], [ -71.323287982, -29.415943878 ], [ -71.323321217999904, -29.416024877 ], [ -71.323331295999907, -29.416072716 ], [ -71.323330693999907, -29.416118007 ], [ -71.323319317, -29.4161599349999 ], [ -71.323236266, -29.416307366 ], [ -71.323229806, -29.416351076999899 ], [ -71.32327457, -29.416364429999899 ], [ -71.323319786999903, -29.416360574999899 ], [ -71.323478831, -29.416321517 ], [ -71.323545990999904, -29.416316241999901 ], [ -71.323614614, -29.416321813 ], [ -71.3236853, -29.416345883 ], [ -71.323717565, -29.416397156999899 ], [ -71.323729984, -29.416441409 ], [ -71.323730596, -29.416530334 ], [ -71.323713304, -29.416668511999902 ], [ -71.323718548, -29.416714066999901 ], [ -71.323730863, -29.416738692 ], [ -71.323749855999907, -29.416755172 ], [ -71.323790867, -29.416766691 ], [ -71.323948319, -29.416758145 ], [ -71.323996114, -29.416779457 ], [ -71.324016737, -29.416802183999899 ], [ -71.324052487999893, -29.416887400999901 ], [ -71.324065388, -29.4169793209999 ], [ -71.324054877, -29.417038239 ], [ -71.324011809999902, -29.417113531 ], [ -71.324000175, -29.4171610399999 ], [ -71.324043344, -29.417234516 ], [ -71.324053249, -29.417264235999902 ], [ -71.324051928999907, -29.417305193999901 ], [ -71.324021085, -29.417385597 ], [ -71.324033411, -29.417460185 ], [ -71.324095588, -29.417611313999899 ], [ -71.324315443, -29.4180166589999 ], [ -71.324382864, -29.418106244999901 ], [ -71.324502389, -29.418199211999902 ], [ -71.3245416, -29.418262630999902 ], [ -71.324552363999899, -29.4183023259999 ], [ -71.324550821999907, -29.418392750999899 ], [ -71.324542685, -29.418424119 ], [ -71.324517724, -29.418467047 ], [ -71.324473865999906, -29.418512505 ], [ -71.324358872999895, -29.418600323 ], [ -71.324321132, -29.4186429539999 ], [ -71.324093948, -29.418999025999899 ], [ -71.324003338, -29.419100757 ], [ -71.323816015, -29.419274206999901 ], [ -71.323774979999897, -29.419322915999899 ], [ -71.3237724479999, -29.419368737 ], [ -71.323815829, -29.419384341999901 ], [ -71.3238633509999, -29.419387344 ], [ -71.3239561, -29.419368805 ], [ -71.32427368, -29.419235391 ], [ -71.324579029999896, -29.41904748 ], [ -71.324676742, -29.419008189 ], [ -71.324807420999903, -29.418971913999901 ], [ -71.324893759, -29.418965392 ], [ -71.324945606, -29.418978631999899 ], [ -71.324995074, -29.419008210999898 ], [ -71.325008953, -29.419048726 ], [ -71.325006178, -29.419115904 ], [ -71.324944424, -29.419318899 ], [ -71.324897313, -29.4195548819999 ], [ -71.324861716, -29.41964473 ], [ -71.324820723999906, -29.419692555 ], [ -71.324790671999907, -29.419707897 ], [ -71.324749539, -29.419714943 ], [ -71.324632097999896, -29.419708923 ], [ -71.324451318999905, -29.419661215 ], [ -71.3243779539999, -29.419652524 ], [ -71.324296934999893, -29.419669196 ], [ -71.324269311, -29.419682619 ], [ -71.324254459, -29.419708944 ], [ -71.324253198999898, -29.419729441 ], [ -71.324291726999903, -29.419772662 ], [ -71.324406349999904, -29.419864489 ], [ -71.324541396, -29.419909527 ], [ -71.324616238, -29.419951564 ], [ -71.324656088, -29.420000215 ], [ -71.324678166999902, -29.420052402 ], [ -71.324675801, -29.420086695999899 ], [ -71.324618549, -29.420162221999899 ], [ -71.32458819, -29.42030342 ], [ -71.324540944, -29.4203782549999 ], [ -71.324498348, -29.420496984 ], [ -71.324451871, -29.420518746 ], [ -71.324318058999907, -29.420521347 ], [ -71.324231749, -29.420533564 ], [ -71.324194748, -29.420553319 ], [ -71.324174818999893, -29.420577663 ], [ -71.324180091999906, -29.420630114999899 ], [ -71.324269978, -29.420744702 ], [ -71.324298374, -29.420811571999899 ], [ -71.324297159, -29.420856186 ], [ -71.324287386, -29.420871855 ], [ -71.324256181, -29.420890158 ], [ -71.32418745, -29.420893367 ], [ -71.324149545, -29.4208844089999 ], [ -71.324060750999905, -29.420823335 ], [ -71.323992222999905, -29.420753379 ], [ -71.323911946, -29.420628823 ], [ -71.323879282, -29.420556059 ], [ -71.323820947999906, -29.420404774 ], [ -71.323775591999905, -29.420334861999901 ], [ -71.323708159, -29.420270672999902 ], [ -71.323539159999896, -29.420172146 ], [ -71.323474916999899, -29.420145940999902 ], [ -71.32343143, -29.420146799 ], [ -71.323330009, -29.420182983 ], [ -71.3232784369999, -29.420192777999901 ], [ -71.323232619999899, -29.420135828 ], [ -71.323192268999904, -29.419966288 ], [ -71.32314953, -29.4199243589999 ], [ -71.323006607, -29.419853733 ], [ -71.322966782, -29.419824009 ], [ -71.322946842, -29.419777858 ], [ -71.322930422999903, -29.419683022999902 ], [ -71.322914993, -29.419663996999901 ], [ -71.322875381, -29.419636324 ], [ -71.322753886, -29.419604648 ], [ -71.322689572999906, -29.419603535 ], [ -71.322603721999897, -29.4196192379999 ], [ -71.322560009, -29.419606228 ], [ -71.32234819, -29.419418271 ], [ -71.3223137909999, -29.419368968 ], [ -71.322300180999903, -29.419319894 ], [ -71.322303147999904, -29.4192959599999 ], [ -71.322318991, -29.419262285999899 ], [ -71.3225280999999, -29.419112638999898 ], [ -71.322547337999893, -29.419082006999901 ], [ -71.322562252999901, -29.4190172089999 ], [ -71.322561172999897, -29.418868351 ], [ -71.322542203999902, -29.418783611 ], [ -71.322517371999893, -29.418738613999899 ], [ -71.322430778, -29.41865989 ], [ -71.322380505, -29.418603366 ], [ -71.322361845, -29.418538579 ], [ -71.322359483999904, -29.418491817 ], [ -71.322368306, -29.418406522999899 ], [ -71.322401439, -29.418242012 ], [ -71.322406004999905, -29.4181772919999 ], [ -71.322399229, -29.418083201999899 ], [ -71.322362859, -29.417908216999901 ], [ -71.322364354999905, -29.4178398409999 ], [ -71.322420644, -29.417606521 ], [ -71.322565381999894, -29.417261641 ], [ -71.322571865, -29.4172004 ], [ -71.322566377, -29.417173103 ], [ -71.322552225, -29.417146509 ], [ -71.322514223, -29.417112652999901 ], [ -71.322378049, -29.417073538999901 ], [ -71.322283665, -29.417036013 ], [ -71.322243301999904, -29.417025798999902 ], [ -71.322069884, -29.4170243149999 ], [ -71.321971751, -29.417001829 ], [ -71.321596432, -29.416831048999899 ], [ -71.321546666, -29.416798964 ], [ -71.321510111999899, -29.416756413 ], [ -71.3215032909999, -29.41671278 ], [ -71.321519892, -29.416661829 ], [ -71.321651695999904, -29.416489328 ], [ -71.321665981, -29.416433203999901 ], [ -71.321653488, -29.416382574999901 ], [ -71.321633597, -29.416354478999899 ], [ -71.321562716999907, -29.4162914139999 ], [ -71.321539958999907, -29.416259837 ], [ -71.321530681, -29.4162283369999 ], [ -71.32154134, -29.416168699 ], [ -71.321591753999897, -29.416033871 ], [ -71.321592338999906, -29.415988706 ], [ -71.321579219999904, -29.41594214 ], [ -71.321521001, -29.415809854 ], [ -71.32151425, -29.415724666 ], [ -71.321542780999906, -29.415649775 ], [ -71.321629286, -29.415536827 ], [ -71.321681078, -29.4154484499999 ], [ -71.32171005, -29.4153717209999 ], [ -71.3217097469999, -29.4153124649999 ], [ -71.32167609, -29.415272675 ], [ -71.321604469, -29.4152131869999 ], [ -71.32152042, -29.4151297179999 ], [ -71.321318333, -29.414954812 ], [ -71.321270606, -29.414924540999898 ], [ -71.321200216, -29.414910942999899 ], [ -71.321048184999896, -29.414927932 ], [ -71.320854514, -29.414903947 ], [ -71.320616904, -29.4149186339999 ], [ -71.32052583, -29.4149179089999 ], [ -71.320444146999904, -29.414903554 ], [ -71.320244016999894, -29.414848741 ], [ -71.32017303, -29.414843994 ], [ -71.320117030999896, -29.414856726 ], [ -71.319998779999906, -29.414913855 ], [ -71.319904699999896, -29.414942585999899 ], [ -71.319843481, -29.414947538 ], [ -71.319700151999896, -29.414934041 ], [ -71.319634521999902, -29.414941278999901 ], [ -71.319587642, -29.414954539 ], [ -71.319409365, -29.415033863 ], [ -71.319353833, -29.415049097999901 ], [ -71.319284951, -29.415053145999899 ], [ -71.3191452, -29.41504545 ], [ -71.318955473999907, -29.415068296999902 ], [ -71.318820429, -29.415067878999899 ], [ -71.318757631, -29.415076664 ], [ -71.318638493, -29.415109193 ], [ -71.318595019, -29.415113308999899 ], [ -71.318380056, -29.415092472 ], [ -71.318275587999906, -29.4151007839999 ], [ -71.31821666, -29.415121156999898 ], [ -71.318163203, -29.415149734 ], [ -71.31798816, -29.4152945559999 ], [ -71.317898054, -29.41533973 ], [ -71.317815213, -29.415351057999899 ], [ -71.317692146999903, -29.41530861 ], [ -71.317640291, -29.415309229999899 ], [ -71.317511043, -29.415357806 ], [ -71.317380562, -29.4153890599999 ], [ -71.317196098999901, -29.415468118 ], [ -71.31711131, -29.415483730999899 ], [ -71.317061827, -29.415470462 ], [ -71.317032447, -29.415451867999899 ], [ -71.316949376, -29.4153589639999 ], [ -71.316893313, -29.415317767 ], [ -71.316656463, -29.415246649 ], [ -71.316611812, -29.415226813999901 ], [ -71.316540834, -29.4151797879999 ], [ -71.316448887, -29.415091764 ], [ -71.316273732999903, -29.414863513999901 ], [ -71.316207407, -29.414792661 ], [ -71.316116334999904, -29.414729420999901 ], [ -71.315984302999894, -29.414670698999899 ], [ -71.315757461, -29.41461989 ], [ -71.315553721999905, -29.414526419 ], [ -71.315485313, -29.4145026579999 ], [ -71.315426104, -29.414493883 ], [ -71.315348282999906, -29.4145014489999 ], [ -71.315128977, -29.414582663 ], [ -71.315047106, -29.414597511999901 ], [ -71.314770611, -29.414585418999899 ], [ -71.314543675, -29.414545179999902 ], [ -71.314416697999903, -29.414553457 ], [ -71.314379666, -29.414547203 ], [ -71.314355397, -29.41453374 ], [ -71.314327539, -29.414505547 ], [ -71.314280103, -29.414368420999899 ], [ -71.314179576999905, -29.414232513999899 ], [ -71.314048032, -29.414019579999898 ], [ -71.313983573, -29.413958662 ], [ -71.313853467999905, -29.413869408 ], [ -71.313809541, -29.413780419 ], [ -71.313781772, -29.413739592 ], [ -71.313719079, -29.413685739999899 ], [ -71.31356764, -29.413602136 ], [ -71.313503523, -29.413557994 ], [ -71.313428274, -29.413471854 ], [ -71.313368047, -29.41342207 ], [ -71.313278485, -29.413368367 ], [ -71.313170704, -29.413330518999899 ], [ -71.313101549, -29.413317035 ], [ -71.312912239, -29.413298337999901 ], [ -71.312693839, -29.4132386009999 ], [ -71.312601802999893, -29.413241038 ], [ -71.312538632, -29.413270149 ], [ -71.312411783999906, -29.413367046 ], [ -71.312350017, -29.413420261999899 ], [ -71.312253077, -29.41352253 ], [ -71.312064219, -29.4136812479999 ], [ -71.312013127999904, -29.413707288 ], [ -71.311970582999905, -29.413716703 ], [ -71.311924276999903, -29.413708578999898 ], [ -71.311898254, -29.413693237 ], [ -71.311753791999905, -29.413521155 ], [ -71.311702467, -29.4134879759999 ], [ -71.311670889, -29.4134774579999 ], [ -71.311607694, -29.413478966 ], [ -71.311567085, -29.413492805 ], [ -71.311464880999907, -29.413558762 ], [ -71.311409329, -29.413580463 ], [ -71.311340672, -29.413580365 ], [ -71.311207231, -29.413555279 ], [ -71.31104627, -29.413577044 ], [ -71.311000467, -29.413576271 ], [ -71.310924042999901, -29.413552355 ], [ -71.310726847, -29.413437713999901 ], [ -71.310660997, -29.413374874999899 ], [ -71.310575644, -29.4132584769999 ], [ -71.310530921, -29.413213899 ], [ -71.310349542, -29.413109332 ], [ -71.310213918, -29.413010067 ], [ -71.310170258, -29.412994178 ], [ -71.310034872, -29.412965431 ], [ -71.309944078999905, -29.412923739 ], [ -71.309842795999899, -29.412921642999901 ], [ -71.309788330999893, -29.412906461 ], [ -71.3096024069999, -29.412791504 ], [ -71.309483701, -29.412694282 ], [ -71.309413757999906, -29.412660822 ], [ -71.309359137999905, -29.412655104999899 ], [ -71.309283804, -29.412666261 ], [ -71.309138141999895, -29.412703232999899 ], [ -71.30899218, -29.412698541999902 ], [ -71.308902469, -29.412710622 ], [ -71.308788283, -29.4127125169999 ], [ -71.308748744999903, -29.412722693 ], [ -71.308721132, -29.4127395739999 ], [ -71.308675010999906, -29.412794517 ], [ -71.308629804, -29.412830524 ], [ -71.308586845, -29.412844494 ], [ -71.308480418, -29.412862038999901 ], [ -71.308346585, -29.412952576999899 ], [ -71.30816585, -29.413016226 ], [ -71.308099802999905, -29.413049682999901 ], [ -71.307993516, -29.413139505999901 ], [ -71.307825884, -29.413262263 ], [ -71.3077685599999, -29.413317671 ], [ -71.307681825, -29.4134565919999 ], [ -71.30756557, -29.4135670319999 ], [ -71.30741956, -29.4137543269999 ], [ -71.307375686999904, -29.413827180999899 ], [ -71.307354499, -29.413895171 ], [ -71.307345155, -29.413959179 ], [ -71.307350313, -29.4141182719999 ], [ -71.307361094, -29.414170420999898 ], [ -71.307376642999898, -29.414206458 ], [ -71.307492504, -29.414365846 ], [ -71.307539751, -29.414459467 ], [ -71.307547827999898, -29.414507468999901 ], [ -71.30752252, -29.414633959 ], [ -71.307531228999906, -29.414683612 ], [ -71.307551067, -29.414727191999901 ], [ -71.307601644, -29.414757630999901 ], [ -71.307632433, -29.414765197 ], [ -71.30780428, -29.4147522919999 ], [ -71.307851322, -29.4147550439999 ], [ -71.307905703999893, -29.4147681389999 ], [ -71.307956659, -29.414798703 ], [ -71.308015893999894, -29.414863862999901 ], [ -71.308034829999897, -29.414909679999901 ], [ -71.308042716, -29.41495837 ], [ -71.308031253, -29.415179302999899 ], [ -71.30801645, -29.415236643999901 ], [ -71.307999939999902, -29.415261898 ], [ -71.30796122, -29.415292042 ], [ -71.307916055, -29.415313588999901 ], [ -71.307884698999899, -29.415320117 ], [ -71.307821066, -29.4153246179999 ], [ -71.307634534, -29.415309812 ], [ -71.307516667999906, -29.415315584 ], [ -71.307420691999894, -29.415336351999901 ], [ -71.307246147999905, -29.415397996 ], [ -71.307076988999896, -29.4154165859999 ], [ -71.306924879, -29.415473045999899 ], [ -71.306881099999899, -29.415476191 ], [ -71.306743276, -29.415466953 ], [ -71.306700914, -29.415474452999899 ], [ -71.306657254999905, -29.415496903 ], [ -71.306637780999907, -29.415541149 ], [ -71.30661745, -29.4156686339999 ], [ -71.306601459, -29.415723612 ], [ -71.306566352999894, -29.415797373 ], [ -71.306493762999906, -29.4159198209999 ], [ -71.306464606, -29.4160188819999 ], [ -71.306415575999907, -29.416308490999899 ], [ -71.30641708, -29.416378853 ], [ -71.306441046, -29.416546020999899 ], [ -71.306438011, -29.416614851 ], [ -71.306427951, -29.416662718999898 ], [ -71.306295561999903, -29.416937414 ], [ -71.306214129999901, -29.4170373319999 ], [ -71.306147656, -29.417146911 ], [ -71.306122205999898, -29.417201507 ], [ -71.306111836, -29.417252762 ], [ -71.306130035, -29.417293292999901 ], [ -71.30620361, -29.4173857279999 ], [ -71.306225024999904, -29.417454732 ], [ -71.306222646, -29.417545151999899 ], [ -71.306201231, -29.417607018 ], [ -71.306172676999907, -29.417664124999899 ], [ -71.306068632999896, -29.417774565999899 ], [ -71.306027631999896, -29.417794086 ], [ -71.3058381, -29.417834717999899 ], [ -71.305616705, -29.417855115999899 ], [ -71.305554352999906, -29.417866687 ], [ -71.305515962, -29.4178840719999 ], [ -71.3054400299999, -29.417973735 ], [ -71.305394237, -29.417998369 ], [ -71.305335252, -29.41801133 ], [ -71.305162740999904, -29.418024015999901 ], [ -71.305145217, -29.418037501 ], [ -71.305138687, -29.418059991 ], [ -71.305181725, -29.418214384 ], [ -71.305191448, -29.418355919 ], [ -71.305168823, -29.418423742999899 ], [ -71.30508385, -29.418552792 ], [ -71.305072662, -29.418609939 ], [ -71.305075068999898, -29.418650027 ], [ -71.305093456, -29.418710397 ], [ -71.305165315, -29.418827581999899 ], [ -71.305207019, -29.418918201999901 ], [ -71.305277563999894, -29.419028468 ], [ -71.305284692, -29.419053287999901 ], [ -71.3052828, -29.419098367999901 ], [ -71.305253626, -29.419181551999898 ], [ -71.305251647, -29.4192355929999 ], [ -71.305274653, -29.4192810179999 ], [ -71.305337140999896, -29.419365856999899 ], [ -71.305369357, -29.419452793999898 ], [ -71.305372569, -29.41957246 ], [ -71.305337304, -29.419733439 ], [ -71.305324689, -29.419864275999899 ], [ -71.305328746, -29.4199790169999 ], [ -71.305346555, -29.420044377 ], [ -71.305442872999905, -29.420145724 ], [ -71.305479904, -29.420212703999901 ], [ -71.305542411, -29.420362322 ], [ -71.305569082, -29.4204038459999 ], [ -71.305625280999905, -29.4204602309999 ], [ -71.305664179, -29.420513189 ], [ -71.305689137999906, -29.420586374 ], [ -71.305734206999901, -29.420767893999901 ], [ -71.305774374999899, -29.420847061 ], [ -71.305842669, -29.4209258449999 ], [ -71.306019455, -29.421063870999902 ], [ -71.306120017, -29.421181531999899 ], [ -71.306158995, -29.42123599 ], [ -71.306233792999905, -29.421393844 ], [ -71.306302231, -29.42148759 ], [ -71.306371809, -29.421619271999901 ], [ -71.306413172, -29.421662035999901 ], [ -71.306451238, -29.421688232999902 ], [ -71.306653901999894, -29.421785364999899 ], [ -71.30674542, -29.4218478189999 ], [ -71.306827545, -29.4219252259999 ], [ -71.306910205, -29.422020865 ], [ -71.307012274, -29.4221909349999 ], [ -71.307059003999896, -29.422251612 ], [ -71.3071159899999, -29.422302429999899 ], [ -71.307256936, -29.422391321 ], [ -71.3072981239999, -29.422433573 ], [ -71.307315586, -29.422479379 ], [ -71.30731804, -29.4225058869999 ], [ -71.307314721999902, -29.422639301999901 ], [ -71.307329479, -29.422702861999898 ], [ -71.307348347, -29.422746536 ], [ -71.307398120999906, -29.42283672 ], [ -71.307493795, -29.422968399999899 ], [ -71.307580667, -29.4231054699999 ], [ -71.307688721, -29.423242326 ], [ -71.30773447, -29.423334379 ], [ -71.307744568, -29.4234379379999 ], [ -71.307727083, -29.423834777 ], [ -71.307737962, -29.4240010779999 ], [ -71.307727386, -29.424084741999899 ], [ -71.307705145999904, -29.424162802 ], [ -71.307666309, -29.424256331 ], [ -71.307635338999901, -29.424311841 ], [ -71.307594819, -29.42436356 ], [ -71.307522494, -29.424425314 ], [ -71.307310071, -29.424576714 ], [ -71.30720274, -29.424637591 ], [ -71.307085362, -29.424667072 ], [ -71.306704733999894, -29.424721303 ], [ -71.306484951999906, -29.424732677999899 ], [ -71.306240908999897, -29.424731822999899 ], [ -71.306088364999894, -29.424748112 ], [ -71.305980989, -29.424776771 ], [ -71.305917666, -29.424807874 ], [ -71.305826345999904, -29.424867398999901 ], [ -71.305796363999903, -29.424907808999901 ], [ -71.305798256999907, -29.424991371 ], [ -71.305781732, -29.425094261 ], [ -71.305792107999906, -29.425136005 ], [ -71.305840745999902, -29.4252078449999 ], [ -71.305852526, -29.425239377 ], [ -71.305855865, -29.425287285 ], [ -71.305835723, -29.425391593 ], [ -71.305832976, -29.425456541 ], [ -71.305871177, -29.425612192 ], [ -71.30588842, -29.425721471 ], [ -71.305928514, -29.425800427 ], [ -71.306075445, -29.425911087 ], [ -71.306155509999897, -29.426020998999899 ], [ -71.306210603, -29.426082927 ], [ -71.306236811, -29.4261259899999 ], [ -71.306253651, -29.426169353 ], [ -71.306258006, -29.426210824999899 ], [ -71.306243848, -29.42635895 ], [ -71.306245426, -29.426446674 ], [ -71.306281531, -29.426580916 ], [ -71.30628066, -29.426625348 ], [ -71.306267874999904, -29.426666309 ], [ -71.306202688, -29.4267563729999 ], [ -71.306178568999897, -29.426801786999899 ], [ -71.306144853, -29.426941675 ], [ -71.306146280999897, -29.426982985999899 ], [ -71.306209244999906, -29.427038501 ], [ -71.306227554, -29.427069924 ], [ -71.306228495, -29.427117850999899 ], [ -71.306201083, -29.427160343 ], [ -71.306160604999903, -29.427192681999902 ], [ -71.306013917, -29.427246351 ], [ -71.305923715999896, -29.427301024 ], [ -71.305960044, -29.427338654 ], [ -71.305976368999893, -29.427346265 ], [ -71.306158653999901, -29.427389565999899 ], [ -71.3062014, -29.427410976 ], [ -71.3062506589999, -29.427451055999899 ], [ -71.306295137999896, -29.427523293 ], [ -71.306309351, -29.427586323 ], [ -71.306316545999906, -29.4277052099999 ], [ -71.306326838, -29.427750633999899 ], [ -71.306361013999904, -29.427795828999901 ], [ -71.306370221, -29.427821578 ], [ -71.306370597, -29.427839771 ], [ -71.306339895999898, -29.427884714 ], [ -71.306206114, -29.427930546 ], [ -71.306109727, -29.428014682 ], [ -71.306081265, -29.428062361999899 ], [ -71.306067237, -29.428105617 ], [ -71.306070097, -29.428203227 ], [ -71.306063501, -29.428249546 ], [ -71.305987699999903, -29.428375934 ], [ -71.305977552999906, -29.428424746 ], [ -71.306039028, -29.428471332999901 ], [ -71.306123618, -29.428520546 ], [ -71.306154792, -29.428537064 ], [ -71.306181841, -29.4285397099999 ], [ -71.306394836, -29.428476574999902 ], [ -71.306554085, -29.428418076 ], [ -71.306652785, -29.428394943999901 ], [ -71.306697616999898, -29.428393576 ], [ -71.306744299999906, -29.428408003999898 ], [ -71.306763482999898, -29.428425488 ], [ -71.306769008999893, -29.428468628 ], [ -71.306746936, -29.428517225999901 ], [ -71.306714636, -29.428557328 ], [ -71.306609808, -29.428675128999899 ], [ -71.306518927, -29.428763002 ], [ -71.306469042999893, -29.428792533 ], [ -71.306335124, -29.428838887 ], [ -71.306200302, -29.428931341 ], [ -71.306141198, -29.428951309999899 ], [ -71.306097694999906, -29.428952971999902 ], [ -71.306024062999896, -29.428921683999899 ], [ -71.305979021, -29.428863833 ], [ -71.305938404999907, -29.428859547999899 ], [ -71.305892571, -29.4288783269999 ], [ -71.305799593, -29.428966494 ], [ -71.305693079, -29.4290860199999 ], [ -71.305599106, -29.429146761 ], [ -71.305547041, -29.429190223 ], [ -71.305520949, -29.429226828 ], [ -71.305496778, -29.429278661 ], [ -71.305460926, -29.429416271 ], [ -71.305427409999893, -29.429455039999901 ], [ -71.305260012, -29.429490008999899 ], [ -71.305215212, -29.429491401999901 ], [ -71.305119563999895, -29.4294770069999 ], [ -71.305095019, -29.429478877999902 ], [ -71.305079292999906, -29.429490046 ], [ -71.305019392, -29.4295987359999 ], [ -71.30493825, -29.429681756 ], [ -71.304871829, -29.429775757 ], [ -71.304831093, -29.4298006839999 ], [ -71.304730591, -29.429830592 ], [ -71.304695029999905, -29.4298666789999 ], [ -71.304683843, -29.429907742 ], [ -71.30468451, -29.429952514 ], [ -71.304728816, -29.430086362999901 ], [ -71.304736294999898, -29.4301344359999 ], [ -71.304727974999906, -29.430196931999902 ], [ -71.304714878, -29.430224027 ], [ -71.304692582, -29.430245532 ], [ -71.304627654999905, -29.430272321 ], [ -71.304540163, -29.430269374 ], [ -71.304491509999906, -29.430253273999899 ], [ -71.304447044, -29.4302283439999 ], [ -71.304399734999905, -29.430175850999898 ], [ -71.304354796, -29.430148873999901 ], [ -71.304312596, -29.430136096 ], [ -71.304279355999896, -29.430143633999901 ], [ -71.304220014999899, -29.430180312999902 ], [ -71.304175004999905, -29.430269871999901 ], [ -71.304162479999903, -29.430320939 ], [ -71.304163391, -29.4304104019999 ], [ -71.304154871, -29.430497461999899 ], [ -71.304140941, -29.430555988 ], [ -71.304116833, -29.430588873 ], [ -71.304082277, -29.430602001999901 ], [ -71.304038955, -29.430596159999901 ], [ -71.303992633, -29.430572716 ], [ -71.303907097, -29.430513389999899 ], [ -71.303874780999905, -29.430504942 ], [ -71.303733167, -29.430546605 ], [ -71.303551706, -29.4305826299999 ], [ -71.303514917, -29.430598123 ], [ -71.303490191, -29.430620045999898 ], [ -71.30347992, -29.430678954 ], [ -71.303502478, -29.430744619999899 ], [ -71.303546693, -29.430790787 ], [ -71.303677073, -29.43088475 ], [ -71.303698792, -29.430907568999899 ], [ -71.303720499999898, -29.4309533109999 ], [ -71.303706550999905, -29.430993032999901 ], [ -71.303673083, -29.43102813 ], [ -71.303654642, -29.431081462999899 ], [ -71.303649559999897, -29.431235687 ], [ -71.303626143, -29.431383491 ], [ -71.303633254, -29.431478789 ], [ -71.303629079, -29.431520377 ], [ -71.303607186, -29.431548305 ], [ -71.303502485, -29.431606729999899 ], [ -71.303476546, -29.431644846 ], [ -71.303455004999904, -29.431712365 ], [ -71.303416372999905, -29.431932930999899 ], [ -71.303427158, -29.432117325 ], [ -71.303471153, -29.432295886 ], [ -71.303473558999897, -29.432433472 ], [ -71.30353847, -29.432621046 ], [ -71.303563057, -29.43274736 ], [ -71.303566230999905, -29.432816837 ], [ -71.303556538, -29.432854111 ], [ -71.303540896999905, -29.432879689999901 ], [ -71.303486179999894, -29.432932224 ], [ -71.303462967, -29.432970363 ], [ -71.303456771999905, -29.433012135999899 ], [ -71.303459091, -29.433148156999899 ], [ -71.303442205, -29.433228087 ], [ -71.303391460999904, -29.433361143 ], [ -71.303358487, -29.4334165 ], [ -71.303317429999893, -29.433510407 ], [ -71.303308361999896, -29.433655114 ], [ -71.303276882, -29.433790131 ], [ -71.303265159, -29.433880769 ], [ -71.303248238, -29.433941918 ], [ -71.303202741999897, -29.434055649 ], [ -71.303195463, -29.43409765 ], [ -71.3031984899999, -29.434208962 ], [ -71.303175269, -29.434356938 ], [ -71.303199688999896, -29.4345030379999 ], [ -71.3031965119999, -29.434547666999901 ], [ -71.303166427999898, -29.434597886999899 ], [ -71.3030828509999, -29.434674183 ], [ -71.303060966, -29.434728795 ], [ -71.303083914, -29.434873261 ], [ -71.303141659999895, -29.435046778 ], [ -71.303126012999897, -29.435094948 ], [ -71.303085236, -29.435168615999899 ], [ -71.303076483, -29.435230695 ], [ -71.303127715, -29.435437435 ], [ -71.3031367, -29.435505217 ], [ -71.303129241, -29.43554671 ], [ -71.303111268, -29.435586327 ], [ -71.302981469, -29.435769066 ], [ -71.302958244, -29.435811423 ], [ -71.302953198999901, -29.435845480999902 ], [ -71.302997911, -29.4360887079999 ], [ -71.303025042999906, -29.436194949 ], [ -71.303048873, -29.436400101999901 ], [ -71.303065864, -29.436443885 ], [ -71.303101897, -29.436500747 ], [ -71.303191399, -29.436593974999901 ], [ -71.303272712, -29.436662064 ], [ -71.303500487999898, -29.436803852 ], [ -71.303634793999905, -29.436871391 ], [ -71.303682675999895, -29.436912268999901 ], [ -71.303723454, -29.436985991 ], [ -71.303761949, -29.437122308 ], [ -71.303805817999901, -29.437208843999901 ], [ -71.304061176999895, -29.437526238 ], [ -71.304108242, -29.437570127 ], [ -71.304129590999906, -29.437581592999901 ], [ -71.3041728379999, -29.437587449 ], [ -71.3042861, -29.4375435319999 ], [ -71.304357567, -29.437525652 ], [ -71.304415542, -29.437537184 ], [ -71.304460253999906, -29.437573820999901 ], [ -71.304485373, -29.437615659 ], [ -71.304522673, -29.437705682999901 ], [ -71.304570371, -29.437782102 ], [ -71.304580949, -29.437831973 ], [ -71.304555185, -29.437907351 ], [ -71.304493981999897, -29.437970228 ] ] ] } }
]
}
