{
"type": "FeatureCollection",
"name": "riesgo_area_evacuar",
"crs": { "type": "name", "properties": { "name": "urn:ogc:def:crs:OGC:1.3:CRS84" } },
"features": [
{ "type": "Feature", "properties": { "fid": 1, "region": "Coquimbo", "sector": "Caleta Hornos", "provincia": "Elqui", "comuna": "La Higuera", "Descripcion": "Area de Evacuacion por Amenaza de Tsunami", "Recomendaciones SENAPRED": "https://bibliogrd.senapred.gob.cl/bitstream/handle/2012/1711/06_diptico_tsunami_2023_SENAPRED.pdf", "Origen Data": "Visor Chile Preparado, Territorio y Amenazas - SENAPRED, disponible en https://www.visorchilepreparado.cl/" }, "geometry": { "type": "MultiPolygon", "coordinates": [ [ [ [ -71.283679499999906, -29.6157792139999 ], [ -71.283122859999906, -29.615780335999901 ], [ -71.2822014609999, -29.6156380749999 ], [ -71.28115259, -29.615554577999902 ], [ -71.28077508, -29.615524525999898 ], [ -71.280356586, -29.615530302 ], [ -71.279595276999899, -29.61562622 ], [ -71.279226069999893, -29.615779906999901 ], [ -71.278884611, -29.616008026 ], [ -71.278632999, -29.6164926719999 ], [ -71.27863359, -29.616610497 ], [ -71.278677452999901, -29.6167830539999 ], [ -71.27906409, -29.617274255 ], [ -71.279678431, -29.617665131 ], [ -71.280321976, -29.618178739 ], [ -71.280905361999899, -29.618445841 ], [ -71.281636649999896, -29.618643848 ], [ -71.282442112999902, -29.618912372 ], [ -71.282981206, -29.6190920949999 ], [ -71.283402576, -29.619300162999899 ], [ -71.283545031, -29.61942333 ], [ -71.283590225999902, -29.619500864 ], [ -71.283713308999907, -29.619712017 ], [ -71.283736480999906, -29.619846444 ], [ -71.283685802, -29.620108135999899 ], [ -71.283319144, -29.620719855999901 ], [ -71.283119642, -29.620928686 ], [ -71.282834663, -29.621226991 ], [ -71.282698024, -29.621473127999899 ], [ -71.282760681, -29.621586056999899 ], [ -71.282994483, -29.621770742 ], [ -71.283357625, -29.621824650999901 ], [ -71.2840558299999, -29.621776707 ], [ -71.284316423999897, -29.6217588129999 ], [ -71.284606703999899, -29.621766390999898 ], [ -71.285123605, -29.621779884 ], [ -71.285253449, -29.62184794 ], [ -71.285406076999905, -29.622040021 ], [ -71.285606011, -29.622291634 ], [ -71.285630467, -29.622322412 ], [ -71.285928697, -29.622603318 ], [ -71.287191199999896, -29.623565441 ], [ -71.28744453, -29.623720541 ], [ -71.288159387, -29.623897091999901 ], [ -71.288468265999896, -29.623867016 ], [ -71.288549266, -29.623859129 ], [ -71.290341681, -29.623284741 ], [ -71.290864342, -29.623117250999901 ], [ -71.290947463, -29.623090614 ], [ -71.291905143, -29.62306038 ], [ -71.292110083999901, -29.623102907 ], [ -71.292943184, -29.623275783999901 ], [ -71.292943184, -29.622609879 ], [ -71.292870001, -29.622549998999901 ], [ -71.2928, -29.62246 ], [ -71.292689997, -29.622370002 ], [ -71.29258, -29.6222900019999 ], [ -71.292489998999898, -29.62224 ], [ -71.292429999, -29.62221 ], [ -71.29235, -29.6222100009999 ], [ -71.292219998999897, -29.62219 ], [ -71.292079999, -29.622199999 ], [ -71.291980001, -29.62219 ], [ -71.291899999999899, -29.62213 ], [ -71.29185, -29.6221 ], [ -71.29173, -29.62206 ], [ -71.291629998, -29.62206 ], [ -71.291545530999898, -29.622049441999899 ], [ -71.29147, -29.62204 ], [ -71.291359999999898, -29.622059998999902 ], [ -71.291299392, -29.622075153 ], [ -71.291279999, -29.622080001 ], [ -71.291206993999893, -29.622098251999901 ], [ -71.2912, -29.6220999989999 ], [ -71.291119999, -29.622149998999902 ], [ -71.29104, -29.6222 ], [ -71.290974088, -29.622224716999899 ], [ -71.290959998999895, -29.622229999999899 ], [ -71.290879999, -29.62228 ], [ -71.290833139, -29.62228 ], [ -71.2908, -29.62228 ], [ -71.290750886999902, -29.62228 ], [ -71.290719999, -29.6222799989999 ], [ -71.290589998, -29.62225 ], [ -71.290469999, -29.622249999 ], [ -71.290379999, -29.62229 ], [ -71.290375852, -29.622293112 ], [ -71.290300000999906, -29.62235 ], [ -71.290256526, -29.622377171 ], [ -71.290219999, -29.6224 ], [ -71.290139998, -29.622430000999898 ], [ -71.290059998999894, -29.622430000999898 ], [ -71.28998, -29.62244 ], [ -71.28985, -29.622420002 ], [ -71.289728892, -29.622394049 ], [ -71.28971, -29.62239 ], [ -71.28962, -29.622369998999901 ], [ -71.289619203, -29.6223699459999 ], [ -71.289905847999904, -29.622062828 ], [ -71.289966604, -29.622012196999901 ], [ -71.290165752, -29.621890682999901 ], [ -71.290182629, -29.6219109359999 ], [ -71.290206257, -29.621894058 ], [ -71.290138748999894, -29.621796172 ], [ -71.290108371, -29.621816425 ], [ -71.290111746, -29.621833302 ], [ -71.289993607, -29.6218839329999 ], [ -71.289915972999907, -29.621931188 ], [ -71.289872094, -29.621880556999901 ], [ -71.289804585999903, -29.621924437 ], [ -71.289888969999893, -29.622025698 ], [ -71.28954693, -29.622365128 ], [ -71.289470001, -29.622359999 ], [ -71.28934, -29.622379999 ], [ -71.289304774, -29.622388805999901 ], [ -71.28926, -29.6224 ], [ -71.289179998, -29.6224 ], [ -71.2891, -29.622430000999898 ], [ -71.289019999999894, -29.62243 ], [ -71.288939999, -29.62242 ], [ -71.288938811, -29.622419932 ], [ -71.288909023, -29.622418228999901 ], [ -71.288708235999906, -29.622406756 ], [ -71.288590001, -29.6224 ], [ -71.28849, -29.6223900009999 ], [ -71.2884455, -29.622368641 ], [ -71.288239999, -29.622270000999901 ], [ -71.288209998999903, -29.622229999999899 ], [ -71.287959999, -29.621970001 ], [ -71.287899998999904, -29.621889999 ], [ -71.287789999, -29.621710000999901 ], [ -71.287779999, -29.621670001 ], [ -71.287680817, -29.621366619 ], [ -71.287609999, -29.621149999 ], [ -71.287603179, -29.621124993 ], [ -71.287579998, -29.62104 ], [ -71.287506499, -29.620929746999899 ], [ -71.287500001, -29.62092 ], [ -71.287469998999896, -29.6207999989999 ], [ -71.287399998999902, -29.62068 ], [ -71.287334224999896, -29.6205895599999 ], [ -71.287161902, -29.62012429 ], [ -71.287046849, -29.619684995999901 ], [ -71.287050883999896, -29.6195155089999 ], [ -71.287057309, -29.619245701999901 ], [ -71.287140984, -29.618450790999901 ], [ -71.287158275, -29.618348375 ], [ -71.287231713, -29.617913393 ], [ -71.2872718039999, -29.617675929 ], [ -71.287276955, -29.617645421 ], [ -71.287326284999907, -29.617260648999899 ], [ -71.287329251999907, -29.6172584249999 ], [ -71.287538438999903, -29.616526269 ], [ -71.287789464, -29.615710438999901 ], [ -71.287779004999905, -29.6150514989999 ], [ -71.287748226, -29.614389757 ], [ -71.28775, -29.61438 ], [ -71.287764275, -29.614294352999899 ], [ -71.28777, -29.614259999999899 ], [ -71.28779, -29.614139999 ], [ -71.287789999, -29.614029998 ], [ -71.287783861, -29.613956346999899 ], [ -71.287779999, -29.61391 ], [ -71.287789999, -29.613789999999899 ], [ -71.28781, -29.613679999999899 ], [ -71.2878, -29.6135600009999 ], [ -71.2878, -29.61344 ], [ -71.287809998999904, -29.613329999 ], [ -71.287829998999896, -29.613209998999899 ], [ -71.28785, -29.613120001 ], [ -71.2879, -29.61269 ], [ -71.287952643, -29.61226227 ], [ -71.28797173, -29.612107184 ], [ -71.287977583, -29.61205963 ], [ -71.2879900679999, -29.611926133999901 ], [ -71.287968732, -29.611926133999901 ], [ -71.283134723, -29.611926132999901 ], [ -71.28315486, -29.61193987 ], [ -71.284110236999894, -29.612333405999902 ], [ -71.284150774, -29.6123586749999 ], [ -71.284367064, -29.61249351 ], [ -71.284535978999898, -29.612638104 ], [ -71.284611804999898, -29.612807831999898 ], [ -71.284589846, -29.613197850999899 ], [ -71.284661878999898, -29.613560826 ], [ -71.284690825, -29.613706684 ], [ -71.284691608999907, -29.613830005 ], [ -71.284695959, -29.614513819 ], [ -71.284645196, -29.6147997099999 ], [ -71.28445835, -29.615192984 ], [ -71.284055751, -29.615618605 ], [ -71.283899858, -29.615722214999899 ], [ -71.283679499999906, -29.6157792139999 ] ] ] ] } },
{ "type": "Feature", "properties": { "fid": 2, "region": "Coquimbo", "sector": "Punta de Choros", "provincia": "Elqui", "comuna": "La Higuera", "Descripcion": "Area de Evacuacion por Amenaza de Tsunami", "Recomendaciones SENAPRED": "https://bibliogrd.senapred.gob.cl/bitstream/handle/2012/1711/06_diptico_tsunami_2023_SENAPRED.pdf", "Origen Data": "Visor Chile Preparado, Territorio y Amenazas - SENAPRED, disponible en https://www.visorchilepreparado.cl/" }, "geometry": { "type": "MultiPolygon", "coordinates": [ [ [ [ -71.460065443, -29.241660821 ], [ -71.459788639, -29.241740772 ], [ -71.459632671, -29.241533042999901 ], [ -71.459232024999906, -29.241337566 ], [ -71.458870361, -29.241316288999901 ], [ -71.458822368, -29.241313466 ], [ -71.458383265, -29.241283227999901 ], [ -71.4582912, -29.241286595 ], [ -71.457887900999907, -29.241301344 ], [ -71.457559519, -29.241244749 ], [ -71.457219304, -29.241181952 ], [ -71.457185323, -29.241177982 ], [ -71.456856743999893, -29.241139599 ], [ -71.456515703, -29.241153907 ], [ -71.456177436, -29.2411617409999 ], [ -71.455949233, -29.241043256 ], [ -71.455737508, -29.240900671 ], [ -71.455718911, -29.240888147 ], [ -71.455591826, -29.240750455999901 ], [ -71.45550974, -29.240589975 ], [ -71.455359551999905, -29.240318384 ], [ -71.455231351999899, -29.240091223 ], [ -71.4550712449999, -29.240045167999899 ], [ -71.454853947999894, -29.2400198469999 ], [ -71.454644221, -29.240037209 ], [ -71.454533011, -29.240027303 ], [ -71.454372403, -29.240012997 ], [ -71.454144377, -29.239958348999899 ], [ -71.45383107, -29.239860065 ], [ -71.453555399, -29.2397844189999 ], [ -71.453259207, -29.239634122 ], [ -71.453054605, -29.2395001309999 ], [ -71.452956647999898, -29.239480321 ], [ -71.452954151, -29.239479815 ], [ -71.452665925, -29.239369494999899 ], [ -71.452126473, -29.2391630179999 ], [ -71.452031661, -29.239126729 ], [ -71.451603257, -29.2388618059999 ], [ -71.451283667, -29.238664175999901 ], [ -71.450877152, -29.238599751 ], [ -71.450859545, -29.238595451 ], [ -71.450247045, -29.2384458299999 ], [ -71.449945602, -29.238278874999899 ], [ -71.449911191999902, -29.238244655 ], [ -71.449771435999907, -29.238105671 ], [ -71.449583778, -29.23791905 ], [ -71.449583777, -29.251884745 ], [ -71.457782285, -29.2536888079999 ], [ -71.460297372999904, -29.253696098 ], [ -71.460413098999894, -29.253696433999899 ], [ -71.460413392, -29.2536888079999 ], [ -71.460416853, -29.253598838999899 ], [ -71.460420724, -29.253498169 ], [ -71.460421229, -29.253490099 ], [ -71.46042835, -29.253376160999899 ], [ -71.46049698, -29.253254152999901 ], [ -71.460506748999904, -29.253162569 ], [ -71.460615331, -29.253117325999899 ], [ -71.460732962999899, -29.25315352 ], [ -71.46082165, -29.2531784399999 ], [ -71.460901134, -29.253200772 ], [ -71.461091772, -29.253162645 ], [ -71.461259535, -29.253048261999901 ], [ -71.461328164999898, -29.252956755 ], [ -71.461297661999893, -29.252758491 ], [ -71.461282411, -29.252605979999899 ], [ -71.461244283, -29.252461094999902 ], [ -71.461238409, -29.252399413 ], [ -71.461229031999906, -29.252300959 ], [ -71.461145151, -29.25217895 ], [ -71.461144058999906, -29.252174583999899 ], [ -71.461117290999894, -29.252067508 ], [ -71.461114649, -29.252056941 ], [ -71.46107834, -29.2519952 ], [ -71.461067759999906, -29.251977208 ], [ -71.461067759999906, -29.251832431 ], [ -71.461113003, -29.251696701999901 ], [ -71.461185391, -29.251542877 ], [ -71.461239682, -29.251361905 ], [ -71.461266828, -29.25120808 ], [ -71.461257778999894, -29.251117595 ], [ -71.461232947, -29.251033164 ], [ -71.461212536999895, -29.250963768 ], [ -71.461246939, -29.250826162 ], [ -71.461248731, -29.2508189919999 ], [ -71.461493042, -29.250737554999901 ], [ -71.461755449999899, -29.250701359999901 ], [ -71.461990713, -29.250701359999901 ], [ -71.462126441, -29.250647069 ], [ -71.462343605999905, -29.250538486 ], [ -71.462417342, -29.250530292999901 ], [ -71.462506480999906, -29.250520388 ], [ -71.462547553, -29.250523866 ], [ -71.46262, -29.25053 ], [ -71.46273, -29.25047 ], [ -71.462812921, -29.2504398479999 ], [ -71.46284, -29.250429999999898 ], [ -71.462841989, -29.250412551 ], [ -71.462850246, -29.250340116 ], [ -71.462850326, -29.250339418 ], [ -71.462850326, -29.2502670279999 ], [ -71.462944744, -29.250191495 ], [ -71.462986053999899, -29.250158446999901 ], [ -71.463167025, -29.2500679619999 ], [ -71.4633299, -29.250013669999898 ], [ -71.463507399, -29.25004454 ], [ -71.463538016, -29.250049863999902 ], [ -71.463566114999907, -29.250055484 ], [ -71.463718988, -29.250086059 ], [ -71.4639, -29.250080001 ], [ -71.463989999, -29.250000000999901 ], [ -71.464110000999895, -29.24989 ], [ -71.464220000999902, -29.24982 ], [ -71.464319998, -29.2497300009999 ], [ -71.464430001, -29.249660001999899 ], [ -71.464539998, -29.249630001 ], [ -71.464551454999906, -29.249534095999898 ], [ -71.464614795, -29.249470755999901 ], [ -71.464687184, -29.249353125 ], [ -71.464831961, -29.249208348 ], [ -71.465021980999893, -29.249054523 ], [ -71.465284388, -29.249045474 ], [ -71.465528699999894, -29.249054523 ], [ -71.465601781, -29.2490629549999 ], [ -71.465613673999897, -29.2490643269999 ], [ -71.465640303, -29.249067399999898 ], [ -71.465722972, -29.249076938 ], [ -71.465763963, -29.249081668 ], [ -71.46577939, -29.249124254 ], [ -71.465929999, -29.249539999 ], [ -71.466259999, -29.2495299989999 ], [ -71.466419999, -29.24955 ], [ -71.46658, -29.24955 ], [ -71.466739998, -29.24956 ], [ -71.466859999, -29.249600001 ], [ -71.466979999, -29.249669998999899 ], [ -71.46715, -29.2497399979999 ], [ -71.4678, -29.249959998999898 ], [ -71.467889998, -29.249999999 ], [ -71.467959998, -29.250029997999899 ], [ -71.46812, -29.250070001 ], [ -71.468339999, -29.250069998 ], [ -71.468449999, -29.250039999 ], [ -71.468550001, -29.250030002 ], [ -71.46867, -29.25 ], [ -71.46887, -29.249949999 ], [ -71.469019998, -29.249869998999898 ], [ -71.46923, -29.249679999 ], [ -71.469299999, -29.249600001 ], [ -71.46944, -29.249239998999901 ], [ -71.469529999, -29.24913 ], [ -71.469629999999896, -29.249069999 ], [ -71.469740000999906, -29.248979999 ], [ -71.469795, -29.24895 ], [ -71.4698799989999, -29.248919999999899 ], [ -71.469979999, -29.24879 ], [ -71.470009999, -29.248729999 ], [ -71.47001, -29.248650000999898 ], [ -71.47, -29.248539999999899 ], [ -71.469939999, -29.24852 ], [ -71.469809998999906, -29.248490000999901 ], [ -71.46969, -29.248490000999901 ], [ -71.469630001, -29.2485199989999 ], [ -71.469549999, -29.248569999 ], [ -71.469483333, -29.248596665 ], [ -71.469429998, -29.248629998999899 ], [ -71.469179999999895, -29.248639999 ], [ -71.469100237, -29.248588262999899 ], [ -71.469087499, -29.24858 ], [ -71.468999999999895, -29.24856 ], [ -71.468954998999905, -29.248485000999899 ], [ -71.468889998999899, -29.248350000999899 ], [ -71.468850001, -29.248300001 ], [ -71.46884, -29.2481300009999 ], [ -71.468889998999899, -29.24801 ], [ -71.468909999999894, -29.247890001 ], [ -71.468914376, -29.2478287399999 ], [ -71.46892, -29.247749999 ], [ -71.4689, -29.247689997999899 ], [ -71.4689, -29.247609999 ], [ -71.468896103, -29.247599088999898 ], [ -71.468849999, -29.247470001 ], [ -71.468779998999906, -29.247330001 ], [ -71.46871, -29.24717 ], [ -71.468619998999898, -29.247049999 ], [ -71.468615717, -29.247043813999898 ], [ -71.468552213, -29.246952083999901 ], [ -71.46853, -29.2469199989999 ], [ -71.468514533, -29.246903829 ], [ -71.468309999, -29.246690000999902 ], [ -71.468262938999899, -29.24664294 ], [ -71.468282982999895, -29.2465494039999 ], [ -71.4682817, -29.246541708999899 ], [ -71.468272525, -29.246486659 ], [ -71.468523499, -29.2460265409999 ], [ -71.468701272, -29.245932426 ], [ -71.468659443, -29.245869683 ], [ -71.468492126999905, -29.245963797999899 ], [ -71.468262067999902, -29.246403001 ], [ -71.468167953, -29.246476202999901 ], [ -71.468154698, -29.2464753749999 ], [ -71.468102084999899, -29.246472086 ], [ -71.468049999, -29.24642 ], [ -71.467949999, -29.24639 ], [ -71.467799779, -29.246362181999899 ], [ -71.467679999, -29.24634 ], [ -71.467549999, -29.24633 ], [ -71.46728, -29.24634 ], [ -71.46715, -29.246309998999902 ], [ -71.46701, -29.246289999999899 ], [ -71.46688, -29.246279999 ], [ -71.46685659, -29.246276656 ], [ -71.46674, -29.24626 ], [ -71.466719613999899, -29.246258431999902 ], [ -71.466452360999895, -29.246043877 ], [ -71.46621676, -29.245854731999898 ], [ -71.466066048999906, -29.245733738999899 ], [ -71.465989852999897, -29.245608241 ], [ -71.465979999, -29.24549 ], [ -71.465985619, -29.245422568 ], [ -71.465898733, -29.245273621 ], [ -71.465888276, -29.245064476 ], [ -71.465930105, -29.244876247 ], [ -71.465930105, -29.244698473 ], [ -71.465930105, -29.244669055 ], [ -71.465904999, -29.24463 ], [ -71.46585, -29.244569999 ], [ -71.465805, -29.244520001 ], [ -71.465679999, -29.244400001 ], [ -71.46567455, -29.244396036999898 ], [ -71.465626846, -29.244280183999901 ], [ -71.465302672, -29.244102411 ], [ -71.465046405, -29.244035782 ], [ -71.464779808999893, -29.243966467 ], [ -71.464570664999897, -29.243767779999899 ], [ -71.46447655, -29.243516805999899 ], [ -71.464486098999899, -29.2433258299999 ], [ -71.464487006999903, -29.243307661 ], [ -71.464510554, -29.2432790679999 ], [ -71.464467183999901, -29.242888740999899 ], [ -71.464445177999906, -29.242690684 ], [ -71.464445177999906, -29.2425112879999 ], [ -71.464445177999906, -29.242458926 ], [ -71.464445177999906, -29.2422305659999 ], [ -71.464478204, -29.242060718999898 ], [ -71.464482475, -29.242038753 ], [ -71.464513360999902, -29.241879911 ], [ -71.464507921999896, -29.241843649 ], [ -71.464790267, -29.241519475 ], [ -71.465022558, -29.241454142999899 ], [ -71.4651248979999, -29.241425358 ], [ -71.465326636, -29.241403744 ], [ -71.46535, -29.24139 ], [ -71.465430001, -29.24134 ], [ -71.465469998999893, -29.24128 ], [ -71.465548177999906, -29.241175762 ], [ -71.465559998999893, -29.24116 ], [ -71.465600001, -29.24109 ], [ -71.46559, -29.240860000999898 ], [ -71.465529998, -29.240725000999898 ], [ -71.46549, -29.24064 ], [ -71.46549916, -29.240530072 ], [ -71.465499999, -29.24052 ], [ -71.46555, -29.24041 ], [ -71.465556411, -29.240313832 ], [ -71.465559998999893, -29.240260002 ], [ -71.46547, -29.24012 ], [ -71.46537, -29.24003 ], [ -71.465259999, -29.239940001 ], [ -71.465235052, -29.2399050729999 ], [ -71.46521, -29.23987 ], [ -71.46518, -29.239799999999899 ], [ -71.465163345, -29.239761137999899 ], [ -71.46512, -29.23966 ], [ -71.465095, -29.23954 ], [ -71.465020001, -29.239370000999902 ], [ -71.46491, -29.239239999999899 ], [ -71.464769998999898, -29.239090002 ], [ -71.46475, -29.239059999999899 ], [ -71.464729997999896, -29.239030003 ], [ -71.464699998999905, -29.23898 ], [ -71.464650000999896, -29.238840001 ], [ -71.4646, -29.238699999999898 ], [ -71.464509999, -29.23855 ], [ -71.464490135999895, -29.23852833 ], [ -71.464400000999902, -29.238429998999901 ], [ -71.464372055999902, -29.238406713 ], [ -71.464279999, -29.238330001999898 ], [ -71.464179999999899, -29.23821 ], [ -71.464069999999893, -29.2381 ], [ -71.463949998, -29.237970001 ], [ -71.463921792, -29.237933332999901 ], [ -71.463885897, -29.237886667999899 ], [ -71.463850001, -29.237840000999899 ], [ -71.463846157, -29.237831029999899 ], [ -71.463789999, -29.2377 ], [ -71.46375, -29.23756 ], [ -71.463700646999897, -29.237444845 ], [ -71.463689998999897, -29.23742 ], [ -71.463679999, -29.237280000999899 ], [ -71.46365, -29.23716 ], [ -71.46367, -29.23704 ], [ -71.46371, -29.236930001 ], [ -71.46372, -29.236809999999899 ], [ -71.463759997999901, -29.23669 ], [ -71.463779998999897, -29.23657 ], [ -71.463819999, -29.2365100009999 ], [ -71.463819999, -29.236450001 ], [ -71.46383, -29.2363100009999 ], [ -71.463759997999901, -29.23617 ], [ -71.463740963, -29.236128122 ], [ -71.463709998999903, -29.23606 ], [ -71.463683300999904, -29.236022622 ], [ -71.46366, -29.23599 ], [ -71.46366, -29.23591 ], [ -71.463679999, -29.23581 ], [ -71.463740021, -29.235764984 ], [ -71.463759997999901, -29.23575 ], [ -71.463759997999901, -29.235724341 ], [ -71.463759998999905, -29.235670001 ], [ -71.46377, -29.235530001 ], [ -71.463699998, -29.235390000999899 ], [ -71.463639999, -29.23525 ], [ -71.463639999999899, -29.23511 ], [ -71.463609999, -29.23497 ], [ -71.463594999999899, -29.23481 ], [ -71.463559997999894, -29.234700001 ], [ -71.463459999999898, -29.234580001 ], [ -71.4633, -29.234460000999899 ], [ -71.4631299979999, -29.23432 ], [ -71.4631299979999, -29.234220001 ], [ -71.46318, -29.23411 ], [ -71.463206513, -29.234077369 ], [ -71.46331, -29.233950001 ], [ -71.463323862, -29.233936137999901 ], [ -71.46342, -29.23384 ], [ -71.46352, -29.233719999999899 ], [ -71.46356, -29.233660001 ], [ -71.46356974, -29.233582065 ], [ -71.461890107, -29.233575905999899 ], [ -71.461880416, -29.2335758689999 ], [ -71.4616647779999, -29.234450081 ], [ -71.461483028, -29.234854425 ], [ -71.461388829, -29.23506399 ], [ -71.461395921, -29.236621634999899 ], [ -71.461502095, -29.236927679 ], [ -71.461557129, -29.237259142 ], [ -71.461666393, -29.2375087419999 ], [ -71.461666634, -29.237520818 ], [ -71.461670864, -29.2377329289999 ], [ -71.461779404, -29.238038582999899 ], [ -71.461802647, -29.238335198 ], [ -71.461803145, -29.23834155 ], [ -71.461776077, -29.2384713289999 ], [ -71.461781684999906, -29.238544937 ], [ -71.461767956, -29.238605990999901 ], [ -71.461716571, -29.238834529 ], [ -71.461498811999903, -29.239459508 ], [ -71.461448979, -29.239597874 ], [ -71.461398625, -29.239737689 ], [ -71.4612901039999, -29.24012456 ], [ -71.46124486, -29.240387073 ], [ -71.461176179999896, -29.240618479 ], [ -71.461031864999896, -29.240915426 ], [ -71.460839316, -29.241187527 ], [ -71.460456442999899, -29.241328657999901 ], [ -71.46020999, -29.24150758 ], [ -71.460065443, -29.241660821 ] ] ] ] } },
{ "type": "Feature", "properties": { "fid": 3, "region": "Coquimbo", "sector": "Chungungo", "provincia": "Elqui", "comuna": "La Higuera", "Descripcion": "Area de Evacuacion por Amenaza de Tsunami", "Recomendaciones SENAPRED": "https://bibliogrd.senapred.gob.cl/bitstream/handle/2012/1711/06_diptico_tsunami_2023_SENAPRED.pdf", "Origen Data": "Visor Chile Preparado, Territorio y Amenazas - SENAPRED, disponible en https://www.visorchilepreparado.cl/" }, "geometry": { "type": "MultiPolygon", "coordinates": [ [ [ [ -71.304874304999899, -29.437970228 ], [ -71.305292115, -29.4384104549999 ], [ -71.305350226, -29.438533155999899 ], [ -71.305430127, -29.438701867 ], [ -71.305479211, -29.438984406 ], [ -71.305377711999895, -29.439150325 ], [ -71.305291686, -29.439290952 ], [ -71.305068588, -29.439402614 ], [ -71.304909224, -29.439482379 ], [ -71.304625911999906, -29.439584748999899 ], [ -71.304400367, -29.439666248 ], [ -71.304342123, -29.439696273 ], [ -71.303847977, -29.439951016 ], [ -71.303420194999902, -29.440209925 ], [ -71.303193081, -29.440395484 ], [ -71.302965463, -29.440581455 ], [ -71.302784893, -29.440765226999901 ], [ -71.302728036, -29.440823092999899 ], [ -71.302690696999903, -29.4408610959999 ], [ -71.302165917, -29.441726834999901 ], [ -71.3019097869999, -29.442029931 ], [ -71.301817124, -29.442315484999899 ], [ -71.301817701999894, -29.442742239 ], [ -71.301875765, -29.443127831 ], [ -71.3019746639999, -29.4433923079999 ], [ -71.3021886289999, -29.4437985019999 ], [ -71.302450979999904, -29.444106996999899 ], [ -71.302591896, -29.444222582999899 ], [ -71.302999091999894, -29.4444199829999 ], [ -71.303079414, -29.444501151999901 ], [ -71.303262509, -29.444686175999902 ], [ -71.303327243, -29.444781466999899 ], [ -71.303290342, -29.44507404 ], [ -71.303155906, -29.4452034679999 ], [ -71.303151533999895, -29.445207678 ], [ -71.30271004, -29.4454710699999 ], [ -71.302493254, -29.445600402 ], [ -71.301603442, -29.446444692999901 ], [ -71.301031022, -29.446854668999901 ], [ -71.3008086789999, -29.447013915 ], [ -71.300794148, -29.447024321999901 ], [ -71.300344893, -29.447698289999899 ], [ -71.299405572999902, -29.448693638999899 ], [ -71.299178432, -29.449211262999899 ], [ -71.299178363, -29.44948562 ], [ -71.2992791409999, -29.450073755999899 ], [ -71.299402137999905, -29.450274527 ], [ -71.299445729999903, -29.450345684 ], [ -71.299547891, -29.4506156899999 ], [ -71.29991503, -29.451080512 ], [ -71.299993016, -29.451179248 ], [ -71.300089516, -29.451446825999898 ], [ -71.300801661, -29.452181809 ], [ -71.300909372, -29.452292976 ], [ -71.301328681, -29.452605822999899 ], [ -71.302153161, -29.452671681 ], [ -71.303283998, -29.4525691659999 ], [ -71.303472481, -29.452534128 ], [ -71.304270838, -29.452385722 ], [ -71.304700343, -29.452305882 ], [ -71.305229725999894, -29.452150525 ], [ -71.305856319, -29.452038543999901 ], [ -71.306564158999905, -29.451956094 ], [ -71.30744361, -29.451853655 ], [ -71.307748068, -29.451880245 ], [ -71.308270127, -29.45209582 ], [ -71.3084302, -29.45216192 ], [ -71.309242384999905, -29.452404798 ], [ -71.309555007, -29.452407173 ], [ -71.309805441, -29.452409077 ], [ -71.310322792, -29.452354563 ], [ -71.310491188999904, -29.452282477 ], [ -71.310849666, -29.4522544709999 ], [ -71.311099081999899, -29.452234985 ], [ -71.311521968, -29.4522222219999 ], [ -71.311584857, -29.452242914 ], [ -71.311734563999906, -29.452292172999901 ], [ -71.311735122, -29.452309993 ], [ -71.311752505, -29.4528651279999 ], [ -71.311329967999896, -29.453669165 ], [ -71.311309685, -29.453684919 ], [ -71.310955646, -29.4539598809999 ], [ -71.310195576, -29.454267985999898 ], [ -71.310172211, -29.454282049 ], [ -71.310057506, -29.4543510949999 ], [ -71.309961358, -29.454408972 ], [ -71.309332469, -29.455249059 ], [ -71.309104106999897, -29.455554112 ], [ -71.309077021999897, -29.455590295 ], [ -71.308880224999896, -29.455853182999899 ], [ -71.308843015, -29.455902888 ], [ -71.3088415349999, -29.455904865 ], [ -71.308840414, -29.455907088999901 ], [ -71.308834331, -29.455916916 ], [ -71.308800387, -29.455971748 ], [ -71.308725014999894, -29.456093503 ], [ -71.308706835999899, -29.456172278999901 ], [ -71.308699727, -29.4561863919999 ], [ -71.308642195999894, -29.456442481 ], [ -71.308650859, -29.456508937 ], [ -71.308654357, -29.456535766999899 ], [ -71.308674773, -29.4566923749999 ], [ -71.308681301, -29.456742452 ], [ -71.308693782, -29.456768412 ], [ -71.308742310999904, -29.456869347999898 ], [ -71.308772013, -29.456931127 ], [ -71.308836567, -29.457013214 ], [ -71.309132969, -29.4573901169999 ], [ -71.309191386, -29.4574924029999 ], [ -71.309260612999907, -29.457613618 ], [ -71.309317550999907, -29.457713315 ], [ -71.309394148, -29.457847433 ], [ -71.309610708, -29.458088824999901 ], [ -71.30986339, -29.4583704799999 ], [ -71.310142153, -29.458571223 ], [ -71.310284461, -29.458673701 ], [ -71.310308768, -29.458691205 ], [ -71.310479565, -29.4588141999999 ], [ -71.310487785, -29.458820117999899 ], [ -71.310495659, -29.458829561 ], [ -71.310584466, -29.4589360649999 ], [ -71.310596313, -29.458950274 ], [ -71.310592025999895, -29.459023004999899 ], [ -71.310604256, -29.459163659 ], [ -71.310605441, -29.459163659 ], [ -71.310950379, -29.459163659 ], [ -71.311108613, -29.459163659 ], [ -71.311871652, -29.459163659 ], [ -71.311915356, -29.459087177999901 ], [ -71.311936682, -29.459001874 ], [ -71.311937207, -29.458999771 ], [ -71.311934354, -29.458996441999901 ], [ -71.311871652, -29.45892329 ], [ -71.311729617, -29.458868661999901 ], [ -71.311784245, -29.4586938479999 ], [ -71.311784245, -29.458664351 ], [ -71.311784245, -29.458637132 ], [ -71.311784245, -29.458529961 ], [ -71.311840552, -29.458485720999899 ], [ -71.311937052, -29.4584098999999 ], [ -71.311937207, -29.458409778 ], [ -71.312079532, -29.458400882 ], [ -71.31211202, -29.458398851 ], [ -71.312319611, -29.458387925 ], [ -71.312319611, -29.458349816 ], [ -71.312319611, -29.458263082 ], [ -71.312319611, -29.458256815 ], [ -71.312288066999898, -29.458218963 ], [ -71.312264980999899, -29.458191261 ], [ -71.312177575, -29.4580929279999 ], [ -71.31210516, -29.4580722379999 ], [ -71.312033431, -29.458051743999899 ], [ -71.311948133, -29.458027372999901 ], [ -71.311861296, -29.457957904 ], [ -71.311838875, -29.457939966 ], [ -71.311833935, -29.457941064999901 ], [ -71.311740541999896, -29.457961817999902 ], [ -71.311609432, -29.457918116 ], [ -71.311592038999905, -29.457898547 ], [ -71.311522025, -29.457819781999898 ], [ -71.311431515, -29.457729271999899 ], [ -71.311396201, -29.457693957999901 ], [ -71.311368981, -29.457666737999901 ], [ -71.311358137999903, -29.457655895999899 ], [ -71.311270731, -29.457502933999901 ], [ -71.311281656999896, -29.4573718239999 ], [ -71.311358137999903, -29.457360897999902 ], [ -71.311394885, -29.457354008 ], [ -71.311532950999904, -29.4573281199999 ], [ -71.311674987999893, -29.457284415999901 ], [ -71.311718691, -29.457142381 ], [ -71.3115111, -29.45719701 ], [ -71.31142254, -29.457228266999898 ], [ -71.311325360999902, -29.457262565999901 ], [ -71.311194251, -29.4573281209999 ], [ -71.311128696, -29.457197010999899 ], [ -71.311074066999893, -29.457065901 ], [ -71.311111992, -29.4570279759999 ], [ -71.311139622, -29.457000346 ], [ -71.311123155, -29.456961922999898 ], [ -71.311106843999895, -29.456923866 ], [ -71.311080058, -29.456900426999901 ], [ -71.311031751, -29.4568581579999 ], [ -71.311019438, -29.456847384 ], [ -71.310912075, -29.456793703 ], [ -71.310900419999896, -29.456787875 ], [ -71.310866475999902, -29.456770902999899 ], [ -71.31077907, -29.456683497 ], [ -71.310757219, -29.456585165 ], [ -71.31077907, -29.456530535999899 ], [ -71.310875623, -29.456498352 ], [ -71.31091018, -29.4564868319999 ], [ -71.310901295, -29.456466844 ], [ -71.310866475999902, -29.4563884999999 ], [ -71.310866475999902, -29.456312018999899 ], [ -71.310800921, -29.456257391 ], [ -71.310896033999896, -29.456240098 ], [ -71.310921106, -29.456235537999898 ], [ -71.310953883, -29.456137204999902 ], [ -71.310888328, -29.4560279469999 ], [ -71.310905445999893, -29.4559252399999 ], [ -71.310952606999905, -29.4559252409999 ], [ -71.310956739999895, -29.455838447 ], [ -71.31095763, -29.455819763 ], [ -71.31096, -29.45577 ], [ -71.31101, -29.455649999999899 ], [ -71.31113, -29.455360001 ], [ -71.311159997999894, -29.4552400009999 ], [ -71.31123, -29.455200001 ], [ -71.311459273, -29.455090347999899 ], [ -71.311459999, -29.455090001 ], [ -71.31162, -29.45509 ], [ -71.311819999, -29.455180001 ], [ -71.311862216, -29.455204626999901 ], [ -71.311939999999893, -29.45525 ], [ -71.312119999999894, -29.455229999 ], [ -71.312145136, -29.455204862999899 ], [ -71.31229, -29.4550600009999 ], [ -71.312303836, -29.4549977349999 ], [ -71.312329999, -29.45488 ], [ -71.312349998999906, -29.454770000999901 ], [ -71.31229, -29.45474 ], [ -71.31222, -29.45465 ], [ -71.31227, -29.45447 ], [ -71.3124, -29.454470000999901 ], [ -71.312499998, -29.454540000999899 ], [ -71.31259, -29.45459 ], [ -71.312689999, -29.454570001 ], [ -71.312738662999905, -29.454521337 ], [ -71.312789999999893, -29.454469999 ], [ -71.312879999, -29.45429 ], [ -71.312929999999895, -29.454219999 ], [ -71.31295, -29.454129999 ], [ -71.3129538109999, -29.454109041 ], [ -71.31297108, -29.454014057999899 ], [ -71.312989999, -29.453909999 ], [ -71.312990000999903, -29.45373 ], [ -71.312990000999903, -29.453703834999899 ], [ -71.31299, -29.45354 ], [ -71.31299, -29.453420001 ], [ -71.31307, -29.453320001999899 ], [ -71.31316, -29.453290001 ], [ -71.313229997999898, -29.45329 ], [ -71.31339, -29.4531900009999 ], [ -71.3135399989999, -29.45305 ], [ -71.313680513, -29.452964687 ], [ -71.31382, -29.452879998999901 ], [ -71.313889999, -29.4528199989999 ], [ -71.314029999, -29.452709999 ], [ -71.314139999, -29.452499998999901 ], [ -71.314169363, -29.452441270999898 ], [ -71.314169998999901, -29.45244 ], [ -71.314190001, -29.452360000999899 ], [ -71.31427, -29.452310000999901 ], [ -71.314430000999906, -29.45225 ], [ -71.314549999999898, -29.452210001 ], [ -71.314639999999898, -29.452190001 ], [ -71.314699999, -29.4521700019999 ], [ -71.31478, -29.45215 ], [ -71.314954916, -29.451992575 ], [ -71.314979998999902, -29.451969999 ], [ -71.315039999, -29.451889999999899 ], [ -71.31504, -29.4516 ], [ -71.315052674999905, -29.451498602999902 ], [ -71.31506, -29.451440001 ], [ -71.315072739999906, -29.4514272599999 ], [ -71.315112879, -29.451387121 ], [ -71.315139998999896, -29.451360001 ], [ -71.315199999, -29.451300002 ], [ -71.315279999, -29.451220001 ], [ -71.315509999, -29.451170001 ], [ -71.31576, -29.45111 ], [ -71.316059999999894, -29.451100000999901 ], [ -71.31613, -29.451060001 ], [ -71.316136866, -29.451058416 ], [ -71.31626, -29.451029999 ], [ -71.31632, -29.450949998999899 ], [ -71.316329375999899, -29.450930206999899 ], [ -71.316363372999902, -29.450858434999901 ], [ -71.316402561, -29.450775704 ], [ -71.316409998, -29.450760002 ], [ -71.316430189, -29.450664097999901 ], [ -71.31645, -29.450569999 ], [ -71.316599999999895, -29.450389999 ], [ -71.316609958, -29.4503663479999 ], [ -71.316679999, -29.450199999999899 ], [ -71.316695148, -29.450179800999901 ], [ -71.316859998, -29.44996 ], [ -71.31692, -29.44989 ], [ -71.31698, -29.449829999 ], [ -71.316959998, -29.44977 ], [ -71.316929998, -29.44971 ], [ -71.316879999, -29.449649999 ], [ -71.31663, -29.44961 ], [ -71.31653, -29.449609999 ], [ -71.31649, -29.449550001 ], [ -71.316509999999894, -29.44936 ], [ -71.316512974, -29.449312414 ], [ -71.316519999, -29.449199999 ], [ -71.31649, -29.44902 ], [ -71.316519999, -29.448889999999899 ], [ -71.31661, -29.44882 ], [ -71.31667, -29.448840001 ], [ -71.316829997999903, -29.448820000999898 ], [ -71.316852083, -29.448780247999899 ], [ -71.31688, -29.44873 ], [ -71.316885468, -29.4487125049999 ], [ -71.31692716, -29.448579086999899 ], [ -71.316929999, -29.44857 ], [ -71.316959999999895, -29.448519999 ], [ -71.316979999, -29.44837 ], [ -71.316940001, -29.4483 ], [ -71.3169, -29.44823 ], [ -71.316869998, -29.44818 ], [ -71.31682, -29.44813 ], [ -71.31681, -29.44801 ], [ -71.316840000999903, -29.447849999 ], [ -71.316829997999903, -29.447699999 ], [ -71.316770001, -29.447659998999899 ], [ -71.31659, -29.44763 ], [ -71.31653, -29.447679998999899 ], [ -71.316483563, -29.447711661 ], [ -71.316309998999898, -29.44783 ], [ -71.31614, -29.4480199989999 ], [ -71.31608, -29.448089997999901 ], [ -71.31603, -29.448149999 ], [ -71.315979999, -29.448209999 ], [ -71.31594, -29.448259999 ], [ -71.315899999, -29.44832 ], [ -71.31581, -29.448439999999898 ], [ -71.315699998999904, -29.448549999 ], [ -71.315609998999903, -29.4485799989999 ], [ -71.315509999, -29.448629998999898 ], [ -71.315329998, -29.44858 ], [ -71.31517, -29.448529999999899 ], [ -71.315079998, -29.448509999 ], [ -71.31495, -29.4485 ], [ -71.314689998999896, -29.44863 ], [ -71.31462, -29.44868 ], [ -71.31456, -29.44877 ], [ -71.31451, -29.448849998999901 ], [ -71.314499999, -29.448959999 ], [ -71.314689998999896, -29.44914 ], [ -71.31474531, -29.449163704999901 ], [ -71.31476, -29.449170001 ], [ -71.314810001, -29.449200001 ], [ -71.314969999, -29.449190001 ], [ -71.315065831, -29.449182015 ], [ -71.315123857999893, -29.4491771789999 ], [ -71.315167157, -29.44917357 ], [ -71.315210001, -29.449169998999899 ], [ -71.315379998, -29.44917 ], [ -71.315379998, -29.449188173 ], [ -71.315379999, -29.449259998999899 ], [ -71.315329999, -29.449290001 ], [ -71.315269998, -29.449400001 ], [ -71.315259999, -29.44949 ], [ -71.31516, -29.44967 ], [ -71.315048487999903, -29.449871441 ], [ -71.314849999, -29.450230001 ], [ -71.31469, -29.450420000999902 ], [ -71.314600001, -29.45166 ], [ -71.314528149, -29.451659101 ], [ -71.313825096999906, -29.451650314999899 ], [ -71.313799999, -29.45165 ], [ -71.313790482999906, -29.451021877 ], [ -71.313930894, -29.450202809 ], [ -71.31378, -29.449509998999901 ], [ -71.3135, -29.4495 ], [ -71.313409999, -29.449519999 ], [ -71.31328, -29.449569998999898 ], [ -71.313139999, -29.449599998999901 ], [ -71.31301, -29.449609999 ], [ -71.312879999, -29.449609999 ], [ -71.312749998, -29.449629998 ], [ -71.312479998, -29.4496300009999 ], [ -71.312349997999902, -29.449650001 ], [ -71.312189998999898, -29.449609999 ], [ -71.312089998, -29.44949 ], [ -71.31206, -29.44938 ], [ -71.311979999, -29.449199999 ], [ -71.31189, -29.44913 ], [ -71.31175, -29.4491499989999 ], [ -71.311589999, -29.449159999 ], [ -71.311459999, -29.44927 ], [ -71.31145486, -29.449273425999898 ], [ -71.311400465, -29.449432725999898 ], [ -71.311287370999906, -29.449637708999902 ], [ -71.310969294, -29.449998196 ], [ -71.310835885, -29.4500857469999 ], [ -71.310743106, -29.450146633 ], [ -71.310276594, -29.450500050999899 ], [ -71.310172517, -29.450551394999898 ], [ -71.30976543, -29.450752226 ], [ -71.309746466, -29.450761580999899 ], [ -71.309695227, -29.450779149 ], [ -71.309642673, -29.450797167 ], [ -71.309499071999895, -29.450846402 ], [ -71.30940478, -29.450843455 ], [ -71.309272885, -29.450839331999902 ], [ -71.309308226, -29.450599006999902 ], [ -71.309244610999897, -29.450584870999901 ], [ -71.309195835, -29.4508287539999 ], [ -71.309195132999903, -29.450832263999899 ], [ -71.30914417, -29.450816975 ], [ -71.309053765, -29.4507898529999 ], [ -71.308785166999897, -29.450662623 ], [ -71.308765638, -29.450610546 ], [ -71.308751389999898, -29.450572555 ], [ -71.308742756999905, -29.4505495289999 ], [ -71.308719927, -29.450370694 ], [ -71.308700347, -29.450217316 ], [ -71.308648547, -29.45019029 ], [ -71.308646803, -29.45018938 ], [ -71.308537773999902, -29.450132496 ], [ -71.308255039, -29.450019402 ], [ -71.308119481999896, -29.449915126999901 ], [ -71.308071261999899, -29.449878032999901 ], [ -71.308051018, -29.449833209 ], [ -71.308019976, -29.449764473999899 ], [ -71.307972304, -29.449658914999901 ], [ -71.307913814, -29.449669883 ], [ -71.307633021999905, -29.449722531 ], [ -71.307509561, -29.4498143349999 ], [ -71.307357356, -29.449927511999899 ], [ -71.307266362999897, -29.450016756 ], [ -71.307127581, -29.45015287 ], [ -71.307103868, -29.450176127 ], [ -71.306989801, -29.450288 ], [ -71.306846268, -29.450339369999899 ], [ -71.306318304999905, -29.450528323999901 ], [ -71.305694624999902, -29.450684243999898 ], [ -71.305527309, -29.450738548999901 ], [ -71.305173228999905, -29.45085347 ], [ -71.304812742, -29.450846402 ], [ -71.304508803, -29.450726238999898 ], [ -71.304169520999906, -29.450344546999901 ], [ -71.303766623999906, -29.449764941 ], [ -71.303561639999899, -29.449312565 ], [ -71.303550375, -29.449112602 ], [ -71.303578134, -29.448558421 ], [ -71.303580479999894, -29.448511578 ], [ -71.303582844999895, -29.4484643599999 ], [ -71.303745418999895, -29.448040257999899 ], [ -71.304035222, -29.447693908 ], [ -71.304282614, -29.447488925 ], [ -71.304466393, -29.447269805 ], [ -71.30473499, -29.447107232999901 ], [ -71.305215639, -29.446647788999901 ], [ -71.305540784999906, -29.446216617999902 ], [ -71.305668015, -29.445870268 ], [ -71.30573, -29.445630001 ], [ -71.305809999, -29.44558 ], [ -71.30585, -29.4455 ], [ -71.306, -29.44522 ], [ -71.306069997999899, -29.44508 ], [ -71.30619, -29.4448 ], [ -71.306239998, -29.444659999999899 ], [ -71.306339999, -29.44438 ], [ -71.306370000999905, -29.44424 ], [ -71.306399999, -29.444100001 ], [ -71.30645, -29.443960000999901 ], [ -71.306489149, -29.443891489 ], [ -71.306530000999899, -29.443819999 ], [ -71.306559998, -29.443769999 ], [ -71.30655, -29.443680001 ], [ -71.306559998999901, -29.443559998999898 ], [ -71.30655, -29.443449998999899 ], [ -71.30641, -29.44334 ], [ -71.306259998, -29.44329 ], [ -71.30615, -29.443279999 ], [ -71.306049999, -29.44322 ], [ -71.305969999, -29.443159998999899 ], [ -71.30594586, -29.443099652999901 ], [ -71.30591, -29.443010000999902 ], [ -71.30591, -29.442900000999899 ], [ -71.30588, -29.44262 ], [ -71.305899999, -29.442480002 ], [ -71.305940001, -29.442340000999899 ], [ -71.305954201, -29.442306866 ], [ -71.305999998999894, -29.4422 ], [ -71.306038177999895, -29.442093096999901 ], [ -71.306049997999907, -29.44206 ], [ -71.306079999, -29.441939999999899 ], [ -71.30606, -29.4418 ], [ -71.306089998999894, -29.44144 ], [ -71.306140001, -29.441400002 ], [ -71.30621, -29.441360001 ], [ -71.306259998, -29.4413 ], [ -71.3063, -29.441220001 ], [ -71.306319999, -29.44108 ], [ -71.306319999, -29.440800001 ], [ -71.306370000999905, -29.44066 ], [ -71.306459999, -29.440520001 ], [ -71.3065, -29.4402400009999 ], [ -71.30663, -29.4400600009999 ], [ -71.306759999999898, -29.43991 ], [ -71.306819999, -29.439780001 ], [ -71.306909999, -29.4396800009999 ], [ -71.30699, -29.43961 ], [ -71.3070700009999, -29.439619999999898 ], [ -71.30711, -29.4396800009999 ], [ -71.307189998999903, -29.439720001 ], [ -71.307310001, -29.439720001 ], [ -71.307459998999903, -29.43964 ], [ -71.30751, -29.439600001 ], [ -71.30756, -29.4394800009999 ], [ -71.307593464, -29.439379609 ], [ -71.30761, -29.43933 ], [ -71.307659999, -29.439239998999899 ], [ -71.307659999999899, -29.439119999 ], [ -71.30762, -29.4390100009999 ], [ -71.30761, -29.43889 ], [ -71.307578919, -29.438871352 ], [ -71.307559999, -29.438860001 ], [ -71.307549998999903, -29.43878 ], [ -71.307539622, -29.438629514 ], [ -71.307530002, -29.438489999 ], [ -71.307689998999905, -29.438319998999901 ], [ -71.307709998999897, -29.438239999 ], [ -71.3077, -29.43812 ], [ -71.307697032, -29.438087351 ], [ -71.307689998999905, -29.438010001 ], [ -71.307684316999897, -29.437970228 ], [ -71.3074479859999, -29.437970229 ], [ -71.304874304999899, -29.437970228 ] ] ] ] } },
{ "type": "Feature", "properties": { "fid": 4, "region": "Atacama", "sector": "Chañaral de Aceituno", "provincia": "Huasco", "comuna": "Freirina", "Descripcion": "Area de Evacuacion por Amenaza de Tsunami", "Recomendaciones SENAPRED": "https://bibliogrd.senapred.gob.cl/bitstream/handle/2012/1711/06_diptico_tsunami_2023_SENAPRED.pdf", "Origen Data": "Visor Chile Preparado, Territorio y Amenazas - SENAPRED, disponible en https://www.visorchilepreparado.cl/" }, "geometry": { "type": "MultiPolygon", "coordinates": [ [ [ [ -71.473589489999895, -29.083207016 ], [ -71.473589489999895, -29.083292216 ], [ -71.473589489999895, -29.085153848999902 ], [ -71.473589489999895, -29.085429054 ], [ -71.473664446, -29.085360914 ], [ -71.473772304, -29.0853014059999 ], [ -71.473816020999905, -29.085277286 ], [ -71.473933622999894, -29.085248538 ], [ -71.474192347, -29.085191043999899 ], [ -71.474545153, -29.0850891229999 ], [ -71.474701954999901, -29.085029015 ], [ -71.474924092, -29.08491664 ], [ -71.475091348, -29.084809492 ], [ -71.475347459, -29.084642236 ], [ -71.475504261, -29.084587354999901 ], [ -71.475653222999895, -29.084566448 ], [ -71.475776052, -29.084566448 ], [ -71.475927628, -29.084579515 ], [ -71.476024322999905, -29.084558607 ], [ -71.476267365999902, -29.0844958869999 ], [ -71.476364061, -29.08446714 ], [ -71.476471209, -29.084469753 ], [ -71.476526089999894, -29.08450634 ], [ -71.476544384, -29.084532474 ], [ -71.476591425, -29.084563835 ], [ -71.476680278999893, -29.084576900999899 ], [ -71.476818787999903, -29.084595195 ], [ -71.476936389999906, -29.084642236 ], [ -71.477001723999905, -29.084676209999898 ], [ -71.47714546, -29.084765064 ], [ -71.477203861, -29.084792018 ], [ -71.477213408, -29.084796425 ], [ -71.477270902, -29.084825172 ], [ -71.477409410999897, -29.084861759 ], [ -71.477634161, -29.0848957329999 ], [ -71.477777897, -29.0849349339999 ], [ -71.477874591, -29.084987200999901 ], [ -71.477919019, -29.085107416 ], [ -71.477960832999898, -29.085136163 ], [ -71.478010486999906, -29.085144004 ], [ -71.478107182, -29.085136163 ], [ -71.478206489999906, -29.08511787 ], [ -71.478305798, -29.085154456999899 ], [ -71.478381586, -29.085209338 ], [ -71.478418173, -29.085277286 ], [ -71.47845476, -29.0853373919999 ], [ -71.478504414, -29.085389661 ], [ -71.478551454999902, -29.085407953999901 ], [ -71.478640309999903, -29.085441928 ], [ -71.478701965, -29.085451964999901 ], [ -71.478752685, -29.085460221999899 ], [ -71.478901647, -29.085491582 ], [ -71.478990502, -29.085504649 ], [ -71.47905845, -29.0855490769999 ], [ -71.479113331, -29.085614410999899 ], [ -71.479136851, -29.085684971 ], [ -71.479148363, -29.085701223999902 ], [ -71.479181277999899, -29.085747693 ], [ -71.479228319, -29.085802574 ], [ -71.479311947, -29.085867908 ], [ -71.479358987999902, -29.085920175999899 ], [ -71.479395575, -29.085951536 ], [ -71.479471363, -29.085995963999899 ], [ -71.479541924, -29.086069137 ], [ -71.479625552, -29.086134471 ], [ -71.479629837999894, -29.086137428 ], [ -71.47970134, -29.08618674 ], [ -71.479790195, -29.086205032999899 ], [ -71.479845075, -29.0861815129999 ], [ -71.479884276, -29.086103111999901 ], [ -71.479907796, -29.086043004 ], [ -71.479994038, -29.086009029 ], [ -71.480085506, -29.086040391 ], [ -71.480192653999893, -29.086035164 ], [ -71.480260602, -29.086063910999901 ], [ -71.480349457, -29.086100498999901 ], [ -71.480427858, -29.086084818 ], [ -71.480498419, -29.086103111999901 ], [ -71.480631700999893, -29.086100498999901 ], [ -71.480751916, -29.086076977999902 ], [ -71.480845997999893, -29.086066525 ], [ -71.480890425, -29.086134471 ], [ -71.480960986, -29.086194578999901 ], [ -71.481042000999906, -29.086184126 ], [ -71.481089041, -29.086152765 ], [ -71.481154375999907, -29.086163219 ], [ -71.481232776999903, -29.086231166999902 ], [ -71.481287658, -29.086262528 ], [ -71.481350378999906, -29.086275595 ], [ -71.48144446, -29.086312182 ], [ -71.481504567999906, -29.086359222999899 ], [ -71.481559449, -29.086421943999898 ], [ -71.481632622999896, -29.086445464 ], [ -71.481711023999907, -29.086424556999901 ], [ -71.481778972, -29.086359222999899 ], [ -71.48185476, -29.086312182 ], [ -71.481969749, -29.086275595 ], [ -71.482058603, -29.086236393 ], [ -71.482191885, -29.08622594 ], [ -71.482291194, -29.086218099 ], [ -71.482390502, -29.086212873 ], [ -71.482447996, -29.0861658329999 ], [ -71.482500263, -29.086090044999899 ], [ -71.482508104, -29.086016871 ], [ -71.48249765, -29.085951536 ], [ -71.482552531, -29.085878362 ], [ -71.482643998999905, -29.0858574549999 ], [ -71.482727627, -29.085849615 ], [ -71.482819095, -29.085815641 ], [ -71.482868749, -29.085768599999898 ], [ -71.482926243, -29.085679744999901 ], [ -71.482960217, -29.085603956999901 ], [ -71.483007258, -29.0855490769999 ], [ -71.483007258, -29.085486355999901 ], [ -71.482962831, -29.085444541999902 ], [ -71.482900109999903, -29.085418408 ], [ -71.482863521999903, -29.085381820999899 ], [ -71.482873976, -29.085316486 ], [ -71.482926243, -29.085235472 ], [ -71.482991577999897, -29.0851675239999 ], [ -71.4830307779999, -29.085036854999899 ], [ -71.483009871, -29.084942773 ], [ -71.482991577999897, -29.084869598 ], [ -71.482986351, -29.084791197999898 ], [ -71.483020325, -29.0847258639999 ], [ -71.483005932, -29.084697078 ], [ -71.482991577999897, -29.08466837 ], [ -71.482949764, -29.084616102 ], [ -71.482871363, -29.084527247 ], [ -71.482860909, -29.084464526 ], [ -71.482894883, -29.084443619 ], [ -71.482960217, -29.084459299999899 ], [ -71.483054298999903, -29.084527247 ], [ -71.48309618, -29.084544261 ], [ -71.483137927, -29.084561220999898 ], [ -71.483229395, -29.084584741999901 ], [ -71.483346997, -29.084592582 ], [ -71.483556066999896, -29.084555994 ], [ -71.483650148, -29.084542928 ], [ -71.483731163, -29.084485432999902 ], [ -71.483772976999902, -29.0844200989999 ], [ -71.483877511999907, -29.084336471 ], [ -71.483919326, -29.084276362 ], [ -71.483921939, -29.084211028 ], [ -71.483890577999901, -29.084166602 ], [ -71.483861831, -29.084109106 ], [ -71.483864444999895, -29.0840725199999 ], [ -71.483932392, -29.084028093 ], [ -71.484005566999897, -29.083999345999899 ], [ -71.484023861, -29.083941851 ], [ -71.484034314, -29.083905263 ], [ -71.4839924999999, -29.083800729 ], [ -71.483932392, -29.083709261 ], [ -71.483916711999896, -29.083628247 ], [ -71.483940232999899, -29.083578593 ], [ -71.483972072, -29.083566652999899 ], [ -71.484002953999905, -29.083555072 ], [ -71.48405231, -29.083540265 ], [ -71.484055220999906, -29.083539392 ], [ -71.484089195, -29.083489738 ], [ -71.484164983, -29.083471443999901 ], [ -71.484340078999907, -29.083476671 ], [ -71.484361861, -29.083461263999901 ], [ -71.484419332999906, -29.083420612999898 ], [ -71.484447227, -29.083400883 ], [ -71.484494267999906, -29.083340775999901 ], [ -71.484572669, -29.083241466999901 ], [ -71.484640617, -29.083108184 ], [ -71.484755605, -29.083053304 ], [ -71.484894114, -29.083021943999899 ], [ -71.484975129, -29.082946155999899 ], [ -71.485016942999906, -29.0828442329999 ], [ -71.485011716, -29.082768447 ], [ -71.484998039999894, -29.082705195 ], [ -71.484990809, -29.082671752 ], [ -71.484975129, -29.082585509999902 ], [ -71.485009103, -29.082499269 ], [ -71.48506137, -29.082478362 ], [ -71.485134543999905, -29.082475749 ], [ -71.485183986, -29.082468257 ], [ -71.485220786, -29.082462682 ], [ -71.485309641, -29.082433935 ], [ -71.485416788999899, -29.082454841999901 ], [ -71.485474283, -29.082507108999899 ], [ -71.485542231, -29.082556762 ], [ -71.485610178999906, -29.08259335 ], [ -71.48568074, -29.082606417 ], [ -71.485751300999894, -29.082598576 ], [ -71.485827088999898, -29.0825201759999 ], [ -71.485892422999896, -29.082407799999899 ], [ -71.485926397, -29.082332012999899 ], [ -71.486015252, -29.082287585 ], [ -71.48609888, -29.082271906 ], [ -71.48615376, -29.082237931999899 ], [ -71.486177281, -29.082209185 ], [ -71.486200800999896, -29.082141237 ], [ -71.486211254999901, -29.082065448 ], [ -71.486233115999894, -29.082002294999899 ], [ -71.486234775, -29.081997500999901 ], [ -71.48632363, -29.08192694 ], [ -71.486469978999907, -29.08189558 ], [ -71.486561289, -29.081907396 ], [ -71.486692115, -29.081924327 ], [ -71.486838464, -29.081960914 ], [ -71.486944469, -29.082007801 ], [ -71.48697436, -29.0820210219999 ], [ -71.487039694, -29.082086355999898 ], [ -71.487102415, -29.082156917 ], [ -71.487157296, -29.082232705 ], [ -71.487209563, -29.082324173 ], [ -71.487261831, -29.0824443879999 ], [ -71.4872905779999, -29.082517563 ], [ -71.487353298999906, -29.082582897 ], [ -71.487418632999905, -29.082643005 ], [ -71.487578049, -29.082752765999899 ], [ -71.487682584, -29.082833781 ], [ -71.487750531999893, -29.082893888999902 ], [ -71.487808026, -29.08296445 ], [ -71.487808026, -29.08304285 ], [ -71.487787119, -29.083105572 ], [ -71.487721785, -29.0831891999999 ], [ -71.487661676999906, -29.083236241 ], [ -71.487593729, -29.083288507 ], [ -71.487551868, -29.083313922999899 ], [ -71.487520554999904, -29.083332934999898 ], [ -71.487410793, -29.083408722999899 ], [ -71.487366365999904, -29.083468830999902 ], [ -71.487329778999893, -29.0835524579999 ], [ -71.487332392, -29.08363086 ], [ -71.487368978999896, -29.083717100999898 ], [ -71.48740034, -29.083811183 ], [ -71.487413407, -29.083931397999901 ], [ -71.487470900999895, -29.084059453 ], [ -71.487528395, -29.0841273999999 ], [ -71.487609409999905, -29.084208416 ], [ -71.487682584, -29.0842815899999 ], [ -71.487763598999905, -29.084336471 ], [ -71.488014483, -29.084459299999899 ], [ -71.488226165999905, -29.084516793 ], [ -71.488466596, -29.084498498999899 ], [ -71.488610332, -29.084438393 ], [ -71.488735774, -29.084370444999902 ], [ -71.488832469, -29.08428943 ], [ -71.488876896, -29.084239775999901 ], [ -71.488908256999906, -29.084187508 ], [ -71.488960523999907, -29.084106494 ], [ -71.4889888659999, -29.084065446 ], [ -71.489036311999897, -29.0839967319999 ], [ -71.489088578999898, -29.083913104 ], [ -71.489133007, -29.083787662 ], [ -71.489117327, -29.0836883539999 ], [ -71.489051992, -29.083596886 ], [ -71.488973590999905, -29.083513258 ], [ -71.488891901, -29.08341827 ], [ -71.488861216, -29.0833825889999 ], [ -71.488848149, -29.083309415 ], [ -71.488855988999902, -29.083217947 ], [ -71.488892576, -29.083149998 ], [ -71.488963137, -29.083092505 ], [ -71.489090623, -29.0830700069999 ], [ -71.48909642, -29.083068985 ], [ -71.489170314, -29.083074392 ], [ -71.489203567999894, -29.083076825 ], [ -71.489292422999895, -29.08304285 ], [ -71.489433544999898, -29.082982742 ], [ -71.489613867999907, -29.082865141 ], [ -71.489687042, -29.08279458 ], [ -71.489771108, -29.0827512719999 ], [ -71.489773283, -29.0827501529999 ], [ -71.489780068999906, -29.082749927 ], [ -71.489851685, -29.08274754 ], [ -71.489903525, -29.0827443979999 ], [ -71.489909412, -29.082744041 ], [ -71.489937926, -29.082742313 ], [ -71.489963899, -29.082716338999901 ], [ -71.489973302, -29.082706937 ], [ -71.48999542, -29.082684819 ], [ -71.490024166999902, -29.082632551 ], [ -71.490058141, -29.08243132 ], [ -71.490092115, -29.0823476919999 ], [ -71.490047687999905, -29.0822901989999 ], [ -71.489943153, -29.082264064999901 ], [ -71.489934693999899, -29.082264293 ], [ -71.489846458, -29.0822666789999 ], [ -71.48977067, -29.082271906 ], [ -71.489705336, -29.082271906 ], [ -71.489637387999906, -29.082219638 ], [ -71.489548532999905, -29.082143849 ], [ -71.489488426, -29.081997500999901 ], [ -71.489475359, -29.081864219 ], [ -71.489519786, -29.081702189999898 ], [ -71.489540693, -29.081662988999899 ], [ -71.48953808, -29.081631629 ], [ -71.489496265999904, -29.081584587999899 ], [ -71.489464905, -29.081545387999899 ], [ -71.489454452, -29.081490506 ], [ -71.489446611999895, -29.0813676779999 ], [ -71.4894204779999, -29.081208262 ], [ -71.489425705, -29.08109066 ], [ -71.489483198999906, -29.080931244999899 ], [ -71.489543307, -29.080863297 ], [ -71.489694882, -29.080743082 ], [ -71.489749763, -29.080685586999898 ], [ -71.489773283, -29.080633319 ], [ -71.489812484, -29.080497425 ], [ -71.489927473, -29.080387662 ], [ -71.490032007, -29.080358916 ], [ -71.490238464, -29.080358916 ], [ -71.490468441, -29.080374596 ], [ -71.490601722999898, -29.080358916 ], [ -71.490690577999899, -29.0803902759999 ], [ -71.490758524999904, -29.08043993 ], [ -71.490810793, -29.080486971 ], [ -71.490886581, -29.0805052649999 ], [ -71.490988501999894, -29.080510491 ], [ -71.491059063, -29.080539239 ], [ -71.491103490999905, -29.080578439 ], [ -71.491129625, -29.0806202529999 ], [ -71.491187119, -29.080685586999898 ], [ -71.49126552, -29.080750921999901 ], [ -71.491411868999904, -29.080761375 ], [ -71.49150595, -29.080730014 ], [ -71.491584352, -29.08071172 ], [ -71.491657526, -29.080724787999898 ], [ -71.49174336, -29.080760000999899 ], [ -71.491759448, -29.080766602 ], [ -71.491822169, -29.080800575999898 ], [ -71.491950223999893, -29.080795348 ], [ -71.492031239, -29.080758762 ], [ -71.492154066999902, -29.080722174999899 ], [ -71.492161070999899, -29.080720001 ], [ -71.492229854999906, -29.0806986539999 ], [ -71.492323937, -29.080709108 ], [ -71.492418018, -29.080716948 ], [ -71.492518898999904, -29.0807393659999 ], [ -71.49253562, -29.080743082 ], [ -71.492624475, -29.080763988999902 ], [ -71.492708103, -29.080777055999899 ], [ -71.492777558999904, -29.080781025 ], [ -71.492799571, -29.080782282 ], [ -71.49296944, -29.080795348 ], [ -71.49309697, -29.080816603999899 ], [ -71.493141922999897, -29.080824096 ], [ -71.493178655999898, -29.080826504999902 ], [ -71.493301338, -29.08083455 ], [ -71.493468594, -29.080886817 ], [ -71.493560383, -29.080941395 ], [ -71.493565288999903, -29.0809443109999 ], [ -71.493661984, -29.080999190999901 ], [ -71.493680003, -29.081010003 ], [ -71.493766519, -29.0810619129999 ], [ -71.493907641, -29.081116794 ], [ -71.494028527, -29.081195146 ], [ -71.494048763, -29.081208262 ], [ -71.4941951119999, -29.081297117 ], [ -71.494378049, -29.081333704 ], [ -71.494474743, -29.081312797 ], [ -71.494555757999905, -29.081244849 ], [ -71.49459501, -29.081209841 ], [ -71.494652453, -29.081158608 ], [ -71.494681199999903, -29.081129861 ], [ -71.494738694, -29.081127248 ], [ -71.494762428999906, -29.081153355 ], [ -71.494790962, -29.081184741 ], [ -71.494838001999895, -29.081226554999901 ], [ -71.494916404, -29.081218716 ], [ -71.495015711999898, -29.081192582 ], [ -71.49509934, -29.081195195 ], [ -71.495146381, -29.0812500759999 ], [ -71.495196034999907, -29.08129973 ], [ -71.495253529, -29.081304955999901 ], [ -71.495344997, -29.081297117 ], [ -71.495415557999905, -29.081276209999899 ], [ -71.495538387, -29.081182129 ], [ -71.495622015, -29.081158608 ], [ -71.495674282, -29.081189969 ], [ -71.495731776, -29.081223942999902 ], [ -71.495797110999902, -29.081203034999898 ], [ -71.495880739, -29.081169062 ], [ -71.4959643669999, -29.081195195 ], [ -71.496100262, -29.081239622999899 ], [ -71.496272744999899, -29.0812526899999 ], [ -71.496426933999899, -29.081265757 ], [ -71.496515788999901, -29.081242236 ], [ -71.496588963, -29.081203034999898 ], [ -71.496667364, -29.081119407 ], [ -71.49672656, -29.081045861 ], [ -71.496753606, -29.081012259 ], [ -71.496873821, -29.080863297 ], [ -71.496931315, -29.080716948 ], [ -71.496920862, -29.080633319 ], [ -71.496902567999896, -29.080515718 ], [ -71.496858141, -29.080419022999902 ], [ -71.496808486, -29.080319715 ], [ -71.496792806, -29.080189045999902 ], [ -71.496798032999905, -29.080097577999901 ], [ -71.49684246, -29.0800061099999 ], [ -71.496845246, -29.079965247 ], [ -71.496850299999906, -29.0798911209999 ], [ -71.496868594, -29.079650689999902 ], [ -71.496928701999906, -29.079572289999899 ], [ -71.497069823999894, -29.079486049 ], [ -71.497187426, -29.079462528 ], [ -71.497370362, -29.079459915 ], [ -71.49746967, -29.079454687999899 ], [ -71.497540231, -29.079480821999901 ], [ -71.4975951119999, -29.079530475999899 ], [ -71.497710099999907, -29.079616717 ], [ -71.497751913999906, -29.079624558 ], [ -71.497814634999898, -29.079640238 ], [ -71.497885197, -29.079606263999899 ], [ -71.497945304, -29.079590584 ], [ -71.497989732, -29.0796193309999 ], [ -71.498028932, -29.079668984 ], [ -71.498060293, -29.079713411999901 ], [ -71.498109947, -29.07975784 ], [ -71.498143921, -29.079789199999901 ], [ -71.498204028, -29.079810107 ], [ -71.498271976, -29.079791814 ], [ -71.498342537, -29.079726478999898 ], [ -71.498452299, -29.079692504 ], [ -71.498520245999899, -29.079632397999902 ], [ -71.498616941, -29.079577517 ], [ -71.498708409, -29.079548768999899 ], [ -71.498820367, -29.079544105 ], [ -71.498833851, -29.0795435429999 ], [ -71.499024628, -29.079559222999901 ], [ -71.499160522999901, -29.079569676999899 ], [ -71.499270285, -29.079527863 ], [ -71.499338232999904, -29.079478208999902 ], [ -71.4994166339999, -29.079444235 ], [ -71.499484580999905, -29.079444235 ], [ -71.499572246, -29.079458546999899 ], [ -71.499612637, -29.079465141 ], [ -71.499612681, -29.079465152 ], [ -71.499752644, -29.07949875 ], [ -71.4997617719999, -29.0795009409999 ], [ -71.49982233, -29.079524010999901 ], [ -71.499878561999907, -29.079573035 ], [ -71.499937679, -29.079614848999899 ], [ -71.5, -29.07964249 ], [ -71.50005798, -29.079721239 ], [ -71.500128270999895, -29.079711867 ], [ -71.500186846, -29.079686094 ], [ -71.500264165, -29.079721239 ], [ -71.500329769, -29.079789187 ], [ -71.500395373999893, -29.079843076 ], [ -71.500475036, -29.079833703 ], [ -71.500573443, -29.079779814999899 ], [ -71.500643732999905, -29.079829017999899 ], [ -71.5007374529999, -29.0798758779999 ], [ -71.500903807, -29.079852447999901 ], [ -71.500907131, -29.079838042999899 ], [ -71.500917865, -29.07979153 ], [ -71.500983468999905, -29.07973061 ], [ -71.501046731, -29.079676721999899 ], [ -71.501095934, -29.0796040879999 ], [ -71.501042045, -29.079505681999901 ], [ -71.501038825, -29.079491194 ], [ -71.501027987, -29.079442421 ], [ -71.501131078999904, -29.07940259 ], [ -71.501204913, -29.079386927 ], [ -71.501208398, -29.079386188999901 ], [ -71.501283375, -29.079311213 ], [ -71.501282596, -29.079310194 ], [ -71.501252915999899, -29.079271381 ], [ -71.501302118999902, -29.079212805999902 ], [ -71.501377899, -29.079216053 ], [ -71.501466128999894, -29.0792198349999 ], [ -71.501562193, -29.079266694999902 ], [ -71.501613738999893, -29.079226864 ], [ -71.501641854999903, -29.079142515999902 ], [ -71.501632483, -29.079030051 ], [ -71.501602024, -29.079008964 ], [ -71.501580937, -29.078882442 ], [ -71.501495718999905, -29.078857668999898 ], [ -71.501379438, -29.078823864999901 ], [ -71.50131852, -29.078758262 ], [ -71.501250572999894, -29.078685628999899 ], [ -71.50117091, -29.078629396999901 ], [ -71.500941295, -29.078580192999901 ], [ -71.500913705999906, -29.0785766559999 ], [ -71.500849918, -29.078568478 ], [ -71.500788999, -29.078542705 ], [ -71.500749168, -29.078477101 ], [ -71.500779627, -29.0784138399999 ], [ -71.500831174, -29.078343549 ], [ -71.500833516999904, -29.078261543999901 ], [ -71.500889749, -29.078231084 ], [ -71.500969411, -29.078181882 ], [ -71.50099987, -29.078123306 ], [ -71.500992841, -29.078029586 ], [ -71.500941295, -29.077886662 ], [ -71.500936609, -29.077818715 ], [ -71.5009811259999, -29.0777812269999 ], [ -71.501121707, -29.077811686 ], [ -71.50119434, -29.077910092 ], [ -71.501219753, -29.07793974 ], [ -71.501250572999894, -29.0779756969999 ], [ -71.501309148, -29.078003813 ], [ -71.501386467, -29.0780248999999 ], [ -71.501620768, -29.078022556999901 ], [ -71.501686371999895, -29.078015528 ], [ -71.501855069, -29.078041300999899 ], [ -71.501979249, -29.078102219 ], [ -71.5020799979999, -29.078179539 ], [ -71.502171376, -29.078174853 ], [ -71.502229950999904, -29.078113932999901 ], [ -71.502197149, -29.078038958 ], [ -71.502258067, -29.077999126999899 ], [ -71.502293212, -29.077935865 ], [ -71.50223698, -29.077863232 ], [ -71.502227607999899, -29.077795285 ], [ -71.502265096, -29.077755453999899 ], [ -71.502358816, -29.077830429999899 ], [ -71.502415049, -29.077835116 ], [ -71.502495791999905, -29.077831692 ], [ -71.502567885, -29.077878552 ], [ -71.502656198999901, -29.077929017 ], [ -71.502749918999896, -29.0779145979999 ], [ -71.502785965, -29.077864132999899 ], [ -71.502836429999903, -29.077799249999899 ], [ -71.502863465, -29.07774518 ], [ -71.502827419, -29.077624425 ], [ -71.5027355, -29.077584773999899 ], [ -71.502553467, -29.077573959999899 ], [ -71.502512012999901, -29.077505471999899 ], [ -71.502479572, -29.077440588999899 ], [ -71.502429107, -29.077427972999899 ], [ -71.502366025999905, -29.077364891999899 ], [ -71.502317363, -29.077298206 ], [ -71.502335386, -29.07717745 ], [ -71.50239306, -29.077081928 ], [ -71.502409281, -29.076925127 ], [ -71.502358816, -29.076865649999899 ], [ -71.502283119, -29.076831405999901 ], [ -71.502220038, -29.076802568999899 ], [ -71.502160562, -29.076766522 ], [ -71.502084864, -29.076721464999899 ], [ -71.501987539, -29.076712454 ], [ -71.501947167, -29.076734081 ], [ -71.501937074999901, -29.076739487999902 ], [ -71.501866784, -29.07670164 ], [ -71.501670331999904, -29.076609721999901 ], [ -71.501583820999898, -29.0765646639999 ], [ -71.501518937, -29.076512395999899 ], [ -71.501463064999896, -29.076454721999902 ], [ -71.501394577, -29.076443907999899 ], [ -71.50134231, -29.076488965 ], [ -71.501302659, -29.076445711 ], [ -71.501224959, -29.076390000999901 ], [ -71.501207136999895, -29.076377223 ], [ -71.501191801999894, -29.076390000999901 ], [ -71.501153067, -29.076422281 ], [ -71.501091787999897, -29.076454721999902 ], [ -71.500980044999906, -29.076418675 ], [ -71.500940391, -29.0764100009999 ], [ -71.500922370999902, -29.07640606 ], [ -71.500738535, -29.076366408999899 ], [ -71.50068807, -29.07637542 ], [ -71.500667827, -29.0764100009999 ], [ -71.500644813999898, -29.076449313999898 ], [ -71.500639406999895, -29.076539431 ], [ -71.500603360999904, -29.076555652 ], [ -71.500536675, -29.076506989999899 ], [ -71.500493419999898, -29.076445711 ], [ -71.500403304, -29.076379024999898 ], [ -71.500367957, -29.076360657999899 ], [ -71.500219468, -29.076283502 ], [ -71.500152782, -29.076224026 ], [ -71.500069875, -29.076200596 ], [ -71.500051852, -29.076225827 ], [ -71.500046445, -29.076276293 ], [ -71.500064467999906, -29.076364607 ], [ -71.500065127, -29.076365579 ], [ -71.500129352, -29.076460128999901 ], [ -71.500158188999904, -29.076512395999899 ], [ -71.500145572999898, -29.076550244 ], [ -71.500114933, -29.076557453 ], [ -71.5, -29.076597862 ], [ -71.499977698, -29.076634586 ], [ -71.499958233, -29.076712448 ], [ -71.499946877999903, -29.076780576 ], [ -71.499935524, -29.076840592999901 ], [ -71.499916059, -29.076894121999899 ], [ -71.499912814, -29.076959006 ], [ -71.499901459999904, -29.077032 ], [ -71.499862529, -29.077080662999901 ], [ -71.499792779, -29.077119593 ], [ -71.499703564, -29.0771260819999 ], [ -71.499625704, -29.077116348999901 ], [ -71.499572625, -29.077128064 ], [ -71.499547843, -29.077146899 ], [ -71.499512157, -29.077165733 ], [ -71.499485391999897, -29.077176637 ], [ -71.499462593, -29.077187540999901 ], [ -71.499439794, -29.07721034 ], [ -71.499435828999907, -29.077232148999901 ], [ -71.499441776, -29.0772529659999 ], [ -71.499453672, -29.077270809 ], [ -71.499469532, -29.0772866689999 ], [ -71.499493323, -29.077303521 ], [ -71.49952207, -29.077319380999899 ], [ -71.499545860999902, -29.077337224 ], [ -71.499588485999894, -29.07736498 ], [ -71.499606329, -29.0773917449999 ], [ -71.499618224, -29.0774135529999 ], [ -71.499611285, -29.077437344 ], [ -71.499600380999894, -29.077463117 ], [ -71.499590084, -29.077477534 ], [ -71.499585512, -29.077483933999901 ], [ -71.49958488, -29.077484329 ], [ -71.499561721, -29.077498803 ], [ -71.499541894999894, -29.077503759 ], [ -71.499494313999904, -29.077498803 ], [ -71.499433846, -29.07749682 ], [ -71.499376352, -29.077486908 ], [ -71.499334717999901, -29.077474020999901 ], [ -71.499260372, -29.0774809599999 ], [ -71.49922766, -29.077507725 ], [ -71.499203869, -29.077553323 ], [ -71.4991939559999, -29.0775850439999 ], [ -71.499195938999904, -29.077615774 ], [ -71.499199083999898, -29.077639136999899 ], [ -71.499202877999906, -29.077667321 ], [ -71.499207833999904, -29.077695075999902 ], [ -71.499202877999906, -29.07772878 ], [ -71.499186371999897, -29.077753972 ], [ -71.499184043, -29.077757527 ], [ -71.499159261, -29.077772395999901 ], [ -71.499101767, -29.07777537 ], [ -71.49908615, -29.077776114 ], [ -71.499060132999901, -29.077777352999899 ], [ -71.499011561, -29.077785282 ], [ -71.498968936, -29.077772395999901 ], [ -71.498929285, -29.077749595999901 ], [ -71.498893597999896, -29.07772878 ], [ -71.498867372999896, -29.077720711 ], [ -71.498854939, -29.077716885 ], [ -71.49883313, -29.077725805999901 ], [ -71.498828174, -29.077742658 ], [ -71.498838087, -29.077768431 ], [ -71.498862868999893, -29.077799161 ], [ -71.498896572, -29.077828898999901 ], [ -71.498914414999902, -29.077844759999898 ], [ -71.498916284, -29.077847635 ], [ -71.498927302, -29.077864584999901 ], [ -71.498929618, -29.0778750069999 ], [ -71.498931267, -29.077882428 ], [ -71.498927302, -29.077905228 ], [ -71.498902519999902, -29.0779300089999 ], [ -71.498870799, -29.077948843999899 ], [ -71.498836104, -29.077953801 ], [ -71.498689395, -29.077933975 ], [ -71.49863884, -29.0779300089999 ], [ -71.498599188, -29.077923070999901 ], [ -71.498517902999893, -29.077892339999899 ], [ -71.498458426999903, -29.0778616119999 ], [ -71.49839895, -29.077825925 ], [ -71.498317664999902, -29.077797178 ], [ -71.498195736999904, -29.077792222 ], [ -71.498145182, -29.077811056 ], [ -71.498129322, -29.077832864 ], [ -71.498114334, -29.077875855999899 ], [ -71.498111359999896, -29.077927402999901 ], [ -71.498109376999906, -29.077977958 ], [ -71.49808856, -29.0780166179999 ], [ -71.498055848, -29.078035450999899 ], [ -71.498015205999906, -29.078039416 ], [ -71.497968614999905, -29.078019592 ], [ -71.497942842, -29.077995800999901 ], [ -71.497912111999895, -29.077962097999901 ], [ -71.497888321999895, -29.077940289 ], [ -71.497858583, -29.077917489999901 ], [ -71.497782254999905, -29.077869909 ], [ -71.497713856, -29.077813406 ], [ -71.497634553999902, -29.077732120999901 ], [ -71.497564172999901, -29.077675617999901 ], [ -71.497470001999901, -29.077633983999899 ], [ -71.497385742999896, -29.0776260539999 ], [ -71.49732131, -29.0776379489999 ], [ -71.497267780999906, -29.077658766 ], [ -71.497240024999897, -29.0776825569999 ], [ -71.497209294999905, -29.077722208 ], [ -71.497199382, -29.077769788999898 ], [ -71.497200374, -29.077803493 ], [ -71.497196408, -29.077835213999901 ], [ -71.497184513, -29.07786297 ], [ -71.497159731, -29.0778917169999 ], [ -71.497132966, -29.077914516 ], [ -71.497106201999898, -29.077932357999899 ], [ -71.497057629, -29.077937316 ], [ -71.497009057, -29.07792641 ], [ -71.496958500999895, -29.077920463999899 ], [ -71.496901997999899, -29.077922445999899 ], [ -71.496874241999905, -29.077942272 ], [ -71.496825928, -29.077972354999901 ], [ -71.496821704999903, -29.077974984 ], [ -71.496802961, -29.077978416 ], [ -71.496751323999902, -29.077987870999898 ], [ -71.496689864, -29.077982914 ], [ -71.496642283, -29.077961106 ], [ -71.496595693, -29.077944255 ], [ -71.496538199, -29.077951192999901 ], [ -71.496497556, -29.077959124 ], [ -71.496454931, -29.077979941 ], [ -71.496405367, -29.077993818 ], [ -71.496350333999899, -29.077997614 ], [ -71.496347872999905, -29.077997783999901 ], [ -71.496331558, -29.077992345 ], [ -71.496312186999901, -29.077985887999901 ], [ -71.496267578999905, -29.077951192999901 ], [ -71.496229910999901, -29.077942272 ], [ -71.49619819, -29.077953175999902 ], [ -71.496185221, -29.0779550829999 ], [ -71.496164485999898, -29.0779581319999 ], [ -71.49612087, -29.0779363239999 ], [ -71.496097079, -29.077911542 ], [ -71.496051479999906, -29.077885769 ], [ -71.496002906999905, -29.077859003 ], [ -71.495973169, -29.077824308999901 ], [ -71.495961274, -29.077799528 ], [ -71.495962264999903, -29.077771771999899 ], [ -71.495962264999903, -29.07772419 ], [ -71.495958636, -29.07770378 ], [ -71.495955104, -29.077683906999901 ], [ -71.495954335, -29.077679582 ], [ -71.495939466, -29.077662731 ], [ -71.495920630999905, -29.077646871 ], [ -71.495850249999904, -29.077628036 ], [ -71.495815556, -29.077611184 ], [ -71.495767974, -29.0775913589999 ], [ -71.495734270999904, -29.077560628999901 ], [ -71.495704531999905, -29.07753783 ], [ -71.495674794, -29.077540804 ], [ -71.495639108, -29.077602263 ], [ -71.4956381759999, -29.077610426 ], [ -71.495635143, -29.077636958 ], [ -71.495626221, -29.077665705 ], [ -71.495613335, -29.077687512999901 ], [ -71.495587561, -29.077710311 ], [ -71.495528083999901, -29.077725181999899 ], [ -71.495453738, -29.077729147 ], [ -71.495412105, -29.077709320999901 ], [ -71.495381375, -29.077685529999901 ], [ -71.495320907, -29.077658766 ], [ -71.495235657, -29.077645878999899 ], [ -71.495138510999894, -29.077658766 ], [ -71.495073087, -29.0776944519999 ], [ -71.495030462, -29.077723198999902 ], [ -71.49497495, -29.077766815 ], [ -71.49492836, -29.077782676 ], [ -71.494862935999905, -29.077783666 ], [ -71.494805441, -29.077773754 ], [ -71.494768764, -29.077748970999899 ], [ -71.494706312999895, -29.077710311 ], [ -71.494630975999897, -29.077675617999901 ], [ -71.494565552, -29.077660748 ], [ -71.494530857, -29.077632001 ], [ -71.494489223, -29.077593341 ], [ -71.494440649999902, -29.077575497999899 ], [ -71.494346478999901, -29.077571533 ], [ -71.494318722999907, -29.077562612 ], [ -71.494282046, -29.077542786 ], [ -71.494235456, -29.077513048 ], [ -71.494167057, -29.077504126 ], [ -71.494108572, -29.077521969 ], [ -71.494080816, -29.077521969 ], [ -71.494063964, -29.077502143999901 ], [ -71.494066937999904, -29.077467449 ], [ -71.494064954999899, -29.0774436579999 ], [ -71.494042156, -29.0774297799999 ], [ -71.493986644, -29.0774059899999 ], [ -71.493947984, -29.077380215999899 ], [ -71.493918246, -29.077357417 ], [ -71.493872647, -29.077309834999902 ], [ -71.493840926, -29.077288027 ], [ -71.493771537, -29.077287036 ], [ -71.49368133, -29.077289019 ], [ -71.493620861999901, -29.0772820789999 ], [ -71.493537595, -29.0772691929999 ], [ -71.493483074, -29.077267209999899 ], [ -71.49337106, -29.077278113 ], [ -71.493316539, -29.077320739 ], [ -71.493259044999903, -29.077377242 ], [ -71.493207497999904, -29.077437711 ], [ -71.493167846999896, -29.0774882659999 ], [ -71.493141083, -29.077518004 ], [ -71.493073675999895, -29.07753783 ], [ -71.493031050999903, -29.077533864 ], [ -71.492973556, -29.077528908 ], [ -71.492837751, -29.0775328719999 ], [ -71.492787195999895, -29.077539811999898 ], [ -71.492757457, -29.0775447689999 ], [ -71.492721770999907, -29.077539811999898 ], [ -71.492695998, -29.077530891 ], [ -71.49266626, -29.077490247999901 ], [ -71.492619669, -29.077469430999901 ], [ -71.492547305999906, -29.077471413999898 ], [ -71.492506664, -29.077472405 ], [ -71.492479899, -29.077434737 ], [ -71.492458090999904, -29.077400042 ], [ -71.49242637, -29.077376251 ], [ -71.492381762, -29.077372286 ], [ -71.492336162999905, -29.077366337999901 ], [ -71.492309399, -29.077370303 ], [ -71.492276687, -29.077365347 ], [ -71.492241001, -29.077350478 ], [ -71.492210271, -29.0773366 ], [ -71.492173593, -29.077324705 ], [ -71.492068517999897, -29.077301905 ], [ -71.492024902, -29.0773048789999 ], [ -71.491995163, -29.077322722 ], [ -71.491945599, -29.077371295 ], [ -71.491925774, -29.077411937 ], [ -71.491905948, -29.077469430999901 ], [ -71.491891079, -29.077523952 ], [ -71.491870262, -29.077551707999898 ], [ -71.491830611, -29.077577480999899 ], [ -71.491793932999897, -29.077595324 ], [ -71.4917523, -29.077646871 ], [ -71.491750317, -29.077681565 ], [ -71.491754282, -29.077723198999902 ], [ -71.491754329999907, -29.077723874 ], [ -71.491757256, -29.0777648329999 ], [ -71.491744368999903, -29.077794571 ], [ -71.491719587, -29.0778223259999 ], [ -71.491695095, -29.0778382139999 ], [ -71.49168291, -29.077846118 ], [ -71.491607573, -29.077869909 ], [ -71.4915024969999, -29.07787883 ], [ -71.491399403999907, -29.077863960999899 ], [ -71.49130325, -29.07783224 ], [ -71.491224938999906, -29.077792589 ], [ -71.49113275, -29.077727164 ], [ -71.491091116, -29.077676607999901 ], [ -71.491040561, -29.077605236 ], [ -71.491014787, -29.0775566639999 ], [ -71.490975136, -29.077497186 ], [ -71.490930529, -29.077458525999901 ], [ -71.490880965, -29.077425814 ], [ -71.490858165, -29.0774059899999 ], [ -71.490858133, -29.077405912 ], [ -71.49084627, -29.077376251 ], [ -71.490866094999902, -29.077353451 ], [ -71.490910702999898, -29.077324705 ], [ -71.490955310999894, -29.077301905 ], [ -71.491004875, -29.077295956999901 ], [ -71.491050473, -29.077303888 ], [ -71.491087151, -29.077308844 ], [ -71.491124818999893, -29.077311817999899 ], [ -71.491191235, -29.077323712999899 ], [ -71.491244764, -29.077313800999899 ], [ -71.491275494, -29.0773028959999 ], [ -71.491294328, -29.07728307 ], [ -71.491326049, -29.0772364809999 ], [ -71.491367683, -29.07721269 ], [ -71.491413281999897, -29.077216655 ], [ -71.491439054999901, -29.077232516 ], [ -71.491458881, -29.077245401 ], [ -71.491484654, -29.077272166999901 ], [ -71.491510427, -29.077293975 ], [ -71.491533438, -29.077314429 ], [ -71.491537192, -29.077317765 ], [ -71.491585765, -29.077318756 ], [ -71.491642267, -29.077306861999901 ], [ -71.49167498, -29.077288027 ], [ -71.491705709, -29.077274148999901 ], [ -71.491720009999895, -29.0772499989999 ], [ -71.49172157, -29.077247384 ], [ -71.491703727, -29.077215663999901 ], [ -71.491672006, -29.077194846999902 ], [ -71.491640285, -29.07715817 ], [ -71.491630372, -29.077116535999899 ], [ -71.491641275999896, -29.077089771 ], [ -71.491671015, -29.077079857999902 ], [ -71.49168291, -29.077057059 ], [ -71.491665067, -29.077030293999901 ], [ -71.491637311, -29.077007495 ], [ -71.491609555, -29.076998574 ], [ -71.491581799, -29.077000556 ], [ -71.491558999999896, -29.077012451 ], [ -71.491527279, -29.077054084999901 ], [ -71.491499523, -29.077058049999899 ], [ -71.49147375, -29.077044171999901 ], [ -71.491445003, -29.077016417 ], [ -71.491431125, -29.076957929999899 ], [ -71.491432115999899, -29.076896471999898 ], [ -71.491446985, -29.076857812 ], [ -71.491458881, -29.076801309 ], [ -71.491451942, -29.076767604999901 ], [ -71.491437073, -29.076725972 ], [ -71.491454916, -29.0766942509999 ], [ -71.491482671, -29.0766734339999 ], [ -71.491475732, -29.076643695 ], [ -71.491457888999904, -29.076618912999901 ], [ -71.491429142, -29.0766030529999 ], [ -71.491404359999905, -29.0766020619999 ], [ -71.491399999999899, -29.076596943 ], [ -71.491381561, -29.076575297 ], [ -71.491367683, -29.076542585 ], [ -71.491336953, -29.076508880999899 ], [ -71.491304241, -29.076486080999899 ], [ -71.491242782, -29.076461299999899 ], [ -71.491214035, -29.0764424659999 ], [ -71.491200157, -29.0764157 ], [ -71.491201148, -29.076369111 ], [ -71.491205113, -29.0763284679999 ], [ -71.491213043, -29.076282869999901 ], [ -71.491234850999902, -29.0762461919999 ], [ -71.491261616, -29.076187707 ], [ -71.491282433, -29.076122282 ], [ -71.491286668, -29.076057938 ], [ -71.491360293, -29.075932001 ], [ -71.491389356, -29.075860314 ], [ -71.491383543, -29.075806063 ], [ -71.491338981, -29.0757014389999 ], [ -71.491300231, -29.0755755009999 ], [ -71.491269230999904, -29.075453438 ], [ -71.491271168, -29.075383689 ], [ -71.491344792999897, -29.075306188 ], [ -71.491410668, -29.075273250999899 ], [ -71.491428105999901, -29.075248062999901 ], [ -71.491433918, -29.075201563 ], [ -71.491408731, -29.075160874999899 ], [ -71.491364168, -29.075127938 ], [ -71.491321543, -29.0751027499999 ], [ -71.491273105999895, -29.0750891879999 ], [ -71.491244042999895, -29.075058188 ], [ -71.491207231, -29.075007813 ], [ -71.491166543, -29.074930313 ], [ -71.491056106, -29.074779188 ], [ -71.490990231, -29.074641625 ], [ -71.490972025, -29.074574344 ], [ -71.490945667999895, -29.074476936999901 ], [ -71.490934043, -29.074339374 ], [ -71.490926293, -29.074227 ], [ -71.490935981, -29.074089437999898 ], [ -71.490957293, -29.073998375 ], [ -71.490997981, -29.07395575 ], [ -71.491030918, -29.073918937 ], [ -71.491032855999904, -29.073880186999901 ], [ -71.491019293, -29.073835625 ], [ -71.491011543, -29.073754248999901 ], [ -71.491036731, -29.073690311999901 ], [ -71.491087106, -29.0736224999999 ], [ -71.491114959999905, -29.073564932999901 ], [ -71.491116168, -29.073562437 ], [ -71.491100671, -29.073541123 ], [ -71.4910995339999, -29.073539611999902 ], [ -71.491077418, -29.073510124999899 ], [ -71.491061806999895, -29.073508172999901 ], [ -71.491030918, -29.073504312 ], [ -71.490963106, -29.073514 ], [ -71.490895292999895, -29.073527562 ], [ -71.490839106, -29.073539185999898 ], [ -71.490771293, -29.073533375 ], [ -71.49071123, -29.073539185999898 ], [ -71.490664729999907, -29.073541125 ], [ -71.490616293, -29.073525624999899 ], [ -71.490554292999903, -29.073486875 ], [ -71.490505855, -29.0734519989999 ], [ -71.49043998, -29.073389999 ], [ -71.490343105, -29.073298936999901 ], [ -71.490294667999905, -29.073271812 ], [ -71.490255917999903, -29.073267937 ], [ -71.490224918, -29.073275687 ], [ -71.490190041999895, -29.073289249 ], [ -71.49015323, -29.073302811 ], [ -71.490097041999903, -29.073302811 ], [ -71.490015667, -29.0732950619999 ], [ -71.489967229999905, -29.073289249 ], [ -71.489849041999904, -29.073293124 ], [ -71.489746355, -29.073281499 ], [ -71.489608792, -29.073236936999901 ], [ -71.489537104, -29.0731981869999 ], [ -71.489484792, -29.073141999 ], [ -71.489463478999895, -29.073101311999899 ], [ -71.489432479, -29.073079999 ], [ -71.489353041999905, -29.073066437 ], [ -71.489275542, -29.073019937 ], [ -71.489184479, -29.0729346859999 ], [ -71.489095354, -29.072795185 ], [ -71.489082417, -29.072770605 ], [ -71.489017853999897, -29.072647936 ], [ -71.488934540999907, -29.072419311 ], [ -71.488839604, -29.0721945609999 ], [ -71.488814416, -29.072130622 ], [ -71.488767916, -29.072074434999902 ], [ -71.488645854, -29.071987248 ], [ -71.488568353999895, -29.071917497 ], [ -71.488475353999902, -29.071828373 ], [ -71.488399790999907, -29.071725686 ], [ -71.488351354, -29.0716249349999 ], [ -71.488312602999898, -29.071524183999902 ], [ -71.488311381999907, -29.071507698999898 ], [ -71.488304853, -29.07141956 ], [ -71.488331979, -29.071349809 ], [ -71.488403666, -29.071252934 ], [ -71.488454544, -29.071184568 ], [ -71.488465666, -29.0711696229999 ], [ -71.488533479, -29.071086309999899 ], [ -71.488567944, -29.071034611999899 ], [ -71.488572675999905, -29.071027512999901 ], [ -71.488579979, -29.071016558999901 ], [ -71.488653604, -29.070904185 ], [ -71.488715603999907, -29.070832497 ], [ -71.488742455, -29.070811842999898 ], [ -71.488765978999893, -29.070793747 ], [ -71.488794726, -29.0707721869999 ], [ -71.488812479, -29.070758871999899 ], [ -71.488839604, -29.070700746999901 ], [ -71.488872541, -29.0705883709999 ], [ -71.488888040999896, -29.070499246999901 ], [ -71.488896327, -29.070482259999899 ], [ -71.488926791, -29.07041981 ], [ -71.488955854, -29.070369435 ], [ -71.488990729, -29.070348121999899 ], [ -71.489021728999901, -29.070315182999899 ], [ -71.489029479, -29.070280308999902 ], [ -71.489050791999901, -29.070218309 ], [ -71.489099229, -29.070152434 ], [ -71.489184479, -29.070092372 ], [ -71.489306542, -29.070028433999902 ], [ -71.489415042, -29.069952871999899 ], [ -71.489521603999904, -29.069867621 ], [ -71.489609339, -29.069820521999901 ], [ -71.489705667, -29.0697688079999 ], [ -71.489862605, -29.069726183999901 ], [ -71.490000166999906, -29.069689369999899 ], [ -71.490097041999903, -29.0696583709999 ], [ -71.49016098, -29.069602184 ], [ -71.490180354999893, -29.069551808 ], [ -71.490172604999898, -29.0694859339999 ], [ -71.490162917, -29.069427808999901 ], [ -71.490174542, -29.069379371 ], [ -71.490203605, -29.069363871 ], [ -71.490222979999899, -29.069340621 ], [ -71.490203605, -29.069309620999899 ], [ -71.490162917, -29.0692805579999 ], [ -71.490150001, -29.069273107 ], [ -71.490112542, -29.0692514959999 ], [ -71.490021479999896, -29.069185621 ], [ -71.489994286999902, -29.069160901 ], [ -71.489957542, -29.069127496 ], [ -71.489922667, -29.0690325579999 ], [ -71.489917025999901, -29.068991562999901 ], [ -71.489910725, -29.068945776 ], [ -71.489893605, -29.068821371 ], [ -71.489891666999895, -29.068749683 ], [ -71.489953667, -29.068689621 ], [ -71.490066042, -29.068689621 ], [ -71.490118354999893, -29.068652807 ], [ -71.490124167, -29.068606308 ], [ -71.490097041999903, -29.068571432999899 ], [ -71.490046666999902, -29.068553995999899 ], [ -71.489986605, -29.068526871 ], [ -71.489934292, -29.068490058 ], [ -71.489924604999899, -29.0684493709999 ], [ -71.489925038, -29.0684394039999 ], [ -71.489926542, -29.068404808 ], [ -71.489961417, -29.068358308 ], [ -71.48999048, -29.068340868999901 ], [ -71.490046666999902, -29.068313745 ], [ -71.490126104999902, -29.068261433 ], [ -71.49015323, -29.068205244 ], [ -71.490147416999903, -29.068154869999901 ], [ -71.490122229999898, -29.0681006199999 ], [ -71.490093166999898, -29.068044433 ], [ -71.490073792, -29.067999869999898 ], [ -71.490077667, -29.067951432 ], [ -71.490101387, -29.067918973 ], [ -71.490151292, -29.067850683 ], [ -71.490255917999903, -29.067771245 ], [ -71.490319854999896, -29.067763495 ], [ -71.490372168, -29.067778995 ], [ -71.490434168, -29.067813869 ], [ -71.490577543, -29.067844869999899 ], [ -71.490639543, -29.06782937 ], [ -71.49068798, -29.067806119999901 ], [ -71.490707355, -29.067759619999901 ], [ -71.490730605, -29.0677092449999 ], [ -71.490771293, -29.067684057 ], [ -71.490862356, -29.067651119999901 ], [ -71.490932105999903, -29.0676433699999 ], [ -71.490997981, -29.067654994999899 ], [ -71.491052231, -29.067625931999899 ], [ -71.491094856, -29.067571681999901 ], [ -71.491139418, -29.067530995 ], [ -71.491193667999895, -29.067484495 ], [ -71.491222730999894, -29.067428306999901 ], [ -71.491224668, -29.067374056999899 ], [ -71.491207231, -29.067321745 ], [ -71.491187856, -29.067292682 ], [ -71.491168316, -29.067274363 ], [ -71.491156856, -29.067263619999899 ], [ -71.491118106, -29.06721712 ], [ -71.491087106, -29.067081494 ], [ -71.491069668, -29.067005932 ], [ -71.491085168, -29.066953618 ], [ -71.491127793, -29.066899368999898 ], [ -71.491147167999898, -29.066864494 ], [ -71.491135543, -29.066825744 ], [ -71.491112293, -29.066802493999901 ], [ -71.491061918, -29.066810244 ], [ -71.4909495429999, -29.0668276819999 ], [ -71.490900892, -29.066806831 ], [ -71.490895292999895, -29.066804432 ], [ -71.490842981, -29.066707557 ], [ -71.490823605999907, -29.066608744 ], [ -71.490845871, -29.066552338999902 ], [ -71.490852667999903, -29.066535119 ], [ -71.490868168, -29.066482806 ], [ -71.490922418, -29.066409181 ], [ -71.490963106, -29.066339431 ], [ -71.490963106, -29.066265805999901 ], [ -71.490918543, -29.066194117999899 ], [ -71.490870106, -29.066159243999898 ], [ -71.490804517999905, -29.066126449 ], [ -71.49079648, -29.066122430999901 ], [ -71.490728668, -29.066000368999902 ], [ -71.490678293, -29.065918992 ], [ -71.490624043, -29.065860867 ], [ -71.490515543, -29.065769805999899 ], [ -71.490436105, -29.065736867999899 ], [ -71.490267543, -29.065760118 ], [ -71.490211355, -29.065804681 ], [ -71.490157105, -29.065878305999899 ], [ -71.490089291999894, -29.065953868999902 ], [ -71.490031167, -29.065988744 ], [ -71.489992416999897, -29.0660546189999 ], [ -71.489955605, -29.066112744 ], [ -71.489891666999895, -29.066172805 ], [ -71.489829667, -29.066232867999901 ], [ -71.489767667, -29.066285181 ], [ -71.489709542, -29.066321994 ], [ -71.489647541999901, -29.066312305999901 ], [ -71.489571979999894, -29.066279369 ], [ -71.489455729, -29.066225119 ], [ -71.489420632, -29.066217693999899 ], [ -71.489354979, -29.066203806 ], [ -71.489293239999895, -29.066200866 ], [ -71.489273603999905, -29.066199931 ], [ -71.489257997, -29.0662043899999 ], [ -71.489205792, -29.066219305999901 ], [ -71.489147666999898, -29.066265805999901 ], [ -71.489116667, -29.0663239309999 ], [ -71.489103104, -29.066380119 ], [ -71.489074042, -29.066432431 ], [ -71.489023667, -29.066478930999899 ], [ -71.488963603999906, -29.066498306 ], [ -71.488903541, -29.0664963689999 ], [ -71.488843479, -29.066484742999901 ], [ -71.488802791, -29.066473119 ], [ -71.488762104, -29.066507993999899 ], [ -71.488746604, -29.066566119 ], [ -71.488740790999898, -29.066620369 ], [ -71.488729166, -29.066676556999901 ], [ -71.488692354, -29.0667308069999 ], [ -71.488645854, -29.066763744 ], [ -71.488568353999895, -29.0667947439999 ], [ -71.488444354, -29.066802493999901 ], [ -71.488333916, -29.066775369 ], [ -71.488227353, -29.066724994 ], [ -71.488151791, -29.0666688069999 ], [ -71.488054916, -29.066564180999901 ], [ -71.488014375, -29.06651391 ], [ -71.488006478, -29.066504118 ], [ -71.487985378, -29.066472469 ], [ -71.487941851, -29.066407178 ], [ -71.487926021, -29.066383432 ], [ -71.487917352999901, -29.0663704309999 ], [ -71.487886781, -29.066335871 ], [ -71.487828228, -29.066269679999898 ], [ -71.48778669, -29.066248911999899 ], [ -71.487781728, -29.066246431 ], [ -71.487667415, -29.066269679999898 ], [ -71.487597665, -29.066283244 ], [ -71.487527915, -29.066273555999899 ], [ -71.487487228, -29.066271618 ], [ -71.487442664999904, -29.066300681 ], [ -71.48741554, -29.0663413689999 ], [ -71.48735354, -29.066414994 ], [ -71.487281853, -29.066471180999901 ], [ -71.487053226999905, -29.0664963689999 ], [ -71.487020045, -29.066498544999899 ], [ -71.486935039999906, -29.066504118 ], [ -71.4868420399999, -29.066507993999899 ], [ -71.486667665, -29.066478930999899 ], [ -71.486557288, -29.066435216999899 ], [ -71.486471977, -29.066401431 ], [ -71.486450923999897, -29.0663911679999 ], [ -71.486316976999902, -29.066325869 ], [ -71.486308849, -29.066319096 ], [ -71.486223977, -29.066248368999901 ], [ -71.486146477, -29.066188306 ], [ -71.486064345, -29.06612322 ], [ -71.486043789, -29.066106931 ], [ -71.486033941999906, -29.066102007 ], [ -71.485995652, -29.066082862 ], [ -71.485943038999906, -29.0660565549999 ], [ -71.485830663999906, -29.066011994 ], [ -71.485826528, -29.066010064 ], [ -71.485772539, -29.065984869 ], [ -71.485735620999904, -29.065951028 ], [ -71.485726039, -29.065942243999899 ], [ -71.485681476, -29.065891867999898 ], [ -71.485650475999904, -29.0658531179999 ], [ -71.485590413999901, -29.065814368 ], [ -71.485569309, -29.065805677999901 ], [ -71.485524539, -29.0657872429999 ], [ -71.485488529999898, -29.065781381 ], [ -71.485441226, -29.0657736809999 ], [ -71.485369539, -29.065767868 ], [ -71.485303664, -29.065763993 ], [ -71.485183537999902, -29.065715555999901 ], [ -71.485073101, -29.065678743 ], [ -71.485005288, -29.065678743 ], [ -71.484858038, -29.065678743 ], [ -71.484726287999905, -29.065672930999899 ], [ -71.484590662999906, -29.065659368 ], [ -71.484505413, -29.065639992999898 ], [ -71.4844221, -29.065638056 ], [ -71.484325225, -29.065636117999901 ], [ -71.484272913, -29.065643866999899 ], [ -71.484152788, -29.0656651799999 ], [ -71.484059788, -29.065690367999899 ], [ -71.483970663, -29.065705868 ], [ -71.483799714, -29.065707768 ], [ -71.483796287, -29.065707806 ], [ -71.483769835, -29.0657085019999 ], [ -71.483722661999906, -29.065709743 ], [ -71.483689845, -29.065721058999902 ], [ -71.483666474999893, -29.065729118 ], [ -71.483662175999896, -29.065732771999901 ], [ -71.483627725, -29.065762054999901 ], [ -71.483616568999906, -29.065773211 ], [ -71.483559912, -29.065829868 ], [ -71.483501787, -29.065886056 ], [ -71.483453349999905, -29.0659170559999 ], [ -71.48339135, -29.065944181 ], [ -71.483311912, -29.065934494 ], [ -71.483172412, -29.065870555999901 ], [ -71.483088822, -29.065808461 ], [ -71.483036786999904, -29.065769805999899 ], [ -71.482947662, -29.065701992 ], [ -71.482939934999905, -29.065693528999901 ], [ -71.482866287, -29.065612868 ], [ -71.482796537, -29.065546992 ], [ -71.482711287, -29.065486931 ], [ -71.482627974, -29.065450117 ], [ -71.482538849, -29.065444306 ], [ -71.482436161, -29.065446242999901 ], [ -71.48231235, -29.06541741 ], [ -71.482294724, -29.0654133049999 ], [ -71.482209473999902, -29.0654133049999 ], [ -71.482093224, -29.065409431 ], [ -71.482027348, -29.0654133049999 ], [ -71.481963951, -29.065401697 ], [ -71.481909582, -29.065391742 ], [ -71.481889786, -29.065388117999898 ], [ -71.481873301999897, -29.065383852 ], [ -71.481873198999907, -29.065383825 ], [ -71.481840432, -29.065375344 ], [ -71.481725098, -29.065345492999899 ], [ -71.481670655999906, -29.065319749 ], [ -71.481645259999894, -29.065315779999899 ], [ -71.481621542, -29.065314492 ], [ -71.481523594999899, -29.065295718999899 ], [ -71.481491171999906, -29.065287038999902 ], [ -71.481481856999906, -29.065283033999901 ], [ -71.481476954999906, -29.065279088 ], [ -71.481468752, -29.0652746129999 ], [ -71.481438813999901, -29.065249959 ], [ -71.481425702, -29.0652420229999 ], [ -71.481416929, -29.065238511 ], [ -71.481404929, -29.065230103 ], [ -71.481390211, -29.065219235 ], [ -71.481384197999901, -29.065215759 ], [ -71.481380902999902, -29.065214744999899 ], [ -71.481363459, -29.0652019 ], [ -71.481337768999893, -29.065187004999899 ], [ -71.481325157999905, -29.065181985 ], [ -71.481309779, -29.065177413999901 ], [ -71.481299367, -29.065172909999902 ], [ -71.481274663, -29.065164817 ], [ -71.481252685999905, -29.065158702 ], [ -71.481224134999906, -29.065149588999901 ], [ -71.481212577999898, -29.065147494 ], [ -71.48120485, -29.065147391 ], [ -71.481178415, -29.065143641 ], [ -71.481147614, -29.065136923 ], [ -71.481137186, -29.0651333879999 ], [ -71.481121924, -29.065122027 ], [ -71.481103334, -29.065111591999901 ], [ -71.481100079, -29.065110010999899 ], [ -71.481029534999905, -29.065099428999901 ], [ -71.481024002, -29.065099216 ], [ -71.480878409999903, -29.065093617999899 ], [ -71.480767972, -29.0651110549999 ], [ -71.480688535, -29.065147867999901 ], [ -71.480593601, -29.065166481999899 ], [ -71.480589721999905, -29.065167243 ], [ -71.480494785, -29.065171118 ], [ -71.480409535, -29.06515368 ], [ -71.480295221999896, -29.065120743 ], [ -71.480253412, -29.065101033 ], [ -71.480159597, -29.065056805 ], [ -71.480056909, -29.065010304999898 ], [ -71.479851534, -29.0649386179999 ], [ -71.479603961999899, -29.064859761 ], [ -71.479582207, -29.064824547999901 ], [ -71.479563165999906, -29.064793504 ], [ -71.479492971, -29.064749632 ], [ -71.479392065999903, -29.064699178999899 ], [ -71.479365742, -29.064648726 ], [ -71.479350387, -29.064591693 ], [ -71.479317483, -29.064554401999899 ], [ -71.479293353999907, -29.064525885 ], [ -71.479256063, -29.064468851 ], [ -71.479207803, -29.064394268999902 ], [ -71.479116785, -29.064216265 ], [ -71.479091626999903, -29.064160558 ], [ -71.47908354, -29.064134501 ], [ -71.479075453999897, -29.064107545999899 ], [ -71.479058381999906, -29.064076998 ], [ -71.479043108, -29.064060825 ], [ -71.479020646, -29.064028478999901 ], [ -71.478990994999904, -29.063969178 ], [ -71.478973025, -29.0639503089999 ], [ -71.478962243, -29.063903587 ], [ -71.47891642, -29.063855068999899 ], [ -71.478889645, -29.063787286 ], [ -71.478895969999897, -29.063765433999901 ], [ -71.478898269999902, -29.0637372579999 ], [ -71.478894843, -29.063718571 ], [ -71.478902158, -29.063704429 ], [ -71.4789467209999, -29.063650179 ], [ -71.479010659, -29.063561053999901 ], [ -71.479038983, -29.063507946999898 ], [ -71.479041659, -29.063502929 ], [ -71.479047470999902, -29.063450616999901 ], [ -71.479045534, -29.063392490999899 ], [ -71.479026158999901, -29.063349866 ], [ -71.478999034, -29.063305304 ], [ -71.478971908999895, -29.063268491 ], [ -71.478931221, -29.063212303999901 ], [ -71.478916762, -29.063190615999901 ], [ -71.478888595999905, -29.063148366 ], [ -71.478847908, -29.063086364999901 ], [ -71.478824658, -29.062964303999902 ], [ -71.478827769, -29.0628977339999 ], [ -71.478834346, -29.062756991 ], [ -71.478848569, -29.062684293 ], [ -71.478851783, -29.062667866 ], [ -71.47886541, -29.062643016 ], [ -71.478884721, -29.062607802999899 ], [ -71.478954471, -29.062534178 ], [ -71.479057159, -29.062477991 ], [ -71.479148220999903, -29.062425678 ], [ -71.479200534, -29.062355927999899 ], [ -71.479262534, -29.062286177 ], [ -71.479301284, -29.062222241 ], [ -71.479293534, -29.062173803 ], [ -71.479275891, -29.062144933 ], [ -71.479272221, -29.062138928 ], [ -71.479223783999899, -29.062086614999899 ], [ -71.479171471, -29.062018802999901 ], [ -71.479144345999899, -29.061908365 ], [ -71.479157909, -29.061836677 ], [ -71.479198595999904, -29.061780489999901 ], [ -71.479239284, -29.0617630529999 ], [ -71.479289659, -29.061757239 ], [ -71.479310971, -29.061733989999901 ], [ -71.479295470999901, -29.061701051999901 ], [ -71.479270283999895, -29.061681677 ], [ -71.479233471, -29.061668115 ], [ -71.479194720999899, -29.061660364 ], [ -71.479146284, -29.06164874 ], [ -71.479101720999907, -29.061652615 ], [ -71.479057159, -29.061650678 ], [ -71.478995159, -29.061613865 ], [ -71.478950595999905, -29.061567365 ], [ -71.478906033, -29.06151699 ], [ -71.478886658, -29.061472427 ], [ -71.478863407999896, -29.06136974 ], [ -71.478878908, -29.061317426999899 ], [ -71.478919596, -29.06126124 ], [ -71.478957100999907, -29.061232069 ], [ -71.478989345999906, -29.06120699 ], [ -71.478997013, -29.061201302 ], [ -71.479109471, -29.061117865 ], [ -71.479169533999894, -29.061050051999899 ], [ -71.479214096, -29.060988052 ], [ -71.479214096, -29.060947364999901 ], [ -71.479194720999899, -29.060918301 ], [ -71.479148220999903, -29.060902801999902 ], [ -71.479080408999906, -29.060902801999902 ], [ -71.478969971, -29.060879551 ], [ -71.478925408, -29.060865989 ], [ -71.478882783, -29.060844677 ], [ -71.478857596, -29.060807864 ], [ -71.478865346, -29.060753614 ], [ -71.4788672829999, -29.060712926999901 ], [ -71.478844033, -29.060662551999901 ], [ -71.478861471, -29.060602489 ], [ -71.478889276, -29.060568010999901 ], [ -71.478909907999906, -29.060542427 ], [ -71.478937033, -29.060493989 ], [ -71.478925408, -29.060470739 ], [ -71.478886658, -29.060455239 ], [ -71.478857596, -29.060451364 ], [ -71.47885, -29.060447091 ], [ -71.478826596, -29.060433927 ], [ -71.478803345999907, -29.060391301 ], [ -71.478807221, -29.060340927 ], [ -71.478840158, -29.060152989 ], [ -71.47885, -29.060128833 ], [ -71.478904096, -29.059996050999899 ], [ -71.478966127, -29.059914933999899 ], [ -71.478970091, -29.059918879999898 ], [ -71.478972365999894, -29.059920103 ], [ -71.478983386, -29.0599197559999 ], [ -71.478985346999906, -29.059918248 ], [ -71.478987885, -29.059917728999899 ], [ -71.478990441999898, -29.059918948 ], [ -71.478992468999905, -29.059923152 ], [ -71.478993089, -29.059927865 ], [ -71.478999074999905, -29.059932280999899 ], [ -71.479005016, -29.059932725 ], [ -71.479018821, -29.059928877999901 ], [ -71.479027808, -29.0599238309999 ], [ -71.479037077, -29.059918782 ], [ -71.479049366, -29.059906007999899 ], [ -71.479053506, -29.05989728 ], [ -71.479052858, -29.059890084 ], [ -71.479050517, -29.059883151 ], [ -71.479050459999897, -29.059878184999899 ], [ -71.479052705999905, -29.059876922999901 ], [ -71.479056977, -29.059879617 ], [ -71.479063603, -29.059890485 ], [ -71.479067594, -29.059893429999899 ], [ -71.479072972, -29.059894127 ], [ -71.47907551, -29.0598936069999 ], [ -71.479083352, -29.059887328999899 ], [ -71.479088627, -29.059879087 ], [ -71.479089706, -29.059874609 ], [ -71.479094442, -29.059868606 ], [ -71.479098604999905, -29.059861864 ], [ -71.479103631, -29.059856603999901 ], [ -71.47910638, -29.059849874999902 ], [ -71.479106405, -29.059845144 ], [ -71.479106559999906, -29.059816348 ], [ -71.479111192999895, -29.059801406 ], [ -71.479114078999899, -29.0597820099999 ], [ -71.479116511, -29.059772304 ], [ -71.47911986, -29.059768549 ], [ -71.479128772, -29.059757046 ], [ -71.479144732999899, -29.059743990999898 ], [ -71.479161846999901, -29.059732912 ], [ -71.479167205, -29.059731871999901 ], [ -71.479175134999906, -29.059733290999901 ], [ -71.479183608, -29.059732719 ], [ -71.479191215999904, -29.059730665 ], [ -71.479199917, -29.0597253729999 ], [ -71.479215304, -29.059711579 ], [ -71.479220687999899, -29.059712771 ], [ -71.479226674, -29.059717188 ], [ -71.479232983, -29.059725079 ], [ -71.479234479, -29.059732267 ], [ -71.479233436999905, -29.0597399759999 ], [ -71.479226814, -29.059753940999901 ], [ -71.479227522, -29.059766351 ], [ -71.479230426, -29.059773031 ], [ -71.479233856999898, -29.059776477 ], [ -71.479248393, -29.059787026 ], [ -71.479258602, -29.0597899159999 ], [ -71.479278388, -29.059789988 ], [ -71.479283212, -29.059791683999901 ], [ -71.479290637, -29.0597983239999 ], [ -71.479301574, -29.059815360999899 ], [ -71.479302225, -29.059822805 ], [ -71.479307973999894, -29.059831196999902 ], [ -71.479310004, -29.05983565 ], [ -71.479310822999906, -29.059861253 ], [ -71.479310886, -29.059863207 ], [ -71.479316072999893, -29.059871852999901 ], [ -71.479324340999895, -29.059877988 ], [ -71.479335370999905, -29.059878635 ], [ -71.479355150999893, -29.059878211 ], [ -71.479376308, -29.0598745459999 ], [ -71.479380800999905, -29.059872023 ], [ -71.479390595, -29.059863492 ], [ -71.479395661999902, -29.05986171 ], [ -71.479409796, -29.059861832 ], [ -71.479420821, -29.059861982 ], [ -71.479427027, -29.059860934 ], [ -71.479441634999901, -29.059853105999899 ], [ -71.479453211, -29.059843272 ], [ -71.479457588999907, -29.059839554 ], [ -71.479463145, -29.059831061999901 ], [ -71.479465639999901, -29.059826816999902 ], [ -71.479474012, -29.059817553999899 ], [ -71.479477583999895, -29.059808582999899 ], [ -71.479479396, -29.0597941629999 ], [ -71.479484888999906, -29.0597802079999 ], [ -71.479485117, -29.059775487 ], [ -71.47948337, -29.059771032 ], [ -71.479482859, -29.05975117 ], [ -71.479487534, -29.059739953 ], [ -71.479487138, -29.059730025 ], [ -71.47948567, -29.059725317999899 ], [ -71.479473689, -29.059715739 ], [ -71.479457754, -29.059706444 ], [ -71.479453483, -29.059703751 ], [ -71.47944583, -29.059701833 ], [ -71.479434813, -29.059702425999902 ], [ -71.479426335, -29.059702503 ], [ -71.479413565999906, -29.059698145 ], [ -71.479399706, -29.059697275 ], [ -71.479385577999906, -29.059697648999901 ], [ -71.479375373, -29.059695007 ], [ -71.479366828, -29.059689372 ], [ -71.479358895, -29.059687703999899 ], [ -71.479356068999905, -29.059687729 ], [ -71.479348467, -29.05969028 ], [ -71.479345641, -29.059690304999901 ], [ -71.479340528, -29.059688115 ], [ -71.479337345, -29.059681687 ], [ -71.479337825, -29.059674232 ], [ -71.479341395999896, -29.059665261 ], [ -71.479349485999904, -29.059656 ], [ -71.479353875999905, -29.059644539 ], [ -71.479356057, -29.0596375649999 ], [ -71.479367767, -29.059623554 ], [ -71.479373076999906, -29.059618292 ], [ -71.479378063999903, -29.059609555999899 ], [ -71.479390926999898, -29.059597521999901 ], [ -71.479400482, -29.059592718 ], [ -71.479403019999907, -29.059592199 ], [ -71.4794075679999, -29.059594393999902 ], [ -71.479412722999896, -29.059600308 ], [ -71.4794141899999, -29.059605013 ], [ -71.479414984, -29.059624873 ], [ -71.479419015, -29.0596312939999 ], [ -71.479426719999907, -29.059637682999899 ], [ -71.479431544, -29.0596393779999 ], [ -71.479437202, -29.059639823999898 ], [ -71.47943974, -29.059639305 ], [ -71.479452227, -29.059643664 ], [ -71.479467036999907, -29.059653465999901 ], [ -71.479471584, -29.059655661 ], [ -71.479488429999904, -29.059670411 ], [ -71.479495812, -29.059673325999899 ], [ -71.479498641, -29.059673549 ], [ -71.479506241, -29.05967075 ], [ -71.479511622, -29.059671695 ], [ -71.479517054, -29.0596771109999 ], [ -71.47952392, -29.059684251 ], [ -71.479531307999906, -29.059687661999899 ], [ -71.479538416, -29.059691324 ], [ -71.479555096, -29.059691673 ], [ -71.4795642, -29.059696807 ], [ -71.479569577999897, -29.059697503999899 ], [ -71.479577768, -29.059696935 ], [ -71.479588196999899, -29.059694358999899 ], [ -71.479595219, -29.059690571 ], [ -71.479600811, -29.059685307999899 ], [ -71.479601916, -29.059683062 ], [ -71.479602621, -29.05967064 ], [ -71.479594882, -29.059661271 ], [ -71.479592258, -29.059654340999899 ], [ -71.479592458, -29.059647137 ], [ -71.479595804, -29.059643133999899 ], [ -71.4796003, -29.059640859 ], [ -71.479614145, -29.059640488 ], [ -71.479622079, -29.059642155999899 ], [ -71.479630266, -29.059641337999899 ], [ -71.479632796, -29.059640074 ], [ -71.479635857999895, -29.059636073 ], [ -71.47964151, -29.0596360229999 ], [ -71.479649171999895, -29.0596386879999 ], [ -71.479651998999898, -29.059638661 ], [ -71.479654530999895, -29.059637645999899 ], [ -71.479657357, -29.059637621 ], [ -71.479665013, -29.059639788 ], [ -71.479667551, -29.059639268999899 ], [ -71.479670902, -29.059635762 ], [ -71.479671074, -29.059626075 ], [ -71.479670704999904, -29.059618628 ], [ -71.479674194, -29.059602457 ], [ -71.479673517, -29.059592777 ], [ -71.479670614, -29.059586097 ], [ -71.479663186, -29.05957921 ], [ -71.479647816, -29.059569909999901 ], [ -71.479632968, -29.059556879999899 ], [ -71.479621832, -29.059547044999899 ], [ -71.479620396, -29.059545070999899 ], [ -71.479622357, -29.059543564 ], [ -71.479635112, -29.059546678999901 ], [ -71.479643866999893, -29.059546103999899 ], [ -71.479648646, -29.059543827 ], [ -71.479651143999902, -29.059539830999899 ], [ -71.479651115, -29.0595373479999 ], [ -71.479643963999905, -29.0595299619999 ], [ -71.479641655, -29.059525762 ], [ -71.479636555999903, -29.0595248119999 ], [ -71.479630004999905, -29.059520402 ], [ -71.479620855, -29.059511293 ], [ -71.479606875999906, -29.059499994 ], [ -71.479591459999895, -29.059486720999899 ], [ -71.479585996, -29.059478574 ], [ -71.479584786, -29.059471631999902 ], [ -71.479584643, -29.059459215999901 ], [ -71.479589953, -29.059453953999899 ], [ -71.479595022999902, -29.059452419 ], [ -71.479600677999898, -29.059452617 ], [ -71.479607503, -29.059456283 ], [ -71.479614335, -29.059460443 ], [ -71.479619715999902, -29.0594613879999 ], [ -71.479628545, -29.05946727 ], [ -71.479640527, -29.059476848 ], [ -71.479647951999894, -29.059483488 ], [ -71.47965482, -29.059490877 ], [ -71.479666801999898, -29.059500455 ], [ -71.479686311, -29.059501027 ], [ -71.479694518, -29.059501946999902 ], [ -71.479708369, -29.059502073 ], [ -71.479713476, -29.059503766 ], [ -71.479718066, -29.059509685 ], [ -71.479725566, -29.05952278 ], [ -71.479732117, -29.059527192 ], [ -71.479738061, -29.059527884 ], [ -71.479743716, -29.0595280819999 ], [ -71.479768185999902, -29.059517683 ], [ -71.479776887, -29.059512390999899 ], [ -71.479792097, -29.059507786 ], [ -71.479799989999904, -29.059505977 ], [ -71.479829017, -29.059498517 ], [ -71.47983743, -29.059492731 ], [ -71.479848322999899, -29.059481459 ], [ -71.479855054, -29.059476929 ], [ -71.47987003, -29.059476548 ], [ -71.479875096999905, -29.059474764999901 ], [ -71.479887452, -29.059467701 ], [ -71.479899202, -29.059457167999899 ], [ -71.479916172999907, -29.059433672 ], [ -71.479923441, -29.0594266539999 ], [ -71.479933838, -29.059421347999901 ], [ -71.479945039, -29.059412307999899 ], [ -71.479948378999893, -29.0594078079999 ], [ -71.479954542, -29.059403034 ], [ -71.479970275, -29.059394699999899 ], [ -71.47998064, -29.059386662 ], [ -71.479988241999905, -29.0593841099999 ], [ -71.480005343999906, -29.059372039 ], [ -71.480013754, -29.059366003 ], [ -71.480031185, -29.059357900999899 ], [ -71.480046388999895, -29.0593527999999 ], [ -71.480060497, -29.059350686999899 ], [ -71.480085631999899, -29.059348975 ], [ -71.480114743999906, -29.059348964 ], [ -71.480130653999893, -29.059354121 ], [ -71.480140844999895, -29.059357424 ], [ -71.480157253999906, -29.059358768 ], [ -71.480160076999894, -29.059358494 ], [ -71.480168487, -29.059352459 ], [ -71.480172372, -29.059346217 ], [ -71.480173413, -29.059313924 ], [ -71.480174437, -29.059305777 ], [ -71.480175226, -29.059299504 ], [ -71.480180183999906, -29.059288285 ], [ -71.480187166999897, -29.059281020999901 ], [ -71.480194403, -29.059271271999901 ], [ -71.480198574, -29.059265276 ], [ -71.480202676, -29.0592533179999 ], [ -71.480203724, -29.059246107 ], [ -71.480206475, -29.059239626 ], [ -71.480214234, -29.059226146999901 ], [ -71.480219253, -29.059220142 ], [ -71.480233251999906, -29.059208594 ], [ -71.480242523999905, -29.059203792999899 ], [ -71.480256859, -29.059192292 ], [ -71.480258487, -29.059190986 ], [ -71.480263217, -29.059184489 ], [ -71.480271592999898, -29.059175473 ], [ -71.480278418, -29.059162296999901 ], [ -71.480288039, -29.059148911 ], [ -71.480288115, -29.059148804 ], [ -71.480289402, -29.059126641 ], [ -71.480287372, -29.059122188999901 ], [ -71.480279099, -29.059115557 ], [ -71.480269436, -29.059110925 ], [ -71.480262282, -29.0591032909999 ], [ -71.480239193, -29.05908636 ], [ -71.480234092, -29.059085164 ], [ -71.480223260999907, -29.0590773129999 ], [ -71.480209843999901, -29.0590657609999 ], [ -71.480205288, -29.059062820999898 ], [ -71.480195078999898, -29.059059932 ], [ -71.480186817999893, -29.059054294 ], [ -71.480167126, -29.05903783 ], [ -71.480160015, -29.059033919999901 ], [ -71.480152635, -29.059031253999901 ], [ -71.480137583, -29.059024931 ], [ -71.480125093, -29.059020323 ], [ -71.480118262, -29.059016162 ], [ -71.480105492999897, -29.059011805999901 ], [ -71.480089081, -29.059010213 ], [ -71.480081148, -29.059008545 ], [ -71.480060723, -29.059002022 ], [ -71.480055886999907, -29.058999333 ], [ -71.480054450999901, -29.0589973589999 ], [ -71.480054364999901, -29.05898991 ], [ -71.480056003999906, -29.058984929 ], [ -71.480064889999895, -29.058971191 ], [ -71.480075789, -29.058960415999898 ], [ -71.480086211999904, -29.058957343 ], [ -71.480100487999906, -29.058945295999902 ], [ -71.480105508999898, -29.05893954 ], [ -71.480119510999899, -29.058928239999901 ], [ -71.480124574999905, -29.05892621 ], [ -71.480132775, -29.058926384 ], [ -71.480137888999906, -29.058928821999899 ], [ -71.480154179, -29.058944321999899 ], [ -71.480159290999893, -29.058946512 ], [ -71.480181912, -29.058947304 ], [ -71.480186736, -29.058949 ], [ -71.480191007, -29.058951695 ], [ -71.480196474, -29.0589600879999 ], [ -71.480200225, -29.05896676 ], [ -71.480204215999905, -29.058969705 ], [ -71.480218121, -29.058974548 ], [ -71.480226613999903, -29.058975715 ], [ -71.480231989999893, -29.058976163 ], [ -71.480242255, -29.058984017999901 ], [ -71.480245685999904, -29.058987465 ], [ -71.480268221, -29.0590053929999 ], [ -71.480270775999898, -29.059006364 ], [ -71.480279534, -29.059006037 ], [ -71.480300088, -29.05899915 ], [ -71.48030799, -29.058998086 ], [ -71.480313050999897, -29.058995805999899 ], [ -71.480315263, -29.0589915649999 ], [ -71.480314924, -29.058986601 ], [ -71.480309494, -29.058981434 ], [ -71.480304664, -29.058979243 ], [ -71.480290969999899, -29.058968189 ], [ -71.48027415, -29.058955673 ], [ -71.480268434, -29.05895026 ], [ -71.480265276999901, -29.058946068 ], [ -71.480264685999899, -29.058943837 ], [ -71.480271423, -29.058939804 ], [ -71.480283287, -29.058939202 ], [ -71.480294946, -29.058945305999899 ], [ -71.480298937, -29.058948250999901 ], [ -71.480307147, -29.05894942 ], [ -71.480315628, -29.058949593 ], [ -71.480330674999905, -29.05895542 ], [ -71.480350044, -29.058968408999899 ], [ -71.480359147999906, -29.058973544 ], [ -71.480363139, -29.058976486999899 ], [ -71.480369724999903, -29.05898388 ], [ -71.480375103, -29.058984575999901 ], [ -71.480382130999899, -29.058981285 ], [ -71.480386269999897, -29.058972556999901 ], [ -71.48038697, -29.058959636999901 ], [ -71.480392496, -29.058948660999899 ], [ -71.48039977, -29.0589421399999 ], [ -71.48040615, -29.058931652999899 ], [ -71.480407962, -29.058917232999899 ], [ -71.480407313999905, -29.058910037 ], [ -71.480405847, -29.058905331999899 ], [ -71.480399255, -29.058897444 ], [ -71.480383881, -29.058887647999899 ], [ -71.480354533, -29.058867296 ], [ -71.480350821999906, -29.058864101 ], [ -71.480343994, -29.058860189 ], [ -71.480320025, -29.058840534 ], [ -71.480296887999899, -29.058819383 ], [ -71.480294016, -29.058815436 ], [ -71.480293396, -29.058810722 ], [ -71.480295266, -29.058801269 ], [ -71.480293741, -29.058791597 ], [ -71.480285682, -29.058779004 ], [ -71.480285851, -29.058769068999901 ], [ -71.480288856999906, -29.058760102 ], [ -71.480298368, -29.058751573999899 ], [ -71.480303729, -29.058750781999901 ], [ -71.480320783, -29.058759073 ], [ -71.480330167, -29.058763956999901 ], [ -71.480338191, -29.05877357 ], [ -71.480348493999898, -29.058784654 ], [ -71.480359122, -29.0587994599999 ], [ -71.480364268999907, -29.058804629 ], [ -71.480368822999907, -29.05880732 ], [ -71.480382678999902, -29.058807941999898 ], [ -71.480387511999893, -29.058810381999901 ], [ -71.480396102, -29.058819991999901 ], [ -71.480407355999901, -29.058840006 ], [ -71.480409382999895, -29.05884421 ], [ -71.4804194, -29.058855047999899 ], [ -71.480420836, -29.058857022 ], [ -71.480423391, -29.058857992 ], [ -71.480428769, -29.058858689 ], [ -71.480446662, -29.0588662289999 ], [ -71.480457149999907, -29.058868866999902 ], [ -71.480471278, -29.058868493 ], [ -71.480478595, -29.058865696999899 ], [ -71.480484471999901, -29.058860678 ], [ -71.480490029999899, -29.058852433 ], [ -71.480495052, -29.058846677 ], [ -71.480496353, -29.05883698 ], [ -71.48050248, -29.058828978999902 ], [ -71.480513381, -29.058818452 ], [ -71.480526848999901, -29.058809889 ], [ -71.480537550999898, -29.058806565999902 ], [ -71.480551884, -29.058799484 ], [ -71.480557481999895, -29.058794716 ], [ -71.480559411999906, -29.058790477999899 ], [ -71.480558139, -29.0587780719999 ], [ -71.480556389, -29.058773368999901 ], [ -71.480541772, -29.058755866999899 ], [ -71.480538338, -29.058752173 ], [ -71.480529511, -29.058746539 ], [ -71.480524365, -29.05874137 ], [ -71.480522617, -29.058736915999901 ], [ -71.480523693, -29.058732188 ], [ -71.480529530999902, -29.058723691999901 ], [ -71.480533447, -29.058720181 ], [ -71.480534835, -29.058717934 ], [ -71.480548837, -29.058706634 ], [ -71.480559733, -29.05869561 ], [ -71.480562482, -29.058688881 ], [ -71.480562904, -29.05867646 ], [ -71.480557437, -29.0586680649999 ], [ -71.480548290999906, -29.058659206999899 ], [ -71.480536308999902, -29.058649628 ], [ -71.480523209, -29.058641053 ], [ -71.480516340999898, -29.058633664 ], [ -71.480509659999896, -29.058618077999899 ], [ -71.480501075999896, -29.058608966999898 ], [ -71.480500428, -29.0586017699999 ], [ -71.480501757999903, -29.0585945559999 ], [ -71.480502864, -29.058592311 ], [ -71.480507353, -29.05858954 ], [ -71.480517893, -29.058596649 ], [ -71.48052276, -29.058602068 ], [ -71.480527808, -29.058623132 ], [ -71.48053012, -29.0586275819999 ], [ -71.480539224, -29.058632714999899 ], [ -71.480558733, -29.058633287 ], [ -71.480572863, -29.0586331609999 ], [ -71.480585629, -29.05863727 ], [ -71.480596643, -29.058636427 ], [ -71.480603959, -29.05863363 ], [ -71.480609843, -29.058629107999899 ], [ -71.480615931, -29.0586178779999 ], [ -71.480617832, -29.058611156 ], [ -71.480616533, -29.058596516 ], [ -71.480617073, -29.058594276 ], [ -71.480618748, -29.058592523 ], [ -71.480623818, -29.058590987999899 ], [ -71.480632290999907, -29.058590416 ], [ -71.480642412999899, -29.058585856 ], [ -71.480654451, -29.058575815 ], [ -71.480655842, -29.058573817 ], [ -71.480655476, -29.058566617999901 ], [ -71.480649952, -29.058553257 ], [ -71.480649021, -29.058546062999898 ], [ -71.480649161, -29.058533645 ], [ -71.480646569, -29.058529447999899 ], [ -71.480641418999895, -29.058524029 ], [ -71.480638798, -29.058517347 ], [ -71.480637838999897, -29.058507671 ], [ -71.480645678, -29.058501143999901 ], [ -71.480648206999902, -29.0584998809999 ], [ -71.480651029999905, -29.058499606999899 ], [ -71.480668631999905, -29.058506404 ], [ -71.480676831, -29.058506579 ], [ -71.480692032, -29.058501229999901 ], [ -71.480703824, -29.058494418999899 ], [ -71.480714512, -29.058489854 ], [ -71.480720672, -29.058484832 ], [ -71.480729558999897, -29.058471095 ], [ -71.480744082999905, -29.058456066 ], [ -71.480751313, -29.058445821 ], [ -71.480755449999904, -29.058436843 ], [ -71.480763787999905, -29.0584246 ], [ -71.480768182, -29.058413386 ], [ -71.480767786999905, -29.0584037039999 ], [ -71.480761758, -29.058395563 ], [ -71.480750093, -29.058388962 ], [ -71.480728402999901, -29.058370778 ], [ -71.480720695999906, -29.058364141 ], [ -71.480707315, -29.058355816999899 ], [ -71.480697608999904, -29.058347458999901 ], [ -71.480691299999904, -29.058339568999902 ], [ -71.480682156999904, -29.0583309579999 ], [ -71.480669546999906, -29.058315922 ], [ -71.480660354999898, -29.05830309 ], [ -71.480655447999894, -29.058294194 ], [ -71.480646857999901, -29.058284586 ], [ -71.480639361, -29.058271738 ], [ -71.480628744999905, -29.058257926 ], [ -71.480617042999896, -29.0582480959999 ], [ -71.480610215, -29.0582441839999 ], [ -71.480602564, -29.058242513 ], [ -71.480593175, -29.058237133 ], [ -71.480582693, -29.0582349919999 ], [ -71.480569649, -29.058235002999901 ], [ -71.480551885, -29.058235017 ], [ -71.480544569, -29.058237815 ], [ -71.480529138999898, -29.058247884 ], [ -71.480519908, -29.058256162 ], [ -71.480515703, -29.058259178999901 ], [ -71.480501164, -29.058272966999901 ], [ -71.480485772, -29.0582862649999 ], [ -71.48047237, -29.058300539999902 ], [ -71.480455118999899, -29.058324285 ], [ -71.480447071999905, -29.058337271 ], [ -71.480445174, -29.058344239999901 ], [ -71.480443303999905, -29.058353693 ], [ -71.48043534, -29.058373878999902 ], [ -71.480432026, -29.058380613999901 ], [ -71.4804211269999, -29.058391389 ], [ -71.480412141, -29.058396436 ], [ -71.480406785999904, -29.058397725 ], [ -71.480395761, -29.058397575 ], [ -71.480385823999896, -29.0583936899999 ], [ -71.480380397, -29.058388771 ], [ -71.480370933, -29.058376935 ], [ -71.480360391, -29.05836958 ], [ -71.480342783, -29.058362284999902 ], [ -71.480335355, -29.0583553979999 ], [ -71.480333207999905, -29.058340765 ], [ -71.480333377, -29.058330831 ], [ -71.480330185, -29.0583236579999 ], [ -71.480330156, -29.058321174 ], [ -71.480335466, -29.058315912999898 ], [ -71.480339958999906, -29.058313387999899 ], [ -71.480345326, -29.058313091999899 ], [ -71.480351594999902, -29.058317507 ], [ -71.480357900999905, -29.058325149 ], [ -71.480364731999899, -29.05832931 ], [ -71.480375763, -29.058329957 ], [ -71.480389605, -29.058329337 ], [ -71.480394672, -29.058327554 ], [ -71.480412913, -29.058316217 ], [ -71.480423533, -29.058305692 ], [ -71.480426193, -29.058291265 ], [ -71.4804272, -29.058280577999898 ], [ -71.480432718, -29.058268857 ], [ -71.480434051, -29.058261891 ], [ -71.480433994, -29.058256925 ], [ -71.480432241, -29.058251974 ], [ -71.480423936, -29.058242612 ], [ -71.480417342, -29.0582344749999 ], [ -71.48041069, -29.058221371999899 ], [ -71.480409169, -29.058211948999901 ], [ -71.480411918, -29.058205218999898 ], [ -71.480421963, -29.058193955 ], [ -71.480432096999905, -29.058190388 ], [ -71.480457046, -29.058172535 ], [ -71.480464068999893, -29.058168747 ], [ -71.480468561999899, -29.058166223999901 ], [ -71.480469638, -29.058161496 ], [ -71.480469327, -29.058159014999902 ], [ -71.480466454999899, -29.058155067 ], [ -71.480462460999902, -29.058151874 ], [ -71.48045132, -29.058141543 ], [ -71.480446766999904, -29.058138852 ], [ -71.480435946999904, -29.058131994999901 ], [ -71.48042629, -29.058127859 ], [ -71.480414625, -29.058121258 ], [ -71.480402873999907, -29.058104672 ], [ -71.480355285, -29.058072111999898 ], [ -71.480337435, -29.058048014 ], [ -71.480320772, -29.058043585 ], [ -71.480310888, -29.058036397 ], [ -71.4802956139999, -29.058020224 ], [ -71.480254283, -29.05799866 ], [ -71.480231821, -29.057978893 ], [ -71.480233363, -29.057941583999899 ], [ -71.48024708, -29.057930037999899 ], [ -71.48025157, -29.057927267 ], [ -71.48025602, -29.057921018999899 ], [ -71.480261387, -29.057920722999899 ], [ -71.480267834999907, -29.057916195 ], [ -71.480270322, -29.057911206 ], [ -71.480267867, -29.057894341 ], [ -71.480269225, -29.057889611 ], [ -71.48027777, -29.057870661 ], [ -71.480280546, -29.057866415 ], [ -71.480287112, -29.057847484 ], [ -71.480287246, -29.057834569 ], [ -71.480285216, -29.057830117 ], [ -71.480285089999896, -29.057819191 ], [ -71.480287271, -29.057812218 ], [ -71.480295358, -29.057802708999901 ], [ -71.480298505, -29.057799341 ], [ -71.480304014, -29.057793444 ], [ -71.480305374999901, -29.057788962 ], [ -71.480316799, -29.0577747049999 ], [ -71.480319564999903, -29.057769466 ], [ -71.480320042, -29.057761763 ], [ -71.480318259999905, -29.057754329 ], [ -71.480317863, -29.057744398999901 ], [ -71.480304372, -29.05772639 ], [ -71.48029894, -29.057720974999899 ], [ -71.480293463999899, -29.057711835 ], [ -71.48029156, -29.0576937239999 ], [ -71.480294095, -29.057692956 ], [ -71.480300923, -29.057696869 ], [ -71.480309824, -29.057708958 ], [ -71.480318094, -29.057715340999899 ], [ -71.480325761999893, -29.057718501999901 ], [ -71.48034243, -29.057717856999901 ], [ -71.480356685999894, -29.057728657 ], [ -71.480369994999904, -29.0577307739999 ], [ -71.480376497999899, -29.057730964 ], [ -71.480384708, -29.057732132999899 ], [ -71.480390628, -29.057730838999898 ], [ -71.480404987, -29.057725993 ], [ -71.480412826, -29.057719466 ], [ -71.480414216, -29.057717467 ], [ -71.480414044, -29.057702569999901 ], [ -71.480418458, -29.057693093 ], [ -71.480422621999907, -29.057686599 ], [ -71.480423067999894, -29.057676165 ], [ -71.480419602, -29.057669738999898 ], [ -71.480413891999902, -29.057664823 ], [ -71.480404509, -29.05765994 ], [ -71.480394298, -29.057656801999901 ], [ -71.480389751, -29.057654607 ], [ -71.480374137999902, -29.057648786 ], [ -71.480363037, -29.057641931 ], [ -71.480351697999893, -29.057639052 ], [ -71.480340038999898, -29.057632946999899 ], [ -71.480324179, -29.057630108 ], [ -71.480310324999905, -29.057629735 ], [ -71.480297575999899, -29.0576271159999 ], [ -71.480294751, -29.057627141999902 ], [ -71.480286814, -29.057625225 ], [ -71.480270397, -29.057623136 ], [ -71.480261014, -29.057618254 ], [ -71.480253303, -29.057611368 ], [ -71.480251277, -29.057607163999901 ], [ -71.480255727, -29.057600916 ], [ -71.480264199, -29.057600344 ], [ -71.480269272, -29.057599057999902 ], [ -71.480277396, -29.057592778 ], [ -71.480280399, -29.057583561999898 ], [ -71.480284595999905, -29.0575797989999 ], [ -71.480286841999899, -29.057578538 ], [ -71.480294767, -29.0575794609999 ], [ -71.480299257, -29.057576689 ], [ -71.480302006, -29.05756996 ], [ -71.48030425, -29.05756845 ], [ -71.480309608, -29.057567409999901 ], [ -71.480319812999895, -29.05757005 ], [ -71.480333657999907, -29.057569677999901 ], [ -71.480341253999896, -29.057566632 ], [ -71.480346847, -29.057561366 ], [ -71.480353252, -29.057553114 ], [ -71.480354045999903, -29.057548389 ], [ -71.480352581, -29.057543931999898 ], [ -71.480345983999896, -29.057535546999901 ], [ -71.480337645, -29.057523203999899 ], [ -71.480315108, -29.057505028 ], [ -71.480304283, -29.057497673999901 ], [ -71.480299176, -29.057495980999899 ], [ -71.480296349999904, -29.057496006 ], [ -71.480289613, -29.057500038999901 ], [ -71.480273683999897, -29.0575158259999 ], [ -71.480268329, -29.0575171149999 ], [ -71.480262955999905, -29.057516914 ], [ -71.480247376, -29.057513824999901 ], [ -71.480241721, -29.057513625999899 ], [ -71.480235837, -29.057518149 ], [ -71.480228603999905, -29.057528147 ], [ -71.480218524, -29.057536431 ], [ -71.480210857, -29.057533271 ], [ -71.480198598999905, -29.057524191 ], [ -71.480193771, -29.057522247999898 ], [ -71.480185293, -29.057522322999901 ], [ -71.480182269, -29.057518758 ], [ -71.480175715, -29.057518383999899 ], [ -71.480161533999905, -29.057525736999899 ], [ -71.480141423, -29.057541586 ], [ -71.480137215, -29.057544354999902 ], [ -71.480133329999902, -29.057550598 ], [ -71.480133104999894, -29.057555567 ], [ -71.480135446, -29.0575625 ], [ -71.480135246, -29.057569703 ], [ -71.480132179999899, -29.057573456999901 ], [ -71.480125446, -29.057577737 ], [ -71.480122913999907, -29.057578754 ], [ -71.480083346, -29.057578856 ], [ -71.480069213, -29.057578733 ], [ -71.480058450999906, -29.0575768419999 ], [ -71.480036119, -29.057576544 ], [ -71.480025022999897, -29.057570186 ], [ -71.480015314, -29.05756158 ], [ -71.480001574, -29.057546553999899 ], [ -71.479994146, -29.057539667 ], [ -71.479991275, -29.057535718999901 ], [ -71.479986007, -29.0575201199999 ], [ -71.47998595, -29.057515153999901 ], [ -71.479987055, -29.057512909 ], [ -71.479989589999903, -29.057512142999901 ], [ -71.480000903, -29.057512786 ], [ -71.480005687, -29.057511005 ], [ -71.480019722999899, -29.057502686 ], [ -71.480027327999906, -29.057500382999901 ], [ -71.480041613, -29.057489081 ], [ -71.480052229, -29.057478307999901 ], [ -71.480053333999905, -29.057476064 ], [ -71.480053277, -29.057471098 ], [ -71.480050091, -29.05746442 ], [ -71.480049751, -29.057459458 ], [ -71.480058126, -29.057450441999901 ], [ -71.4800665019999, -29.057441427999901 ], [ -71.4800678, -29.057431483 ], [ -71.4800714, -29.057424994 ], [ -71.480074746, -29.057420991 ], [ -71.480083726, -29.057415448 ], [ -71.480099733, -29.057406365 ], [ -71.480105325, -29.057401101 ], [ -71.48010694, -29.0573941339999 ], [ -71.480110571, -29.057390375999901 ], [ -71.480120961999901, -29.057384571999901 ], [ -71.480134387, -29.0573722849999 ], [ -71.480135777, -29.057370284999902 ], [ -71.48013572, -29.057365318999899 ], [ -71.480131946, -29.057356661 ], [ -71.480129916, -29.057352207999902 ], [ -71.480125325999893, -29.057346289999899 ], [ -71.480124423999897, -29.057341579 ], [ -71.4801255, -29.057336850999899 ], [ -71.480130521, -29.057331093999899 ], [ -71.480148157, -29.057316285999899 ], [ -71.480149261999898, -29.057314041 ], [ -71.480148893, -29.057306594 ], [ -71.480150819999906, -29.057302106999899 ], [ -71.480146229999903, -29.057296188 ], [ -71.480146740999899, -29.057291464999899 ], [ -71.480148131, -29.057289465999901 ], [ -71.480156321, -29.0572888959999 ], [ -71.480156694999906, -29.057288996 ], [ -71.48017163, -29.057292982 ], [ -71.480182938, -29.057293129999898 ], [ -71.480187144999903, -29.057290361 ], [ -71.480188789, -29.057285876 ], [ -71.480188141, -29.05727868 ], [ -71.480184676, -29.057272253999901 ], [ -71.480181243999894, -29.057268808999901 ], [ -71.480169508999893, -29.057255998999899 ], [ -71.480165235, -29.057253057 ], [ -71.480160645, -29.057247138 ], [ -71.480155213, -29.057241722 ], [ -71.480146631, -29.057232859 ], [ -71.480135808999904, -29.057225753 ], [ -71.480129631, -29.057223564 ], [ -71.480120767999907, -29.057220422999901 ], [ -71.480117328999896, -29.05721935 ], [ -71.48009524, -29.057212455 ], [ -71.480087040999905, -29.057212279999899 ], [ -71.480081968, -29.057213566 ], [ -71.480078616999904, -29.057217072999901 ], [ -71.480070138, -29.0572171479999 ], [ -71.4800650399999, -29.0572162 ], [ -71.480061049, -29.057213256 ], [ -71.480062128, -29.057208776 ], [ -71.480069365, -29.057199027 ], [ -71.480073817999894, -29.057193027 ], [ -71.480082758, -29.057184006999901 ], [ -71.480083425, -29.057182188999899 ], [ -71.480084402, -29.057179522999899 ], [ -71.480083749, -29.05717183 ], [ -71.480076601, -29.057164692 ], [ -71.480071768, -29.057162251 ], [ -71.480069769, -29.057160531 ], [ -71.480061530999905, -29.057160294 ], [ -71.480049978, -29.057159962 ], [ -71.480041787999895, -29.057160531 ], [ -71.480029117, -29.057164617999899 ], [ -71.480018103, -29.05716546 ], [ -71.480009622, -29.057165288 ], [ -71.480004511999894, -29.057163346 ], [ -71.479987547, -29.057162751 ], [ -71.479982475, -29.0571640379999 ], [ -71.479979123, -29.057167545 ], [ -71.479973318, -29.057178770999901 ], [ -71.479969178, -29.057187499999898 ], [ -71.47996024, -29.057196768 ], [ -71.479955465, -29.057199292999901 ], [ -71.479954641999896, -29.057201537 ], [ -71.479943343999906, -29.057202133 ], [ -71.479924926, -29.057198075 ], [ -71.479910424, -29.057190504999902 ], [ -71.479906151, -29.057187563 ], [ -71.479900089999902, -29.057176689999899 ], [ -71.479896563999901, -29.05716505 ], [ -71.479887664, -29.0571529609999 ], [ -71.479886479, -29.057148253 ], [ -71.479887301, -29.057146010999901 ], [ -71.479900777999902, -29.057138192 ], [ -71.479903841, -29.0571341909999 ], [ -71.479904008999895, -29.057124256 ], [ -71.479903135, -29.057122029 ], [ -71.479903389, -29.057119543999899 ], [ -71.479908128, -29.0571137909999 ], [ -71.479915444, -29.057110993 ], [ -71.479918008, -29.057109527 ], [ -71.47992471, -29.057105696 ], [ -71.479936182999893, -29.05709566 ], [ -71.479938677999897, -29.057091415999899 ], [ -71.479939386, -29.057079241999901 ], [ -71.479937355999894, -29.057074790999899 ], [ -71.479933925, -29.057071343 ], [ -71.479927899, -29.057063449999902 ], [ -71.479920514, -29.057060287 ], [ -71.479912589, -29.057059364999901 ], [ -71.479905279, -29.0570626579999 ], [ -71.479900503, -29.057065184 ], [ -71.479894376999894, -29.057073185 ], [ -71.479891025, -29.057076691 ], [ -71.4798862439999, -29.0570787199999 ], [ -71.479880862999906, -29.057077775 ], [ -71.479873720999905, -29.057071133 ], [ -71.479870007, -29.057067689999901 ], [ -71.479857524, -29.057063578999902 ], [ -71.479849331, -29.0570638999999 ], [ -71.479846799, -29.057064915999899 ], [ -71.47984345, -29.05706867 ], [ -71.479841618, -29.057081352 ], [ -71.479841703, -29.057088801 ], [ -71.479841143, -29.057090172 ], [ -71.479838953999902, -29.057095531 ], [ -71.479835032, -29.057098546 ], [ -71.479825181, -29.05710211 ], [ -71.479816703, -29.057102185 ], [ -71.479806492, -29.057099047 ], [ -71.479795181, -29.057098650999901 ], [ -71.479790114, -29.057100434999899 ], [ -71.479786762999893, -29.057103941 ], [ -71.479781985, -29.057106218999898 ], [ -71.479776332, -29.05710627 ], [ -71.47976579, -29.057098912 ], [ -71.479761799, -29.057095967999899 ], [ -71.479752139, -29.057091585 ], [ -71.479746764, -29.057091135 ], [ -71.479744226, -29.057091654 ], [ -71.479725317, -29.057118642 ], [ -71.479722254, -29.057122643 ], [ -71.479721715, -29.057124882 ], [ -71.47971391, -29.057134389999899 ], [ -71.479710879, -29.057141121 ], [ -71.47971018, -29.057154039999901 ], [ -71.479707157, -29.057161517999901 ], [ -71.479701884, -29.057170007 ], [ -71.479687885, -29.0571815549999 ], [ -71.479679701, -29.057182621 ], [ -71.479665562, -29.057182001999902 ], [ -71.479655330999904, -29.0571771259999 ], [ -71.479643075999903, -29.057168294999901 ], [ -71.479635330999898, -29.05715843 ], [ -71.479617966, -29.057147658 ], [ -71.479612502, -29.0571395109999 ], [ -71.479608474, -29.057133338 ], [ -71.479602485, -29.057128673 ], [ -71.479593665, -29.057123536999899 ], [ -71.479588834, -29.057121343999899 ], [ -71.479583119, -29.057115931999899 ], [ -71.47958109, -29.0571114799999 ], [ -71.479579793, -29.057072502 ], [ -71.479578326, -29.057067796999899 ], [ -71.479569457, -29.057058438999899 ], [ -71.479566578999894, -29.057053996 ], [ -71.479565362999907, -29.0570465549999 ], [ -71.479565873999903, -29.057041832 ], [ -71.479570039, -29.057035339 ], [ -71.479575417, -29.0570360359999 ], [ -71.479582802, -29.057039199 ], [ -71.479585353999894, -29.057039921 ], [ -71.479593521, -29.0570373649999 ], [ -71.479597151999897, -29.057033608 ], [ -71.479600945999906, -29.057019419 ], [ -71.479600917, -29.057016936 ], [ -71.479595419, -29.05700581 ], [ -71.479594206999906, -29.056998619 ], [ -71.479593894999894, -29.056996139 ], [ -71.479583589, -29.0569848059999 ], [ -71.479571543, -29.056969516 ], [ -71.479566915, -29.056960369 ], [ -71.479566576, -29.056955405999901 ], [ -71.479574172, -29.056952357999901 ], [ -71.479582649999898, -29.056952281999902 ], [ -71.479592864, -29.056955667999901 ], [ -71.479601902, -29.056955092 ], [ -71.479606676999893, -29.0569525659999 ], [ -71.479630181999894, -29.056931994 ], [ -71.479639157, -29.056925954999901 ], [ -71.47965017, -29.056925110999899 ], [ -71.479655551, -29.056926056 ], [ -71.479664375, -29.056931441 ], [ -71.47966975, -29.056931889999898 ], [ -71.479674531999905, -29.056929861 ], [ -71.479684902, -29.05692232 ], [ -71.479696415, -29.05691576 ], [ -71.479704251, -29.056908985 ], [ -71.479709595, -29.056906703 ], [ -71.4797248469999, -29.056905822 ], [ -71.479740170999904, -29.05691115 ], [ -71.479747596, -29.056917789 ], [ -71.479752425999905, -29.056919981 ], [ -71.479758078, -29.056919931 ], [ -71.479769457, -29.056926286 ], [ -71.479775108999902, -29.056926236 ], [ -71.479784665999901, -29.056921680999899 ], [ -71.479794174999896, -29.056912904999901 ], [ -71.479794317, -29.0569007349999 ], [ -71.47979279, -29.056890815 ], [ -71.479792733, -29.056885849 ], [ -71.479795136, -29.056873659 ], [ -71.47979593, -29.056868934 ], [ -71.479800951, -29.056863177 ], [ -71.47980964, -29.0568568919999 ], [ -71.479818113, -29.05685632 ], [ -71.479828798, -29.056851507 ], [ -71.479844586999903, -29.056848138 ], [ -71.479855888, -29.056847789 ], [ -71.479868328999899, -29.056848175 ], [ -71.479871434, -29.0568479 ], [ -71.479881269, -29.056842845999899 ], [ -71.479891922, -29.056835301 ], [ -71.479902532, -29.056824031 ], [ -71.479903603, -29.0568188079999 ], [ -71.479902788999894, -29.056797209 ], [ -71.479898727, -29.056788056 ], [ -71.479898927, -29.056780853 ], [ -71.479907013999906, -29.056771344 ], [ -71.479911153, -29.056762616 ], [ -71.479914981, -29.056751407 ], [ -71.479914836, -29.056738744 ], [ -71.479907025, -29.056723167 ], [ -71.479902403, -29.0567145159999 ], [ -71.479895251999906, -29.0567071299999 ], [ -71.47988954, -29.056701964999899 ], [ -71.479882155, -29.056698803 ], [ -71.479863194, -29.0566967359999 ], [ -71.479855533, -29.056694073 ], [ -71.479850661999905, -29.0566884039999 ], [ -71.479848322, -29.056681470999902 ], [ -71.479838583999907, -29.056670383 ], [ -71.479822607, -29.0566573629999 ], [ -71.479808668, -29.05664954 ], [ -71.479802679, -29.056644875 ], [ -71.479783972, -29.0566403239999 ], [ -71.479771759999906, -29.056635216 ], [ -71.479769481999895, -29.0566337459999 ], [ -71.479768890999907, -29.056631517 ], [ -71.479775908, -29.056627232 ], [ -71.479778446, -29.056626713 ], [ -71.479782716, -29.0566294069999 ], [ -71.479790378, -29.056632071 ], [ -71.479802252999903, -29.056632462 ], [ -71.479815219, -29.056629367 ], [ -71.479823155, -29.056631282999899 ], [ -71.47983026, -29.0566346969999 ], [ -71.479838184, -29.056635619 ], [ -71.479843544999895, -29.056634827 ], [ -71.479850571, -29.056631287999899 ], [ -71.47985727, -29.056624026 ], [ -71.479856368, -29.056619316 ], [ -71.479846350999907, -29.056608479 ], [ -71.479842043, -29.056602557 ], [ -71.479833976, -29.0565892179999 ], [ -71.479825072, -29.05657688 ], [ -71.479811895999902, -29.056561600999899 ], [ -71.479809992, -29.056560390999898 ], [ -71.479807821999898, -29.056559010999901 ], [ -71.479806216, -29.056557991 ], [ -71.479805347, -29.056557438 ], [ -71.479788681999906, -29.05655833 ], [ -71.479780746, -29.0565564139999 ], [ -71.479767081, -29.056547843 ], [ -71.479760212, -29.056540454 ], [ -71.47975587, -29.056531553 ], [ -71.479755785, -29.056524103 ], [ -71.479759099, -29.056517368999899 ], [ -71.479759476, -29.056513888 ], [ -71.479751120999893, -29.056507761 ], [ -71.479751074, -29.056507755 ], [ -71.479748250999904, -29.0565080279999 ], [ -71.479736453, -29.056514342 ], [ -71.47973053, -29.056515388 ], [ -71.479723824, -29.056515529 ], [ -71.479710185, -29.056515816999902 ], [ -71.479704518999895, -29.056514625 ], [ -71.479690542, -29.056503574 ], [ -71.479680481999907, -29.056489011999901 ], [ -71.479678663999906, -29.05648425 ], [ -71.479676986, -29.056479855 ], [ -71.479670114, -29.056472217 ], [ -71.479657574, -29.056463139999899 ], [ -71.479645586999894, -29.056453065 ], [ -71.479643278, -29.056448863999901 ], [ -71.479642795, -29.056431484 ], [ -71.479641922, -29.056429256999898 ], [ -71.479632766999899, -29.056419653 ], [ -71.479619909999897, -29.056407599 ], [ -71.479611314, -29.056397494 ], [ -71.479607879999904, -29.056393799 ], [ -71.479602972999899, -29.056384904 ], [ -71.479595542, -29.056377767 ], [ -71.479581197999906, -29.056359269 ], [ -71.479577757999905, -29.056355078 ], [ -71.479574321, -29.0563511349999 ], [ -71.479569719, -29.056344222 ], [ -71.479555706, -29.056329943 ], [ -71.4795448899999, -29.056323334 ], [ -71.479522618, -29.056303665 ], [ -71.479516031999907, -29.056296274 ], [ -71.479512872, -29.0562918319999 ], [ -71.479507363, -29.056279713 ], [ -71.479497012, -29.056264407 ], [ -71.479488422, -29.056254797999902 ], [ -71.479484083, -29.0562461449999 ], [ -71.479472862, -29.056228861 ], [ -71.4794645919999, -29.056222477999899 ], [ -71.479461155, -29.056218535 ], [ -71.479449174, -29.056208957 ], [ -71.479442339999906, -29.056204546999901 ], [ -71.479433755999906, -29.0561954349999 ], [ -71.479424002, -29.056182856 ], [ -71.479418013, -29.056178191 ], [ -71.479398316, -29.056161231 ], [ -71.479386926, -29.056153881999901 ], [ -71.479377243, -29.056147510999899 ], [ -71.479362699, -29.056136217 ], [ -71.479358702, -29.056132776 ], [ -71.479330427, -29.0561071999999 ], [ -71.479320194, -29.056102075999899 ], [ -71.479303645, -29.0560885639999 ], [ -71.479284583, -29.056077558 ], [ -71.479276318, -29.056071671 ], [ -71.479266660999897, -29.056067535999901 ], [ -71.479255023, -29.056063169 ], [ -71.479239113999895, -29.056056108 ], [ -71.479225452, -29.056047786 ], [ -71.479221423999903, -29.056041614 ], [ -71.479217672999894, -29.056034941999901 ], [ -71.479214801, -29.056030994 ], [ -71.47920054, -29.056019697 ], [ -71.479197144999901, -29.0560194789999 ], [ -71.479182389999906, -29.056014395 ], [ -71.479176121, -29.056009979999899 ], [ -71.479175247999905, -29.056007753 ], [ -71.479175502, -29.0560052669999 ], [ -71.479181593, -29.055994288 ], [ -71.479181565, -29.055991804 ], [ -71.479174965, -29.055983169999902 ], [ -71.479162809999906, -29.055974800999898 ], [ -71.479157872, -29.055971402 ], [ -71.479156715, -29.055969177999899 ], [ -71.479160883, -29.0559629319999 ], [ -71.479165087999903, -29.055959915 ], [ -71.479171014, -29.055959116999901 ], [ -71.479173837, -29.0559588429999 ], [ -71.479176080999906, -29.055957333 ], [ -71.479177098, -29.055950338999899 ], [ -71.479177128999893, -29.055950122 ], [ -71.479168825, -29.055940759 ], [ -71.479164269, -29.055937819999901 ], [ -71.479161717, -29.055937097 ], [ -71.479153729, -29.055930712 ], [ -71.479146347, -29.055927797 ], [ -71.479137524, -29.055922412 ], [ -71.479125876999902, -29.0559173 ], [ -71.479120195999897, -29.055914867 ], [ -71.479111917999901, -29.055907739 ], [ -71.479109632, -29.055905267999901 ], [ -71.479099612, -29.0558944379999 ], [ -71.479081919, -29.055879694999899 ], [ -71.479064783, -29.055864202 ], [ -71.479057597999898, -29.055853836 ], [ -71.479055234, -29.055844916999899 ], [ -71.479050078999904, -29.055839002 ], [ -71.479041717, -29.055824674 ], [ -71.4790394, -29.055819727 ], [ -71.479027973, -29.05580915 ], [ -71.47902278, -29.055800007999899 ], [ -71.479021872, -29.055794800999902 ], [ -71.479013801999898, -29.055781214 ], [ -71.479001427999904, -29.055761952999902 ], [ -71.478993218, -29.055736199 ], [ -71.478986023999894, -29.055725088 ], [ -71.478985065, -29.055715410999898 ], [ -71.478984287999893, -29.055697041 ], [ -71.478980757, -29.055684905 ], [ -71.478976136, -29.055676253999899 ], [ -71.478962114, -29.055661229999899 ], [ -71.478952633999896, -29.055647904 ], [ -71.478939177, -29.055632875 ], [ -71.478932868999905, -29.055624985 ], [ -71.47892767, -29.055615346 ], [ -71.478920699, -29.055599017 ], [ -71.478908904, -29.055580993 ], [ -71.478900865999904, -29.055570138 ], [ -71.478893926, -29.055556539999898 ], [ -71.478888953, -29.055541933 ], [ -71.478883160999899, -29.0555298159999 ], [ -71.478879219, -29.055506507 ], [ -71.478877408999907, -29.055447419 ], [ -71.478876458999906, -29.055413901999898 ], [ -71.478880541, -29.055400206999899 ], [ -71.47888631, -29.0553857529999 ], [ -71.478893145, -29.055365577 ], [ -71.478894811, -29.055363079 ], [ -71.478908552999897, -29.055353768 ], [ -71.478918624, -29.05534474 ], [ -71.478923642, -29.055338734 ], [ -71.478927837999905, -29.055334972 ], [ -71.478931744, -29.055330467 ], [ -71.478936231, -29.055327447 ], [ -71.478942951, -29.055321923999902 ], [ -71.478950531999899, -29.055317634999899 ], [ -71.478961714, -29.055306856999898 ], [ -71.478968688, -29.0552988489999 ], [ -71.478978199, -29.055290322 ], [ -71.478982983, -29.0552885399999 ], [ -71.478990008, -29.055285001 ], [ -71.478994776, -29.055281729999901 ], [ -71.479012789, -29.055275114 ], [ -71.479028268, -29.055269512999899 ], [ -71.479036056, -29.055258517 ], [ -71.479044539, -29.0552343529999 ], [ -71.479052552, -29.055218388999901 ], [ -71.479055019, -29.055211662 ], [ -71.479062805999902, -29.055200666 ], [ -71.479070002, -29.055187439999901 ], [ -71.479073633, -29.0551836839999 ], [ -71.479086539, -29.055175372999901 ], [ -71.479098342, -29.055169556 ], [ -71.479107907999904, -29.055165748 ], [ -71.479115758, -29.055160213 ], [ -71.479129723, -29.0551456859999 ], [ -71.479138115, -29.055138160999899 ], [ -71.479143702, -29.055132399999898 ], [ -71.479152967999894, -29.055127103 ], [ -71.479179532, -29.055126867 ], [ -71.479191933, -29.055123776999899 ], [ -71.479196991, -29.055121249 ], [ -71.47921576, -29.055106678 ], [ -71.479224643, -29.055092692999899 ], [ -71.479232025, -29.0550710219999 ], [ -71.479236763999893, -29.055065268 ], [ -71.479241534, -29.055062246 ], [ -71.479255033, -29.055056414 ], [ -71.479266601999896, -29.055054821999899 ], [ -71.479299564, -29.055045589 ], [ -71.479309106999906, -29.055039791999899 ], [ -71.479321475999896, -29.055033970999901 ], [ -71.479324285, -29.0550324559999 ], [ -71.479333498999907, -29.055022688999902 ], [ -71.479337367, -29.055014956 ], [ -71.479347347, -29.0549979809999 ], [ -71.479349305, -29.054996225 ], [ -71.479360335, -29.054996871999901 ], [ -71.479372804, -29.054999741 ], [ -71.479379632, -29.055003655 ], [ -71.479411946, -29.0550118109999 ], [ -71.479426393, -29.055014662 ], [ -71.479449566, -29.055014457 ], [ -71.479476631, -29.0550085039999 ], [ -71.4794879, -29.055005423999901 ], [ -71.479508139, -29.054995807999902 ], [ -71.479533122, -29.054980934 ], [ -71.479537319, -29.054977172 ], [ -71.479544903, -29.054973130999901 ], [ -71.479551352, -29.054968604 ], [ -71.479559533, -29.054967288999901 ], [ -71.479571404999902, -29.054967432999899 ], [ -71.479605087, -29.054971603 ], [ -71.479619251, -29.054974457999901 ], [ -71.479636825999904, -29.05497902 ], [ -71.479665455, -29.054986216 ], [ -71.479677981, -29.054994050999898 ], [ -71.479687669, -29.055000919 ], [ -71.479696787, -29.0550072939999 ], [ -71.4797110599999, -29.055019584 ], [ -71.479723933999907, -29.055033129 ], [ -71.479743576, -29.055045370999899 ], [ -71.479744733, -29.055047596 ], [ -71.479770911999907, -29.055063007999902 ], [ -71.479777769, -29.055069403999902 ], [ -71.479782935999907, -29.055076312 ], [ -71.479784651, -29.055078035 ], [ -71.479792042, -29.055081694 ], [ -71.479803742999906, -29.055091524 ], [ -71.479814906999906, -29.055103840999902 ], [ -71.479827776, -29.055116889 ], [ -71.479842092, -29.055132903 ], [ -71.479845814, -29.055137091999899 ], [ -71.479852719, -29.055147709 ], [ -71.479859636, -29.05515932 ], [ -71.479871905, -29.055169392 ], [ -71.479880148999897, -29.055173540999899 ], [ -71.479908495, -29.055180739 ], [ -71.479921281, -29.055186587 ], [ -71.479935736999906, -29.055190181999901 ], [ -71.479944283, -29.055196066 ], [ -71.479961739, -29.055214785 ], [ -71.479969153, -29.055220431 ], [ -71.479975687, -29.055223354 ], [ -71.479990433999902, -29.055227692 ], [ -71.480008109, -29.055240945 ], [ -71.480034823, -29.055253621 ], [ -71.480055804, -29.055259395 ], [ -71.480066039, -29.055264518999898 ], [ -71.480086528, -29.055276754 ], [ -71.480090523999905, -29.055280195 ], [ -71.480107582999906, -29.055288983 ], [ -71.480111297, -29.055292427 ], [ -71.480115978999905, -29.055306292 ], [ -71.480117418, -29.055308513999901 ], [ -71.480130523999904, -29.055317585999902 ], [ -71.480135633, -29.055319528 ], [ -71.480159945, -29.055320057 ], [ -71.480166176999901, -29.055321243 ], [ -71.480173567999898, -29.055324901999899 ], [ -71.480186113999906, -29.055334477 ], [ -71.480190664, -29.055336919 ], [ -71.480206515, -29.055339014 ], [ -71.480236562999906, -29.055346692999901 ], [ -71.48025928, -29.055355928 ], [ -71.480262682, -29.055356891 ], [ -71.48027236, -29.055362766 ], [ -71.480282125, -29.055376336999899 ], [ -71.480293678999899, -29.055397839 ], [ -71.48029796, -29.055401526 ], [ -71.480307357, -29.0554076509999 ], [ -71.480312484, -29.055411083 ], [ -71.480323286, -29.0554164499999 ], [ -71.480338992, -29.055430465 ], [ -71.480346431, -29.055438346 ], [ -71.480352469, -29.055447231999899 ], [ -71.480358748999905, -29.055452639999899 ], [ -71.480370839, -29.055471655 ], [ -71.480379968, -29.055479023 ], [ -71.480385095, -29.0554824549999 ], [ -71.480402768, -29.0554954589999 ], [ -71.480407323, -29.0554984 ], [ -71.480411611, -29.055502582 ], [ -71.480420288999895, -29.055519889 ], [ -71.480429718, -29.055528744999901 ], [ -71.480435987, -29.0555331589999 ], [ -71.480446485999906, -29.055536791999899 ], [ -71.480460096999906, -29.055540644 ], [ -71.480477718, -29.055549179 ], [ -71.480501814, -29.055555421 ], [ -71.480516883999897, -29.055563234 ], [ -71.480524883, -29.055570612999901 ], [ -71.480530035, -29.055576279 ], [ -71.480541742, -29.055586605 ], [ -71.480546572, -29.055588798 ], [ -71.480548569999897, -29.055590518 ], [ -71.480566462999903, -29.055598056999902 ], [ -71.480577282, -29.055604914 ], [ -71.480579286, -29.055607132 ], [ -71.480581612, -29.055612822999901 ], [ -71.480586494, -29.055619484 ], [ -71.480589971, -29.055626903 ], [ -71.480601436, -29.055640707999899 ], [ -71.480606017, -29.055645883 ], [ -71.480616859, -29.055654725999901 ], [ -71.480627447, -29.0556660569999 ], [ -71.480635197, -29.055676417 ], [ -71.480639752999906, -29.055679358 ], [ -71.480654263, -29.055687670999902 ], [ -71.480669960999904, -29.055700941999898 ], [ -71.480683026999898, -29.055706536999899 ], [ -71.480689868999903, -29.0557116909999 ], [ -71.48069535, -29.055721327999901 ], [ -71.480699423, -29.055731473 ], [ -71.480701779, -29.0557396469999 ], [ -71.480709523, -29.055749512 ], [ -71.480728380999906, -29.055767225 ], [ -71.480736825, -29.055776395 ], [ -71.480740402, -29.05578028 ], [ -71.480752377, -29.055789363 ], [ -71.480757771999905, -29.055791548999899 ], [ -71.480766038999903, -29.055797684 ], [ -71.480770593, -29.055800374999901 ], [ -71.480786581, -29.055814387999899 ], [ -71.480792045, -29.055822534 ], [ -71.480793258999896, -29.055829725 ], [ -71.480791925999895, -29.05583669 ], [ -71.480790877999894, -29.0558439019999 ], [ -71.480790907, -29.055846384999899 ], [ -71.480797213, -29.055854027 ], [ -71.4808052, -29.055860413999898 ], [ -71.480825287999906, -29.055862221 ], [ -71.480840609, -29.055867301 ], [ -71.480845159, -29.055869743 ], [ -71.480874667, -29.055879661999899 ], [ -71.480884338, -29.055885039 ], [ -71.480892330999893, -29.055891921999901 ], [ -71.480899488, -29.055899805 ], [ -71.48091403, -29.055910851 ], [ -71.480926253, -29.05591695 ], [ -71.480937603, -29.055920823 ], [ -71.480948710999897, -29.055928174 ], [ -71.480958981999905, -29.055936526 ], [ -71.480966135, -29.055944161 ], [ -71.480973891, -29.055955019999899 ], [ -71.480977326, -29.0559587129999 ], [ -71.480990919, -29.055961076 ], [ -71.481008518, -29.055967623999901 ], [ -71.481014213, -29.055971299 ], [ -71.4810187799999, -29.055975232 ], [ -71.481024533, -29.055983872 ], [ -71.481030636, -29.05599847 ], [ -71.481036113999906, -29.056007857999901 ], [ -71.481037111, -29.0560207619999 ], [ -71.481039298, -29.056038870999899 ], [ -71.481041045, -29.056043326 ], [ -71.481044759, -29.05604677 ], [ -71.481054701999895, -29.056051151 ], [ -71.481059806, -29.056052596 ], [ -71.481064953, -29.056057764999899 ], [ -71.481067576, -29.056064695 ], [ -71.481068789999895, -29.056071886 ], [ -71.481073379999899, -29.056077805 ], [ -71.481079651, -29.0560824679999 ], [ -71.481087856, -29.056083140999899 ], [ -71.481104334999898, -29.056090691999898 ], [ -71.481116218999901, -29.056091828 ], [ -71.481128083, -29.056091226 ], [ -71.481150925, -29.0560868009999 ], [ -71.481192995999905, -29.0560831989999 ], [ -71.481201762999902, -29.056083617 ], [ -71.481215093999893, -29.056087719999901 ], [ -71.481221337, -29.0560899 ], [ -71.481227611999898, -29.056094811 ], [ -71.481230502999907, -29.0561004969999 ], [ -71.481233766999907, -29.056113878 ], [ -71.481234061, -29.056139453999901 ], [ -71.481235526, -29.0561439109999 ], [ -71.481246666999894, -29.056154241999899 ], [ -71.481253218999896, -29.056158653999901 ], [ -71.48126065, -29.056165789 ], [ -71.481268991, -29.056178380999899 ], [ -71.481275865, -29.056186265999902 ], [ -71.481278429, -29.056187980999901 ], [ -71.481281866, -29.056191924 ], [ -71.481286719, -29.056196102999898 ], [ -71.481292439, -29.056202012 ], [ -71.481299559, -29.056206667 ], [ -71.481310041, -29.056208808999902 ], [ -71.481320834, -29.0562134309999 ], [ -71.481324830999895, -29.056216871999901 ], [ -71.481329985999906, -29.056222787 ], [ -71.48133913, -29.056231397 ], [ -71.481356699999907, -29.056235462 ], [ -71.481361253, -29.056238154 ], [ -71.481362969, -29.0562398769999 ], [ -71.481362798, -29.056249562999898 ], [ -71.481361748, -29.056256526 ], [ -71.481368298999897, -29.056260938 ], [ -71.481388205, -29.0562714389999 ], [ -71.481396971, -29.056271857999899 ], [ -71.481400094, -29.056273072 ], [ -71.481413496999906, -29.056283384 ], [ -71.481423128, -29.056285284 ], [ -71.481430787, -29.056287698999899 ], [ -71.48143534, -29.05629039 ], [ -71.481453567, -29.056302396 ], [ -71.481457561, -29.056305589 ], [ -71.481471149, -29.056307455 ], [ -71.481474866, -29.056311147 ], [ -71.481480344, -29.056320534999902 ], [ -71.481483279, -29.056329945999899 ], [ -71.48149554, -29.056339272999899 ], [ -71.481500646, -29.056340965999901 ], [ -71.481509409999902, -29.056341136999901 ], [ -71.481524519999894, -29.056352425999901 ], [ -71.481531630999896, -29.056356337 ], [ -71.481540668, -29.056355758999899 ], [ -71.481560899, -29.056345397 ], [ -71.48156654, -29.056344354 ], [ -71.481590825999902, -29.056342647999902 ], [ -71.481598425, -29.056339847999901 ], [ -71.48160718, -29.056339274 ], [ -71.481622247, -29.056346838 ], [ -71.481625073, -29.056346812999902 ], [ -71.481629852, -29.056344534999901 ], [ -71.481643974, -29.056343664999901 ], [ -71.481649075, -29.056344861 ], [ -71.481666166, -29.056356381999901 ], [ -71.481671551, -29.0563575749999 ], [ -71.481682857, -29.056357722 ], [ -71.481685409, -29.056358444999901 ], [ -71.481687436, -29.056362647999901 ], [ -71.481687838, -29.056373075 ], [ -71.481685135, -29.056383777999901 ], [ -71.481684658999896, -29.056391479999899 ], [ -71.481686463, -29.056400902 ], [ -71.481685674999895, -29.056406122999899 ], [ -71.481678735999907, -29.056417111 ], [ -71.481680275, -29.056428024 ], [ -71.481684303, -29.056434196999898 ], [ -71.481698858999906, -29.056446483999899 ], [ -71.48170945, -29.056458061999901 ], [ -71.481715562, -29.056473404 ], [ -71.481726747, -29.05648746 ], [ -71.481735859, -29.0564933389999 ], [ -71.481740962999893, -29.056494782999899 ], [ -71.481761585, -29.056493856 ], [ -71.481766937, -29.056492316999901 ], [ -71.481775620999898, -29.056485535 ], [ -71.48178232, -29.056478273 ], [ -71.481786810999907, -29.056475502 ], [ -71.481792177, -29.056475206 ], [ -71.481799842, -29.056478118 ], [ -71.481810356, -29.0564829909999 ], [ -71.481821523999898, -29.056491300999902 ], [ -71.481827175, -29.056495506 ], [ -71.481839376, -29.056499619 ], [ -71.48185975, -29.056501673 ], [ -71.481860468, -29.0565018459999 ], [ -71.481867686, -29.056503588999899 ], [ -71.481878987, -29.05650324 ], [ -71.481884371, -29.056504434 ], [ -71.481900590999899, -29.056513975 ], [ -71.481913374, -29.0565195729999 ], [ -71.481924192999898, -29.05652643 ], [ -71.481929038, -29.056529863 ], [ -71.481951147, -29.056535378 ], [ -71.481969815999904, -29.056536702 ], [ -71.481975481999896, -29.056537894 ], [ -71.481986495999905, -29.056537051 ], [ -71.481997206, -29.056534472 ], [ -71.482004508, -29.056530435 ], [ -71.482010163, -29.056530632 ], [ -71.482018367, -29.056531304 ], [ -71.482023727999902, -29.056530510999899 ], [ -71.482038352, -29.056524173 ], [ -71.48204562, -29.056517153999899 ], [ -71.482048082999896, -29.056510178999901 ], [ -71.482048136999893, -29.056490311999902 ], [ -71.482045827, -29.056486111 ], [ -71.482032767, -29.0564810119999 ], [ -71.482030772, -29.056479539 ], [ -71.482028151, -29.0564728579999 ], [ -71.482026375, -29.056465919999901 ], [ -71.482023783, -29.056461720999899 ], [ -71.482010126, -29.056453895999901 ], [ -71.482000135, -29.056445293 ], [ -71.481999480999903, -29.056437601 ], [ -71.482003397, -29.0564340889999 ], [ -71.482008761, -29.056433544999901 ], [ -71.482016694, -29.056435212999901 ], [ -71.482027801999905, -29.056442564 ], [ -71.482035187, -29.0564457259999 ], [ -71.482043451, -29.056451613 ], [ -71.482049117, -29.0564528039999 ], [ -71.48206013, -29.056451960999901 ], [ -71.482072801999905, -29.0564478749999 ], [ -71.482083441, -29.056439089 ], [ -71.482086503999895, -29.056435087999901 ], [ -71.482086646, -29.056422918 ], [ -71.482086586, -29.056417704999902 ], [ -71.48208851, -29.056412968 ], [ -71.482093495999905, -29.056404232 ], [ -71.482100977999906, -29.056391252 ], [ -71.482101771, -29.056386527 ], [ -71.482100615, -29.056384302 ], [ -71.482095508, -29.056382609 ], [ -71.482087029999903, -29.056382684 ], [ -71.48208248, -29.0563802419999 ], [ -71.4820738559999, -29.056367652999899 ], [ -71.482071578, -29.056366183 ], [ -71.482070987, -29.056363953999899 ], [ -71.482073199, -29.056359712 ], [ -71.482077403999895, -29.056356695 ], [ -71.482088699, -29.0563558489999 ], [ -71.482099735, -29.056356993 ], [ -71.482105099, -29.056356448 ], [ -71.48211183, -29.056351918 ], [ -71.482120733, -29.0563396709999 ], [ -71.482124971, -29.056315047999899 ], [ -71.482125168, -29.056307596 ], [ -71.482122575999895, -29.056303397 ], [ -71.482110872, -29.05629332 ], [ -71.482100609, -29.056285713 ], [ -71.482089182, -29.056275136 ], [ -71.482073798, -29.056264594 ], [ -71.482068690999895, -29.056262902 ], [ -71.482045228999894, -29.056262613999898 ], [ -71.482037622, -29.056264668 ], [ -71.482015576, -29.056264617 ], [ -71.482007924999905, -29.056262945999901 ], [ -71.48200593, -29.0562614729999 ], [ -71.482004775, -29.056259248999901 ], [ -71.482005821, -29.056252039 ], [ -71.482014144999894, -29.056238553 ], [ -71.482014019, -29.056227627999899 ], [ -71.482019254, -29.056215908999899 ], [ -71.48204022, -29.056195855999899 ], [ -71.48204161, -29.056193857 ], [ -71.482052837, -29.056187051999899 ], [ -71.482061288999901, -29.056184742 ], [ -71.482074209, -29.056177673 ], [ -71.482078128, -29.05617441 ], [ -71.482084534, -29.0561661579999 ], [ -71.482085863999899, -29.0561589439999 ], [ -71.482084235999906, -29.056140334 ], [ -71.482084723999904, -29.056133624 ], [ -71.482089699, -29.056123894999899 ], [ -71.482094192, -29.056121371 ], [ -71.482107426, -29.056117032 ], [ -71.482115328, -29.056115968 ], [ -71.482131947, -29.0561111019999 ], [ -71.482147679, -29.056102767 ], [ -71.482158609, -29.056094722999902 ], [ -71.482162242, -29.056091213999899 ], [ -71.482163004, -29.056083757 ], [ -71.482162409999901, -29.056081279 ], [ -71.482149864, -29.056071705 ], [ -71.482146171, -29.056067221 ], [ -71.482144991, -29.056065788999899 ], [ -71.482138721999902, -29.056061375 ], [ -71.482133910999906, -29.0560563129999 ], [ -71.482130478, -29.056052700999899 ], [ -71.482128422999907, -29.056050539 ], [ -71.482119876, -29.056044654999901 ], [ -71.482107646, -29.056038058999899 ], [ -71.482097384, -29.056030452 ], [ -71.482092276999893, -29.056028759 ], [ -71.482086011, -29.056024593 ], [ -71.482072672, -29.056019745999901 ], [ -71.482064447, -29.056017335 ], [ -71.482051908999907, -29.056008507999898 ], [ -71.482046197, -29.056003341999901 ], [ -71.482043599, -29.055998647 ], [ -71.482043528, -29.055992439 ], [ -71.482046512999901, -29.0559817339999 ], [ -71.482051766, -29.055971505999899 ], [ -71.482058450999901, -29.055963002999899 ], [ -71.482060412, -29.055961496 ], [ -71.482065776, -29.055960951 ], [ -71.482068308, -29.055959935 ], [ -71.482073313999905, -29.055952938 ], [ -71.482076611, -29.055944713 ], [ -71.482077392999898, -29.055938994 ], [ -71.482084609, -29.055927507 ], [ -71.482085968, -29.0559227759999 ], [ -71.482085901999895, -29.055917065 ], [ -71.482089338, -29.055896421999901 ], [ -71.482094248, -29.055880982 ], [ -71.48210296, -29.055876683 ], [ -71.482121529, -29.0558693159999 ], [ -71.482127694, -29.055864791 ], [ -71.482133867999906, -29.055854565999901 ], [ -71.482134629, -29.055853306 ], [ -71.482146531, -29.055831595 ], [ -71.482148711, -29.0558246219999 ], [ -71.482153438, -29.0558178759999 ], [ -71.482163252, -29.055811081999899 ], [ -71.48216774, -29.055808062 ], [ -71.482175333, -29.055804765999898 ], [ -71.482183548, -29.055806431 ], [ -71.482203042, -29.055805760999899 ], [ -71.482213746999903, -29.0558026859999 ], [ -71.48222752, -29.055796108 ], [ -71.482235638, -29.0557893289999 ], [ -71.482240414, -29.055786802999901 ], [ -71.482255557, -29.0557764869999 ], [ -71.482275270999907, -29.055770351 ], [ -71.482300117, -29.055768144 ], [ -71.482310383, -29.055776 ], [ -71.482321165, -29.055779628 ], [ -71.482342688, -29.055783409999901 ], [ -71.482352864999896, -29.055783568 ], [ -71.482371730999901, -29.0557774399999 ], [ -71.482375936, -29.055774422 ], [ -71.482381467, -29.055763942999899 ], [ -71.482383645, -29.055756722999899 ], [ -71.482384364, -29.05574554 ], [ -71.48238657, -29.0557408019999 ], [ -71.482388813999904, -29.055739291999899 ], [ -71.48239446, -29.0557387449999 ], [ -71.482402125, -29.055741656999899 ], [ -71.482408063, -29.055741852 ], [ -71.482412844, -29.055739823 ], [ -71.482408219, -29.055730923999899 ], [ -71.482407557, -29.055722487 ], [ -71.482410306, -29.055715758 ], [ -71.482427087, -29.055700459 ], [ -71.482429864, -29.055696214 ], [ -71.482430855, -29.055684035999899 ], [ -71.482432116, -29.0556708629999 ], [ -71.482452125999899, -29.055641380999901 ], [ -71.482456327, -29.055638116 ], [ -71.482458859, -29.055637099 ], [ -71.482469087, -29.055641727 ], [ -71.482476198, -29.055645636999898 ], [ -71.482494463, -29.055660870999901 ], [ -71.482502487, -29.055670484 ], [ -71.482509660999895, -29.055679858 ], [ -71.482516221, -29.055685013999899 ], [ -71.482526718, -29.055688398 ], [ -71.482532658, -29.055688840999899 ], [ -71.482535216, -29.05569006 ], [ -71.482538367, -29.055693757 ], [ -71.482548032999901, -29.055698638 ], [ -71.482565001, -29.055699479999902 ], [ -71.482579428, -29.055700593 ], [ -71.482591688999904, -29.055709921 ], [ -71.482598791, -29.055713087 ], [ -71.482604726, -29.055713034 ], [ -71.482616815, -29.055707461999901 ], [ -71.482619056, -29.055705703999902 ], [ -71.482622084, -29.055698724 ], [ -71.482621084, -29.05568557 ], [ -71.482613014, -29.055671984 ], [ -71.482612043999893, -29.055661314 ], [ -71.482612514, -29.055653115 ], [ -71.482614069, -29.055640932 ], [ -71.48261404, -29.055638449 ], [ -71.482607446, -29.055630312999899 ], [ -71.482606540999896, -29.055625354 ], [ -71.482606512, -29.055622871 ], [ -71.482610677, -29.055616377 ], [ -71.482621295999905, -29.055605853 ], [ -71.482622937, -29.055601119999899 ], [ -71.482623045, -29.05558597 ], [ -71.482621014999907, -29.055581517999901 ], [ -71.482614132, -29.055572889 ], [ -71.482612695999904, -29.055570915 ], [ -71.4825942639999, -29.055565615 ], [ -71.482588603, -29.055564920999899 ], [ -71.482579208999894, -29.055559043999899 ], [ -71.48256123, -29.055544054999899 ], [ -71.482552568999907, -29.055528239 ], [ -71.482553804, -29.055512830999898 ], [ -71.482557001, -29.055495917 ], [ -71.482557132, -29.055482753 ], [ -71.482543149, -29.055471205999901 ], [ -71.4825346, -29.055465072999901 ], [ -71.482531728, -29.055461126 ], [ -71.482527354, -29.055449493 ], [ -71.482519318, -29.055438885999902 ], [ -71.482496781, -29.05542071 ], [ -71.482500046, -29.055409754 ], [ -71.482506085999901, -29.055394303 ], [ -71.482511669, -29.055388293 ], [ -71.482517538, -29.0553825289999 ], [ -71.482518330999895, -29.0553778039999 ], [ -71.482517991999899, -29.05537284 ], [ -71.482523789, -29.055360869 ], [ -71.4825290859999, -29.055354613 ], [ -71.482542147999894, -29.055335375 ], [ -71.482549653, -29.055324380999899 ], [ -71.482557207999903, -29.055317857 ], [ -71.482561656, -29.055311361 ], [ -71.482564473, -29.055310591 ], [ -71.482570459, -29.055315008 ], [ -71.482575572, -29.055317197 ], [ -71.482585282999906, -29.055326051 ], [ -71.482590108, -29.0553277459999 ], [ -71.482593215999898, -29.055327717999901 ], [ -71.482597993, -29.055325192999899 ], [ -71.482601331999902, -29.055320692999899 ], [ -71.482602151, -29.055318202 ], [ -71.482598933, -29.055308795 ], [ -71.48259522, -29.05530535 ], [ -71.482589786999895, -29.055299934999901 ], [ -71.482588878999906, -29.055294728 ], [ -71.482591935999906, -29.055290231 ], [ -71.482599766, -29.0552829599999 ], [ -71.482602540999906, -29.055278465 ], [ -71.482603865, -29.055270755 ], [ -71.4826068899999, -29.055263526 ], [ -71.482610383999898, -29.055247849999901 ], [ -71.482610872, -29.05524114 ], [ -71.482619557, -29.055210020999901 ], [ -71.482620939, -29.055207277 ], [ -71.482631289, -29.055197996999901 ], [ -71.482639381, -29.055188985 ], [ -71.482669131, -29.055170839 ], [ -71.482678962, -29.055165536999901 ], [ -71.482687997, -29.055164711 ], [ -71.482702748999898, -29.055169546999899 ], [ -71.48271529, -29.055178624 ], [ -71.48272952, -29.055187189 ], [ -71.482744795, -29.055188293999901 ], [ -71.482748785999902, -29.055191239 ], [ -71.482754218, -29.055196655 ], [ -71.482757658, -29.055200844999899 ], [ -71.482761932, -29.055203787 ], [ -71.482772976, -29.055205676 ], [ -71.482780866, -29.055203618 ], [ -71.482784785, -29.055200355 ], [ -71.482786963, -29.055193135 ], [ -71.482787410999904, -29.055182948 ], [ -71.482789306, -29.055175729 ], [ -71.482790098999899, -29.055171003999899 ], [ -71.482803244, -29.055158967999901 ], [ -71.482805487999897, -29.055157457999901 ], [ -71.482818456, -29.055154609999899 ], [ -71.48282968, -29.055147556 ], [ -71.482835032, -29.055146018999899 ], [ -71.482843515999903, -29.055146439999898 ], [ -71.48284131, -29.055151178 ], [ -71.482832915, -29.055158454 ], [ -71.482825604, -29.0551617479999 ], [ -71.482815177, -29.055164324 ], [ -71.482810969, -29.055167093 ], [ -71.482809613, -29.055172071999898 ], [ -71.48281159, -29.055196391 ], [ -71.482815935, -29.055205541 ], [ -71.482821969, -29.05521418 ], [ -71.482825971999901, -29.055218117 ], [ -71.482828247, -29.055219338 ], [ -71.482839831, -29.0552189869999 ], [ -71.48285061, -29.055222366999899 ], [ -71.482873503, -29.055222412 ], [ -71.48289672, -29.055225929999899 ], [ -71.482914221, -29.055224036 ], [ -71.482919282, -29.055221756 ], [ -71.482929935, -29.055214211 ], [ -71.482933529, -29.055207224999901 ], [ -71.482932569, -29.055197549 ], [ -71.482935883, -29.055190814 ], [ -71.482943722, -29.055184288 ], [ -71.482952739, -29.055181972 ], [ -71.482960131, -29.055177985999901 ], [ -71.48296257, -29.05517667 ], [ -71.482968445, -29.0551714019999 ], [ -71.482967984, -29.055156011 ], [ -71.482969619999906, -29.05515078 ], [ -71.482973505, -29.055144536999901 ], [ -71.482974255, -29.055136086999902 ], [ -71.482965636999893, -29.055123996 ], [ -71.48295798, -29.055123104 ], [ -71.482957712, -29.055123072999901 ], [ -71.482952063, -29.055123371 ], [ -71.482949511, -29.055122648999902 ], [ -71.482948044, -29.055117944 ], [ -71.482948265999894, -29.055112726999901 ], [ -71.482950447, -29.055105754 ], [ -71.482948939, -29.055090967999899 ], [ -71.482948853, -29.0550901239999 ], [ -71.482948404999902, -29.055087211999901 ], [ -71.482947630999902, -29.055082187 ], [ -71.482946195, -29.055080212999901 ], [ -71.48294126, -29.055077973 ], [ -71.482936535, -29.055075829 ], [ -71.482923507999899, -29.0550734619999 ], [ -71.482906048, -29.055066891 ], [ -71.482899662, -29.055064487 ], [ -71.482895672, -29.055061540999901 ], [ -71.482888762999906, -29.055050676999901 ], [ -71.482882775, -29.055046010999899 ], [ -71.482866602999906, -29.055040692 ], [ -71.48285328, -29.055037333 ], [ -71.482843606, -29.055031707999898 ], [ -71.482834462, -29.0550230979999 ], [ -71.48283243, -29.055018397 ], [ -71.482831954999895, -29.055001763 ], [ -71.482837364, -29.054980606 ], [ -71.482842301999895, -29.054967648999899 ], [ -71.482845535, -29.0549539629999 ], [ -71.482847907, -29.05493904 ], [ -71.482855238999903, -29.054913148 ], [ -71.482858516, -29.054903185999901 ], [ -71.482864051, -29.054892955 ], [ -71.482871498, -29.054876995 ], [ -71.482887134, -29.054860464999901 ], [ -71.482901995, -29.054850503999901 ], [ -71.482910413, -29.0548448609999 ], [ -71.482921625, -29.054836814999899 ], [ -71.482929709, -29.054827057999901 ], [ -71.482935262999902, -29.054818564999898 ], [ -71.482944754999906, -29.054810054 ], [ -71.482950944, -29.054796791999902 ], [ -71.482951592999896, -29.054788619 ], [ -71.48295658, -29.054779883 ], [ -71.482961602, -29.054773952999899 ], [ -71.482961878, -29.054773627 ], [ -71.482971350999904, -29.054761871 ], [ -71.482978051, -29.05475461 ], [ -71.482983598, -29.054745372 ], [ -71.482984319, -29.054734439 ], [ -71.482975449, -29.054725081 ], [ -71.482973734, -29.054723357999901 ], [ -71.482971872, -29.054708971 ], [ -71.482966707999907, -29.054702312 ], [ -71.482962955999895, -29.05469564 ], [ -71.482957804, -29.054689973999899 ], [ -71.482940733, -29.054680193 ], [ -71.482932806999898, -29.054679022 ], [ -71.482923759999906, -29.054678855 ], [ -71.482916675, -29.054677179 ], [ -71.482907828999899, -29.054671952 ], [ -71.482901162, -29.05466211 ], [ -71.482883724, -29.054615608999899 ], [ -71.482877911999907, -29.054561358999901 ], [ -71.48287913, -29.054556756 ], [ -71.482879946, -29.054555821 ], [ -71.482882383999893, -29.054550407 ], [ -71.482882977, -29.05454909 ], [ -71.482884053, -29.054544361 ], [ -71.482887041, -29.05454101 ], [ -71.482892982, -29.054534348999901 ], [ -71.482904731, -29.0545238139999 ], [ -71.48290988, -29.054504645999899 ], [ -71.482915402999893, -29.054493422 ], [ -71.482919565, -29.05448668 ], [ -71.482919162, -29.054476253 ], [ -71.482915368, -29.054465857 ], [ -71.4829150529999, -29.054459188 ], [ -71.482924614999902, -29.054441574 ], [ -71.482937611999901, -29.0544341199999 ], [ -71.482949398, -29.054426813 ], [ -71.482959192, -29.054418283 ], [ -71.482962255, -29.054414282 ], [ -71.482964497999902, -29.054412772 ], [ -71.482975788, -29.05441143 ], [ -71.482983909, -29.054404900999899 ], [ -71.482989211999893, -29.054399142 ], [ -71.482990006, -29.054394417 ], [ -71.482989282999895, -29.054391498 ], [ -71.482988227, -29.054387231 ], [ -71.482988473, -29.054384 ], [ -71.482994001, -29.054373272 ], [ -71.482997632, -29.054369515 ], [ -71.483007163, -29.054362725 ], [ -71.483011647999902, -29.054359457 ], [ -71.483014744999906, -29.054358436 ], [ -71.483027165, -29.0543570839999 ], [ -71.483038990999901, -29.054353252999899 ], [ -71.483047138, -29.054348959 ], [ -71.483056921999903, -29.054339828 ], [ -71.483060839, -29.054336172 ], [ -71.483065291999907, -29.054330171999901 ], [ -71.483067349999899, -29.054312522 ], [ -71.483073691999905, -29.054298807 ], [ -71.483075841, -29.054289103 ], [ -71.483078053, -29.054284862 ], [ -71.483082837, -29.054283079999902 ], [ -71.48308566, -29.054282808 ], [ -71.483089577, -29.054279295 ], [ -71.483091249, -29.054277294 ], [ -71.483091730999902, -29.054270088 ], [ -71.483087461, -29.054267394 ], [ -71.483079534, -29.054266223 ], [ -71.483071332999899, -29.0542657999999 ], [ -71.483066505, -29.054263856 ], [ -71.483063071999894, -29.054260160999899 ], [ -71.483049214999895, -29.05425954 ], [ -71.483039461, -29.054246960999901 ], [ -71.483031798999903, -29.054244298999901 ], [ -71.483023315, -29.054243877 ], [ -71.483021935, -29.0542432509999 ], [ -71.483015474, -29.054216482999902 ], [ -71.483014011, -29.054214776 ], [ -71.483015816, -29.054211414999902 ], [ -71.483018046, -29.054208843 ], [ -71.48302079, -29.054206785 ], [ -71.48302079, -29.054203696999899 ], [ -71.483019246, -29.054199923999899 ], [ -71.483016329999899, -29.054201296 ], [ -71.483014961, -29.054200459999901 ], [ -71.483013243, -29.05419941 ], [ -71.483009861, -29.054201351 ], [ -71.483008098, -29.054203526 ], [ -71.483006202, -29.054205666 ], [ -71.483004132, -29.054207381 ], [ -71.483002781, -29.0542085 ], [ -71.483001066, -29.054209871999898 ], [ -71.483001066, -29.054213301999901 ], [ -71.482999008, -29.054215359999901 ], [ -71.482997543, -29.054215790999901 ], [ -71.482996092, -29.054216218 ], [ -71.482994548, -29.054218789999901 ], [ -71.482994377, -29.054220676999901 ], [ -71.482992146999905, -29.0542227349999 ], [ -71.482989918, -29.0542244499999 ], [ -71.482985458, -29.0542244499999 ], [ -71.48297997, -29.0542246219999 ], [ -71.482975854, -29.054224279 ], [ -71.482975510999907, -29.054221535 ], [ -71.482975510999907, -29.054218961999901 ], [ -71.482974482, -29.054215531999901 ], [ -71.482971222999893, -29.054214674 ], [ -71.482966935, -29.054214846 ], [ -71.482964362, -29.054214674 ], [ -71.482960932, -29.054212273 ], [ -71.482955957999906, -29.054206785 ], [ -71.482953225, -29.054203687 ], [ -71.482951499, -29.05419941 ], [ -71.482946182, -29.05419718 ], [ -71.482943890999906, -29.054192898999901 ], [ -71.482942772999905, -29.054187607 ], [ -71.482944295, -29.054184317 ], [ -71.482943604, -29.054175104 ], [ -71.482943577, -29.054174744 ], [ -71.482943577, -29.054169384 ], [ -71.482944916999898, -29.054164025 ], [ -71.482945989, -29.0541610769999 ], [ -71.482946257, -29.054158397 ], [ -71.482945721, -29.054155717 ], [ -71.482947329, -29.054152769 ], [ -71.482948936999904, -29.054150089 ], [ -71.482951759999906, -29.054148331 ], [ -71.482960335, -29.054141541 ], [ -71.482961382, -29.054136673 ], [ -71.482962637999904, -29.054129972999899 ], [ -71.482963869999907, -29.054122214 ], [ -71.482970365, -29.054116912 ], [ -71.482974825, -29.054111595999899 ], [ -71.482979455, -29.054107993999899 ], [ -71.482984258, -29.054104735 ], [ -71.482988867, -29.054097832 ], [ -71.48299174, -29.054088545 ], [ -71.48299174, -29.05408004 ], [ -71.482997628, -29.054071533999899 ], [ -71.483008095999907, -29.054059102999901 ], [ -71.483016602, -29.054051252 ], [ -71.483019219, -29.054042092 ], [ -71.483019219, -29.0540335869999 ], [ -71.483017909999901, -29.054023119 ], [ -71.483024453, -29.054017885 ], [ -71.483032303999906, -29.054005453999899 ], [ -71.483036883999901, -29.053999565 ], [ -71.483044080999903, -29.053996293999901 ], [ -71.483053895, -29.053990405 ], [ -71.483065672, -29.053988443 ], [ -71.483076532, -29.053983837 ], [ -71.483077788999907, -29.053976233999901 ], [ -71.483082394999897, -29.053976233999901 ], [ -71.483088257, -29.053971692999902 ], [ -71.483089932, -29.053966669 ], [ -71.483093282, -29.053960388 ], [ -71.483099143999894, -29.0539591309999 ], [ -71.483107517999898, -29.053958712999901 ], [ -71.483111287, -29.053953688 ], [ -71.483117179, -29.0539522609999 ], [ -71.483119751999894, -29.053947116 ], [ -71.48312404, -29.053941456 ], [ -71.483131071999907, -29.053941799 ], [ -71.483142219999905, -29.053941456 ], [ -71.4831537109999, -29.053935967 ], [ -71.483155427, -29.053925161999899 ], [ -71.483155427, -29.0539147 ], [ -71.483161746, -29.053911039 ], [ -71.483170354, -29.053913201999901 ], [ -71.483178204999902, -29.053921053 ], [ -71.483195216, -29.053926942 ], [ -71.483198909, -29.053928418999899 ], [ -71.48320503, -29.053930867 ], [ -71.48320503, -29.053940027 ], [ -71.483212881, -29.053943951999901 ], [ -71.483224004, -29.053943951999901 ], [ -71.483230546999906, -29.053935447 ], [ -71.483231201, -29.053924325 ], [ -71.483220732999897, -29.0539177819999 ], [ -71.483222694999895, -29.053906004999899 ], [ -71.483231855, -29.0539014249999 ], [ -71.483232468, -29.053894965 ], [ -71.483229251999902, -29.053891748999899 ], [ -71.483226572, -29.053887462 ], [ -71.483225231999896, -29.053882369999901 ], [ -71.483221211999904, -29.053878082 ], [ -71.483215851999901, -29.05387701 ], [ -71.483208348999895, -29.05387567 ], [ -71.483203525, -29.053872989999899 ], [ -71.483199505, -29.053871382 ], [ -71.483195662, -29.053869671 ], [ -71.483000804, -29.053869212999899 ], [ -71.477299297999906, -29.053855803 ], [ -71.477277815, -29.053922566 ], [ -71.477268497, -29.053999287999901 ], [ -71.477278193, -29.054196228 ], [ -71.477323086, -29.054375627 ], [ -71.477364521, -29.054465181 ], [ -71.477411645, -29.054538567999899 ], [ -71.4774702, -29.054608473 ], [ -71.477785539, -29.054922889 ], [ -71.478038631999894, -29.055125987999901 ], [ -71.478084317, -29.055172295 ], [ -71.478111595, -29.055229969 ], [ -71.478138822999895, -29.055320666999901 ], [ -71.478179392999905, -29.0553907789999 ], [ -71.478241065, -29.055460541999899 ], [ -71.478383021, -29.055592496 ], [ -71.478455577, -29.055691807 ], [ -71.478507164, -29.055786681 ], [ -71.478596336, -29.055998024 ], [ -71.478721676, -29.056198643999899 ], [ -71.478804812, -29.056356329 ], [ -71.478856436999905, -29.05638563 ], [ -71.478908222, -29.056398221999899 ], [ -71.47898084, -29.056400918999898 ], [ -71.479108367, -29.05638793 ], [ -71.479154896999901, -29.056389795 ], [ -71.47919085, -29.056407831999898 ], [ -71.479220020999904, -29.0564471399999 ], [ -71.479226416, -29.056508505999901 ], [ -71.479220671, -29.056544320999901 ], [ -71.479206957, -29.056571189 ], [ -71.47905902, -29.056740691999899 ], [ -71.47900946, -29.056828563 ], [ -71.478997889, -29.056911365 ], [ -71.479014639999903, -29.057056944 ], [ -71.47903286, -29.057113552 ], [ -71.479045761, -29.057131564 ], [ -71.479094507999903, -29.0571710319999 ], [ -71.479202787, -29.057211743 ], [ -71.479240699999906, -29.057238422999902 ], [ -71.479265187, -29.057260356 ], [ -71.479323598999898, -29.0573528739999 ], [ -71.479363573999905, -29.057397266 ], [ -71.479504971, -29.05744077 ], [ -71.479564763, -29.057481378 ], [ -71.479576777, -29.057503738 ], [ -71.479579632, -29.057533401999901 ], [ -71.479559055, -29.057574922 ], [ -71.479495551999904, -29.057660729 ], [ -71.479473269, -29.057714820999902 ], [ -71.479480983, -29.057754886999899 ], [ -71.479492916, -29.057769181 ], [ -71.479588673, -29.057847014999901 ], [ -71.479591110999905, -29.0578646979999 ], [ -71.479582244, -29.057884525 ], [ -71.479442978999899, -29.057935791 ], [ -71.479279496999894, -29.058038317 ], [ -71.479218456999902, -29.05805407 ], [ -71.479173703999905, -29.058054408 ], [ -71.479079454, -29.058031610999901 ], [ -71.478738098, -29.057891062 ], [ -71.478649657999895, -29.057861758999898 ], [ -71.478403644, -29.057801076 ], [ -71.478182554999904, -29.0577836699999 ], [ -71.478107862999906, -29.057770127 ], [ -71.477818769, -29.057667072 ], [ -71.477730395, -29.057643319 ], [ -71.477635354, -29.0576317159999 ], [ -71.477567778, -29.0576351939999 ], [ -71.47750758, -29.057651821 ], [ -71.477457494, -29.057680183999899 ], [ -71.477418972999899, -29.057714312 ], [ -71.477389465, -29.057753901999899 ], [ -71.477367264, -29.05779688 ], [ -71.477348352, -29.057868034 ], [ -71.477307389, -29.05818584 ], [ -71.477241648, -29.058515053 ], [ -71.477228307, -29.058733221 ], [ -71.477229299, -29.058843367 ], [ -71.477250027, -29.059013326 ], [ -71.477290938, -29.059149346 ], [ -71.477430075, -29.059423240999902 ], [ -71.47755491, -29.059602067 ], [ -71.477586935, -29.05967958 ], [ -71.477596771, -29.0597329299999 ], [ -71.477596659, -29.059787787999898 ], [ -71.477587445, -29.059831892 ], [ -71.477566746, -29.059870486 ], [ -71.477547643, -29.059889521999899 ], [ -71.477508847, -29.05990929 ], [ -71.477455205999902, -29.059917888 ], [ -71.477375777, -29.059909952999899 ], [ -71.477102184, -29.059857082999901 ], [ -71.477034930999906, -29.059856058 ], [ -71.476951579999906, -29.059866337 ], [ -71.476783441999899, -29.0599172299999 ], [ -71.47647069, -29.060038237999901 ], [ -71.476245128999906, -29.0600808619999 ], [ -71.476148283, -29.060106372 ], [ -71.47605985, -29.060140546 ], [ -71.475970039999893, -29.060185679 ], [ -71.4758611, -29.0602582839999 ], [ -71.475638171, -29.06044021 ], [ -71.475429050999907, -29.060650338999899 ], [ -71.475283233, -29.060775459 ], [ -71.475104104, -29.060942815 ], [ -71.475016180999901, -29.060991338999902 ], [ -71.4747614139999, -29.061092503999902 ], [ -71.474577315, -29.061180003999901 ], [ -71.474493531, -29.061230614 ], [ -71.474391211, -29.061309901999898 ], [ -71.474311206, -29.061399395 ], [ -71.47425858, -29.061491819 ], [ -71.474201993, -29.0616325199999 ], [ -71.474183217, -29.061736292 ], [ -71.474199238, -29.062196458 ], [ -71.4741529839999, -29.062532637999901 ], [ -71.474145184, -29.062664996 ], [ -71.474154777, -29.062737881 ], [ -71.474195471, -29.062870136999901 ], [ -71.474208963, -29.062942375 ], [ -71.474192398999904, -29.063161103 ], [ -71.474195642, -29.063297776999899 ], [ -71.474222670999893, -29.0634293849999 ], [ -71.474315718999904, -29.063625504 ], [ -71.474371816, -29.063768463 ], [ -71.474384837999906, -29.0638220119999 ], [ -71.474389190999901, -29.063887967 ], [ -71.474377453, -29.0639520289999 ], [ -71.474347845999901, -29.064014008 ], [ -71.474188835999897, -29.0641964399999 ], [ -71.47412446, -29.064286750999901 ], [ -71.474093469, -29.064374652 ], [ -71.474090458, -29.06443768 ], [ -71.474098522, -29.064487574999902 ], [ -71.474126263, -29.064558125 ], [ -71.474216315, -29.064692939999901 ], [ -71.474234845999902, -29.064758722 ], [ -71.474260145999907, -29.064918417999898 ], [ -71.474300016, -29.065007760999901 ], [ -71.474350116, -29.065076615 ], [ -71.47453617, -29.0652923 ], [ -71.474606504999898, -29.065363711 ], [ -71.474931792999897, -29.065621699 ], [ -71.475026484999901, -29.065686081 ], [ -71.475129394, -29.065738757 ], [ -71.475221705, -29.0657758639999 ], [ -71.475385836, -29.065820470999899 ], [ -71.475492821, -29.065831183999901 ], [ -71.475618262, -29.065822381 ], [ -71.475751297, -29.06577743 ], [ -71.476244174, -29.0655316799999 ], [ -71.47645647, -29.065405156999901 ], [ -71.476554195999896, -29.065366471999901 ], [ -71.476692737999898, -29.065344374999899 ], [ -71.477274113, -29.065334105 ], [ -71.477369912, -29.065347757 ], [ -71.477599061, -29.065401076999901 ], [ -71.477707971, -29.065437641 ], [ -71.477810414, -29.06549777 ], [ -71.478225946, -29.065779099999901 ], [ -71.478360413, -29.065854041 ], [ -71.478452725999901, -29.065892033 ], [ -71.478540261, -29.065909818 ], [ -71.478591304, -29.065904287 ], [ -71.478629681, -29.065882651 ], [ -71.478675628, -29.0658411759999 ], [ -71.478732766999897, -29.065825586 ], [ -71.478947338, -29.065862839 ], [ -71.479169879, -29.065911709 ], [ -71.479550468, -29.066016635 ], [ -71.479965847999907, -29.066178528 ], [ -71.480123674, -29.0662173159999 ], [ -71.480213171999907, -29.066217625 ], [ -71.480298026999904, -29.0662034869999 ], [ -71.480780856, -29.066083299 ], [ -71.480923758999893, -29.06605422 ], [ -71.481132843999902, -29.066025307 ], [ -71.481268632, -29.06602578 ], [ -71.481338917999906, -29.066037381999902 ], [ -71.481447204999895, -29.066068001 ], [ -71.481757383999906, -29.066195772999901 ], [ -71.481915297999905, -29.066237903999902 ], [ -71.482106597, -29.066263616999901 ], [ -71.482639744, -29.066290484 ], [ -71.482734869, -29.066304123999899 ], [ -71.482818611, -29.066340216999901 ], [ -71.482910848, -29.0664048639999 ], [ -71.482953095, -29.066425895999899 ], [ -71.483004388, -29.066437823999902 ], [ -71.483118337999898, -29.066435366 ], [ -71.483181637, -29.0664488799999 ], [ -71.48343861, -29.066575706 ], [ -71.483517085999907, -29.066604417999901 ], [ -71.483589287, -29.066614021 ], [ -71.483747902999895, -29.066613203 ], [ -71.483936875, -29.066627906 ], [ -71.484041766, -29.066620597999901 ], [ -71.484140861999904, -29.066594283 ], [ -71.484216816999904, -29.066560661 ], [ -71.484375444, -29.0664733149999 ], [ -71.4844407799999, -29.066449071 ], [ -71.4845350209999, -29.066447787999898 ], [ -71.484621042, -29.066468545 ], [ -71.484847277, -29.066542354 ], [ -71.484935703, -29.066556971999901 ], [ -71.485002640999895, -29.066556904 ], [ -71.485081946, -29.066544931 ], [ -71.485283812, -29.066486082 ], [ -71.485501562, -29.066383448 ], [ -71.485543305, -29.066378292 ], [ -71.485591504999903, -29.066383437 ], [ -71.485686036999894, -29.066405282999899 ], [ -71.485809049999901, -29.066452699 ], [ -71.485809050999904, -29.066490941 ], [ -71.48580107, -29.066500377999901 ], [ -71.485684588, -29.066566988 ], [ -71.485663141, -29.066591034999899 ], [ -71.485651527, -29.066618986 ], [ -71.485648147999896, -29.066659560999899 ], [ -71.485658897, -29.066720578999899 ], [ -71.485686281, -29.066758614 ], [ -71.48574876, -29.066800268999899 ], [ -71.485809692, -29.066822053 ], [ -71.485883555, -29.0668314599999 ], [ -71.485970828999896, -29.0668223129999 ], [ -71.486152967999899, -29.0667808769999 ], [ -71.486197655999902, -29.0667794579999 ], [ -71.4862471389999, -29.066792049999901 ], [ -71.486355011999905, -29.0668565409999 ], [ -71.486470313, -29.066900926 ], [ -71.486542777, -29.066944818 ], [ -71.486580638, -29.066993501 ], [ -71.486648633, -29.067125663999899 ], [ -71.486695650999906, -29.067172071999899 ], [ -71.486786451999905, -29.067213029999898 ], [ -71.486921773999896, -29.067253647 ], [ -71.486935404999898, -29.067261454999901 ], [ -71.487086658, -29.067348102 ], [ -71.487191240999906, -29.067395863999899 ], [ -71.487325934, -29.067442304999901 ], [ -71.487549512, -29.0674923999999 ], [ -71.487642695, -29.067534451 ], [ -71.487728005999898, -29.067604848 ], [ -71.487778176999896, -29.067666811 ], [ -71.487806100999904, -29.067738721999898 ], [ -71.487818987, -29.067816961999899 ], [ -71.487823334, -29.067843356 ], [ -71.487821319, -29.0678887729999 ], [ -71.487806377, -29.067939149 ], [ -71.487656902, -29.068160288999898 ], [ -71.487631146, -29.068236449 ], [ -71.487629749, -29.06828125 ], [ -71.487642788999906, -29.068359038 ], [ -71.487733076, -29.068625525999899 ], [ -71.487738739, -29.06867553 ], [ -71.488117723, -29.06867553 ], [ -71.488117621, -29.0686759929999 ], [ -71.488117455, -29.06867736 ], [ -71.488117285, -29.068679468 ], [ -71.488117163, -29.068682152999902 ], [ -71.488117138999897, -29.068685252 ], [ -71.488117264, -29.0686886 ], [ -71.488117527, -29.068691542 ], [ -71.488117959, -29.068694440999899 ], [ -71.488118444999898, -29.068696682999899 ], [ -71.488119052999906, -29.068698777 ], [ -71.488119931, -29.068701021 ], [ -71.488120758, -29.068702637999898 ], [ -71.488121662, -29.068704198 ], [ -71.488124275, -29.068708289 ], [ -71.488125523999898, -29.0687103409999 ], [ -71.488126241, -29.068711661 ], [ -71.488126882999893, -29.0687130049999 ], [ -71.488127741, -29.0687152859999 ], [ -71.48812832, -29.068717631 ], [ -71.488128598999893, -29.068719691 ], [ -71.488128703, -29.068721772999901 ], [ -71.488128667, -29.068723924 ], [ -71.488128446, -29.068728221 ], [ -71.488128417, -29.068730354 ], [ -71.488128494, -29.068731965 ], [ -71.488128691, -29.068733556 ], [ -71.488129138, -29.068735514 ], [ -71.488129807999897, -29.068737373 ], [ -71.488130699, -29.068739166999901 ], [ -71.488131957, -29.068741109 ], [ -71.488133437, -29.068742963 ], [ -71.488135101, -29.068744745999901 ], [ -71.488136899, -29.068746469 ], [ -71.488138789999894, -29.068748152999898 ], [ -71.488148985999899, -29.068756689999901 ], [ -71.488153182, -29.0687603279999 ], [ -71.488157281, -29.068764046999899 ], [ -71.488159275, -29.068765948 ], [ -71.488161218, -29.068767887 ], [ -71.488163025999896, -29.068769792 ], [ -71.488164775, -29.068771738 ], [ -71.488166572999901, -29.068773838 ], [ -71.48817185, -29.068780225999902 ], [ -71.488173649, -29.068782332999898 ], [ -71.488176368, -29.06878532 ], [ -71.488177782, -29.068786776 ], [ -71.488179685, -29.068788633999901 ], [ -71.488181633999901, -29.068790454 ], [ -71.488189496, -29.068797539999899 ], [ -71.488191023, -29.068798983 ], [ -71.488192473, -29.068800441999901 ], [ -71.488193811, -29.068801928 ], [ -71.488194996999894, -29.068803455 ], [ -71.488195725, -29.068804580999899 ], [ -71.488196334, -29.068805736999899 ], [ -71.488197074, -29.068807856 ], [ -71.488197311, -29.068809323 ], [ -71.488197336, -29.068810808 ], [ -71.488197188, -29.068812100999899 ], [ -71.488196893999898, -29.068813392 ], [ -71.488196213, -29.068815293999901 ], [ -71.488195289, -29.068817162 ], [ -71.488194162999903, -29.068818985 ], [ -71.488192869, -29.068820748 ], [ -71.488191425, -29.068822436999898 ], [ -71.488189621999894, -29.068824241 ], [ -71.488187662, -29.068825938 ], [ -71.488184514, -29.068828445 ], [ -71.488183057, -29.068829712 ], [ -71.488182181999903, -29.068830589 ], [ -71.488181402999899, -29.068831508999899 ], [ -71.488180741999898, -29.068832476999901 ], [ -71.488180096999898, -29.068833778999899 ], [ -71.488179691, -29.068835108 ], [ -71.488179488999904, -29.068836487999899 ], [ -71.488179513, -29.068838457 ], [ -71.488179836, -29.068840469 ], [ -71.488180405, -29.0688425 ], [ -71.488181187, -29.06884453 ], [ -71.488181956999895, -29.068846145999899 ], [ -71.488182843999894, -29.068847737999899 ], [ -71.488184143999902, -29.068849730999901 ], [ -71.488185605999902, -29.0688516499999 ], [ -71.488187224999905, -29.068853474 ], [ -71.488189005, -29.0688551769999 ], [ -71.488190254999907, -29.0688562039999 ], [ -71.488191579, -29.068857159999901 ], [ -71.488192942, -29.068858023 ], [ -71.488194367999895, -29.068858815999899 ], [ -71.488196629, -29.068859883 ], [ -71.488198994999905, -29.068860809999901 ], [ -71.488201484999905, -29.068861629 ], [ -71.488204036999903, -29.068862354 ], [ -71.488206628999905, -29.068863015 ], [ -71.488214499, -29.068864867999899 ], [ -71.488217112, -29.0688655169999 ], [ -71.488219683999901, -29.0688662119999 ], [ -71.488222225, -29.068866968 ], [ -71.488224725, -29.0688677979999 ], [ -71.488227041999906, -29.068868661 ], [ -71.488229312, -29.0688696 ], [ -71.488231529, -29.068870611 ], [ -71.488233685999901, -29.068871701 ], [ -71.48823577, -29.068872875 ], [ -71.488237882, -29.068874224999899 ], [ -71.488239883999896, -29.068875684 ], [ -71.488241796999901, -29.0688772889999 ], [ -71.488243575, -29.068879008 ], [ -71.488245025, -29.068880619 ], [ -71.488246360999895, -29.0688823099999 ], [ -71.4882474, -29.06888379 ], [ -71.488248363, -29.0688853139999 ], [ -71.488249536999902, -29.068887387 ], [ -71.488253829, -29.068895905 ], [ -71.488254985, -29.068897993 ], [ -71.488256314999902, -29.068900131 ], [ -71.488257781999906, -29.0689021919999 ], [ -71.488259534, -29.068904315999902 ], [ -71.488261442999899, -29.06890634 ], [ -71.488263452, -29.068908248 ], [ -71.488265554999899, -29.0689100939999 ], [ -71.488272093, -29.0689155059999 ], [ -71.488275874, -29.068918735 ], [ -71.488279528, -29.068922057999899 ], [ -71.488281286, -29.068923762999901 ], [ -71.488282978, -29.068925505 ], [ -71.488284548, -29.068927250999899 ], [ -71.488286017999897, -29.068929044999901 ], [ -71.488287365, -29.068930894999902 ], [ -71.488288678999893, -29.0689330169999 ], [ -71.488289785999896, -29.0689352169999 ], [ -71.488290548, -29.0689371409999 ], [ -71.488291149, -29.068939112 ], [ -71.488291591999896, -29.06894112 ], [ -71.488291887999907, -29.068943293 ], [ -71.488292021999897, -29.068945488999901 ], [ -71.488292005999895, -29.068947699 ], [ -71.488291862, -29.068949797 ], [ -71.48829162, -29.068951893 ], [ -71.488291300999904, -29.068953984 ], [ -71.488290077, -29.068961008 ], [ -71.488289817, -29.068963297 ], [ -71.488289749, -29.068965544 ], [ -71.488289853, -29.068967038 ], [ -71.488290099, -29.0689685 ], [ -71.488290532999898, -29.068970005 ], [ -71.488291152, -29.0689714499999 ], [ -71.488292457999904, -29.068973521 ], [ -71.488293273999901, -29.068974504 ], [ -71.488294181999905, -29.068975442 ], [ -71.488295884, -29.068976928 ], [ -71.488297759, -29.0689783249999 ], [ -71.488299759, -29.068979661999901 ], [ -71.488308381, -29.068984983 ], [ -71.488310608999896, -29.068986444 ], [ -71.488312778, -29.068987958 ], [ -71.488314859999903, -29.068989533 ], [ -71.488316781, -29.068991148 ], [ -71.488318552, -29.068992841999901 ], [ -71.488320129, -29.068994605999901 ], [ -71.488321481999904, -29.068996451 ], [ -71.488322632999896, -29.068998522999902 ], [ -71.488323424, -29.069000663999901 ], [ -71.488323727, -29.069002135999899 ], [ -71.48832383, -29.069003617 ], [ -71.488323669, -29.069005493 ], [ -71.48832319, -29.069007335 ], [ -71.48832226, -29.069009383 ], [ -71.488320965999904, -29.069011318 ], [ -71.488319437, -29.069013024999901 ], [ -71.488317654, -29.069014594 ], [ -71.488316003, -29.069015787 ], [ -71.488314222, -29.0690168799999 ], [ -71.488311803, -29.069018131 ], [ -71.488309251, -29.069019250999901 ], [ -71.488306846999905, -29.069020172 ], [ -71.488304387, -29.069021029999899 ], [ -71.488297, -29.069023393999899 ], [ -71.488294633999899, -29.069024172 ], [ -71.488292299, -29.069025004 ], [ -71.488289901, -29.069025961 ], [ -71.488287568, -29.069027021 ], [ -71.488285021, -29.069028359999901 ], [ -71.488282571, -29.069029831 ], [ -71.488280222, -29.069031424999899 ], [ -71.488277983, -29.069033135 ], [ -71.488276231, -29.069034638999899 ], [ -71.488274571, -29.069036221 ], [ -71.488273009999901, -29.0690378749999 ], [ -71.488271650999906, -29.069039487999898 ], [ -71.488270391999905, -29.069041157999902 ], [ -71.488268972999904, -29.0690433 ], [ -71.488267719, -29.069045495 ], [ -71.488266599, -29.069047836 ], [ -71.488265708, -29.069050187 ], [ -71.488265169, -29.069052169 ], [ -71.488264858, -29.069054114 ], [ -71.488264807, -29.069055965 ], [ -71.488265026, -29.069057712 ], [ -71.488265447999893, -29.069059105 ], [ -71.48826609, -29.069060346 ], [ -71.48826738, -29.069061764 ], [ -71.488269019, -29.069062642999899 ], [ -71.48827073, -29.069062970999902 ], [ -71.488272001, -29.069062962 ], [ -71.488273331999906, -29.069062788999901 ], [ -71.488275519, -29.069062245999898 ], [ -71.488277793999899, -29.069061455999901 ], [ -71.488280137999894, -29.0690605029999 ], [ -71.488287645999904, -29.069057267999899 ], [ -71.488290339999907, -29.069056197 ], [ -71.488293046, -29.069055193999901 ], [ -71.488295784999906, -29.0690542409999 ], [ -71.488301335, -29.069052465 ], [ -71.488304135, -29.069051643 ], [ -71.488306948999906, -29.069050871999899 ], [ -71.488309778, -29.069050161 ], [ -71.488312623999903, -29.069049526999901 ], [ -71.488314983, -29.069049073 ], [ -71.488317354999893, -29.069048688999899 ], [ -71.488319738, -29.06904838 ], [ -71.488322295, -29.069048139 ], [ -71.488324857999899, -29.069047989999898 ], [ -71.488327424, -29.069047939 ], [ -71.488329684, -29.069047978999901 ], [ -71.488331936999899, -29.0690480989999 ], [ -71.488334178999906, -29.0690483 ], [ -71.488337085, -29.069048692 ], [ -71.488339944, -29.069049235 ], [ -71.488342611999897, -29.069049902 ], [ -71.488345196999902, -29.069050720999901 ], [ -71.48834772, -29.069051720999902 ], [ -71.488350102, -29.069052881999902 ], [ -71.488352280999905, -29.069054185 ], [ -71.488354253999901, -29.069055627 ], [ -71.488355973, -29.069057196 ], [ -71.488357295999904, -29.069058778999899 ], [ -71.488358280999904, -29.069060453 ], [ -71.488358667999904, -29.069061462 ], [ -71.488358975, -29.069063254 ], [ -71.488358918, -29.069064398 ], [ -71.48835867, -29.0690655339999 ], [ -71.48835795, -29.069067221 ], [ -71.488357207, -29.069068391 ], [ -71.488356304, -29.0690695239999 ], [ -71.488354656, -29.0690711949999 ], [ -71.488352769, -29.069072791999901 ], [ -71.488350705999906, -29.0690743289999 ], [ -71.488348515, -29.069075816 ], [ -71.488346231, -29.069077256999901 ], [ -71.488343879, -29.069078654 ], [ -71.488338781, -29.069081468 ], [ -71.4883232, -29.069089512999899 ], [ -71.488318095999901, -29.069092231 ], [ -71.488315590999903, -29.069093628 ], [ -71.488313134, -29.069095067 ], [ -71.48831074, -29.069096563999899 ], [ -71.488308542, -29.069098057 ], [ -71.488306432999906, -29.069099627999901 ], [ -71.488304431, -29.069101291 ], [ -71.488302925, -29.069102692999898 ], [ -71.488301503999907, -29.069104159999899 ], [ -71.488300061, -29.069105818 ], [ -71.488298707, -29.069107534999901 ], [ -71.488297326999898, -29.069109434 ], [ -71.488294659, -29.069113281999901 ], [ -71.488293289999902, -29.069115175 ], [ -71.488292268, -29.069116488 ], [ -71.488291196, -29.069117763 ], [ -71.4882895, -29.069119557 ], [ -71.488287664, -29.069121227 ], [ -71.488286000999906, -29.069122524 ], [ -71.488284237999906, -29.0691237149999 ], [ -71.488282416999894, -29.0691247779999 ], [ -71.488280516, -29.069125739 ], [ -71.488278688, -29.069126545 ], [ -71.488276809, -29.0691272789999 ], [ -71.488274302, -29.0691281329999 ], [ -71.488271740999906, -29.069128908 ], [ -71.488269142, -29.069129627999899 ], [ -71.488258291, -29.069132494 ], [ -71.488255506, -29.0691332869999 ], [ -71.488250593, -29.069134812999899 ], [ -71.488245757, -29.069136490999899 ], [ -71.488243379, -29.069137396 ], [ -71.488241035, -29.0691383569999 ], [ -71.48823837, -29.069139556 ], [ -71.488235776, -29.069140859999901 ], [ -71.488233721, -29.069142010999901 ], [ -71.488231722, -29.069143239 ], [ -71.488229782, -29.069144539 ], [ -71.488227459, -29.069146240999899 ], [ -71.488225201, -29.069148022 ], [ -71.488222987, -29.069149855 ], [ -71.488216428, -29.069155453999901 ], [ -71.488214216, -29.06915729 ], [ -71.488211960999905, -29.069159075999899 ], [ -71.488209865, -29.069160632 ], [ -71.48820771, -29.069162112 ], [ -71.488205805, -29.06916331 ], [ -71.488203846, -29.069164438 ], [ -71.488201385, -29.069165713 ], [ -71.488198857, -29.069166884 ], [ -71.488196224, -29.069167975 ], [ -71.488193542, -29.069168979 ], [ -71.488190814999896, -29.069169905 ], [ -71.488187952, -29.069170792 ], [ -71.48818506, -29.0691716229999 ], [ -71.488170432999894, -29.069175501 ], [ -71.488164615, -29.0691771629999 ], [ -71.488161793, -29.069178059 ], [ -71.488158998999893, -29.069179015 ], [ -71.488156236, -29.069180036 ], [ -71.488153575, -29.0691811 ], [ -71.488150952999902, -29.069182231 ], [ -71.488148377, -29.0691834319999 ], [ -71.48814586, -29.069184713 ], [ -71.488143604999905, -29.069185978999901 ], [ -71.488141421, -29.069187327999899 ], [ -71.488139103, -29.069188927 ], [ -71.488136897999894, -29.069190632 ], [ -71.488134826, -29.069192445999899 ], [ -71.488133274999896, -29.069193986999899 ], [ -71.488131833, -29.069195603 ], [ -71.488130511999898, -29.069197292 ], [ -71.488129112, -29.069199404 ], [ -71.488127901, -29.069201608999901 ], [ -71.488126958999899, -29.069203679999902 ], [ -71.488126139, -29.0692058019999 ], [ -71.488125415999903, -29.069207959 ], [ -71.488124768, -29.0692101389999 ], [ -71.488123652999903, -29.069214555 ], [ -71.488123204, -29.069216777999898 ], [ -71.488122863999905, -29.069218995 ], [ -71.488122672, -29.069221201999898 ], [ -71.488122664999906, -29.069223263 ], [ -71.488122855, -29.0692253 ], [ -71.488123184, -29.069226964999899 ], [ -71.488123669999894, -29.069228597999899 ], [ -71.488124684, -29.069230966 ], [ -71.488125995, -29.069233246 ], [ -71.488127403, -29.069235240999902 ], [ -71.488128961, -29.069237182999899 ], [ -71.488130618999904, -29.069239090999901 ], [ -71.488135817999904, -29.069244781 ], [ -71.488137587, -29.069246786999901 ], [ -71.488141002, -29.0692508879999 ], [ -71.488142645, -29.069252979999899 ], [ -71.488144236, -29.069255101 ], [ -71.488145768, -29.0692572529999 ], [ -71.48814723, -29.069259433 ], [ -71.488149994, -29.069263861 ], [ -71.488153838999906, -29.069270248999899 ], [ -71.488155191, -29.069272295 ], [ -71.488156638, -29.0692742529999 ], [ -71.488158223, -29.069276088 ], [ -71.488159286, -29.069277133999901 ], [ -71.488160422, -29.069278107999899 ], [ -71.488161659, -29.0692790209999 ], [ -71.488162973, -29.069279848 ], [ -71.4881653959999, -29.069281071 ], [ -71.488167991999902, -29.069282066 ], [ -71.488170361, -29.069282767999901 ], [ -71.48817281, -29.069283343999899 ], [ -71.488175317999904, -29.069283814 ], [ -71.488177869, -29.069284194 ], [ -71.488180691, -29.069284525999901 ], [ -71.4881863479999, -29.069285099 ], [ -71.488189134, -29.069285437 ], [ -71.488191852999904, -29.069285874999899 ], [ -71.488193667, -29.06928626 ], [ -71.488195417, -29.069286722999902 ], [ -71.488197178999897, -29.0692872999999 ], [ -71.488198832, -29.069287963 ], [ -71.488200613999894, -29.069288851 ], [ -71.488202168, -29.069289839 ], [ -71.488203435999907, -29.069290914 ], [ -71.488204119, -29.069291713 ], [ -71.488204601999897, -29.069292541 ], [ -71.488204853999903, -29.0692933559999 ], [ -71.488204894, -29.069293939 ], [ -71.488204636, -29.069295015 ], [ -71.488204061, -29.069295897 ], [ -71.488203203, -29.069296696 ], [ -71.488201712, -29.069297596999899 ], [ -71.488200048, -29.069298278 ], [ -71.488198167999897, -29.069298832 ], [ -71.488195780999902, -29.069299341 ], [ -71.488193237, -29.069299745 ], [ -71.488182335, -29.069301074 ], [ -71.488179362, -29.069301531 ], [ -71.488176402, -29.069302064999899 ], [ -71.488173462, -29.0693026709999 ], [ -71.488170552, -29.069303351 ], [ -71.488167679, -29.069304111999902 ], [ -71.488164853999905, -29.06930497 ], [ -71.488162799, -29.069305679 ], [ -71.488160778, -29.0693064509999 ], [ -71.488157633999904, -29.069307808 ], [ -71.488155325, -29.069308912999901 ], [ -71.488148514, -29.069312376 ], [ -71.48814623, -29.069313484 ], [ -71.48814391, -29.069314517999899 ], [ -71.488141807, -29.069315353 ], [ -71.488139664999906, -29.069316101 ], [ -71.488137486, -29.0693167589999 ], [ -71.488135589, -29.069317251 ], [ -71.488133671, -29.069317681 ], [ -71.488130984, -29.069318194999902 ], [ -71.488117191999905, -29.069320379 ], [ -71.488114394, -29.069320892 ], [ -71.488111609, -29.069321461 ], [ -71.488109498, -29.069321935999898 ], [ -71.488105312, -29.069322991 ], [ -71.488094803, -29.069325912999901 ], [ -71.488092168, -29.0693265529999 ], [ -71.488089411, -29.069327114 ], [ -71.488086635999906, -29.069327539 ], [ -71.488084592, -29.069327748 ], [ -71.488082542, -29.069327866 ], [ -71.488080490999906, -29.069327889 ], [ -71.4880784489999, -29.069327814 ], [ -71.488076411999899, -29.069327642 ], [ -71.488074387, -29.069327378 ], [ -71.488072163, -29.069326979 ], [ -71.488069955999904, -29.069326482999902 ], [ -71.48806777, -29.069325901 ], [ -71.488065602999896, -29.069325244 ], [ -71.488063278, -29.069324459 ], [ -71.488056343, -29.069321955 ], [ -71.488054002999903, -29.0693211789999 ], [ -71.488050713999897, -29.0693202419999 ], [ -71.488047960999907, -29.069319607 ], [ -71.4880451719999, -29.069319079 ], [ -71.488042510999904, -29.069318662999901 ], [ -71.488034488, -29.0693175759999 ], [ -71.488031835999905, -29.069317154 ], [ -71.488029034, -29.069316608 ], [ -71.488026286, -29.069315946 ], [ -71.488023615, -29.069315151 ], [ -71.488021284999903, -29.069314295 ], [ -71.488019057, -29.069313306 ], [ -71.488016956, -29.069312173 ], [ -71.488015592999901, -29.069311297999899 ], [ -71.488014316, -29.069310344 ], [ -71.488013133, -29.069309304999901 ], [ -71.488012059, -29.069308184 ], [ -71.4880112069999, -29.069307119 ], [ -71.488010452, -29.069305992 ], [ -71.488009343, -29.069303831 ], [ -71.488008485, -29.069301423999899 ], [ -71.488007854, -29.069298902 ], [ -71.488007383, -29.069296296999902 ], [ -71.488007019999898, -29.069293635 ], [ -71.488005938, -29.069282764 ], [ -71.488005624, -29.069280068 ], [ -71.488005237, -29.069277422 ], [ -71.488004846, -29.069275300999902 ], [ -71.488004382, -29.069273252999899 ], [ -71.48800384, -29.069271306 ], [ -71.488003211, -29.069269494 ], [ -71.488002482, -29.069267864 ], [ -71.488001832, -29.069266748 ], [ -71.48800112, -29.069265808 ], [ -71.488000435999894, -29.06926514 ], [ -71.48799973, -29.069264663 ], [ -71.487998984999905, -29.069264398 ], [ -71.487998403999896, -29.0692643789999 ], [ -71.487997999, -29.069264486999899 ], [ -71.487997671, -29.069264674 ], [ -71.487997129999897, -29.069265297 ], [ -71.487996726999896, -29.069266378999899 ], [ -71.487996561, -29.069267634 ], [ -71.487996546, -29.069269076999898 ], [ -71.487996983, -29.069275196 ], [ -71.487997022999906, -29.069277416 ], [ -71.487996901, -29.069279674 ], [ -71.487996612, -29.069281714999899 ], [ -71.487996144, -29.069283744 ], [ -71.4879955279999, -29.069285647 ], [ -71.487994762, -29.0692875149999 ], [ -71.487993855, -29.069289340999902 ], [ -71.487992704, -29.069291295 ], [ -71.487991409999907, -29.069293183 ], [ -71.487989986999906, -29.069294995999901 ], [ -71.48798844, -29.069296724 ], [ -71.487986763, -29.069298349 ], [ -71.487984801, -29.069299965 ], [ -71.487982686999899, -29.0693014249999 ], [ -71.487980283, -29.069302794 ], [ -71.487977759, -29.069303994999899 ], [ -71.487975534, -29.0693049129999 ], [ -71.487971066999904, -29.069306611999899 ], [ -71.487968907, -29.069307481 ], [ -71.487966854, -29.069308417999899 ], [ -71.487965508999906, -29.069309142 ], [ -71.487964261999906, -29.069309932 ], [ -71.487962463, -29.069311406999901 ], [ -71.487961548, -29.069312425 ], [ -71.487960812, -29.069313513999901 ], [ -71.48796006, -29.069315328 ], [ -71.487959831, -29.069316984 ], [ -71.48795996, -29.069318473 ], [ -71.487960379999905, -29.069319959 ], [ -71.487960989, -29.069321279999901 ], [ -71.487961792, -29.069322570999901 ], [ -71.487963091, -29.069324184 ], [ -71.487964636, -29.069325717 ], [ -71.487966421, -29.06932718 ], [ -71.487968383999899, -29.069328544 ], [ -71.487970748, -29.069329954 ], [ -71.487973247, -29.069331265 ], [ -71.487975842, -29.069332496999898 ], [ -71.487978504, -29.069333664999899 ], [ -71.487981208, -29.069334775999899 ], [ -71.487983938999903, -29.069335835999901 ], [ -71.487991549, -29.069338688 ], [ -71.487993942999907, -29.069339686 ], [ -71.487996192, -29.0693407599999 ], [ -71.487998236, -29.069341947999899 ], [ -71.487999504999905, -29.0693428669999 ], [ -71.48800061, -29.069343865999901 ], [ -71.488001615, -29.069345070999901 ], [ -71.488002354999907, -29.069346364999902 ], [ -71.488002722, -29.069347405 ], [ -71.48800291, -29.069348476 ], [ -71.488002909, -29.0693496929999 ], [ -71.488002692999899, -29.069350911999901 ], [ -71.488002109, -29.0693524779999 ], [ -71.488001214999898, -29.069353994 ], [ -71.48800017, -29.0693553 ], [ -71.487998934, -29.069356543 ], [ -71.487997534, -29.069357716 ], [ -71.487995959, -29.069358839 ], [ -71.487994263, -29.069359891 ], [ -71.487992471, -29.069360877999902 ], [ -71.487989953, -29.069362107 ], [ -71.487987338, -29.069363254999899 ], [ -71.487981937, -29.069365391 ], [ -71.487976433, -29.069367402 ], [ -71.487971270999907, -29.069369212 ], [ -71.487966469999904, -29.069370811999899 ], [ -71.487964061999904, -29.069371558999901 ], [ -71.48796164, -29.069372250999901 ], [ -71.4879588269999, -29.06937296 ], [ -71.48795599, -29.069373554 ], [ -71.487953166999901, -29.069374011 ], [ -71.487950323, -29.069374345 ], [ -71.487947463999902, -29.06937456 ], [ -71.487944421999899, -29.069374663 ], [ -71.487941372, -29.069374670999899 ], [ -71.487929134999902, -29.069374358999902 ], [ -71.487926078, -29.069374328 ], [ -71.487923521, -29.069374355 ], [ -71.487920972, -29.069374441 ], [ -71.487918431, -29.0693745959999 ], [ -71.487916367, -29.069374778999901 ], [ -71.487914313, -29.069375018 ], [ -71.487912271, -29.069375315999899 ], [ -71.487909429, -29.0693758369999 ], [ -71.487906622, -29.069376479 ], [ -71.487903306, -29.069377406999902 ], [ -71.487900587, -29.069378295 ], [ -71.487897898, -29.069379264 ], [ -71.487895237, -29.0693803 ], [ -71.487892605, -29.069381391 ], [ -71.487890002, -29.069382537 ], [ -71.487887435999895, -29.0693837379999 ], [ -71.487884917, -29.069385004 ], [ -71.487882457999902, -29.069386353 ], [ -71.487880538, -29.069387508 ], [ -71.487878671, -29.06938873 ], [ -71.487877267, -29.069389719999901 ], [ -71.487875894, -29.0693907469999 ], [ -71.487873822, -29.069392402999899 ], [ -71.487871807, -29.069394116999899 ], [ -71.487869835, -29.069395879 ], [ -71.487867901999905, -29.069397675999902 ], [ -71.487864136, -29.069401357999901 ], [ -71.487862305, -29.0694032389999 ], [ -71.487859138, -29.06940667 ], [ -71.487851809999896, -29.06941518 ], [ -71.487850188, -29.069416924999899 ], [ -71.487848497, -29.069418598 ], [ -71.487846722, -29.069420201 ], [ -71.487845047999897, -29.069421577999901 ], [ -71.487843314, -29.0694228999999 ], [ -71.487841525, -29.069424168999898 ], [ -71.487839688, -29.0694253899999 ], [ -71.48783753, -29.069426738999901 ], [ -71.487830967, -29.06943067 ], [ -71.487828831999906, -29.069432021999901 ], [ -71.487826771, -29.069433439 ], [ -71.487824705, -29.06943504 ], [ -71.487822787, -29.06943676 ], [ -71.487821315, -29.069438303 ], [ -71.487819962999893, -29.069439932 ], [ -71.487818546, -29.069441907999899 ], [ -71.487817249, -29.069443955999901 ], [ -71.487816036, -29.069446054 ], [ -71.487814885, -29.069448178999899 ], [ -71.487812574, -29.069452704 ], [ -71.487811480999895, -29.069455095 ], [ -71.487810576999905, -29.069457491 ], [ -71.487809967, -29.069459906 ], [ -71.487809785, -29.069461471 ], [ -71.487809785, -29.069463039 ], [ -71.48780995, -29.069464475 ], [ -71.487810260999893, -29.069465904 ], [ -71.487811063, -29.069468266999898 ], [ -71.487812134, -29.069470606 ], [ -71.487813399999894, -29.0694729269999 ], [ -71.4878148, -29.069475231999899 ], [ -71.487816295999906, -29.0694775219999 ], [ -71.4878178, -29.0694797089999 ], [ -71.487819360999893, -29.069481873 ], [ -71.487820983999896, -29.069484002 ], [ -71.487822681999901, -29.069486081 ], [ -71.487824476, -29.069488087 ], [ -71.487825842999897, -29.069489476999902 ], [ -71.487827274, -29.069490809999898 ], [ -71.487828772999904, -29.069492082999901 ], [ -71.487831071, -29.06949381 ], [ -71.487833494, -29.069495401 ], [ -71.487836033, -29.069496855999901 ], [ -71.487838293, -29.069497988 ], [ -71.48784062, -29.069499019 ], [ -71.487843008, -29.069499947999901 ], [ -71.487845450999899, -29.069500768 ], [ -71.487848063999905, -29.069501505999899 ], [ -71.487850715, -29.069502139999901 ], [ -71.487858113, -29.069503633 ], [ -71.487860511999898, -29.069504172999899 ], [ -71.487862832, -29.069504800999901 ], [ -71.487864632, -29.069505404 ], [ -71.487866338999893, -29.069506101999899 ], [ -71.487868531999894, -29.069507256 ], [ -71.487870299999898, -29.069508503 ], [ -71.487871772999895, -29.069509905 ], [ -71.487872774, -29.069511239999901 ], [ -71.487873471999904, -29.069512655 ], [ -71.487873786, -29.069513809999901 ], [ -71.487873878999906, -29.069514981999902 ], [ -71.487873637999897, -29.069516572999898 ], [ -71.487873221, -29.06951765 ], [ -71.487872575, -29.069518737 ], [ -71.487871744999893, -29.0695197749999 ], [ -71.487870045, -29.069521387 ], [ -71.487868058999894, -29.069522922 ], [ -71.487863712, -29.0695259989999 ], [ -71.487862072, -29.069527243 ], [ -71.487860488, -29.069528558999899 ], [ -71.487858692, -29.06953026 ], [ -71.487857146, -29.069531974 ], [ -71.487856098999899, -29.069533309999901 ], [ -71.48785513, -29.069534696999899 ], [ -71.487853867999902, -29.069536749999902 ], [ -71.487852704, -29.069538864 ], [ -71.48785048, -29.069543161999899 ], [ -71.487849323, -29.069545295999902 ], [ -71.487848163, -29.06954725 ], [ -71.48784691, -29.069549153 ], [ -71.487845554, -29.0695509879999 ], [ -71.487843969, -29.069552862 ], [ -71.487842246999904, -29.069554626999899 ], [ -71.487840387999896, -29.069556265 ], [ -71.487838395, -29.069557769 ], [ -71.487836254999905, -29.069559136 ], [ -71.487833998, -29.069560349 ], [ -71.487832199, -29.069561169999901 ], [ -71.487830343, -29.069561898 ], [ -71.487828093, -29.069562640999902 ], [ -71.487825787, -29.0695632659999 ], [ -71.487823434999896, -29.069563773 ], [ -71.487820703, -29.06956421 ], [ -71.487817935, -29.0695645119999 ], [ -71.487815142, -29.0695646889999 ], [ -71.487812479999903, -29.069564747 ], [ -71.48780981, -29.069564716999899 ], [ -71.487806960999905, -29.069564608 ], [ -71.48779559, -29.069563897 ], [ -71.487789979999903, -29.069563592 ], [ -71.487781552999905, -29.069563251 ], [ -71.487775928, -29.069563128 ], [ -71.487770135999895, -29.069563124 ], [ -71.487764335, -29.069563224 ], [ -71.487758524999904, -29.069563434 ], [ -71.487752718, -29.069563808999899 ], [ -71.487748235, -29.069564273 ], [ -71.487743307999907, -29.069564982 ], [ -71.487738460999907, -29.069565869 ], [ -71.487736088, -29.069566381 ], [ -71.487733796, -29.06956694 ], [ -71.487731574, -29.069567569999901 ], [ -71.487729451, -29.0695682919999 ], [ -71.487727456999906, -29.069569136 ], [ -71.48772616, -29.069569816 ], [ -71.487724963999895, -29.069570582 ], [ -71.487723449, -29.069571853 ], [ -71.487722511, -29.069572923 ], [ -71.487721362999906, -29.069574841 ], [ -71.487720655, -29.069576896999902 ], [ -71.487720303999893, -29.0695790679999 ], [ -71.487720270999901, -29.0695812979999 ], [ -71.487720549999906, -29.069583536 ], [ -71.487720974999903, -29.069585200999899 ], [ -71.487721587, -29.069586822 ], [ -71.487722393999903, -29.069588375 ], [ -71.487723506, -29.069589963999899 ], [ -71.487724847, -29.069591429 ], [ -71.487726035, -29.0695924669999 ], [ -71.487727339999907, -29.069593416 ], [ -71.487729573, -29.069594712 ], [ -71.4877319349999, -29.069595776 ], [ -71.487734436, -29.069596686999901 ], [ -71.487737100999894, -29.069597508999902 ], [ -71.487745519, -29.069599866 ], [ -71.487748419, -29.069600809999901 ], [ -71.487750865, -29.0696017389999 ], [ -71.487753224, -29.069602791 ], [ -71.487755041999904, -29.069603738999898 ], [ -71.487756776, -29.0696047829999 ], [ -71.487758852, -29.069606264 ], [ -71.487760752, -29.069607898999902 ], [ -71.487762260999901, -29.069609467 ], [ -71.487763607, -29.069611138 ], [ -71.487764887, -29.0696130759999 ], [ -71.487765955, -29.069615104 ], [ -71.487766823999905, -29.069617263999898 ], [ -71.48776745, -29.0696194729999 ], [ -71.48776779, -29.0696214499999 ], [ -71.4877679209999, -29.0696234239999 ], [ -71.487767866999903, -29.0696250129999 ], [ -71.487767664, -29.069626571 ], [ -71.48776721, -29.069628393999899 ], [ -71.487766522, -29.069630117 ], [ -71.487765888, -29.069631253999901 ], [ -71.48776513, -29.069632311 ], [ -71.487763668999904, -29.06963379 ], [ -71.487762533, -29.069634619999899 ], [ -71.487761431, -29.069635242999901 ], [ -71.487760249, -29.069635763 ], [ -71.487758841, -29.069636224 ], [ -71.487757362, -29.069636557 ], [ -71.487755395, -29.069636801999899 ], [ -71.487753363, -29.0696368609999 ], [ -71.487751289999906, -29.069636744 ], [ -71.487749198999893, -29.069636457999898 ], [ -71.487747102999904, -29.069636015999901 ], [ -71.48774522, -29.069635493 ], [ -71.487743353, -29.069634865 ], [ -71.487740652, -29.069633778 ], [ -71.487738003999894, -29.069632541 ], [ -71.487735341, -29.069631165 ], [ -71.4877301719999, -29.069628338 ], [ -71.487727664, -29.069627017 ], [ -71.48772522, -29.069625855 ], [ -71.487722858, -29.069624941 ], [ -71.487721145, -29.069624480999899 ], [ -71.487719528999904, -29.069624269 ], [ -71.4877181479999, -29.069624339 ], [ -71.487716829, -29.069624739999899 ], [ -71.487715922999897, -29.069625341999899 ], [ -71.487715485, -29.069625806 ], [ -71.487714955999905, -29.069626667 ], [ -71.487714602, -29.0696276689999 ], [ -71.487714351, -29.069629638 ], [ -71.487714442, -29.069631845999901 ], [ -71.487714771999904, -29.069634219 ], [ -71.487715266999899, -29.069636702 ], [ -71.487716444999904, -29.069641467999901 ], [ -71.487717092, -29.069643684 ], [ -71.487717839, -29.069645872 ], [ -71.487718726, -29.069648003999902 ], [ -71.487719669999905, -29.06964984 ], [ -71.487720779, -29.06965159 ], [ -71.487721692, -29.0696527879999 ], [ -71.487722700999896, -29.069653926999901 ], [ -71.487723855999903, -29.069655052 ], [ -71.4877251, -29.069656108999901 ], [ -71.487726927, -29.069657455 ], [ -71.487728858, -29.069658703 ], [ -71.487735591, -29.069662589 ], [ -71.487737689, -29.0696639129999 ], [ -71.487738884999899, -29.0696647689999 ], [ -71.48773999, -29.069665663 ], [ -71.487741027, -29.069666645 ], [ -71.487741921999898, -29.069667670999898 ], [ -71.48774264, -29.0696687249999 ], [ -71.487743177, -29.069669811 ], [ -71.487743585, -29.0696713369999 ], [ -71.487743625, -29.069672434 ], [ -71.487743453, -29.069673515 ], [ -71.48774285, -29.069674995 ], [ -71.487741681, -29.069676555999902 ], [ -71.487740750999905, -29.069677414999902 ], [ -71.487739675999904, -29.069678203 ], [ -71.4877385, -29.069678906 ], [ -71.487737221, -29.0696795439999 ], [ -71.487735213, -29.069680376 ], [ -71.487733078, -29.0696811289999 ], [ -71.487726478, -29.069683224999899 ], [ -71.487724371999903, -29.069683939 ], [ -71.487721060999903, -29.069685165 ], [ -71.487718773, -29.069686087 ], [ -71.487714244, -29.069688033 ], [ -71.487704521, -29.069692377 ], [ -71.487701962999907, -29.069693602 ], [ -71.487699477, -29.069694905999899 ], [ -71.487696913, -29.069696439 ], [ -71.487695524999907, -29.069697376 ], [ -71.487694179, -29.069698359 ], [ -71.48769218, -29.069699951 ], [ -71.487686992, -29.069704293 ], [ -71.487685679, -29.06970532 ], [ -71.487683542, -29.069706873 ], [ -71.487681322, -29.069708336 ], [ -71.487678979, -29.069709721 ], [ -71.487676559, -29.069711011 ], [ -71.487674066, -29.0697122179999 ], [ -71.487671521, -29.069713352 ], [ -71.487668935, -29.069714427 ], [ -71.487666315, -29.069715452 ], [ -71.487660996, -29.069717361 ], [ -71.48765609, -29.06971893 ], [ -71.487651128, -29.0697203739999 ], [ -71.487645916, -29.069721765999901 ], [ -71.487633353, -29.069724854999901 ], [ -71.487630909, -29.069725536 ], [ -71.487628501, -29.069726290999899 ], [ -71.487626685, -29.069726934999899 ], [ -71.487624900999904, -29.069727642 ], [ -71.487622654999896, -29.069728645999898 ], [ -71.487620455, -29.069729733 ], [ -71.487618284999897, -29.069730877 ], [ -71.487609221, -29.069735949999899 ], [ -71.487606877, -29.0697373409999 ], [ -71.487604589999904, -29.06973879 ], [ -71.487602803999906, -29.069740017999901 ], [ -71.487601084999895, -29.069741307999902 ], [ -71.48759976, -29.069742397 ], [ -71.48759849, -29.069743532 ], [ -71.487596670999906, -29.069745349999899 ], [ -71.487594991, -29.069747269999901 ], [ -71.487593835, -29.069748768 ], [ -71.487592756, -29.069750315 ], [ -71.487591753999894, -29.069751907 ], [ -71.487590769, -29.069753639999899 ], [ -71.487589854, -29.069755411 ], [ -71.487589, -29.069757212 ], [ -71.487587925, -29.069759682 ], [ -71.487583846999897, -29.0697697169999 ], [ -71.487579631, -29.069778977999899 ], [ -71.487578754, -29.069781113 ], [ -71.487578002, -29.06978322 ], [ -71.487577372, -29.069785348 ], [ -71.487576839, -29.069787693 ], [ -71.48757647, -29.069790044999898 ], [ -71.487576277, -29.069792223 ], [ -71.487576229999902, -29.069794381 ], [ -71.487576332999893, -29.069796503 ], [ -71.487576608, -29.0697985699999 ], [ -71.487577084, -29.069800557 ], [ -71.487577889, -29.069802626 ], [ -71.487579022, -29.069804512 ], [ -71.487580233999907, -29.069805893 ], [ -71.48758207, -29.069807352999899 ], [ -71.487583324, -29.069808087 ], [ -71.487584674999894, -29.069808717999901 ], [ -71.487586235, -29.069809291 ], [ -71.487587877, -29.069809753 ], [ -71.487590081, -29.069810197 ], [ -71.487592365999902, -29.06981049 ], [ -71.48759484, -29.069810657999898 ], [ -71.487597359999896, -29.069810705 ], [ -71.4876001, -29.069810654 ], [ -71.487608179999896, -29.0698102859999 ], [ -71.487613137, -29.069810167 ], [ -71.487615552, -29.069810167 ], [ -71.487620368, -29.069810253999901 ], [ -71.487623306, -29.069810361999899 ], [ -71.487626225, -29.069810526 ], [ -71.487629120999898, -29.069810769999901 ], [ -71.487631302, -29.0698110239999 ], [ -71.48763346, -29.069811343 ], [ -71.487636187, -29.069811850999901 ], [ -71.487638867, -29.069812442999901 ], [ -71.48764364, -29.069813586 ], [ -71.487645995, -29.0698140699999 ], [ -71.487648346, -29.069814404999899 ], [ -71.487649651, -29.069814499 ], [ -71.487651904, -29.069814473999902 ], [ -71.487653521, -29.069814304 ], [ -71.487655128, -29.069814016 ], [ -71.487657468, -29.069813404999898 ], [ -71.487659795, -29.069812630999898 ], [ -71.487666848999893, -29.069809909999901 ], [ -71.487669019, -29.0698091269999 ], [ -71.487671225, -29.0698083999999 ], [ -71.487673467, -29.069807739999899 ], [ -71.487675903, -29.069807123 ], [ -71.48767837, -29.069806596 ], [ -71.48768086, -29.069806157999899 ], [ -71.487683617999906, -29.069805785 ], [ -71.487686379, -29.069805527 ], [ -71.487689126, -29.069805393 ], [ -71.487691839, -29.069805403 ], [ -71.487694317, -29.0698055679999 ], [ -71.487696716999906, -29.069805905 ], [ -71.487698666, -29.069806345 ], [ -71.487700512999893, -29.069806941 ], [ -71.487701973, -29.069807574 ], [ -71.487703323999895, -29.069808329999901 ], [ -71.487704992, -29.069809585 ], [ -71.48770638, -29.069811057 ], [ -71.487707311, -29.069812458999898 ], [ -71.487707985, -29.069813933 ], [ -71.487708435999906, -29.069815492 ], [ -71.487708650999906, -29.069816923 ], [ -71.487708703, -29.069818387999899 ], [ -71.487708572, -29.069820089 ], [ -71.487708255, -29.0698217999999 ], [ -71.487707709999896, -29.069823673 ], [ -71.487706978999896, -29.069825523 ], [ -71.487706074, -29.069827335 ], [ -71.487704815, -29.069829362 ], [ -71.4877033449999, -29.069831295 ], [ -71.487702087999907, -29.069832692 ], [ -71.487700724, -29.069834023999899 ], [ -71.487699264, -29.069835289 ], [ -71.487696989, -29.069837016999902 ], [ -71.487694589999904, -29.069838645999901 ], [ -71.487687135, -29.069843331 ], [ -71.487684679, -29.069844958 ], [ -71.487682293, -29.069846647 ], [ -71.487680001999905, -29.069848415 ], [ -71.487678053, -29.069850076 ], [ -71.487676215, -29.069851818 ], [ -71.487675079, -29.069853006999899 ], [ -71.487673997999906, -29.069854232999901 ], [ -71.487672706, -29.069855834999899 ], [ -71.487671495, -29.069857483 ], [ -71.487670078999898, -29.069859589 ], [ -71.487666061, -29.069865996 ], [ -71.487664660999897, -29.069868068999899 ], [ -71.487663155999897, -29.069870059 ], [ -71.487662106, -29.069871282999902 ], [ -71.487660987, -29.069872448999899 ], [ -71.487659836, -29.069873518 ], [ -71.487658616, -29.069874523 ], [ -71.487657294, -29.069875486999901 ], [ -71.487655904999897, -29.069876378999901 ], [ -71.487654603, -29.069877124 ], [ -71.487653258, -29.069877816 ], [ -71.487651050999901, -29.069878823 ], [ -71.4876442, -29.069881574 ], [ -71.4876419349999, -29.069882541 ], [ -71.487639954, -29.069883484999899 ], [ -71.487638034, -29.06988452 ], [ -71.487636073, -29.069885728 ], [ -71.487633797999905, -29.069887332999901 ], [ -71.487631617, -29.069889052999901 ], [ -71.487629506, -29.069890857 ], [ -71.487627451, -29.069892719999899 ], [ -71.48762563, -29.069894446 ], [ -71.487623861, -29.069896211 ], [ -71.487622162, -29.069898023 ], [ -71.487620557999904, -29.069899898 ], [ -71.487619568999904, -29.069901172 ], [ -71.487618636, -29.0699024799999 ], [ -71.487617682999897, -29.069903951 ], [ -71.4876168, -29.069905459 ], [ -71.487615562, -29.069907838999899 ], [ -71.487614428, -29.069910271 ], [ -71.487611242, -29.0699176799999 ], [ -71.487610125999893, -29.069920124 ], [ -71.487609077999906, -29.069922222999899 ], [ -71.487607945, -29.069924274999899 ], [ -71.48760671, -29.069926268 ], [ -71.487605441, -29.069928069 ], [ -71.487604062999907, -29.069929795999901 ], [ -71.487602571, -29.069931438 ], [ -71.487601395999903, -29.069932583 ], [ -71.487600157, -29.069933671999902 ], [ -71.487598541, -29.069934933 ], [ -71.487596835, -29.0699360999999 ], [ -71.487594916, -29.069937244999899 ], [ -71.487592913, -29.069938286 ], [ -71.487591218, -29.069939064 ], [ -71.487589483, -29.069939785 ], [ -71.487586817, -29.06994078 ], [ -71.487581415, -29.0699426639999 ], [ -71.487578744, -29.069943663999901 ], [ -71.487576487999902, -29.069944615999901 ], [ -71.487574294999902, -29.0699456689999 ], [ -71.487572434999905, -29.069946689999899 ], [ -71.487570634, -29.069947791999901 ], [ -71.487568327, -29.06994936 ], [ -71.487559792999903, -29.069955698999902 ], [ -71.487557928999905, -29.069956982999901 ], [ -71.487556019, -29.069958205 ], [ -71.487553689, -29.069959551999901 ], [ -71.487551278, -29.069960778999899 ], [ -71.487548919999895, -29.0699618199999 ], [ -71.487546499, -29.069962747 ], [ -71.487544024, -29.069963562999899 ], [ -71.487541417, -29.069964287999898 ], [ -71.487538765999901, -29.0699649059999 ], [ -71.487536082, -29.0699654219999 ], [ -71.487533711, -29.069965794 ], [ -71.487531320999906, -29.069966097 ], [ -71.487528918, -29.069966337 ], [ -71.487525875999907, -29.06996656 ], [ -71.487519759999898, -29.069966830999899 ], [ -71.487507479, -29.069967168999899 ], [ -71.487501591, -29.069967431999899 ], [ -71.487487496, -29.069968337 ], [ -71.487476344, -29.06996895 ], [ -71.487473582999897, -29.069969143 ], [ -71.487470836999904, -29.069969394999902 ], [ -71.487468114, -29.069969734 ], [ -71.487465501, -29.069970176 ], [ -71.487462928, -29.069970736 ], [ -71.487460406, -29.069971424 ], [ -71.487458241999903, -29.069972144 ], [ -71.487456137, -29.069972974999899 ], [ -71.487454097999901, -29.069973918999899 ], [ -71.487452664, -29.069974683999899 ], [ -71.487451275, -29.069975513 ], [ -71.48744987, -29.069976449 ], [ -71.487448518999898, -29.069977448 ], [ -71.487446551999895, -29.069979084 ], [ -71.487444674999907, -29.069980820999898 ], [ -71.487442862, -29.06998263 ], [ -71.487441094, -29.069984486 ], [ -71.487437556, -29.069988371 ], [ -71.487435806, -29.069990392 ], [ -71.487434140999895, -29.069992439 ], [ -71.487432605, -29.069994521999899 ], [ -71.487431257, -29.069996659 ], [ -71.487430194, -29.0699987859999 ], [ -71.487429410999894, -29.07000097 ], [ -71.487428952, -29.070003181999901 ], [ -71.487428822, -29.070005416999901 ], [ -71.487429006999903, -29.070007501 ], [ -71.487429466, -29.07000957 ], [ -71.487430237999902, -29.070011748999899 ], [ -71.487431258999905, -29.070013883999898 ], [ -71.487432546, -29.070016064999901 ], [ -71.487434000999897, -29.070018204999901 ], [ -71.487435574, -29.070020312999901 ], [ -71.487437227, -29.0700224 ], [ -71.487445871, -29.070032737 ], [ -71.487449215, -29.070036935 ], [ -71.487452355999906, -29.070041236999899 ], [ -71.487458097999905, -29.070049685999901 ], [ -71.487459577, -29.0700517679999 ], [ -71.487461216, -29.070053956 ], [ -71.487464632, -29.070058252 ], [ -71.487471647999897, -29.07006674 ], [ -71.487475118, -29.070071083 ], [ -71.487480209999902, -29.070077774 ], [ -71.487490228, -29.070091252999902 ], [ -71.487493630999893, -29.070095704 ], [ -71.48749537, -29.070097905 ], [ -71.487498632, -29.070101821 ], [ -71.48750169, -29.070105242999901 ], [ -71.487503405, -29.0701070809999 ], [ -71.487516896, -29.070121155 ], [ -71.487528112999897, -29.070132588 ], [ -71.487531727, -29.070136461999901 ], [ -71.487536948, -29.070142381 ], [ -71.487540349, -29.070146381 ], [ -71.487543694, -29.070150419 ], [ -71.487546967999904, -29.070154502 ], [ -71.487554895999907, -29.070164742 ], [ -71.487558206, -29.070168735 ], [ -71.48756007, -29.0701708 ], [ -71.48756201, -29.070172808999899 ], [ -71.487563931999901, -29.070174665 ], [ -71.48756592, -29.070176467 ], [ -71.487567973, -29.070178214999899 ], [ -71.487570096, -29.070179915 ], [ -71.487572272, -29.070181567 ], [ -71.487574491, -29.070183175999901 ], [ -71.487579043, -29.070186279 ], [ -71.487584040999906, -29.070189426 ], [ -71.487594199999904, -29.070195543999901 ], [ -71.487607534999896, -29.070203674 ], [ -71.48760978, -29.070204999999898 ], [ -71.487614416, -29.070207641 ], [ -71.487619116, -29.070210190999902 ], [ -71.487621717, -29.0702115469999 ], [ -71.487626970999898, -29.070214172 ], [ -71.487629624, -29.070215436999899 ], [ -71.487632299, -29.070216661 ], [ -71.487635000999902, -29.070217831 ], [ -71.487637736999901, -29.07021893 ], [ -71.487639548999894, -29.070219599 ], [ -71.487643535, -29.0702209099999 ], [ -71.487647906999896, -29.070222137 ], [ -71.487653403, -29.070223456 ], [ -71.487656173999895, -29.070224056 ], [ -71.487661752, -29.0702251609999 ], [ -71.487667369999897, -29.070226147 ], [ -71.487673194, -29.070227030999899 ], [ -71.487681967999904, -29.070228281 ], [ -71.487687802, -29.070229207999901 ], [ -71.487690786, -29.070229761 ], [ -71.487693748, -29.070230379 ], [ -71.487696678, -29.070231072999899 ], [ -71.487699562, -29.070231861 ], [ -71.48770238, -29.070232771999901 ], [ -71.487704133, -29.070233435 ], [ -71.487705842, -29.070234168 ], [ -71.487707609, -29.0702350299999 ], [ -71.487709309, -29.070235978 ], [ -71.487710673, -29.070236838 ], [ -71.487711982999897, -29.070237753 ], [ -71.487713943, -29.070239316 ], [ -71.487715753, -29.0702409969999 ], [ -71.487717577999902, -29.070242984999901 ], [ -71.4877191799999, -29.070245078 ], [ -71.487720518999893, -29.07024726 ], [ -71.48772129, -29.070248894 ], [ -71.487721867999895, -29.070250562 ], [ -71.487722167999905, -29.070251889 ], [ -71.487722324999893, -29.070253226 ], [ -71.487722292999905, -29.070255026 ], [ -71.487721989, -29.070256811 ], [ -71.487721458, -29.070258461 ], [ -71.487720713, -29.070260072999901 ], [ -71.487719769, -29.070261643 ], [ -71.487718657999906, -29.070263165 ], [ -71.487717109, -29.070264968999901 ], [ -71.487715403, -29.0702667159999 ], [ -71.487708284999897, -29.0702732899999 ], [ -71.487706606, -29.07027498 ], [ -71.487705013, -29.070276728 ], [ -71.487703384, -29.070278714 ], [ -71.487701876999907, -29.0702807659999 ], [ -71.487700451, -29.07028294 ], [ -71.487699151999905, -29.070285167 ], [ -71.487697984, -29.070287439 ], [ -71.487696964999898, -29.070289753999901 ], [ -71.487696165, -29.070291965 ], [ -71.487695539, -29.070294208 ], [ -71.487695125999906, -29.070296341 ], [ -71.487694888, -29.0702984929999 ], [ -71.487694829, -29.070300635 ], [ -71.487694932, -29.070302782999899 ], [ -71.487695179999903, -29.07030493 ], [ -71.487695547, -29.070306979999899 ], [ -71.487696022, -29.07030902 ], [ -71.487696591, -29.070311052 ], [ -71.487697243999904, -29.070313070999902 ], [ -71.487698193, -29.070315626 ], [ -71.487699246, -29.070318157 ], [ -71.487700387, -29.070320664 ], [ -71.48770152, -29.0703229719999 ], [ -71.487703945, -29.070327516 ], [ -71.487706338, -29.070331584 ], [ -71.487707496, -29.070333386 ], [ -71.487708719999901, -29.070335140999902 ], [ -71.487710029, -29.070336831 ], [ -71.487711474, -29.070338471 ], [ -71.487713038, -29.070340014 ], [ -71.48771463, -29.070341374999899 ], [ -71.487716320999894, -29.070342643999901 ], [ -71.487718099999896, -29.070343824 ], [ -71.487720404, -29.070345161 ], [ -71.4877228, -29.070346389999902 ], [ -71.487725267, -29.0703475339999 ], [ -71.487727788, -29.070348607 ], [ -71.487730349999893, -29.070349615999898 ], [ -71.487732945999895, -29.07035056 ], [ -71.487735573999899, -29.0703514329999 ], [ -71.487738232, -29.070352224 ], [ -71.487740926, -29.070352910999901 ], [ -71.487743177, -29.070353385 ], [ -71.487745451, -29.070353780999898 ], [ -71.4877477429999, -29.0703541039999 ], [ -71.487750051, -29.07035436 ], [ -71.487752869, -29.070354586999901 ], [ -71.487755698999905, -29.070354746 ], [ -71.4877642, -29.070355113999899 ], [ -71.4877670179999, -29.07035529 ], [ -71.487769742999902, -29.070355531 ], [ -71.48777244, -29.0703558599999 ], [ -71.487775096999897, -29.070356296999901 ], [ -71.487777735, -29.070356875 ], [ -71.487780304, -29.070357599 ], [ -71.487782785, -29.070358482 ], [ -71.487784789, -29.070359365999899 ], [ -71.487786701999894, -29.070360380999901 ], [ -71.48778828, -29.070361369999901 ], [ -71.487789775, -29.070362456999899 ], [ -71.487791349, -29.070363789999899 ], [ -71.487792818999907, -29.070365226 ], [ -71.487794193, -29.070366749999899 ], [ -71.487795632, -29.070368551999898 ], [ -71.487796989999893, -29.07037042 ], [ -71.487800906, -29.070376186 ], [ -71.487802254, -29.070378091999899 ], [ -71.487803846, -29.070380181 ], [ -71.487805535999897, -29.070382207 ], [ -71.487807194, -29.070384015999899 ], [ -71.487808927999893, -29.070385767999898 ], [ -71.487814498, -29.070391057999899 ], [ -71.487816258999899, -29.070392865 ], [ -71.487817553999903, -29.070394339 ], [ -71.48781875, -29.070395867999899 ], [ -71.487820149, -29.070397976 ], [ -71.487820969, -29.070399457 ], [ -71.48782169, -29.070400978999899 ], [ -71.487822369, -29.070402699999899 ], [ -71.487822938, -29.070404459 ], [ -71.48782355, -29.0704068329999 ], [ -71.487825004999905, -29.070414094999901 ], [ -71.487825563999905, -29.070416504 ], [ -71.487826218999899, -29.070418756 ], [ -71.487827025999906, -29.070420962 ], [ -71.487827707999898, -29.070422498 ], [ -71.487828475, -29.070423999 ], [ -71.487829765999905, -29.070426176999899 ], [ -71.48783121, -29.070428272999902 ], [ -71.487832792999896, -29.070430283999901 ], [ -71.487834514, -29.07043219 ], [ -71.487836381, -29.0704339669999 ], [ -71.487838059, -29.070435324 ], [ -71.487839853, -29.070436554 ], [ -71.487842174, -29.070437856 ], [ -71.487844641, -29.070438958 ], [ -71.487847117999905, -29.070439830999899 ], [ -71.487849683, -29.070440548 ], [ -71.487852317, -29.070441133 ], [ -71.4878547819999, -29.0704415669999 ], [ -71.48785728, -29.07044192 ], [ -71.487862341, -29.070442449 ], [ -71.48786489, -29.070442646999901 ], [ -71.487876129, -29.070443334999901 ], [ -71.487878904, -29.070443567 ], [ -71.487881645999906, -29.070443871 ], [ -71.487884342, -29.070444282 ], [ -71.487886315, -29.07044468 ], [ -71.487888246, -29.070445165 ], [ -71.4878901229999, -29.070445746 ], [ -71.487891923999896, -29.070446428 ], [ -71.487893649999904, -29.070447219999899 ], [ -71.487895311, -29.0704481409999 ], [ -71.487896874999905, -29.070449182999901 ], [ -71.487898518, -29.070450508 ], [ -71.487900028, -29.070451966999901 ], [ -71.487901410999896, -29.070453538 ], [ -71.487902692, -29.070455197999902 ], [ -71.487904042, -29.070457141 ], [ -71.487906654, -29.070461097 ], [ -71.487908016999896, -29.070463026 ], [ -71.487909137, -29.070464456 ], [ -71.487910329, -29.070465817999899 ], [ -71.487911599, -29.070467092999898 ], [ -71.487912794, -29.070468129999899 ], [ -71.487914055, -29.070469075999899 ], [ -71.487915861, -29.070470188999899 ], [ -71.487917774, -29.070471095999899 ], [ -71.487920179999904, -29.0704718769999 ], [ -71.487922679999897, -29.0704723109999 ], [ -71.487925242999907, -29.070472368 ], [ -71.487927216999907, -29.070472154999901 ], [ -71.487929183999896, -29.070471741999899 ], [ -71.487930723, -29.070471285999901 ], [ -71.487932246999904, -29.070470731999901 ], [ -71.487934805, -29.070469605 ], [ -71.48793734, -29.0704683179999 ], [ -71.487944408, -29.0704644529999 ], [ -71.487948869, -29.070462201999899 ], [ -71.4879513449999, -29.070461053 ], [ -71.487953849999897, -29.070459958999901 ], [ -71.487956380999904, -29.070458921999901 ], [ -71.487958937, -29.070457952 ], [ -71.487961519, -29.0704570619999 ], [ -71.487964132999906, -29.070456271 ], [ -71.487966088, -29.070455761999899 ], [ -71.487968063, -29.070455325999902 ], [ -71.487969817, -29.0704550049999 ], [ -71.487971585, -29.070454740999899 ], [ -71.487974444, -29.070454428999899 ], [ -71.487977321999907, -29.0704542289999 ], [ -71.487980214999894, -29.07045411 ], [ -71.487983118, -29.070454054 ], [ -71.487986027, -29.070454046 ], [ -71.487991855, -29.070454142 ], [ -71.487997682, -29.070454383 ], [ -71.488000402999901, -29.070454555 ], [ -71.488005835, -29.0704550039999 ], [ -71.488008544, -29.070455282 ], [ -71.488011451, -29.070455621 ], [ -71.488017251, -29.070456399 ], [ -71.488023035, -29.070457268 ], [ -71.488028802, -29.070458218999899 ], [ -71.488034544, -29.070459265999901 ], [ -71.488047533, -29.070461902 ], [ -71.488050132, -29.070462376 ], [ -71.488052734999897, -29.070462794 ], [ -71.488055408, -29.070463146999899 ], [ -71.488058086, -29.070463409999899 ], [ -71.488060765999904, -29.070463574 ], [ -71.488063446, -29.070463614999898 ], [ -71.488065493, -29.0704635509999 ], [ -71.488067536, -29.070463405999899 ], [ -71.488069574999898, -29.070463186 ], [ -71.488072111999898, -29.070462812 ], [ -71.488074645, -29.070462356999901 ], [ -71.488085145, -29.070460211999901 ], [ -71.488090733, -29.070459177 ], [ -71.488096470999906, -29.070458288999902 ], [ -71.48809935, -29.0704579269999 ], [ -71.488102236, -29.07045764 ], [ -71.488104735, -29.070457465999901 ], [ -71.488107234, -29.070457365 ], [ -71.488109731, -29.070457342999902 ], [ -71.488112218, -29.070457408 ], [ -71.488114534, -29.070457561999898 ], [ -71.488116832999907, -29.070457813 ], [ -71.488119379, -29.070458216 ], [ -71.488121889, -29.070458754999901 ], [ -71.488123921, -29.0704593049999 ], [ -71.488125915999902, -29.070459953 ], [ -71.488127748999901, -29.07046065 ], [ -71.488129543, -29.070461427999899 ], [ -71.488131795, -29.070462543 ], [ -71.488133987, -29.070463767 ], [ -71.488136475, -29.070465306 ], [ -71.488138898, -29.07046694 ], [ -71.488141263, -29.070468648 ], [ -71.488143566, -29.070470416 ], [ -71.488145795, -29.070472241999902 ], [ -71.488147926, -29.070474127 ], [ -71.488149847, -29.070475997 ], [ -71.48815161, -29.070477938 ], [ -71.488153162999893, -29.070479962 ], [ -71.488154053999907, -29.0704813739999 ], [ -71.488154801999897, -29.070482833 ], [ -71.488155276, -29.070484017999899 ], [ -71.488155643, -29.0704852289999 ], [ -71.48815601, -29.070487296 ], [ -71.488156091999898, -29.07048965 ], [ -71.488155898999906, -29.070492034 ], [ -71.488155489, -29.070494428 ], [ -71.488154903999899, -29.070496813 ], [ -71.488154162999905, -29.070499167 ], [ -71.488153269999898, -29.070501468 ], [ -71.488152213, -29.070503684 ], [ -71.488150965, -29.070505779 ], [ -71.488149721, -29.0705074329999 ], [ -71.488148292999895, -29.070508936 ], [ -71.488146834, -29.0705101419999 ], [ -71.488145222999904, -29.070511191 ], [ -71.488143572, -29.070512035 ], [ -71.488141815999896, -29.070512745 ], [ -71.488139976, -29.070513336 ], [ -71.488137458, -29.070513951 ], [ -71.488134854, -29.070514428 ], [ -71.488132192, -29.070514809 ], [ -71.488121534, -29.070515989999901 ], [ -71.488116573, -29.070516650999899 ], [ -71.488114267999904, -29.070517028 ], [ -71.488111982, -29.070517455999902 ], [ -71.488109714, -29.070517943 ], [ -71.488107326, -29.070518530999902 ], [ -71.488104968, -29.070519197 ], [ -71.488102774, -29.070519894 ], [ -71.488100608, -29.070520657 ], [ -71.488098469, -29.0705214779999 ], [ -71.488096102, -29.070522463 ], [ -71.488091434999902, -29.070524566 ], [ -71.488082466, -29.070528736 ], [ -71.4880784059999, -29.0705304959999 ], [ -71.48807592, -29.070531512999899 ], [ -71.488070901, -29.070533461 ], [ -71.488047842, -29.070542076 ], [ -71.488042591, -29.070543926 ], [ -71.488039742999902, -29.070544842999901 ], [ -71.48803687, -29.0705456929999 ], [ -71.488032403, -29.070546863999901 ], [ -71.488027390999903, -29.070547995 ], [ -71.488021843, -29.070549098999901 ], [ -71.488007905, -29.070551682 ], [ -71.487993876, -29.070554366 ], [ -71.487991058, -29.070554844 ], [ -71.4879882339999, -29.070555261 ], [ -71.487985798, -29.070555555999899 ], [ -71.487983357, -29.0705557859999 ], [ -71.48798091, -29.070555942999899 ], [ -71.487978356, -29.070556024 ], [ -71.487975799, -29.070556021 ], [ -71.4879732429999, -29.070555934 ], [ -71.487970488, -29.070555746 ], [ -71.487967738, -29.070555469999899 ], [ -71.487964992999906, -29.070555116 ], [ -71.487962088, -29.0705546629999 ], [ -71.487956291, -29.070553603 ], [ -71.48794759, -29.070551904999899 ], [ -71.487941755, -29.070550900999901 ], [ -71.487939129, -29.070550535999899 ], [ -71.487936495, -29.0705502389999 ], [ -71.487933851, -29.070550019999899 ], [ -71.487931702, -29.070549908 ], [ -71.487927398, -29.070549849 ], [ -71.487924684999896, -29.070549919 ], [ -71.487921978, -29.070550061999899 ], [ -71.487919286, -29.070550275999899 ], [ -71.487916615999893, -29.070550565 ], [ -71.487913981, -29.070550941 ], [ -71.487911395, -29.07055142 ], [ -71.4879088819999, -29.070552033 ], [ -71.487907438, -29.070552472 ], [ -71.487906036, -29.070552977 ], [ -71.487904578, -29.070553603999901 ], [ -71.487903184999894, -29.0705543199999 ], [ -71.487901181, -29.0705556039999 ], [ -71.487899371, -29.070557087999902 ], [ -71.48789773, -29.070558803 ], [ -71.487896311, -29.070560679 ], [ -71.487895084999906, -29.070562746 ], [ -71.487894078999901, -29.07056492 ], [ -71.487893288, -29.070567174 ], [ -71.487892724999895, -29.070569485 ], [ -71.487892415, -29.070571855 ], [ -71.487892378, -29.070574247 ], [ -71.487892566, -29.070576248999899 ], [ -71.487892938999906, -29.070578245 ], [ -71.487893616999898, -29.070580694999901 ], [ -71.487894464, -29.070583131 ], [ -71.487896109, -29.070587264 ], [ -71.487897851999904, -29.070591383 ], [ -71.4878989219999, -29.070593772999899 ], [ -71.487900055, -29.070596117 ], [ -71.487901289, -29.070598389999901 ], [ -71.487902667, -29.070600559 ], [ -71.487904200999907, -29.070602537 ], [ -71.487905285, -29.070603703 ], [ -71.487906456, -29.070604792 ], [ -71.487907706, -29.070605792 ], [ -71.487909039, -29.0706067099999 ], [ -71.487911364, -29.07060803 ], [ -71.487913851, -29.0706091559999 ], [ -71.487916463, -29.070610105 ], [ -71.487919169999898, -29.070610917 ], [ -71.487921609, -29.070611544 ], [ -71.487931557, -29.070613814999898 ], [ -71.487934466, -29.07061456 ], [ -71.487937346, -29.070615377 ], [ -71.487940191, -29.070616270999899 ], [ -71.487942991, -29.070617249999898 ], [ -71.487945286999903, -29.070618139 ], [ -71.487947549, -29.070619082 ], [ -71.487956114, -29.07062288 ], [ -71.487958251, -29.0706237109999 ], [ -71.487960901, -29.0706245709999 ], [ -71.48796361, -29.070625231 ], [ -71.487965231, -29.070625515 ], [ -71.487966868999905, -29.070625720999899 ], [ -71.487969260999904, -29.070625892 ], [ -71.487971668999904, -29.070625934 ], [ -71.487974123999905, -29.070625873 ], [ -71.487981455999901, -29.070625532 ], [ -71.487983866, -29.070625527999901 ], [ -71.487986505, -29.070625691 ], [ -71.487988005, -29.07062589 ], [ -71.487989478, -29.070626177999898 ], [ -71.487991301, -29.070626681 ], [ -71.487993062, -29.070627335 ], [ -71.487995197, -29.070628371999899 ], [ -71.487997226999894, -29.070629607999901 ], [ -71.487999375, -29.070631175 ], [ -71.488001431, -29.0706328969999 ], [ -71.488003416, -29.070634733 ], [ -71.488005346, -29.070636653999902 ], [ -71.488007231, -29.070638639 ], [ -71.488009075, -29.070640672 ], [ -71.488012641, -29.07064485 ], [ -71.488015745, -29.07064879 ], [ -71.488019951, -29.0706544519999 ], [ -71.488021481, -29.070656421 ], [ -71.488023069999898, -29.070658253 ], [ -71.48802477, -29.070659878 ], [ -71.488026305999895, -29.070661012999899 ], [ -71.48802821, -29.070661997999899 ], [ -71.488030121, -29.0706625719999 ], [ -71.488032204, -29.0706628 ], [ -71.488033773, -29.070662742 ], [ -71.488035357999905, -29.070662513999899 ], [ -71.488037398, -29.070661999 ], [ -71.488039435, -29.070661279 ], [ -71.488041455, -29.070660387 ], [ -71.488043446999896, -29.070659349 ], [ -71.488045346, -29.070658212 ], [ -71.488047201, -29.07065697 ], [ -71.488049011, -29.070655637999899 ], [ -71.488051153, -29.070653902999901 ], [ -71.488053227, -29.070652074999899 ], [ -71.488055244999899, -29.070650175 ], [ -71.488057206999898, -29.070648219 ], [ -71.488059114, -29.070646213 ], [ -71.488060946, -29.070644193 ], [ -71.488066311999901, -29.070638083999899 ], [ -71.488068126, -29.070636104999899 ], [ -71.488069988999897, -29.070634196999901 ], [ -71.488071928, -29.070632397999901 ], [ -71.488073436, -29.070631155999902 ], [ -71.488075005, -29.070630013 ], [ -71.488076645, -29.070628986 ], [ -71.488078629, -29.070627973999901 ], [ -71.4880800399999, -29.0706273989999 ], [ -71.48808149, -29.070626924 ], [ -71.488083132, -29.070626515999901 ], [ -71.488084806, -29.070626230999899 ], [ -71.488086475, -29.0706260699999 ], [ -71.488088159, -29.0706260229999 ], [ -71.488090859, -29.070626172999901 ], [ -71.488093552, -29.070626573 ], [ -71.488096208999906, -29.070627210999898 ], [ -71.488098765, -29.070628067 ], [ -71.488101252, -29.070629125 ], [ -71.488103684, -29.070630368 ], [ -71.488106057, -29.0706317409999 ], [ -71.488108395, -29.070633196 ], [ -71.488115364, -29.070637690999899 ], [ -71.488117734, -29.0706391219999 ], [ -71.488119731, -29.0706402399999 ], [ -71.488121771, -29.070641286 ], [ -71.488123715, -29.070642185999901 ], [ -71.4881257, -29.070643011 ], [ -71.488127772, -29.070643775999901 ], [ -71.488129879, -29.070644469999898 ], [ -71.488132013, -29.070645102 ], [ -71.488134387999906, -29.0706457369999 ], [ -71.488143749, -29.070648042 ], [ -71.488148043, -29.070649244 ], [ -71.488150249999904, -29.070649935999899 ], [ -71.488154607, -29.070651449 ], [ -71.488164678, -29.070655334 ], [ -71.488167196999896, -29.070656249 ], [ -71.488169732999907, -29.070657087 ], [ -71.488172295, -29.070657812 ], [ -71.488174294, -29.070658269 ], [ -71.488176312, -29.070658626999901 ], [ -71.488178348, -29.070658879 ], [ -71.488180795999895, -29.070659034 ], [ -71.488183259, -29.070659043 ], [ -71.488186067999905, -29.070658901999899 ], [ -71.488188884, -29.070658645 ], [ -71.4882001779999, -29.070657277 ], [ -71.488203004, -29.0706570309999 ], [ -71.488205971999903, -29.070656893 ], [ -71.488208933, -29.070656911 ], [ -71.48821098, -29.0706570299999 ], [ -71.488213015, -29.070657230999899 ], [ -71.488215036, -29.070657512 ], [ -71.488217721999902, -29.070657993999902 ], [ -71.488223058999907, -29.070659097 ], [ -71.488225738, -29.070659584999898 ], [ -71.488227712, -29.0706598639999 ], [ -71.488229697999898, -29.070660057999898 ], [ -71.488232224999905, -29.0706601649999 ], [ -71.488234599999899, -29.070660126 ], [ -71.488236981999904, -29.070659970999898 ], [ -71.488239737, -29.070659670999898 ], [ -71.488242495999899, -29.070659271 ], [ -71.488248021999894, -29.0706582779999 ], [ -71.488261928, -29.0706553979999 ], [ -71.488267101, -29.070654417999901 ], [ -71.488271859999898, -29.070653649 ], [ -71.488276763, -29.070653023 ], [ -71.488279221, -29.070652777 ], [ -71.488282066999901, -29.070652555 ], [ -71.488284905999905, -29.070652405 ], [ -71.48828773, -29.070652332999899 ], [ -71.488290523, -29.070652356 ], [ -71.488293267999893, -29.070652498 ], [ -71.488295694, -29.070652759 ], [ -71.488298034, -29.070653175 ], [ -71.488299438, -29.070653528 ], [ -71.488300786, -29.070653960999898 ], [ -71.488303137999907, -29.070655012 ], [ -71.488304392, -29.070655787 ], [ -71.488305526, -29.070656672 ], [ -71.488306501999901, -29.070657638999901 ], [ -71.488307339999906, -29.070658701 ], [ -71.488308179999905, -29.070660136 ], [ -71.488308793, -29.070661675999901 ], [ -71.48830923, -29.070663607 ], [ -71.488309377999897, -29.070665612 ], [ -71.488309248999897, -29.0706677159999 ], [ -71.488308863, -29.070669832 ], [ -71.488308387, -29.0706714959999 ], [ -71.488307769, -29.070673137 ], [ -71.488307016, -29.070674741999898 ], [ -71.488305999, -29.070676499999902 ], [ -71.488304816, -29.070678176999898 ], [ -71.488303610999907, -29.070679599 ], [ -71.488302282999896, -29.070680934999899 ], [ -71.488300835, -29.070682177 ], [ -71.488298702, -29.070683686999899 ], [ -71.488296393, -29.070685012999899 ], [ -71.488294370999895, -29.070685975999901 ], [ -71.488292268999899, -29.070686834 ], [ -71.488290105, -29.070687602 ], [ -71.488287893999896, -29.070688291 ], [ -71.488285468999905, -29.070688955 ], [ -71.48828301, -29.070689548 ], [ -71.488280527, -29.070690081 ], [ -71.488278026, -29.0706905609999 ], [ -71.488273288999906, -29.07069132 ], [ -71.488268827, -29.070691885 ], [ -71.48825497, -29.070693342 ], [ -71.488241108999901, -29.0706951989999 ], [ -71.488235569, -29.070695819 ], [ -71.488232795, -29.07069605 ], [ -71.488230016, -29.070696219999899 ], [ -71.488227447, -29.070696316 ], [ -71.488222305, -29.0706963559999 ], [ -71.488212279, -29.070696147 ], [ -71.488209777999899, -29.070696142 ], [ -71.488205483999906, -29.070696278 ], [ -71.488203343999899, -29.070696427 ], [ -71.488200996, -29.07069666 ], [ -71.488198656, -29.07069696 ], [ -71.488196084, -29.070697359 ], [ -71.488182504999898, -29.070699809 ], [ -71.488176892, -29.070700668 ], [ -71.488171254999898, -29.070701411999899 ], [ -71.488165605999896, -29.07070204 ], [ -71.488159949, -29.070702508 ], [ -71.488157117, -29.070702653 ], [ -71.488152924, -29.0707027179999 ], [ -71.488150828, -29.070702679 ], [ -71.488148178999893, -29.07070256 ], [ -71.488145534, -29.070702363999899 ], [ -71.488142546999896, -29.070702057999899 ], [ -71.488139566, -29.070701691999901 ], [ -71.488130621, -29.070700508 ], [ -71.488125912, -29.070699998 ], [ -71.488123550999902, -29.0706997999999 ], [ -71.488118055, -29.070699482 ], [ -71.488109796999893, -29.070699114 ], [ -71.488107048, -29.070698944 ], [ -71.4881026259999, -29.0706985469999 ], [ -71.488100421999903, -29.070698283999899 ], [ -71.488097388, -29.070697842 ], [ -71.488091755, -29.070696821999899 ], [ -71.488081308999895, -29.070694742999901 ], [ -71.488076604999904, -29.070693984999899 ], [ -71.488074245999897, -29.070693674 ], [ -71.488071885, -29.070693413 ], [ -71.488068928, -29.070693167999899 ], [ -71.488065981, -29.070693021 ], [ -71.488063054999898, -29.070692989 ], [ -71.488060162999901, -29.0706930969999 ], [ -71.488058066, -29.070693287 ], [ -71.48805601, -29.070693588 ], [ -71.488054001, -29.07069402 ], [ -71.488051594, -29.070694768 ], [ -71.488049979, -29.070695441999899 ], [ -71.488048427, -29.07069623 ], [ -71.488046427, -29.070697455999898 ], [ -71.488044507, -29.070698824 ], [ -71.488042639999904, -29.070700289999898 ], [ -71.488038893999899, -29.070703441 ], [ -71.48803517, -29.070706792 ], [ -71.488033398, -29.070708533 ], [ -71.488031725, -29.070710333 ], [ -71.488030151, -29.070712259999901 ], [ -71.488028753, -29.070714269 ], [ -71.488027571, -29.070716347 ], [ -71.488026614, -29.070718494999898 ], [ -71.488025846, -29.070720955999899 ], [ -71.488025459, -29.070722987999901 ], [ -71.488025283, -29.07072504 ], [ -71.488025326999903, -29.0707272289999 ], [ -71.488025605, -29.07072941 ], [ -71.488026112999904, -29.070731560999899 ], [ -71.488026836999893, -29.070733678 ], [ -71.488027858999899, -29.070735928 ], [ -71.488029097, -29.070738113999901 ], [ -71.488030282999901, -29.070739887999899 ], [ -71.488031589999906, -29.070741611 ], [ -71.488032843, -29.070743096999902 ], [ -71.488034172, -29.070744544 ], [ -71.488035568, -29.070745954 ], [ -71.488037553, -29.070747803 ], [ -71.4880396249999, -29.070749592 ], [ -71.488041764999906, -29.070751330999901 ], [ -71.488043956, -29.07075302 ], [ -71.488050212, -29.0707575939999 ], [ -71.488052223999901, -29.070759113999902 ], [ -71.488054139, -29.070760659 ], [ -71.488055907, -29.070762249 ], [ -71.488057467, -29.0707639 ], [ -71.488058392, -29.070765095 ], [ -71.488059156, -29.07076633 ], [ -71.488059726999893, -29.070767571 ], [ -71.488060108999903, -29.070768839 ], [ -71.488060305, -29.070770441 ], [ -71.488060204, -29.070772043 ], [ -71.488059733999904, -29.0707738589999 ], [ -71.488058919, -29.070775603 ], [ -71.48805813, -29.070776791999901 ], [ -71.488057184999903, -29.070777909 ], [ -71.488056153999906, -29.070778886 ], [ -71.488054997999896, -29.070779776999899 ], [ -71.4880539, -29.0707804739999 ], [ -71.488052723, -29.070781097 ], [ -71.488050259, -29.070782092999899 ], [ -71.488047600999906, -29.070782849 ], [ -71.488045173, -29.070783343 ], [ -71.48804267, -29.070783731999899 ], [ -71.488034951, -29.070784714 ], [ -71.488032524999895, -29.070785083 ], [ -71.488030113, -29.070785518 ], [ -71.488027723999906, -29.070786027999901 ], [ -71.488024875, -29.070786757999901 ], [ -71.488022079, -29.0707876069999 ], [ -71.488019341, -29.070788573999899 ], [ -71.48801707, -29.07078949 ], [ -71.488014856999897, -29.070790493999901 ], [ -71.4880127119999, -29.070791584999899 ], [ -71.488010408, -29.070792918999899 ], [ -71.488008221, -29.070794376 ], [ -71.488006188, -29.070795948999901 ], [ -71.488004310999898, -29.070797651 ], [ -71.488003186999904, -29.070798824999901 ], [ -71.488002143, -29.070800052 ], [ -71.488001146, -29.070801387 ], [ -71.488000245, -29.070802774999901 ], [ -71.487999213, -29.070804661 ], [ -71.487998335, -29.070806615 ], [ -71.487997602, -29.070808627 ], [ -71.487996895, -29.0708111389999 ], [ -71.487996348, -29.070813698999899 ], [ -71.487995917, -29.070816287 ], [ -71.487995574, -29.070818888 ], [ -71.487995118999905, -29.070823778 ], [ -71.487995006999896, -29.070826047 ], [ -71.487994995999898, -29.070828284 ], [ -71.487995124, -29.070830473999901 ], [ -71.487995443, -29.0708326029999 ], [ -71.487995864, -29.070834223 ], [ -71.487996459, -29.0708357779999 ], [ -71.487997675, -29.070837906 ], [ -71.487999235, -29.07083978 ], [ -71.488000532999905, -29.070841001 ], [ -71.488001953, -29.070842148999901 ], [ -71.488003744, -29.070843436 ], [ -71.488009417999905, -29.070847198 ], [ -71.488011464, -29.070848676 ], [ -71.488013425, -29.070850246 ], [ -71.488014665, -29.070851342 ], [ -71.488015855, -29.0708524799999 ], [ -71.488017675, -29.070854387999901 ], [ -71.488022569, -29.070860034 ], [ -71.488024268999894, -29.070861856 ], [ -71.488025314, -29.070862878 ], [ -71.488026405, -29.0708638629999 ], [ -71.488027685, -29.070864918 ], [ -71.488029022, -29.070865918 ], [ -71.488031167, -29.070867339 ], [ -71.488033414, -29.070868646 ], [ -71.488035791, -29.070869886 ], [ -71.488040634, -29.070872246 ], [ -71.48804302, -29.070873461 ], [ -71.488045329, -29.0708747629999 ], [ -71.48804673, -29.070875655999899 ], [ -71.488048073999906, -29.070876609 ], [ -71.488049331, -29.070877605 ], [ -71.488050524999906, -29.070878659 ], [ -71.488052427999904, -29.070880589 ], [ -71.488054175999906, -29.070882646 ], [ -71.488055792, -29.070884802 ], [ -71.488057284, -29.070887037 ], [ -71.488058655, -29.070889337 ], [ -71.488059861999901, -29.070891631999899 ], [ -71.488060942999894, -29.070893968999901 ], [ -71.488061683999902, -29.070895774999901 ], [ -71.488064057, -29.070902066 ], [ -71.488065048, -29.070904205 ], [ -71.48806587, -29.070905642 ], [ -71.488066811, -29.0709070089999 ], [ -71.488068394, -29.07090883 ], [ -71.488070386999894, -29.070910574 ], [ -71.488071899, -29.070911630999898 ], [ -71.488073516, -29.070912595 ], [ -71.488075999, -29.0709138409999 ], [ -71.488078609999903, -29.070914972 ], [ -71.48808679, -29.070918197 ], [ -71.48808905, -29.0709191609999 ], [ -71.488093509999899, -29.070921219999899 ], [ -71.488097867, -29.070923405 ], [ -71.488100121999906, -29.070924609 ], [ -71.488102306, -29.070925846 ], [ -71.488104387, -29.070927129 ], [ -71.488106323, -29.070928471999899 ], [ -71.488108059, -29.070929894 ], [ -71.488109091999902, -29.070930916 ], [ -71.488109979999905, -29.070931985 ], [ -71.488110654, -29.070933013999898 ], [ -71.488111165, -29.070934077999901 ], [ -71.488111616, -29.070935925 ], [ -71.488111617999905, -29.070937133 ], [ -71.488111398999905, -29.070938336 ], [ -71.488110826, -29.07093982 ], [ -71.488109961, -29.070941255 ], [ -71.488108863, -29.0709426 ], [ -71.488107557, -29.070943874 ], [ -71.488106133, -29.070945024 ], [ -71.488104574, -29.070946101999901 ], [ -71.488102899999902, -29.070947106999899 ], [ -71.488101012999905, -29.070948092 ], [ -71.488099035999895, -29.070948995 ], [ -71.488096986999906, -29.070949819 ], [ -71.488094799, -29.0709505909999 ], [ -71.488092558999895, -29.0709512839999 ], [ -71.488090286, -29.070951901999901 ], [ -71.488087983999904, -29.070952459 ], [ -71.48808566, -29.070952964 ], [ -71.488082967, -29.070953491999902 ], [ -71.488074868999902, -29.0709549319999 ], [ -71.488069539, -29.0709559649999 ], [ -71.488066921, -29.070956565 ], [ -71.488064349999902, -29.0709572559999 ], [ -71.488062205999896, -29.070957936 ], [ -71.488060111, -29.070958705 ], [ -71.48805807, -29.0709595709999 ], [ -71.488056259, -29.070960449 ], [ -71.488054496, -29.070961402 ], [ -71.488052777999897, -29.070962422 ], [ -71.48805076, -29.0709637309999 ], [ -71.488044856, -29.070967865999901 ], [ -71.488042864, -29.070969214999899 ], [ -71.488040656, -29.0709706019999 ], [ -71.488038377, -29.070971885999899 ], [ -71.488035842, -29.070973126999899 ], [ -71.488033219, -29.070974212 ], [ -71.488030657, -29.070975093 ], [ -71.488028036999907, -29.070975844 ], [ -71.488025368, -29.070976470999899 ], [ -71.488022515999901, -29.070977007 ], [ -71.488019631, -29.070977425 ], [ -71.488016721999898, -29.07097773 ], [ -71.488014288, -29.070977895999899 ], [ -71.488011845999907, -29.070977985 ], [ -71.4880094009999, -29.070978 ], [ -71.488006379, -29.07097791 ], [ -71.488003362, -29.070977706 ], [ -71.488000359, -29.0709773839999 ], [ -71.48799798, -29.070977035999899 ], [ -71.487995618999904, -29.070976607 ], [ -71.487993278, -29.070976092 ], [ -71.487990861, -29.0709754599999 ], [ -71.487988473, -29.070974732 ], [ -71.487986378999906, -29.070974011 ], [ -71.487984307, -29.0709732289999 ], [ -71.487976257999904, -29.070969863 ], [ -71.487973569, -29.070968792 ], [ -71.487970851999904, -29.070967832 ], [ -71.487968625, -29.070967176999901 ], [ -71.487966372999907, -29.070966648 ], [ -71.487964098, -29.07096626 ], [ -71.487961894, -29.070966039 ], [ -71.487959684, -29.0709659669999 ], [ -71.487957667, -29.070966035 ], [ -71.487955664, -29.0709662259999 ], [ -71.487953172999894, -29.070966638999899 ], [ -71.487950732999906, -29.070967241999899 ], [ -71.487948633, -29.070967932 ], [ -71.487946602, -29.070968766 ], [ -71.48794423, -29.070969977999901 ], [ -71.487942002999901, -29.070971390999901 ], [ -71.487940442, -29.070972578 ], [ -71.487938978, -29.070973862999899 ], [ -71.487937616999901, -29.0709752399999 ], [ -71.487936495, -29.070976539 ], [ -71.487935458, -29.070977898 ], [ -71.487934166999906, -29.0709798399999 ], [ -71.487933010999896, -29.07098186 ], [ -71.487931985, -29.070983944 ], [ -71.487931089, -29.07098608 ], [ -71.487930417, -29.0709879949999 ], [ -71.487929854999905, -29.070989940999901 ], [ -71.487929499, -29.070991450999902 ], [ -71.487929204999901, -29.0709929729999 ], [ -71.487928846, -29.070995443 ], [ -71.487928103999906, -29.071002905999901 ], [ -71.48792779, -29.071005376999899 ], [ -71.487927325, -29.071007961 ], [ -71.487926688, -29.071010502 ], [ -71.487926084, -29.071012342 ], [ -71.48792537, -29.071014147 ], [ -71.487924548, -29.071015913999901 ], [ -71.487923455, -29.0710179189999 ], [ -71.487922233999896, -29.071019867 ], [ -71.487920898, -29.071021754999901 ], [ -71.487919453, -29.071023578999899 ], [ -71.487917894, -29.071025327 ], [ -71.487916356, -29.0710268569999 ], [ -71.487914723999907, -29.0710283089999 ], [ -71.487912996, -29.071029677 ], [ -71.487910790999905, -29.071031208 ], [ -71.487908467999901, -29.0710326129999 ], [ -71.487906527, -29.071033654 ], [ -71.487904532999906, -29.071034627 ], [ -71.487902498, -29.071035545 ], [ -71.487893156, -29.071039388 ], [ -71.487890862, -29.071040405 ], [ -71.487888324, -29.071041647 ], [ -71.487885869, -29.071042991 ], [ -71.487883669, -29.071044339 ], [ -71.487881539999904, -29.071045753 ], [ -71.487877400999906, -29.071048613999899 ], [ -71.487875317, -29.071049941999899 ], [ -71.487873169, -29.0710511099999 ], [ -71.487871589999898, -29.0710517979999 ], [ -71.487869957, -29.071052352 ], [ -71.48786795, -29.071052817 ], [ -71.487865648, -29.071053080999899 ], [ -71.487862898999893, -29.071053075999899 ], [ -71.487860118, -29.0710527909999 ], [ -71.487857953999907, -29.0710524039999 ], [ -71.487855791, -29.071051898999901 ], [ -71.487853631999897, -29.071051294 ], [ -71.487851484, -29.0710506039999 ], [ -71.487848873, -29.071049654 ], [ -71.487846288999904, -29.071048609999899 ], [ -71.487843735, -29.071047480999901 ], [ -71.487841219, -29.071046275 ], [ -71.487839011999895, -29.071045131999899 ], [ -71.487836840999904, -29.071043933999899 ], [ -71.487834709, -29.071042684 ], [ -71.487832617, -29.071041382 ], [ -71.4878304329999, -29.071039942 ], [ -71.487823987, -29.071035541 ], [ -71.48782181, -29.071034139999899 ], [ -71.487819580999897, -29.071032821 ], [ -71.487818123999901, -29.071032041 ], [ -71.487816635999906, -29.071031312999899 ], [ -71.48781408, -29.07103023 ], [ -71.487811705999903, -29.0710293829999 ], [ -71.487809285, -29.071028629 ], [ -71.487806833, -29.071027929 ], [ -71.487801896, -29.071026576 ], [ -71.487794706, -29.071024523999899 ], [ -71.487792274, -29.071023919 ], [ -71.487790011, -29.071023463 ], [ -71.487787727999901, -29.071023129 ], [ -71.487785628, -29.07102294 ], [ -71.487783522, -29.071022861 ], [ -71.487781417999898, -29.071022887 ], [ -71.487778658, -29.0710230769999 ], [ -71.487775929, -29.071023429 ], [ -71.487773252999901, -29.0710239379999 ], [ -71.487770650999906, -29.071024612 ], [ -71.487768156999906, -29.071025473 ], [ -71.487765794, -29.071026565 ], [ -71.487763583999893, -29.071027934 ], [ -71.487762381, -29.071028869 ], [ -71.487761191999894, -29.071029963999901 ], [ -71.487760094, -29.0710311469999 ], [ -71.487758518, -29.071033188999898 ], [ -71.487757117999905, -29.071035375 ], [ -71.487756104, -29.07103717 ], [ -71.487753218, -29.071042694 ], [ -71.4877521989999, -29.071044513999901 ], [ -71.487751107999898, -29.071046292999899 ], [ -71.487749688, -29.0710483239999 ], [ -71.487748116, -29.0710502499999 ], [ -71.487746705999896, -29.071051727999901 ], [ -71.487745186, -29.071053112999898 ], [ -71.487743668, -29.071054316 ], [ -71.487742065, -29.071055433 ], [ -71.487740384999896, -29.071056464 ], [ -71.48773829, -29.071057579999898 ], [ -71.487736110999904, -29.0710585859999 ], [ -71.487733868, -29.071059492 ], [ -71.487731217, -29.071060427 ], [ -71.487728525, -29.071061275 ], [ -71.487722992, -29.071062906 ], [ -71.487720287999906, -29.071063771 ], [ -71.487717678, -29.071064745999902 ], [ -71.487715495, -29.071065742 ], [ -71.487713448, -29.071066897 ], [ -71.487712137, -29.071067796 ], [ -71.487710904, -29.071068773 ], [ -71.487709439999904, -29.071070098 ], [ -71.487705465, -29.071074021999902 ], [ -71.487704231999899, -29.071075116 ], [ -71.487702920999894, -29.071076154 ], [ -71.487701535, -29.071077112 ], [ -71.48770003, -29.071078 ], [ -71.48769845, -29.071078784999902 ], [ -71.487696501, -29.071079572 ], [ -71.487694474, -29.071080209999899 ], [ -71.487692267999904, -29.071080719 ], [ -71.487690007, -29.071081068999899 ], [ -71.487687960999907, -29.0710812529999 ], [ -71.487685891999902, -29.071081322999898 ], [ -71.48768381, -29.071081282 ], [ -71.487681768, -29.071081138 ], [ -71.4876797269999, -29.071080894 ], [ -71.487677694999903, -29.071080552999899 ], [ -71.487675085, -29.07107997 ], [ -71.487672502, -29.071079245 ], [ -71.487670668, -29.071078645999901 ], [ -71.487668849, -29.071077988 ], [ -71.487666416, -29.071077026 ], [ -71.487664003, -29.071075997 ], [ -71.487659215, -29.071073826 ], [ -71.487644072, -29.071066707999901 ], [ -71.48764162, -29.071065643999901 ], [ -71.487639139999899, -29.071064672 ], [ -71.4876373, -29.071064039 ], [ -71.487635436999895, -29.071063486999901 ], [ -71.487632951, -29.071062899 ], [ -71.487630432999893, -29.071062475 ], [ -71.487628171, -29.071062239 ], [ -71.487625900999902, -29.071062132 ], [ -71.487623161, -29.071062169 ], [ -71.487620439999901, -29.071062379 ], [ -71.487617755, -29.071062765 ], [ -71.487614949, -29.0710633899999 ], [ -71.48761224, -29.071064247 ], [ -71.487609665, -29.071065354 ], [ -71.487607463, -29.071066582 ], [ -71.487605431, -29.071067983 ], [ -71.487603523, -29.071069544999901 ], [ -71.487601788999896, -29.071071177 ], [ -71.487600138999895, -29.071072898999901 ], [ -71.487598555, -29.0710746839999 ], [ -71.487597015999896, -29.071076510999902 ], [ -71.487592567, -29.071082036999901 ], [ -71.487591078, -29.071083819 ], [ -71.487589527999901, -29.071085519999901 ], [ -71.487587872999896, -29.071087102 ], [ -71.487586596, -29.071088141 ], [ -71.48758524, -29.071089077 ], [ -71.487583744999895, -29.071089941 ], [ -71.487582171, -29.071090704 ], [ -71.487579862, -29.071091623 ], [ -71.487577453, -29.071092411999899 ], [ -71.487574971999905, -29.071093111 ], [ -71.487569643, -29.071094409999901 ], [ -71.487561480999901, -29.071096214 ], [ -71.487556034, -29.071097476 ], [ -71.487551096999894, -29.071098787 ], [ -71.487548881999899, -29.071099455 ], [ -71.487546691, -29.071100174 ], [ -71.487544235, -29.071101059999901 ], [ -71.487541816, -29.071102019 ], [ -71.487539434, -29.071103047 ], [ -71.487536738, -29.071104321 ], [ -71.487534089999897, -29.071105675999899 ], [ -71.487531486, -29.0711070999999 ], [ -71.487528927, -29.071108588999898 ], [ -71.487526455, -29.0711101099999 ], [ -71.487519145, -29.071114819999899 ], [ -71.487514211, -29.0711178839999 ], [ -71.487509631, -29.071120483 ], [ -71.487502693, -29.071124295999901 ], [ -71.487500411, -29.071125609 ], [ -71.487498138, -29.071126987 ], [ -71.487495914, -29.071128426 ], [ -71.487494077999898, -29.071129696 ], [ -71.48749228, -29.071131009999899 ], [ -71.487485658, -29.071136194 ], [ -71.487483437, -29.071137866999901 ], [ -71.487481536, -29.071139199 ], [ -71.48747959, -29.07114044 ], [ -71.487477596, -29.071141568 ], [ -71.487475543999906, -29.071142548 ], [ -71.487473834, -29.071143207 ], [ -71.487472081, -29.07114373 ], [ -71.487470329, -29.071144094 ], [ -71.487468546999906, -29.071144309 ], [ -71.487466829, -29.071144374 ], [ -71.487465099, -29.071144311 ], [ -71.487462955, -29.0711440709999 ], [ -71.487460816, -29.071143671 ], [ -71.487458301999894, -29.071143016 ], [ -71.487455812999897, -29.071142194999901 ], [ -71.48745336, -29.07114123 ], [ -71.487450842, -29.0711400879999 ], [ -71.48744836, -29.071138844 ], [ -71.487443464, -29.071136168 ], [ -71.487431741, -29.071129416 ], [ -71.48742477, -29.071125308 ], [ -71.4874103719999, -29.07111658 ], [ -71.487405528, -29.071113753 ], [ -71.487403077, -29.071112387 ], [ -71.487400594, -29.071111067999901 ], [ -71.487398108, -29.071109826999901 ], [ -71.487393044, -29.071107495 ], [ -71.487387887999901, -29.071105342 ], [ -71.487385277, -29.071104342 ], [ -71.487382641999901, -29.071103406 ], [ -71.487379978, -29.0711025539999 ], [ -71.487377508999899, -29.0711018649999 ], [ -71.487375011, -29.071101271 ], [ -71.487372486, -29.071100782 ], [ -71.487369905, -29.071100405 ], [ -71.487367301999896, -29.071100133 ], [ -71.487364682, -29.071099954 ], [ -71.487361815, -29.0710998509999 ], [ -71.4873589379999, -29.071099827 ], [ -71.487353180999904, -29.071099944 ], [ -71.487344511999893, -29.07110025 ], [ -71.487341656999902, -29.071100249 ], [ -71.487338831, -29.071100121 ], [ -71.487335962, -29.071099805 ], [ -71.487333153999899, -29.071099268999902 ], [ -71.487331256999894, -29.071098752 ], [ -71.487329401, -29.071098119999899 ], [ -71.487327923, -29.071097524 ], [ -71.487326471999907, -29.071096865 ], [ -71.487324028, -29.0710956039999 ], [ -71.487321634999901, -29.071094236 ], [ -71.487316905999904, -29.071091403 ], [ -71.487314523, -29.071090042 ], [ -71.487312274, -29.071088874999901 ], [ -71.487309975999906, -29.071087845 ], [ -71.487307366, -29.071086917999899 ], [ -71.487305423999899, -29.071086415 ], [ -71.487303450999903, -29.071086071 ], [ -71.487301668, -29.071085906 ], [ -71.487299874, -29.071085880999899 ], [ -71.487298208, -29.071085981 ], [ -71.487296544999893, -29.0710861909999 ], [ -71.487293805, -29.071086743 ], [ -71.487291576, -29.071087329 ], [ -71.487287088999906, -29.071088635 ], [ -71.487283820999906, -29.071089491 ], [ -71.487281459, -29.071090007 ], [ -71.487279069, -29.071090457 ], [ -71.487274237999898, -29.071091238 ], [ -71.487266038, -29.071092434 ], [ -71.487263158, -29.071092764 ], [ -71.487260284999905, -29.071092977 ], [ -71.4872585479999, -29.071093027 ], [ -71.487256819, -29.071093005 ], [ -71.487254866999905, -29.071092884999899 ], [ -71.487252929, -29.071092662 ], [ -71.487251149, -29.071092365 ], [ -71.487249386, -29.0710919919999 ], [ -71.487246595, -29.071091269 ], [ -71.487241061, -29.0710896689999 ], [ -71.487238272999903, -29.071088959 ], [ -71.487236528, -29.0710886009999 ], [ -71.487234768, -29.071088319999902 ], [ -71.487232956999904, -29.0710881219999 ], [ -71.487231134999902, -29.0710880039999 ], [ -71.487228522, -29.0710879539999 ], [ -71.487221551999895, -29.071088034 ], [ -71.487217771, -29.071087933999902 ], [ -71.48721569, -29.071087806 ], [ -71.487205824999904, -29.071086953 ], [ -71.487203736, -29.0710868419999 ], [ -71.487201157999905, -29.07108678 ], [ -71.487198581, -29.071086804999901 ], [ -71.487196148, -29.071086915 ], [ -71.487193726, -29.071087109 ], [ -71.48719132, -29.071087389 ], [ -71.487188937, -29.071087765 ], [ -71.487186053999906, -29.07108837 ], [ -71.487183231999893, -29.071089147 ], [ -71.487180469, -29.071090113 ], [ -71.487177791, -29.071091257 ], [ -71.487175873999902, -29.07109221 ], [ -71.487174001, -29.071093241 ], [ -71.48717157, -29.071094706999901 ], [ -71.487169182999907, -29.071096248999901 ], [ -71.487159636999905, -29.071102735 ], [ -71.487157251, -29.071104407999901 ], [ -71.487154906999905, -29.0711061219999 ], [ -71.487152662, -29.071107864999899 ], [ -71.487150487999898, -29.071109667 ], [ -71.487148395, -29.0711115299999 ], [ -71.487146625, -29.071113234999899 ], [ -71.487144943, -29.071115 ], [ -71.48714359, -29.071116558 ], [ -71.487142316, -29.07111816 ], [ -71.487141264999906, -29.0711196029999 ], [ -71.487137270999895, -29.0711256549999 ], [ -71.487136331, -29.071126978999899 ], [ -71.487135335999895, -29.071128259 ], [ -71.487134241, -29.071129519 ], [ -71.487133063, -29.071130708999899 ], [ -71.487131634, -29.071131948 ], [ -71.487130094, -29.071133077 ], [ -71.487128368, -29.071134137999898 ], [ -71.487126541, -29.071135083999899 ], [ -71.487124194, -29.071136104999901 ], [ -71.487121752999897, -29.071137017999899 ], [ -71.4871192479999, -29.071137862999901 ], [ -71.487111439, -29.071140369 ], [ -71.487097859, -29.071144934 ], [ -71.487081380999896, -29.071150057 ], [ -71.487076031, -29.0711518479999 ], [ -71.487073451999905, -29.071152809999901 ], [ -71.487070977, -29.071153839 ], [ -71.487069157999898, -29.071154696999901 ], [ -71.487067447, -29.071155615 ], [ -71.487065873999896, -29.071156598999899 ], [ -71.487064357999898, -29.071157754 ], [ -71.487063091, -29.071158999 ], [ -71.487062215, -29.071160188 ], [ -71.487061619, -29.071161436999901 ], [ -71.487061336999901, -29.071162724 ], [ -71.487061422, -29.071164236999898 ], [ -71.487061681999904, -29.071165153 ], [ -71.487062068999904, -29.0711660539999 ], [ -71.48706283, -29.0711673879999 ], [ -71.487064578999906, -29.071170055 ], [ -71.487065193, -29.0711711279999 ], [ -71.4870657, -29.071172224 ], [ -71.487066161, -29.071173807 ], [ -71.487066247, -29.071175495 ], [ -71.487066004, -29.071176716 ], [ -71.487065501, -29.071177857999899 ], [ -71.487064480999905, -29.071179164999901 ], [ -71.487063099999901, -29.071180241 ], [ -71.487061227, -29.071181107 ], [ -71.487059496, -29.071181555 ], [ -71.487057912999902, -29.071181765999899 ], [ -71.487056267999904, -29.071181848 ], [ -71.487051096, -29.071181760999899 ], [ -71.487048784, -29.071181872999901 ], [ -71.487046632, -29.071182225 ], [ -71.487044818999905, -29.071182758 ], [ -71.48704345, -29.071183317 ], [ -71.487042125, -29.07118399 ], [ -71.487040102, -29.071185274 ], [ -71.487038502, -29.071186492 ], [ -71.487036944, -29.071187807999902 ], [ -71.48703198, -29.071192213 ], [ -71.487030048, -29.071193806999901 ], [ -71.487028046, -29.071195336999899 ], [ -71.487025979, -29.071196813 ], [ -71.487018123, -29.071202061 ], [ -71.487016218, -29.071203426 ], [ -71.487014525999896, -29.071204739999899 ], [ -71.487012906, -29.071206117 ], [ -71.487011707, -29.0712072329999 ], [ -71.487010561, -29.071208388999899 ], [ -71.487008875, -29.071210282 ], [ -71.48700731, -29.07121226 ], [ -71.487005868, -29.071214285999901 ], [ -71.487000425, -29.07122262 ], [ -71.486998997999905, -29.0712246259999 ], [ -71.48699749, -29.071226586 ], [ -71.486996085, -29.071228275 ], [ -71.486994623, -29.071229925999901 ], [ -71.486987578, -29.071237352 ], [ -71.486985853, -29.071239347 ], [ -71.486984284, -29.071241406999899 ], [ -71.486982908, -29.071243544 ], [ -71.486981614999905, -29.071245973 ], [ -71.486980584, -29.071248277999899 ], [ -71.48697877, -29.0712530079999 ], [ -71.486977273, -29.071257239 ], [ -71.486976577999897, -29.071259367 ], [ -71.486975943999894, -29.0712615059999 ], [ -71.486975398, -29.0712636549999 ], [ -71.4869748039999, -29.0712666659999 ], [ -71.486973863999907, -29.071272383 ], [ -71.486973399, -29.071274444 ], [ -71.486972785, -29.071276419999901 ], [ -71.486972045, -29.071278139999901 ], [ -71.486971115999907, -29.071279733 ], [ -71.486970016, -29.071281133 ], [ -71.486968728, -29.071282358 ], [ -71.486967497, -29.071283238 ], [ -71.486966150999905, -29.071283964 ], [ -71.486963987, -29.071284734 ], [ -71.486962516999895, -29.071285035 ], [ -71.486960998, -29.07128519 ], [ -71.48695867, -29.071285159999899 ], [ -71.486956408, -29.071284863 ], [ -71.486953834, -29.0712842679999 ], [ -71.4869474179999, -29.071282310999901 ], [ -71.48694528, -29.071281792 ], [ -71.4869429889999, -29.071281464 ], [ -71.486940589, -29.071281444 ], [ -71.486938779, -29.071281675 ], [ -71.486937005999906, -29.071282107999899 ], [ -71.4869352219999, -29.071282746999898 ], [ -71.486933491999906, -29.071283547999901 ], [ -71.48693186, -29.071284447 ], [ -71.486930266999906, -29.071285428 ], [ -71.486926124, -29.071288109 ], [ -71.486923966999896, -29.071289326999899 ], [ -71.48692246, -29.0712900259999 ], [ -71.486920891, -29.071290610999899 ], [ -71.486919197, -29.071291088 ], [ -71.486917448, -29.071291437 ], [ -71.486914844, -29.071291748 ], [ -71.486912181, -29.071291909 ], [ -71.486906784, -29.071292116999899 ], [ -71.48690434, -29.071292302 ], [ -71.486901938, -29.071292604999901 ], [ -71.486899611999903, -29.071293062999899 ], [ -71.486897886, -29.071293551999901 ], [ -71.486896244, -29.071294172 ], [ -71.486894961, -29.0712947919999 ], [ -71.486893761, -29.071295511 ], [ -71.486892171, -29.071296749999899 ], [ -71.486890761, -29.071298241 ], [ -71.486889980999905, -29.071299306 ], [ -71.486889296, -29.071300436999898 ], [ -71.4868882869999, -29.071302596999899 ], [ -71.486887512, -29.071304894 ], [ -71.486887013999905, -29.0713069019999 ], [ -71.486886634, -29.0713089609999 ], [ -71.486886356999904, -29.071311059 ], [ -71.486886178, -29.071313183 ], [ -71.486886098999904, -29.071315012 ], [ -71.486886086, -29.071316850999899 ], [ -71.486886134, -29.071318694999899 ], [ -71.486886286, -29.071321116 ], [ -71.48688679, -29.071325961 ], [ -71.486887706999894, -29.071333232 ], [ -71.486889101, -29.071345597999901 ], [ -71.486889767, -29.0713505209999 ], [ -71.486890135, -29.071352777 ], [ -71.486890979999899, -29.071357272999901 ], [ -71.486893443, -29.071368630999899 ], [ -71.486893913999893, -29.071370945 ], [ -71.486894319, -29.071373249 ], [ -71.486894622, -29.07137554 ], [ -71.486894783, -29.071377814999899 ], [ -71.486894779, -29.07137955 ], [ -71.486894645999897, -29.0713812659999 ], [ -71.486894306999901, -29.07138323 ], [ -71.486893645, -29.071385474 ], [ -71.486892709999907, -29.071387640999902 ], [ -71.486891805, -29.071389251 ], [ -71.486890762, -29.071390805 ], [ -71.486889568, -29.0713923439999 ], [ -71.486888284, -29.071393837 ], [ -71.486883759, -29.071398781 ], [ -71.486882390999895, -29.071400489 ], [ -71.486881151, -29.071402357 ], [ -71.486880055, -29.07140455 ], [ -71.486879375999905, -29.071406463999899 ], [ -71.4868788859999, -29.071408441 ], [ -71.486878496, -29.071410919 ], [ -71.486878266, -29.07141345 ], [ -71.486878127999901, -29.071416018 ], [ -71.486877541999903, -29.071429892 ], [ -71.486877487999905, -29.071434633 ], [ -71.486877526999905, -29.071437104 ], [ -71.486877728, -29.07144204 ], [ -71.4868781, -29.071446953 ], [ -71.486878689, -29.0714518189999 ], [ -71.486879788, -29.071458622 ], [ -71.486880078, -29.07146062 ], [ -71.486880265, -29.071462583 ], [ -71.486880287, -29.071464507 ], [ -71.486880137, -29.071466062 ], [ -71.486879807, -29.0714675749999 ], [ -71.486879363, -29.071468836999902 ], [ -71.486878773999905, -29.071470050999899 ], [ -71.486877708999899, -29.071471668 ], [ -71.486876068999905, -29.071473516 ], [ -71.48687448, -29.071474972 ], [ -71.486869467, -29.071479085 ], [ -71.486867957999905, -29.07148044 ], [ -71.486866496999895, -29.071481918 ], [ -71.486865178999906, -29.07148347 ], [ -71.486864043, -29.071485098 ], [ -71.486863173, -29.071486706 ], [ -71.486862529999897, -29.071488382 ], [ -71.486862123, -29.0714902019999 ], [ -71.486861985, -29.071492369999898 ], [ -71.486862172, -29.071494774 ], [ -71.486862603, -29.071497217999902 ], [ -71.486864398, -29.071504723 ], [ -71.486864749999896, -29.071506489999901 ], [ -71.486865027, -29.071508267 ], [ -71.486865264999906, -29.071510868 ], [ -71.486865285, -29.071513439999901 ], [ -71.486865077999894, -29.071515991999899 ], [ -71.486864631999893, -29.071518506 ], [ -71.486863939, -29.071520962 ], [ -71.486863222, -29.071522812999898 ], [ -71.486862348, -29.071524606 ], [ -71.486861288999904, -29.071526374 ], [ -71.486860069, -29.071528059999899 ], [ -71.486858476999899, -29.071529880999901 ], [ -71.486856699, -29.071531578 ], [ -71.486855090999896, -29.071532886999901 ], [ -71.486853379, -29.071534105999898 ], [ -71.486851585999901, -29.0715352359999 ], [ -71.48684972, -29.071536292 ], [ -71.486847795999907, -29.07153729 ], [ -71.486845452, -29.071538410999899 ], [ -71.486835877, -29.071542679999901 ], [ -71.486831187, -29.071544903 ], [ -71.486828873, -29.071546062 ], [ -71.486823928, -29.071548689999901 ], [ -71.486819060999906, -29.0715514249999 ], [ -71.486804799, -29.07155979 ], [ -71.486802498, -29.071561102 ], [ -71.486800171, -29.071562356999902 ], [ -71.486797803999906, -29.071563523999899 ], [ -71.48679609, -29.071564281 ], [ -71.486794341999897, -29.071564969 ], [ -71.486792721, -29.071565527 ], [ -71.486791071, -29.071566021 ], [ -71.486789406, -29.071566446 ], [ -71.486787719999896, -29.071566808999901 ], [ -71.486784993, -29.07156728 ], [ -71.486773898, -29.071568704999901 ], [ -71.486770989, -29.071569193 ], [ -71.486768109, -29.071569795999899 ], [ -71.486765730999906, -29.071570398999899 ], [ -71.486763375999899, -29.071571076999899 ], [ -71.48676104, -29.071571814 ], [ -71.486756414, -29.071573407 ], [ -71.486751711, -29.071575169 ], [ -71.486749406999905, -29.071576109 ], [ -71.486747153, -29.0715771069999 ], [ -71.486744969, -29.07157818 ], [ -71.486743143999902, -29.071579191 ], [ -71.486741401, -29.071580282 ], [ -71.486739757, -29.071581465 ], [ -71.48673794, -29.071583018 ], [ -71.486736311, -29.0715847119999 ], [ -71.486734997, -29.071586388 ], [ -71.486733849, -29.071588163999898 ], [ -71.486733123, -29.071589484999901 ], [ -71.486732466, -29.071590839999899 ], [ -71.486731541, -29.0715929909999 ], [ -71.486729791, -29.071597342 ], [ -71.486728821, -29.0715994779999 ], [ -71.486727725, -29.071601501 ], [ -71.486726764, -29.071602987999899 ], [ -71.486725689, -29.0716044129999 ], [ -71.48672442, -29.071605861 ], [ -71.486723035, -29.071607236 ], [ -71.486720975, -29.071609021 ], [ -71.486718792, -29.071610726 ], [ -71.486714295999903, -29.071614065999899 ], [ -71.486712591, -29.071615384 ], [ -71.486710934, -29.071616739 ], [ -71.486709345999898, -29.071618138 ], [ -71.486707851999896, -29.071619594 ], [ -71.486706237, -29.071621408999899 ], [ -71.486704828, -29.071623326 ], [ -71.486703636999906, -29.0716254 ], [ -71.486702723, -29.071627567999901 ], [ -71.486702023, -29.071630022 ], [ -71.486701600999893, -29.0716325449999 ], [ -71.486701432, -29.071635108 ], [ -71.486701476, -29.071637698 ], [ -71.48670171, -29.071640298 ], [ -71.486701978, -29.071642095999898 ], [ -71.486702325, -29.071643886999901 ], [ -71.486702736, -29.071645627999899 ], [ -71.486703709, -29.071649078999901 ], [ -71.486705217, -29.071653958999899 ], [ -71.486705841999907, -29.071656404 ], [ -71.486706117, -29.071657817 ], [ -71.486706319999897, -29.071659236999899 ], [ -71.486706453, -29.071660702 ], [ -71.486706517, -29.0716621679999 ], [ -71.486706511, -29.071664433 ], [ -71.486706378, -29.071668954 ], [ -71.486706399, -29.071671206 ], [ -71.4867065, -29.071672740999901 ], [ -71.486706687, -29.071674266999899 ], [ -71.486707007999897, -29.071675945 ], [ -71.486707451, -29.071677603999898 ], [ -71.486707961, -29.071679098999901 ], [ -71.486708561999905, -29.071680573 ], [ -71.48670959, -29.071682723 ], [ -71.486710734, -29.071684849999901 ], [ -71.4867144, -29.071691341 ], [ -71.486715578, -29.071693618 ], [ -71.486716434999906, -29.071695416999901 ], [ -71.486717244, -29.071697237 ], [ -71.486720165, -29.071704487 ], [ -71.486721187999905, -29.071706889 ], [ -71.486722057999899, -29.07170875 ], [ -71.486723, -29.071710579999898 ], [ -71.486724021, -29.071712369999901 ], [ -71.486725297, -29.07171435 ], [ -71.486726690999902, -29.071716255999899 ], [ -71.486728204, -29.0717180729999 ], [ -71.486729521, -29.071719464999902 ], [ -71.48673092, -29.071720775 ], [ -71.486733054, -29.071722478 ], [ -71.486734755, -29.071723618 ], [ -71.486736519, -29.071724631999899 ], [ -71.486738327, -29.071725512999901 ], [ -71.486740353999906, -29.071726316 ], [ -71.4867423809999, -29.07172693 ], [ -71.486744371, -29.071727331 ], [ -71.486746288999896, -29.071727484999901 ], [ -71.486747882, -29.071727376999899 ], [ -71.4867493469999, -29.0717270059999 ], [ -71.486750701999895, -29.071726299 ], [ -71.486751528999903, -29.071725602999901 ], [ -71.486752246, -29.0717247659999 ], [ -71.48675323, -29.0717230979999 ], [ -71.486753996999894, -29.071721178 ], [ -71.486754609999906, -29.07171908 ], [ -71.486755124, -29.071716857999899 ], [ -71.486756528999905, -29.0717098709999 ], [ -71.486757102, -29.071707546 ], [ -71.486757860999901, -29.071705112 ], [ -71.486758823999907, -29.0717027809999 ], [ -71.486759521, -29.0717014539999 ], [ -71.486760317999895, -29.071700189999898 ], [ -71.486761884, -29.071698247 ], [ -71.486763542999896, -29.071696699 ], [ -71.486764861, -29.071695717999901 ], [ -71.48676628, -29.071694839 ], [ -71.486767904, -29.071694006 ], [ -71.486769615, -29.071693278999899 ], [ -71.486771227, -29.071692705 ], [ -71.486772887, -29.071692196999901 ], [ -71.486775715, -29.071691476 ], [ -71.486778617, -29.071690861 ], [ -71.486781563, -29.071690314 ], [ -71.486790481999904, -29.071688772 ], [ -71.486792787, -29.071688331 ], [ -71.48679507, -29.0716878449999 ], [ -71.486797322, -29.0716872909999 ], [ -71.486799535, -29.0716866449999 ], [ -71.486801184999905, -29.0716860819999 ], [ -71.486802806999904, -29.071685459 ], [ -71.486805408, -29.071684343 ], [ -71.486810538, -29.071681966 ], [ -71.486813126, -29.071680828 ], [ -71.486815529999902, -29.071679888999899 ], [ -71.486817978, -29.071679066999899 ], [ -71.486820469, -29.071678387 ], [ -71.486822713, -29.071677924 ], [ -71.486824983, -29.071677598999901 ], [ -71.486827424999902, -29.071677408 ], [ -71.486829876999906, -29.071677377 ], [ -71.486831949, -29.071677477 ], [ -71.486834016, -29.071677688 ], [ -71.486836696, -29.071678130999899 ], [ -71.486839340999893, -29.071678751 ], [ -71.486841884999905, -29.071679522999901 ], [ -71.486844377999901, -29.071680441999899 ], [ -71.486846581999899, -29.071681388999899 ], [ -71.486848741, -29.071682433 ], [ -71.486851233, -29.071683774999901 ], [ -71.486853669, -29.071685212 ], [ -71.486856057, -29.0716867249999 ], [ -71.486858395, -29.071688305999899 ], [ -71.486860679, -29.071689949 ], [ -71.486862495, -29.071691336999901 ], [ -71.486866009, -29.071694228999899 ], [ -71.48686796, -29.071695952 ], [ -71.486869861999907, -29.071697712999899 ], [ -71.486871714, -29.07169951 ], [ -71.48687351, -29.071701343 ], [ -71.486875236999893, -29.071703215 ], [ -71.48687688, -29.071705134999899 ], [ -71.48687826, -29.0717069039999 ], [ -71.486879541999897, -29.071708719999901 ], [ -71.486880712999906, -29.071710590999899 ], [ -71.486881712, -29.071712423999902 ], [ -71.486882603, -29.071714302 ], [ -71.486883393, -29.071716221 ], [ -71.486884233999902, -29.0717186269999 ], [ -71.486884967, -29.071721075 ], [ -71.486886236, -29.071726048 ], [ -71.486888598, -29.071736132 ], [ -71.486892003, -29.071749016 ], [ -71.486892634999904, -29.071751570999901 ], [ -71.486893196, -29.071754106 ], [ -71.486893647, -29.071756609 ], [ -71.486893936999905, -29.07175906 ], [ -71.486893999999893, -29.0717614339999 ], [ -71.486893858, -29.071763082 ], [ -71.486893526999907, -29.071764652 ], [ -71.486893086999899, -29.071765887 ], [ -71.486892493, -29.071767034999901 ], [ -71.486891175, -29.0717686959999 ], [ -71.486889914999907, -29.071769726 ], [ -71.486888463, -29.071770538 ], [ -71.486886889999894, -29.071771105 ], [ -71.4868852, -29.071771445 ], [ -71.486883551999895, -29.071771558 ], [ -71.486881856, -29.071771484 ], [ -71.486880288999899, -29.071771258 ], [ -71.486878716, -29.07177089 ], [ -71.486876810999902, -29.071770267 ], [ -71.486874927, -29.071769478 ], [ -71.486873427, -29.07176874 ], [ -71.486871944, -29.071767929 ], [ -71.486869500999902, -29.071766462 ], [ -71.486864613, -29.071763378999901 ], [ -71.486862411999894, -29.071762081 ], [ -71.486860153, -29.071760871 ], [ -71.486858265, -29.071759974 ], [ -71.486856335, -29.071759163 ], [ -71.486854729999905, -29.071758571 ], [ -71.4868531, -29.071758041 ], [ -71.486850617, -29.071757361 ], [ -71.486848096999907, -29.0717568059999 ], [ -71.486845549999899, -29.071756373 ], [ -71.4868429859999, -29.071756061 ], [ -71.486841082, -29.071755912999901 ], [ -71.486839177, -29.071755835 ], [ -71.486836062, -29.071755843999899 ], [ -71.486829313, -29.0717561169999 ], [ -71.486827073, -29.071756139999898 ], [ -71.486824794, -29.071756059999899 ], [ -71.486822527999905, -29.071755858 ], [ -71.486819695, -29.071755417 ], [ -71.486816894, -29.071754801999901 ], [ -71.486814486, -29.071754161999898 ], [ -71.486809678, -29.071752789 ], [ -71.486807243, -29.071752164 ], [ -71.486805455, -29.071751778 ], [ -71.486803645, -29.071751452999901 ], [ -71.486800895, -29.071751080999899 ], [ -71.4867981149999, -29.071750817 ], [ -71.486795314999895, -29.071750633 ], [ -71.486792507, -29.071750503 ], [ -71.486786681, -29.071750352 ], [ -71.486783698999901, -29.071750345999899 ], [ -71.486780776, -29.071750435999899 ], [ -71.486777949, -29.071750665 ], [ -71.486775644, -29.071751017999901 ], [ -71.486773479, -29.071751558 ], [ -71.48677162, -29.071752273999898 ], [ -71.486770464999907, -29.0717529 ], [ -71.486769422999899, -29.071753643 ], [ -71.486768175999899, -29.071754885 ], [ -71.486767401, -29.071755966 ], [ -71.486766766, -29.071757146 ], [ -71.486765966, -29.071759352 ], [ -71.486765466, -29.071761728999899 ], [ -71.486765213999902, -29.071764226 ], [ -71.486765178, -29.0717668 ], [ -71.48676532, -29.07176922 ], [ -71.486765597, -29.071771665 ], [ -71.486765992999906, -29.071774224 ], [ -71.486767352, -29.071781934999901 ], [ -71.486767705, -29.071784513 ], [ -71.486767914, -29.071786787 ], [ -71.486768018, -29.071789060999901 ], [ -71.486768011, -29.071791333 ], [ -71.486767872, -29.0717938189999 ], [ -71.486767619, -29.071796298 ], [ -71.486767278999906, -29.071798772 ], [ -71.486766405, -29.071803701 ], [ -71.486765327999905, -29.071808599999901 ], [ -71.486764047, -29.071813452 ], [ -71.486763306999904, -29.071815850999901 ], [ -71.4867626, -29.071817893999899 ], [ -71.486761827999899, -29.071819917 ], [ -71.486760991, -29.071821917 ], [ -71.4867600809999, -29.071823891 ], [ -71.486758276, -29.071827341 ], [ -71.48675611, -29.071831005 ], [ -71.486752485999901, -29.071836876 ], [ -71.486751345, -29.0718388559999 ], [ -71.486749957, -29.071841484999901 ], [ -71.486747204, -29.071847132 ], [ -71.486746232, -29.071848987 ], [ -71.486745267999893, -29.071850662 ], [ -71.486744231, -29.071852303 ], [ -71.486743116999904, -29.071853906999898 ], [ -71.486741627, -29.071855844 ], [ -71.486740035, -29.071857726 ], [ -71.4867382689999, -29.07185966 ], [ -71.486736438, -29.071861558 ], [ -71.486727008999907, -29.071870933 ], [ -71.486723342999895, -29.071874851 ], [ -71.4867215579999, -29.071876846999899 ], [ -71.486718067, -29.0718808939999 ], [ -71.486708779, -29.07189226 ], [ -71.48670536, -29.071896207999899 ], [ -71.486703459999902, -29.071898293999901 ], [ -71.486699586, -29.071902414 ], [ -71.486693742999904, -29.071908431999901 ], [ -71.486691799, -29.071910347 ], [ -71.486689806999905, -29.0719121999999 ], [ -71.486687738999905, -29.07191396 ], [ -71.486685606, -29.071915562 ], [ -71.486683357999894, -29.0719170099999 ], [ -71.486681427999898, -29.071918054 ], [ -71.486679416, -29.071918969 ], [ -71.486677364999906, -29.071919739999899 ], [ -71.486675251, -29.071920389 ], [ -71.486672950999903, -29.0719209559999 ], [ -71.486670605, -29.071921417999899 ], [ -71.486668159, -29.0719218 ], [ -71.486665687, -29.0719221109999 ], [ -71.486663195999895, -29.0719223689999 ], [ -71.48665297, -29.0719232339999 ], [ -71.486645262, -29.071924018999901 ], [ -71.486642707, -29.071924232 ], [ -71.486640158999904, -29.07192437 ], [ -71.486637688, -29.071924399 ], [ -71.486635231, -29.071924311 ], [ -71.486632794999906, -29.0719240879999 ], [ -71.486630563999896, -29.0719237449999 ], [ -71.486628364, -29.071923275 ], [ -71.4866261989999, -29.071922682 ], [ -71.486624342, -29.0719220679999 ], [ -71.486622513, -29.071921376 ], [ -71.486620508, -29.071920539 ], [ -71.486614437, -29.0719178579999 ], [ -71.486612320999896, -29.071916993999899 ], [ -71.486610517, -29.07191632 ], [ -71.486608686999901, -29.071915702 ], [ -71.486605993, -29.071914912999901 ], [ -71.486603254, -29.071914243 ], [ -71.486600373, -29.071913663 ], [ -71.486597458999896, -29.071913176 ], [ -71.486591572999899, -29.071912384 ], [ -71.486585638, -29.071911739 ], [ -71.486579682999903, -29.071911171 ], [ -71.486570732, -29.071910406 ], [ -71.486564782999906, -29.071909961 ], [ -71.4865440519999, -29.071908556 ], [ -71.486528022, -29.071907315 ], [ -71.486525494, -29.071907188 ], [ -71.486522819, -29.071907116 ], [ -71.486520145, -29.071907118 ], [ -71.486517686, -29.071907188999901 ], [ -71.486515230999899, -29.071907322 ], [ -71.486512628, -29.071907521999901 ], [ -71.486502237, -29.071908508 ], [ -71.486493472999896, -29.071909174 ], [ -71.486490573, -29.071909463999901 ], [ -71.486488131, -29.071909784 ], [ -71.48648571, -29.071910191 ], [ -71.486483501999899, -29.0719106519999 ], [ -71.486481316, -29.071911187999898 ], [ -71.486478468, -29.071911981 ], [ -71.486472805999895, -29.0719136509999 ], [ -71.486469953, -29.071914407999898 ], [ -71.486467922, -29.071914865999901 ], [ -71.486465874, -29.071915252999901 ], [ -71.486463807999897, -29.07191556 ], [ -71.486461718, -29.071915784999899 ], [ -71.486459614999902, -29.071915933 ], [ -71.486457502999897, -29.0719160109999 ], [ -71.486454754, -29.071916025999901 ], [ -71.486446475, -29.071915808 ], [ -71.486443715, -29.07191576 ], [ -71.486440961, -29.071915783999899 ], [ -71.486438490999902, -29.0719158919999 ], [ -71.486436032, -29.071916094999899 ], [ -71.486433588999901, -29.0719164019999 ], [ -71.486430756999894, -29.071916901999899 ], [ -71.486427955, -29.071917540999902 ], [ -71.486425578, -29.071918184 ], [ -71.486420869, -29.071919647 ], [ -71.486410646, -29.07192308 ], [ -71.486405148999907, -29.071925023999899 ], [ -71.486402439999907, -29.071926071999901 ], [ -71.486399892999898, -29.07192714 ], [ -71.486397382, -29.071928269999901 ], [ -71.486390205, -29.071931702 ], [ -71.486387689, -29.071932838 ], [ -71.486385135, -29.071933907999899 ], [ -71.486382336, -29.071934976 ], [ -71.486379498, -29.071935961 ], [ -71.486371151999904, -29.071938576 ], [ -71.486368410999901, -29.071939481 ], [ -71.486366319999902, -29.071940237 ], [ -71.486364281, -29.071941056999901 ], [ -71.486362309999905, -29.071941959999901 ], [ -71.4863599829999, -29.071943222 ], [ -71.486357822999906, -29.071944655 ], [ -71.486356230999903, -29.0719459429999 ], [ -71.486354784, -29.071947350999899 ], [ -71.486353773, -29.071948516 ], [ -71.486352855, -29.071949746 ], [ -71.48635204, -29.071951017999901 ], [ -71.486351312, -29.071952342 ], [ -71.486350264999899, -29.0719546569999 ], [ -71.486349385, -29.071957062 ], [ -71.486348619, -29.07195953 ], [ -71.486345259, -29.071972005 ], [ -71.486343808, -29.071976864 ], [ -71.486343027, -29.071979273 ], [ -71.4863421969999, -29.071981663 ], [ -71.486341304999897, -29.071984024 ], [ -71.486340329, -29.0719863469999 ], [ -71.486339242, -29.071988619 ], [ -71.486338154999899, -29.071990593999899 ], [ -71.486336954, -29.07199251 ], [ -71.486335631, -29.07199436 ], [ -71.486334261, -29.071996043999899 ], [ -71.486332789, -29.071997666 ], [ -71.486331226999894, -29.0719992259999 ], [ -71.486329280999897, -29.072000992 ], [ -71.48632725, -29.072002695 ], [ -71.486325152999896, -29.072004349999901 ], [ -71.486320834, -29.072007565 ], [ -71.486314173, -29.072012231 ], [ -71.486309643, -29.072015247 ], [ -71.486307347, -29.072016716999901 ], [ -71.486303386, -29.072019145 ], [ -71.486299023, -29.072021687 ], [ -71.48628954, -29.0720270589999 ], [ -71.486284865999906, -29.072029823 ], [ -71.486282369, -29.072031384 ], [ -71.486277453, -29.072034603 ], [ -71.486262924, -29.0720445319999 ], [ -71.486258048, -29.072047800999901 ], [ -71.486255582, -29.072049402999902 ], [ -71.486251083999903, -29.0720522129999 ], [ -71.48624653, -29.072054955999899 ], [ -71.486239638, -29.072058991999899 ], [ -71.486230878999905, -29.072064032 ], [ -71.486226390999903, -29.072066737999901 ], [ -71.486221655, -29.072069795999901 ], [ -71.486212123, -29.072076188 ], [ -71.486209698, -29.0720777229999 ], [ -71.486207226, -29.072079191999901 ], [ -71.486205192999904, -29.072080313999901 ], [ -71.486203121999907, -29.072081383 ], [ -71.486201019, -29.0720824009999 ], [ -71.486198648, -29.072083479 ], [ -71.486191456, -29.072086595 ], [ -71.486189081, -29.072087671 ], [ -71.486186688, -29.072088826 ], [ -71.486184331999894, -29.072090041 ], [ -71.486182019999902, -29.072091316 ], [ -71.486179483999905, -29.072092816999898 ], [ -71.486177004, -29.0720943859999 ], [ -71.486174575999897, -29.072096012 ], [ -71.486168254999896, -29.072100469 ], [ -71.486166125999901, -29.072101898 ], [ -71.486163946, -29.072103244999902 ], [ -71.4861624, -29.072104107 ], [ -71.486160814, -29.0721049059999 ], [ -71.486159157, -29.072105646999901 ], [ -71.486157460999905, -29.072106312 ], [ -71.486156008, -29.072106807999901 ], [ -71.48615453, -29.072107247 ], [ -71.486152779, -29.0721076889999 ], [ -71.486151000999897, -29.072108059999898 ], [ -71.486148521, -29.0721084699999 ], [ -71.486146009, -29.072108796 ], [ -71.486138387, -29.072109614999899 ], [ -71.486135959, -29.072109919 ], [ -71.486133537999905, -29.072110274999901 ], [ -71.486130800999902, -29.072110752999901 ], [ -71.486125358, -29.072111881 ], [ -71.486119935, -29.072113139 ], [ -71.486114606999905, -29.072114433 ], [ -71.486109305, -29.072115803 ], [ -71.486106672999895, -29.072116536 ], [ -71.486104059999903, -29.072117314 ], [ -71.486101184999896, -29.072118244 ], [ -71.486098343, -29.0721192399999 ], [ -71.486095534999905, -29.072120299999899 ], [ -71.48608746, -29.072123576 ], [ -71.486084765, -29.072124593999899 ], [ -71.486082043, -29.072125491999898 ], [ -71.48607988, -29.072126078999901 ], [ -71.486077692, -29.072126547 ], [ -71.486075484, -29.0721268839999 ], [ -71.48607377, -29.072127042 ], [ -71.486072049, -29.072127110999901 ], [ -71.486069776, -29.072127067999901 ], [ -71.486067503, -29.0721268839999 ], [ -71.486064618999904, -29.072126474999902 ], [ -71.48606174, -29.072125922999899 ], [ -71.486053086, -29.072123938999901 ], [ -71.486050179, -29.072123319 ], [ -71.486047911, -29.072122898 ], [ -71.48604563, -29.0721225469999 ], [ -71.486043622, -29.072122303999901 ], [ -71.486041606999905, -29.072122124 ], [ -71.486039081999905, -29.0721219869999 ], [ -71.486036551, -29.072121938999899 ], [ -71.486034015, -29.072121966999902 ], [ -71.486031413, -29.072122063999899 ], [ -71.486020987, -29.0721227619999 ], [ -71.486015353, -29.072123071 ], [ -71.486003249, -29.072123443999899 ], [ -71.485997702, -29.0721236649999 ], [ -71.485992666999906, -29.072123953 ], [ -71.485981152, -29.072124741 ], [ -71.485975392999904, -29.072125007999901 ], [ -71.48597251, -29.072125059 ], [ -71.485966738999906, -29.072125028999899 ], [ -71.485952299, -29.072124673 ], [ -71.485946522999896, -29.072124585 ], [ -71.485940765999899, -29.072124624 ], [ -71.485932162, -29.072124835999901 ], [ -71.485926433, -29.072124897 ], [ -71.485923571999905, -29.072124849 ], [ -71.485920512, -29.072124714 ], [ -71.485914397, -29.072124268 ], [ -71.4858933739999, -29.072122485 ], [ -71.485890436, -29.072122148999899 ], [ -71.485887519999906, -29.072121723999899 ], [ -71.485884939, -29.072121244999899 ], [ -71.485882384, -29.072120669 ], [ -71.485879857, -29.072119997 ], [ -71.485877162999898, -29.072119164999901 ], [ -71.485874495, -29.072118248 ], [ -71.485863891, -29.072114289 ], [ -71.485861367, -29.072113391 ], [ -71.485856273, -29.072111702 ], [ -71.485851126999904, -29.072110172 ], [ -71.485848534999903, -29.072109488 ], [ -71.485845663, -29.072108816 ], [ -71.485842777, -29.072108241 ], [ -71.485839881999894, -29.072107785 ], [ -71.485837128999904, -29.072107484 ], [ -71.485834376999904, -29.072107329999898 ], [ -71.485831636999905, -29.072107349 ], [ -71.485829259, -29.072107533 ], [ -71.485826905, -29.072107877999901 ], [ -71.485824113, -29.07210851 ], [ -71.485821375999905, -29.072109350999899 ], [ -71.485818826, -29.072110316 ], [ -71.485816321999906, -29.072111402 ], [ -71.485809081, -29.072114859 ], [ -71.48580665, -29.072115919999899 ], [ -71.485804881, -29.072116600999902 ], [ -71.485803088, -29.072117192 ], [ -71.485801067, -29.072117723 ], [ -71.485799022, -29.072118111 ], [ -71.485796963, -29.072118347 ], [ -71.485794158, -29.072118401999901 ], [ -71.485791369, -29.072118152 ], [ -71.485789509, -29.07211781 ], [ -71.485787677, -29.072117336 ], [ -71.485785989, -29.072116781 ], [ -71.485784329, -29.072116131 ], [ -71.485782039, -29.072115079 ], [ -71.485779787999903, -29.0721139149999 ], [ -71.485773069999894, -29.0721102259999 ], [ -71.485770777, -29.072109076999901 ], [ -71.485768323999906, -29.0721079969999 ], [ -71.485765992, -29.0721071359999 ], [ -71.48576324, -29.072106305 ], [ -71.485761059, -29.0721057609999 ], [ -71.485752872, -29.072104055999901 ], [ -71.485748606, -29.072103082 ], [ -71.485743549999896, -29.072101749999899 ], [ -71.485736574, -29.072099791 ], [ -71.485731141, -29.072098411 ], [ -71.485725659, -29.072097179 ], [ -71.485720134, -29.072096111 ], [ -71.485717155, -29.072095615 ], [ -71.485708207, -29.07209424 ], [ -71.485705240999906, -29.072093739 ], [ -71.485702297, -29.072093174 ], [ -71.485699891, -29.072092644999898 ], [ -71.4856927229999, -29.072090935999899 ], [ -71.485690329, -29.072090408 ], [ -71.485686336, -29.072089677 ], [ -71.485684326999902, -29.0720894 ], [ -71.485681386, -29.072089119999902 ], [ -71.485678438, -29.072088963999899 ], [ -71.485671079, -29.072088832 ], [ -71.485668666, -29.072088725 ], [ -71.485666288999894, -29.072088508 ], [ -71.485663896999895, -29.072088118999901 ], [ -71.485661864, -29.072087613999901 ], [ -71.485659896999906, -29.0720869479999 ], [ -71.485658134999895, -29.0720861789999 ], [ -71.485656779, -29.072085467 ], [ -71.485655465, -29.072084678 ], [ -71.485653535, -29.072083349 ], [ -71.485651672, -29.072081903 ], [ -71.48564985, -29.072080374999899 ], [ -71.485644124, -29.0720753109999 ], [ -71.485639775, -29.07207163 ], [ -71.485637539, -29.072069876999901 ], [ -71.485635246, -29.072068224 ], [ -71.485632876999901, -29.072066714 ], [ -71.485631032, -29.072065703 ], [ -71.485629135, -29.072064817 ], [ -71.485627184, -29.072064076999901 ], [ -71.4856244919999, -29.07206335 ], [ -71.485621736, -29.072062936999899 ], [ -71.485619342999897, -29.072062845999898 ], [ -71.485616945999894, -29.072062999 ], [ -71.485615283999906, -29.0720632489999 ], [ -71.485613633999904, -29.072063609999901 ], [ -71.4856114, -29.072064268 ], [ -71.485609197, -29.072065080999899 ], [ -71.485607027999905, -29.072066010999901 ], [ -71.485600550999905, -29.072069109 ], [ -71.485597925, -29.072070321999899 ], [ -71.485595264, -29.072071478999899 ], [ -71.485592571, -29.072072568 ], [ -71.485589846, -29.072073572 ], [ -71.485587088, -29.072074466999901 ], [ -71.485584522, -29.072075169999898 ], [ -71.485581929, -29.072075743 ], [ -71.485579316, -29.072076165999899 ], [ -71.485577308, -29.072076373 ], [ -71.485575293999901, -29.0720764779999 ], [ -71.485573277999904, -29.0720764779999 ], [ -71.485570755, -29.072076329 ], [ -71.485568238, -29.072076033 ], [ -71.485565734, -29.072075605999899 ], [ -71.485563027, -29.072075013 ], [ -71.485560332, -29.072074324 ], [ -71.48554817, -29.072070905 ], [ -71.485545214999902, -29.072070139999902 ], [ -71.485539270999894, -29.072068725 ], [ -71.485533292, -29.072067476 ], [ -71.48553029, -29.072066931999899 ], [ -71.485527278999896, -29.072066461 ], [ -71.485524257, -29.0720660879999 ], [ -71.485521624999905, -29.072065861999899 ], [ -71.485518984999899, -29.072065725999899 ], [ -71.485516039999894, -29.072065671 ], [ -71.485513093, -29.072065705999901 ], [ -71.485510144, -29.072065818999899 ], [ -71.485507503, -29.072065981 ], [ -71.485499584, -29.072066567 ], [ -71.485496941999898, -29.072066713 ], [ -71.485492603999901, -29.072066823999901 ], [ -71.485490434, -29.072066826 ], [ -71.485485534, -29.0720667329999 ], [ -71.485474978, -29.072066452999898 ], [ -71.48547216, -29.072066311 ], [ -71.485468571, -29.072065973 ], [ -71.485465602, -29.072065521 ], [ -71.485463349, -29.072065069 ], [ -71.485461116, -29.072064542 ], [ -71.485458498999904, -29.072063844 ], [ -71.485453306999901, -29.0720623879999 ], [ -71.485450712, -29.072061726999902 ], [ -71.4854481039999, -29.072061182 ], [ -71.485445323, -29.072060791999899 ], [ -71.485442528, -29.0720606269999 ], [ -71.485439696, -29.0720607169999 ], [ -71.485436870999905, -29.072061039999902 ], [ -71.48543416, -29.072061547 ], [ -71.485431461, -29.072062192 ], [ -71.485423359, -29.072064473999902 ], [ -71.485420631, -29.072065213 ], [ -71.485418384999903, -29.072065764999898 ], [ -71.48541612, -29.072066261 ], [ -71.4854138379999, -29.072066693999901 ], [ -71.485411406, -29.072067078 ], [ -71.48540896, -29.072067395 ], [ -71.485406385, -29.072067667999899 ], [ -71.485395722, -29.072068643 ], [ -71.485381231, -29.072070325 ], [ -71.485378329, -29.072070628999899 ], [ -71.48537293, -29.0720710639999 ], [ -71.485367945999897, -29.072071295999901 ], [ -71.485362989, -29.072071375 ], [ -71.485360532999906, -29.072071348 ], [ -71.485358097999907, -29.072071259 ], [ -71.485355692, -29.072071084999902 ], [ -71.485353324, -29.072070799999899 ], [ -71.485351007, -29.072070369 ], [ -71.485349411, -29.072069957999901 ], [ -71.485347853999897, -29.072069453 ], [ -71.485345541999905, -29.072068493 ], [ -71.485344021999893, -29.072067725999901 ], [ -71.485342537, -29.072066887999899 ], [ -71.485340384, -29.072065547 ], [ -71.485336135, -29.072062745 ], [ -71.485333974999904, -29.072061402 ], [ -71.485332172, -29.072060399 ], [ -71.485330317, -29.072059505 ], [ -71.485327774, -29.072058533 ], [ -71.485325151, -29.072057822 ], [ -71.485323103, -29.072057469999901 ], [ -71.485321036999906, -29.072057284 ], [ -71.485318968999906, -29.072057263 ], [ -71.485316712, -29.072057436 ], [ -71.485314493, -29.072057817 ], [ -71.485312980999893, -29.072058207999898 ], [ -71.485311506999906, -29.072058704 ], [ -71.485309975, -29.072059351 ], [ -71.485308504, -29.072060114 ], [ -71.485307097, -29.072060989 ], [ -71.485305756999907, -29.0720619639999 ], [ -71.485303857, -29.072063589 ], [ -71.485302065, -29.07206536 ], [ -71.485300351, -29.072067235 ], [ -71.485297053, -29.07207117 ], [ -71.485286759, -29.072083829999901 ], [ -71.485283363999898, -29.072088198 ], [ -71.48528176, -29.072090427 ], [ -71.485280546999903, -29.0720922309999 ], [ -71.485279383, -29.072094057 ], [ -71.485275342, -29.072100685 ], [ -71.485273935999899, -29.072102824 ], [ -71.485272430999899, -29.072104878999902 ], [ -71.485271091, -29.072106479999899 ], [ -71.48526964, -29.072107980999899 ], [ -71.485268435, -29.072109059999899 ], [ -71.4852671579999, -29.072110063 ], [ -71.485265592, -29.072111121 ], [ -71.485263938999907, -29.072112073 ], [ -71.48526221, -29.072112918 ], [ -71.48526034, -29.07211368 ], [ -71.48525841, -29.072114333999899 ], [ -71.485256432, -29.072114887999899 ], [ -71.4852546, -29.072115311999902 ], [ -71.485252749, -29.072115675 ], [ -71.485246037, -29.072116867 ], [ -71.485243861999905, -29.072117375999898 ], [ -71.485242092, -29.072117906 ], [ -71.485240381, -29.072118547999899 ], [ -71.485238491, -29.072119441 ], [ -71.485236697999895, -29.072120485 ], [ -71.485234558999906, -29.072121997 ], [ -71.485232521999905, -29.072123658 ], [ -71.485228552, -29.072127184 ], [ -71.485226521999905, -29.072128937999899 ], [ -71.485225212, -29.072129998 ], [ -71.48522386, -29.072131021 ], [ -71.485222434, -29.072132016 ], [ -71.485220959999893, -29.07213296 ], [ -71.485218892, -29.072134149 ], [ -71.485216753, -29.07213525 ], [ -71.485214556999907, -29.072136272 ], [ -71.48521198, -29.072137363 ], [ -71.485204186, -29.072140503999901 ], [ -71.48520167, -29.072141649999899 ], [ -71.485199285, -29.0721429 ], [ -71.485197024999906, -29.072144293999902 ], [ -71.485195023, -29.072145765999899 ], [ -71.485193161, -29.072147378999901 ], [ -71.485191787, -29.072148748 ], [ -71.485190498, -29.072150189999899 ], [ -71.485189287, -29.072151694999899 ], [ -71.485188069999893, -29.072153371999899 ], [ -71.485186922, -29.0721550979999 ], [ -71.485183354, -29.07216097 ], [ -71.485182124999895, -29.072162917999901 ], [ -71.485180892999907, -29.072164729 ], [ -71.485179586999905, -29.072166497999898 ], [ -71.485178203, -29.07216822 ], [ -71.485176453, -29.072170190999898 ], [ -71.485174604999898, -29.072172088999899 ], [ -71.485172674999902, -29.072173915 ], [ -71.485170668, -29.0721756629999 ], [ -71.485168587, -29.072177321 ], [ -71.485166429999893, -29.072178865999899 ], [ -71.485164181999906, -29.072180263999901 ], [ -71.485161902, -29.072181440999898 ], [ -71.485159527999897, -29.072182413 ], [ -71.485157681, -29.072182991 ], [ -71.485155791, -29.072183428999899 ], [ -71.485153846999907, -29.072183723 ], [ -71.485151877, -29.072183872 ], [ -71.485149890999907, -29.072183880999901 ], [ -71.485147347999899, -29.072183691 ], [ -71.485144808, -29.0721833019999 ], [ -71.485142283999906, -29.072182734 ], [ -71.485139913, -29.072182043999899 ], [ -71.485137564999903, -29.072181234 ], [ -71.485135242, -29.072180331 ], [ -71.485132941, -29.072179352 ], [ -71.485130289, -29.072178138 ], [ -71.4851224129999, -29.07217435 ], [ -71.485119781, -29.072173146 ], [ -71.485117127, -29.072172032 ], [ -71.485114436999893, -29.072171051999899 ], [ -71.485112375, -29.072170432999901 ], [ -71.485110283, -29.072169935 ], [ -71.485108201999907, -29.072169578999901 ], [ -71.485106422999905, -29.072169383999899 ], [ -71.485104632999906, -29.072169281999901 ], [ -71.485102847, -29.07216927 ], [ -71.485101056, -29.072169338 ], [ -71.485098099, -29.072169604 ], [ -71.485095136, -29.072170007 ], [ -71.485083443999898, -29.072172028999901 ], [ -71.485077901999901, -29.072172856 ], [ -71.485075422, -29.072173167 ], [ -71.48507045, -29.072173692 ], [ -71.485060255, -29.072174528999899 ], [ -71.485055148999905, -29.0721750189999 ], [ -71.485051692999903, -29.072175463 ], [ -71.485043065999903, -29.072176842 ], [ -71.485040494, -29.072177161 ], [ -71.485038325999895, -29.072177328 ], [ -71.485036153, -29.072177381 ], [ -71.485034115, -29.072177317 ], [ -71.485032078, -29.072177154 ], [ -71.485030045, -29.0721769039999 ], [ -71.485027284999902, -29.0721764419999 ], [ -71.48502453, -29.072175876 ], [ -71.485019028999901, -29.072174554999901 ], [ -71.485010746999905, -29.0721724479999 ], [ -71.485005544, -29.07217123 ], [ -71.484989336999902, -29.072167669 ], [ -71.484986455, -29.0721670779999 ], [ -71.484983563, -29.072166545 ], [ -71.484979191, -29.072165901999899 ], [ -71.484976992, -29.0721656589999 ], [ -71.484972603, -29.072165341 ], [ -71.484970402, -29.072165256999899 ], [ -71.484967524999902, -29.072165218 ], [ -71.484964647, -29.072165248 ], [ -71.48496177, -29.072165339 ], [ -71.484958898999906, -29.0721654889999 ], [ -71.484956032999904, -29.072165701 ], [ -71.484953181, -29.072165986 ], [ -71.484950345999906, -29.072166363999902 ], [ -71.484948054, -29.07216675 ], [ -71.484945777, -29.072167204 ], [ -71.484943517, -29.072167723 ], [ -71.484941273999894, -29.072168303 ], [ -71.484938747999905, -29.072169034 ], [ -71.484936241999904, -29.072169828 ], [ -71.48493375, -29.072170667 ], [ -71.484928796, -29.072172432999899 ], [ -71.484918691, -29.072176231999901 ], [ -71.484913548999899, -29.072178257 ], [ -71.484911001999905, -29.0721793079999 ], [ -71.484902823, -29.072182817999899 ], [ -71.484900076, -29.072183929999898 ], [ -71.484897474, -29.072184899 ], [ -71.484894837, -29.072185781 ], [ -71.484892591999895, -29.072186447 ], [ -71.484890322, -29.072187051 ], [ -71.484887549999897, -29.072187711 ], [ -71.484879153, -29.072189501 ], [ -71.48487636, -29.072190125 ], [ -71.484873443, -29.072190841999898 ], [ -71.484870546, -29.072191620999899 ], [ -71.484867674, -29.072192463 ], [ -71.484864828999903, -29.072193375 ], [ -71.48486202, -29.072194367 ], [ -71.484859252, -29.07219545 ], [ -71.484856524999898, -29.072196617 ], [ -71.484853839, -29.07219786 ], [ -71.484851267, -29.072199130999898 ], [ -71.484843629999901, -29.072203056 ], [ -71.484841057, -29.0722043019999 ], [ -71.484838538, -29.0722054239999 ], [ -71.484835977, -29.0722064449999 ], [ -71.484833769, -29.072207214999899 ], [ -71.484831530999898, -29.072207885 ], [ -71.484829265, -29.072208444 ], [ -71.484826988, -29.072208874999902 ], [ -71.484824691, -29.072209179 ], [ -71.48482238, -29.072209348999898 ], [ -71.484820398999901, -29.072209380999901 ], [ -71.484818417, -29.072209309 ], [ -71.484816441, -29.072209136 ], [ -71.484814355, -29.072208842 ], [ -71.484812282999897, -29.072208445999902 ], [ -71.484810226, -29.0722079569999 ], [ -71.484807487999902, -29.07220717 ], [ -71.484804772, -29.072206276 ], [ -71.484796651999901, -29.07220337 ], [ -71.484793919, -29.072202445999899 ], [ -71.484791475, -29.072201692 ], [ -71.484789003999893, -29.072201009 ], [ -71.484786275, -29.072200352 ], [ -71.484783524, -29.072199772 ], [ -71.484780757, -29.072199252 ], [ -71.484775404999894, -29.07219838 ], [ -71.484772828, -29.072198026 ], [ -71.484770247, -29.0721977339999 ], [ -71.484767663999904, -29.0721975229999 ], [ -71.484765024, -29.072197414999899 ], [ -71.4847623859999, -29.072197428 ], [ -71.484760004, -29.072197550999899 ], [ -71.484757628999901, -29.072197779 ], [ -71.484755267, -29.072198107 ], [ -71.484752613999902, -29.072198598999901 ], [ -71.484749979999904, -29.072199199999901 ], [ -71.484747365, -29.072199893999901 ], [ -71.484744975, -29.072200602999899 ], [ -71.484742598, -29.072201360999902 ], [ -71.484732640999894, -29.0722046879999 ], [ -71.484729782, -29.0722055859999 ], [ -71.484726914, -29.072206428999898 ], [ -71.484724039999904, -29.072207193999901 ], [ -71.484721156, -29.072207851 ], [ -71.484718261999902, -29.072208358999902 ], [ -71.484715848, -29.0722086339999 ], [ -71.484713433, -29.072208756999899 ], [ -71.48471111, -29.072208717 ], [ -71.484708801, -29.072208517 ], [ -71.484706283, -29.072208111999899 ], [ -71.484703795, -29.07220754 ], [ -71.484701016, -29.072206738 ], [ -71.484693557999904, -29.072204315 ], [ -71.484689546, -29.072203185 ], [ -71.48468745, -29.072202674 ], [ -71.484684801999904, -29.072202094 ], [ -71.484674102, -29.07219995 ], [ -71.484668765, -29.072198710999899 ], [ -71.48466588, -29.072197958999901 ], [ -71.484660141999896, -29.072196334999902 ], [ -71.484643992, -29.072191516 ], [ -71.4846360559999, -29.072189045999899 ], [ -71.484624483999895, -29.072185288999901 ], [ -71.484621573, -29.072184396999901 ], [ -71.484616023999905, -29.0721828289999 ], [ -71.484610476999904, -29.0721814189999 ], [ -71.484607723, -29.072180784 ], [ -71.484605136, -29.072180241999899 ], [ -71.484602579, -29.072179789 ], [ -71.484600068, -29.072179467 ], [ -71.484597612999906, -29.072179327 ], [ -71.484595537, -29.072179402 ], [ -71.484593542, -29.072179696 ], [ -71.484592313, -29.072180019 ], [ -71.484591135999906, -29.072180452999898 ], [ -71.484589216, -29.072181486 ], [ -71.484587488, -29.07218281 ], [ -71.484585696999901, -29.0721845539999 ], [ -71.484582197999899, -29.0721883759999 ], [ -71.484580477, -29.072190056999901 ], [ -71.484579208, -29.072191154999899 ], [ -71.484577864999906, -29.0721922 ], [ -71.484575988, -29.072193501 ], [ -71.484574011999896, -29.072194716 ], [ -71.484571955, -29.072195853 ], [ -71.484569601, -29.072197027 ], [ -71.484567184, -29.072198129999901 ], [ -71.484564714, -29.072199167999901 ], [ -71.484562205, -29.072200148 ], [ -71.484557922, -29.072201677 ], [ -71.484549812, -29.072204376999899 ], [ -71.484547348, -29.072205246 ], [ -71.484542320999907, -29.072207171999899 ], [ -71.484535600999905, -29.072209922 ], [ -71.484533512, -29.072210722 ], [ -71.484531402999906, -29.072211454 ], [ -71.484528737999895, -29.072212228999899 ], [ -71.484526027999905, -29.072212833 ], [ -71.484523623, -29.072213205 ], [ -71.484521192, -29.072213435 ], [ -71.484518577, -29.0722135349999 ], [ -71.484515947, -29.072213508999901 ], [ -71.484513308, -29.072213372 ], [ -71.484510901, -29.072213162 ], [ -71.484506086, -29.072212559 ], [ -71.484492572, -29.072210379999898 ], [ -71.484487596999898, -29.072209724999901 ], [ -71.484472287999907, -29.072208157 ], [ -71.484457098, -29.072206284999901 ], [ -71.484454058, -29.0722059789999 ], [ -71.484451029999903, -29.072205751999899 ], [ -71.484448229, -29.0722056339999 ], [ -71.484445465, -29.072205606999901 ], [ -71.484442758999904, -29.072205665999899 ], [ -71.484440145999898, -29.072205816999901 ], [ -71.484437667, -29.072206075999901 ], [ -71.484435381, -29.072206465 ], [ -71.484433359, -29.072207021999901 ], [ -71.484431700999906, -29.072207793 ], [ -71.484430956, -29.072208359999902 ], [ -71.4844304, -29.072209019 ], [ -71.484430211, -29.072209363 ], [ -71.484429969, -29.072210197999901 ], [ -71.484430023, -29.072211489 ], [ -71.484430612, -29.072213184 ], [ -71.484431636999901, -29.0722149499999 ], [ -71.484432984, -29.072216774 ], [ -71.484434563, -29.072218636999899 ], [ -71.484436304, -29.072220522999899 ], [ -71.48443816, -29.0722224209999 ], [ -71.484442077, -29.072226229 ], [ -71.484449599, -29.072233368 ], [ -71.484451419, -29.072235185999901 ], [ -71.484453180999907, -29.072237034 ], [ -71.484455399, -29.072239543 ], [ -71.484456709, -29.072241145 ], [ -71.484457967, -29.0722427699999 ], [ -71.484461831, -29.0722480119999 ], [ -71.48446317, -29.072249712 ], [ -71.484465158, -29.072251966 ], [ -71.4844669619999, -29.072253753 ], [ -71.484468877, -29.072255452 ], [ -71.484471035, -29.072257188 ], [ -71.484477698, -29.072262227 ], [ -71.484479831, -29.072263982 ], [ -71.484481038, -29.072265066999901 ], [ -71.484482197, -29.072266189999901 ], [ -71.48448331, -29.072267359 ], [ -71.484484375, -29.072268563 ], [ -71.48448597, -29.072270534 ], [ -71.484487485, -29.072272563999899 ], [ -71.484496218999894, -29.072285194 ], [ -71.484499077, -29.072289467 ], [ -71.484500431, -29.072291630999899 ], [ -71.484501704, -29.072293827 ], [ -71.484502673, -29.072295665 ], [ -71.484503560999897, -29.072297533 ], [ -71.484504361999896, -29.072299428 ], [ -71.484505159, -29.072301611999901 ], [ -71.484505854, -29.072303824999899 ], [ -71.484506463999907, -29.07230606 ], [ -71.484508010999903, -29.072312737999901 ], [ -71.484508548, -29.072314955 ], [ -71.484509156999906, -29.072317154 ], [ -71.484509715999906, -29.072318897999899 ], [ -71.484510347, -29.0723206219999 ], [ -71.484511048999906, -29.072322323 ], [ -71.484512064999905, -29.072324491 ], [ -71.484513174, -29.0723266279999 ], [ -71.484514342999901, -29.072328749999901 ], [ -71.484517952, -29.072335162999899 ], [ -71.484523881, -29.072346153 ], [ -71.484529283, -29.072355763 ], [ -71.484532058999903, -29.072360536 ], [ -71.484534894, -29.0723652799999 ], [ -71.484538774, -29.072371479 ], [ -71.484541449999895, -29.072375565 ], [ -71.484544222, -29.072379597999898 ], [ -71.484547506, -29.072384063 ], [ -71.484550938, -29.072388442 ], [ -71.484552712, -29.072390595999899 ], [ -71.484554429999903, -29.07239261 ], [ -71.484557949, -29.072396587 ], [ -71.48457052, -29.07241034 ], [ -71.484575779999901, -29.072416315999899 ], [ -71.484580378, -29.072421893 ], [ -71.484591237, -29.072435405 ], [ -71.484594433, -29.072439594999899 ], [ -71.484596048, -29.072441809999901 ], [ -71.484599187, -29.072446291999899 ], [ -71.484600711, -29.072448554999902 ], [ -71.484603649, -29.072453136 ], [ -71.484609587, -29.072463019999901 ], [ -71.484611543, -29.072466015 ], [ -71.484614613, -29.072470327 ], [ -71.484617844, -29.0724745549999 ], [ -71.484622897999898, -29.07248078 ], [ -71.48462985, -29.072488952 ], [ -71.484635182, -29.072494998 ], [ -71.484638840999907, -29.072498949 ], [ -71.484640724, -29.072500883 ], [ -71.48464411, -29.072504154999901 ], [ -71.484647598, -29.0725073199999 ], [ -71.484654635, -29.072513549 ], [ -71.484663994999906, -29.072522353 ], [ -71.484665886, -29.0725241 ], [ -71.484669482, -29.072527297 ], [ -71.484673141, -29.072530437 ], [ -71.484676970999899, -29.072533646999901 ], [ -71.4846810129999, -29.072536876 ], [ -71.484683096, -29.072538419 ], [ -71.484685263999907, -29.072539911 ], [ -71.484687483999906, -29.072541341 ], [ -71.484689746, -29.072542717 ], [ -71.484692042999896, -29.072544046 ], [ -71.484694369, -29.0725453219999 ], [ -71.484696731, -29.072546536999901 ], [ -71.48469914, -29.072547671999899 ], [ -71.484701136, -29.072548522 ], [ -71.484703163999896, -29.072549314 ], [ -71.484712906, -29.072552781999899 ], [ -71.484722259, -29.072556451 ], [ -71.484724883999903, -29.0725574259999 ], [ -71.484727536, -29.072558348 ], [ -71.484729773, -29.072559070999901 ], [ -71.484734293, -29.072560411 ], [ -71.484744459, -29.072563175 ], [ -71.484746967, -29.072563906 ], [ -71.484749437999895, -29.07256469 ], [ -71.484751856999907, -29.072565552999901 ], [ -71.484754210999895, -29.072566524 ], [ -71.484756477, -29.072567616999901 ], [ -71.484758165, -29.072568561 ], [ -71.484759781, -29.072569590999901 ], [ -71.484761149999898, -29.072570578 ], [ -71.484762454, -29.072571629 ], [ -71.484764023, -29.072573055 ], [ -71.484765494, -29.072574569 ], [ -71.484766969, -29.072576274 ], [ -71.484768372, -29.0725780409999 ], [ -71.484772451, -29.072583483 ], [ -71.484774031, -29.072585488 ], [ -71.484775687, -29.072587445999901 ], [ -71.484777366999893, -29.072589272999899 ], [ -71.484779127, -29.0725910469999 ], [ -71.48478082, -29.072592653999902 ], [ -71.484787734, -29.072598983 ], [ -71.484790744999898, -29.07260202 ], [ -71.484792178, -29.072603589 ], [ -71.484793555, -29.072605193999902 ], [ -71.48479477, -29.072606713 ], [ -71.484795926999894, -29.072608268 ], [ -71.484797017999895, -29.0726098559999 ], [ -71.484798466, -29.072612187999901 ], [ -71.484799807999906, -29.0726145739999 ], [ -71.484802299, -29.072619449999902 ], [ -71.484810743, -29.072636975 ], [ -71.484811689, -29.072639038 ], [ -71.484812562999906, -29.072641115 ], [ -71.484813334, -29.0726432119999 ], [ -71.484814015, -29.072645528 ], [ -71.484814493, -29.072647768 ], [ -71.484814816, -29.072650031 ], [ -71.484815006, -29.072652346 ], [ -71.484815335, -29.072659345 ], [ -71.484815556999905, -29.072661663 ], [ -71.484815891, -29.072663975 ], [ -71.484816286, -29.072666034999902 ], [ -71.484817289, -29.072670138 ], [ -71.484818589, -29.072674639999899 ], [ -71.484819352, -29.072677088 ], [ -71.484820994, -29.072681959 ], [ -71.484821879, -29.072684369999902 ], [ -71.484822817999898, -29.0726867559999 ], [ -71.48482382, -29.072689104999899 ], [ -71.48482753, -29.072696913999899 ], [ -71.484828461999896, -29.072699193999899 ], [ -71.484829125, -29.072701439 ], [ -71.484829388, -29.072703421 ], [ -71.484829238, -29.072705415 ], [ -71.484828738, -29.072707001 ], [ -71.48482813, -29.0727081379999 ], [ -71.484827341, -29.0727092119999 ], [ -71.4848265319999, -29.072710092 ], [ -71.484825622, -29.072710929 ], [ -71.484823999, -29.072712206999899 ], [ -71.484818557, -29.072715926999901 ], [ -71.484816543, -29.072717423 ], [ -71.484814646, -29.072719021999902 ], [ -71.484812989, -29.072720659 ], [ -71.484811528, -29.072722389 ], [ -71.484810501, -29.072723875 ], [ -71.484809658, -29.072725407999901 ], [ -71.484809032, -29.072726979 ], [ -71.484808605999902, -29.0727290049999 ], [ -71.484808610999906, -29.072730835 ], [ -71.484808941, -29.072732535999901 ], [ -71.484809548, -29.072734212999901 ], [ -71.484810287, -29.072735667 ], [ -71.484811188, -29.072737088999901 ], [ -71.484812468, -29.072738770999901 ], [ -71.48481391, -29.072740408999898 ], [ -71.484815483, -29.072742005 ], [ -71.484817157999899, -29.0727435589999 ], [ -71.484818922, -29.072745072 ], [ -71.48482096, -29.072746695 ], [ -71.484823073, -29.072748267 ], [ -71.484827437, -29.072751264 ], [ -71.484831923999906, -29.072754142999901 ], [ -71.484841033999899, -29.072759815 ], [ -71.48484547, -29.072762726 ], [ -71.484847615, -29.07276424 ], [ -71.484849687, -29.072765814 ], [ -71.484851428999903, -29.072767261 ], [ -71.484853092, -29.07276877 ], [ -71.484854668, -29.072770343999899 ], [ -71.484856376, -29.072772254 ], [ -71.484857963, -29.072774247 ], [ -71.484859572999895, -29.072776514999902 ], [ -71.484861076, -29.072778847999899 ], [ -71.484862506999903, -29.072781227 ], [ -71.484863882, -29.072783639 ], [ -71.484866522999894, -29.072788526999901 ], [ -71.484869056, -29.072793465 ], [ -71.484871462999905, -29.072798447 ], [ -71.484872593, -29.072800958999899 ], [ -71.484873649, -29.072803493 ], [ -71.484875072, -29.072807398999899 ], [ -71.4848757, -29.072809374 ], [ -71.484876266999905, -29.072811362 ], [ -71.484876892, -29.072813885999899 ], [ -71.484877435, -29.072816426 ], [ -71.484877916, -29.072818977999901 ], [ -71.484878344, -29.0728215409999 ], [ -71.48487907, -29.072826683999899 ], [ -71.484879367, -29.0728292639999 ], [ -71.484879808, -29.0728341189999 ], [ -71.484880828, -29.0728487129999 ], [ -71.484881260999899, -29.072853688 ], [ -71.484882124, -29.072861307 ], [ -71.484882857999906, -29.0728663679999 ], [ -71.484883278, -29.072868833 ], [ -71.484884227, -29.0728737479999 ], [ -71.484885289, -29.0728786449999 ], [ -71.484886468999903, -29.072883518 ], [ -71.484887118999893, -29.072885941 ], [ -71.484887871, -29.0728885189999 ], [ -71.484888683, -29.072891081 ], [ -71.484889558, -29.0728936259999 ], [ -71.484890504, -29.072896151 ], [ -71.484891461, -29.072898488 ], [ -71.484893521999894, -29.072903117 ], [ -71.484898899, -29.072914437999898 ], [ -71.484902124, -29.072921054999899 ], [ -71.48490438, -29.072925422 ], [ -71.484907038999907, -29.072930168 ], [ -71.484909823, -29.072934861 ], [ -71.484912692, -29.072939516 ], [ -71.484915644, -29.072944126 ], [ -71.484918725999904, -29.072948660999899 ], [ -71.484920345, -29.072950880999901 ], [ -71.484922024, -29.072953039 ], [ -71.484923777999896, -29.072955147 ], [ -71.484925615, -29.072957196999901 ], [ -71.484927095, -29.072958733999901 ], [ -71.484928628, -29.072960231 ], [ -71.484930214, -29.0729616859999 ], [ -71.484932168999904, -29.0729633679999 ], [ -71.484934178999893, -29.072965000999901 ], [ -71.484940277, -29.072969789 ], [ -71.484942239, -29.072971432 ], [ -71.484943898, -29.072972929999899 ], [ -71.484945475, -29.0729744829999 ], [ -71.484946957, -29.072976094999898 ], [ -71.484948576, -29.072978097 ], [ -71.484950029999894, -29.072980184999899 ], [ -71.484951286999902, -29.072982318 ], [ -71.48495236, -29.072984522999899 ], [ -71.484953033, -29.072986219 ], [ -71.484953592, -29.072987947999898 ], [ -71.484954143, -29.072990223 ], [ -71.484954514, -29.072992536999902 ], [ -71.484954719, -29.072994892999901 ], [ -71.484954796, -29.07299727 ], [ -71.484954715, -29.073002071 ], [ -71.484954038, -29.073016279999901 ], [ -71.484953627, -29.073020928999899 ], [ -71.484953307999902, -29.073023227 ], [ -71.484952925999906, -29.073025272999899 ], [ -71.484952439, -29.07302729 ], [ -71.484951832, -29.073029268 ], [ -71.484951238999898, -29.073030832 ], [ -71.484950550999898, -29.073032358 ], [ -71.484949558, -29.073034196 ], [ -71.484948416999899, -29.07303596 ], [ -71.484946948, -29.0730378659999 ], [ -71.484945320999898, -29.073039670999901 ], [ -71.484943557999898, -29.073041374 ], [ -71.484941668, -29.073042964 ], [ -71.484939649999902, -29.073044422999899 ], [ -71.484938225999898, -29.073045313 ], [ -71.484936744, -29.073046126999898 ], [ -71.484934919999901, -29.073046987999899 ], [ -71.484933026, -29.073047742 ], [ -71.484930575, -29.073048549 ], [ -71.484928054, -29.0730492389999 ], [ -71.484922883, -29.073050415999901 ], [ -71.484912591999901, -29.0730525069999 ], [ -71.484910021, -29.073052966 ], [ -71.48490859, -29.073053178 ], [ -71.484905343, -29.0730536579999 ], [ -71.484903, -29.073053925 ], [ -71.484900514999893, -29.073054143 ], [ -71.484898038, -29.0730543 ], [ -71.484887542, -29.073054634 ], [ -71.484884988, -29.073054858 ], [ -71.484882586, -29.073055288 ], [ -71.484880625999907, -29.073055914999902 ], [ -71.484879139, -29.0730566619999 ], [ -71.484878067999901, -29.073057422 ], [ -71.484876680999903, -29.073058831 ], [ -71.484875547999906, -29.073060502 ], [ -71.484874615, -29.073062364999899 ], [ -71.484873818, -29.073064368 ], [ -71.484871044, -29.073072854 ], [ -71.4848702849999, -29.073074962 ], [ -71.484869446999895, -29.073077041 ], [ -71.484868498, -29.073079071999899 ], [ -71.4848675329999, -29.073080827 ], [ -71.48486645, -29.073082515 ], [ -71.484865241, -29.073084122999902 ], [ -71.484863648, -29.073085891999899 ], [ -71.484861877999904, -29.073087519999898 ], [ -71.484859832, -29.073089073999899 ], [ -71.484857629, -29.073090462 ], [ -71.484855286, -29.073091684 ], [ -71.484852896999897, -29.073092701999901 ], [ -71.484850413999894, -29.073093567999901 ], [ -71.484847856, -29.073094291 ], [ -71.48484519, -29.073094886 ], [ -71.484842487, -29.073095371 ], [ -71.48483977, -29.073095776999899 ], [ -71.484833882, -29.073096563 ], [ -71.484831041999897, -29.073097014 ], [ -71.484828332999896, -29.0730975889999 ], [ -71.484825816999901, -29.073098365 ], [ -71.484824453, -29.073098952 ], [ -71.484823202, -29.073099649 ], [ -71.484821599, -29.0731008939999 ], [ -71.484820531, -29.0731020919999 ], [ -71.484819494, -29.073103783 ], [ -71.484818741, -29.073105604 ], [ -71.484818155, -29.073107524 ], [ -71.484817068, -29.073111475 ], [ -71.484816426999899, -29.073113287999899 ], [ -71.484815620999896, -29.073115034 ], [ -71.484814925, -29.073116206 ], [ -71.484814114999907, -29.073117312 ], [ -71.484812528, -29.073118959999899 ], [ -71.484810674, -29.073120374 ], [ -71.484808802, -29.073121509 ], [ -71.484804907999902, -29.073123567 ], [ -71.484803047999904, -29.073124623 ], [ -71.484801363, -29.073125789999899 ], [ -71.484800499999906, -29.073126547 ], [ -71.484799746, -29.073127369 ], [ -71.484799106, -29.073128278999899 ], [ -71.484798603999906, -29.073129251999902 ], [ -71.484798113, -29.0731308659999 ], [ -71.484797949, -29.073132911 ], [ -71.484798134, -29.073134955999901 ], [ -71.484798564999906, -29.073137072 ], [ -71.484799166, -29.073139241 ], [ -71.484802115, -29.0731481669999 ], [ -71.484802808, -29.073150429 ], [ -71.48480344, -29.073152703999899 ], [ -71.484803987, -29.073154991 ], [ -71.484804424999894, -29.073157285 ], [ -71.484804729, -29.073159582 ], [ -71.484804863, -29.073161613 ], [ -71.484804853999904, -29.073163641 ], [ -71.484804632, -29.0731661149999 ], [ -71.484804181999905, -29.073168583 ], [ -71.484803548999906, -29.073171003 ], [ -71.484802786, -29.073173407999899 ], [ -71.484799231, -29.073183169999901 ], [ -71.484797284, -29.073188102 ], [ -71.484796213, -29.073190527999898 ], [ -71.484795120999905, -29.073192752999901 ], [ -71.484793932999906, -29.073194933 ], [ -71.484792639, -29.073197061 ], [ -71.484791178, -29.073199191999901 ], [ -71.484789588999902, -29.07320125 ], [ -71.484788153999901, -29.073202928999901 ], [ -71.48478664, -29.073204557999901 ], [ -71.484785058999904, -29.073206141999901 ], [ -71.48478309, -29.0732079809999 ], [ -71.48478106, -29.073209778 ], [ -71.484774822, -29.0732150699999 ], [ -71.484771049, -29.073218351 ], [ -71.484767716, -29.073221422 ], [ -71.484765697999904, -29.073223379999899 ], [ -71.484763716, -29.073225366 ], [ -71.484759821, -29.073229395999899 ], [ -71.484746373, -29.073243662 ], [ -71.484742469, -29.0732476969999 ], [ -71.484737136, -29.073253098999899 ], [ -71.484733669, -29.073256762 ], [ -71.484730847, -29.073260009 ], [ -71.484729215999906, -29.073262015999902 ], [ -71.484726065, -29.0732661 ], [ -71.484723077999902, -29.0732701539999 ], [ -71.484721672, -29.073272163 ], [ -71.484720341999903, -29.073274198 ], [ -71.484719127999895, -29.073276270999902 ], [ -71.484718304, -29.0732778889999 ], [ -71.484717583, -29.073279539999898 ], [ -71.484716885999902, -29.073281510999902 ], [ -71.484716347999907, -29.073283519 ], [ -71.4847160099999, -29.073285283 ], [ -71.484715786, -29.073287063999899 ], [ -71.484715667, -29.073288857 ], [ -71.484715651, -29.073290728 ], [ -71.48471574, -29.073292604 ], [ -71.484715928999904, -29.073294478 ], [ -71.484716213999903, -29.073296324999902 ], [ -71.484716592, -29.073298163999901 ], [ -71.484717061, -29.07329999 ], [ -71.484717651, -29.073301892 ], [ -71.484718328, -29.0733037749999 ], [ -71.484719086, -29.073305637 ], [ -71.484720134, -29.073307937 ], [ -71.484721277999896, -29.073310202 ], [ -71.484722502999901, -29.073312428 ], [ -71.484723809999906, -29.07331461 ], [ -71.484725201999893, -29.073316732 ], [ -71.484726694999907, -29.07331878 ], [ -71.484728070999907, -29.073320457 ], [ -71.484729544999894, -29.073322047 ], [ -71.484731130999904, -29.073323532 ], [ -71.484733003, -29.073325011 ], [ -71.484735025, -29.0733263229999 ], [ -71.484737472999896, -29.073327585999898 ], [ -71.484739319, -29.073328359999898 ], [ -71.484741227, -29.073329043999902 ], [ -71.484743898, -29.073329867 ], [ -71.484752102, -29.073332153 ], [ -71.484754471, -29.073332918999899 ], [ -71.4847568, -29.073333772999899 ], [ -71.48475906, -29.073334717 ], [ -71.4847612679999, -29.073335745 ], [ -71.484763536999907, -29.073336903 ], [ -71.484767932, -29.073339371 ], [ -71.4847721309999, -29.073341915999901 ], [ -71.484774274999893, -29.0733432829999 ], [ -71.484776275999906, -29.073344682 ], [ -71.484778053, -29.073346161 ], [ -71.484779451999898, -29.073347691 ], [ -71.484780569999899, -29.073349564999901 ], [ -71.484781104, -29.073351347 ], [ -71.484781223, -29.073352499 ], [ -71.484781202, -29.073353676 ], [ -71.484781014, -29.073355174 ], [ -71.484779964, -29.073360035999901 ], [ -71.484779631, -29.073361845 ], [ -71.484779373, -29.073363828 ], [ -71.484779213, -29.073365839 ], [ -71.484779043999893, -29.073372296999899 ], [ -71.484778919, -29.073374418999901 ], [ -71.484778718, -29.073376125 ], [ -71.484778392, -29.073377789999899 ], [ -71.484778007, -29.073379125 ], [ -71.484777502, -29.073380412999899 ], [ -71.484776924, -29.073381551999901 ], [ -71.484776236, -29.073382637 ], [ -71.484775091999893, -29.073384051999899 ], [ -71.484773758, -29.073385345 ], [ -71.484771827, -29.073386802999899 ], [ -71.484769689, -29.073388075 ], [ -71.48476736, -29.073389203 ], [ -71.484760164, -29.073392177 ], [ -71.484757956, -29.073393317 ], [ -71.484756430999894, -29.073394342 ], [ -71.484755350999905, -29.073395263 ], [ -71.484753903, -29.073396863 ], [ -71.484752597, -29.073398739 ], [ -71.484748668999899, -29.073405625 ], [ -71.484746808999901, -29.073408495 ], [ -71.484745615, -29.073410147999901 ], [ -71.48474435, -29.073411774 ], [ -71.484742598, -29.073413871 ], [ -71.48474077, -29.0734159359999 ], [ -71.484733502, -29.073423861 ], [ -71.484730033999895, -29.073427844 ], [ -71.484728398999906, -29.073429881 ], [ -71.484726865, -29.073431964 ], [ -71.484725849, -29.073433494 ], [ -71.484724910999901, -29.073435058 ], [ -71.484724064, -29.073436659 ], [ -71.48472328, -29.073438375 ], [ -71.484722598, -29.073440128999898 ], [ -71.484721786, -29.0734426389999 ], [ -71.484721089999894, -29.073445187999901 ], [ -71.484719153999905, -29.073452871 ], [ -71.484718379999904, -29.073455377 ], [ -71.484717477999894, -29.073457751 ], [ -71.4847164, -29.073460042 ], [ -71.484715131, -29.073462208 ], [ -71.484713647, -29.073464245 ], [ -71.484712328999905, -29.073465730999899 ], [ -71.484710871999894, -29.0734671129999 ], [ -71.484709248999906, -29.073468411 ], [ -71.484707504, -29.0734696 ], [ -71.484705103, -29.07347099 ], [ -71.484702582999901, -29.073472265 ], [ -71.48469477, -29.07347592 ], [ -71.484692659, -29.073476996 ], [ -71.484690596999897, -29.073478141 ], [ -71.484688621, -29.07347935 ], [ -71.484686713, -29.0734806359999 ], [ -71.484684881, -29.073481996999899 ], [ -71.484683392, -29.0734832119999 ], [ -71.484681966, -29.073484482 ], [ -71.484680608, -29.073485804 ], [ -71.484679045, -29.073487488999898 ], [ -71.484677588, -29.073489244 ], [ -71.484676239, -29.073491066 ], [ -71.484675197999906, -29.073492642 ], [ -71.484674233, -29.073494256999901 ], [ -71.484673346, -29.073495908 ], [ -71.484672307, -29.073498077999901 ], [ -71.484671355, -29.073500281 ], [ -71.484669514, -29.0735047699999 ], [ -71.484668525, -29.073506982 ], [ -71.484667477999906, -29.073509029 ], [ -71.484666306, -29.073511018 ], [ -71.484664941999895, -29.073513020999901 ], [ -71.484663461, -29.073514958 ], [ -71.484658714, -29.073520635 ], [ -71.484657714, -29.073521937 ], [ -71.484656778, -29.07352327 ], [ -71.484655914, -29.073524646 ], [ -71.484655134, -29.073526057 ], [ -71.484654476999907, -29.073527426999899 ], [ -71.484653899, -29.073528826 ], [ -71.48465311, -29.0735312219999 ], [ -71.484652513999904, -29.073533676 ], [ -71.484652097, -29.073536138999899 ], [ -71.484651825, -29.07353863 ], [ -71.484651680999903, -29.073541141 ], [ -71.484651653, -29.0735433739999 ], [ -71.484651707, -29.073545610999901 ], [ -71.484651836999902, -29.073547849 ], [ -71.484652036999904, -29.073550084 ], [ -71.484652324, -29.073552419 ], [ -71.484652679, -29.0735547429999 ], [ -71.484653916, -29.0735617519999 ], [ -71.484654231, -29.073564081 ], [ -71.484654390999907, -29.073565905 ], [ -71.484654457, -29.073567732 ], [ -71.484654436, -29.073569205 ], [ -71.484654352999897, -29.073570676 ], [ -71.484654163, -29.07357265 ], [ -71.484653401999907, -29.0735785809999 ], [ -71.484653229999907, -29.073580349999901 ], [ -71.484653111999904, -29.073582126 ], [ -71.484653056, -29.073583906 ], [ -71.484653082, -29.073586216 ], [ -71.484653209, -29.073588528999899 ], [ -71.484653419, -29.073590843 ], [ -71.484653702999907, -29.073593155 ], [ -71.484654078999895, -29.073595650999899 ], [ -71.4846553739999, -29.073603115 ], [ -71.484655768, -29.073605597 ], [ -71.484656092, -29.073608076 ], [ -71.484656309999906, -29.073610550999899 ], [ -71.484656378, -29.073612352999898 ], [ -71.484656357999896, -29.073614149 ], [ -71.484656241, -29.0736159379999 ], [ -71.484656044, -29.07361753 ], [ -71.48465576, -29.073619111 ], [ -71.484655255, -29.0736211769999 ], [ -71.484654601, -29.073623297 ], [ -71.484652395, -29.0736296269999 ], [ -71.484651819, -29.073631556999899 ], [ -71.484651339, -29.073633508999901 ], [ -71.484651046, -29.073635021 ], [ -71.484650817, -29.073636543 ], [ -71.484650587, -29.073638804 ], [ -71.484650455, -29.073641076999898 ], [ -71.484650379, -29.0736456499999 ], [ -71.484650485, -29.073652702999901 ], [ -71.484650603, -29.073655072999902 ], [ -71.484650803, -29.07365743 ], [ -71.484651121999903, -29.073659769 ], [ -71.484651434999904, -29.073661393999899 ], [ -71.484651821999904, -29.073663005999901 ], [ -71.484652438999902, -29.073665127 ], [ -71.484654534, -29.073671445999899 ], [ -71.484655118, -29.073673436 ], [ -71.484655621999906, -29.0736754439999 ], [ -71.484656067999893, -29.073677643999901 ], [ -71.484656421, -29.073679859 ], [ -71.484657322, -29.073687068 ], [ -71.484657716999905, -29.073689451 ], [ -71.484658238, -29.073691762 ], [ -71.484658915, -29.07369404 ], [ -71.484659628, -29.073695954 ], [ -71.484660451, -29.073697839 ], [ -71.484661371, -29.073699695 ], [ -71.484662499, -29.073701749999898 ], [ -71.484667333999894, -29.073709877999899 ], [ -71.484668449, -29.073711951 ], [ -71.484669282, -29.073713672999901 ], [ -71.484670041, -29.073715421 ], [ -71.484670725999905, -29.073717192999901 ], [ -71.484671504999895, -29.073719525999898 ], [ -71.484672173, -29.073721889999899 ], [ -71.484673208999894, -29.073726426999901 ], [ -71.484675014999894, -29.07373587 ], [ -71.484675919, -29.0737410099999 ], [ -71.484676255999901, -29.073743572999899 ], [ -71.484676451, -29.073746131999901 ], [ -71.484676462, -29.0737483519999 ], [ -71.484676304999894, -29.073750561999901 ], [ -71.48467601, -29.0737525229999 ], [ -71.48467557, -29.073754465 ], [ -71.484675035999899, -29.0737562539999 ], [ -71.484674396999907, -29.073758024 ], [ -71.484673667, -29.0737597749999 ], [ -71.484672544, -29.073762154999901 ], [ -71.484671321, -29.073764514999901 ], [ -71.484667456, -29.073771571 ], [ -71.484663683, -29.073778687 ], [ -71.48466238, -29.073781018 ], [ -71.484661, -29.073783294 ], [ -71.484659498, -29.073785487999899 ], [ -71.484658529999905, -29.073786735999899 ], [ -71.484657497999905, -29.073787937 ], [ -71.484655763, -29.073789705 ], [ -71.484653873999903, -29.073791344 ], [ -71.484652261999898, -29.073792550999901 ], [ -71.484650565, -29.073793672 ], [ -71.484648793, -29.073794711999899 ], [ -71.484646663, -29.073795813999901 ], [ -71.48464446, -29.073796826 ], [ -71.484642198, -29.073797758999898 ], [ -71.484639887999904, -29.073798621 ], [ -71.484637537, -29.0737994159999 ], [ -71.484634958, -29.073800203 ], [ -71.484632346999902, -29.073800925999901 ], [ -71.484629712999904, -29.073801599 ], [ -71.484621427, -29.0738035699999 ], [ -71.484618688, -29.073804279999901 ], [ -71.484616397, -29.073804935999899 ], [ -71.484614135, -29.073805654 ], [ -71.484611904, -29.073806438 ], [ -71.484609298, -29.073807464 ], [ -71.48460675, -29.073808590999899 ], [ -71.484604336, -29.073809777999902 ], [ -71.484601982, -29.073811052999901 ], [ -71.484599693, -29.073812415 ], [ -71.484598029, -29.0738134929999 ], [ -71.484596406, -29.07381462 ], [ -71.484594825, -29.073815794 ], [ -71.484592703, -29.073817501 ], [ -71.484590652999898, -29.07381928 ], [ -71.484588668999905, -29.073821117 ], [ -71.484586749, -29.073823005 ], [ -71.484584899, -29.07382494 ], [ -71.484583132999902, -29.073826927 ], [ -71.484581541, -29.073828878 ], [ -71.484580057999906, -29.0738308809999 ], [ -71.484578704999905, -29.073832938 ], [ -71.484577682999898, -29.073834723999902 ], [ -71.484576788, -29.0738365519999 ], [ -71.484576159, -29.073838087999899 ], [ -71.484575631, -29.073839651999901 ], [ -71.484575137, -29.073841573 ], [ -71.4845748, -29.073843524 ], [ -71.484574640999895, -29.0738451839999 ], [ -71.484574591, -29.0738468559999 ], [ -71.484574645, -29.0738484849999 ], [ -71.48457479, -29.0738501179999 ], [ -71.484575106, -29.073852277999901 ], [ -71.484575521999901, -29.073854438 ], [ -71.484576961, -29.073860934 ], [ -71.484577379, -29.073863113999899 ], [ -71.484577719, -29.073865294 ], [ -71.4845779569999, -29.073867466 ], [ -71.484578059999905, -29.073869622 ], [ -71.484578026, -29.073871311999898 ], [ -71.484577878, -29.07387298 ], [ -71.484577575999893, -29.073874756999899 ], [ -71.484577118999894, -29.07387649 ], [ -71.484576627, -29.0738778589999 ], [ -71.484576026, -29.073879183 ], [ -71.484575323999906, -29.0738804339999 ], [ -71.484574516, -29.073881628 ], [ -71.484572999, -29.073883408 ], [ -71.484571232, -29.073885009 ], [ -71.484569909999905, -29.073885977 ], [ -71.484568491999894, -29.073886854 ], [ -71.48456619, -29.073888012999902 ], [ -71.484564153999898, -29.073888837 ], [ -71.484562032, -29.073889553 ], [ -71.484559217, -29.073890347 ], [ -71.484556329, -29.0738910439999 ], [ -71.484545813, -29.073893380999898 ], [ -71.484540726, -29.073894697 ], [ -71.484537963, -29.07389549 ], [ -71.484532482, -29.073897178 ], [ -71.484524665, -29.073899797 ], [ -71.484522295, -29.0739006589999 ], [ -71.484519963, -29.073901566 ], [ -71.484517684, -29.073902539 ], [ -71.484515477999906, -29.073903602 ], [ -71.484513116999906, -29.07390493 ], [ -71.484510896, -29.073906413 ], [ -71.484508854999902, -29.073908052 ], [ -71.484507354999906, -29.073909461 ], [ -71.484505952999896, -29.073910952999899 ], [ -71.484504560999895, -29.073912619999899 ], [ -71.484503259, -29.0739143499999 ], [ -71.484502038, -29.073916129999901 ], [ -71.484500888, -29.073917949 ], [ -71.484499824999901, -29.073919778999901 ], [ -71.484498854, -29.073921642 ], [ -71.484498, -29.073923543 ], [ -71.484497212, -29.073925759 ], [ -71.484496722, -29.0739276199999 ], [ -71.48449636, -29.073929509 ], [ -71.484496062999895, -29.073931801 ], [ -71.484495469, -29.073938668 ], [ -71.484495164999899, -29.073940894 ], [ -71.484494755999904, -29.073942847 ], [ -71.484494175, -29.073944719999901 ], [ -71.484493406999903, -29.073946448 ], [ -71.484492422999907, -29.073948046999899 ], [ -71.484491488999893, -29.07394919 ], [ -71.484489786, -29.0739507219999 ], [ -71.484488005999907, -29.073951854 ], [ -71.484486638, -29.073952514 ], [ -71.484485193, -29.073953071999899 ], [ -71.484482958999905, -29.073953737 ], [ -71.484480652999906, -29.073954270999899 ], [ -71.484474454999898, -29.073955492 ], [ -71.484468506, -29.073956892 ], [ -71.484466809, -29.073957059 ], [ -71.484465832999902, -29.073956949 ], [ -71.48446474, -29.073956473 ], [ -71.484463983, -29.07395559 ], [ -71.484463736999899, -29.073954885 ], [ -71.484463655, -29.07395409 ], [ -71.484463822999899, -29.0739526959999 ], [ -71.484464956999901, -29.073948754 ], [ -71.484465298, -29.073947174999901 ], [ -71.484465542999899, -29.0739452289999 ], [ -71.484465579999906, -29.073943374 ], [ -71.48446539, -29.073941724 ], [ -71.484464934999906, -29.073940408999899 ], [ -71.484464262, -29.073939642 ], [ -71.484463806999898, -29.073939439999901 ], [ -71.484463063, -29.073939412999898 ], [ -71.484462411, -29.073939595999899 ], [ -71.484461067, -29.073940367 ], [ -71.484459592999897, -29.073941546 ], [ -71.484456921999893, -29.0739439389999 ], [ -71.484454579, -29.07394593 ], [ -71.484453287999898, -29.073946932 ], [ -71.484451175999894, -29.07394842 ], [ -71.484448925, -29.073949828 ], [ -71.484446961999893, -29.073950925 ], [ -71.484444931, -29.073951952 ], [ -71.484442842, -29.073952905999899 ], [ -71.484440706, -29.073953783 ], [ -71.484438554999898, -29.073954564 ], [ -71.48443637, -29.073955256 ], [ -71.4844341579999, -29.073955850999901 ], [ -71.484431924, -29.073956336 ], [ -71.484429512, -29.073956715 ], [ -71.484427089999897, -29.073956944 ], [ -71.484424673, -29.073957015 ], [ -71.484422449, -29.073956925999902 ], [ -71.484420252999897, -29.0739566889999 ], [ -71.484418097999907, -29.0739563019999 ], [ -71.484416323999895, -29.073955852 ], [ -71.4844146, -29.07395529 ], [ -71.484412225, -29.073954284 ], [ -71.484409991999897, -29.073953049999901 ], [ -71.484407926, -29.073951608999899 ], [ -71.484406159999907, -29.0739500769999 ], [ -71.484404576, -29.073948392 ], [ -71.484403312, -29.073946747 ], [ -71.484402215, -29.073945 ], [ -71.484401292, -29.073943173 ], [ -71.484400525999902, -29.073941275 ], [ -71.48439991, -29.073939319 ], [ -71.484399359999898, -29.073936908 ], [ -71.484399003, -29.073934449 ], [ -71.484398842, -29.073932296999899 ], [ -71.484398805, -29.073930127 ], [ -71.484398891, -29.073927567999899 ], [ -71.484399074, -29.0739250029999 ], [ -71.484399751999902, -29.073917356 ], [ -71.484399874, -29.073914854 ], [ -71.484399877, -29.0739129 ], [ -71.484399773999897, -29.073910984 ], [ -71.484399536, -29.0739091189999 ], [ -71.484399074, -29.073907120999898 ], [ -71.484398372, -29.073905231 ], [ -71.484397671, -29.073903913 ], [ -71.484396812999904, -29.073902686999901 ], [ -71.484395666999902, -29.073901435 ], [ -71.484394341, -29.073900321999901 ], [ -71.484393048999905, -29.073899469 ], [ -71.484391651, -29.073898722 ], [ -71.484389899, -29.073897972999902 ], [ -71.484388049, -29.073897335 ], [ -71.484385808, -29.073896697 ], [ -71.484381175, -29.073895509 ], [ -71.484377709999904, -29.073894476 ], [ -71.484375230999902, -29.073893583 ], [ -71.484372776, -29.073892593 ], [ -71.484364114, -29.073888879 ], [ -71.484362209, -29.073888118 ], [ -71.484359530999896, -29.073887124999899 ], [ -71.484356836, -29.073886219 ], [ -71.484354128999897, -29.0738854169999 ], [ -71.484351418, -29.073884743 ], [ -71.484348709, -29.073884235 ], [ -71.48434601, -29.073883945 ], [ -71.484344079, -29.073883905999899 ], [ -71.484342167, -29.073884026 ], [ -71.484340233, -29.073884324999899 ], [ -71.484338338, -29.073884792999898 ], [ -71.484336361, -29.0738854599999 ], [ -71.484334432, -29.073886262 ], [ -71.484327917, -29.073889430999898 ], [ -71.484326424, -29.073890085 ], [ -71.484324904999895, -29.073890666999901 ], [ -71.484322356999897, -29.073891408 ], [ -71.484320795, -29.073891704999902 ], [ -71.484319212999907, -29.073891887999899 ], [ -71.484317275, -29.07389196 ], [ -71.484315323, -29.073891891 ], [ -71.48431312, -29.0738916889999 ], [ -71.484308659, -29.073891134999901 ], [ -71.484306572, -29.073890924999901 ], [ -71.484304462, -29.0738907859999 ], [ -71.484302069, -29.0738907379999 ], [ -71.484299659, -29.073890798 ], [ -71.484297142999907, -29.073890959 ], [ -71.484289546999904, -29.073891692 ], [ -71.484286997, -29.073891902 ], [ -71.484284507, -29.073892035 ], [ -71.484282010999905, -29.07389209 ], [ -71.484279398, -29.073892059999899 ], [ -71.484276786, -29.0738919409999 ], [ -71.484274180999904, -29.07389173 ], [ -71.484271625, -29.0738914299999 ], [ -71.484269078999901, -29.073891046 ], [ -71.484266547999894, -29.073890583 ], [ -71.484263921, -29.073890021 ], [ -71.484253485999901, -29.073887455 ], [ -71.484250868999894, -29.073886851999902 ], [ -71.484247935, -29.073886252 ], [ -71.484244985, -29.073885745 ], [ -71.484242017, -29.073885351999898 ], [ -71.484239371999905, -29.0738851159999 ], [ -71.484236717, -29.073884979 ], [ -71.484233675, -29.073884931 ], [ -71.484221901, -29.073885085 ], [ -71.484216676, -29.073885 ], [ -71.484212181, -29.073884786999901 ], [ -71.484207088999895, -29.0738843889999 ], [ -71.484189871, -29.073882586 ], [ -71.484186956, -29.073882231 ], [ -71.484184056999894, -29.0738818029999 ], [ -71.484181922999895, -29.0738814219999 ], [ -71.484179802, -29.073880985999899 ], [ -71.484170298, -29.073878712 ], [ -71.484167919999905, -29.0738781969999 ], [ -71.484164511999893, -29.073877602 ], [ -71.484162284, -29.07387733 ], [ -71.484160056999897, -29.073877158999899 ], [ -71.484157836999898, -29.073877098 ], [ -71.484155406, -29.073877174 ], [ -71.484153009, -29.073877404 ], [ -71.484150659, -29.073877801 ], [ -71.484147907, -29.073878527 ], [ -71.484145293, -29.073879533 ], [ -71.484143641999907, -29.073880372 ], [ -71.484142077999905, -29.07388134 ], [ -71.484140521, -29.073882502999901 ], [ -71.484139077, -29.07388379 ], [ -71.484137452, -29.073885533999899 ], [ -71.484135996, -29.073887404999901 ], [ -71.484134723, -29.073889304 ], [ -71.484132352, -29.073893138 ], [ -71.484131127999902, -29.073894962999901 ], [ -71.484129879, -29.073896553999901 ], [ -71.484128512, -29.073897966999901 ], [ -71.484126863, -29.073899245 ], [ -71.484124837, -29.0739002679999 ], [ -71.484123038999897, -29.0739007409999 ], [ -71.484121216999895, -29.073900834 ], [ -71.484119382999907, -29.073900538 ], [ -71.484117924, -29.073900001 ], [ -71.484116889999896, -29.073899439999899 ], [ -71.484115909, -29.073898755999899 ], [ -71.484114362999904, -29.073897319 ], [ -71.484113329, -29.073896066 ], [ -71.484112385999893, -29.073894691 ], [ -71.48411111, -29.073892472999901 ], [ -71.484108708999898, -29.073887734 ], [ -71.484107609, -29.073885693 ], [ -71.484106606, -29.0738840029999 ], [ -71.484105528, -29.073882366 ], [ -71.484103907, -29.0738802179999 ], [ -71.484102142, -29.073878259 ], [ -71.484100626, -29.073876868 ], [ -71.484099031, -29.073875675999901 ], [ -71.484097448999904, -29.0738747669999 ], [ -71.484095818, -29.0738741169999 ], [ -71.484093926, -29.073873746999901 ], [ -71.484092022, -29.0738738229999 ], [ -71.484089991, -29.0738744719999 ], [ -71.484088669999906, -29.073875272 ], [ -71.484087465, -29.073876312 ], [ -71.484086174, -29.073877821999901 ], [ -71.48408503, -29.073879555 ], [ -71.484083931, -29.073881614999902 ], [ -71.484082929, -29.073883811 ], [ -71.484080064999901, -29.073890752 ], [ -71.4840790169999, -29.0738930589999 ], [ -71.484078069, -29.073894911 ], [ -71.484077026, -29.073896707 ], [ -71.484075881, -29.073898426 ], [ -71.484074622, -29.073900054 ], [ -71.484073232, -29.073901584999899 ], [ -71.484071719, -29.073902985 ], [ -71.484070125, -29.073904205 ], [ -71.48406842, -29.073905265999901 ], [ -71.484066774, -29.073906081 ], [ -71.484065052999895, -29.073906741 ], [ -71.484063497, -29.0739071859999 ], [ -71.484061902, -29.073907505 ], [ -71.484060287, -29.0739076959999 ], [ -71.484058654, -29.073907760999901 ], [ -71.484056834999905, -29.073907686 ], [ -71.484055021, -29.073907458999901 ], [ -71.484053118, -29.0739070619999 ], [ -71.484051245, -29.073906515 ], [ -71.484049414, -29.073905828 ], [ -71.48404808, -29.073905227999902 ], [ -71.484046776999904, -29.0739045609999 ], [ -71.484045325, -29.073903727 ], [ -71.484043911999905, -29.073902834 ], [ -71.484042143999901, -29.073901625 ], [ -71.484038689, -29.073899167 ], [ -71.484036956999901, -29.073898004999901 ], [ -71.484034976, -29.073896829 ], [ -71.48403294, -29.0738958479999 ], [ -71.484031329999894, -29.073895268999902 ], [ -71.484029688, -29.0738948659999 ], [ -71.484027337, -29.073894632 ], [ -71.484025295, -29.073894755 ], [ -71.484023657, -29.073895064999899 ], [ -71.48402204, -29.073895541 ], [ -71.484019654, -29.073896517 ], [ -71.484017298, -29.073897717 ], [ -71.484010467, -29.073901624 ], [ -71.484008331, -29.073902774 ], [ -71.484006145, -29.073903867999899 ], [ -71.484003539, -29.073905043 ], [ -71.4840008689999, -29.073906112 ], [ -71.483998054, -29.0739071039999 ], [ -71.483995194, -29.07390799 ], [ -71.483992303, -29.0739087699999 ], [ -71.483989386, -29.073909434 ], [ -71.48398645, -29.073909962999899 ], [ -71.483984108, -29.073910265999899 ], [ -71.483981760999896, -29.073910456 ], [ -71.483979416999901, -29.073910516 ], [ -71.483977244, -29.073910441 ], [ -71.483975086, -29.073910241 ], [ -71.483972948, -29.073909912 ], [ -71.483970896, -29.0739094649999 ], [ -71.483968874, -29.073908901 ], [ -71.483966885, -29.073908232 ], [ -71.483964258, -29.073907176 ], [ -71.483961683, -29.073905990999901 ], [ -71.483956421, -29.073903334 ], [ -71.483953776, -29.073902051999902 ], [ -71.483951076, -29.073900905 ], [ -71.483949257999896, -29.073900264 ], [ -71.483947403999906, -29.073899726 ], [ -71.483944882999893, -29.07389918 ], [ -71.483942317999905, -29.0738988159999 ], [ -71.483939872, -29.073898626 ], [ -71.483937412, -29.073898567 ], [ -71.483934951, -29.07389863 ], [ -71.483932502999906, -29.0738988099999 ], [ -71.483930083, -29.0738991119999 ], [ -71.483927561, -29.073899581 ], [ -71.483925112999898, -29.07390021 ], [ -71.483922762, -29.073901013999901 ], [ -71.483920908, -29.073901829 ], [ -71.483919159, -29.07390278 ], [ -71.483917536, -29.073903865 ], [ -71.483915744999905, -29.073905387 ], [ -71.483914260999896, -29.073907029999901 ], [ -71.483913268, -29.073908415999899 ], [ -71.483912406999906, -29.073909863 ], [ -71.4839115, -29.073911672999898 ], [ -71.483909894, -29.073915218 ], [ -71.48390905, -29.073916832 ], [ -71.483907941, -29.0739184299999 ], [ -71.483907132, -29.073919254 ], [ -71.483906239, -29.073919901 ], [ -71.483905416, -29.073920293 ], [ -71.483904552999903, -29.073920525999899 ], [ -71.483903041, -29.073920533 ], [ -71.483902231999906, -29.073920339 ], [ -71.48390116, -29.073919863 ], [ -71.483900148, -29.073919175999901 ], [ -71.483899038999894, -29.073918123999899 ], [ -71.483897869, -29.073916647 ], [ -71.483894699, -29.073911745 ], [ -71.483893451, -29.073910219 ], [ -71.483892716, -29.073909503 ], [ -71.483890866, -29.073908178999901 ], [ -71.483889694, -29.073907603 ], [ -71.48388844, -29.073907151 ], [ -71.483886113, -29.073906647999902 ], [ -71.483883638, -29.073906452 ], [ -71.483881063999902, -29.07390652 ], [ -71.483878825, -29.073906764999901 ], [ -71.483876562, -29.073907157 ], [ -71.483874288, -29.073907676 ], [ -71.483872019, -29.073908311 ], [ -71.483869286, -29.073909226 ], [ -71.483866581, -29.0739102749999 ], [ -71.483863894, -29.07391144 ], [ -71.483861229, -29.0739126779999 ], [ -71.483855924999901, -29.073915236999898 ], [ -71.483851108, -29.07391747 ], [ -71.483846754, -29.073919291 ], [ -71.48384455, -29.073920121 ], [ -71.483842136, -29.073920947 ], [ -71.483839699, -29.073921686999899 ], [ -71.483837240999904, -29.073922332999899 ], [ -71.483834758999905, -29.073922868999901 ], [ -71.483832439, -29.073923251999901 ], [ -71.483830102999903, -29.073923523 ], [ -71.483827756, -29.073923677 ], [ -71.483825281999898, -29.073923708999899 ], [ -71.483822807, -29.073923615 ], [ -71.483820336, -29.073923400999899 ], [ -71.483817476999903, -29.073923008999898 ], [ -71.483814625, -29.0739225099999 ], [ -71.483808927, -29.07392139 ], [ -71.483806067, -29.073920856 ], [ -71.483803780999907, -29.073920481999899 ], [ -71.483801485999905, -29.073920164 ], [ -71.483799185, -29.073919909 ], [ -71.483796877, -29.073919732 ], [ -71.483793933999905, -29.07391963 ], [ -71.483790986, -29.073919653 ], [ -71.483788037999901, -29.073919793999899 ], [ -71.483785403, -29.073920008999899 ], [ -71.483777495, -29.073920889 ], [ -71.483772719999905, -29.073921374 ], [ -71.483767293, -29.073921758 ], [ -71.483761853, -29.073921976 ], [ -71.483759132, -29.073922023 ], [ -71.48375641, -29.073922022 ], [ -71.48375369, -29.073921965 ], [ -71.483751008999903, -29.073921845 ], [ -71.483748331, -29.073921664 ], [ -71.483745321, -29.073921394 ], [ -71.483730276999907, -29.073919686999901 ], [ -71.483724310999904, -29.073919132999901 ], [ -71.483712355, -29.073918127999899 ], [ -71.483703469, -29.073917256999898 ], [ -71.483697601999907, -29.073916741999899 ], [ -71.483694700999905, -29.073916562 ], [ -71.483691834999902, -29.073916471 ], [ -71.483689018, -29.073916509 ], [ -71.48368627, -29.073916724999901 ], [ -71.48368455, -29.073916988 ], [ -71.483682879, -29.0739173659999 ], [ -71.483681385999901, -29.073917826 ], [ -71.48367995, -29.073918396 ], [ -71.483678523, -29.073919095999901 ], [ -71.483677164, -29.0739198959999 ], [ -71.483675885, -29.073920765 ], [ -71.483674659, -29.0739216969999 ], [ -71.483671586999904, -29.073924236 ], [ -71.483670011999905, -29.073925460999899 ], [ -71.483668672, -29.073926376 ], [ -71.483666779, -29.073927442 ], [ -71.48366549, -29.073928027 ], [ -71.483664148999907, -29.0739285299999 ], [ -71.483662545999906, -29.073929012999901 ], [ -71.4836608909999, -29.073929400999901 ], [ -71.483658416, -29.073929824999901 ], [ -71.483655876999904, -29.073930135999898 ], [ -71.483648267, -29.073930914999899 ], [ -71.483645850999906, -29.073931245 ], [ -71.483642903, -29.073931737999899 ], [ -71.483639960999895, -29.073932316 ], [ -71.483637025, -29.07393296 ], [ -71.483631177999897, -29.073934395 ], [ -71.483625382, -29.0739359909999 ], [ -71.483622512999901, -29.0739368509999 ], [ -71.483619678, -29.073937762999901 ], [ -71.483616887, -29.0739387419999 ], [ -71.483614157, -29.073939808 ], [ -71.483611509, -29.073940987999901 ], [ -71.483609779999895, -29.073941867 ], [ -71.483608107, -29.073942815999899 ], [ -71.483606692, -29.073943708999899 ], [ -71.483605323999896, -29.073944652 ], [ -71.483603387, -29.073946120999899 ], [ -71.483599545999894, -29.073949286 ], [ -71.483597625, -29.073950797 ], [ -71.483595632999894, -29.073952162999898 ], [ -71.483593406, -29.073953364 ], [ -71.483591926, -29.073953967 ], [ -71.483590391999897, -29.073954437999902 ], [ -71.483588831, -29.073954768 ], [ -71.483587235999906, -29.073954962999899 ], [ -71.483584846, -29.073955011 ], [ -71.483582422, -29.073954804 ], [ -71.483579952, -29.073954364 ], [ -71.483577477, -29.073953742999901 ], [ -71.483575031, -29.073953004 ], [ -71.483567615, -29.073950533 ], [ -71.483565523, -29.073949899999899 ], [ -71.483563408, -29.073949319 ], [ -71.483561274, -29.0739488 ], [ -71.483558811, -29.07394829 ], [ -71.483556331, -29.073947868999898 ], [ -71.483553839, -29.073947535999899 ], [ -71.483551343, -29.073947297 ], [ -71.483548846, -29.073947162 ], [ -71.483545912, -29.073947156 ], [ -71.483542998, -29.073947324999899 ], [ -71.483540121, -29.073947688 ], [ -71.483538457, -29.073948002999899 ], [ -71.483536813999905, -29.073948395999899 ], [ -71.483535194, -29.073948867 ], [ -71.4835336, -29.073949409 ], [ -71.483530941, -29.073950480999901 ], [ -71.483528351, -29.073951704 ], [ -71.483525825, -29.073953047 ], [ -71.483523364999897, -29.073954491999899 ], [ -71.483520978999906, -29.073956026 ], [ -71.483518262, -29.0739579409999 ], [ -71.483513823, -29.073961257 ], [ -71.483511598, -29.073962809 ], [ -71.483509305, -29.07396419 ], [ -71.483507808, -29.073964932 ], [ -71.483506265, -29.073965557 ], [ -71.483503797, -29.073966266 ], [ -71.483501361, -29.073966642 ], [ -71.483499579, -29.0739667459999 ], [ -71.483497268, -29.073966724999899 ], [ -71.483492621, -29.073966495 ], [ -71.483490293, -29.073966460999898 ], [ -71.483488260999906, -29.073966561 ], [ -71.483486276999898, -29.073966810999899 ], [ -71.483485078999905, -29.073967035 ], [ -71.48348294, -29.073967551 ], [ -71.483478670999901, -29.0739687569999 ], [ -71.483475986, -29.07396942 ], [ -71.483473816, -29.073969811 ], [ -71.483471744, -29.073970034 ], [ -71.483469564, -29.073970112 ], [ -71.483467361999899, -29.07397005 ], [ -71.483464612, -29.073969808 ], [ -71.483461846999901, -29.073969427999899 ], [ -71.483459067, -29.073968954 ], [ -71.483447834999893, -29.073966781 ], [ -71.483445393999901, -29.073966374999902 ], [ -71.483442942999901, -29.073966024 ], [ -71.483440481999907, -29.073965737 ], [ -71.483437913, -29.073965520999899 ], [ -71.483435336999904, -29.073965384 ], [ -71.483432353, -29.0739653219999 ], [ -71.483429368, -29.073965341 ], [ -71.483423414999905, -29.073965562999899 ], [ -71.483417652999904, -29.0739659719999 ], [ -71.483414881, -29.0739662619999 ], [ -71.483412156, -29.073966643999899 ], [ -71.483409499999894, -29.073967153 ], [ -71.483406933, -29.073967834 ], [ -71.483405446999896, -29.073968345 ], [ -71.483404010999905, -29.073968942 ], [ -71.483401726999901, -29.073970135 ], [ -71.483399628, -29.073971496999899 ], [ -71.483395583999894, -29.073974416999899 ], [ -71.483393941, -29.073975504 ], [ -71.483392232, -29.073976488 ], [ -71.483390444999898, -29.073977331 ], [ -71.483388579999897, -29.073978006999901 ], [ -71.483386568, -29.073978512999901 ], [ -71.483384499, -29.073978817999901 ], [ -71.483381807999905, -29.073978924999899 ], [ -71.483379086999904, -29.073978752999899 ], [ -71.483376268, -29.073978318999899 ], [ -71.483373469, -29.07397767 ], [ -71.483370715, -29.073976839999901 ], [ -71.483368032, -29.0739758399999 ], [ -71.483365454, -29.073974667 ], [ -71.483363797, -29.073973765999899 ], [ -71.483362219, -29.073972775 ], [ -71.483360731999895, -29.073971685999901 ], [ -71.483359455, -29.073970586 ], [ -71.483357628, -29.073968696 ], [ -71.483356134, -29.073966867 ], [ -71.483353256, -29.073963080999899 ], [ -71.483351574, -29.073961067 ], [ -71.483350474, -29.073959878 ], [ -71.483349316, -29.073958726999901 ], [ -71.483348054, -29.073957574 ], [ -71.483346738, -29.07395646 ], [ -71.483344797, -29.073954947999901 ], [ -71.483342782, -29.073953491999902 ], [ -71.483338606, -29.073950692 ], [ -71.483327506, -29.073943673 ], [ -71.48332282, -29.073940777 ], [ -71.483320454, -29.073939374 ], [ -71.483318063, -29.073938024 ], [ -71.483315633, -29.073936751 ], [ -71.483313475, -29.073935724 ], [ -71.483311279, -29.073934783 ], [ -71.483309047, -29.073933941 ], [ -71.483306776999896, -29.073933216999901 ], [ -71.483304351999905, -29.073932605 ], [ -71.483301888, -29.073932156999899 ], [ -71.483299316999904, -29.07393188 ], [ -71.483296722, -29.073931781999899 ], [ -71.483294360999906, -29.073931839 ], [ -71.483291994, -29.0739320069999 ], [ -71.483281663, -29.073933189999899 ], [ -71.48327847, -29.073933392999901 ], [ -71.48327631, -29.0739334259999 ], [ -71.483274152, -29.073933367999899 ], [ -71.483271305, -29.073933150999899 ], [ -71.4832684739999, -29.073932785 ], [ -71.483265586999906, -29.073932273 ], [ -71.483262721999907, -29.073931647999899 ], [ -71.483259882, -29.073930937999901 ], [ -71.48325707, -29.073930154 ], [ -71.483254847999902, -29.073929477 ], [ -71.483252660999895, -29.073928748999901 ], [ -71.48325052, -29.073927957 ], [ -71.483248443, -29.073927086 ], [ -71.483246516, -29.073926153999899 ], [ -71.483244683999899, -29.073925118 ], [ -71.483243306, -29.073924212999898 ], [ -71.483242006999902, -29.073923233 ], [ -71.483240828, -29.073922207 ], [ -71.483239737, -29.07392111 ], [ -71.483238542, -29.073919698999902 ], [ -71.4832374759999, -29.0739182 ], [ -71.483236533, -29.073916627 ], [ -71.483235706, -29.073914977 ], [ -71.483234983, -29.073913275999899 ], [ -71.483234347, -29.073911532 ], [ -71.483233643999895, -29.073909316 ], [ -71.483232352, -29.073904833 ], [ -71.483231660999905, -29.073902605999901 ], [ -71.4832308699999, -29.073900417999901 ], [ -71.48323013, -29.073898705 ], [ -71.483229283999904, -29.073897038 ], [ -71.483228329, -29.0738954239999 ], [ -71.483227212, -29.073893810999898 ], [ -71.483225977, -29.073892266 ], [ -71.483224633, -29.073890790999901 ], [ -71.483222627, -29.073888895 ], [ -71.483220458999895, -29.073887124999899 ], [ -71.483218151, -29.073885474 ], [ -71.483216211, -29.07388424 ], [ -71.483214204, -29.073883076 ], [ -71.483212139, -29.073881978 ], [ -71.483209727, -29.073880798999902 ], [ -71.483207267999902, -29.073879675999901 ], [ -71.48318735, -29.073871086999901 ], [ -71.483182655, -29.07386917 ], [ -71.48317822, -29.073867499 ], [ -71.483173213, -29.0738657869999 ], [ -71.483165648999901, -29.073863334999899 ], [ -71.483160628, -29.073861651 ], [ -71.483155299, -29.073859722 ], [ -71.483144575, -29.0738557399999 ], [ -71.483139013, -29.0738538149999 ], [ -71.483136214999902, -29.073852904 ], [ -71.483133401, -29.073852041 ], [ -71.483130570999904, -29.073851244 ], [ -71.483128022999907, -29.073850601999901 ], [ -71.483125458, -29.07385003 ], [ -71.483122878, -29.073849536999901 ], [ -71.483120282999906, -29.073849132 ], [ -71.483117568999901, -29.07384882 ], [ -71.483114843, -29.073848623999901 ], [ -71.483112282, -29.073848547 ], [ -71.483109718, -29.073848572 ], [ -71.483106946, -29.0738486999999 ], [ -71.483095877, -29.073849575999901 ], [ -71.483093116, -29.073849703 ], [ -71.483090552, -29.073849724 ], [ -71.483087997, -29.073849643 ], [ -71.483085457, -29.073849450999901 ], [ -71.483082539999899, -29.073849080999899 ], [ -71.483079658, -29.0738485699999 ], [ -71.483076887, -29.073847961 ], [ -71.48307141, -29.073846665 ], [ -71.483068681, -29.073846119999899 ], [ -71.483065852, -29.073845730999899 ], [ -71.483064391, -29.073845623999901 ], [ -71.48306293, -29.07384559 ], [ -71.483060736, -29.07384568 ], [ -71.483058556999893, -29.073845929999901 ], [ -71.483057076, -29.073846185 ], [ -71.483055604, -29.073846494999898 ], [ -71.483049095999903, -29.073848143 ], [ -71.483047465, -29.073848512 ], [ -71.483045816, -29.0738488329999 ], [ -71.483043263, -29.073849209999899 ], [ -71.483041602, -29.073849372 ], [ -71.483039931999897, -29.0738494789999 ], [ -71.483037587999902, -29.073849551 ], [ -71.483030507, -29.073849594 ], [ -71.483027196, -29.0738497319999 ], [ -71.4830234, -29.0738500799999 ], [ -71.483015791, -29.0738510639999 ], [ -71.483012817, -29.073851351 ], [ -71.483009825, -29.073851529 ], [ -71.483007092, -29.073851588 ], [ -71.48300435, -29.073851577 ], [ -71.482996086999904, -29.073851377 ], [ -71.482982334, -29.073851195 ], [ -71.482977594, -29.0738510269999 ], [ -71.482972582999906, -29.073850778999901 ], [ -71.482969587, -29.073850686999901 ], [ -71.482966615999899, -29.073850724 ], [ -71.482964795, -29.073850846 ], [ -71.482962989, -29.0738510589999 ], [ -71.482960767999899, -29.073851463 ], [ -71.482958583, -29.073852015999901 ], [ -71.482956, -29.073852861 ], [ -71.482953462999902, -29.073853851 ], [ -71.482950957999904, -29.073854938999901 ], [ -71.482948473, -29.0738560849999 ], [ -71.482944109999906, -29.073858189 ], [ -71.482939885, -29.07386041 ], [ -71.482937864999897, -29.073861585 ], [ -71.48293647, -29.073862457 ], [ -71.482931516, -29.073865693 ], [ -71.482929691, -29.073866699 ], [ -71.482927930999907, -29.073867451 ], [ -71.482926103, -29.073867987 ], [ -71.482924603, -29.0738682379999 ], [ -71.482922942, -29.073868332 ], [ -71.48292035, -29.073868171 ], [ -71.48291771, -29.073867772 ], [ -71.482913021999906, -29.073866945 ], [ -71.482910998, -29.073866672 ], [ -71.482909387999896, -29.073866527 ], [ -71.482907769999898, -29.073866461 ], [ -71.482905651, -29.073866506999899 ], [ -71.482903541, -29.073866714 ], [ -71.482900931999893, -29.073867204 ], [ -71.482898367, -29.073867920999898 ], [ -71.482896215, -29.073868685 ], [ -71.482889809, -29.073871313 ], [ -71.482887133, -29.073872319 ], [ -71.482884478, -29.073873163 ], [ -71.482881762, -29.0738738599999 ], [ -71.482879396, -29.073874329 ], [ -71.482876996999906, -29.073874689 ], [ -71.482874571, -29.073874953 ], [ -71.482871969, -29.073875136 ], [ -71.482869352, -29.073875248 ], [ -71.482858823999905, -29.073875481 ], [ -71.482856195999901, -29.073875605 ], [ -71.482854093999904, -29.07387576 ], [ -71.482851998999905, -29.073875969 ], [ -71.482849916, -29.073876239 ], [ -71.482847754, -29.073876594 ], [ -71.482845606, -29.073877017 ], [ -71.482843472999903, -29.073877501 ], [ -71.482840656999898, -29.073878227 ], [ -71.48282948, -29.073881473 ], [ -71.482823875999898, -29.073882996999899 ], [ -71.482818231, -29.0738843899999 ], [ -71.482815392, -29.073885017999899 ], [ -71.482812539999898, -29.073885584 ], [ -71.482809674, -29.073886070999901 ], [ -71.482807282, -29.073886403 ], [ -71.482804884, -29.073886675 ], [ -71.482802482999901, -29.073886893999902 ], [ -71.482793909999899, -29.073887496999902 ], [ -71.48279113, -29.07388779 ], [ -71.482788424, -29.073888221999901 ], [ -71.482786289, -29.0738887219999 ], [ -71.482784239999901, -29.0738893669999 ], [ -71.482782302, -29.073890172999899 ], [ -71.482780883, -29.073890925999901 ], [ -71.482779556, -29.073891789999902 ], [ -71.482778319, -29.073892776 ], [ -71.482777191, -29.073893867 ], [ -71.482775825, -29.073895496 ], [ -71.48277468, -29.073897135 ], [ -71.482772513, -29.073900566 ], [ -71.482771092, -29.073902643999901 ], [ -71.482769624, -29.0739045 ], [ -71.482767991999907, -29.073906258 ], [ -71.48276621, -29.073907904999899 ], [ -71.48276429, -29.073909428 ], [ -71.482762905999905, -29.073910382999902 ], [ -71.482761462, -29.0739112649999 ], [ -71.482759873, -29.073912114999899 ], [ -71.482758226, -29.073912876 ], [ -71.482756227, -29.073913649 ], [ -71.482754163, -29.073914296999899 ], [ -71.482751724, -29.073914886 ], [ -71.4827492269999, -29.073915322999898 ], [ -71.482746737999904, -29.073915618999902 ], [ -71.482744217999894, -29.073915821 ], [ -71.482734454, -29.073916383 ], [ -71.482730257, -29.073916799 ], [ -71.482727376999904, -29.073917201 ], [ -71.482724517, -29.073917685 ], [ -71.482721674999894, -29.073918235 ], [ -71.482718855, -29.073918837999901 ], [ -71.482716353999905, -29.073919421 ], [ -71.482713885, -29.073920055 ], [ -71.482711461999898, -29.073920755 ], [ -71.482709101, -29.073921543 ], [ -71.482706822, -29.073922446 ], [ -71.482704348, -29.073923658 ], [ -71.482702264, -29.073924942 ], [ -71.482700278, -29.073926449999899 ], [ -71.482698512, -29.073928063 ], [ -71.482696736, -29.07392994 ], [ -71.482693715, -29.073933451999899 ], [ -71.482692157, -29.073935185 ], [ -71.482690757999904, -29.0739365969999 ], [ -71.482689273999895, -29.073937944 ], [ -71.482688019, -29.073938971 ], [ -71.482686711, -29.073939949 ], [ -71.482684817999896, -29.0739412309999 ], [ -71.482682855, -29.0739424399999 ], [ -71.482676018999896, -29.07394627 ], [ -71.482673813, -29.073947591 ], [ -71.482671718999896, -29.0739490079999 ], [ -71.482670427999906, -29.073950017 ], [ -71.482669221, -29.073951092999899 ], [ -71.482667655999904, -29.073952763 ], [ -71.482666166999905, -29.073954784 ], [ -71.482665343, -29.073956166 ], [ -71.482664615, -29.0739575969999 ], [ -71.482663715999905, -29.073959675 ], [ -71.482662121, -29.073963911 ], [ -71.482661287, -29.073965997 ], [ -71.482660510999906, -29.073967670999899 ], [ -71.482659629999901, -29.073969271 ], [ -71.482658354, -29.073971114 ], [ -71.482656858, -29.073972763 ], [ -71.482655385, -29.0739739909999 ], [ -71.482653749999898, -29.07397502 ], [ -71.482651922999906, -29.073975848 ], [ -71.482650501, -29.073976305 ], [ -71.482649019999897, -29.07397664 ], [ -71.482646732, -29.0739769219999 ], [ -71.482644374, -29.073976972 ], [ -71.482642191, -29.073976837 ], [ -71.482639988, -29.073976565 ], [ -71.482637606, -29.07397616 ], [ -71.482632823, -29.073975217999902 ], [ -71.482630423, -29.07397479 ], [ -71.482628018, -29.073974463 ], [ -71.482625392, -29.073974284 ], [ -71.482622777999893, -29.073974323 ], [ -71.482620486, -29.073974565 ], [ -71.482619031999903, -29.073974823 ], [ -71.482617594, -29.073975154 ], [ -71.482615368, -29.073975799 ], [ -71.482613164, -29.073976555999899 ], [ -71.482606602, -29.073978977 ], [ -71.482604406999897, -29.073979689999899 ], [ -71.482602534, -29.073980215999899 ], [ -71.482600636, -29.073980664 ], [ -71.482598392999904, -29.073981072 ], [ -71.482596123999897, -29.073981353 ], [ -71.482594212, -29.073981484999901 ], [ -71.482592290999904, -29.073981526 ], [ -71.482589613999906, -29.073981435999901 ], [ -71.482586935, -29.073981193999899 ], [ -71.482584762, -29.073980901 ], [ -71.482582598, -29.07398054 ], [ -71.4825767, -29.073979396 ], [ -71.482573773999903, -29.0739788889999 ], [ -71.482570982, -29.073978542 ], [ -71.482568226, -29.073978386 ], [ -71.482565921999907, -29.073978444 ], [ -71.482563687, -29.073978691 ], [ -71.482561550999904, -29.073979144 ], [ -71.482559346999906, -29.073979911 ], [ -71.48255736, -29.073980973999898 ], [ -71.482556239, -29.073981809 ], [ -71.482555234, -29.073982761 ], [ -71.482554178, -29.073984055 ], [ -71.482553279999905, -29.07398548 ], [ -71.482552513, -29.073987022 ], [ -71.482551858, -29.073988646 ], [ -71.482551239, -29.073990481 ], [ -71.482549574, -29.073996214 ], [ -71.482548988, -29.073998049 ], [ -71.482548336, -29.073999871999899 ], [ -71.482547603999905, -29.074001673999899 ], [ -71.482546909, -29.07400318 ], [ -71.482546151999898, -29.074004663 ], [ -71.482544836, -29.074006988 ], [ -71.482542065, -29.074011589999898 ], [ -71.482541082999902, -29.074013312 ], [ -71.482540161, -29.074015059 ], [ -71.48253899, -29.074017566 ], [ -71.482535856, -29.074025467 ], [ -71.482534804, -29.074027768 ], [ -71.482533595999897, -29.074029974 ], [ -71.482532283999902, -29.074031915 ], [ -71.482530783, -29.074033708999899 ], [ -71.482529679, -29.074034802 ], [ -71.482528493, -29.074035809999899 ], [ -71.482526328999896, -29.074037293999901 ], [ -71.482524511999898, -29.074038260999899 ], [ -71.4825226, -29.074039055 ], [ -71.482520623, -29.074039664999901 ], [ -71.482518592, -29.074040087 ], [ -71.482516442, -29.074040313999902 ], [ -71.482514277999897, -29.074040318 ], [ -71.482512465999903, -29.074040141999902 ], [ -71.482510673, -29.074039802 ], [ -71.482508578, -29.074039191999901 ], [ -71.482507117999901, -29.074038637999902 ], [ -71.482505687999904, -29.074038002 ], [ -71.482503498, -29.074036898 ], [ -71.482499152999907, -29.074034595999901 ], [ -71.482496921999896, -29.074033574999898 ], [ -71.482494738999904, -29.074032793 ], [ -71.482492573999906, -29.074032254 ], [ -71.482490904, -29.074031993999899 ], [ -71.482489211, -29.074031848999901 ], [ -71.482486896999902, -29.074031818 ], [ -71.482484564999893, -29.074031943 ], [ -71.482482225, -29.074032189 ], [ -71.482479887999901, -29.074032531999901 ], [ -71.482477112, -29.074033051 ], [ -71.482474389999894, -29.07403371 ], [ -71.482471759, -29.074034543 ], [ -71.482469556999902, -29.074035457 ], [ -71.482467487999898, -29.0740365569999 ], [ -71.482466071, -29.074037491999899 ], [ -71.48246475, -29.074038532 ], [ -71.482463224999904, -29.07403999 ], [ -71.482461923999907, -29.0740415 ], [ -71.482460742999905, -29.074043103 ], [ -71.482459623999901, -29.074044816 ], [ -71.482456417, -29.07405001 ], [ -71.48245565, -29.074051111 ], [ -71.482454837, -29.07405217 ], [ -71.482453237999906, -29.074053933 ], [ -71.482451443999906, -29.074055469 ], [ -71.482450217999897, -29.074056285 ], [ -71.482448910999906, -29.074056981 ], [ -71.482447537, -29.074057544 ], [ -71.482446099999905, -29.07405798 ], [ -71.482444544, -29.074058298999901 ], [ -71.482442941, -29.074058491 ], [ -71.4824405909999, -29.074058586 ], [ -71.482433286999907, -29.074058398 ], [ -71.482430775, -29.0740584509999 ], [ -71.482428273, -29.074058663999899 ], [ -71.482426605999905, -29.074058915 ], [ -71.482424959, -29.074059258 ], [ -71.482423380999904, -29.074059683 ], [ -71.482421834, -29.074060194 ], [ -71.482419705, -29.07406106 ], [ -71.482417654999907, -29.074062083999902 ], [ -71.482415875, -29.074063133 ], [ -71.482414166999902, -29.074064291 ], [ -71.482412825, -29.074065312 ], [ -71.48241153, -29.074066392 ], [ -71.48240951, -29.074068261 ], [ -71.482407581, -29.07407023 ], [ -71.482405722, -29.074072269999899 ], [ -71.482403918, -29.074074358 ], [ -71.482400957, -29.074077996 ], [ -71.482399562, -29.07407985 ], [ -71.482398248, -29.074081732 ], [ -71.482397121, -29.07408349 ], [ -71.482394003, -29.07408871 ], [ -71.482392929, -29.074090334999902 ], [ -71.482392081999905, -29.07409146 ], [ -71.482391171, -29.074092503 ], [ -71.482389698, -29.074093850999901 ], [ -71.482388565999898, -29.074094640999899 ], [ -71.482387349, -29.074095292 ], [ -71.482386116, -29.074095773 ], [ -71.482384824, -29.0740961139999 ], [ -71.482383286, -29.074096332 ], [ -71.482381706999902, -29.0740963719999 ], [ -71.482379916999903, -29.074096220999898 ], [ -71.482378121, -29.074095901 ], [ -71.482375722, -29.074095278999899 ], [ -71.482370978999896, -29.07409388 ], [ -71.482369416, -29.074093515 ], [ -71.482367869, -29.074093264999899 ], [ -71.482366175, -29.074093164 ], [ -71.482364541, -29.074093287 ], [ -71.4823628729999, -29.0740937099999 ], [ -71.482361654, -29.0740942649999 ], [ -71.482360141, -29.0740953389999 ], [ -71.4823593, -29.074096171999901 ], [ -71.482358538, -29.074097106 ], [ -71.482357433999894, -29.074098810999899 ], [ -71.482356453, -29.074100675 ], [ -71.482354588, -29.074104657 ], [ -71.482353594, -29.074106652999902 ], [ -71.482352487999904, -29.074108614999901 ], [ -71.482351326999904, -29.0741103669999 ], [ -71.482350020999903, -29.074112034999899 ], [ -71.482348951999896, -29.074113197 ], [ -71.4823477959999, -29.074114293 ], [ -71.482346197, -29.074115591999899 ], [ -71.482344473, -29.074116778 ], [ -71.482342613, -29.074117865999899 ], [ -71.482340657, -29.074118848999898 ], [ -71.482338407, -29.074119826 ], [ -71.482336086, -29.074120716 ], [ -71.482333717999893, -29.074121552999902 ], [ -71.482326220999894, -29.074124074999901 ], [ -71.482318200999899, -29.074126873 ], [ -71.482312741, -29.074128811 ], [ -71.482309981, -29.074129846999899 ], [ -71.482307309, -29.074130961 ], [ -71.482304766, -29.074132203 ], [ -71.482303132, -29.074133154 ], [ -71.482301601, -29.074134206999901 ], [ -71.482299812999898, -29.074135718 ], [ -71.482298161, -29.074137489 ], [ -71.482296619, -29.074139554999899 ], [ -71.482295301, -29.074141641 ], [ -71.482292802, -29.074145945999899 ], [ -71.482291802, -29.074147565 ], [ -71.482290734999907, -29.074149148999901 ], [ -71.482289583, -29.074150682 ], [ -71.482288003, -29.0741525 ], [ -71.482286261, -29.074154194999899 ], [ -71.482284339, -29.074155769999901 ], [ -71.482282273, -29.074157208 ], [ -71.482280709, -29.0741581579999 ], [ -71.482279086999895, -29.074159042 ], [ -71.482276624999898, -29.074160223 ], [ -71.482274079, -29.074161287 ], [ -71.482271398, -29.074162282 ], [ -71.482265960999896, -29.074164168 ], [ -71.482263266, -29.0741651619999 ], [ -71.48226149, -29.07416588 ], [ -71.482259744, -29.074166650999899 ], [ -71.482256456999906, -29.074168298 ], [ -71.482249713, -29.074172148999899 ], [ -71.482247437, -29.074173399 ], [ -71.48224542, -29.074174418 ], [ -71.482243356, -29.074175367999899 ], [ -71.482241246999905, -29.074176241 ], [ -71.482239077, -29.074177034999899 ], [ -71.482236865999894, -29.074177753 ], [ -71.48223462, -29.074178401 ], [ -71.482232344, -29.0741789849999 ], [ -71.482229726, -29.074179574 ], [ -71.482227081, -29.074180092999899 ], [ -71.482224416, -29.074180548999902 ], [ -71.482221674, -29.07418096 ], [ -71.482213462999894, -29.074182065999899 ], [ -71.482210774999899, -29.074182467 ], [ -71.48220814, -29.074182929 ], [ -71.482205584, -29.074183483 ], [ -71.482203141, -29.074184169 ], [ -71.482201318, -29.074184833999901 ], [ -71.482199615, -29.074185623999899 ], [ -71.482198261999898, -29.074186419999901 ], [ -71.482197034, -29.074187325 ], [ -71.482196024, -29.074188265 ], [ -71.482194652, -29.074190025 ], [ -71.4821939509999, -29.074191332999899 ], [ -71.482193232, -29.074193415 ], [ -71.4821929, -29.074195167 ], [ -71.482192736999906, -29.074196979 ], [ -71.482192706, -29.07419937 ], [ -71.482192843, -29.074204263 ], [ -71.482192805, -29.0742067259999 ], [ -71.482192621, -29.074208787 ], [ -71.482192261, -29.074210824 ], [ -71.482191558999901, -29.0742132459999 ], [ -71.482190584, -29.074215598 ], [ -71.482189338999902, -29.074217897 ], [ -71.482187877999905, -29.074220114 ], [ -71.482186232999894, -29.074222248999899 ], [ -71.482184422, -29.074224296999901 ], [ -71.482182436, -29.074226266 ], [ -71.482180313, -29.074228139999899 ], [ -71.482178422999894, -29.07422966 ], [ -71.48217055, -29.074235520999899 ], [ -71.482168489999907, -29.074237135 ], [ -71.482166483999904, -29.074238801 ], [ -71.482164568, -29.0742405 ], [ -71.48216271, -29.074242249 ], [ -71.482160899999897, -29.074244045999901 ], [ -71.482157384999894, -29.074247724 ], [ -71.482152185, -29.074253298 ], [ -71.482148633, -29.074256945999899 ], [ -71.482146714, -29.0742588049999 ], [ -71.482138897, -29.074266114 ], [ -71.482136995, -29.074267978 ], [ -71.482135074, -29.0742699629999 ], [ -71.482133212999898, -29.0742719899999 ], [ -71.482131414, -29.074274058 ], [ -71.48212968, -29.074276166999901 ], [ -71.482128189, -29.0742780809999 ], [ -71.482123813, -29.074283876 ], [ -71.482121255, -29.074287037 ], [ -71.482118498, -29.074290149 ], [ -71.482115112, -29.074293865 ], [ -71.482113462, -29.074295763999899 ], [ -71.482108218, -29.074302234999902 ], [ -71.482106436, -29.074304368999901 ], [ -71.482104777, -29.074306237 ], [ -71.482103046, -29.074308054 ], [ -71.482101235999906, -29.0743098099999 ], [ -71.482099753999904, -29.074311141 ], [ -71.482098223, -29.0743124329999 ], [ -71.482096646999906, -29.0743136849999 ], [ -71.482094385, -29.074315371999901 ], [ -71.482092069, -29.074317010999899 ], [ -71.482082684, -29.074323411 ], [ -71.482071221, -29.074331441 ], [ -71.482066684999893, -29.0743347229999 ], [ -71.482064476999895, -29.074336414 ], [ -71.482062336, -29.074338164 ], [ -71.482060813, -29.074339501999901 ], [ -71.482059348, -29.074340886999899 ], [ -71.482057961999899, -29.07434231 ], [ -71.482056633999903, -29.074343778 ], [ -71.482055364, -29.074345288 ], [ -71.482053692, -29.074347439999901 ], [ -71.482052103999905, -29.074349649999899 ], [ -71.482050586, -29.074351904 ], [ -71.482049134, -29.074354195 ], [ -71.482047748, -29.07435652 ], [ -71.482046437999898, -29.074358876 ], [ -71.482045405, -29.07436089 ], [ -71.482044445, -29.0743629259999 ], [ -71.482043564, -29.074364981 ], [ -71.48204261, -29.074367516999899 ], [ -71.482041792, -29.074370066 ], [ -71.482041124, -29.074372616999899 ], [ -71.482040646, -29.074375093 ], [ -71.482040406, -29.074377551999898 ], [ -71.4820404069999, -29.074378946 ], [ -71.482040525999906, -29.074380327 ], [ -71.482040788999896, -29.074381757 ], [ -71.482041195, -29.074383161999901 ], [ -71.482042201, -29.074385466 ], [ -71.482043549, -29.074387679 ], [ -71.482045194, -29.074389817999901 ], [ -71.482047059, -29.0743918759999 ], [ -71.482048616, -29.074393421 ], [ -71.482050245, -29.074394933999901 ], [ -71.482056257999901, -29.074400182 ], [ -71.482058362, -29.074402098999901 ], [ -71.482060114, -29.074403833 ], [ -71.48206175, -29.074405621 ], [ -71.482063324, -29.074407569999899 ], [ -71.482064707999896, -29.074409579 ], [ -71.482065669999898, -29.074411262 ], [ -71.482066454999895, -29.074412975 ], [ -71.482067091, -29.074414896 ], [ -71.482067394999902, -29.074416393 ], [ -71.482067523, -29.074417884 ], [ -71.482067467, -29.074419341 ], [ -71.482067226, -29.074420764 ], [ -71.482066895999907, -29.07442187 ], [ -71.482066443999898, -29.074422935 ], [ -71.482065376, -29.074424661 ], [ -71.482064487999907, -29.074425703 ], [ -71.482063467, -29.074426657999901 ], [ -71.482062454999905, -29.074427435 ], [ -71.482061363, -29.074428138 ], [ -71.482059565, -29.074429079 ], [ -71.482058144, -29.074429693 ], [ -71.482054583, -29.0744310319999 ], [ -71.482052581999895, -29.0744318509999 ], [ -71.482051546, -29.074432369 ], [ -71.482050605, -29.07443295 ], [ -71.482049668999906, -29.074433706 ], [ -71.482048919, -29.074434558999901 ], [ -71.482048424, -29.074435401999899 ], [ -71.482048108999905, -29.0744363049999 ], [ -71.482047990999902, -29.0744379839999 ], [ -71.482048353, -29.074439678 ], [ -71.482049087999897, -29.074441384 ], [ -71.482050091, -29.074443121999899 ], [ -71.482053768, -29.074448616 ], [ -71.48205467, -29.074450086 ], [ -71.482055515999903, -29.074451601 ], [ -71.482056482, -29.074453547 ], [ -71.482057349999906, -29.074455538999899 ], [ -71.482060034, -29.074462648 ], [ -71.48206105, -29.074464931 ], [ -71.482061916, -29.074466529999899 ], [ -71.482062914, -29.074468050999901 ], [ -71.482064279, -29.0744697109999 ], [ -71.482065844, -29.074471225 ], [ -71.482068001, -29.074472860999901 ], [ -71.482070387, -29.074474278 ], [ -71.482072696, -29.074475376 ], [ -71.482075123999905, -29.0744763239999 ], [ -71.482077645999894, -29.074477131 ], [ -71.482080162, -29.074477788 ], [ -71.482082732, -29.074478337999899 ], [ -71.482085342999895, -29.074478795999902 ], [ -71.482088376, -29.074479222 ], [ -71.482091435, -29.074479564999901 ], [ -71.482097595, -29.074480071 ], [ -71.482103766, -29.074480388 ], [ -71.482106845, -29.074480471 ], [ -71.482109913, -29.0744804939999 ], [ -71.482112964, -29.074480439 ], [ -71.482115917, -29.074480302 ], [ -71.482123885, -29.07447976 ], [ -71.48212635, -29.074479702 ], [ -71.482128766999907, -29.074479809 ], [ -71.482131131, -29.074480153 ], [ -71.482133314, -29.074480733 ], [ -71.482135667, -29.074481671999902 ], [ -71.482137834, -29.074482804999899 ], [ -71.482139941, -29.074484099 ], [ -71.482142024, -29.074485493999902 ], [ -71.482157680999904, -29.074496231999898 ], [ -71.482159924, -29.074497829999899 ], [ -71.482163575999905, -29.074500585 ], [ -71.482165343, -29.074502015 ], [ -71.482167492, -29.074503874 ], [ -71.482169551, -29.074505803 ], [ -71.482171507, -29.0745078049999 ], [ -71.482172799, -29.074509249 ], [ -71.48217403, -29.074510732 ], [ -71.482175196, -29.074512254 ], [ -71.482176623, -29.074514302999901 ], [ -71.482177953, -29.074516404999901 ], [ -71.482179206, -29.074518548999901 ], [ -71.482183839, -29.074527239 ], [ -71.482185051, -29.074529388 ], [ -71.482186021, -29.074530997 ], [ -71.482188076999904, -29.074534158999899 ], [ -71.482193364, -29.074541630999899 ], [ -71.482194649, -29.074543513 ], [ -71.482196011, -29.074545623999899 ], [ -71.482197314, -29.074547756999898 ], [ -71.482200495, -29.074553179 ], [ -71.482201593999903, -29.074554946 ], [ -71.482203022, -29.074557059 ], [ -71.482207251, -29.074562707 ], [ -71.482208027999903, -29.0745638829999 ], [ -71.482208737, -29.074565091 ], [ -71.482209473, -29.074566556 ], [ -71.482210106, -29.074568061 ], [ -71.482210806, -29.074570074 ], [ -71.482212526, -29.074576221 ], [ -71.482213182, -29.074578393 ], [ -71.4822153, -29.074584651 ], [ -71.482215745, -29.074586504 ], [ -71.482215905, -29.074588419 ], [ -71.482215762, -29.074589665 ], [ -71.482215386, -29.074590811 ], [ -71.482214837, -29.074591754 ], [ -71.4822135699999, -29.074593041999901 ], [ -71.48221218, -29.074593928999899 ], [ -71.482210341, -29.074594765 ], [ -71.482206286, -29.074596304 ], [ -71.482204501, -29.074597106999899 ], [ -71.482202856, -29.074598029 ], [ -71.482201107, -29.074599312 ], [ -71.482199572999903, -29.074600867 ], [ -71.482198568999905, -29.074602291 ], [ -71.482197802, -29.074603837 ], [ -71.482197276, -29.074605527 ], [ -71.482196992, -29.0746075069999 ], [ -71.482196997999907, -29.0746097799999 ], [ -71.482197253, -29.074612116 ], [ -71.482197672, -29.0746145009999 ], [ -71.482199261999895, -29.074621845 ], [ -71.482199707999897, -29.074624286 ], [ -71.482200051999897, -29.0746267439999 ], [ -71.482200259, -29.07462901 ], [ -71.482200354, -29.074631279 ], [ -71.482200329, -29.074633666999901 ], [ -71.482200186999904, -29.074636045 ], [ -71.482199935, -29.074638407999899 ], [ -71.482199578999897, -29.074640745999901 ], [ -71.482199111999904, -29.07464305 ], [ -71.482198738, -29.074644575 ], [ -71.482197716, -29.074648265 ], [ -71.482197179, -29.074650421999898 ], [ -71.48219683, -29.074652565 ], [ -71.482196756999898, -29.074653850999901 ], [ -71.482196805999905, -29.074655129999901 ], [ -71.482197104, -29.074656957999899 ], [ -71.482197711, -29.074658885 ], [ -71.482198641, -29.074660879 ], [ -71.482199813, -29.074662814 ], [ -71.482201185999898, -29.074664685 ], [ -71.482202809999905, -29.07466657 ], [ -71.482204595, -29.074668373999899 ], [ -71.48220652, -29.074670092 ], [ -71.482208579, -29.074671706999901 ], [ -71.482210172999899, -29.074672817 ], [ -71.482211831, -29.074673866 ], [ -71.482213542999901, -29.074674856999899 ], [ -71.482215872, -29.0746760829999 ], [ -71.482223007999906, -29.0746795969999 ], [ -71.482225421, -29.0746809 ], [ -71.482227758, -29.074682297 ], [ -71.482229893, -29.0746837259999 ], [ -71.482231944, -29.074685249 ], [ -71.482234166, -29.074687062999899 ], [ -71.482236321999906, -29.074688944999899 ], [ -71.482240522, -29.074692746 ], [ -71.482244583999901, -29.074696586999899 ], [ -71.482246384999897, -29.074698431999899 ], [ -71.482248110999905, -29.074700332 ], [ -71.482249867, -29.074702419999898 ], [ -71.482251553, -29.074704558999901 ], [ -71.482254807999894, -29.074708926 ], [ -71.482260153, -29.0747163519999 ], [ -71.482262662, -29.074720027999899 ], [ -71.48226513, -29.074723927 ], [ -71.482267631, -29.074728256 ], [ -71.482270034, -29.074732649999898 ], [ -71.482276126, -29.0747439199999 ], [ -71.482277321, -29.074746215999902 ], [ -71.482278416, -29.07474848 ], [ -71.482279358, -29.0747506989999 ], [ -71.482280073, -29.074752851 ], [ -71.482280370999902, -29.074754173 ], [ -71.482280523, -29.074755443999901 ], [ -71.482280507, -29.074756647 ], [ -71.482280304, -29.074757761999901 ], [ -71.482279932, -29.074758693 ], [ -71.482279378, -29.074759505 ], [ -71.48227882, -29.074760032 ], [ -71.482277717, -29.074760676 ], [ -71.482275977, -29.074761157 ], [ -71.482274033, -29.074761306 ], [ -71.482271897, -29.0747612289999 ], [ -71.482269614, -29.074761006 ], [ -71.482261614, -29.074760007999899 ], [ -71.482258722, -29.074759706999899 ], [ -71.482246922999906, -29.074758655 ], [ -71.482242398, -29.07475815 ], [ -71.482237082, -29.074757388 ], [ -71.482231001999907, -29.074756296 ], [ -71.48222499, -29.074755008 ], [ -71.482222017, -29.074754277999901 ], [ -71.482219351, -29.074753552999901 ], [ -71.482216713, -29.074752764 ], [ -71.482214107999894, -29.074751905 ], [ -71.482211418, -29.074750917 ], [ -71.482208774999904, -29.0747498429999 ], [ -71.4822061899999, -29.074748681 ], [ -71.482203676, -29.074747424 ], [ -71.482201298999897, -29.07474609 ], [ -71.482199017, -29.074744654 ], [ -71.482197659999898, -29.074743713 ], [ -71.482196344, -29.074742741 ], [ -71.482189912, -29.074737641 ], [ -71.482188037999904, -29.074736318 ], [ -71.482186162999895, -29.0747351969999 ], [ -71.48218465, -29.074734485 ], [ -71.482183152999895, -29.074733986999899 ], [ -71.482181689, -29.074733748 ], [ -71.482180133, -29.074733841999901 ], [ -71.482179464999902, -29.074734021 ], [ -71.482178325999897, -29.074734556 ], [ -71.482177072999903, -29.074735494 ], [ -71.482175883, -29.074736671 ], [ -71.482173363, -29.074739504 ], [ -71.482171927, -29.074741027 ], [ -71.482170783999905, -29.0747421209999 ], [ -71.4821695589999, -29.074743173999899 ], [ -71.482167621, -29.074744607 ], [ -71.482165522999907, -29.074745885 ], [ -71.482163675, -29.074746805 ], [ -71.4821617489999, -29.074747590999898 ], [ -71.482159759999902, -29.074748234 ], [ -71.482157575, -29.074748751 ], [ -71.482155362, -29.074749085 ], [ -71.482153148999899, -29.074749228 ], [ -71.482150761, -29.074749147 ], [ -71.482148445, -29.074748808 ], [ -71.482146158, -29.074748158 ], [ -71.482143981, -29.074747154 ], [ -71.482142736999904, -29.074746349 ], [ -71.482141618, -29.0747454199999 ], [ -71.482140270999906, -29.074743902 ], [ -71.482139203, -29.074742128 ], [ -71.482138493, -29.0747402709999 ], [ -71.482138031, -29.0747379489999 ], [ -71.482137926, -29.074735553 ], [ -71.482138146999901, -29.074733142 ], [ -71.482138697, -29.0747307779999 ], [ -71.482139226, -29.074729332999901 ], [ -71.482139901, -29.074727948 ], [ -71.48214058, -29.074726847 ], [ -71.482141366, -29.074725809 ], [ -71.482142366999895, -29.0747247319999 ], [ -71.482143489, -29.074723752 ], [ -71.482144889, -29.074722777 ], [ -71.482146660999902, -29.074721817999901 ], [ -71.482148552999902, -29.0747210289999 ], [ -71.482150696, -29.074720339999899 ], [ -71.482152869999894, -29.074719784 ], [ -71.482157755999907, -29.074718693 ], [ -71.482159876, -29.074718044999901 ], [ -71.482161101, -29.074717486999901 ], [ -71.482162097, -29.074716792999901 ], [ -71.482162718, -29.074716082999899 ], [ -71.482163032999907, -29.074715496 ], [ -71.482163327, -29.074714046999901 ], [ -71.482163135, -29.0747124399999 ], [ -71.482162505, -29.0747106859999 ], [ -71.482161525, -29.074708868999899 ], [ -71.482160272, -29.074707019 ], [ -71.482158753, -29.074705090999899 ], [ -71.482157071999893, -29.074703154 ], [ -71.482155282999898, -29.074701209999901 ], [ -71.482149863, -29.074695536 ], [ -71.482146442, -29.074692056999901 ], [ -71.482144677, -29.074690367 ], [ -71.482142853, -29.074688735999899 ], [ -71.482140827, -29.074687088 ], [ -71.482138714, -29.074685538 ], [ -71.482136538, -29.0746841 ], [ -71.48213429, -29.074682763999899 ], [ -71.482131975, -29.074681539 ], [ -71.482129592, -29.074680441999899 ], [ -71.482126974, -29.074679435 ], [ -71.482124287, -29.074678601 ], [ -71.482121467, -29.074677931999901 ], [ -71.482118611, -29.074677444 ], [ -71.482115799, -29.074677139 ], [ -71.482112993, -29.074676989999901 ], [ -71.482110215, -29.074676994 ], [ -71.482107491, -29.074677161 ], [ -71.482104848999896, -29.074677519 ], [ -71.482102218, -29.074678132 ], [ -71.482099763, -29.074679024 ], [ -71.482098317, -29.074679751 ], [ -71.482097188, -29.074680448 ], [ -71.482095495, -29.074681697 ], [ -71.482092205, -29.074684337999901 ], [ -71.482091042, -29.074685154999901 ], [ -71.482089803, -29.074685909 ], [ -71.482088022, -29.0746868059999 ], [ -71.482086048, -29.074687603 ], [ -71.482083979, -29.074688283999901 ], [ -71.482081901, -29.074688858999899 ], [ -71.482075434, -29.074690388 ], [ -71.482072822, -29.074691038 ], [ -71.48207022, -29.074691754 ], [ -71.482065768, -29.0746931689999 ], [ -71.4820611439999, -29.074694768 ], [ -71.482058834, -29.074695514 ], [ -71.482056505999907, -29.074696165 ], [ -71.482054182999903, -29.07469667 ], [ -71.482051836, -29.074697016999899 ], [ -71.4820502379999, -29.074697152999899 ], [ -71.482048635, -29.074697215 ], [ -71.482046502999907, -29.074697197 ], [ -71.482044384999895, -29.074697092999902 ], [ -71.482039783999895, -29.074696764999899 ], [ -71.482037743, -29.074696705999902 ], [ -71.482035743, -29.0746968 ], [ -71.482033954, -29.074697066999899 ], [ -71.482031792, -29.074697666 ], [ -71.48203058, -29.0746981519999 ], [ -71.4820294149999, -29.074698734 ], [ -71.482027512999906, -29.074699958999901 ], [ -71.482025942, -29.07470125 ], [ -71.482024466, -29.074702685 ], [ -71.482023059, -29.07470423 ], [ -71.482021701, -29.074705853 ], [ -71.482020086, -29.074707915 ], [ -71.482018522, -29.074710043 ], [ -71.482017020999905, -29.074712228 ], [ -71.482015600999901, -29.074714468 ], [ -71.482014278999898, -29.074716759 ], [ -71.482013039, -29.074719088999899 ], [ -71.482011863, -29.074721441999898 ], [ -71.48200968, -29.074726165 ], [ -71.482008712, -29.074728533 ], [ -71.482007887999899, -29.074730923999901 ], [ -71.482007328999899, -29.0747330529999 ], [ -71.482006978, -29.074735041999901 ], [ -71.482006812, -29.074736663 ], [ -71.482006745, -29.0747382939999 ], [ -71.482006791999893, -29.074740489 ], [ -71.482006956, -29.074742694999902 ], [ -71.482007196, -29.074744911 ], [ -71.482008072, -29.0747518589999 ], [ -71.4820085919999, -29.074756828 ], [ -71.482008972, -29.0747620349999 ], [ -71.482009101, -29.074764643 ], [ -71.482009213, -29.0747698599999 ], [ -71.482009167999905, -29.074772461 ], [ -71.482009059999896, -29.0747746659999 ], [ -71.482008878, -29.074776858 ], [ -71.482008613999895, -29.074779030999899 ], [ -71.482008252999904, -29.074781179 ], [ -71.482007725, -29.074783488 ], [ -71.482007042, -29.07478574 ], [ -71.482006177999907, -29.074787913 ], [ -71.482005204, -29.074789806999899 ], [ -71.482004041, -29.074791595 ], [ -71.48200253, -29.074793408999899 ], [ -71.482000787999894, -29.074795047 ], [ -71.481998926999907, -29.074796423 ], [ -71.481997707999895, -29.074797169 ], [ -71.481996427999903, -29.0747978489999 ], [ -71.481994191, -29.07479884 ], [ -71.481991841, -29.074799680999899 ], [ -71.481989405, -29.074800389 ], [ -71.481986903999896, -29.074800973 ], [ -71.481984216999905, -29.074801457 ], [ -71.48198149, -29.074801819999902 ], [ -71.481978741, -29.074802066 ], [ -71.481975976999905, -29.074802194 ], [ -71.481973135, -29.074802189 ], [ -71.481970299999901, -29.074802048 ], [ -71.481967488, -29.074801765 ], [ -71.481964923, -29.074801367 ], [ -71.481962398, -29.074800839 ], [ -71.481959922, -29.074800175999901 ], [ -71.481957802, -29.074799481 ], [ -71.481955733999897, -29.074798683 ], [ -71.481953725, -29.074797788 ], [ -71.481951183, -29.074796464 ], [ -71.481948759, -29.0747950109999 ], [ -71.481946692, -29.074793633999899 ], [ -71.481943028, -29.074791049999899 ], [ -71.48194137, -29.074789938 ], [ -71.481939699999899, -29.074788952999899 ], [ -71.481937989999906, -29.074788155 ], [ -71.481936828, -29.074787764 ], [ -71.48193564, -29.0747874959999 ], [ -71.48193372, -29.074787345999901 ], [ -71.481932996999902, -29.074787374 ], [ -71.48193055, -29.074787741 ], [ -71.481928059, -29.074788417 ], [ -71.481921864999904, -29.074790521 ], [ -71.481919986, -29.074791117 ], [ -71.481917866999893, -29.074791709 ], [ -71.481915704, -29.074792210999899 ], [ -71.481913376, -29.074792627 ], [ -71.481911012, -29.074792923 ], [ -71.481908187, -29.0747931239999 ], [ -71.481905334, -29.074793191 ], [ -71.481902463, -29.074793153 ], [ -71.481899582, -29.074793029 ], [ -71.481896695, -29.074792831 ], [ -71.48189381, -29.074792567 ], [ -71.481890931999899, -29.074792236999901 ], [ -71.4818880669999, -29.074791837 ], [ -71.481885222, -29.074791359 ], [ -71.481882473, -29.07479081 ], [ -71.481874265, -29.074788919 ], [ -71.481871549999894, -29.074788382999898 ], [ -71.481868847, -29.074788016 ], [ -71.481866823, -29.074787897 ], [ -71.481864813999906, -29.074787937999901 ], [ -71.481863259, -29.07478809 ], [ -71.481861725, -29.074788349 ], [ -71.48185978, -29.074788838 ], [ -71.481857888, -29.074789488 ], [ -71.481855660999898, -29.074790476 ], [ -71.481853531, -29.074791654 ], [ -71.481851787, -29.074792799 ], [ -71.481850127, -29.074794055 ], [ -71.481848877999894, -29.074795122 ], [ -71.481847688, -29.074796248 ], [ -71.481846531, -29.074797451999899 ], [ -71.481845431, -29.074798697999899 ], [ -71.481843416999894, -29.074801229999899 ], [ -71.481840792, -29.07480473 ], [ -71.481839443999903, -29.074806382 ], [ -71.481837998999893, -29.074807904999901 ], [ -71.481836367, -29.0748092709999 ], [ -71.481835079999897, -29.074810109999898 ], [ -71.481833703999897, -29.074810805 ], [ -71.481831423, -29.07481158 ], [ -71.48182929, -29.074811969999899 ], [ -71.481827056, -29.074812140999899 ], [ -71.481824761, -29.074812166 ], [ -71.481820052, -29.0748121 ], [ -71.481817534999905, -29.074812164 ], [ -71.481815027, -29.074812376999901 ], [ -71.481813380999895, -29.074812627 ], [ -71.48181176, -29.074812971 ], [ -71.481810202, -29.074813403 ], [ -71.481808679, -29.074813924999901 ], [ -71.481806999, -29.074814628999899 ], [ -71.481805377999905, -29.074815445 ], [ -71.481803614999905, -29.074816504999902 ], [ -71.481801945, -29.074817693999901 ], [ -71.481800393, -29.074818985 ], [ -71.481798928, -29.074820374999899 ], [ -71.481797185999895, -29.074822249 ], [ -71.481795534999904, -29.0748242179999 ], [ -71.481793938, -29.074826249999902 ], [ -71.481788009, -29.074834096 ], [ -71.48178531, -29.074837836 ], [ -71.481784056, -29.074839741999899 ], [ -71.481783048999901, -29.074841424999899 ], [ -71.481782131, -29.074843137999899 ], [ -71.481781522999896, -29.07484441 ], [ -71.48178097, -29.074845697999901 ], [ -71.481780122, -29.074847943999899 ], [ -71.481778584, -29.074852416999899 ], [ -71.481777743, -29.074854576999901 ], [ -71.481776902, -29.07485636 ], [ -71.481775915, -29.074858035 ], [ -71.481774795, -29.074859525 ], [ -71.481773502, -29.074860857 ], [ -71.481771629, -29.0748622579999 ], [ -71.48176971, -29.074863239 ], [ -71.481767812, -29.0748638859999 ], [ -71.481765799999906, -29.074864308 ], [ -71.48176381, -29.074864514 ], [ -71.481761765, -29.074864552 ], [ -71.481759688, -29.0748644459999 ], [ -71.481757936, -29.07486426 ], [ -71.481756178999902, -29.074864002 ], [ -71.481748237, -29.074862552 ], [ -71.481745603, -29.074862233 ], [ -71.481743218, -29.074862137 ], [ -71.481740856, -29.074862272 ], [ -71.481739198, -29.074862513 ], [ -71.481737564999904, -29.074862864 ], [ -71.481735183999902, -29.074863546 ], [ -71.481730475999896, -29.074865131 ], [ -71.481728886, -29.074865621999901 ], [ -71.481727275, -29.07486605 ], [ -71.48172541, -29.074866434999901 ], [ -71.481723519, -29.07486669 ], [ -71.481721767, -29.074866796 ], [ -71.4817200049999, -29.07486678 ], [ -71.481717499999903, -29.07486655 ], [ -71.481715005, -29.074866116 ], [ -71.481712888999894, -29.074865616 ], [ -71.481706538, -29.074863883 ], [ -71.481704519999894, -29.07486341 ], [ -71.481702478, -29.0748630309999 ], [ -71.481700399, -29.074862771 ], [ -71.481698302, -29.074862643 ], [ -71.481695993999907, -29.074862655999901 ], [ -71.48169368, -29.074862813 ], [ -71.481690888999907, -29.074863165999901 ], [ -71.481688101, -29.074863659 ], [ -71.481685319999897, -29.074864254 ], [ -71.481682549, -29.074864923 ], [ -71.481677696, -29.07486625 ], [ -71.48167531, -29.074866985 ], [ -71.481672969, -29.074867777999899 ], [ -71.481670688, -29.074868642999899 ], [ -71.481668487, -29.074869599 ], [ -71.481666543, -29.074870586 ], [ -71.481664705999904, -29.074871680999902 ], [ -71.481663004, -29.074872898 ], [ -71.481661823, -29.074873905999901 ], [ -71.481660505, -29.074875232 ], [ -71.481659205, -29.074876746 ], [ -71.481656734999902, -29.074879844999899 ], [ -71.481655613, -29.074881135999899 ], [ -71.481654413999905, -29.0748823549999 ], [ -71.481652759, -29.074883751 ], [ -71.481650940999899, -29.074884946999902 ], [ -71.481649326, -29.07488575 ], [ -71.481647616, -29.074886381999899 ], [ -71.481645562, -29.07488689 ], [ -71.481643426999895, -29.074887173 ], [ -71.481640908, -29.074887227 ], [ -71.481638344, -29.07488703 ], [ -71.481636258, -29.074886716 ], [ -71.481634164999903, -29.074886289999899 ], [ -71.481631869, -29.074885730999899 ], [ -71.481627246, -29.07488452 ], [ -71.481624903, -29.074883972 ], [ -71.481623048999893, -29.074883612 ], [ -71.481621178999902, -29.074883327 ], [ -71.48161923, -29.07488312 ], [ -71.481617270999905, -29.074883002 ], [ -71.481615242, -29.074882976 ], [ -71.481613211, -29.074883041 ], [ -71.481611183, -29.074883197 ], [ -71.481609061, -29.074883456999899 ], [ -71.48160695, -29.074883809 ], [ -71.481604101, -29.074884429 ], [ -71.481601282, -29.07488518 ], [ -71.4815985, -29.074886037999899 ], [ -71.481595762, -29.07488699 ], [ -71.481593083, -29.07488803 ], [ -71.481590485, -29.074889164999899 ], [ -71.481588, -29.074890411 ], [ -71.481585673, -29.0748917949999 ], [ -71.481584020999904, -29.074892975 ], [ -71.481582513, -29.074894257 ], [ -71.481580874, -29.074895989 ], [ -71.481579532999902, -29.0748978579999 ], [ -71.481578863, -29.074899103999901 ], [ -71.481578342, -29.074900393 ], [ -71.481578004, -29.0749016259999 ], [ -71.481577812, -29.074902881 ], [ -71.481577767, -29.074903929999898 ], [ -71.481577990999895, -29.074906175 ], [ -71.481578428, -29.0749080329999 ], [ -71.481580102, -29.074913501 ], [ -71.481580487, -29.074915421999901 ], [ -71.481580601, -29.0749172599999 ], [ -71.481580386, -29.074918900999901 ], [ -71.481580086, -29.0749197979999 ], [ -71.481579656, -29.074920612 ], [ -71.481578616, -29.074921772 ], [ -71.481577140999903, -29.074922608999898 ], [ -71.481575688, -29.074922957999899 ], [ -71.481573842, -29.07492296 ], [ -71.481572726, -29.074922773 ], [ -71.481571601, -29.074922461 ], [ -71.481569623, -29.074921638 ], [ -71.481568346, -29.07492094 ], [ -71.481566965999903, -29.074920061999901 ], [ -71.481563918999896, -29.074917893 ], [ -71.481562216, -29.074916753 ], [ -71.481560461, -29.074915819999902 ], [ -71.481558645, -29.074915225 ], [ -71.481557121, -29.074915040999901 ], [ -71.48155586, -29.074915093 ], [ -71.481554587999895, -29.074915303999902 ], [ -71.481552550999893, -29.074915911999899 ], [ -71.481550488, -29.0749167499999 ], [ -71.481546576, -29.074918522 ], [ -71.481544717, -29.074919302999898 ], [ -71.481543027, -29.0749199279999 ], [ -71.481541287, -29.074920473 ], [ -71.481539707, -29.074920872 ], [ -71.481538093, -29.074921186 ], [ -71.481536166999902, -29.07492144 ], [ -71.481534209, -29.07492158 ], [ -71.481532229, -29.074921616 ], [ -71.481529474999903, -29.074921517 ], [ -71.481526696999893, -29.0749212979999 ], [ -71.481521089999902, -29.074920732 ], [ -71.481518300999895, -29.074920491999901 ], [ -71.481515504999905, -29.074920327 ], [ -71.481513027999895, -29.0749202609999 ], [ -71.4815105549999, -29.0749202659999 ], [ -71.481508091, -29.074920334 ], [ -71.481505641, -29.074920463 ], [ -71.481502731, -29.074920704 ], [ -71.481499869999894, -29.074921069 ], [ -71.481497085999905, -29.074921606 ], [ -71.481495466999903, -29.074922033 ], [ -71.481493894, -29.074922550999901 ], [ -71.481492398999904, -29.074923152999901 ], [ -71.481490957999895, -29.074923848 ], [ -71.481489557, -29.074924644 ], [ -71.481488214, -29.074925524 ], [ -71.481486879, -29.074926515999898 ], [ -71.481485593999906, -29.074927573 ], [ -71.481483677, -29.074929308 ], [ -71.481479911999898, -29.07493291 ], [ -71.481478064, -29.074934578 ], [ -71.481476131, -29.074936169 ], [ -71.481474745, -29.074937204 ], [ -71.481473309, -29.074938182 ], [ -71.481471031999902, -29.074939555 ], [ -71.481468648, -29.0749407879999 ], [ -71.48146604, -29.074941929 ], [ -71.481463345, -29.074942916999898 ], [ -71.481460789, -29.074943699999899 ], [ -71.481458185999898, -29.074944372999902 ], [ -71.481455552999904, -29.074944946999899 ], [ -71.481453536999894, -29.074945326 ], [ -71.481446636, -29.074946469999901 ], [ -71.481443842, -29.074947027 ], [ -71.481441183, -29.074947753999901 ], [ -71.481439187, -29.074948527999901 ], [ -71.481437769, -29.074949264999901 ], [ -71.481436513999896, -29.074950093 ], [ -71.481435363999907, -29.074951034 ], [ -71.481433938999899, -29.074952508 ], [ -71.481432693, -29.074954138 ], [ -71.481431614, -29.074955891999899 ], [ -71.481430691999904, -29.074957742 ], [ -71.481429934999895, -29.074959669999899 ], [ -71.481429309, -29.074961847999901 ], [ -71.481428912999903, -29.074964082 ], [ -71.481428784999906, -29.074965658999901 ], [ -71.481428781, -29.074967251 ], [ -71.481428913999906, -29.07496895 ], [ -71.481429175999907, -29.074970651999902 ], [ -71.481429718, -29.074972972 ], [ -71.48143043, -29.074975283999901 ], [ -71.481431272999899, -29.074977584 ], [ -71.481435179999906, -29.074986833 ], [ -71.481436018999901, -29.074989138 ], [ -71.481436683, -29.074991446 ], [ -71.481437023999902, -29.074993171 ], [ -71.481437209, -29.074994891 ], [ -71.481437196999906, -29.074996975 ], [ -71.481436911999893, -29.074999019 ], [ -71.481436405, -29.075000815 ], [ -71.481435664999907, -29.075002543 ], [ -71.481434444999906, -29.075004555 ], [ -71.481432916999907, -29.075006422999898 ], [ -71.481431143999899, -29.075008103 ], [ -71.481429144999893, -29.075009622 ], [ -71.481426848, -29.075011037 ], [ -71.481424389, -29.075012278 ], [ -71.481422838, -29.075012947999902 ], [ -71.481421252, -29.075013559 ], [ -71.4814185, -29.0750144739999 ], [ -71.481415715, -29.075015255 ], [ -71.481412938999895, -29.075015911 ], [ -71.481410485, -29.075016382999902 ], [ -71.481408089, -29.075016702 ], [ -71.481405777, -29.075016806 ], [ -71.481403575999906, -29.075016616 ], [ -71.481401581999904, -29.075016072 ], [ -71.481400425999894, -29.075015535 ], [ -71.4813985279999, -29.075014198 ], [ -71.481397054999903, -29.075012691 ], [ -71.481395731, -29.075010961 ], [ -71.481394502999905, -29.075009071 ], [ -71.481392053, -29.075004817 ], [ -71.481385905, -29.074993447999901 ], [ -71.481384777999907, -29.07499145 ], [ -71.48138361, -29.07498952 ], [ -71.481382374, -29.074987692 ], [ -71.481381039, -29.074986004 ], [ -71.481379570999906, -29.074984505 ], [ -71.481378502, -29.0749836439999 ], [ -71.481377352, -29.074982905999899 ], [ -71.481376411, -29.074982432999899 ], [ -71.481375167, -29.0749819669999 ], [ -71.481373028999897, -29.074981502999901 ], [ -71.481370564, -29.0749813689999 ], [ -71.481368007999905, -29.074981552999901 ], [ -71.481365271, -29.074982018 ], [ -71.481362503, -29.074982699 ], [ -71.481359728, -29.074983544 ], [ -71.481356966, -29.074984522 ], [ -71.481354236999906, -29.074985614 ], [ -71.481351560999897, -29.074986817 ], [ -71.481348964999896, -29.074988139 ], [ -71.481346701999897, -29.074989444 ], [ -71.481344518999904, -29.074990824999901 ], [ -71.481339894, -29.074993920999901 ], [ -71.481337574999898, -29.0749953229999 ], [ -71.481335373, -29.074996416 ], [ -71.481333822, -29.074997018 ], [ -71.4813322319999, -29.074997486 ], [ -71.481330137, -29.074997876999898 ], [ -71.481327584, -29.074998052 ], [ -71.481325268, -29.074997998 ], [ -71.481321567999899, -29.074997738 ], [ -71.481319716, -29.074997650999901 ], [ -71.481317122999897, -29.074997714999899 ], [ -71.481315036999902, -29.0749979889999 ], [ -71.481312543999906, -29.074998593 ], [ -71.481310097999895, -29.074999442 ], [ -71.481307653, -29.075000482 ], [ -71.481302773, -29.075002758 ], [ -71.481300269, -29.075003817 ], [ -71.481298174, -29.0750045569999 ], [ -71.4812965469999, -29.075005023 ], [ -71.481294886999905, -29.0750054129999 ], [ -71.481292407999902, -29.075005867 ], [ -71.481289889, -29.0750062229999 ], [ -71.481282213, -29.075007151 ], [ -71.481279845, -29.0750075189999 ], [ -71.481277495, -29.075007969 ], [ -71.481274288, -29.0750087559999 ], [ -71.481272469, -29.0750093 ], [ -71.48127067, -29.075009900999898 ], [ -71.481267905, -29.07501093 ], [ -71.481259674999905, -29.075014267 ], [ -71.481257045999897, -29.075015274 ], [ -71.4812543849999, -29.075016220999899 ], [ -71.481251536999906, -29.075017151999901 ], [ -71.481245763999894, -29.075018853 ], [ -71.481228313, -29.075023554 ], [ -71.481224136, -29.075024794999901 ], [ -71.481222085999903, -29.07502548 ], [ -71.481219042, -29.075026647999898 ], [ -71.481217112, -29.075027498999901 ], [ -71.481216908, -29.075027597 ], [ -71.481215221, -29.075028409 ], [ -71.481207731, -29.0750322919999 ], [ -71.481205186, -29.075033446 ], [ -71.481203109, -29.075034235 ], [ -71.481200978999894, -29.075034892 ], [ -71.481199072, -29.075035349 ], [ -71.481197135999906, -29.075035707 ], [ -71.481195176, -29.075035973999899 ], [ -71.481192480999894, -29.075036215 ], [ -71.481184364999905, -29.075036698 ], [ -71.481181698999904, -29.075036994999898 ], [ -71.481179383, -29.075037403 ], [ -71.48117712, -29.075037973 ], [ -71.481174604, -29.075038842 ], [ -71.481172177, -29.075039912 ], [ -71.481170096, -29.075040989999898 ], [ -71.481164003999893, -29.075044474 ], [ -71.481162508999901, -29.075045266 ], [ -71.481160991, -29.075045998999901 ], [ -71.481159383, -29.0750466819999 ], [ -71.481157744, -29.075047266 ], [ -71.48115519, -29.075047934999901 ], [ -71.481152585, -29.075048297 ], [ -71.481151468, -29.075048345 ], [ -71.48114925, -29.075048255 ], [ -71.481146916999904, -29.075047928999901 ], [ -71.481144581, -29.075047421 ], [ -71.481142241, -29.075046777999901 ], [ -71.481139895, -29.075046035 ], [ -71.481135395, -29.075044433 ], [ -71.481130908, -29.075042657 ], [ -71.481128677999905, -29.075041713 ], [ -71.481118727, -29.075037239 ], [ -71.481116235999906, -29.075036173999901 ], [ -71.481113729999905, -29.075035182 ], [ -71.481111198999898, -29.075034299 ], [ -71.481108632, -29.075033565 ], [ -71.481106747999902, -29.075033155 ], [ -71.481104843, -29.075032855 ], [ -71.481102339999893, -29.07503264 ], [ -71.48110001, -29.075032602 ], [ -71.481097669999897, -29.075032697 ], [ -71.481094922999901, -29.075032941 ], [ -71.481092174, -29.075033289 ], [ -71.481089423999904, -29.0750337059999 ], [ -71.481082121, -29.07503495 ], [ -71.481077817, -29.075035747 ], [ -71.481075371, -29.075036293 ], [ -71.481072996, -29.07503696 ], [ -71.481070998, -29.075037681 ], [ -71.481069090999895, -29.075038548999899 ], [ -71.481067611, -29.075039374 ], [ -71.481065521999895, -29.075040798 ], [ -71.481063916, -29.075042084 ], [ -71.481059326, -29.0750460699999 ], [ -71.481057807, -29.0750472349999 ], [ -71.481056232, -29.075048266 ], [ -71.481054620999899, -29.075049104999898 ], [ -71.481052954999896, -29.075049734999901 ], [ -71.481051212999901, -29.075050123 ], [ -71.481049282999905, -29.075050228999899 ], [ -71.481047089, -29.075049916999902 ], [ -71.481045230999896, -29.07504926 ], [ -71.481043905, -29.075048535 ], [ -71.481042663, -29.075047637999901 ], [ -71.481041066, -29.0750461219999 ], [ -71.481039624999894, -29.075044380999898 ], [ -71.481038478999906, -29.075042736999901 ], [ -71.481035176, -29.0750375269999 ], [ -71.481034229, -29.075036178999898 ], [ -71.48103322, -29.075034877 ], [ -71.481032199, -29.075033705 ], [ -71.481031109, -29.075032601 ], [ -71.481029960999905, -29.07503159 ], [ -71.481028741, -29.0750306649999 ], [ -71.481027438, -29.075029830999899 ], [ -71.481026065, -29.075029104 ], [ -71.481024734999906, -29.075028533 ], [ -71.481023353999902, -29.075028062999898 ], [ -71.48102168, -29.075027636 ], [ -71.481019956999901, -29.075027330999902 ], [ -71.481017466, -29.075027066 ], [ -71.481009914, -29.075026631 ], [ -71.481007389, -29.075026389 ], [ -71.480999735999902, -29.075025450999899 ], [ -71.480994518, -29.0750249079999 ], [ -71.480981754, -29.075024065 ], [ -71.480979221, -29.075023831 ], [ -71.480977008, -29.075023567 ], [ -71.480974813, -29.0750232359999 ], [ -71.480972642, -29.075022831999899 ], [ -71.480970257, -29.0750222849999 ], [ -71.480967907, -29.075021649 ], [ -71.480960424, -29.0750193 ], [ -71.480957949, -29.0750185969999 ], [ -71.480955461999898, -29.075018035 ], [ -71.480952728, -29.075017654 ], [ -71.480950280999906, -29.075017551 ], [ -71.48094857, -29.075017617 ], [ -71.480946871, -29.075017787 ], [ -71.480944969999896, -29.075018095 ], [ -71.480943095, -29.075018503 ], [ -71.480940652, -29.075019160999901 ], [ -71.480936202999899, -29.075020501 ], [ -71.480934167, -29.075021032999899 ], [ -71.480932138999904, -29.075021397999901 ], [ -71.48093068, -29.0750215099999 ], [ -71.480928881, -29.075021444999901 ], [ -71.480927432, -29.075021225999901 ], [ -71.480925995999897, -29.075020876999901 ], [ -71.480924047, -29.0750202249999 ], [ -71.480922102, -29.075019434 ], [ -71.480916438999898, -29.075016946999899 ], [ -71.480913893, -29.075015944 ], [ -71.480911278999898, -29.075015006999902 ], [ -71.480901845999895, -29.075011896 ], [ -71.480899532, -29.075011022999899 ], [ -71.480897125999903, -29.075009978 ], [ -71.480894803, -29.0750088039999 ], [ -71.480893511, -29.075008061999899 ], [ -71.480892253, -29.075007273 ], [ -71.480890835, -29.075006298999899 ], [ -71.480889463, -29.075005269 ], [ -71.480887501, -29.075003657 ], [ -71.480885604, -29.075001965999899 ], [ -71.480883747999897, -29.075000224 ], [ -71.480878495, -29.0749951079999 ], [ -71.480875114999904, -29.07499172 ], [ -71.480867751999895, -29.074984012 ], [ -71.480865800999894, -29.074982081 ], [ -71.480863775, -29.074980233 ], [ -71.480861923, -29.074978716 ], [ -71.480859983, -29.074977305999901 ], [ -71.480857795, -29.074975923999901 ], [ -71.480855506, -29.07497469 ], [ -71.480853467, -29.074973758999899 ], [ -71.480851364, -29.0749729459999 ], [ -71.480849204, -29.074972256 ], [ -71.480846543, -29.074971594 ], [ -71.480843824, -29.0749711029999 ], [ -71.480841359, -29.074970793 ], [ -71.480838874, -29.074970573 ], [ -71.480833406, -29.074970208 ], [ -71.480830684999901, -29.074969939 ], [ -71.480827856, -29.074969495999898 ], [ -71.480825067, -29.0749688679999 ], [ -71.480823127999898, -29.074968311 ], [ -71.480821217, -29.074967666 ], [ -71.480818826, -29.074966738999901 ], [ -71.480816476, -29.074965719 ], [ -71.480814164, -29.074964629 ], [ -71.480811893, -29.074963490999899 ], [ -71.480804813, -29.074959744 ], [ -71.480802473, -29.07495862 ], [ -71.480801212999907, -29.074958093 ], [ -71.480799977999894, -29.074957648 ], [ -71.480798051, -29.074957137 ], [ -71.480796265, -29.074956928999899 ], [ -71.480794813, -29.074957049 ], [ -71.480793611, -29.074957491 ], [ -71.480792968999907, -29.074957997 ], [ -71.480792683999894, -29.074958357 ], [ -71.480792235, -29.0749594709999 ], [ -71.480792151999907, -29.074961167 ], [ -71.4807924, -29.074963107 ], [ -71.480792778, -29.0749652179999 ], [ -71.480793085999906, -29.07496744 ], [ -71.480793150999901, -29.074968473 ], [ -71.480793104, -29.0749701999999 ], [ -71.480792921, -29.074971515999898 ], [ -71.480792607999902, -29.074972803 ], [ -71.480791918, -29.074974617999899 ], [ -71.480790989, -29.074976283 ], [ -71.480789852, -29.074977737 ], [ -71.480788751, -29.0749787469999 ], [ -71.480787534999905, -29.0749795159999 ], [ -71.480786399, -29.074979949 ], [ -71.480785212999905, -29.074980132999901 ], [ -71.480783711, -29.074979984 ], [ -71.480782518999902, -29.074979595999899 ], [ -71.48078134, -29.0749790039999 ], [ -71.480779466999905, -29.07497768 ], [ -71.480777663, -29.074976012 ], [ -71.480775938, -29.074974094 ], [ -71.480774308, -29.074971989999899 ], [ -71.480772793, -29.074969745 ], [ -71.480771814, -29.074968111 ], [ -71.480770901, -29.074966439 ], [ -71.480769928, -29.074964501999901 ], [ -71.480767622, -29.074959736 ], [ -71.480766361999898, -29.074957503999901 ], [ -71.480764899, -29.0749554729999 ], [ -71.480763850999907, -29.0749543589999 ], [ -71.480762677, -29.0749533709999 ], [ -71.480761629, -29.074952670999899 ], [ -71.48075999, -29.07495183 ], [ -71.48075822, -29.074951165 ], [ -71.480756019, -29.074950584 ], [ -71.480753707, -29.074950167999901 ], [ -71.480751310999906, -29.074949871999902 ], [ -71.480748854, -29.074949660999899 ], [ -71.480743818999898, -29.074949366999899 ], [ -71.480736449999895, -29.074949024 ], [ -71.480725574, -29.07494867 ], [ -71.480722785999902, -29.074948538999902 ], [ -71.480720011999907, -29.074948347 ], [ -71.480717339, -29.074948081999899 ], [ -71.48071469, -29.074947725999898 ], [ -71.480712071, -29.074947266 ], [ -71.480710471, -29.074946920999899 ], [ -71.480707066, -29.074946022999899 ], [ -71.480705265, -29.074945466 ], [ -71.480697009, -29.074942687 ], [ -71.480694260999897, -29.074941931 ], [ -71.480691741, -29.07494143 ], [ -71.480689212999906, -29.07494114 ], [ -71.480687251999896, -29.07494108 ], [ -71.480685305999899, -29.0749411789999 ], [ -71.480683141, -29.074941493 ], [ -71.480681698, -29.074941829999901 ], [ -71.480680280999906, -29.074942258 ], [ -71.480677823999898, -29.074943204 ], [ -71.480673037, -29.074945410999899 ], [ -71.480670636, -29.074946456 ], [ -71.48066906, -29.074947038999898 ], [ -71.480667463, -29.074947519 ], [ -71.480665852999905, -29.07494787 ], [ -71.480664228, -29.074948076999899 ], [ -71.480662885999905, -29.0749481309999 ], [ -71.480661546, -29.074948075 ], [ -71.480659277, -29.07494773 ], [ -71.480657053999906, -29.0749470979999 ], [ -71.480654938, -29.074946227999899 ], [ -71.480652888, -29.074945151 ], [ -71.480651039999898, -29.074943995 ], [ -71.480649239999906, -29.074942727 ], [ -71.480647480999906, -29.074941373999899 ], [ -71.480641331, -29.074936249 ], [ -71.48063925, -29.0749346109999 ], [ -71.480637101999903, -29.074933099 ], [ -71.480635667999906, -29.074932219999901 ], [ -71.480634188, -29.0749314349999 ], [ -71.480631949, -29.074930494999901 ], [ -71.480629678999904, -29.074929835 ], [ -71.48062734, -29.074929424999901 ], [ -71.480625011, -29.074929265 ], [ -71.480622662, -29.0749293269999 ], [ -71.480620804, -29.074929521999898 ], [ -71.480618953, -29.074929821 ], [ -71.480611456, -29.074931426 ], [ -71.480609661999907, -29.074931709999898 ], [ -71.480607703, -29.074931905 ], [ -71.480605744999906, -29.074931955999901 ], [ -71.480603426, -29.074931808 ], [ -71.480601147999906, -29.074931421 ], [ -71.480599540999904, -29.074930988999899 ], [ -71.480597973, -29.074930434 ], [ -71.480596482, -29.074929784999899 ], [ -71.48059503, -29.074929043999902 ], [ -71.480593228, -29.074927991 ], [ -71.480591456999903, -29.074926853 ], [ -71.480587914, -29.074924472 ], [ -71.480584711999896, -29.074922446999899 ], [ -71.480582258, -29.074921044 ], [ -71.480579734999907, -29.074919727 ], [ -71.480577156, -29.074918494 ], [ -71.480574525, -29.074917354 ], [ -71.480571845, -29.074916324 ], [ -71.480569113999906, -29.074915428999901 ], [ -71.48056737, -29.074914949999901 ], [ -71.480565606, -29.074914543 ], [ -71.480563553, -29.074914169 ], [ -71.480561478, -29.074913887 ], [ -71.480559386, -29.074913685 ], [ -71.48055647, -29.0749135209999 ], [ -71.480553536999906, -29.074913449999901 ], [ -71.480542489, -29.074913389999899 ], [ -71.480537345999906, -29.074913443 ], [ -71.480534784, -29.074913557999899 ], [ -71.480532331999896, -29.07491375 ], [ -71.480529891999893, -29.074914028 ], [ -71.480527467999906, -29.074914390999901 ], [ -71.480524574, -29.074914947 ], [ -71.480521715, -29.0749156319999 ], [ -71.480519592, -29.074916232 ], [ -71.480517491999905, -29.074916899 ], [ -71.48051542, -29.074917626999898 ], [ -71.480512768, -29.07491865 ], [ -71.480507520999893, -29.0749207769999 ], [ -71.480504885, -29.074921773 ], [ -71.480502743, -29.074922489999899 ], [ -71.480500574, -29.074923105 ], [ -71.480498468, -29.07492358 ], [ -71.480496339, -29.074923930999901 ], [ -71.480494516, -29.0749241259999 ], [ -71.480492684, -29.074924227999901 ], [ -71.480490524999894, -29.074924232999901 ], [ -71.480488362, -29.0749241249999 ], [ -71.4804862, -29.074923912 ], [ -71.480483947, -29.074923586999901 ], [ -71.480481702, -29.074923167999899 ], [ -71.480479469, -29.074922667 ], [ -71.480477251, -29.074922091 ], [ -71.480475149, -29.074921475999901 ], [ -71.480473058, -29.074920812999899 ], [ -71.480465502, -29.074918258 ], [ -71.480462738, -29.074917404 ], [ -71.4804603219999, -29.074916755999901 ], [ -71.480457876999907, -29.074916202999901 ], [ -71.480455306, -29.074915736 ], [ -71.480452712, -29.074915356 ], [ -71.480447474999906, -29.074914783999901 ], [ -71.480442057999895, -29.074914368 ], [ -71.480439341, -29.074914222 ], [ -71.480433822, -29.0749140799999 ], [ -71.480425418, -29.074914081 ], [ -71.480419979, -29.0749139979999 ], [ -71.480414708, -29.074913749 ], [ -71.480412078, -29.074913552999899 ], [ -71.480409287, -29.074913285 ], [ -71.480403721999906, -29.074912592 ], [ -71.480393563, -29.07491106 ], [ -71.480391019, -29.074910719999899 ], [ -71.480388000999895, -29.074910379999899 ], [ -71.480384976, -29.074910112999898 ], [ -71.480381948999906, -29.074909917 ], [ -71.480378922999904, -29.074909799 ], [ -71.480375903, -29.074909777 ], [ -71.48037289, -29.074909873 ], [ -71.480371034, -29.074910007 ], [ -71.480369185, -29.074910198999898 ], [ -71.480366912, -29.074910519 ], [ -71.480364653, -29.074910926 ], [ -71.480361859, -29.07491154 ], [ -71.480359087999901, -29.074912255999902 ], [ -71.48035634, -29.0749130569999 ], [ -71.480353618, -29.074913937 ], [ -71.480350926, -29.0749148949999 ], [ -71.480348272999905, -29.074915937999901 ], [ -71.480345931, -29.074916947 ], [ -71.480343616, -29.074918008999902 ], [ -71.480336732, -29.07492128 ], [ -71.480334431, -29.074922326 ], [ -71.480332249, -29.074923263 ], [ -71.480327878, -29.074924974999899 ], [ -71.480325708999899, -29.074925746 ], [ -71.480323191, -29.074926558 ], [ -71.480320706, -29.074927209999899 ], [ -71.480318257, -29.074927623999901 ], [ -71.480316554, -29.074927724 ], [ -71.480314887, -29.074927643 ], [ -71.48031298, -29.074927292 ], [ -71.480312021, -29.074926999 ], [ -71.480310760999899, -29.0749264889999 ], [ -71.480309556999899, -29.074925871999898 ], [ -71.480308255, -29.074925069 ], [ -71.480307008999901, -29.074924188999901 ], [ -71.480304088, -29.074921994 ], [ -71.480302562, -29.0749210019999 ], [ -71.480301668, -29.0749205239999 ], [ -71.480300071, -29.074919868999899 ], [ -71.480298843, -29.074919521 ], [ -71.480297562, -29.074919269 ], [ -71.480295494, -29.074919028999901 ], [ -71.480293342, -29.074918915999898 ], [ -71.480286672, -29.0749187659999 ], [ -71.480284399, -29.074918662 ], [ -71.480282125, -29.074918497999899 ], [ -71.480279838999905, -29.074918274 ], [ -71.480276908999898, -29.074917915 ], [ -71.480268054, -29.074916671 ], [ -71.480265219, -29.074916324 ], [ -71.480253827999903, -29.074915091 ], [ -71.480250984, -29.074914745999902 ], [ -71.480247974999898, -29.074914335 ], [ -71.480235972999907, -29.074912529999899 ], [ -71.480232969, -29.074912129 ], [ -71.480229956999906, -29.074911792 ], [ -71.480226909999899, -29.074911530999898 ], [ -71.480223854, -29.074911334 ], [ -71.480211603, -29.074910723999899 ], [ -71.480202565999903, -29.074910148999901 ], [ -71.48019956, -29.074910006 ], [ -71.48019656, -29.074909936 ], [ -71.480193567999905, -29.074909977999901 ], [ -71.480191506, -29.074910095 ], [ -71.480189451999905, -29.074910283999898 ], [ -71.480187405, -29.074910541 ], [ -71.480184650999902, -29.07491099 ], [ -71.480176416999896, -29.074912602 ], [ -71.480171841999905, -29.074913355 ], [ -71.480169554, -29.0749136479999 ], [ -71.480167028, -29.074913895 ], [ -71.480156990999902, -29.074914573999902 ], [ -71.480154665, -29.074914873999901 ], [ -71.480152556, -29.074915355 ], [ -71.480150994, -29.074915964 ], [ -71.480149701999906, -29.0749167939999 ], [ -71.480149051, -29.074917452 ], [ -71.480148382, -29.074918548 ], [ -71.480147973, -29.074919801 ], [ -71.480147771, -29.074921401 ], [ -71.480147776, -29.074923118 ], [ -71.48014806, -29.074926977 ], [ -71.480148118, -29.0749289839999 ], [ -71.480148036999907, -29.074930475 ], [ -71.48014782, -29.074931969 ], [ -71.480147302, -29.074933932 ], [ -71.480146539, -29.074935884999899 ], [ -71.480145590999896, -29.074937813 ], [ -71.480144509, -29.074939721 ], [ -71.480143336, -29.074941613 ], [ -71.480141962999895, -29.074943688 ], [ -71.48014051, -29.074945718 ], [ -71.480138959, -29.074947666999901 ], [ -71.480137279, -29.074949494 ], [ -71.480135634, -29.074950992 ], [ -71.480133848, -29.074952321999898 ], [ -71.480131549, -29.074953637 ], [ -71.480129372, -29.074954541999901 ], [ -71.480127298, -29.074955154 ], [ -71.480125154999897, -29.074955585999898 ], [ -71.480123228, -29.074955835 ], [ -71.480121281, -29.074955992 ], [ -71.480116247999902, -29.074956256999901 ], [ -71.480113763, -29.074956492 ], [ -71.480112129, -29.074956751999899 ], [ -71.480110523999898, -29.0749571119999 ], [ -71.480108856, -29.074957615 ], [ -71.480107233, -29.074958229999901 ], [ -71.480105195, -29.074959159999899 ], [ -71.48009916, -29.074962286 ], [ -71.480097359999903, -29.074963108 ], [ -71.480095500999894, -29.0749638459999 ], [ -71.480093952999894, -29.074964372 ], [ -71.48009237, -29.074964837 ], [ -71.4800896, -29.074965511999899 ], [ -71.480086775, -29.074966081 ], [ -71.48008106, -29.074967106 ], [ -71.480078221, -29.074967659 ], [ -71.480075708999905, -29.0749682329999 ], [ -71.480073253999905, -29.074968901 ], [ -71.480070881, -29.0749696899999 ], [ -71.480068619, -29.074970632 ], [ -71.480067281999894, -29.074971311 ], [ -71.48006601, -29.074972072 ], [ -71.480064489, -29.07497317 ], [ -71.480063088, -29.074974397999899 ], [ -71.480061554, -29.074976025999899 ], [ -71.480060146, -29.074977783 ], [ -71.480058819, -29.074979624 ], [ -71.480054911, -29.074985329999901 ], [ -71.480053869, -29.074986727 ], [ -71.480052774999905, -29.07498809 ], [ -71.480051111, -29.074989963 ], [ -71.480049322999903, -29.074991726 ], [ -71.480047424, -29.074993343 ], [ -71.480045401, -29.074994809 ], [ -71.480043893999905, -29.074995742999899 ], [ -71.480042329, -29.074996582 ], [ -71.480039883, -29.074997652 ], [ -71.480037338, -29.074998482999899 ], [ -71.480035394, -29.074998933 ], [ -71.480033417999906, -29.074999232 ], [ -71.480031228, -29.074999380999898 ], [ -71.480029029, -29.074999348999899 ], [ -71.480026838, -29.074999137 ], [ -71.4800241679999, -29.0749986229999 ], [ -71.480021559, -29.0749978499999 ], [ -71.480019521, -29.074997048999901 ], [ -71.480017537, -29.074996112999901 ], [ -71.480015609, -29.074995057 ], [ -71.480013523, -29.074993757999898 ], [ -71.480011495, -29.074992365 ], [ -71.480003742, -29.074986607 ], [ -71.480001747999907, -29.074985248 ], [ -71.47999927, -29.074983741 ], [ -71.47999669, -29.0749823969999 ], [ -71.479994178, -29.074981307 ], [ -71.479991587, -29.074980373 ], [ -71.479989320999906, -29.074979681999899 ], [ -71.479979671, -29.074977122 ], [ -71.479976976, -29.074976305 ], [ -71.479973559, -29.074975131 ], [ -71.479968292, -29.074973144 ], [ -71.4799656389999, -29.074972204999899 ], [ -71.479963106999904, -29.074971429999898 ], [ -71.479959936999904, -29.074970666999899 ], [ -71.479957444, -29.0749701989999 ], [ -71.479954920999901, -29.074969804 ], [ -71.479946834, -29.074968667 ], [ -71.479937849999899, -29.074967317 ], [ -71.479932543, -29.074966577999898 ], [ -71.479927333, -29.074965937999899 ], [ -71.479924709, -29.07496567 ], [ -71.479922165999895, -29.074965479 ], [ -71.479919737, -29.074965400999901 ], [ -71.479917464, -29.074965479 ], [ -71.479915402, -29.074965775 ], [ -71.479913963999905, -29.074966208 ], [ -71.47991275, -29.074966842 ], [ -71.479911963999896, -29.074967522 ], [ -71.47991142, -29.074968285999901 ], [ -71.479910973999907, -29.074969527 ], [ -71.4799108, -29.0749709369999 ], [ -71.479910796999903, -29.0749724799999 ], [ -71.479910935, -29.074975949 ], [ -71.479910909, -29.07497782 ], [ -71.479910719, -29.074979712 ], [ -71.479910322, -29.074981567999899 ], [ -71.479909573, -29.0749836009999 ], [ -71.479908506999905, -29.074985453 ], [ -71.479907461, -29.074986717999899 ], [ -71.479906239999906, -29.074987792999899 ], [ -71.479905064, -29.074988545999901 ], [ -71.479903797, -29.074989118 ], [ -71.479902363999898, -29.074989516999899 ], [ -71.47990089, -29.074989683999899 ], [ -71.4798996, -29.074989634 ], [ -71.479898332999895, -29.074989402 ], [ -71.479896385, -29.074988643 ], [ -71.479895284999898, -29.074987952999901 ], [ -71.479894284999901, -29.074987110999899 ], [ -71.479893389, -29.074986115999899 ], [ -71.479892617, -29.074984999 ], [ -71.479892002, -29.074983836999898 ], [ -71.479891503, -29.074982598 ], [ -71.47989108, -29.074981158999901 ], [ -71.479890777, -29.074979668 ], [ -71.479890589, -29.0749782779999 ], [ -71.479890467, -29.074976872 ], [ -71.479890274999903, -29.074973015 ], [ -71.479890078, -29.074970779 ], [ -71.479889630999907, -29.0749686569999 ], [ -71.479889333999907, -29.074967827 ], [ -71.479888574, -29.074966387 ], [ -71.479887393999903, -29.074964931 ], [ -71.479885923, -29.074963647999901 ], [ -71.4798843519999, -29.074962607 ], [ -71.479882621999906, -29.074961693 ], [ -71.479880769, -29.074960895999901 ], [ -71.479878282999906, -29.074960050999898 ], [ -71.479875697, -29.074959388 ], [ -71.479873053999896, -29.074958923999901 ], [ -71.479870391, -29.07495869 ], [ -71.479868477, -29.0749586919999 ], [ -71.479866586, -29.074958858999899 ], [ -71.479864403, -29.074959292 ], [ -71.479862553, -29.074959893 ], [ -71.479860811, -29.074960672 ], [ -71.479859146, -29.074961619 ], [ -71.479857803999906, -29.074962531 ], [ -71.479856513999906, -29.074963529999899 ], [ -71.47985463, -29.074965189 ], [ -71.47985282, -29.074966966 ], [ -71.479845761, -29.0749744949999 ], [ -71.479844151, -29.074976094 ], [ -71.479842489, -29.074977638999901 ], [ -71.47984077, -29.074979117999899 ], [ -71.479838706, -29.074980716 ], [ -71.479836548, -29.0749821819999 ], [ -71.479834675999896, -29.074983282999899 ], [ -71.479832738, -29.074984263 ], [ -71.479830738, -29.074985112 ], [ -71.479828681999905, -29.074985822 ], [ -71.47982611, -29.074986491999901 ], [ -71.479823487, -29.0749869479999 ], [ -71.479820833, -29.074987185999898 ], [ -71.479818392, -29.0749872 ], [ -71.479815956, -29.074987017 ], [ -71.479813253, -29.074986582 ], [ -71.479810589, -29.0749859229999 ], [ -71.479809148, -29.074985474 ], [ -71.479807723, -29.0749849709999 ], [ -71.479804994999895, -29.074983883999899 ], [ -71.479799556, -29.074981556 ], [ -71.479796587, -29.074980401999898 ], [ -71.479793832, -29.074979481 ], [ -71.47979142, -29.0749787939999 ], [ -71.479788974, -29.0749781869999 ], [ -71.479786503999904, -29.074977642 ], [ -71.479784017, -29.074977148999899 ], [ -71.479779252, -29.074976318 ], [ -71.479776983, -29.074975982 ], [ -71.47977471, -29.074975703 ], [ -71.479772434, -29.074975498999901 ], [ -71.479770252, -29.074975391 ], [ -71.479768072, -29.074975373 ], [ -71.479765901999897, -29.074975453 ], [ -71.479763374, -29.074975677999898 ], [ -71.479760874, -29.074976032999899 ], [ -71.479758412, -29.0749765099999 ], [ -71.479756004, -29.074977105999899 ], [ -71.479753666, -29.074977831999899 ], [ -71.47975142, -29.0749787 ], [ -71.479749409, -29.074979667 ], [ -71.479747526, -29.074980781 ], [ -71.479745522, -29.074982253 ], [ -71.479743847999899, -29.074983736 ], [ -71.479739318, -29.074988326 ], [ -71.479737868, -29.074989554999899 ], [ -71.479736374, -29.074990453999899 ], [ -71.479735276, -29.07499082 ], [ -71.479734099, -29.074990918 ], [ -71.479732861999906, -29.074990711999899 ], [ -71.479731638, -29.074990224 ], [ -71.479730383999893, -29.074989446 ], [ -71.4797291739999, -29.074988447 ], [ -71.479728048, -29.074987314999898 ], [ -71.479726952, -29.07498606 ], [ -71.479724301, -29.0749827459999 ], [ -71.479722892, -29.074981081 ], [ -71.479721861, -29.0749799879999 ], [ -71.479720765, -29.074978954 ], [ -71.479719678, -29.0749780589999 ], [ -71.47971845, -29.07497719 ], [ -71.479717165, -29.074976418999899 ], [ -71.479715684, -29.074975686 ], [ -71.479714165, -29.074975083 ], [ -71.479711784, -29.074974407 ], [ -71.479709456, -29.0749740639999 ], [ -71.4797072759999, -29.074974095999899 ], [ -71.479705591, -29.074974478999899 ], [ -71.479704424, -29.074975068 ], [ -71.479703313999906, -29.074976144999901 ], [ -71.479702596, -29.074977674 ], [ -71.479702347999904, -29.074979163 ], [ -71.479702352999894, -29.074980799999899 ], [ -71.479702555, -29.074982626 ], [ -71.479703673999893, -29.074988547 ], [ -71.479703991, -29.074990602 ], [ -71.47970415, -29.074992252999898 ], [ -71.479704203, -29.0749939 ], [ -71.479704088999895, -29.0749959679999 ], [ -71.479703754, -29.074997982 ], [ -71.479703211, -29.074999814 ], [ -71.479702441, -29.075001538 ], [ -71.47970142, -29.075003143999901 ], [ -71.479700172, -29.075004576 ], [ -71.479698712999905, -29.0750057939999 ], [ -71.479697071, -29.075006779 ], [ -71.479695751, -29.0750073409999 ], [ -71.479694359999897, -29.075007753 ], [ -71.479692277, -29.075008074 ], [ -71.479690136, -29.075008082999901 ], [ -71.479688424, -29.075007867999901 ], [ -71.479686727999905, -29.075007465999899 ], [ -71.479685095, -29.075006894999898 ], [ -71.479683511, -29.075006166 ], [ -71.479681577999898, -29.075005022 ], [ -71.479679763, -29.075003677 ], [ -71.479678014999905, -29.075002094 ], [ -71.479676416, -29.075000361 ], [ -71.479675366, -29.07499905 ], [ -71.479674389, -29.074997692 ], [ -71.479673100999904, -29.074995698 ], [ -71.479669897, -29.074990285999899 ], [ -71.47966887, -29.074988751 ], [ -71.4796677799999, -29.074987403 ], [ -71.479666741, -29.074986421999899 ], [ -71.479665866999895, -29.074985820999899 ], [ -71.479664945, -29.074985388999899 ], [ -71.479663369, -29.074985097 ], [ -71.479662641999894, -29.07498514 ], [ -71.479661512999897, -29.074985408 ], [ -71.479660108, -29.074986039999899 ], [ -71.479658704, -29.0749869119999 ], [ -71.479654614, -29.0749899099999 ], [ -71.479653373, -29.074990748999902 ], [ -71.479652116, -29.074991506999901 ], [ -71.479650802, -29.074992191 ], [ -71.479649014999893, -29.074992933 ], [ -71.479647148, -29.074993484999901 ], [ -71.479645709, -29.074993757 ], [ -71.479644242999896, -29.0749939049999 ], [ -71.4796427859999, -29.074993929999899 ], [ -71.479641322, -29.074993841 ], [ -71.479639311, -29.074993553 ], [ -71.479637306, -29.074993116 ], [ -71.479632454, -29.074991779 ], [ -71.479629981, -29.074991168999901 ], [ -71.47962761, -29.074990754999899 ], [ -71.479625127, -29.074990537 ], [ -71.479622905, -29.074990519 ], [ -71.479620669, -29.074990649 ], [ -71.479618428, -29.074990908 ], [ -71.479615877999905, -29.074991334999901 ], [ -71.479608544, -29.074992817999899 ], [ -71.479606318, -29.0749932149999 ], [ -71.479603709999907, -29.074993618 ], [ -71.479601082, -29.074993962999901 ], [ -71.479598441, -29.074994257999901 ], [ -71.479593131999906, -29.0749947259999 ], [ -71.479587812, -29.074995053999899 ], [ -71.479580825, -29.074995392999899 ], [ -71.479578513, -29.074995569999899 ], [ -71.479576623999904, -29.074995769999902 ], [ -71.479574748999894, -29.07499603 ], [ -71.479573047, -29.074996327 ], [ -71.479571359, -29.074996676999898 ], [ -71.479568921, -29.074997273 ], [ -71.479566506, -29.074997945 ], [ -71.479564105999899, -29.074998669 ], [ -71.479557354, -29.075000878 ], [ -71.479555204, -29.075001654999902 ], [ -71.479553089, -29.0750024889999 ], [ -71.479550574, -29.0750036059999 ], [ -71.479548628, -29.075004578999899 ], [ -71.479546727, -29.075005612 ], [ -71.479541802, -29.075008451 ], [ -71.479539304, -29.075009775999899 ], [ -71.479537829, -29.075010463999899 ], [ -71.47953632, -29.075011085 ], [ -71.47953474, -29.0750116409999 ], [ -71.479533127, -29.075012117 ], [ -71.479531154, -29.07501258 ], [ -71.479529145999905, -29.075012939 ], [ -71.479527108, -29.075013209 ], [ -71.479524544, -29.0750134369999 ], [ -71.479521958, -29.075013584 ], [ -71.479514165999902, -29.07501394 ], [ -71.479511586999905, -29.075014159 ], [ -71.479509185, -29.0750144689999 ], [ -71.479506813999905, -29.075014906 ], [ -71.479504952999903, -29.075015359 ], [ -71.479503117, -29.075015897 ], [ -71.479500855, -29.075016672999901 ], [ -71.479498615999901, -29.075017531 ], [ -71.479492278999899, -29.075020118999898 ], [ -71.479487698999904, -29.075021904 ], [ -71.479483047, -29.075023541999901 ], [ -71.479480689999903, -29.075024277999901 ], [ -71.479478174999898, -29.075024977999899 ], [ -71.479475634, -29.075025588 ], [ -71.479473016, -29.0750261119999 ], [ -71.479470378, -29.075026552999901 ], [ -71.479462666, -29.075027596 ], [ -71.479457948999894, -29.075028357999901 ], [ -71.479454588, -29.075029048 ], [ -71.479446401, -29.075031021 ], [ -71.479443666, -29.075031635 ], [ -71.479441204999901, -29.075032110999899 ], [ -71.47943873, -29.0750325079999 ], [ -71.47943624, -29.075032813 ], [ -71.479433753, -29.075033017 ], [ -71.479431257, -29.075033134 ], [ -71.479423276, -29.0750332379999 ], [ -71.479420628, -29.075033337 ], [ -71.479418705999905, -29.075033479999899 ], [ -71.479416794, -29.075033694 ], [ -71.479415116, -29.07503395 ], [ -71.47941345, -29.075034268 ], [ -71.479410808999901, -29.075034902 ], [ -71.479408198, -29.075035657999901 ], [ -71.479405609, -29.075036508 ], [ -71.479403038, -29.075037429 ], [ -71.479397938, -29.075039422 ], [ -71.479395407, -29.075040476 ], [ -71.479390385, -29.0750426779999 ], [ -71.479380893, -29.0750471109999 ], [ -71.47937612, -29.075049266999901 ], [ -71.479373541, -29.075050358999899 ], [ -71.479370941, -29.075051398 ], [ -71.479368792999907, -29.075052211 ], [ -71.479361686999894, -29.075054760999901 ], [ -71.47935926, -29.075055687 ], [ -71.479356899, -29.075056694 ], [ -71.479354966, -29.075057638 ], [ -71.479353113999906, -29.075058677 ], [ -71.479351354999906, -29.075059821 ], [ -71.479349739, -29.075061053999899 ], [ -71.479348231999893, -29.0750623939999 ], [ -71.479346876, -29.075063784999902 ], [ -71.479345612, -29.075065251 ], [ -71.479344427999905, -29.075066782 ], [ -71.479343029999896, -29.075068793 ], [ -71.479339062999898, -29.075074967 ], [ -71.479337664999903, -29.075076956 ], [ -71.479336402999905, -29.075078554 ], [ -71.479335036, -29.075080059 ], [ -71.479333908999905, -29.075081128 ], [ -71.479332704999905, -29.075082122 ], [ -71.479330889, -29.075083374 ], [ -71.47932894, -29.075084472999901 ], [ -71.479326376, -29.075085631 ], [ -71.479323679999894, -29.075086612 ], [ -71.479320886, -29.075087453 ], [ -71.479318022, -29.075088177999898 ], [ -71.479315104, -29.0750887959999 ], [ -71.479312143999906, -29.0750893109999 ], [ -71.4793097, -29.0750896509999 ], [ -71.47930724, -29.075089928999901 ], [ -71.479294390999897, -29.075091008 ], [ -71.479291388, -29.075091342 ], [ -71.479282408, -29.075092512 ], [ -71.47927736, -29.0750930899999 ], [ -71.479273243, -29.075093421 ], [ -71.479270686999897, -29.075093548 ], [ -71.479268127, -29.075093613 ], [ -71.479265567, -29.075093622999901 ], [ -71.479262811999902, -29.075093573999901 ], [ -71.479254544, -29.0750932679999 ], [ -71.479249158999906, -29.075093137 ], [ -71.479243905, -29.075093185999901 ], [ -71.4792410969999, -29.075093303 ], [ -71.479238290999902, -29.0750934759999 ], [ -71.479232686, -29.075093946 ], [ -71.479227094999899, -29.075094555 ], [ -71.479224309999907, -29.075094911999901 ], [ -71.479221535, -29.075095313 ], [ -71.479218776, -29.075095771 ], [ -71.479216037, -29.075096301 ], [ -71.479213675, -29.075096836999901 ], [ -71.479211339999907, -29.075097448999902 ], [ -71.479208963, -29.075098163 ], [ -71.479206614, -29.075098945 ], [ -71.47920198, -29.0751006529999 ], [ -71.479197466999906, -29.075102468999901 ], [ -71.479195273, -29.075103417 ], [ -71.479193126, -29.075104415999899 ], [ -71.479191043999904, -29.075105483999899 ], [ -71.479189052, -29.075106645999899 ], [ -71.479187011, -29.075108046 ], [ -71.479185128, -29.075109591999901 ], [ -71.479183438999897, -29.075111272999902 ], [ -71.479181926, -29.075113087 ], [ -71.479180509999907, -29.075115147 ], [ -71.479179274, -29.075117312 ], [ -71.479178581, -29.075118713999899 ], [ -71.479177938, -29.0751201369999 ], [ -71.479176101999897, -29.075124548 ], [ -71.479175133999902, -29.075126699999899 ], [ -71.479174332999904, -29.075128244 ], [ -71.479173445, -29.0751297209999 ], [ -71.479172451999901, -29.075131111 ], [ -71.479170927, -29.075132808 ], [ -71.47916918, -29.0751342679999 ], [ -71.479167204, -29.075135452 ], [ -71.479165039, -29.0751363319999 ], [ -71.479163622, -29.075136716 ], [ -71.479162157, -29.07513698 ], [ -71.479160508999897, -29.075137136 ], [ -71.479158824, -29.075137164 ], [ -71.479157251999894, -29.075137083999898 ], [ -71.479155665, -29.075136921 ], [ -71.479153294, -29.075136554 ], [ -71.47914438, -29.075134792 ], [ -71.479140442999906, -29.07513418 ], [ -71.479138158999902, -29.075133879 ], [ -71.479130663, -29.075133023 ], [ -71.479127755, -29.075132746999898 ], [ -71.479124857, -29.075132555 ], [ -71.479121971, -29.075132497 ], [ -71.479120039999898, -29.075132558 ], [ -71.47911812, -29.075132708 ], [ -71.479115163, -29.075133122999901 ], [ -71.479113302, -29.075133501 ], [ -71.479111461999906, -29.075133959 ], [ -71.479108809, -29.075134764 ], [ -71.479106203999905, -29.075135707 ], [ -71.479103655999893, -29.075136766 ], [ -71.47910116, -29.075137931 ], [ -71.47909872, -29.075139190999899 ], [ -71.479096346999896, -29.075140548 ], [ -71.479094456, -29.0751417389999 ], [ -71.479092621999897, -29.075142999 ], [ -71.479090996, -29.07514421 ], [ -71.479087862, -29.0751467599999 ], [ -71.479082491, -29.0751514849999 ], [ -71.479080677999903, -29.0751530279999 ], [ -71.479078816, -29.075154515 ], [ -71.479077436999901, -29.075155532999901 ], [ -71.479076016, -29.075156503 ], [ -71.479074462, -29.075157475 ], [ -71.479072861, -29.075158389 ], [ -71.479070256999904, -29.075159739 ], [ -71.479060687, -29.0751642349999 ], [ -71.479058622, -29.075165268 ], [ -71.479056387, -29.075166464999899 ], [ -71.479054234, -29.075167727 ], [ -71.479052188, -29.075169065 ], [ -71.479050284, -29.075170495999899 ], [ -71.479048564, -29.075172046 ], [ -71.479047017, -29.075173822999901 ], [ -71.479045824, -29.07517568 ], [ -71.479045208999906, -29.0751769459999 ], [ -71.4790447029999, -29.075178254 ], [ -71.479044124, -29.075180255 ], [ -71.479043694, -29.075182293 ], [ -71.479042942, -29.075186641999899 ], [ -71.479042465, -29.075188719 ], [ -71.479042049, -29.075190017999901 ], [ -71.479041523, -29.075191242 ], [ -71.479040938, -29.075192269999899 ], [ -71.479040239, -29.075193207 ], [ -71.479039375, -29.075194073 ], [ -71.479038367, -29.075194816 ], [ -71.479036982, -29.075195521999898 ], [ -71.4790351729999, -29.075196084 ], [ -71.479032874, -29.075196424999898 ], [ -71.479030558, -29.075196514 ], [ -71.479028141999905, -29.075196465 ], [ -71.479023104, -29.075196279999901 ], [ -71.479020984, -29.075196279 ], [ -71.479018847, -29.0751963599999 ], [ -71.479016983999898, -29.075196508 ], [ -71.47901512, -29.075196728 ], [ -71.4790124149999, -29.075197169 ], [ -71.479009718, -29.075197720999899 ], [ -71.479007026, -29.075198352 ], [ -71.479001647, -29.075199740999899 ], [ -71.47899652, -29.07520112 ], [ -71.47899143, -29.075202593 ], [ -71.478988918, -29.0752033979999 ], [ -71.478986437999893, -29.07520427 ], [ -71.478983849, -29.075205287 ], [ -71.478981296, -29.075206379999901 ], [ -71.478978772999895, -29.075207528 ], [ -71.478971048999895, -29.075211238999898 ], [ -71.478968424999906, -29.075212473 ], [ -71.478965770999906, -29.07521365 ], [ -71.478963146999902, -29.07521472 ], [ -71.47896049, -29.0752157279999 ], [ -71.478955111999895, -29.075217621 ], [ -71.47894802, -29.075219952999898 ], [ -71.478943595, -29.07522126 ], [ -71.478939124, -29.075222375 ], [ -71.478931093, -29.0752240969999 ], [ -71.478928434999901, -29.075224708999901 ], [ -71.478925669, -29.0752254289999 ], [ -71.478922944, -29.0752262469999 ], [ -71.478920305, -29.075227164 ], [ -71.478917725, -29.075228199 ], [ -71.478915287999897, -29.075229319999899 ], [ -71.478912916999903, -29.075230545999901 ], [ -71.47891061, -29.07523187 ], [ -71.478908401, -29.075233262 ], [ -71.478901921, -29.075237648 ], [ -71.478899729, -29.0752390759999 ], [ -71.478897778, -29.075240263 ], [ -71.478895784, -29.075241391 ], [ -71.478893746, -29.075242456999899 ], [ -71.478891414, -29.075243567 ], [ -71.478889030999895, -29.075244595 ], [ -71.478886606999893, -29.075245547 ], [ -71.478884159, -29.075246426 ], [ -71.478876748999895, -29.075248885999901 ], [ -71.478874307999902, -29.075249732 ], [ -71.47887191, -29.075250637 ], [ -71.478869577, -29.075251631 ], [ -71.478867028, -29.075252917999901 ], [ -71.478865551999903, -29.075253788999898 ], [ -71.478864132, -29.07525473 ], [ -71.478862587, -29.075255882 ], [ -71.478861112999894, -29.075257113 ], [ -71.478859704999905, -29.075258414 ], [ -71.478858084, -29.075260065999899 ], [ -71.478856531, -29.075261785999899 ], [ -71.478855021, -29.075263551 ], [ -71.478844989, -29.075275802 ], [ -71.478843346, -29.07527773 ], [ -71.478841653, -29.0752796099999 ], [ -71.478839886999907, -29.0752814219999 ], [ -71.478837992, -29.075283166 ], [ -71.478835982, -29.075284796999899 ], [ -71.478834236, -29.075286042999899 ], [ -71.478832408, -29.075287198999899 ], [ -71.478830516, -29.075288256 ], [ -71.478828559, -29.075289228 ], [ -71.478826547, -29.075290122 ], [ -71.478824077, -29.075291098 ], [ -71.478821557999893, -29.075292002 ], [ -71.478813885, -29.075294565 ], [ -71.478811339999893, -29.075295457 ], [ -71.478809097, -29.075296301 ], [ -71.478806883999894, -29.075297196 ], [ -71.478804705999906, -29.075298143999898 ], [ -71.478802567999907, -29.0752991489999 ], [ -71.478800205, -29.075300362 ], [ -71.478797901, -29.0753016369999 ], [ -71.478791641, -29.075305376 ], [ -71.478789631, -29.075306506999901 ], [ -71.478787581999896, -29.075307521 ], [ -71.478786092999897, -29.075308142 ], [ -71.478784571999896, -29.075308667999899 ], [ -71.478782432999907, -29.075309229 ], [ -71.478780144, -29.075309648 ], [ -71.478775603, -29.075310284999901 ], [ -71.478773922999906, -29.075310579 ], [ -71.478772309, -29.075310955 ], [ -71.478770915, -29.0753113929999 ], [ -71.478769618999905, -29.075311937 ], [ -71.478768496, -29.075312564999901 ], [ -71.478767503, -29.075313300999898 ], [ -71.478766537999903, -29.075314288 ], [ -71.478765639999907, -29.0753157239999 ], [ -71.478765269, -29.075316727 ], [ -71.478765053, -29.075317781 ], [ -71.478765025, -29.075319607 ], [ -71.478765209, -29.075320820999899 ], [ -71.478765521999904, -29.0753220399999 ], [ -71.478766269999895, -29.075324087999899 ], [ -71.478767922, -29.075328107 ], [ -71.478768251, -29.075329150999899 ], [ -71.478768483, -29.075330178999899 ], [ -71.478768601999903, -29.075331456999901 ], [ -71.478768488999904, -29.075332671999899 ], [ -71.478768191, -29.075333631 ], [ -71.478767699999906, -29.075334504 ], [ -71.478766664, -29.075335579999901 ], [ -71.478765688, -29.075336218 ], [ -71.478764562, -29.075336738 ], [ -71.478762606, -29.07533734 ], [ -71.478760968999893, -29.075337691999898 ], [ -71.478757459999898, -29.075338331 ], [ -71.478755884, -29.0753386599999 ], [ -71.478754295, -29.075339051999901 ], [ -71.478752793, -29.07533949 ], [ -71.478751297, -29.075339991 ], [ -71.478749466, -29.0753406759999 ], [ -71.478742568, -29.075343458 ], [ -71.478734673, -29.0753463359999 ], [ -71.478732648999895, -29.075347174999902 ], [ -71.478730726, -29.075348124 ], [ -71.478728831999902, -29.075349305 ], [ -71.478726915, -29.075350876 ], [ -71.478725757999896, -29.075352075999898 ], [ -71.478724704999905, -29.075353369 ], [ -71.478723273, -29.075355486 ], [ -71.478721997, -29.075357734 ], [ -71.478720823999893, -29.075360068999899 ], [ -71.47871971, -29.075362461999902 ], [ -71.478717941, -29.075366464 ], [ -71.478716263, -29.0753705139999 ], [ -71.478714773, -29.075374461 ], [ -71.478712728999895, -29.075380256 ], [ -71.478711983, -29.075382208 ], [ -71.478711155, -29.075384103 ], [ -71.478710196999899, -29.075385922 ], [ -71.478709169, -29.075387492999901 ], [ -71.478708282999904, -29.075388618 ], [ -71.478707308, -29.075389687 ], [ -71.478705761999905, -29.075391146 ], [ -71.478704100999906, -29.075392528 ], [ -71.478698693999903, -29.075396761 ], [ -71.478696842, -29.0753983819999 ], [ -71.478695693, -29.075399510999901 ], [ -71.478694621, -29.07540069 ], [ -71.478693442999898, -29.075402196 ], [ -71.478692413, -29.075403781 ], [ -71.478691791, -29.075404928 ], [ -71.478691243, -29.075406109 ], [ -71.478690685999894, -29.075407546 ], [ -71.478690216, -29.075409014999899 ], [ -71.478689614, -29.075411354 ], [ -71.478688609999907, -29.075416103 ], [ -71.478688046999906, -29.075418456 ], [ -71.478687616999906, -29.075419933 ], [ -71.478687109, -29.075421377999898 ], [ -71.478686126, -29.075423574 ], [ -71.478684895999905, -29.075425641 ], [ -71.478683755, -29.075427138999899 ], [ -71.478682454, -29.075428524 ], [ -71.478681014999907, -29.0754297729999 ], [ -71.478679443, -29.075430900999901 ], [ -71.478677757, -29.075431900999899 ], [ -71.47867536, -29.075433034 ], [ -71.478672829999894, -29.075433956 ], [ -71.478670619, -29.075434587 ], [ -71.478668378, -29.075435115999898 ], [ -71.478663221, -29.075436156 ], [ -71.478660771, -29.075436705 ], [ -71.478658486, -29.075437365 ], [ -71.478656852, -29.075438005 ], [ -71.478655405, -29.0754387819999 ], [ -71.478654413, -29.075439516 ], [ -71.4786533, -29.075440646999901 ], [ -71.478650667, -29.07544429 ], [ -71.478649575, -29.075445341 ], [ -71.478648464999907, -29.075446034 ], [ -71.478647681, -29.075446349999901 ], [ -71.478646312, -29.0754466399999 ], [ -71.478645330999896, -29.075446691 ], [ -71.478643739999896, -29.075446589 ], [ -71.478638936, -29.075445831 ], [ -71.47863649, -29.075445580999901 ], [ -71.478634292, -29.075445529 ], [ -71.478632068, -29.075445647 ], [ -71.478629988, -29.075445922 ], [ -71.478627941999903, -29.075446354 ], [ -71.478625963999903, -29.075446948 ], [ -71.478624555, -29.075447503 ], [ -71.478623215, -29.075448155999901 ], [ -71.478621118, -29.0754495199999 ], [ -71.478619797, -29.075450692999901 ], [ -71.478618657, -29.075452013 ], [ -71.478617452, -29.075453938 ], [ -71.478616565, -29.075456040999899 ], [ -71.478616154, -29.075457473 ], [ -71.478615853, -29.075458948999898 ], [ -71.478615578999893, -29.075461001 ], [ -71.478615030999904, -29.0754673449999 ], [ -71.478614722, -29.075469411 ], [ -71.478614277, -29.0754714609999 ], [ -71.4786135209999, -29.075473933 ], [ -71.478612558999899, -29.075476357 ], [ -71.478611419999893, -29.075478728999901 ], [ -71.478610118999896, -29.075481039 ], [ -71.478608654, -29.0754832709999 ], [ -71.478607096, -29.075485312999898 ], [ -71.478605382999902, -29.075487253999899 ], [ -71.478603402, -29.07548918 ], [ -71.478601264, -29.075490968999901 ], [ -71.478598975, -29.075492602999901 ], [ -71.47859701, -29.075493798 ], [ -71.47859496, -29.075494874999901 ], [ -71.47859283, -29.075495832999898 ], [ -71.47859026, -29.075496797 ], [ -71.478587634, -29.075497622999901 ], [ -71.478582725, -29.075498959 ], [ -71.478580342, -29.075499656 ], [ -71.478578753, -29.0755002 ], [ -71.478577231, -29.075500813 ], [ -71.478575519999893, -29.075501668 ], [ -71.478573965, -29.075502656 ], [ -71.47857284, -29.075503558 ], [ -71.478571848999906, -29.075504542 ], [ -71.478570538, -29.075506292999901 ], [ -71.478569626, -29.075508157999899 ], [ -71.478569197, -29.075509708 ], [ -71.478569058999895, -29.075511241 ], [ -71.478569245, -29.075512789999902 ], [ -71.478569778, -29.075514201 ], [ -71.478570534, -29.075515262 ], [ -71.478571192999894, -29.075515863 ], [ -71.478572047999904, -29.075516404 ], [ -71.478573443999906, -29.075516939999901 ], [ -71.478575282, -29.075517288999901 ], [ -71.478579259, -29.075517641 ], [ -71.478580576999903, -29.075517814 ], [ -71.478581854, -29.075518071 ], [ -71.478583683999901, -29.075518680999899 ], [ -71.478584603999906, -29.075519158 ], [ -71.478585398999897, -29.075519723 ], [ -71.478586083, -29.075520409 ], [ -71.478586580999902, -29.075521168 ], [ -71.478586913999905, -29.07552222 ], [ -71.478586849, -29.075523464 ], [ -71.478586346, -29.0755246159999 ], [ -71.478585454, -29.0755256529999 ], [ -71.478583984, -29.0755266369999 ], [ -71.478582181, -29.075527307 ], [ -71.478579984, -29.0755276739999 ], [ -71.478578231, -29.075527732 ], [ -71.478576265, -29.0755276269999 ], [ -71.47857203, -29.075527144 ], [ -71.478569772999904, -29.075526936 ], [ -71.478567562, -29.075526892 ], [ -71.478565091, -29.0755270719999 ], [ -71.478562629, -29.075527464999901 ], [ -71.478560203, -29.075528041 ], [ -71.478557845999902, -29.07552878 ], [ -71.4785555939999, -29.075529672999899 ], [ -71.478553491, -29.075530724 ], [ -71.478551594, -29.075531949 ], [ -71.478550438, -29.0755329089999 ], [ -71.478549433999902, -29.075533965 ], [ -71.478548603, -29.075535117 ], [ -71.478547966, -29.075536342 ], [ -71.478547513, -29.075537638 ], [ -71.47854727, -29.075538805999901 ], [ -71.478547154999902, -29.075540007 ], [ -71.478547213999903, -29.075542073999902 ], [ -71.478547501, -29.07554419 ], [ -71.478548821999894, -29.075550673 ], [ -71.478549135, -29.075552838 ], [ -71.478549242, -29.075554517999901 ], [ -71.478549197999897, -29.075556175 ], [ -71.478549007, -29.075557628 ], [ -71.478548664, -29.075559042999899 ], [ -71.478547808, -29.075561142 ], [ -71.478547111, -29.075562318 ], [ -71.478545939999904, -29.075563835 ], [ -71.478544557, -29.0755652349999 ], [ -71.478542591999897, -29.075566828 ], [ -71.478540449, -29.075568293999901 ], [ -71.478536616, -29.075570689 ], [ -71.478534759, -29.075571935 ], [ -71.478533024999905, -29.075573287999902 ], [ -71.47853209, -29.075574155 ], [ -71.478530941, -29.075575426999901 ], [ -71.478529858999906, -29.075576892999901 ], [ -71.478528899, -29.075578446999899 ], [ -71.478528032, -29.075580069999901 ], [ -71.478527242, -29.0755817309999 ], [ -71.478526525999897, -29.075583435999899 ], [ -71.478525895, -29.075585184 ], [ -71.478525363, -29.075586975 ], [ -71.478524936, -29.075588802 ], [ -71.478524653, -29.075590427999899 ], [ -71.478524444, -29.0755920739999 ], [ -71.478524261, -29.0755943569999 ], [ -71.478524167, -29.075596662 ], [ -71.478524065, -29.075606256999901 ], [ -71.478523995, -29.075608659 ], [ -71.478523858999907, -29.075611029999902 ], [ -71.478523627, -29.07561335 ], [ -71.47852326, -29.075615598999899 ], [ -71.478522859999899, -29.075617254999901 ], [ -71.478522342, -29.075618834 ], [ -71.478521691, -29.075620317 ], [ -71.478520681, -29.075621981 ], [ -71.478519437, -29.075623413999899 ], [ -71.478518414, -29.075624256 ], [ -71.478517278, -29.07562494 ], [ -71.478515385, -29.075625639999899 ], [ -71.47851422, -29.075625852 ], [ -71.478513014, -29.075625927 ], [ -71.478511285, -29.075625809 ], [ -71.478509563, -29.075625461 ], [ -71.478507829, -29.0756249209999 ], [ -71.478506094, -29.075624225999899 ], [ -71.478504038, -29.07562324 ], [ -71.478497908, -29.075619872999901 ], [ -71.478495854999906, -29.075618814999899 ], [ -71.478493614999906, -29.075617817 ], [ -71.478491375, -29.075617044 ], [ -71.478490108, -29.075616732 ], [ -71.478488854, -29.075616529999898 ], [ -71.478486522, -29.07561649 ], [ -71.478484759, -29.075616825999901 ], [ -71.478483314, -29.075617408 ], [ -71.478482184, -29.075618106 ], [ -71.478480724, -29.075619407 ], [ -71.478479395, -29.075621059 ], [ -71.478478214999896, -29.075622927 ], [ -71.478477128999899, -29.075624941999902 ], [ -71.478474151999905, -29.075631036999901 ], [ -71.478473203, -29.075632851 ], [ -71.478472181, -29.075634635 ], [ -71.478471348, -29.075635953 ], [ -71.478470456, -29.075637237 ], [ -71.478468855999907, -29.075639251 ], [ -71.478467770999899, -29.075640453999899 ], [ -71.478466, -29.075642245 ], [ -71.478462361, -29.075645758 ], [ -71.478460636, -29.075647570999902 ], [ -71.478459028, -29.075649466 ], [ -71.47845755, -29.075651487 ], [ -71.478456219, -29.075653594999899 ], [ -71.47845498, -29.07565585 ], [ -71.478451616, -29.075662818999898 ], [ -71.478450447999904, -29.075665129999901 ], [ -71.478449215, -29.0756673449999 ], [ -71.478447882999902, -29.075669514 ], [ -71.478446455, -29.075671628999899 ], [ -71.478444925, -29.075673679 ], [ -71.478443681, -29.0756751979999 ], [ -71.478442378999901, -29.075676673 ], [ -71.478437722, -29.075681583999899 ], [ -71.478436255, -29.075683259 ], [ -71.478435019999907, -29.07568484 ], [ -71.478433901, -29.075686484999899 ], [ -71.47843316, -29.075687733999899 ], [ -71.478432482, -29.075689012999899 ], [ -71.478431606999905, -29.075690879 ], [ -71.478428764999904, -29.075697514999899 ], [ -71.478427213, -29.075700668 ], [ -71.478425989, -29.075702878999898 ], [ -71.47842467, -29.075705044 ], [ -71.478423251, -29.075707156 ], [ -71.478421726, -29.075709200999899 ], [ -71.478420074, -29.075711161 ], [ -71.478418473, -29.075712828 ], [ -71.478417234999895, -29.075713983999901 ], [ -71.478415942, -29.0757150969999 ], [ -71.47841405, -29.0757166019999 ], [ -71.47840826, -29.075721004999899 ], [ -71.47840696, -29.075722088 ], [ -71.478405709999905, -29.075723211 ], [ -71.47840457, -29.075724336999901 ], [ -71.478403494, -29.075725507999898 ], [ -71.478402431999896, -29.075726797999899 ], [ -71.47840145, -29.075728139 ], [ -71.478400335999893, -29.075729866 ], [ -71.478399324999899, -29.07573165 ], [ -71.478398399, -29.075733482 ], [ -71.478397319, -29.0757358709999 ], [ -71.478395295, -29.075740739 ], [ -71.478393656, -29.075744519 ], [ -71.478391903, -29.0757482029999 ], [ -71.478389162, -29.075753715 ], [ -71.478388314, -29.075755550999901 ], [ -71.478387558999898, -29.075757387 ], [ -71.478387077, -29.075758769999901 ], [ -71.478386685, -29.075760153 ], [ -71.47838633, -29.0757619849999 ], [ -71.478386186, -29.075763800999901 ], [ -71.478386238, -29.075765227 ], [ -71.478386449, -29.0757666229999 ], [ -71.478386935999893, -29.075768293 ], [ -71.478387668, -29.0757698789999 ], [ -71.478388643, -29.075771354 ], [ -71.47838961, -29.075772446 ], [ -71.478390722, -29.0757734439999 ], [ -71.478392463, -29.075774672 ], [ -71.478394186999907, -29.075775665 ], [ -71.478399194, -29.075778261 ], [ -71.478400528999899, -29.075779042 ], [ -71.478402477, -29.075780391 ], [ -71.478403537, -29.07578129 ], [ -71.478404484, -29.0757822489999 ], [ -71.478405543999898, -29.075783612999899 ], [ -71.478406354999905, -29.07578505 ], [ -71.478406897999903, -29.075786551 ], [ -71.478407150999899, -29.075788063999902 ], [ -71.478407116, -29.075789428 ], [ -71.478406821, -29.075790735999899 ], [ -71.478406299, -29.075791895 ], [ -71.478405552, -29.075792941 ], [ -71.478404651999895, -29.075793802 ], [ -71.478403584, -29.075794519999899 ], [ -71.478402441, -29.075795050999901 ], [ -71.478401194999904, -29.0757954329999 ], [ -71.478399765999896, -29.075795673999899 ], [ -71.478398281, -29.075795743 ], [ -71.478396732, -29.075795637999899 ], [ -71.478395185, -29.075795368999898 ], [ -71.478392906, -29.075794688 ], [ -71.4783915309999, -29.075794125 ], [ -71.478388063, -29.075792417999899 ], [ -71.478386469, -29.075791706 ], [ -71.478385547999906, -29.075791398 ], [ -71.478384527999907, -29.075791196 ], [ -71.478383714999893, -29.0757911819999 ], [ -71.478383123, -29.075791281 ], [ -71.478382194999895, -29.075791723999899 ], [ -71.478381462999906, -29.075792573999902 ], [ -71.478381126, -29.0757934559999 ], [ -71.478380985999905, -29.07579449 ], [ -71.478381053, -29.075795963 ], [ -71.4783813989999, -29.0757978739999 ], [ -71.478382508, -29.075802113 ], [ -71.478383053, -29.075804385 ], [ -71.4783834, -29.075806304 ], [ -71.478383594, -29.075807899 ], [ -71.478383701, -29.075809513 ], [ -71.478383709, -29.0758116129999 ], [ -71.478383573, -29.0758137199999 ], [ -71.478383295, -29.075815822 ], [ -71.478382775999904, -29.075818297 ], [ -71.478382057, -29.075820736 ], [ -71.478381263, -29.075822831 ], [ -71.478380322, -29.07582488 ], [ -71.478379237999903, -29.075826874 ], [ -71.478377917, -29.075828938 ], [ -71.47837644, -29.075830923999899 ], [ -71.478374840999905, -29.075832809 ], [ -71.478373128, -29.075834624 ], [ -71.478371471999907, -29.075836234 ], [ -71.478369756999896, -29.075837803999899 ], [ -71.478366212, -29.075840855 ], [ -71.478361822999901, -29.075844388 ], [ -71.478359557, -29.07584607 ], [ -71.478357221, -29.075847665 ], [ -71.478355743, -29.075848585 ], [ -71.478354228999905, -29.075849457999901 ], [ -71.478352488, -29.075850375 ], [ -71.478350706999905, -29.075851233 ], [ -71.478348495, -29.075852202 ], [ -71.478346243, -29.075853111 ], [ -71.478339408, -29.0758556339999 ], [ -71.478327239999899, -29.075859882 ], [ -71.478324614, -29.075860871 ], [ -71.478322066, -29.0758619439999 ], [ -71.478319633999902, -29.075863144 ], [ -71.478317432, -29.075864465999899 ], [ -71.478315406, -29.075865959999899 ], [ -71.478313633, -29.075867584 ], [ -71.478312055999893, -29.075869361999899 ], [ -71.478310722999893, -29.075871204999899 ], [ -71.478309545999906, -29.075873148 ], [ -71.478308506, -29.075875171 ], [ -71.478307588999897, -29.075877256999899 ], [ -71.47830679, -29.075879391999901 ], [ -71.478306117, -29.07588157 ], [ -71.478305610999897, -29.075883618 ], [ -71.478305196999898, -29.075885689 ], [ -71.478304838, -29.075887883999901 ], [ -71.478303893, -29.075894475 ], [ -71.478303567, -29.075896395 ], [ -71.4783032, -29.075898294999899 ], [ -71.478302011, -29.0759036389999 ], [ -71.478301610999907, -29.075905824 ], [ -71.478301398, -29.075907999 ], [ -71.478301436, -29.075909835999902 ], [ -71.478301707999904, -29.075911721999901 ], [ -71.478302245, -29.0759137649999 ], [ -71.478302959, -29.075915799 ], [ -71.478305530999904, -29.075922052 ], [ -71.478306363999906, -29.075924238 ], [ -71.478307114, -29.075926454 ], [ -71.478307708, -29.075928534 ], [ -71.4783082, -29.075930632999899 ], [ -71.478308585, -29.075932746 ], [ -71.478308853, -29.075934867999901 ], [ -71.478308985, -29.0759369949999 ], [ -71.47830898, -29.0759386669999 ], [ -71.478308873999893, -29.075940336 ], [ -71.478308612, -29.075942342 ], [ -71.478308205, -29.075944335 ], [ -71.478307521, -29.0759467409999 ], [ -71.478306658999898, -29.075949118 ], [ -71.478305601, -29.0759515559999 ], [ -71.4783044119999, -29.075953964 ], [ -71.478303115, -29.075956340999898 ], [ -71.478301724999895, -29.075958687 ], [ -71.478300245, -29.0759609959999 ], [ -71.478298668, -29.075963258999899 ], [ -71.478296977999904, -29.0759654629999 ], [ -71.47829532, -29.075967417 ], [ -71.478293569, -29.075969313 ], [ -71.478291913, -29.075970992 ], [ -71.478285031, -29.075977684 ], [ -71.478283314, -29.075979478 ], [ -71.478281717999906, -29.075981268 ], [ -71.478280291, -29.075983046 ], [ -71.478279095999895, -29.075984806 ], [ -71.478278212, -29.075986532999899 ], [ -71.478277853, -29.0759876239999 ], [ -71.478277689, -29.075988681999899 ], [ -71.478277821999896, -29.075990055 ], [ -71.478278488999905, -29.0759914029999 ], [ -71.478279125, -29.075992078 ], [ -71.478280642, -29.075993041999901 ], [ -71.478282013999902, -29.075993576 ], [ -71.478283551999894, -29.075994002999899 ], [ -71.478285217, -29.075994362 ], [ -71.478289700999895, -29.075995201 ], [ -71.478292197, -29.075995733 ], [ -71.478294677, -29.075996389999901 ], [ -71.478296236999896, -29.075996897 ], [ -71.478297755, -29.075997481999899 ], [ -71.478300141, -29.075998636 ], [ -71.478301342999899, -29.075999357999901 ], [ -71.478302476, -29.076000149 ], [ -71.478303653, -29.076001115999901 ], [ -71.478304731, -29.076002163999899 ], [ -71.478306275, -29.0760040709999 ], [ -71.478307141999906, -29.076005473 ], [ -71.478307862999898, -29.076006949 ], [ -71.478308405999897, -29.076008407 ], [ -71.478308822, -29.076009913999901 ], [ -71.478309197, -29.076011977 ], [ -71.478309403, -29.076014089999902 ], [ -71.478309482, -29.076016681999899 ], [ -71.478309307, -29.076024620999899 ], [ -71.478309376, -29.076029369 ], [ -71.478309625999898, -29.076034062 ], [ -71.478309821, -29.076036471 ], [ -71.478310103999902, -29.076038821999902 ], [ -71.478310534999906, -29.076041092 ], [ -71.478311184999896, -29.076043249 ], [ -71.478312070999905, -29.076045142999899 ], [ -71.478313151999899, -29.076046722999902 ], [ -71.478314570999899, -29.0760482009999 ], [ -71.478316249, -29.076049473 ], [ -71.47831775, -29.076050332 ], [ -71.478319375, -29.076051058 ], [ -71.478321224999902, -29.076051698999901 ], [ -71.478323163, -29.076052224 ], [ -71.478325503999898, -29.076052724 ], [ -71.478332687, -29.076054036999899 ], [ -71.47833493, -29.076054563 ], [ -71.478337096, -29.076055196 ], [ -71.478339151999904, -29.076055961999899 ], [ -71.478340997, -29.076056848999901 ], [ -71.478342669, -29.07605789 ], [ -71.478343909, -29.076058885999899 ], [ -71.478344890999907, -29.0760598849999 ], [ -71.478345724999897, -29.07606097 ], [ -71.478346468, -29.076062269 ], [ -71.478347006, -29.076063651 ], [ -71.478347378, -29.076065405999898 ], [ -71.47834747, -29.0760672279999 ], [ -71.478347256999896, -29.076069455 ], [ -71.478346788, -29.076071711999901 ], [ -71.478345262999895, -29.076077219 ], [ -71.478344861, -29.0760790749999 ], [ -71.478344588, -29.076081461999902 ], [ -71.478344588, -29.076082950999901 ], [ -71.478344726, -29.076084432 ], [ -71.478345038, -29.076086023999899 ], [ -71.478345508, -29.076087593 ], [ -71.478346497, -29.076089918 ], [ -71.478347736, -29.076092134 ], [ -71.478349161, -29.076094306999899 ], [ -71.478350696999897, -29.07609646 ], [ -71.478356785, -29.076104793 ], [ -71.478358332, -29.076106834 ], [ -71.478359677999904, -29.0761084979999 ], [ -71.478361091, -29.076110116999899 ], [ -71.478362627, -29.076111721 ], [ -71.478364241999898, -29.076113265999901 ], [ -71.478366131, -29.076114924 ], [ -71.478372006, -29.076119744 ], [ -71.478374056999897, -29.076121507 ], [ -71.478376042, -29.076123326 ], [ -71.478377823999907, -29.076125082 ], [ -71.478379553, -29.076126883 ], [ -71.478391820999903, -29.076140344 ], [ -71.478395083999899, -29.076144074999899 ], [ -71.478401533, -29.076151586 ], [ -71.478407863, -29.076158808999899 ], [ -71.47841088, -29.076162435 ], [ -71.478412300999906, -29.076164295 ], [ -71.478413509999896, -29.076166008 ], [ -71.478414653, -29.076167755 ], [ -71.478415726, -29.076169535 ], [ -71.478416855, -29.0761715699999 ], [ -71.478420123, -29.076177731 ], [ -71.478421194, -29.076179563 ], [ -71.478422337, -29.0761813629999 ], [ -71.478423796, -29.076183452 ], [ -71.478425348, -29.076185494 ], [ -71.478426973, -29.0761874949999 ], [ -71.478428653, -29.076189461999899 ], [ -71.478432149999904, -29.076193283 ], [ -71.478433955999904, -29.07619513 ], [ -71.478435799, -29.07619692 ], [ -71.47843768, -29.076198636999901 ], [ -71.478439608, -29.076200259 ], [ -71.478441587, -29.076201754 ], [ -71.478443603, -29.076203076 ], [ -71.478445662999903, -29.076204214 ], [ -71.478447137, -29.076204897 ], [ -71.478448602999904, -29.076205480999899 ], [ -71.478451837, -29.076206568 ], [ -71.478453408, -29.076207178999901 ], [ -71.478454933, -29.076208089 ], [ -71.478455938, -29.076209107999901 ], [ -71.478456358, -29.076209710999901 ], [ -71.478456943, -29.076210798 ], [ -71.478457444999904, -29.076211994999898 ], [ -71.478459547999904, -29.0762181539999 ], [ -71.478461035999899, -29.076222158 ], [ -71.478462706999906, -29.0762260549999 ], [ -71.478463642, -29.076227993 ], [ -71.478464787999897, -29.076230146999901 ], [ -71.478466037, -29.076232263 ], [ -71.478467042, -29.076233814 ], [ -71.478468106, -29.076235335 ], [ -71.47846923, -29.076236824 ], [ -71.478470850999898, -29.076238787 ], [ -71.478472578, -29.076240681999899 ], [ -71.478474151999905, -29.076242263 ], [ -71.478475797, -29.07624379 ], [ -71.478477505999905, -29.076245264 ], [ -71.478479519, -29.076246865 ], [ -71.478481600999899, -29.076248399999901 ], [ -71.478483522, -29.07624973 ], [ -71.478485475, -29.076251022999902 ], [ -71.478491697, -29.076255 ], [ -71.478493767, -29.076256391 ], [ -71.478495761, -29.076257844999901 ], [ -71.478497774999894, -29.076259497 ], [ -71.478499642, -29.076261264 ], [ -71.478501310999903, -29.076263116 ], [ -71.47850283, -29.076265072 ], [ -71.478504098, -29.0762669289999 ], [ -71.478505287, -29.076268838 ], [ -71.478509913, -29.076276736999901 ], [ -71.478511188, -29.0762787469999 ], [ -71.478512526, -29.076280728 ], [ -71.478514132, -29.076282940999899 ], [ -71.478515817, -29.076285110999901 ], [ -71.478517568, -29.076287244 ], [ -71.478519375, -29.0762893419999 ], [ -71.478521238, -29.076291404 ], [ -71.47852316, -29.076293423 ], [ -71.478524685, -29.076294948999902 ], [ -71.47852785, -29.076297909999901 ], [ -71.478531221, -29.076300784 ], [ -71.478532993, -29.076302187 ], [ -71.478536909999903, -29.076305071 ], [ -71.478539056, -29.07630655 ], [ -71.478543421, -29.076309427999899 ], [ -71.478556505, -29.076317668999899 ], [ -71.478558553, -29.076319041 ], [ -71.478560524, -29.076320467 ], [ -71.478562387, -29.076321971 ], [ -71.478564154, -29.076323623999901 ], [ -71.478565746999905, -29.076325391 ], [ -71.478567127, -29.076327241999898 ], [ -71.478568321999902, -29.076329191 ], [ -71.478569421, -29.076331401999902 ], [ -71.478570342999902, -29.076333682 ], [ -71.478571105999904, -29.076335936 ], [ -71.47857298, -29.076342081999901 ], [ -71.478573697999906, -29.076343961 ], [ -71.47857428, -29.0763452149999 ], [ -71.478574948, -29.076346432 ], [ -71.478575716, -29.0763476179999 ], [ -71.478576593, -29.076348783 ], [ -71.478577551999905, -29.076349904 ], [ -71.478579308, -29.076351705 ], [ -71.478584979999894, -29.076356935 ], [ -71.47858686, -29.076358878 ], [ -71.478588579, -29.076360935 ], [ -71.478590017, -29.076363 ], [ -71.4785912789999, -29.076365166999899 ], [ -71.478592447, -29.076367562 ], [ -71.478593488999906, -29.076370023 ], [ -71.478597125, -29.076379522 ], [ -71.478598818, -29.07638335 ], [ -71.478599762, -29.076385221 ], [ -71.478600712999906, -29.076386924 ], [ -71.478601748, -29.076388585 ], [ -71.4786028729999, -29.076390194999899 ], [ -71.478604084, -29.0763917539999 ], [ -71.47860538, -29.076393262 ], [ -71.478607306, -29.076395265 ], [ -71.478609352, -29.076397187999898 ], [ -71.478611489999906, -29.076399047999899 ], [ -71.478613696, -29.076400857 ], [ -71.478615955999899, -29.076402625 ], [ -71.478618261999898, -29.076404352999901 ], [ -71.47862674, -29.076410468999899 ], [ -71.478628821, -29.0764120589999 ], [ -71.478630853, -29.0764136939999 ], [ -71.4786330109999, -29.076415531 ], [ -71.478641411999902, -29.076423086 ], [ -71.478643559, -29.076424932 ], [ -71.478645759999907, -29.07642672 ], [ -71.478648021, -29.07642845 ], [ -71.478650338, -29.076430118 ], [ -71.478652719, -29.076431715999899 ], [ -71.478654882999905, -29.0764330649999 ], [ -71.478657093, -29.076434358 ], [ -71.47865934, -29.0764356 ], [ -71.478661619, -29.076436793 ], [ -71.478671369, -29.0764416 ], [ -71.478673709, -29.076442864999901 ], [ -71.47867595, -29.076444216 ], [ -71.478677677999897, -29.076445401999901 ], [ -71.4786793, -29.076446673 ], [ -71.478680797, -29.076448038 ], [ -71.478682347, -29.076449736 ], [ -71.478683702, -29.076451552 ], [ -71.478684992, -29.076453702 ], [ -71.478685863, -29.0764554319999 ], [ -71.478687489, -29.076458927 ], [ -71.478688359, -29.076460638999901 ], [ -71.478689071, -29.076461864 ], [ -71.478689865, -29.076463045 ], [ -71.47869122, -29.07646469 ], [ -71.478692983, -29.076466372 ], [ -71.478694718, -29.076467721 ], [ -71.478696585, -29.076468974 ], [ -71.478698553, -29.0764701579999 ], [ -71.478700594, -29.076471293999901 ], [ -71.47870288, -29.076472495 ], [ -71.478707589, -29.076474794 ], [ -71.478709999, -29.076475882999901 ], [ -71.478712442999907, -29.076476919999902 ], [ -71.478714926, -29.0764778889999 ], [ -71.478717391, -29.0764787529999 ], [ -71.478719892999905, -29.076479531 ], [ -71.478722094, -29.076480129999901 ], [ -71.478724317999905, -29.076480660999898 ], [ -71.478726563, -29.076481123999901 ], [ -71.478729185, -29.076481573 ], [ -71.478731825999901, -29.076481934 ], [ -71.47873448, -29.076482208 ], [ -71.478737142999904, -29.076482394 ], [ -71.478739683, -29.07648248 ], [ -71.478742225, -29.0764824779999 ], [ -71.478744763999899, -29.076482386999899 ], [ -71.478747292, -29.076482198999901 ], [ -71.478749847, -29.076481902 ], [ -71.478752383, -29.076481520999899 ], [ -71.478759977, -29.076480225999902 ], [ -71.478762478, -29.076479924999902 ], [ -71.478765107, -29.076479782 ], [ -71.478767695, -29.076479854 ], [ -71.47876926, -29.076480021 ], [ -71.478770789, -29.076480287 ], [ -71.478772756999902, -29.076480795999899 ], [ -71.478774627, -29.076481484999899 ], [ -71.478775835, -29.076482058 ], [ -71.47877698, -29.076482713 ], [ -71.47877821, -29.076483564999901 ], [ -71.478779339, -29.076484518 ], [ -71.478780762, -29.076486051 ], [ -71.478781943999905, -29.076487757999899 ], [ -71.478782951, -29.076489802 ], [ -71.478783675, -29.076491985 ], [ -71.478784022, -29.076493547 ], [ -71.478784264999902, -29.076495149 ], [ -71.478784479, -29.076497459999899 ], [ -71.4787848, -29.076504568 ], [ -71.478784988, -29.076506857 ], [ -71.478785273, -29.076509137 ], [ -71.478785672, -29.076511400999902 ], [ -71.478786247999906, -29.076513803 ], [ -71.478786978, -29.076516173 ], [ -71.478787763, -29.076518282999899 ], [ -71.478788650999903, -29.076520365 ], [ -71.478789624999905, -29.0765224209999 ], [ -71.478790674, -29.076524451999902 ], [ -71.478791793, -29.0765264569999 ], [ -71.478793157, -29.076528724 ], [ -71.478796073999902, -29.076533178 ], [ -71.478799172, -29.076537539 ], [ -71.478802432999899, -29.076541802 ], [ -71.478804138, -29.0765438839999 ], [ -71.478805909999906, -29.076545920999902 ], [ -71.478807705999898, -29.076547846 ], [ -71.478811456999907, -29.076551588 ], [ -71.478821168, -29.076560785 ], [ -71.478825038, -29.0765645769999 ], [ -71.478826937, -29.0765665 ], [ -71.478828804, -29.0765684479999 ], [ -71.478832388999905, -29.0765723979999 ], [ -71.478835908, -29.076576583 ], [ -71.478837649, -29.076578778999899 ], [ -71.478840916, -29.0765831309999 ], [ -71.478849756, -29.076595552 ], [ -71.478851069, -29.076597469 ], [ -71.478852317, -29.0765993979999 ], [ -71.478853467, -29.076601347999901 ], [ -71.478854277, -29.076602906999899 ], [ -71.478854984999899, -29.076604486 ], [ -71.478855649, -29.076606344 ], [ -71.478856128, -29.076608225 ], [ -71.478856419, -29.076610343 ], [ -71.478856446, -29.076612465 ], [ -71.478856226999895, -29.076614424999899 ], [ -71.478855779, -29.0766163599999 ], [ -71.478855095, -29.0766182909999 ], [ -71.478854198, -29.076620171999899 ], [ -71.478853371, -29.076621578999902 ], [ -71.478852436, -29.076622948 ], [ -71.478851218, -29.076624502 ], [ -71.478849883999899, -29.076626006 ], [ -71.478847991, -29.076627919 ], [ -71.478845991999904, -29.076629781 ], [ -71.478841878, -29.076633456 ], [ -71.478839853999901, -29.076635322 ], [ -71.478838456999895, -29.076636681 ], [ -71.478837111, -29.076638074999899 ], [ -71.478835831, -29.0766395049999 ], [ -71.478834398999894, -29.076641273 ], [ -71.478833084, -29.076643103 ], [ -71.478831891, -29.076644991 ], [ -71.478830617, -29.0766473699999 ], [ -71.47882953, -29.076649824 ], [ -71.478828661, -29.076652200999899 ], [ -71.478827916999904, -29.0766546199999 ], [ -71.478827273, -29.0766570719999 ], [ -71.478826712999904, -29.076659548999899 ], [ -71.478826227, -29.0766620439999 ], [ -71.478825817, -29.076664553999901 ], [ -71.478825485999906, -29.0766670749999 ], [ -71.478825273, -29.076669251999899 ], [ -71.478825125, -29.076671433999898 ], [ -71.478825043, -29.07667362 ], [ -71.478825067999907, -29.076678178 ], [ -71.478825263, -29.076682707 ], [ -71.478825645, -29.076689544 ], [ -71.478825693, -29.076691868999902 ], [ -71.4788255939999, -29.076694114 ], [ -71.478825262, -29.076696249 ], [ -71.47882487, -29.076697582999898 ], [ -71.478824316, -29.076698839 ], [ -71.4788237019999, -29.076699842 ], [ -71.478822318, -29.076701391 ], [ -71.478821330999907, -29.07670218 ], [ -71.478820232, -29.076702881 ], [ -71.478818396, -29.076703793 ], [ -71.4788164, -29.076704584 ], [ -71.478810581999895, -29.076706607999899 ], [ -71.47880903, -29.076707206 ], [ -71.478806893, -29.076708121 ], [ -71.47880481, -29.076709139999899 ], [ -71.478802572999896, -29.076710408999901 ], [ -71.478800462, -29.0767118159999 ], [ -71.478798511, -29.0767133639999 ], [ -71.47879675, -29.076715052999901 ], [ -71.478795497, -29.076716513999902 ], [ -71.478794406, -29.076718062999898 ], [ -71.47879353, -29.076719609 ], [ -71.478792816999899, -29.076721221 ], [ -71.478792165999906, -29.076723263 ], [ -71.478791744, -29.076725368 ], [ -71.478791559999905, -29.076727124999898 ], [ -71.478791507, -29.0767289029999 ], [ -71.478791574, -29.076730693999899 ], [ -71.478791793, -29.076732751999899 ], [ -71.478792148, -29.076734809 ], [ -71.478792687999899, -29.076737083999902 ], [ -71.478793363, -29.076739346 ], [ -71.478794245999893, -29.076741840999901 ], [ -71.478795237, -29.076744318 ], [ -71.478796309, -29.076746778 ], [ -71.478797442, -29.076749221999901 ], [ -71.478799846999905, -29.076754058999899 ], [ -71.478803168, -29.076760387 ], [ -71.478804221, -29.076762497999901 ], [ -71.478805201999904, -29.076764621999899 ], [ -71.47880608, -29.076766767 ], [ -71.478806683999906, -29.076768506999901 ], [ -71.478807193, -29.076770264999901 ], [ -71.478807597, -29.07677204 ], [ -71.478807944, -29.076774257 ], [ -71.478808132, -29.076776493 ], [ -71.478808176, -29.0767789719999 ], [ -71.478808094, -29.076781464 ], [ -71.478807930999906, -29.076783964999901 ], [ -71.478807297999893, -29.0767915939999 ], [ -71.478806968999905, -29.076796811999898 ], [ -71.478806802999898, -29.0768020259999 ], [ -71.4788068, -29.076808969 ], [ -71.478806754999894, -29.0768112549999 ], [ -71.478806634, -29.076813516999898 ], [ -71.478806392, -29.076815747 ], [ -71.478805984, -29.076817934 ], [ -71.478805365, -29.076820037999902 ], [ -71.478804515, -29.076822073999899 ], [ -71.478803572999894, -29.076823787 ], [ -71.478802463, -29.0768254349999 ], [ -71.478800949999894, -29.0768273209999 ], [ -71.47879928, -29.076829136 ], [ -71.478797505, -29.076830899999901 ], [ -71.478791605, -29.076836478 ], [ -71.478789782, -29.076838403 ], [ -71.478788510999905, -29.076839930999899 ], [ -71.478787375, -29.076841518 ], [ -71.478786384, -29.076843208 ], [ -71.47878558, -29.076844959 ], [ -71.478784866, -29.076847186999899 ], [ -71.478784447, -29.0768494779999 ], [ -71.478784315, -29.076851721 ], [ -71.478784420999901, -29.076853989 ], [ -71.478784764999901, -29.0768564329999 ], [ -71.478785309, -29.0768588789999 ], [ -71.478786055999905, -29.076861435999898 ], [ -71.478786930999902, -29.076863987 ], [ -71.478787884, -29.076866536 ], [ -71.478792564999907, -29.076878371 ], [ -71.478794477, -29.076882789 ], [ -71.47879553, -29.0768849469999 ], [ -71.478796547999906, -29.0768868279999 ], [ -71.478797647, -29.076888665 ], [ -71.478798834, -29.076890449 ], [ -71.478800119, -29.076892173 ], [ -71.478801427999898, -29.076893732 ], [ -71.478802828, -29.076895226 ], [ -71.478804318, -29.076896652999899 ], [ -71.478806364, -29.076898399999902 ], [ -71.478814176, -29.076904447999901 ], [ -71.478816740999903, -29.076906661 ], [ -71.478817965, -29.07690782 ], [ -71.478819326999897, -29.0769092039999 ], [ -71.478820636, -29.076910631 ], [ -71.4788218959999, -29.076912093 ], [ -71.478823544, -29.076914132 ], [ -71.478828374, -29.076920338 ], [ -71.478830073, -29.07692235 ], [ -71.478831839, -29.076924251 ], [ -71.478833715999897, -29.07692607 ], [ -71.478835457999907, -29.076927592999901 ], [ -71.478837276, -29.076929053999901 ], [ -71.478839334, -29.076930596 ], [ -71.478845629, -29.076935109 ], [ -71.478847652999903, -29.076936664 ], [ -71.478849383, -29.076938115 ], [ -71.478851011, -29.076939629 ], [ -71.478852514, -29.076941212999898 ], [ -71.478853854, -29.076942866 ], [ -71.478855016, -29.076944592 ], [ -71.478855924999905, -29.076946286999899 ], [ -71.478856637, -29.076948036 ], [ -71.478857009, -29.0769493 ], [ -71.478857268, -29.076950581999899 ], [ -71.478857422, -29.076952074 ], [ -71.478857422, -29.076953572 ], [ -71.478857263999899, -29.076955080999898 ], [ -71.478856955, -29.076956578 ], [ -71.478856435999901, -29.076958232 ], [ -71.478855751, -29.076959851 ], [ -71.478854918, -29.076961416 ], [ -71.478853946999905, -29.076962928999901 ], [ -71.478852847, -29.076964382 ], [ -71.478851152999894, -29.076966248 ], [ -71.478849253, -29.076967957 ], [ -71.478847594999905, -29.076969193 ], [ -71.478845824, -29.0769703019999 ], [ -71.478844161, -29.076971176 ], [ -71.478842426, -29.0769719369999 ], [ -71.478840864999896, -29.076972505 ], [ -71.478839264, -29.076972981 ], [ -71.478837039, -29.0769734799999 ], [ -71.478834773, -29.076973811999899 ], [ -71.478832312999899, -29.076973982 ], [ -71.478829847, -29.076973966 ], [ -71.478827228999904, -29.076973741 ], [ -71.478824652999904, -29.0769733029999 ], [ -71.478823011, -29.076972901 ], [ -71.478821405, -29.0769724049999 ], [ -71.478818879, -29.076971399999898 ], [ -71.478816488999897, -29.076970162 ], [ -71.478814819, -29.076969097 ], [ -71.478813242999905, -29.076967916999902 ], [ -71.478811347, -29.076966246 ], [ -71.478809586999901, -29.076964446 ], [ -71.478806237999905, -29.076960721 ], [ -71.478804517999905, -29.076958926 ], [ -71.478802809999905, -29.076957367 ], [ -71.478800974, -29.076955971 ], [ -71.478799694, -29.076955169 ], [ -71.478798352, -29.0769544619999 ], [ -71.478796937, -29.076953850999899 ], [ -71.478794940999904, -29.076953187999901 ], [ -71.478792873, -29.076952701 ], [ -71.478790752, -29.076952385 ], [ -71.47878831, -29.076952231 ], [ -71.478785844999905, -29.076952287 ], [ -71.478783812, -29.076952489999901 ], [ -71.478781785, -29.076952826 ], [ -71.478779473, -29.076953366999899 ], [ -71.478777179, -29.076954042999901 ], [ -71.478775077, -29.076954757 ], [ -71.47876877, -29.076957099 ], [ -71.478764461, -29.076958557999902 ], [ -71.47876165, -29.076959377 ], [ -71.478758807, -29.076960115 ], [ -71.478747598, -29.076962704 ], [ -71.478744847, -29.076963447 ], [ -71.478742627, -29.076964142 ], [ -71.478740451, -29.076964926999899 ], [ -71.478737889999906, -29.076966006 ], [ -71.478735408, -29.076967223999901 ], [ -71.478732932, -29.076968612 ], [ -71.478730518, -29.076970103 ], [ -71.478728148999906, -29.076971663999899 ], [ -71.478723476, -29.076974901 ], [ -71.478716586, -29.076979825 ], [ -71.478714319999895, -29.076981501 ], [ -71.478704055, -29.076989298999901 ], [ -71.478701958, -29.076990801 ], [ -71.478694827, -29.0769955979999 ], [ -71.478692496999898, -29.07699723 ], [ -71.478690402, -29.0769988079999 ], [ -71.478688390999906, -29.077000457999901 ], [ -71.478686484, -29.077002193999899 ], [ -71.478684745, -29.077003977999901 ], [ -71.478683122999897, -29.077005847 ], [ -71.47868153, -29.077007906999899 ], [ -71.478680048999905, -29.077010038 ], [ -71.47867867, -29.077012231 ], [ -71.478677529, -29.077014214 ], [ -71.478673191, -29.077022292 ], [ -71.478672146999898, -29.077024104 ], [ -71.478671048, -29.07702589 ], [ -71.478669902, -29.077027619 ], [ -71.478668690999896, -29.077029313 ], [ -71.478667438999906, -29.077030935 ], [ -71.478666125, -29.0770325189999 ], [ -71.478664753, -29.077034065 ], [ -71.478663111999893, -29.0770357829999 ], [ -71.478661401, -29.077037447 ], [ -71.478659627999903, -29.077039054999901 ], [ -71.478655945, -29.077042137 ], [ -71.478649765999904, -29.077046967999902 ], [ -71.47864774, -29.077048643 ], [ -71.478645886, -29.077050358 ], [ -71.478644291, -29.0770521429999 ], [ -71.478643339, -29.077053524 ], [ -71.478642625, -29.077054964999899 ], [ -71.478642261999894, -29.077056125999899 ], [ -71.478642073999893, -29.077057316 ], [ -71.478642086, -29.077058778 ], [ -71.478642335, -29.0770602549999 ], [ -71.478642809, -29.077061772 ], [ -71.478643464, -29.077063289 ], [ -71.478644259, -29.077064804 ], [ -71.478648597, -29.0770718119999 ], [ -71.478649353, -29.077073199 ], [ -71.478650172999906, -29.077074922999898 ], [ -71.478650863, -29.077076683 ], [ -71.478651404999894, -29.077078495 ], [ -71.478651783, -29.077080329 ], [ -71.478652016999902, -29.077082875 ], [ -71.478651914, -29.077085410999899 ], [ -71.478651583, -29.077087371999902 ], [ -71.478651035, -29.077089288 ], [ -71.478650343, -29.077090994999899 ], [ -71.478649479999902, -29.077092637 ], [ -71.478648453999895, -29.077094202 ], [ -71.478646989, -29.0770959769999 ], [ -71.478645303, -29.077097594 ], [ -71.478644022, -29.077098604 ], [ -71.47864265, -29.077099523 ], [ -71.478641197999906, -29.077100345 ], [ -71.47863967, -29.077101069 ], [ -71.478637595999899, -29.07710186 ], [ -71.478635432, -29.077102491999899 ], [ -71.478633244, -29.077102963999899 ], [ -71.478631003, -29.077103301 ], [ -71.47862843, -29.0771035349999 ], [ -71.478625819999905, -29.07710364 ], [ -71.478623453999901, -29.077103647999898 ], [ -71.4786210729999, -29.077103602 ], [ -71.478607699999898, -29.0771031049999 ], [ -71.478604622, -29.07710302 ], [ -71.478601563, -29.077102999 ], [ -71.4785985299999, -29.077103077999901 ], [ -71.4785964659999, -29.077103211999901 ], [ -71.478594426, -29.077103425 ], [ -71.478592417999906, -29.077103727 ], [ -71.478590755, -29.077104061999901 ], [ -71.478589123999896, -29.077104471 ], [ -71.478586535, -29.077105296 ], [ -71.478584063, -29.077106308999898 ], [ -71.478582022999902, -29.077107343 ], [ -71.478580109999896, -29.077108521 ], [ -71.478578349, -29.077109847 ], [ -71.478577198, -29.077110896 ], [ -71.478576147999902, -29.077112025 ], [ -71.478574686999906, -29.077113987 ], [ -71.478573471999894, -29.077116106999899 ], [ -71.478572530999898, -29.077118221 ], [ -71.478571748, -29.0771204169999 ], [ -71.478571017, -29.077122936 ], [ -71.47856913, -29.077130643 ], [ -71.478568421, -29.077133182999901 ], [ -71.478567572, -29.077135665999901 ], [ -71.478566889, -29.077137294 ], [ -71.478566101999903, -29.077138877 ], [ -71.478565063, -29.077140616 ], [ -71.4785638769999, -29.077142277999901 ], [ -71.478562159, -29.077144281 ], [ -71.478560258999906, -29.077146172 ], [ -71.478558215, -29.077147970999899 ], [ -71.47855606, -29.077149687 ], [ -71.478553814999898, -29.077151328 ], [ -71.47855149, -29.07715289 ], [ -71.478549092, -29.077154361999899 ], [ -71.4785470529999, -29.077155509 ], [ -71.478539412, -29.077159471999899 ], [ -71.478537237999902, -29.077160763999899 ], [ -71.478535176, -29.077162184 ], [ -71.478533613, -29.077163399 ], [ -71.478532108, -29.077164657 ], [ -71.478528747, -29.077167550999899 ], [ -71.478524687999894, -29.077170961 ], [ -71.478523342999907, -29.077172205999901 ], [ -71.478522161999905, -29.077173498 ], [ -71.478521417, -29.077174526 ], [ -71.478520564999897, -29.0771762369999 ], [ -71.478520117999906, -29.0771782909999 ], [ -71.478520152, -29.077179997 ], [ -71.478520585, -29.07718206 ], [ -71.478521303, -29.077184143 ], [ -71.478522118999905, -29.077186251999901 ], [ -71.478522848999901, -29.077188411 ], [ -71.478523103, -29.077189421 ], [ -71.478523386999896, -29.07719129 ], [ -71.478523428, -29.077192972 ], [ -71.478523268999894, -29.077194655 ], [ -71.478522714999897, -29.077196988 ], [ -71.478521794, -29.0771992489999 ], [ -71.478521107999896, -29.0772004899999 ], [ -71.478520308, -29.077201687 ], [ -71.478519374, -29.077202858 ], [ -71.478518333, -29.07720397 ], [ -71.478516836, -29.077205313 ], [ -71.478515193, -29.07720655 ], [ -71.478513049, -29.077207901999898 ], [ -71.478510759999907, -29.077209114 ], [ -71.478508822, -29.077210002999902 ], [ -71.478506833, -29.077210825 ], [ -71.478499292, -29.077213668999899 ], [ -71.478496882999906, -29.077214684 ], [ -71.478494606, -29.077215816 ], [ -71.478492552, -29.077217085 ], [ -71.478490722999894, -29.0772185289999 ], [ -71.478489791999905, -29.077219441999901 ], [ -71.478488953, -29.077220409999899 ], [ -71.478487732, -29.07722216 ], [ -71.478486798999896, -29.077223836 ], [ -71.478485356, -29.077226778999901 ], [ -71.478484599, -29.077228166999902 ], [ -71.478483901999894, -29.0772292199999 ], [ -71.478483108, -29.077230171999901 ], [ -71.478481739999907, -29.07723132 ], [ -71.478480226, -29.0772320959999 ], [ -71.478478959, -29.077232469 ], [ -71.478477609, -29.0772326599999 ], [ -71.478476283, -29.077232677 ], [ -71.478474916, -29.077232548 ], [ -71.478473032999901, -29.077232163 ], [ -71.478471118, -29.077231581 ], [ -71.478468877, -29.0772307189999 ], [ -71.478461761999895, -29.077227569999899 ], [ -71.478459174, -29.077226519 ], [ -71.4784566659999, -29.077225622999901 ], [ -71.478454145999905, -29.0772248869999 ], [ -71.478451629999896, -29.0772243669999 ], [ -71.478449132, -29.077224137 ], [ -71.478447097, -29.077224223 ], [ -71.47844538, -29.077224518 ], [ -71.478443141, -29.077225214999899 ], [ -71.478440980999906, -29.077226187999901 ], [ -71.478438895, -29.077227374 ], [ -71.478436885, -29.077228722 ], [ -71.478434708999899, -29.077230391999901 ], [ -71.478432642, -29.077232157 ], [ -71.478430698999901, -29.077233964 ], [ -71.478428903, -29.077235760999901 ], [ -71.47842729, -29.077237496 ], [ -71.478425506, -29.077239539999901 ], [ -71.478424673999896, -29.077240407 ], [ -71.478423845999899, -29.0772410659999 ], [ -71.478423032, -29.077241441 ], [ -71.478422596, -29.077241522999898 ], [ -71.478422025, -29.077241509 ], [ -71.478421301, -29.077241301999901 ], [ -71.478420692, -29.077240968999899 ], [ -71.478419934, -29.077240391 ], [ -71.478417813, -29.07723845 ], [ -71.478416888, -29.077237676 ], [ -71.478415866, -29.077236903 ], [ -71.478414706, -29.077236128 ], [ -71.478413452, -29.077235387 ], [ -71.478411691, -29.07723448 ], [ -71.47840982, -29.0772336379999 ], [ -71.478407865999898, -29.077232855 ], [ -71.478405674, -29.077232068999901 ], [ -71.478403425, -29.077231359999899 ], [ -71.478401132, -29.077230746999899 ], [ -71.478398802, -29.0772302509999 ], [ -71.478396442, -29.077229906 ], [ -71.478393806, -29.077229733 ], [ -71.478391533, -29.077229765 ], [ -71.478388963, -29.077229969 ], [ -71.478386385, -29.077230291 ], [ -71.478378716999899, -29.077231395 ], [ -71.478366401999907, -29.0772327349999 ], [ -71.478359146999907, -29.077233656 ], [ -71.478356742999907, -29.077233914 ], [ -71.478354345, -29.077234099999899 ], [ -71.47835173, -29.077234180999898 ], [ -71.478349131, -29.0772341159999 ], [ -71.478346561, -29.077233874999902 ], [ -71.478344385999904, -29.077233506 ], [ -71.478341754, -29.07723284 ], [ -71.478339305, -29.077232024999901 ], [ -71.478336888999905, -29.077231084999902 ], [ -71.478327591, -29.077227084 ], [ -71.478320841, -29.077224321 ], [ -71.478318781, -29.077223537 ], [ -71.478316725999903, -29.07722282 ], [ -71.478314669, -29.077222204999899 ], [ -71.478312601, -29.077221736999899 ], [ -71.478310313, -29.0772214419999 ], [ -71.478307900999894, -29.077221415999901 ], [ -71.478305917999904, -29.077221616 ], [ -71.478303497, -29.0772220859999 ], [ -71.478301073999901, -29.077222719 ], [ -71.478295999, -29.077224159 ], [ -71.478293321, -29.077224825 ], [ -71.478291094, -29.077225281 ], [ -71.478288837, -29.077225641 ], [ -71.47828641, -29.077225907 ], [ -71.478283961, -29.077226051 ], [ -71.478281168, -29.077226069999899 ], [ -71.478278366, -29.077225953 ], [ -71.478275444, -29.077225703 ], [ -71.478272526, -29.077225343999899 ], [ -71.478269618999903, -29.077224886 ], [ -71.478266732, -29.077224331 ], [ -71.478263877, -29.077223671 ], [ -71.4782613, -29.077222962 ], [ -71.478258769, -29.077222155999898 ], [ -71.478256293999905, -29.077221252999902 ], [ -71.478253744, -29.077220183 ], [ -71.478251290999907, -29.0772189969999 ], [ -71.478248961, -29.077217686 ], [ -71.478246790999904, -29.077216235 ], [ -71.478245123, -29.077214883 ], [ -71.478243627, -29.077213406999899 ], [ -71.478242049999906, -29.077211393 ], [ -71.478241126999905, -29.077209841999899 ], [ -71.478240364, -29.077208212 ], [ -71.478239700999893, -29.077206358 ], [ -71.4782392, -29.0772044449999 ], [ -71.478238844, -29.077202489999902 ], [ -71.478238609999906, -29.0772003 ], [ -71.478238529999899, -29.077198091 ], [ -71.478238562999906, -29.077196503 ], [ -71.478238663, -29.07719492 ], [ -71.478239286, -29.077189527 ], [ -71.478239483, -29.077187158 ], [ -71.4782395, -29.077185751999899 ], [ -71.478239413, -29.077184364999901 ], [ -71.478239153999894, -29.077182787 ], [ -71.47823871, -29.0771812569999 ], [ -71.47823779, -29.077179273 ], [ -71.478236424, -29.0771773029999 ], [ -71.478235243, -29.077175994 ], [ -71.478233922999905, -29.077174756 ], [ -71.478231851, -29.0771730939999 ], [ -71.478229615, -29.077171522999901 ], [ -71.478227273999906, -29.077170013999901 ], [ -71.478224868, -29.0771685469999 ], [ -71.478220146999902, -29.077165777999902 ], [ -71.478217834, -29.0771645149999 ], [ -71.478215470999899, -29.077163379999899 ], [ -71.478214124, -29.077162824 ], [ -71.478212750999901, -29.077162336999901 ], [ -71.478210488999906, -29.077161702 ], [ -71.478208314, -29.0771612469999 ], [ -71.478203994, -29.077160498 ], [ -71.478201446, -29.07715996 ], [ -71.478199078, -29.077159252999898 ], [ -71.478197103999904, -29.0771583759999 ], [ -71.478195453, -29.077157277 ], [ -71.478194204, -29.077155928 ], [ -71.478193581, -29.077154671999899 ], [ -71.478193351999906, -29.077153226999901 ], [ -71.478193465999894, -29.077152122 ], [ -71.478193797, -29.077151 ], [ -71.478194798999894, -29.077149087999899 ], [ -71.478196246, -29.077147209 ], [ -71.4781980449999, -29.077145403 ], [ -71.478199216999897, -29.077144409 ], [ -71.478200473999905, -29.077143459 ], [ -71.478201876999904, -29.077142503999902 ], [ -71.478203342, -29.077141599999901 ], [ -71.478205047999893, -29.077140637 ], [ -71.478206786, -29.077139722 ], [ -71.478210816999905, -29.077137659999899 ], [ -71.478212707999901, -29.077136606 ], [ -71.478214436, -29.0771354839999 ], [ -71.47821593, -29.077134253999901 ], [ -71.478216803999899, -29.077133293 ], [ -71.478217496, -29.077132253999899 ], [ -71.478218061999897, -29.0771308929999 ], [ -71.478218407, -29.077128935 ], [ -71.478218376, -29.077126854 ], [ -71.478218050999899, -29.077124689 ], [ -71.478217488, -29.0771224699999 ], [ -71.478216727999893, -29.077120228 ], [ -71.478215788999904, -29.07711799 ], [ -71.478214674, -29.077115783999901 ], [ -71.478213739999902, -29.077114206 ], [ -71.478212711, -29.07711267 ], [ -71.478211589999901, -29.077111185 ], [ -71.478209848999896, -29.077109188999898 ], [ -71.478207943, -29.077107339999898 ], [ -71.478206467999897, -29.077106106 ], [ -71.478204923, -29.077104973 ], [ -71.478203317, -29.077103952 ], [ -71.478201266, -29.077102871 ], [ -71.478199151999902, -29.077102013999902 ], [ -71.478196990999905, -29.077101421 ], [ -71.478195200999906, -29.077101171 ], [ -71.478193408, -29.077101152 ], [ -71.478191981999899, -29.077101314999901 ], [ -71.478190576, -29.077101633 ], [ -71.478189143999899, -29.0771021199999 ], [ -71.478187749, -29.077102748999899 ], [ -71.478185626, -29.077103983 ], [ -71.478183504999905, -29.077105506 ], [ -71.478181439, -29.077107199999901 ], [ -71.478175283, -29.077112715999899 ], [ -71.478173286999905, -29.077114437 ], [ -71.478171234999905, -29.077116105999899 ], [ -71.47816956, -29.077117388 ], [ -71.478166132999903, -29.077119821999901 ], [ -71.478159283, -29.0771243629999 ], [ -71.478154682, -29.077127705999899 ], [ -71.478153167999906, -29.077128682 ], [ -71.478151526, -29.077129414 ], [ -71.478150099999894, -29.077129652999901 ], [ -71.478149297999906, -29.077129575 ], [ -71.478148567999895, -29.077129326 ], [ -71.478147927999899, -29.077128901 ], [ -71.478147395999898, -29.0771283199999 ], [ -71.478146723, -29.077126904 ], [ -71.478146451, -29.077125467 ], [ -71.478146384, -29.077123926999899 ], [ -71.47814644, -29.077122259 ], [ -71.478147193, -29.077110892999901 ], [ -71.478147438, -29.077108266 ], [ -71.478147717999903, -29.077106036 ], [ -71.478148075, -29.077103813 ], [ -71.478148518999902, -29.077101603 ], [ -71.478149045, -29.077099475999901 ], [ -71.478149658999897, -29.077097377 ], [ -71.478150289, -29.0770955039999 ], [ -71.478150974999906, -29.077093663 ], [ -71.478153804, -29.0770868 ], [ -71.478154581, -29.0770845119999 ], [ -71.478154968, -29.0770827549999 ], [ -71.478155074, -29.077081059 ], [ -71.47815472, -29.077079113 ], [ -71.478153824999893, -29.0770774 ], [ -71.478152711, -29.0770761429999 ], [ -71.478151318999906, -29.077075020999899 ], [ -71.478149335, -29.07707383 ], [ -71.478147103, -29.077072788999899 ], [ -71.478144509999893, -29.077071798 ], [ -71.478136174, -29.077069053999899 ], [ -71.478133387, -29.0770680319999 ], [ -71.478130614, -29.077066841 ], [ -71.478129135, -29.077066107999901 ], [ -71.478127692, -29.077065321 ], [ -71.478126237, -29.077064451 ], [ -71.478124823, -29.077063531 ], [ -71.478122020999905, -29.077061526 ], [ -71.478118125, -29.077058549 ], [ -71.478116165, -29.077057133 ], [ -71.478114445999907, -29.077056012 ], [ -71.478112682999907, -29.07705501 ], [ -71.478110413, -29.077053964 ], [ -71.478108097, -29.07705319 ], [ -71.478105655, -29.07705272 ], [ -71.478103249, -29.077052638999898 ], [ -71.478101766, -29.077052814 ], [ -71.478100341999905, -29.077053169 ], [ -71.478098788, -29.077053803 ], [ -71.478097154, -29.077054797999899 ], [ -71.478095872, -29.077055843 ], [ -71.478094689, -29.077057004 ], [ -71.478091956999904, -29.077059948999899 ], [ -71.4780913, -29.077060581 ], [ -71.478090274, -29.077061462 ], [ -71.478088895, -29.077062477 ], [ -71.478087447, -29.077063413 ], [ -71.478084316, -29.077065263 ], [ -71.478082762, -29.077066233 ], [ -71.478081394999904, -29.077067251 ], [ -71.478080577, -29.077068043999901 ], [ -71.478079948, -29.07706888 ], [ -71.478079548, -29.077069691 ], [ -71.478079336999897, -29.077070519 ], [ -71.478079320999896, -29.077071314 ], [ -71.478079492999896, -29.077072088 ], [ -71.478080308999907, -29.077073418999898 ], [ -71.478081096, -29.07707411 ], [ -71.478082072999896, -29.077074694 ], [ -71.478082852999904, -29.077075032 ], [ -71.478084381, -29.077075489 ], [ -71.478086076999901, -29.077075796 ], [ -71.478087901, -29.0770759769999 ], [ -71.478090352, -29.077076049 ], [ -71.478092896, -29.077075946 ], [ -71.478095716, -29.0770756279999 ], [ -71.478098111, -29.077075211 ], [ -71.478104846999898, -29.077073794999901 ], [ -71.478106986999904, -29.07707347 ], [ -71.478109025, -29.077073325 ], [ -71.478111204999905, -29.077073414 ], [ -71.478113661, -29.077073896999899 ], [ -71.478115719, -29.077074683 ], [ -71.478117574999899, -29.077075763 ], [ -71.47811902, -29.077076936 ], [ -71.478120256, -29.07707828 ], [ -71.478121256, -29.07707977 ], [ -71.4781218749999, -29.077081086 ], [ -71.478122297, -29.077082472 ], [ -71.47812254, -29.077084538 ], [ -71.478122466999906, -29.0770860219999 ], [ -71.47812222, -29.077087524 ], [ -71.478121772999899, -29.0770891949999 ], [ -71.478121192999893, -29.07709088 ], [ -71.478118243, -29.077098099999901 ], [ -71.478116229, -29.077102832 ], [ -71.478115138, -29.077105163999899 ], [ -71.478113941999894, -29.077107437999899 ], [ -71.478112994999904, -29.077109016 ], [ -71.47811196, -29.077110536 ], [ -71.478110946, -29.077111844999902 ], [ -71.4781098509999, -29.077113091999902 ], [ -71.478108402, -29.0771145259999 ], [ -71.478106839, -29.077115849999899 ], [ -71.478104725, -29.077117352 ], [ -71.478102464999907, -29.077118648 ], [ -71.478100506, -29.077119543 ], [ -71.478098471, -29.077120269 ], [ -71.478096358, -29.077120815999901 ], [ -71.478094196, -29.077121178 ], [ -71.478091999, -29.077121351 ], [ -71.478090126, -29.07712134 ], [ -71.47808825, -29.077121189 ], [ -71.478086689, -29.077120958 ], [ -71.478085136999894, -29.077120637999901 ], [ -71.478082893, -29.077120027 ], [ -71.478080685999899, -29.077119266 ], [ -71.478078523, -29.077118379 ], [ -71.478076609, -29.077117479 ], [ -71.478074743, -29.077116508 ], [ -71.478072924999907, -29.077115487 ], [ -71.478066615, -29.077111676 ], [ -71.478064506, -29.077110570999899 ], [ -71.478062420999905, -29.077109779 ], [ -71.478060819999897, -29.077109466 ], [ -71.47805891, -29.077109499 ], [ -71.478057687, -29.077109795 ], [ -71.478056554, -29.077110304 ], [ -71.478055075, -29.0771114359999 ], [ -71.478053832999905, -29.077113039 ], [ -71.478053030999902, -29.077114625 ], [ -71.478052409, -29.0771163809999 ], [ -71.478051938, -29.07711826 ], [ -71.478051601999894, -29.077120231 ], [ -71.478051368, -29.077122447 ], [ -71.478051138, -29.077126996999901 ], [ -71.478051077, -29.077129441999901 ], [ -71.478051121, -29.077131886 ], [ -71.478051243, -29.077133406 ], [ -71.478051454, -29.077134918 ], [ -71.478051732, -29.077136305 ], [ -71.478052090999896, -29.077137681 ], [ -71.478052797, -29.077139809999899 ], [ -71.478053654, -29.077141905 ], [ -71.478054673, -29.077144048 ], [ -71.478060238, -29.077154440999902 ], [ -71.47806138, -29.0771564409999 ], [ -71.478062397, -29.077158068 ], [ -71.47806349, -29.0771596549999 ], [ -71.478064452, -29.077160923 ], [ -71.478065468, -29.077162160999901 ], [ -71.478067192, -29.077164087 ], [ -71.478069009, -29.077165959 ], [ -71.478072822999906, -29.077169598999902 ], [ -71.478078716, -29.077174962999901 ], [ -71.478082581, -29.077178580999899 ], [ -71.478084447, -29.077180434 ], [ -71.478086237999904, -29.0771823329999 ], [ -71.478087845999895, -29.077184191999901 ], [ -71.478089349999905, -29.0771861119999 ], [ -71.478090893999905, -29.0771883469999 ], [ -71.478092187, -29.077190479 ], [ -71.478093365999896, -29.077192665 ], [ -71.478094445999901, -29.077194892 ], [ -71.478095433, -29.077197151999901 ], [ -71.478096324, -29.07719944 ], [ -71.478097111, -29.077201749 ], [ -71.478097776, -29.077204077 ], [ -71.478098234, -29.077206099 ], [ -71.478098579999894, -29.077208122999899 ], [ -71.478098818, -29.0772101929999 ], [ -71.478099202, -29.077216861 ], [ -71.478099458, -29.077219014 ], [ -71.478099953, -29.077221005 ], [ -71.478100629, -29.077222483 ], [ -71.478101404, -29.077223557 ], [ -71.478102852999896, -29.077224815 ], [ -71.478104462, -29.077225638 ], [ -71.478106197, -29.077226139999901 ], [ -71.47810808, -29.077226392999901 ], [ -71.478109359, -29.077226435999901 ], [ -71.478110666, -29.077226391999901 ], [ -71.478112349, -29.077226228 ], [ -71.478114042999906, -29.077225967999901 ], [ -71.478120571, -29.077224638 ], [ -71.478122605, -29.077224368 ], [ -71.478124044, -29.077224319 ], [ -71.478125389, -29.077224443 ], [ -71.478126378, -29.077224695 ], [ -71.478126946, -29.0772249249999 ], [ -71.478127679, -29.077225346 ], [ -71.478128763, -29.077226349999901 ], [ -71.478129645, -29.077227814 ], [ -71.478130249999893, -29.077229621999901 ], [ -71.478130655, -29.077231641 ], [ -71.478131213, -29.077235820999899 ], [ -71.478131424, -29.077238183 ], [ -71.478131522, -29.077240585 ], [ -71.478131452999904, -29.077242998 ], [ -71.478131278, -29.077244612 ], [ -71.478130983, -29.077246212 ], [ -71.478130603, -29.077247642 ], [ -71.478130111, -29.077249047 ], [ -71.478129178, -29.077251066 ], [ -71.478128364, -29.07725247 ], [ -71.478127443999895, -29.077253835 ], [ -71.478125806, -29.077255937 ], [ -71.478122251999906, -29.077260012999901 ], [ -71.478120527, -29.077262072999901 ], [ -71.478119341, -29.077263651 ], [ -71.478118277, -29.077265277 ], [ -71.47811723, -29.077267248999899 ], [ -71.478116665999906, -29.077268585999899 ], [ -71.478116204999907, -29.077269948 ], [ -71.47811573, -29.077271889 ], [ -71.478115448, -29.077273858 ], [ -71.478115359, -29.077275836999899 ], [ -71.478115456, -29.077277717 ], [ -71.478115727, -29.077279586 ], [ -71.47811617, -29.07728143 ], [ -71.478116961, -29.077283667 ], [ -71.478118004999899, -29.077285833 ], [ -71.47811897, -29.0772874429999 ], [ -71.478120051, -29.077289008 ], [ -71.478121216, -29.0772905339999 ], [ -71.478125330999902, -29.077295528 ], [ -71.478126591, -29.077297243 ], [ -71.478127764, -29.077299141 ], [ -71.478128357999907, -29.077300296 ], [ -71.478129303999907, -29.077302566 ], [ -71.478130058, -29.077304910999899 ], [ -71.478130667999906, -29.077307313999899 ], [ -71.478131173999898, -29.077309757 ], [ -71.478131931, -29.077314397 ], [ -71.478132436, -29.077318761 ], [ -71.478132591, -29.077320952 ], [ -71.478132664, -29.077323475 ], [ -71.478132619, -29.0773259969999 ], [ -71.478132447999897, -29.077328513999898 ], [ -71.478132191, -29.077330646 ], [ -71.478131836, -29.077332769 ], [ -71.478131436, -29.0773346779999 ], [ -71.478130452999906, -29.077338465 ], [ -71.478128286, -29.0773456219999 ], [ -71.47812766, -29.077348002 ], [ -71.478127179, -29.077350387 ], [ -71.478126888, -29.077352963 ], [ -71.478126854, -29.0773555399999 ], [ -71.478127097, -29.077358108999899 ], [ -71.478127607, -29.077360652 ], [ -71.478128173, -29.077362582 ], [ -71.478128872999903, -29.077364487999901 ], [ -71.478129688, -29.077366371 ], [ -71.478130877999902, -29.077368755 ], [ -71.478135408, -29.0773768029999 ], [ -71.478139708, -29.0773845699999 ], [ -71.478140824, -29.077386463 ], [ -71.47814375, -29.07739114 ], [ -71.478144793, -29.077392913 ], [ -71.4781457, -29.077394699 ], [ -71.478146508, -29.077396857999901 ], [ -71.478146797, -29.077398028999902 ], [ -71.478146973, -29.077399208 ], [ -71.478147026, -29.077400677 ], [ -71.478146895, -29.077402143 ], [ -71.478146551, -29.077403717 ], [ -71.478146016, -29.0774052689999 ], [ -71.47814541, -29.077406609 ], [ -71.478144696, -29.077407932 ], [ -71.478143582, -29.077409734 ], [ -71.478139931, -29.077415162 ], [ -71.478138655, -29.077417313999899 ], [ -71.478137543999907, -29.077419532 ], [ -71.478136789, -29.077421407 ], [ -71.478136183999894, -29.077423321 ], [ -71.478135734, -29.0774252689999 ], [ -71.478135425999895, -29.077427405 ], [ -71.478135295, -29.077429562 ], [ -71.478135328999898, -29.077431730999901 ], [ -71.478135487, -29.077433604 ], [ -71.478135752, -29.077435476999899 ], [ -71.478136115, -29.077437346 ], [ -71.478136756, -29.077439914 ], [ -71.478137518, -29.077442471 ], [ -71.478138363, -29.077445021 ], [ -71.478140203999899, -29.077450067 ], [ -71.478141203999897, -29.077452568999899 ], [ -71.47814227, -29.077455046 ], [ -71.478143422999906, -29.077457491 ], [ -71.478144339, -29.077459260999898 ], [ -71.4781453209999, -29.0774610019999 ], [ -71.478146373999905, -29.077462709 ], [ -71.47814757, -29.0774644709999 ], [ -71.478148852999894, -29.077466186 ], [ -71.47815081, -29.077468541 ], [ -71.478152436, -29.077470331 ], [ -71.478157424999907, -29.077475589999899 ], [ -71.478159002, -29.077477366 ], [ -71.478160557, -29.077479305999901 ], [ -71.478161935999907, -29.0774813049999 ], [ -71.4781631, -29.077483398 ], [ -71.478163987, -29.077485553 ], [ -71.478164544, -29.077487713 ], [ -71.478164777, -29.077489898 ], [ -71.478164705, -29.0774917809999 ], [ -71.478164389, -29.07749365 ], [ -71.478163848, -29.077495454 ], [ -71.478163095999903, -29.077497218 ], [ -71.478162146, -29.077498933 ], [ -71.478161019, -29.077500589 ], [ -71.478159504, -29.077502447 ], [ -71.478157806999903, -29.077504216 ], [ -71.478156315, -29.077505583999901 ], [ -71.478154734, -29.077506892 ], [ -71.478153011, -29.0775081899999 ], [ -71.478151222, -29.0775094329999 ], [ -71.478149069, -29.077510828999898 ], [ -71.478142533, -29.077514902 ], [ -71.478140439, -29.077516316 ], [ -71.478138445999903, -29.077517808 ], [ -71.478136473999896, -29.077519528 ], [ -71.47813531, -29.077520713 ], [ -71.478134232999906, -29.077521956999899 ], [ -71.478132649, -29.077524109 ], [ -71.478131253, -29.077526376 ], [ -71.478130049, -29.077528651 ], [ -71.478128948999895, -29.0775309869999 ], [ -71.47812793, -29.077533366999901 ], [ -71.478126970999895, -29.077535779999899 ], [ -71.478126059, -29.077538215999901 ], [ -71.478124355, -29.0775431389999 ], [ -71.478123562999897, -29.077545621 ], [ -71.478122153, -29.077550475 ], [ -71.478120887, -29.077555358 ], [ -71.47812031, -29.077557806999899 ], [ -71.478119781, -29.077560262 ], [ -71.478119315999905, -29.077562724 ], [ -71.478118949, -29.07756503 ], [ -71.478118647, -29.077567341 ], [ -71.47811841, -29.077569653 ], [ -71.478118240999905, -29.077571964999901 ], [ -71.478118150999904, -29.077574273 ], [ -71.478118157, -29.077576575 ], [ -71.478118243, -29.077578404999901 ], [ -71.478118407999901, -29.077580226999899 ], [ -71.478118659, -29.0775820379999 ], [ -71.478119077, -29.077584169 ], [ -71.478119624, -29.077586278999899 ], [ -71.478120294, -29.077588364 ], [ -71.478121213, -29.0775907189999 ], [ -71.478122264, -29.07759304 ], [ -71.47812336, -29.077595228 ], [ -71.478126841999895, -29.077601719 ], [ -71.478127953, -29.077603886 ], [ -71.478128977, -29.077606069 ], [ -71.478129871, -29.077608277 ], [ -71.478130367999896, -29.077609767999899 ], [ -71.478130776999905, -29.077611273999899 ], [ -71.478131076, -29.077612729999899 ], [ -71.478131286, -29.077614199 ], [ -71.478131425, -29.077616021 ], [ -71.478131451, -29.077617856 ], [ -71.478131342, -29.077620287999899 ], [ -71.478131118, -29.077622731 ], [ -71.478129887, -29.077632691 ], [ -71.478129377, -29.077637754 ], [ -71.478129060999905, -29.07764248 ], [ -71.478128711999901, -29.0776516409999 ], [ -71.47812851, -29.077653944 ], [ -71.478128298999906, -29.077655514 ], [ -71.478128022, -29.077657076 ], [ -71.478127566999902, -29.077659077 ], [ -71.47812701, -29.077661061 ], [ -71.4781262609999, -29.077663335999901 ], [ -71.478125432999903, -29.077665596 ], [ -71.478122809, -29.077672375 ], [ -71.478122016, -29.077674573 ], [ -71.478120578, -29.077679010999901 ], [ -71.478119942, -29.077681250999898 ], [ -71.478119425, -29.077683271 ], [ -71.47811854, -29.077687339 ], [ -71.478117786, -29.077691882 ], [ -71.478117455, -29.077694387999902 ], [ -71.478116327999899, -29.077704444999899 ], [ -71.47811481, -29.077716949 ], [ -71.478114343, -29.077721955 ], [ -71.478114204, -29.077724460999899 ], [ -71.478114149, -29.0777271269999 ], [ -71.478114258999895, -29.077732465999901 ], [ -71.478114562, -29.077737807999899 ], [ -71.478115007, -29.077743143 ], [ -71.478115628999902, -29.077748447 ], [ -71.478116042, -29.077751077 ], [ -71.478116557, -29.0777537029999 ], [ -71.478117186, -29.077756295 ], [ -71.478117950999902, -29.077758843 ], [ -71.478118886999894, -29.077761328 ], [ -71.478119663, -29.077763015999899 ], [ -71.478120544, -29.077764658 ], [ -71.4781215309999, -29.077766251999901 ], [ -71.478123137, -29.07776845 ], [ -71.478124728, -29.077770314 ], [ -71.478126429, -29.077772104 ], [ -71.478131381, -29.077776908 ], [ -71.478132925999901, -29.077778528 ], [ -71.478134327, -29.077780205 ], [ -71.478135279999904, -29.0777815719999 ], [ -71.478136086999896, -29.0777829909999 ], [ -71.478136934, -29.077785063 ], [ -71.478137405, -29.077786975 ], [ -71.478137638, -29.077788939999898 ], [ -71.478137655, -29.077790981 ], [ -71.478137503, -29.077793054 ], [ -71.478137234, -29.077795152 ], [ -71.478136892, -29.077797271 ], [ -71.478135280999894, -29.0778063939999 ], [ -71.478134945, -29.077808694999899 ], [ -71.47813468, -29.077810999 ], [ -71.478134526, -29.077813087 ], [ -71.478134468999897, -29.077815174 ], [ -71.478134505999904, -29.077816841 ], [ -71.478134619999906, -29.0778185029999 ], [ -71.478134936999894, -29.077821013999898 ], [ -71.478135408, -29.077823511 ], [ -71.478136014, -29.077825990999902 ], [ -71.478136778, -29.07782857 ], [ -71.4781376399999, -29.077831133 ], [ -71.478138572, -29.077833686 ], [ -71.478142547999894, -29.077843862 ], [ -71.478144267999895, -29.077848496999898 ], [ -71.478145648999899, -29.0778526839999 ], [ -71.478146256999906, -29.077854789 ], [ -71.478146788999894, -29.077856901 ], [ -71.478147233999906, -29.077859056 ], [ -71.478147569, -29.077861217 ], [ -71.478147776999904, -29.07786328 ], [ -71.478147871, -29.077865346 ], [ -71.478147868, -29.077866789 ], [ -71.478147813, -29.077868231 ], [ -71.478147598, -29.0778708469999 ], [ -71.478146723999899, -29.077878036 ], [ -71.478146551999899, -29.077880319 ], [ -71.478146518999907, -29.077881878 ], [ -71.47814657, -29.077883433 ], [ -71.478146736, -29.077885163 ], [ -71.478147005, -29.077886884999899 ], [ -71.478147436, -29.077888941 ], [ -71.478148758, -29.077894591 ], [ -71.478149034, -29.077896148 ], [ -71.478149254, -29.077897901 ], [ -71.478149357999897, -29.0778996569999 ], [ -71.478149308, -29.077901768999901 ], [ -71.47814905, -29.0779038649999 ], [ -71.478148688, -29.077905518 ], [ -71.478148188, -29.077907145 ], [ -71.47814757, -29.077908706 ], [ -71.478146834, -29.077910237 ], [ -71.478145666, -29.077912274 ], [ -71.478144353999895, -29.077914267 ], [ -71.478142945999906, -29.0779162339999 ], [ -71.47813999, -29.077920124999899 ], [ -71.478137005, -29.07792395 ], [ -71.478135466, -29.077925799 ], [ -71.478133860999904, -29.077927567 ], [ -71.478132156, -29.077929212 ], [ -71.478130601, -29.077930484 ], [ -71.478128945, -29.077931613 ], [ -71.478127152999903, -29.077932592 ], [ -71.478125260999903, -29.077933382 ], [ -71.478123820999897, -29.0779338309999 ], [ -71.47812234, -29.077934168 ], [ -71.478120686, -29.077934403 ], [ -71.478119003, -29.077934504 ], [ -71.478117533, -29.077934485 ], [ -71.478116056, -29.077934368999902 ], [ -71.478113621, -29.077933983 ], [ -71.47811094, -29.077933311 ], [ -71.478108281999894, -29.077932448999899 ], [ -71.478100473, -29.077929519999898 ], [ -71.478097852, -29.077928716 ], [ -71.478095891999899, -29.077928272 ], [ -71.478093926, -29.077927982999899 ], [ -71.478091473999896, -29.077927872 ], [ -71.478089868, -29.077927959 ], [ -71.47808829, -29.077928175 ], [ -71.478086132, -29.077928694 ], [ -71.47808409, -29.0779294549999 ], [ -71.478082624, -29.0779302 ], [ -71.478081265999904, -29.0779310799999 ], [ -71.478080124, -29.077932006 ], [ -71.478079096, -29.077933033 ], [ -71.478077624, -29.077935011 ], [ -71.478076689, -29.0779368349999 ], [ -71.478076223999906, -29.077938101 ], [ -71.478075873, -29.077939408 ], [ -71.478075562999905, -29.077941291999899 ], [ -71.478075454, -29.077943214 ], [ -71.478075571, -29.077945532999902 ], [ -71.478075939999897, -29.077947842 ], [ -71.478076562, -29.0779501069999 ], [ -71.478077022, -29.077951331 ], [ -71.478077568999893, -29.077952523 ], [ -71.478078889999907, -29.077954728999899 ], [ -71.47807962, -29.0779556919999 ], [ -71.478081152, -29.0779573639999 ], [ -71.478082754, -29.077958805 ], [ -71.478084489, -29.077960162999901 ], [ -71.478086318, -29.077961464999898 ], [ -71.478088446999905, -29.077962881 ], [ -71.478092875, -29.077965596999899 ], [ -71.478095076, -29.077966859999901 ], [ -71.478108584, -29.077974378 ], [ -71.478113155999907, -29.077976849 ], [ -71.478115472, -29.077978028 ], [ -71.478119541999902, -29.077979945 ], [ -71.478126786, -29.077983122 ], [ -71.478129172, -29.077984215 ], [ -71.478131661, -29.077985424 ], [ -71.478139020999905, -29.077989171 ], [ -71.478146293, -29.077992685 ], [ -71.478148577, -29.077993857 ], [ -71.478150778, -29.077995115 ], [ -71.478153032, -29.077996622999901 ], [ -71.478154364, -29.077997658999902 ], [ -71.478155535, -29.077998679 ], [ -71.478156646999906, -29.077999747 ], [ -71.478158129999898, -29.078001319999899 ], [ -71.478162391999902, -29.078006128 ], [ -71.478163622999901, -29.078007369 ], [ -71.478164921, -29.078008533999899 ], [ -71.478167017, -29.078010091 ], [ -71.478168591, -29.078011009 ], [ -71.478170255999899, -29.078011779999901 ], [ -71.478171635, -29.078012278 ], [ -71.478173060999893, -29.078012677999901 ], [ -71.478174829, -29.078013031999902 ], [ -71.478176641999895, -29.078013257 ], [ -71.478178358, -29.078013359 ], [ -71.478180097999896, -29.078013373 ], [ -71.478182317999895, -29.078013293 ], [ -71.478188641, -29.078012821 ], [ -71.478192292, -29.078012605 ], [ -71.47819642, -29.078012504 ], [ -71.478198705999901, -29.078012513 ], [ -71.478203423, -29.078012653 ], [ -71.47820583, -29.078012816999902 ], [ -71.47820818, -29.078013082 ], [ -71.478210452, -29.078013488 ], [ -71.478212196, -29.078013943 ], [ -71.478213857999904, -29.078014534 ], [ -71.47821592, -29.078015558999901 ], [ -71.478218021, -29.078017039 ], [ -71.478219858, -29.078018764 ], [ -71.47822135, -29.078020449999901 ], [ -71.478225693, -29.078025839 ], [ -71.47822697, -29.078027253999899 ], [ -71.478228324, -29.078028622 ], [ -71.478229756, -29.078029939 ], [ -71.478231662, -29.07803151 ], [ -71.478233670999899, -29.078032994999901 ], [ -71.478235765, -29.078034402999901 ], [ -71.478237933999907, -29.078035735 ], [ -71.478240345, -29.078037089 ], [ -71.478242813, -29.078038370999899 ], [ -71.478245318999896, -29.078039592 ], [ -71.478247850999907, -29.07804076 ], [ -71.478250397999901, -29.078041872 ], [ -71.478252949, -29.078042925 ], [ -71.478255383, -29.078043857 ], [ -71.478257819, -29.078044686999899 ], [ -71.478260261999907, -29.078045367999898 ], [ -71.47826272, -29.078045846999899 ], [ -71.478264103, -29.078046002999901 ], [ -71.478265488, -29.0780460729999 ], [ -71.478268, -29.078045975999899 ], [ -71.478270049999907, -29.078045712999899 ], [ -71.478276128999894, -29.078044604 ], [ -71.478277982, -29.078044368999901 ], [ -71.478279825, -29.07804426 ], [ -71.478281485, -29.078044299999899 ], [ -71.478283114, -29.0780444879999 ], [ -71.478285045999897, -29.078044937 ], [ -71.478286877999906, -29.078045625999899 ], [ -71.478288532, -29.078046518 ], [ -71.478290054, -29.078047613 ], [ -71.478291334999895, -29.078048789 ], [ -71.478292502, -29.078050097 ], [ -71.478293425999894, -29.0780513079999 ], [ -71.478294294, -29.078052581 ], [ -71.478297947, -29.0780586139999 ], [ -71.478299147, -29.0780604089999 ], [ -71.478300442, -29.078062159 ], [ -71.478302174, -29.078064234 ], [ -71.478304037, -29.07806622 ], [ -71.478306015, -29.078068113 ], [ -71.478308098999904, -29.0780699009999 ], [ -71.478310289, -29.078071561999899 ], [ -71.478312597999903, -29.07807306 ], [ -71.478314804, -29.0780742439999 ], [ -71.478317117999893, -29.078075243999901 ], [ -71.478319512, -29.0780760389999 ], [ -71.478321987, -29.07807666 ], [ -71.478324417, -29.078077117 ], [ -71.478326889, -29.078077482 ], [ -71.478331899999901, -29.07807811 ], [ -71.478335919, -29.078078672999901 ], [ -71.478338181, -29.078079057 ], [ -71.478342675, -29.078079973999898 ], [ -71.478344902999893, -29.078080507 ], [ -71.478347188, -29.0780811139999 ], [ -71.478351707999906, -29.07808247 ], [ -71.478356559, -29.078084139999898 ], [ -71.478359150999907, -29.07808512 ], [ -71.478361715999895, -29.078086148999901 ], [ -71.478364251, -29.078087231 ], [ -71.478366749, -29.078088373 ], [ -71.478369296, -29.078089629 ], [ -71.478371793, -29.078090960999901 ], [ -71.478374142, -29.0780923149999 ], [ -71.47837645, -29.078093722999899 ], [ -71.478383037999905, -29.078097931999899 ], [ -71.478385256, -29.078099301 ], [ -71.478389077, -29.078101472 ], [ -71.478391038, -29.078102482 ], [ -71.478393428999894, -29.0781036129999 ], [ -71.478395865, -29.078104669 ], [ -71.478398373999894, -29.0781056769999 ], [ -71.478406005, -29.078108535 ], [ -71.4784111069999, -29.078110497 ], [ -71.478416158999906, -29.078112566 ], [ -71.478418614, -29.078113631999901 ], [ -71.478423472, -29.078115854 ], [ -71.478428264999906, -29.078118177 ], [ -71.478437844, -29.078123133 ], [ -71.478440269, -29.078124339999899 ], [ -71.47844277, -29.078125507 ], [ -71.478445311, -29.0781266 ], [ -71.478447748999898, -29.078127551 ], [ -71.478450221999907, -29.078128432 ], [ -71.478453062, -29.078129353 ], [ -71.478458820999904, -29.078131035999899 ], [ -71.478470413, -29.078134253 ], [ -71.478473284, -29.078135118 ], [ -71.478475832, -29.0781359439999 ], [ -71.478478353, -29.078136823 ], [ -71.478480844, -29.078137765999902 ], [ -71.478483094999902, -29.078138695 ], [ -71.478485317, -29.078139677 ], [ -71.478489919, -29.078141894999899 ], [ -71.478499491, -29.078146749 ], [ -71.478502084999903, -29.0781479679999 ], [ -71.478504711, -29.078149132 ], [ -71.47850737, -29.078150238 ], [ -71.478509636, -29.078151123999898 ], [ -71.478511923, -29.078151974 ], [ -71.478516538, -29.078153587 ], [ -71.478524815999904, -29.078156317 ], [ -71.4785302989999, -29.078158206999898 ], [ -71.47853279, -29.078159134 ], [ -71.478542682999901, -29.078162979999899 ], [ -71.478546926, -29.07816451 ], [ -71.478550766, -29.078165746 ], [ -71.478552854, -29.078166366999898 ], [ -71.478561753999898, -29.078168860999899 ], [ -71.478564003, -29.078169534 ], [ -71.478567556, -29.078170714 ], [ -71.478569642, -29.078171483999899 ], [ -71.478571705, -29.078172301999899 ], [ -71.478574383, -29.078173434999901 ], [ -71.478579673999903, -29.0781758379999 ], [ -71.478590217, -29.078180754999899 ], [ -71.478595395999903, -29.078182969 ], [ -71.478600466, -29.078184958999898 ], [ -71.478605575, -29.07818688 ], [ -71.478613379, -29.078189780999899 ], [ -71.47861878, -29.078191699999898 ], [ -71.478620957, -29.078192397999899 ], [ -71.478623149, -29.078193042 ], [ -71.478625358, -29.078193625 ], [ -71.478627724, -29.078194168 ], [ -71.478630106, -29.078194623999899 ], [ -71.478632123999901, -29.0781949349999 ], [ -71.478634149, -29.078195182999899 ], [ -71.478637796, -29.078195498 ], [ -71.478642427, -29.078195821999898 ], [ -71.47864471, -29.078196052 ], [ -71.478646249999898, -29.0781962689999 ], [ -71.47864777, -29.078196545 ], [ -71.478649514, -29.078196953 ], [ -71.478651216999907, -29.078197453 ], [ -71.478653713, -29.078198386999901 ], [ -71.478656182, -29.078199547999901 ], [ -71.478662512, -29.078203017 ], [ -71.478664642999902, -29.078204007999901 ], [ -71.478666026, -29.078204523 ], [ -71.47866744, -29.078204931 ], [ -71.478669211, -29.078205259 ], [ -71.478670654, -29.078205382 ], [ -71.478672114999895, -29.078205386 ], [ -71.4786737539999, -29.078205259999901 ], [ -71.478675398, -29.078205015 ], [ -71.478677731999895, -29.078204505 ], [ -71.478680063999903, -29.078203871 ], [ -71.478684729999898, -29.078202516 ], [ -71.478687066, -29.078201931 ], [ -71.478688833, -29.078201592 ], [ -71.478690597, -29.078201373 ], [ -71.478692141, -29.078201303 ], [ -71.478693672, -29.078201362999899 ], [ -71.478695567, -29.078201634 ], [ -71.478697409999896, -29.078202121999901 ], [ -71.478698669, -29.078202592 ], [ -71.478699891, -29.078203158 ], [ -71.478701832999903, -29.078204285 ], [ -71.478703878, -29.078205750999899 ], [ -71.478705857, -29.078207371 ], [ -71.478711744, -29.078212474999901 ], [ -71.478713603, -29.078213959 ], [ -71.478715528999899, -29.0782153809999 ], [ -71.478716945, -29.078216346 ], [ -71.478718399999906, -29.0782172679999 ], [ -71.4787205, -29.078218493999898 ], [ -71.478722656999906, -29.078219654999899 ], [ -71.478727079, -29.078221844 ], [ -71.478731694, -29.078223981999901 ], [ -71.478734026, -29.078225013999901 ], [ -71.478738736, -29.078226985999901 ], [ -71.478749668, -29.078231177 ], [ -71.47875235, -29.078232283 ], [ -71.478754975999905, -29.078233472 ], [ -71.47875786, -29.078234945 ], [ -71.478760388999902, -29.078236374 ], [ -71.478765387, -29.078239310999901 ], [ -71.478769273999902, -29.078241415 ], [ -71.478771637, -29.078242568999901 ], [ -71.478778841, -29.078245852999899 ], [ -71.478781216, -29.0782469819999 ], [ -71.478783258, -29.078248023 ], [ -71.478786567, -29.078249890999899 ], [ -71.478792472999899, -29.078253628 ], [ -71.478794592, -29.078254903 ], [ -71.478796759, -29.078256113999899 ], [ -71.478799134, -29.0782573289999 ], [ -71.478806387, -29.078260788 ], [ -71.478808757, -29.078262000999899 ], [ -71.478811084, -29.07826332 ], [ -71.478813316999904, -29.078264749 ], [ -71.478814707, -29.0782657399999 ], [ -71.478816047999899, -29.078266782999901 ], [ -71.478817315, -29.0782678529999 ], [ -71.478818538, -29.078268962 ], [ -71.478820396999893, -29.078270776 ], [ -71.478824028, -29.078274467 ], [ -71.478825899, -29.078276256 ], [ -71.478827763, -29.07827786 ], [ -71.478829734, -29.078279354 ], [ -71.478831484999901, -29.0782805109999 ], [ -71.478833307999906, -29.078281581999899 ], [ -71.478835444, -29.078282714 ], [ -71.478841642, -29.0782858379999 ], [ -71.478843451, -29.078286842 ], [ -71.478845173, -29.07828789 ], [ -71.478846835999903, -29.078289003999899 ], [ -71.478848431, -29.078290188 ], [ -71.478850313, -29.0782917609999 ], [ -71.478852086, -29.07829342 ], [ -71.478856835, -29.078298326 ], [ -71.478858430999907, -29.07829986 ], [ -71.478860099, -29.078301262 ], [ -71.478861905, -29.078302489 ], [ -71.478863834, -29.078303472 ], [ -71.478865530999897, -29.078304068 ], [ -71.478867299999905, -29.078304451 ], [ -71.478869454999895, -29.07830462 ], [ -71.47887088, -29.078304577 ], [ -71.478872314999904, -29.078304432 ], [ -71.478874103, -29.078304144999901 ], [ -71.478879917, -29.078302966 ], [ -71.478882137, -29.078302628 ], [ -71.47888391, -29.078302466 ], [ -71.478885681999898, -29.078302423 ], [ -71.478887901, -29.078302564 ], [ -71.47889008, -29.078302935 ], [ -71.478892497999894, -29.078303648 ], [ -71.478893996, -29.078304251 ], [ -71.478895458999901, -29.07830495 ], [ -71.478897291, -29.078305961 ], [ -71.478899092999896, -29.078307062 ], [ -71.478902703999907, -29.078309375999901 ], [ -71.478905819, -29.078311264 ], [ -71.478909533, -29.07831328 ], [ -71.478915577, -29.078316333 ], [ -71.478917549999906, -29.0783173959999 ], [ -71.478919546, -29.078318571999901 ], [ -71.478921462, -29.078319832 ], [ -71.478922791999906, -29.078320801 ], [ -71.478924065999905, -29.078321821 ], [ -71.478925934999907, -29.078323511999901 ], [ -71.478927650999907, -29.078325317 ], [ -71.478929024, -29.078326988 ], [ -71.47893028, -29.078328726999899 ], [ -71.478931183, -29.078330111 ], [ -71.47893415, -29.078335115 ], [ -71.478935282, -29.078336865 ], [ -71.478936088, -29.07833797 ], [ -71.478936953, -29.078339042 ], [ -71.478938314999894, -29.0783405399999 ], [ -71.478939768, -29.078341985999899 ], [ -71.478944420999895, -29.0783463409999 ], [ -71.478946000999898, -29.078347896 ], [ -71.478948671, -29.078350749 ], [ -71.478950423999905, -29.078352781 ], [ -71.478955592, -29.078358991999899 ], [ -71.478957241, -29.078360876 ], [ -71.478967477, -29.078372008 ], [ -71.478971171, -29.078376276 ], [ -71.478978419, -29.0783848949999 ], [ -71.47898215, -29.0783891029999 ], [ -71.478984096, -29.078391138 ], [ -71.478986124, -29.0783931019999 ], [ -71.478987687, -29.078394494 ], [ -71.478989306, -29.078395837 ], [ -71.478990975, -29.0783971339999 ], [ -71.478993123, -29.078398697 ], [ -71.478999702, -29.078403274 ], [ -71.479001856, -29.078404861 ], [ -71.479003964, -29.0784064979999 ], [ -71.47900602, -29.078408185999901 ], [ -71.479007904, -29.078409822 ], [ -71.4790115549999, -29.078413204999901 ], [ -71.47901508, -29.078416701 ], [ -71.479019015999896, -29.078420848999901 ], [ -71.479022844, -29.078425075 ], [ -71.47902472, -29.078427212999902 ], [ -71.479028355, -29.078431544999901 ], [ -71.47903009, -29.078433751 ], [ -71.479031738999893, -29.0784359969999 ], [ -71.479033270999906, -29.078438296999899 ], [ -71.479034601, -29.078440574999899 ], [ -71.479035735, -29.078442841 ], [ -71.47903673, -29.078445159999902 ], [ -71.479037495999904, -29.078447228999899 ], [ -71.479038182, -29.078449325 ], [ -71.479038805, -29.078451438999899 ], [ -71.479041208, -29.078460440999901 ], [ -71.479041875999897, -29.078462649 ], [ -71.479042631, -29.078464814 ], [ -71.479043508, -29.078466918999901 ], [ -71.479044278999893, -29.0784684609999 ], [ -71.479045154999895, -29.078469948 ], [ -71.479046078, -29.078471282999899 ], [ -71.479047102, -29.078472557999898 ], [ -71.479048171, -29.078473715 ], [ -71.479049324, -29.0784748149999 ], [ -71.479050448, -29.078475773 ], [ -71.479051625999901, -29.078476688 ], [ -71.479053448999906, -29.078477978 ], [ -71.479059123999903, -29.0784816839999 ], [ -71.47906067, -29.0784827589999 ], [ -71.479062159, -29.078483881 ], [ -71.479063969, -29.0784854189999 ], [ -71.479065619, -29.078487061 ], [ -71.479067165999894, -29.078488928 ], [ -71.479068474, -29.078490909 ], [ -71.479069577, -29.078493151 ], [ -71.479070346999904, -29.078495491999899 ], [ -71.47907076, -29.07849794 ], [ -71.479070825, -29.078500437999899 ], [ -71.479070674999903, -29.078502198 ], [ -71.479070388, -29.078503962 ], [ -71.479069985, -29.078505723 ], [ -71.479069330999906, -29.078507993 ], [ -71.479067874, -29.078512506 ], [ -71.479067234, -29.078514755 ], [ -71.479066767999896, -29.078517002999899 ], [ -71.479066573, -29.078518942999899 ], [ -71.479066605, -29.07852087 ], [ -71.479066899, -29.078522837 ], [ -71.479067458, -29.078524756 ], [ -71.479068449, -29.078526963999899 ], [ -71.479069731, -29.078529078 ], [ -71.479071245999904, -29.078531094 ], [ -71.479072953999903, -29.078532997 ], [ -71.479074839, -29.07853476 ], [ -71.479076894999906, -29.078536347999901 ], [ -71.479078812, -29.078537538 ], [ -71.479080859, -29.078538535 ], [ -71.479082101, -29.078539011 ], [ -71.479084289999903, -29.078539654999901 ], [ -71.47908646, -29.078540125 ], [ -71.479090879, -29.0785408959999 ], [ -71.479093623, -29.0785414539999 ], [ -71.479096271999893, -29.078542183 ], [ -71.47909803, -29.078542835999901 ], [ -71.479099684999895, -29.078543619999898 ], [ -71.479101516, -29.078544752 ], [ -71.479103386, -29.0785463399999 ], [ -71.479104440999905, -29.0785475489999 ], [ -71.479105316, -29.078548855999902 ], [ -71.479106041, -29.078550359 ], [ -71.479106531999903, -29.078551940999901 ], [ -71.4791068, -29.078553939 ], [ -71.479106731999906, -29.0785558339999 ], [ -71.479106513, -29.078557154 ], [ -71.479106166, -29.078558472999902 ], [ -71.479105385, -29.07856055 ], [ -71.479104381999903, -29.078562600999899 ], [ -71.479100834999898, -29.078568688 ], [ -71.479099786999896, -29.078570769999899 ], [ -71.479098978, -29.078572859 ], [ -71.479098471, -29.078574761 ], [ -71.47909815, -29.078576859 ], [ -71.479098052, -29.078578607999901 ], [ -71.479098087999901, -29.078580369 ], [ -71.479098340999897, -29.078582912999899 ], [ -71.479098784, -29.078585463 ], [ -71.479099381, -29.078588011 ], [ -71.479100107, -29.078590547 ], [ -71.479100956, -29.0785930599999 ], [ -71.479101935, -29.078595536 ], [ -71.479103060999904, -29.078597956 ], [ -71.479104034, -29.078599746999899 ], [ -71.479105107999899, -29.078601487999901 ], [ -71.479106282, -29.078603173 ], [ -71.479107499, -29.078604722 ], [ -71.479108805, -29.078606208999901 ], [ -71.479110195, -29.078607632999901 ], [ -71.479111825, -29.0786091219999 ], [ -71.479113548, -29.07861052 ], [ -71.47911536, -29.078611822 ], [ -71.479117257, -29.078613014 ], [ -71.479119235, -29.078614092 ], [ -71.479121291999903, -29.078615047 ], [ -71.479122888999896, -29.078615675 ], [ -71.479124525, -29.078616226 ], [ -71.47912596, -29.078616638 ], [ -71.479127414999894, -29.078616994999901 ], [ -71.479129964, -29.078617499 ], [ -71.479137275, -29.078618567 ], [ -71.479139669999896, -29.078618982 ], [ -71.479141996, -29.078619509 ], [ -71.479144238999893, -29.078620186 ], [ -71.479146605, -29.078621148 ], [ -71.479148069, -29.078621906 ], [ -71.479149456, -29.078622761 ], [ -71.479151426, -29.078624255 ], [ -71.479153203, -29.078625938999899 ], [ -71.479154652, -29.078627609 ], [ -71.479155963, -29.078629380999899 ], [ -71.479157151, -29.078631233 ], [ -71.479158222, -29.078633144 ], [ -71.479159172, -29.0786350999999 ], [ -71.47915999, -29.078637095 ], [ -71.479160642, -29.078639123999899 ], [ -71.479161078999894, -29.078641188999899 ], [ -71.479161268, -29.078643187 ], [ -71.479161281, -29.078645217 ], [ -71.479161178, -29.078647272 ], [ -71.479160537, -29.078655727999902 ], [ -71.479160371, -29.078660521 ], [ -71.479160366, -29.0786629209999 ], [ -71.479160424, -29.078665319 ], [ -71.479160559, -29.078667708 ], [ -71.479160793999895, -29.078670084999899 ], [ -71.479161147999903, -29.078672441 ], [ -71.479161632999904, -29.0786747729999 ], [ -71.479162194, -29.078676856999898 ], [ -71.479162861, -29.078678914 ], [ -71.479163748, -29.078681237999898 ], [ -71.479164743999902, -29.0786835279999 ], [ -71.479165834999904, -29.078685784 ], [ -71.479167015, -29.078688002 ], [ -71.479168285, -29.078690176999899 ], [ -71.479169656, -29.0786922959999 ], [ -71.479170875, -29.078693995 ], [ -71.479172177999899, -29.07869564 ], [ -71.479173569999901, -29.0786972249999 ], [ -71.479175268999896, -29.078698942 ], [ -71.479177076, -29.0787005779999 ], [ -71.479178958, -29.078702133 ], [ -71.479184802, -29.078706656 ], [ -71.47918786, -29.078709185 ], [ -71.479190602999907, -29.078711687999899 ], [ -71.479196573, -29.078717679 ], [ -71.479198343999897, -29.078719409 ], [ -71.479200164, -29.0787210999999 ], [ -71.479202092, -29.078722781 ], [ -71.479204083999903, -29.0787244049999 ], [ -71.479206265, -29.078726065999899 ], [ -71.479208507, -29.078727662999899 ], [ -71.479210805, -29.078729196 ], [ -71.479213161, -29.078730661 ], [ -71.479215413, -29.07873196 ], [ -71.479217710999905, -29.078733193999899 ], [ -71.479220052, -29.078734364999899 ], [ -71.479222433, -29.07873547 ], [ -71.479224875999904, -29.078736518 ], [ -71.479232279, -29.078739506 ], [ -71.47923471, -29.078740544 ], [ -71.479237091999906, -29.078741652 ], [ -71.479239089, -29.078742685999899 ], [ -71.479241026999901, -29.0787438 ], [ -71.479242513, -29.078744742 ], [ -71.479243956999895, -29.078745735 ], [ -71.479245916, -29.07874721 ], [ -71.479247803, -29.078748764999901 ], [ -71.479251027, -29.0787516739999 ], [ -71.479263384, -29.078763414 ], [ -71.479267013, -29.078767012999901 ], [ -71.479274187, -29.078774365999902 ], [ -71.479277854, -29.0787779579999 ], [ -71.479279748, -29.078779695 ], [ -71.47928152, -29.078781222 ], [ -71.479283338999906, -29.078782701 ], [ -71.479285207, -29.078784126 ], [ -71.479287122999907, -29.078785492999899 ], [ -71.479289092, -29.0787867939999 ], [ -71.479291175, -29.078788048 ], [ -71.479293319, -29.078789217 ], [ -71.479295775, -29.078790418 ], [ -71.479305185, -29.0787944859999 ], [ -71.4793076, -29.078795666 ], [ -71.479309934, -29.078796955 ], [ -71.479312343999894, -29.078798488 ], [ -71.479314652, -29.078800145999899 ], [ -71.479316409, -29.078801523 ], [ -71.479323431999902, -29.078807387 ], [ -71.47932672, -29.07880997 ], [ -71.479330258999894, -29.078812543 ], [ -71.479336756999899, -29.078817117 ], [ -71.479339921, -29.078819515 ], [ -71.479341451, -29.0788207639999 ], [ -71.479343231, -29.0788223119999 ], [ -71.479344952, -29.078823913 ], [ -71.479346620999905, -29.078825559999899 ], [ -71.479348237, -29.0788272469999 ], [ -71.479350128, -29.078829346 ], [ -71.479351962, -29.078831486999899 ], [ -71.479355534, -29.078835845 ], [ -71.479363612, -29.078845928 ], [ -71.479366537, -29.078849768999898 ], [ -71.479367926, -29.078851723 ], [ -71.479369339999906, -29.078853839 ], [ -71.479372766, -29.0788592829999 ], [ -71.479373847, -29.0788609049999 ], [ -71.479375328999893, -29.078862912 ], [ -71.479376881999897, -29.0788647759999 ], [ -71.479378541999907, -29.078866572 ], [ -71.4793804, -29.078868407999899 ], [ -71.479382341, -29.078870184 ], [ -71.479384352, -29.078871905 ], [ -71.479386424, -29.078873573 ], [ -71.479388554, -29.078875184 ], [ -71.4793907439999, -29.078876728 ], [ -71.479393003, -29.078878188 ], [ -71.479394734, -29.078879209 ], [ -71.479396508, -29.078880168999898 ], [ -71.479398429, -29.078881117 ], [ -71.479400392999906, -29.078882001999901 ], [ -71.47940306, -29.078883091 ], [ -71.479405772, -29.078884108 ], [ -71.4794140179999, -29.078886995999898 ], [ -71.479416757, -29.078887978999902 ], [ -71.479419468999893, -29.078889011999902 ], [ -71.479421582, -29.078889879 ], [ -71.479423668, -29.078890794 ], [ -71.479425722, -29.078891761 ], [ -71.479428339, -29.0788931 ], [ -71.479430900999901, -29.078894521999899 ], [ -71.479433165, -29.0788958589999 ], [ -71.479437617, -29.078898642999899 ], [ -71.479444257999901, -29.078902888999899 ], [ -71.479448915, -29.078905753999901 ], [ -71.479460834999898, -29.078912789999901 ], [ -71.479465847, -29.078915639999899 ], [ -71.479468381999894, -29.078917014 ], [ -71.479470949, -29.078918332999901 ], [ -71.479473561, -29.078919574999901 ], [ -71.479475250999897, -29.078920315999898 ], [ -71.479476964, -29.078921017 ], [ -71.479479472, -29.07892197 ], [ -71.479487085999907, -29.078924659999899 ], [ -71.479489526, -29.078925566999899 ], [ -71.479491933, -29.078926529999901 ], [ -71.479493982999898, -29.07892742 ], [ -71.479495992, -29.078928369 ], [ -71.479497954, -29.07892938 ], [ -71.479499857, -29.0789304639999 ], [ -71.479502061999895, -29.078931881 ], [ -71.47950416, -29.078933418 ], [ -71.479506114999893, -29.078935045 ], [ -71.47950797, -29.078936772 ], [ -71.479509596999904, -29.078938427 ], [ -71.479512709999895, -29.078941872 ], [ -71.479522932999899, -29.078953742 ], [ -71.479526303999904, -29.078957897999899 ], [ -71.479527877999899, -29.0789599629999 ], [ -71.47953068, -29.078963862 ], [ -71.479537288999893, -29.078973541 ], [ -71.479539788999901, -29.078977306 ], [ -71.479544051999895, -29.07898417 ], [ -71.479545034999902, -29.078985702 ], [ -71.479546071999906, -29.078987197999901 ], [ -71.479547174999894, -29.078988632999899 ], [ -71.479548362999907, -29.07899001 ], [ -71.479549901, -29.0789915679999 ], [ -71.479551553, -29.078993042 ], [ -71.479553439, -29.078994542 ], [ -71.479555411, -29.078995975999899 ], [ -71.479557448, -29.0789973629999 ], [ -71.479561584, -29.079000021999899 ], [ -71.479574183, -29.079007824 ], [ -71.479576267, -29.079009195 ], [ -71.4795782959999, -29.079010613 ], [ -71.479580294999906, -29.079012135 ], [ -71.479582197999903, -29.079013737 ], [ -71.47958342, -29.079014868999899 ], [ -71.479584587, -29.0790160409999 ], [ -71.47958596, -29.0790175459999 ], [ -71.479587256999906, -29.0790190979999 ], [ -71.479591673999906, -29.079024836 ], [ -71.479593359, -29.079026810999899 ], [ -71.479594989, -29.079028485 ], [ -71.479596074, -29.079029476999899 ], [ -71.479597209, -29.079030426 ], [ -71.479598801999899, -29.0790316279999 ], [ -71.479600467, -29.079032762999901 ], [ -71.479602186, -29.079033837999901 ], [ -71.479608916, -29.079037658999901 ], [ -71.479611093, -29.079038995 ], [ -71.47961337, -29.079040602 ], [ -71.47961465, -29.079041643 ], [ -71.479615859, -29.079042746 ], [ -71.479617286, -29.07904423 ], [ -71.479618597999902, -29.0790458019999 ], [ -71.479619962, -29.079047681 ], [ -71.479621228, -29.079049632 ], [ -71.479624682, -29.079055416 ], [ -71.479627192999899, -29.079059452 ], [ -71.4796317079999, -29.079066221999899 ], [ -71.479636445, -29.079073079 ], [ -71.479643982, -29.0790834549999 ], [ -71.479648263999906, -29.079089891 ], [ -71.479649459, -29.0790916129999 ], [ -71.479651025, -29.0790936829999 ], [ -71.479652715, -29.07909567 ], [ -71.479654029999907, -29.079097051 ], [ -71.479655416, -29.079098379 ], [ -71.479656867999907, -29.079099657 ], [ -71.479658876, -29.079101266999899 ], [ -71.479660962, -29.079102812 ], [ -71.479663106, -29.079104311 ], [ -71.479671859999897, -29.079110175 ], [ -71.479674013, -29.07911168 ], [ -71.479676107, -29.079113224 ], [ -71.479678137999898, -29.079114825 ], [ -71.479680022, -29.079116434 ], [ -71.479681828, -29.0791181079999 ], [ -71.479683788, -29.079120088 ], [ -71.479685673999896, -29.079122126 ], [ -71.479691179, -29.0791283729999 ], [ -71.47969642, -29.07913417 ], [ -71.479698941, -29.079137121 ], [ -71.4797000679999, -29.079138547 ], [ -71.479701574, -29.079140587 ], [ -71.479703017, -29.0791426659999 ], [ -71.479709949, -29.079153258 ], [ -71.479711398999896, -29.079155344 ], [ -71.479713021, -29.079157538999901 ], [ -71.479714707, -29.079159697 ], [ -71.479716472, -29.079161853999899 ], [ -71.479723373, -29.079170037 ], [ -71.479730179999905, -29.079178317999901 ], [ -71.479731957, -29.079180368 ], [ -71.479733799, -29.079182354 ], [ -71.479735738, -29.07918425 ], [ -71.4797374, -29.079185695 ], [ -71.479739149, -29.079187055 ], [ -71.4797409829999, -29.079188320999901 ], [ -71.479743222, -29.079189668 ], [ -71.479745564, -29.079190884 ], [ -71.479748163, -29.0791920459999 ], [ -71.479750840999898, -29.079193093 ], [ -71.47975323, -29.079193937 ], [ -71.479760482, -29.079196362999902 ], [ -71.47976467, -29.0791979279999 ], [ -71.479766716, -29.07919879 ], [ -71.479769297, -29.079200001999901 ], [ -71.479771792999898, -29.079201339 ], [ -71.479773518999906, -29.079202379 ], [ -71.479775194, -29.079203483999901 ], [ -71.479777306, -29.079205018 ], [ -71.479779344999898, -29.079206638 ], [ -71.479781417, -29.0792084129999 ], [ -71.479783445, -29.079210240999899 ], [ -71.479789489, -29.0792157929999 ], [ -71.479792927999895, -29.0792187119999 ], [ -71.479794712999905, -29.079220096 ], [ -71.479796914, -29.079221651999902 ], [ -71.479799205999896, -29.0792230869999 ], [ -71.479800946, -29.079224046 ], [ -71.479802736999901, -29.079224923 ], [ -71.479804579, -29.079225712 ], [ -71.479807063, -29.079226602999899 ], [ -71.479809616, -29.079227337 ], [ -71.479811739999903, -29.079227823999901 ], [ -71.479813890999907, -29.079228214999901 ], [ -71.479816474, -29.079228563 ], [ -71.479819061999905, -29.079228798 ], [ -71.479821638, -29.0792289299999 ], [ -71.47982418, -29.07922896 ], [ -71.479826664, -29.079228879 ], [ -71.47982906, -29.079228669 ], [ -71.479831331, -29.0792283 ], [ -71.479833559, -29.079227696 ], [ -71.479835522, -29.079226842 ], [ -71.479836935, -29.0792258819999 ], [ -71.479838027, -29.079224711999899 ], [ -71.479838475, -29.079223962999901 ], [ -71.479838916999896, -29.079222688999899 ], [ -71.47983908, -29.079221186 ], [ -71.479838984, -29.079219565 ], [ -71.479838721, -29.079217871 ], [ -71.479838059, -29.07921433 ], [ -71.479837854, -29.07921277 ], [ -71.479837757, -29.079211205 ], [ -71.479837797, -29.079209702999901 ], [ -71.479837985999893, -29.079208229 ], [ -71.479838404, -29.079206615 ], [ -71.479839039999902, -29.079205095 ], [ -71.479839897, -29.079203703 ], [ -71.479840961, -29.079202462 ], [ -71.479841990999901, -29.079201568 ], [ -71.47984314, -29.079200811 ], [ -71.4798445, -29.0792001579999 ], [ -71.479845955, -29.0791996899999 ], [ -71.479847376999899, -29.079199426999899 ], [ -71.479848838999899, -29.079199334999899 ], [ -71.479851018, -29.079199514 ], [ -71.479853325, -29.079200101 ], [ -71.479854563999893, -29.079200585 ], [ -71.479855772999898, -29.079201172999898 ], [ -71.479857781, -29.079202402 ], [ -71.479859684, -29.079203834999898 ], [ -71.47986101, -29.07920497 ], [ -71.479864229, -29.079207912 ], [ -71.479866221999899, -29.079209561 ], [ -71.479867525, -29.079210456999899 ], [ -71.479868903, -29.079211228 ], [ -71.479869902, -29.0792116709999 ], [ -71.479871499, -29.079212206 ], [ -71.479873168, -29.079212577 ], [ -71.479875488999895, -29.079212846 ], [ -71.479877879, -29.079212890999901 ], [ -71.479880308, -29.079212743 ], [ -71.479882754999906, -29.079212422 ], [ -71.479885197, -29.079211937 ], [ -71.479887555999895, -29.079211300999901 ], [ -71.479889871, -29.079210503999899 ], [ -71.479891758999898, -29.079209716 ], [ -71.479893606, -29.079208831 ], [ -71.479895412, -29.079207859 ], [ -71.479897638999901, -29.079206526 ], [ -71.47989982, -29.079205111 ], [ -71.47990626, -29.079200692 ], [ -71.479908428, -29.079199253999899 ], [ -71.479910635, -29.07919788 ], [ -71.479912946, -29.079196574 ], [ -71.479915325, -29.079195384999899 ], [ -71.479917872, -29.079194293999901 ], [ -71.479920487999905, -29.079193344 ], [ -71.479922778999907, -29.079192626999902 ], [ -71.479929103, -29.079190817 ], [ -71.479930775999904, -29.079190298 ], [ -71.479933391, -29.079189405 ], [ -71.479935967999893, -29.079188416 ], [ -71.47993845, -29.079187357 ], [ -71.479940889, -29.079186219 ], [ -71.479943289999895, -29.0791850099999 ], [ -71.479945648, -29.079183735 ], [ -71.479947959, -29.0791823929999 ], [ -71.479949970999897, -29.0791811409999 ], [ -71.479951942, -29.079179838 ], [ -71.479953877, -29.079178489 ], [ -71.479956128, -29.079176831 ], [ -71.479958342, -29.0791751259999 ], [ -71.479962698999898, -29.079171637999899 ], [ -71.479977413, -29.079159676 ], [ -71.479980914999899, -29.079156720999901 ], [ -71.479983858, -29.079154066999902 ], [ -71.479985528, -29.079152474 ], [ -71.479991858999895, -29.07914605 ], [ -71.479994979, -29.079143008 ], [ -71.479996548, -29.079141578 ], [ -71.479998592, -29.079139813 ], [ -71.480000687, -29.079138089 ], [ -71.48000497, -29.07913472 ], [ -71.480020205, -29.079123056999901 ], [ -71.480024342, -29.079120073 ], [ -71.480028279, -29.079117491 ], [ -71.480030208, -29.079116325 ], [ -71.480034588, -29.079113873 ], [ -71.480041939, -29.079110006 ], [ -71.480050672999894, -29.079105292999898 ], [ -71.480055354999905, -29.079102882 ], [ -71.480065295, -29.079097934999901 ], [ -71.480067715, -29.079096642 ], [ -71.480070075999905, -29.079095289 ], [ -71.480072354999905, -29.079093854 ], [ -71.480073782, -29.079092865 ], [ -71.480075165999907, -29.0790918349999 ], [ -71.480081202, -29.079086957999898 ], [ -71.480083198, -29.079085506 ], [ -71.480085285, -29.079084149 ], [ -71.480087435, -29.079082914 ], [ -71.480089662999902, -29.079081775 ], [ -71.480091956, -29.079080721 ], [ -71.480094371999897, -29.0790797179999 ], [ -71.48009683, -29.0790787719999 ], [ -71.48010678, -29.079075105 ], [ -71.480109199, -29.079074126 ], [ -71.480111586, -29.079073093 ], [ -71.480113936, -29.079071998 ], [ -71.480116255, -29.079070832 ], [ -71.480118532999896, -29.079069606 ], [ -71.480125341, -29.079065699999902 ], [ -71.480127631, -29.079064445 ], [ -71.480129559, -29.079063462 ], [ -71.480131522, -29.0790625449999 ], [ -71.480133525, -29.079061705999901 ], [ -71.480135111, -29.079061117 ], [ -71.480136721999898, -29.079060585 ], [ -71.480138852, -29.079059975 ], [ -71.480141015, -29.079059447 ], [ -71.480143935999905, -29.0790588529999 ], [ -71.480152824, -29.07905735 ], [ -71.480155334, -29.079056883 ], [ -71.480157827, -29.079056361 ], [ -71.480160296, -29.079055769 ], [ -71.480162925999906, -29.079055038 ], [ -71.480165515, -29.079054212 ], [ -71.480168056, -29.079053294999898 ], [ -71.480170540999893, -29.079052281 ], [ -71.480172679, -29.079051299 ], [ -71.480174755, -29.079050231999901 ], [ -71.480176754999903, -29.079049074999901 ], [ -71.480177964999896, -29.0790483 ], [ -71.480179138, -29.079047486 ], [ -71.480180433, -29.079046510999898 ], [ -71.480181681, -29.079045494 ], [ -71.480186376999896, -29.079041285999899 ], [ -71.480187945999901, -29.079039948999899 ], [ -71.480189216, -29.079038969 ], [ -71.480190530999906, -29.079038071 ], [ -71.480192536999894, -29.079036952 ], [ -71.480194651, -29.079036093 ], [ -71.480196566, -29.079035592 ], [ -71.480198536, -29.0790353259999 ], [ -71.480200964999895, -29.0790353199999 ], [ -71.480203409999902, -29.07903563 ], [ -71.480205449, -29.079036115 ], [ -71.480206968999894, -29.079036593999898 ], [ -71.480208475, -29.07903715 ], [ -71.480216089, -29.079040403 ], [ -71.480218495, -29.079041242999899 ], [ -71.480220855, -29.079041867999901 ], [ -71.480223271999904, -29.079042306 ], [ -71.480225269999906, -29.07904252 ], [ -71.480227286999906, -29.079042609999899 ], [ -71.4802293179999, -29.079042586 ], [ -71.480231471, -29.07904244 ], [ -71.480233627, -29.079042184999899 ], [ -71.480236116999905, -29.079041775999901 ], [ -71.480238605999901, -29.079041272 ], [ -71.480241096, -29.079040705999901 ], [ -71.48025461, -29.0790373469999 ], [ -71.480260329, -29.079036021 ], [ -71.480266082, -29.079034851 ], [ -71.480268974999902, -29.079034358999898 ], [ -71.480271628, -29.079033981 ], [ -71.480276957999905, -29.079033398 ], [ -71.480282283, -29.079032997 ], [ -71.480291356999899, -29.079032479 ], [ -71.480294032, -29.079032223 ], [ -71.480296638, -29.079031829 ], [ -71.480298779999899, -29.07903134 ], [ -71.480300837, -29.0790306869999 ], [ -71.480302252999905, -29.079030108 ], [ -71.480303611, -29.0790294399999 ], [ -71.480305728, -29.079028165 ], [ -71.480310937999903, -29.079024384 ], [ -71.480312236, -29.079023551 ], [ -71.480313588999906, -29.079022806999902 ], [ -71.480315936999901, -29.079021847 ], [ -71.480317935999906, -29.079021333999901 ], [ -71.480319592999905, -29.079021094 ], [ -71.480321289999907, -29.079020994 ], [ -71.480323714, -29.0790210649999 ], [ -71.480326175999906, -29.079021334999901 ], [ -71.480328663, -29.079021764999901 ], [ -71.480331492999895, -29.079022397 ], [ -71.480340068, -29.079024666999899 ], [ -71.480342962, -29.07902538 ], [ -71.480345880999906, -29.079025989999899 ], [ -71.480348324, -29.079026389 ], [ -71.480350782, -29.079026699999901 ], [ -71.480357919, -29.079027389 ], [ -71.4803601, -29.079027649 ], [ -71.480362272, -29.079027967999899 ], [ -71.480365008, -29.079028464 ], [ -71.480367725, -29.079029047999899 ], [ -71.480376836999895, -29.079031217 ], [ -71.480379157, -29.0790316769999 ], [ -71.480381493, -29.079032067999901 ], [ -71.480383843, -29.079032383 ], [ -71.480386561, -29.079032647 ], [ -71.480389290999895, -29.079032819 ], [ -71.480392025, -29.07903291 ], [ -71.480394758, -29.079032933 ], [ -71.480397485, -29.079032887 ], [ -71.480400196999895, -29.07903277 ], [ -71.480402888999905, -29.0790325739999 ], [ -71.480405549999901, -29.079032283999901 ], [ -71.48040771, -29.079031961999899 ], [ -71.480409836, -29.079031557 ], [ -71.480411647, -29.079031137999898 ], [ -71.480413423999906, -29.079030665999898 ], [ -71.480418291, -29.079029256 ], [ -71.480420717999905, -29.079028692999898 ], [ -71.480423404, -29.079028345 ], [ -71.480425845999903, -29.079028303 ], [ -71.480428322, -29.07902845 ], [ -71.480437096999907, -29.079029417 ], [ -71.480448222999897, -29.079030361 ], [ -71.480450914, -29.079030647 ], [ -71.480453602999901, -29.079030991 ], [ -71.480456588, -29.079031448 ], [ -71.480462533, -29.079032535 ], [ -71.480468447, -29.079033786 ], [ -71.480474323, -29.079035173 ], [ -71.480482121, -29.079037177 ], [ -71.480487331999896, -29.079038431 ], [ -71.480490244999899, -29.079039034999902 ], [ -71.480493174999907, -29.079039560999899 ], [ -71.480496122, -29.07904 ], [ -71.4804989739999, -29.079040334 ], [ -71.480501838999899, -29.079040602 ], [ -71.480513244, -29.079041467 ], [ -71.480538832, -29.079043659 ], [ -71.480544331, -29.079044263 ], [ -71.480554895, -29.079045584 ], [ -71.480563415999896, -29.079046463999902 ], [ -71.4805691, -29.0790469149999 ], [ -71.480571939999905, -29.079047078 ], [ -71.480574775, -29.0790471789999 ], [ -71.480577604, -29.079047198 ], [ -71.480580292, -29.079047117999899 ], [ -71.480582967, -29.079046933 ], [ -71.480585622, -29.079046629999901 ], [ -71.480587906, -29.079046262 ], [ -71.480590167999907, -29.0790458019999 ], [ -71.480592411, -29.079045252999901 ], [ -71.480594897999893, -29.079044537999899 ], [ -71.480597359999905, -29.079043735 ], [ -71.480599799999894, -29.07904286 ], [ -71.480605244999893, -29.079040694 ], [ -71.480616068, -29.079036136 ], [ -71.480618799999903, -29.079035055 ], [ -71.480621559, -29.079034039 ], [ -71.480624147, -29.079033178 ], [ -71.480626764, -29.079032399 ], [ -71.480629410999896, -29.0790317149999 ], [ -71.480631746, -29.079031202 ], [ -71.480634102, -29.079030765 ], [ -71.480636472999905, -29.079030401 ], [ -71.480639169, -29.079030073999899 ], [ -71.480641875999893, -29.07902983 ], [ -71.480644589999898, -29.079029664 ], [ -71.480647303999902, -29.0790295749999 ], [ -71.480650015, -29.079029573 ], [ -71.480652716, -29.079029675 ], [ -71.480654672, -29.079029826 ], [ -71.480656617, -29.079030051 ], [ -71.480658638, -29.079030369 ], [ -71.480660639999897, -29.079030771 ], [ -71.480663224999901, -29.0790314189999 ], [ -71.480665771, -29.07903219 ], [ -71.480668068999904, -29.079032992999899 ], [ -71.480670329, -29.079033879 ], [ -71.480672547, -29.079034844 ], [ -71.480674715, -29.079035889 ], [ -71.480676821, -29.079037021 ], [ -71.4806789, -29.079038279 ], [ -71.480680892999899, -29.079039636999902 ], [ -71.480682254, -29.079040661 ], [ -71.480683564999893, -29.079041732 ], [ -71.480685379, -29.079043358 ], [ -71.480687103, -29.079045044999901 ], [ -71.480690686999907, -29.079048821999901 ], [ -71.480692456, -29.079050621 ], [ -71.480694270999905, -29.079052265 ], [ -71.480695431, -29.079053165999898 ], [ -71.480696634, -29.0790539549999 ], [ -71.480697902, -29.079054621 ], [ -71.480699219, -29.079055135 ], [ -71.480700999, -29.07905554 ], [ -71.48070315, -29.079055613 ], [ -71.480705445, -29.0790552509999 ], [ -71.480707395, -29.079054662 ], [ -71.480709352, -29.079053902999899 ], [ -71.480713339, -29.0790522 ], [ -71.480715201999899, -29.079051477 ], [ -71.480717108, -29.079050846 ], [ -71.480719131999905, -29.07905033 ], [ -71.480721186, -29.079049985 ], [ -71.4807234149999, -29.07904983 ], [ -71.480725634, -29.079049907999899 ], [ -71.480727564999896, -29.0790501769999 ], [ -71.480729448, -29.079050623999901 ], [ -71.48073125, -29.079051229 ], [ -71.480732977999907, -29.079051966 ], [ -71.480734783999907, -29.0790528909999 ], [ -71.480738441, -29.079055024 ], [ -71.480740335, -29.079056049 ], [ -71.480742238999895, -29.079056825 ], [ -71.480743845999896, -29.079057183 ], [ -71.480745505, -29.079057229999901 ], [ -71.480746729, -29.079057062999901 ], [ -71.480748204, -29.079056669 ], [ -71.480753232, -29.079054758 ], [ -71.480754522, -29.079054353999901 ], [ -71.480756135, -29.079053971999901 ], [ -71.48075779, -29.079053734 ], [ -71.480759787, -29.079053673 ], [ -71.480761781999902, -29.0790538709999 ], [ -71.480763896, -29.079054388 ], [ -71.4807653, -29.079054915 ], [ -71.480766656999904, -29.079055566 ], [ -71.480768484, -29.0790566659999 ], [ -71.480770235, -29.079057916 ], [ -71.48077423, -29.079060951 ], [ -71.480775519, -29.079061791999901 ], [ -71.480776874, -29.079062561999901 ], [ -71.480779028, -29.079063555999898 ], [ -71.480781307, -29.079064377 ], [ -71.480783684999906, -29.079065043 ], [ -71.480786139, -29.079065559999901 ], [ -71.480789025, -29.079065969999899 ], [ -71.480791962999902, -29.079066191 ], [ -71.480794756, -29.079066226999899 ], [ -71.480797567, -29.079066124999901 ], [ -71.480800382, -29.079065903999901 ], [ -71.480803196, -29.079065578 ], [ -71.480805995, -29.079065146999898 ], [ -71.48080877, -29.0790646039999 ], [ -71.480811506, -29.079063936999901 ], [ -71.480814198, -29.079063138 ], [ -71.480816944, -29.079062165 ], [ -71.480819646, -29.07906108 ], [ -71.480822313, -29.07905992 ], [ -71.480832781999894, -29.079055025999899 ], [ -71.480835011999901, -29.079054018 ], [ -71.480837247999901, -29.079053078 ], [ -71.480839500999906, -29.0790522409999 ], [ -71.480841783999907, -29.0790515529999 ], [ -71.480843402999895, -29.079051184 ], [ -71.480845041999899, -29.079050918999901 ], [ -71.480846874999898, -29.079050752999901 ], [ -71.480848716, -29.079050718 ], [ -71.480850409, -29.079050797 ], [ -71.480852099999893, -29.079050971 ], [ -71.480854791, -29.079051407 ], [ -71.480860148, -29.079052520999898 ], [ -71.48086283, -29.0790530089999 ], [ -71.480865375, -29.0790533119999 ], [ -71.480867848999907, -29.079053406 ], [ -71.480870295, -29.0790532669999 ], [ -71.480872424, -29.079052926 ], [ -71.480874496999903, -29.079052377 ], [ -71.480876747, -29.079051509 ], [ -71.480878229, -29.079050773999899 ], [ -71.480879666, -29.079049939999901 ], [ -71.480881546, -29.079048679 ], [ -71.480883368, -29.0790473009999 ], [ -71.480885152, -29.079045837 ], [ -71.480886912999907, -29.079044316 ], [ -71.480895249999904, -29.079036743 ], [ -71.480897340999903, -29.079034868 ], [ -71.480899464999894, -29.079033040999899 ], [ -71.480901645, -29.079031296 ], [ -71.480903704999903, -29.079029802 ], [ -71.480905841, -29.079028433 ], [ -71.480907674, -29.079027413999899 ], [ -71.480909567, -29.079026519 ], [ -71.480911469, -29.079025778 ], [ -71.48091342, -29.079025176 ], [ -71.480915627999906, -29.079024683999901 ], [ -71.480917877, -29.079024375 ], [ -71.480920040999905, -29.079024256 ], [ -71.480922219, -29.079024300999901 ], [ -71.480925113, -29.079024599 ], [ -71.480928000999896, -29.079025123999902 ], [ -71.48093087, -29.0790258339999 ], [ -71.480933589, -29.07902666 ], [ -71.480936292, -29.079027583 ], [ -71.480945914, -29.07903112 ], [ -71.480950871999895, -29.079032841999901 ], [ -71.480959431, -29.0790355779999 ], [ -71.4809701, -29.079038763 ], [ -71.480974997, -29.079040279 ], [ -71.480977415, -29.079041093999901 ], [ -71.480980015999904, -29.079042046 ], [ -71.480982575, -29.079043078 ], [ -71.480984963, -29.079044140999901 ], [ -71.480987318, -29.079045263 ], [ -71.480994309, -29.079048766 ], [ -71.48099902, -29.079051019 ], [ -71.481003254, -29.079052820999902 ], [ -71.481013882999903, -29.079056933999901 ], [ -71.4810164579999, -29.079058027 ], [ -71.481018993, -29.07905919 ], [ -71.481021337999906, -29.0790603529999 ], [ -71.481023651, -29.079061566999901 ], [ -71.481035018999904, -29.079067774999899 ], [ -71.481039487, -29.079070035 ], [ -71.481044358, -29.079072289 ], [ -71.481055177, -29.079076810999901 ], [ -71.481057838, -29.079078025999902 ], [ -71.481059836, -29.0790790359999 ], [ -71.481061775999905, -29.079080124 ], [ -71.481063234, -29.079081027 ], [ -71.48106465, -29.079081983 ], [ -71.481066569999896, -29.0790834169999 ], [ -71.481068411, -29.079084936999902 ], [ -71.481070328, -29.079086667 ], [ -71.48107219, -29.079088458999902 ], [ -71.481079521, -29.079095787 ], [ -71.481081376, -29.079097517 ], [ -71.48108328, -29.079099207 ], [ -71.481085231999899, -29.0791008529999 ], [ -71.481087234, -29.079102452 ], [ -71.481089047, -29.079103818 ], [ -71.481090901999906, -29.0791051419999 ], [ -71.481092798, -29.079106420999899 ], [ -71.481095067999902, -29.079107856999901 ], [ -71.48109973, -29.079110587999899 ], [ -71.481104503, -29.079113187 ], [ -71.481109349999898, -29.079115691 ], [ -71.4811166329999, -29.079119224 ], [ -71.481131277, -29.079125996 ], [ -71.481133720999907, -29.079127175999901 ], [ -71.481136122999899, -29.079128404999899 ], [ -71.481138465, -29.079129711 ], [ -71.481140646, -29.079131066999899 ], [ -71.481142743, -29.079132523999899 ], [ -71.48114494, -29.079134236 ], [ -71.481147055999898, -29.079136042 ], [ -71.481151140999899, -29.079139827999899 ], [ -71.48115512, -29.079143718999902 ], [ -71.481157076, -29.079145692999901 ], [ -71.481160541, -29.079149327 ], [ -71.481167963, -29.079157488 ], [ -71.481169485, -29.0791590759999 ], [ -71.481171, -29.079160518 ], [ -71.481172527, -29.079161749 ], [ -71.4811740869999, -29.07916269 ], [ -71.481175147, -29.079163106 ], [ -71.48117623, -29.079163324 ], [ -71.481177083, -29.079163338999901 ], [ -71.481178136, -29.079163179 ], [ -71.481179767999905, -29.079162601 ], [ -71.481181412, -29.079161722 ], [ -71.481183090999906, -29.079160639999898 ], [ -71.481186765, -29.079158119999899 ], [ -71.481188807, -29.079156826 ], [ -71.481190235, -29.079156011999899 ], [ -71.481191714, -29.079155256 ], [ -71.481193414, -29.079154500999898 ], [ -71.481195172, -29.079153845999901 ], [ -71.481197258999899, -29.0791532269999 ], [ -71.481199398999905, -29.0791527559999 ], [ -71.481201803, -29.079152408 ], [ -71.481204232, -29.079152216 ], [ -71.481206347, -29.079152157 ], [ -71.481208452, -29.079152168 ], [ -71.48121372, -29.079152278 ], [ -71.481216246, -29.0791522069999 ], [ -71.481218664, -29.079151921999902 ], [ -71.481220755, -29.0791513799999 ], [ -71.481221701, -29.079151007 ], [ -71.481222994999897, -29.079150335 ], [ -71.481224912, -29.079148975 ], [ -71.481226697, -29.0791473949999 ], [ -71.481229919, -29.079144369999899 ], [ -71.481231464, -29.0791431009999 ], [ -71.481233446, -29.079141783 ], [ -71.481235324, -29.079140876999901 ], [ -71.481237043, -29.079140325 ], [ -71.481238816, -29.079140008 ], [ -71.481240513, -29.079139937 ], [ -71.481242208, -29.079140084 ], [ -71.481243788, -29.079140422 ], [ -71.481245324, -29.079140939 ], [ -71.481247271, -29.0791418919999 ], [ -71.481249069999905, -29.079143111999901 ], [ -71.481250197, -29.0791440839999 ], [ -71.481251229999899, -29.079145158 ], [ -71.481252398, -29.079146647999899 ], [ -71.4812534, -29.079148261999901 ], [ -71.481254094999898, -29.0791496689999 ], [ -71.481254674, -29.079151135 ], [ -71.481255185, -29.079152853 ], [ -71.48125555, -29.079154617 ], [ -71.481255798999896, -29.079156723 ], [ -71.481255884999896, -29.079158858 ], [ -71.48125584, -29.079161188999901 ], [ -71.481255639, -29.079165861 ], [ -71.48125566, -29.07916878 ], [ -71.481255789, -29.079170695999899 ], [ -71.481255995, -29.079172577999898 ], [ -71.481256612, -29.0791772749999 ], [ -71.4812567, -29.079179476 ], [ -71.481256594999905, -29.079180720999901 ], [ -71.481256344, -29.079181903999899 ], [ -71.481255830999899, -29.079183207 ], [ -71.481255221, -29.079184179 ], [ -71.481254362999906, -29.079185114 ], [ -71.481253330999905, -29.079185894 ], [ -71.481252179, -29.079186486 ], [ -71.481250907999893, -29.079186911 ], [ -71.48124898, -29.079187221 ], [ -71.481246939999906, -29.079187218 ], [ -71.481245559999905, -29.07918705 ], [ -71.481244175, -29.079186756 ], [ -71.481241818999905, -29.079185971 ], [ -71.481239557, -29.079184885 ], [ -71.481238272, -29.0791841079999 ], [ -71.481237045999904, -29.079183256 ], [ -71.481235249999898, -29.079181811 ], [ -71.4812312, -29.079178107 ], [ -71.481229717, -29.079176955 ], [ -71.481228426, -29.079176248 ], [ -71.481227100999902, -29.079175902 ], [ -71.481225959, -29.0791759439999 ], [ -71.481224786, -29.079176253 ], [ -71.481223122999907, -29.079177015 ], [ -71.481221381999902, -29.079178048 ], [ -71.481217618, -29.079180474999902 ], [ -71.481215794, -29.079181589 ], [ -71.481213881, -29.079182667999898 ], [ -71.481211883999904, -29.079183675 ], [ -71.481210037, -29.079184487 ], [ -71.48120813, -29.079185203999899 ], [ -71.481206168, -29.079185813 ], [ -71.481203438, -29.079186440999901 ], [ -71.481200642, -29.079186841 ], [ -71.481198472, -29.079186991 ], [ -71.481196291999893, -29.079187019 ], [ -71.481194109999905, -29.0791869409999 ], [ -71.481191603, -29.079186741999901 ], [ -71.48118441, -29.079185875999901 ], [ -71.481182165, -29.079185701 ], [ -71.481180029, -29.079185706 ], [ -71.481178778, -29.079185836 ], [ -71.481177594, -29.079186083 ], [ -71.481176617, -29.079186412999899 ], [ -71.481174849999903, -29.07918741 ], [ -71.481173729, -29.079188454 ], [ -71.481172832, -29.079189696999901 ], [ -71.481172135, -29.0791911909999 ], [ -71.481171683, -29.079192828 ], [ -71.48117146, -29.079194616999899 ], [ -71.481171456, -29.079196483 ], [ -71.481171672, -29.079198522999899 ], [ -71.481172092, -29.079200589 ], [ -71.481172702, -29.0792026559999 ], [ -71.481173431999906, -29.0792045439999 ], [ -71.481174312999897, -29.0792064 ], [ -71.481175342, -29.079208208999901 ], [ -71.481176451, -29.079209861 ], [ -71.481177684, -29.079211453 ], [ -71.481179019, -29.0792129619999 ], [ -71.481180450999901, -29.079214411 ], [ -71.481181831999905, -29.079215685999898 ], [ -71.481183266999906, -29.079216921999901 ], [ -71.481189286999907, -29.079221751 ], [ -71.481191247, -29.079223398 ], [ -71.481193342, -29.0792253229999 ], [ -71.481195313999905, -29.0792273399999 ], [ -71.481197035, -29.079229304 ], [ -71.481198666999902, -29.07923133 ], [ -71.481201779999907, -29.079235496 ], [ -71.481207829, -29.07924399 ], [ -71.481212281999902, -29.079250430999899 ], [ -71.48121515, -29.079254773999899 ], [ -71.481216519, -29.079256969 ], [ -71.481217773, -29.079259103 ], [ -71.481218952999896, -29.07926126 ], [ -71.481219935, -29.079263216999902 ], [ -71.481220836, -29.079265194 ], [ -71.481221639999902, -29.079267187 ], [ -71.481222328999905, -29.079269197 ], [ -71.481222836, -29.079271053 ], [ -71.481223212, -29.079272918999902 ], [ -71.481223433, -29.079274722 ], [ -71.481223504, -29.079276524 ], [ -71.481223442, -29.079277974 ], [ -71.481223272, -29.079279412999899 ], [ -71.481222862, -29.0792813639999 ], [ -71.481222256, -29.07928328 ], [ -71.4812214949999, -29.079285077 ], [ -71.481220573, -29.079286827 ], [ -71.48121924, -29.079288909999899 ], [ -71.481217713, -29.079290912 ], [ -71.4812163349999, -29.079292490999901 ], [ -71.481214858, -29.079294015999899 ], [ -71.481213364, -29.079295423 ], [ -71.481211803, -29.079296785999901 ], [ -71.481209917999905, -29.079298332999901 ], [ -71.48120413, -29.079302864999899 ], [ -71.48120225, -29.079304405999899 ], [ -71.481200446999907, -29.079305996 ], [ -71.481198624999905, -29.079307786999902 ], [ -71.481196943, -29.079309662999901 ], [ -71.481195626, -29.079311340999901 ], [ -71.481194433, -29.07931308 ], [ -71.481193374, -29.07931488 ], [ -71.481192512999897, -29.079316618999901 ], [ -71.48119178, -29.079318403999899 ], [ -71.481191285, -29.079319860999899 ], [ -71.481190866, -29.079321341 ], [ -71.481190404, -29.079323362 ], [ -71.481190032, -29.079325405 ], [ -71.481189061, -29.079331823 ], [ -71.481188656, -29.079333948999899 ], [ -71.48118812, -29.079336122 ], [ -71.4811874439999, -29.079338261 ], [ -71.481186943, -29.0793395809999 ], [ -71.481186381, -29.079340881999901 ], [ -71.481185672, -29.079342346 ], [ -71.4811849, -29.079343786 ], [ -71.481180897999906, -29.079350567999899 ], [ -71.481180157, -29.0793519979999 ], [ -71.481179504, -29.079353445 ], [ -71.481178786, -29.079355468 ], [ -71.481178435999894, -29.079356859 ], [ -71.481178203, -29.079358256 ], [ -71.481178084, -29.079360278 ], [ -71.481178223, -29.079362280999899 ], [ -71.481178673, -29.079364408999901 ], [ -71.481179440999895, -29.0793664569999 ], [ -71.481180422, -29.079368212 ], [ -71.481181286, -29.079369396999901 ], [ -71.481182278999896, -29.079370516 ], [ -71.48118389, -29.079371987999899 ], [ -71.481185699, -29.079373325999899 ], [ -71.481187545999902, -29.079374475 ], [ -71.48119346, -29.079377676 ], [ -71.481195203, -29.079378671 ], [ -71.481196892, -29.079379721999899 ], [ -71.481198503, -29.0793808409999 ], [ -71.48120045, -29.079382420999899 ], [ -71.481202185, -29.079384134 ], [ -71.481203178, -29.079385322999901 ], [ -71.4812040529999, -29.079386563999901 ], [ -71.4812046979999, -29.079387665 ], [ -71.481205243, -29.079388797 ], [ -71.481205702999901, -29.079390024 ], [ -71.481206043, -29.079391277 ], [ -71.481206293999904, -29.079392847999902 ], [ -71.481206363, -29.079394433999902 ], [ -71.481206185, -29.079396494 ], [ -71.481205717, -29.0793985339999 ], [ -71.481204855, -29.079400786999901 ], [ -71.481203665999899, -29.0794029579999 ], [ -71.481202536, -29.079404565999901 ], [ -71.48120124, -29.079406103999901 ], [ -71.481199911, -29.079407455 ], [ -71.481198473999896, -29.079408746999899 ], [ -71.481196949, -29.079409982999898 ], [ -71.481194812999902, -29.0794115489999 ], [ -71.481188128, -29.079416033 ], [ -71.481185960999895, -29.079417565 ], [ -71.481183906, -29.079419169999898 ], [ -71.48118262, -29.0794203039999 ], [ -71.481181423, -29.079421495 ], [ -71.481179862, -29.079423348 ], [ -71.48117848, -29.079425451 ], [ -71.481177706, -29.079426944 ], [ -71.48117705, -29.079428486 ], [ -71.481176316, -29.079430729 ], [ -71.481175784, -29.079433031 ], [ -71.481175443, -29.079435370999899 ], [ -71.481175293, -29.079437734 ], [ -71.481175327, -29.079439740999899 ], [ -71.481175511999894, -29.079441745999901 ], [ -71.481175957999895, -29.079444232999901 ], [ -71.481176625, -29.079446690999902 ], [ -71.4811768819999, -29.079447409 ], [ -71.481177430999907, -29.079448941 ], [ -71.481178397999898, -29.079451149 ], [ -71.481179515999898, -29.079453306999898 ], [ -71.481180896999902, -29.079455584 ], [ -71.481182443, -29.079457778999899 ], [ -71.481184078, -29.079459798999899 ], [ -71.481185398, -29.079461265 ], [ -71.481186768, -29.079462684 ], [ -71.481190611, -29.079466442999902 ], [ -71.481192397, -29.079468291 ], [ -71.481193958999896, -29.079470161 ], [ -71.481195177, -29.079472086 ], [ -71.481195911, -29.079474084 ], [ -71.481196086, -29.079475762 ], [ -71.481195838, -29.079477599 ], [ -71.481195409999899, -29.0794789 ], [ -71.481194804, -29.079480186999898 ], [ -71.481193519, -29.079482212 ], [ -71.481191944, -29.079484201 ], [ -71.481190163999898, -29.079486166 ], [ -71.481188244, -29.079488114999901 ], [ -71.481186233999907, -29.079490054 ], [ -71.481177902, -29.079497863 ], [ -71.481169737, -29.079505934999901 ], [ -71.481165599, -29.079509895999902 ], [ -71.481162573999896, -29.079512602 ], [ -71.481156934999902, -29.079517414999899 ], [ -71.481154945, -29.079519167999901 ], [ -71.481153047, -29.079520955 ], [ -71.48115129, -29.0795228019999 ], [ -71.481150097999901, -29.079524243 ], [ -71.481149036, -29.079525735999901 ], [ -71.481148129, -29.079527288 ], [ -71.481147205999903, -29.079529423999901 ], [ -71.481146789, -29.079530829 ], [ -71.481146496, -29.079532264 ], [ -71.481146264999893, -29.079534399999901 ], [ -71.481146205, -29.079536576 ], [ -71.481146329999902, -29.07954324 ], [ -71.481146292999895, -29.079544932 ], [ -71.481146184999901, -29.079546625 ], [ -71.48114595, -29.079548627 ], [ -71.481145596, -29.079550617999899 ], [ -71.481144999, -29.079553050999898 ], [ -71.481144252, -29.079555464 ], [ -71.4811433899999, -29.079557857999902 ], [ -71.481142431, -29.079560233999899 ], [ -71.481141392, -29.07956259 ], [ -71.481140279, -29.0795649259999 ], [ -71.481139092, -29.0795672359999 ], [ -71.481135031, -29.079574444999899 ], [ -71.481132972, -29.079578281 ], [ -71.481131919999896, -29.079580397 ], [ -71.481127872999906, -29.079588907999899 ], [ -71.481126703, -29.079591169 ], [ -71.481125463, -29.079593389 ], [ -71.481124138, -29.079595551999901 ], [ -71.481122700999904, -29.07959764 ], [ -71.48112135, -29.079599365 ], [ -71.481119887, -29.079601002999901 ], [ -71.481118303999907, -29.0796025389999 ], [ -71.48111642, -29.079604084 ], [ -71.48111439, -29.079605482 ], [ -71.481112281, -29.079606699 ], [ -71.481110069, -29.079607793 ], [ -71.481107778, -29.079608784 ], [ -71.481105376999906, -29.079609708 ], [ -71.481100515, -29.079611457999899 ], [ -71.481098117, -29.079612376999901 ], [ -71.481095852, -29.079613353 ], [ -71.481093675999901, -29.079614440999901 ], [ -71.481091857, -29.079615514999901 ], [ -71.481090143999893, -29.0796167 ], [ -71.481088648, -29.07961791 ], [ -71.481087255, -29.079619208999901 ], [ -71.481085968999906, -29.079620593 ], [ -71.481084788, -29.07962206 ], [ -71.481083718, -29.079623596 ], [ -71.481082761, -29.079625195999899 ], [ -71.481081747, -29.07962723 ], [ -71.481080894999906, -29.0796293349999 ], [ -71.481080198, -29.079631497 ], [ -71.481079700999899, -29.079633477 ], [ -71.4810793, -29.079635483999901 ], [ -71.4810786849999, -29.0796395469999 ], [ -71.481078054, -29.079644447 ], [ -71.481077673, -29.079646875 ], [ -71.481077179, -29.079649269999901 ], [ -71.481076700999907, -29.079651033999902 ], [ -71.481076121999905, -29.079652764999899 ], [ -71.481075432999901, -29.079654457999901 ], [ -71.481074669999899, -29.079656024 ], [ -71.481073804999895, -29.079657547 ], [ -71.481072872, -29.079658988999899 ], [ -71.481071863, -29.079660393 ], [ -71.481070302, -29.079662363 ], [ -71.48106705, -29.0796662139999 ], [ -71.481065492, -29.079668158999901 ], [ -71.481064069999903, -29.079670161 ], [ -71.481063037, -29.079671899999902 ], [ -71.481062172999899, -29.079673703 ], [ -71.481061601, -29.0796752269999 ], [ -71.481061145999902, -29.079676788 ], [ -71.4810606409999, -29.079679258999899 ], [ -71.481060305, -29.079681783 ], [ -71.481059718, -29.079688446 ], [ -71.481059231, -29.079692846999901 ], [ -71.481058863, -29.079695181 ], [ -71.481058441, -29.079697269 ], [ -71.481057925, -29.079699342 ], [ -71.481057243, -29.0797015979999 ], [ -71.481056451, -29.079703832 ], [ -71.481055561999895, -29.079706042999899 ], [ -71.481054481999905, -29.079708452 ], [ -71.481053328, -29.079710839 ], [ -71.481049748, -29.079717968999901 ], [ -71.481048621, -29.07972036 ], [ -71.481047589, -29.079722772 ], [ -71.481046765, -29.0797249949999 ], [ -71.481046067, -29.079727238 ], [ -71.481045514999906, -29.079729497 ], [ -71.481045155999894, -29.0797315679999 ], [ -71.481044939999904, -29.079733641 ], [ -71.481044875999899, -29.079735706 ], [ -71.481044981, -29.079737867999899 ], [ -71.481045266, -29.079739999 ], [ -71.481045778, -29.079742251 ], [ -71.481046495, -29.079744424 ], [ -71.481047116999903, -29.07974588 ], [ -71.481047835, -29.079747278 ], [ -71.481049062, -29.079749216 ], [ -71.481050088, -29.079750557999901 ], [ -71.481052599999899, -29.079753400999898 ], [ -71.481053673, -29.079754785 ], [ -71.481054454999907, -29.079756272999902 ], [ -71.4810547229999, -29.07975719 ], [ -71.48105485, -29.079758755999901 ], [ -71.481054694, -29.079760166 ], [ -71.481054367, -29.0797616259999 ], [ -71.481052913, -29.079766796999898 ], [ -71.481052382, -29.079768993 ], [ -71.481051903, -29.079771256 ], [ -71.481051049, -29.0797759169999 ], [ -71.481047219999894, -29.079798992999901 ], [ -71.481046689, -29.079801619 ], [ -71.481046164, -29.079803845 ], [ -71.481044268999895, -29.079811021999902 ], [ -71.481043746, -29.079813406 ], [ -71.481043412, -29.079815453 ], [ -71.481043203999903, -29.079817498999901 ], [ -71.481043142, -29.079819538 ], [ -71.481043229, -29.079821384 ], [ -71.481043451999895, -29.079823209 ], [ -71.481043814, -29.079825007999901 ], [ -71.481044408999907, -29.079827050999899 ], [ -71.481045178, -29.079829031 ], [ -71.481046099, -29.079830941999901 ], [ -71.481048331999901, -29.0798348759999 ], [ -71.481049427999906, -29.079836913 ], [ -71.481050231, -29.079838924999901 ], [ -71.481050540999902, -29.079840553999901 ], [ -71.481050463, -29.079842186 ], [ -71.481050137, -29.079843353999902 ], [ -71.481049183, -29.079845127999899 ], [ -71.481047829, -29.079846788999902 ], [ -71.481046194, -29.079848414 ], [ -71.481044808, -29.079849679999899 ], [ -71.481037413, -29.079856255 ], [ -71.481031426999905, -29.079861504999901 ], [ -71.481027562999898, -29.079865035999902 ], [ -71.481025775, -29.079866806 ], [ -71.481024052999899, -29.079868624 ], [ -71.481022422, -29.079870469 ], [ -71.481020856, -29.0798723579999 ], [ -71.481019152, -29.079874534999899 ], [ -71.481015881, -29.079878976 ], [ -71.48101106, -29.079885691 ], [ -71.481003154999897, -29.079896418 ], [ -71.481000088, -29.0799008659999 ], [ -71.480994099, -29.07990984 ], [ -71.480988351999898, -29.07991829 ], [ -71.480987011, -29.079920387 ], [ -71.480985752, -29.079922514 ], [ -71.480984581, -29.079924726999899 ], [ -71.480983541999905, -29.079926987 ], [ -71.480982600999894, -29.079929408999899 ], [ -71.480981788999898, -29.079931872 ], [ -71.480981078, -29.0799343649999 ], [ -71.480980449999905, -29.079936879999899 ], [ -71.480979898, -29.079939411999899 ], [ -71.480979421, -29.079941956 ], [ -71.480979026999904, -29.07994451 ], [ -71.480978732, -29.079947072 ], [ -71.48097852, -29.079950664 ], [ -71.4809785099999, -29.079952461999898 ], [ -71.480978581, -29.0799544999999 ], [ -71.480978729, -29.079956536999902 ], [ -71.480978942, -29.079958571 ], [ -71.480979213999902, -29.079960601 ], [ -71.480980574999904, -29.079968527999899 ], [ -71.480980977999906, -29.079971165 ], [ -71.480981267999894, -29.079973800999898 ], [ -71.480981380999907, -29.079975940999901 ], [ -71.480981368, -29.079978077 ], [ -71.480981256999897, -29.079979777999899 ], [ -71.480981056, -29.079981471999901 ], [ -71.480980738, -29.079983298999899 ], [ -71.480980326, -29.0799851149999 ], [ -71.480979828, -29.079986919 ], [ -71.480979185, -29.079988902 ], [ -71.480978464, -29.07999087 ], [ -71.480976798, -29.079994875 ], [ -71.480973846, -29.080001339 ], [ -71.480972815, -29.080003733999899 ], [ -71.480971929, -29.080006126999901 ], [ -71.480971272, -29.080008525 ], [ -71.480970981, -29.080010401 ], [ -71.480970920999894, -29.080012274999898 ], [ -71.480971072, -29.0800138779999 ], [ -71.480971408, -29.080015463999899 ], [ -71.480972185, -29.08001769 ], [ -71.480973247999898, -29.080019858 ], [ -71.4809743389999, -29.080021673 ], [ -71.480977917, -29.080026911999902 ], [ -71.480978971999903, -29.080028657 ], [ -71.480979624, -29.080029963999898 ], [ -71.480980141, -29.08003129 ], [ -71.480980455, -29.0800324379999 ], [ -71.480980637, -29.080033591 ], [ -71.480980669, -29.080034985999902 ], [ -71.480980498, -29.080036365 ], [ -71.48098018, -29.080037559999901 ], [ -71.480979717, -29.080038719 ], [ -71.480979089, -29.080039879 ], [ -71.480978321, -29.080040981 ], [ -71.480977386999896, -29.080042055 ], [ -71.480976325, -29.080043049 ], [ -71.480975090999905, -29.08004399 ], [ -71.480973744, -29.080044820999898 ], [ -71.48097145, -29.0800458699999 ], [ -71.480968963, -29.080046595999899 ], [ -71.480966717999905, -29.080046937 ], [ -71.480964400999895, -29.080047022 ], [ -71.480962447, -29.080046904 ], [ -71.480960479, -29.080046636 ], [ -71.480958508999905, -29.080046238 ], [ -71.480956046999907, -29.0800455749999 ], [ -71.48095361, -29.080044767999901 ], [ -71.480951213, -29.0800438489999 ], [ -71.480948868, -29.080042843999902 ], [ -71.480946597, -29.080041771 ], [ -71.480944915, -29.080040913999898 ], [ -71.480941103, -29.080038854999898 ], [ -71.480939039, -29.080037789999899 ], [ -71.480937109, -29.080036966 ], [ -71.480935293999906, -29.080036503 ], [ -71.480934051, -29.080036486 ], [ -71.48093312, -29.080036748999898 ], [ -71.480932294, -29.080037404999899 ], [ -71.480931896, -29.080038252 ], [ -71.480931822999906, -29.080038848 ], [ -71.480932088, -29.080040362 ], [ -71.480932498999906, -29.080041337999901 ], [ -71.480933065, -29.080042352 ], [ -71.480934222, -29.0800440269999 ], [ -71.480937013, -29.080047562999901 ], [ -71.480938411999901, -29.080049431 ], [ -71.480939613, -29.08005128 ], [ -71.480940614, -29.080053181 ], [ -71.480941156, -29.080054522999902 ], [ -71.480941549, -29.080055866999899 ], [ -71.480941825999906, -29.080057951999901 ], [ -71.480941759, -29.080059251 ], [ -71.4809414919999, -29.080060489999902 ], [ -71.480940652999905, -29.080062262 ], [ -71.480939474, -29.080063606 ], [ -71.480938459999905, -29.080064354999902 ], [ -71.480937302, -29.08006495 ], [ -71.480936208999907, -29.08006533 ], [ -71.480935043, -29.080065588 ], [ -71.480933456999907, -29.080065741999899 ], [ -71.480931802, -29.080065706 ], [ -71.480930313, -29.080065525 ], [ -71.480928806, -29.080065213999902 ], [ -71.480926827, -29.080064632 ], [ -71.480924856999906, -29.080063878 ], [ -71.48092332, -29.080063179 ], [ -71.480921801, -29.080062407 ], [ -71.480919598999904, -29.080061176999902 ], [ -71.480915255999903, -29.080058643 ], [ -71.48091307, -29.080057484 ], [ -71.480911063999898, -29.080056581999902 ], [ -71.480909024, -29.0800558789999 ], [ -71.480907220999896, -29.080055469999898 ], [ -71.480905407, -29.0800552759999 ], [ -71.480903886, -29.080055291999901 ], [ -71.480902382, -29.080055468999898 ], [ -71.480900918, -29.0800558 ], [ -71.48089949, -29.080056270999901 ], [ -71.480897297, -29.08005729 ], [ -71.480895233999902, -29.080058587999901 ], [ -71.480894017, -29.080059532 ], [ -71.480892866, -29.080060563 ], [ -71.480891734, -29.08006173 ], [ -71.480890679, -29.080062977 ], [ -71.480889544, -29.08006452 ], [ -71.480888499999907, -29.080066136 ], [ -71.480887536, -29.080067807 ], [ -71.480883987, -29.080074737 ], [ -71.480883187, -29.0800761479999 ], [ -71.480882328999897, -29.08007752 ], [ -71.480881268, -29.080079012999899 ], [ -71.4808801, -29.080080429 ], [ -71.480879071999894, -29.0800815059999 ], [ -71.480877968, -29.080082518 ], [ -71.480876308999896, -29.080083814 ], [ -71.480874526, -29.0800849889999 ], [ -71.480872679, -29.080086031 ], [ -71.480870754, -29.080086982 ], [ -71.480868772999898, -29.0800878599999 ], [ -71.480861908, -29.080090597 ], [ -71.480859692, -29.080091572999901 ], [ -71.480857576999895, -29.080092662 ], [ -71.480856151999902, -29.080093538 ], [ -71.480854813999898, -29.080094501 ], [ -71.480853045999893, -29.080096058 ], [ -71.480851398, -29.080097886 ], [ -71.480849855, -29.080099984999901 ], [ -71.480848463, -29.080102199999899 ], [ -71.480847172, -29.080104492 ], [ -71.480844826, -29.080109024 ], [ -71.48084377, -29.080111232 ], [ -71.480842813, -29.080113448 ], [ -71.480842007, -29.080115674 ], [ -71.480841413, -29.080117913 ], [ -71.480841168, -29.080119435 ], [ -71.480841063, -29.080120957 ], [ -71.480841171, -29.080123124 ], [ -71.480841491, -29.080124988 ], [ -71.480841967999893, -29.080126805 ], [ -71.480843106999899, -29.080130364999899 ], [ -71.480843617999895, -29.080132116999899 ], [ -71.480843976999907, -29.080133764 ], [ -71.4808441549999, -29.080135391999899 ], [ -71.480844015999907, -29.080137518999901 ], [ -71.4808435099999, -29.080139244 ], [ -71.480842851, -29.08014055 ], [ -71.480841638, -29.080142216 ], [ -71.480840397999899, -29.080143529999901 ], [ -71.480839021999898, -29.0801448029999 ], [ -71.480835075, -29.0801482759999 ], [ -71.480833961, -29.0801493509999 ], [ -71.480832891, -29.080150471 ], [ -71.480831871, -29.080151649999902 ], [ -71.480830916999906, -29.080152879 ], [ -71.480829975999896, -29.08015425 ], [ -71.480829124, -29.080155671999901 ], [ -71.480828324, -29.080157217 ], [ -71.480827614, -29.0801588049999 ], [ -71.480826888, -29.0801606919999 ], [ -71.480826248, -29.080162614 ], [ -71.480824298999906, -29.080169559999899 ], [ -71.480823600999898, -29.080171865999901 ], [ -71.480822815, -29.080174109 ], [ -71.480821907999896, -29.08017631 ], [ -71.480820862, -29.080178454 ], [ -71.480820001, -29.080179965 ], [ -71.480819052999905, -29.080181437 ], [ -71.480818106, -29.080182755 ], [ -71.480817095, -29.080184039999899 ], [ -71.480815579, -29.080185797999899 ], [ -71.4808091149999, -29.080192602999901 ], [ -71.4808075669999, -29.080194343 ], [ -71.480806232, -29.0801959849999 ], [ -71.480804991, -29.080197676999902 ], [ -71.480803858999906, -29.080199422 ], [ -71.480802959999906, -29.0802010109999 ], [ -71.480802151, -29.0802026389999 ], [ -71.480801421, -29.080204298999899 ], [ -71.480800622999894, -29.080206352999902 ], [ -71.480798417, -29.080212588999899 ], [ -71.480797603, -29.080214641999898 ], [ -71.480796778999903, -29.080216451 ], [ -71.480795860999905, -29.080218224 ], [ -71.480794838, -29.080219953 ], [ -71.480793976, -29.080221249 ], [ -71.48079305, -29.0802225149999 ], [ -71.48079176, -29.08022411 ], [ -71.480790385, -29.080225657 ], [ -71.480788519, -29.080227586 ], [ -71.480786569, -29.080229469 ], [ -71.480778520999905, -29.080236855 ], [ -71.480776584999902, -29.08023874 ], [ -71.480774748, -29.080240671 ], [ -71.480773055, -29.080242671 ], [ -71.480772132, -29.080243913999901 ], [ -71.48077129, -29.0802451919999 ], [ -71.480770209999903, -29.080247149999899 ], [ -71.480769333999902, -29.080249179 ], [ -71.480768790999903, -29.080250835 ], [ -71.480768377999894, -29.080252523999899 ], [ -71.480768038999898, -29.080254625999899 ], [ -71.480767868, -29.080256751 ], [ -71.480767842, -29.080258780999898 ], [ -71.48076793, -29.080260811999899 ], [ -71.480768113, -29.0802628349999 ], [ -71.480768381, -29.08026484 ], [ -71.480768753999897, -29.080266934999901 ], [ -71.480769231999901, -29.08026898 ], [ -71.480769841, -29.080270959 ], [ -71.480770613999894, -29.0802728479999 ], [ -71.480771706, -29.080274797999898 ], [ -71.480772481, -29.080275867999902 ], [ -71.480773342, -29.08027686 ], [ -71.480775078, -29.080278501 ], [ -71.480777981, -29.080280903 ], [ -71.480779309999903, -29.0802821139999 ], [ -71.480780471999907, -29.080283392 ], [ -71.480781153999899, -29.080284347 ], [ -71.480781696, -29.080285343999901 ], [ -71.480782263, -29.080287172999899 ], [ -71.480782357, -29.080288391 ], [ -71.480782241, -29.080289622999899 ], [ -71.480781669, -29.080291541999902 ], [ -71.480780755, -29.080293334 ], [ -71.480779589, -29.080295099999901 ], [ -71.480776953, -29.080298620999901 ], [ -71.480775702999907, -29.080300458 ], [ -71.480774617999899, -29.080302461 ], [ -71.480773826, -29.080304565999899 ], [ -71.480773368, -29.080306613999898 ], [ -71.480773154, -29.080308725999899 ], [ -71.480773160999902, -29.080311128999899 ], [ -71.480773365999895, -29.080313576 ], [ -71.480773711, -29.080316055 ], [ -71.480774149, -29.080318557999899 ], [ -71.480775624, -29.0803260829999 ], [ -71.480776074999895, -29.080328586999901 ], [ -71.480776459, -29.080331085 ], [ -71.4807767409999, -29.080333563 ], [ -71.480776871, -29.080336013 ], [ -71.480776792, -29.080338415 ], [ -71.480776627, -29.080339755 ], [ -71.480776364, -29.0803410669999 ], [ -71.480775685, -29.080343178 ], [ -71.48077513, -29.080344386 ], [ -71.480774464, -29.0803455399999 ], [ -71.480773216, -29.080347213 ], [ -71.480771943, -29.08034852 ], [ -71.480770513, -29.080349693999899 ], [ -71.48076895, -29.080350724 ], [ -71.480766697, -29.080351847 ], [ -71.480764281999896, -29.080352669 ], [ -71.480762232, -29.080353096 ], [ -71.480760128, -29.080353295999899 ], [ -71.480758067, -29.0803532689999 ], [ -71.480756, -29.08035303 ], [ -71.480753958, -29.080352592999901 ], [ -71.480751937, -29.080351981 ], [ -71.480749945, -29.080351218 ], [ -71.480747772, -29.0803502209999 ], [ -71.480745634, -29.080349107 ], [ -71.480743519, -29.080347912 ], [ -71.480736890999907, -29.08034398 ], [ -71.480734446, -29.080342593999902 ], [ -71.480731972999905, -29.080341293999901 ], [ -71.480729459, -29.0803401219999 ], [ -71.480726886999904, -29.08033913 ], [ -71.480725128, -29.080338599 ], [ -71.480723189999907, -29.0803381549999 ], [ -71.4807212219999, -29.080337847 ], [ -71.480719248, -29.080337673 ], [ -71.480717259999906, -29.080337621 ], [ -71.480715263, -29.0803376809999 ], [ -71.480712995, -29.080337875999899 ], [ -71.480710728, -29.080338187999899 ], [ -71.480708469, -29.080338599999902 ], [ -71.480705842, -29.080339188 ], [ -71.480696077999895, -29.080341776999902 ], [ -71.480689056, -29.080343523 ], [ -71.480686552999899, -29.080344183 ], [ -71.480684114, -29.080344916999898 ], [ -71.480681763999897, -29.08034577 ], [ -71.480679823999907, -29.080346644 ], [ -71.480677995, -29.08034766 ], [ -71.480676630999895, -29.080348584 ], [ -71.480675374, -29.080349591 ], [ -71.480674194999906, -29.080350676 ], [ -71.480672743999904, -29.080352201 ], [ -71.480668656, -29.080357023 ], [ -71.480667293, -29.080358522 ], [ -71.480665852, -29.080359938 ], [ -71.480663976, -29.080361498999899 ], [ -71.480661940999894, -29.080362847999901 ], [ -71.480660571, -29.08036357 ], [ -71.480659139, -29.080364180999901 ], [ -71.480657698999906, -29.080364661 ], [ -71.480656215, -29.0803650359999 ], [ -71.48065394, -29.080365408 ], [ -71.480651217999906, -29.080365614 ], [ -71.480646141, -29.080365691999901 ], [ -71.480643608, -29.080365781 ], [ -71.480641815999903, -29.0803659379999 ], [ -71.480640052999902, -29.080366200999901 ], [ -71.480637653, -29.08036678 ], [ -71.480635371999895, -29.080367619 ], [ -71.480633581999896, -29.080368526 ], [ -71.4806319099999, -29.080369609999899 ], [ -71.480630192, -29.080371012999901 ], [ -71.480629037, -29.080372146999899 ], [ -71.480627956, -29.080373359 ], [ -71.480626604999898, -29.080375084 ], [ -71.480625336999907, -29.080376897 ], [ -71.480624120999906, -29.0803787689999 ], [ -71.480618927, -29.080387139 ], [ -71.480616007, -29.080391641999899 ], [ -71.480612978, -29.080396091999901 ], [ -71.480609799, -29.08040045 ], [ -71.480608102, -29.080402617999901 ], [ -71.480606349, -29.080404749 ], [ -71.480604542, -29.080406841999899 ], [ -71.480597719999906, -29.080414262 ], [ -71.480594762, -29.080417648 ], [ -71.480593342, -29.080419377999899 ], [ -71.480590207, -29.080423504 ], [ -71.480584184999898, -29.080431916 ], [ -71.480582641, -29.080433996999901 ], [ -71.480580308999905, -29.080436979 ], [ -71.480577400999906, -29.08044043 ], [ -71.480573879, -29.080444321 ], [ -71.480570238, -29.080448133999901 ], [ -71.480566494, -29.080451873 ], [ -71.480562622, -29.080455512999901 ], [ -71.480560716999904, -29.080457201999899 ], [ -71.480556793999895, -29.080460488 ], [ -71.480552831999901, -29.080463603999899 ], [ -71.480546821, -29.080468238 ], [ -71.480542892999907, -29.080471412999898 ], [ -71.480540691, -29.0804733149999 ], [ -71.480538533, -29.0804752569999 ], [ -71.4805322079999, -29.080481171 ], [ -71.480528337, -29.080484899999899 ], [ -71.480526526999896, -29.080486778 ], [ -71.480524874, -29.080488685 ], [ -71.480523451, -29.080490636 ], [ -71.480522402, -29.080492517 ], [ -71.480521691, -29.080494439999899 ], [ -71.480521461, -29.080495581 ], [ -71.480521377999906, -29.080496723 ], [ -71.480521499, -29.080498205 ], [ -71.480521871, -29.080499658999901 ], [ -71.480522422, -29.080500949999902 ], [ -71.480523158, -29.080502194 ], [ -71.480524021999898, -29.08050334 ], [ -71.480525020999906, -29.080504431 ], [ -71.480526563, -29.0805058189999 ], [ -71.480528271, -29.080507107 ], [ -71.480530375999905, -29.080508478999899 ], [ -71.480533523, -29.080510392999901 ], [ -71.480535054, -29.080511391999899 ], [ -71.480536743, -29.0805126549999 ], [ -71.480538274, -29.080514048999898 ], [ -71.480539571, -29.080515546 ], [ -71.480540937999905, -29.0805175909999 ], [ -71.480541796, -29.0805191809999 ], [ -71.480542575999905, -29.080520829 ], [ -71.480545346, -29.080527063 ], [ -71.480548482, -29.080533538999902 ], [ -71.480549601999897, -29.0805360049999 ], [ -71.480550576, -29.080538496 ], [ -71.480551221, -29.0805406019999 ], [ -71.480551675999905, -29.080542724999901 ], [ -71.480551878, -29.080544432 ], [ -71.480551923999897, -29.080546132999899 ], [ -71.480551824, -29.080547655 ], [ -71.480551587, -29.080549156 ], [ -71.480551176999896, -29.080550741 ], [ -71.480550612999906, -29.0805522819999 ], [ -71.480549908999905, -29.080553751 ], [ -71.480549063999902, -29.0805551569999 ], [ -71.480547889, -29.080556731999899 ], [ -71.480546542, -29.080558185 ], [ -71.480545128, -29.080559422 ], [ -71.480543584, -29.080560518 ], [ -71.480542140999901, -29.0805613439999 ], [ -71.480540617, -29.0805620369999 ], [ -71.480539122, -29.080562554 ], [ -71.480537572999907, -29.080562938999901 ], [ -71.480535876, -29.080563196999901 ], [ -71.480534142, -29.080563305999899 ], [ -71.480532189, -29.080563261999899 ], [ -71.480530221, -29.080563066 ], [ -71.480528246999896, -29.080562740999898 ], [ -71.480525919999906, -29.08056221 ], [ -71.480523609, -29.080561545 ], [ -71.480521326, -29.080560761999902 ], [ -71.480519081999901, -29.080559869999899 ], [ -71.480516892, -29.080558872 ], [ -71.48051437, -29.080557535 ], [ -71.480511967, -29.080556037999902 ], [ -71.480509863999899, -29.080554503 ], [ -71.480507888, -29.0805528389999 ], [ -71.480506648999906, -29.080551668999899 ], [ -71.480505461999897, -29.080550452999901 ], [ -71.480503858, -29.080548667999899 ], [ -71.480499244, -29.080543169 ], [ -71.480497648, -29.080541389 ], [ -71.480495775999898, -29.080539508 ], [ -71.480493781999897, -29.08053775 ], [ -71.480492267, -29.080536575999901 ], [ -71.480490684999907, -29.080535483999899 ], [ -71.480488546999894, -29.080534193999899 ], [ -71.480486320999901, -29.080533041 ], [ -71.480484018, -29.080532032999901 ], [ -71.480481644999898, -29.080531183999899 ], [ -71.480478956, -29.080530463999899 ], [ -71.480477417, -29.0805301689999 ], [ -71.480475858, -29.080529956 ], [ -71.480473774, -29.080529793 ], [ -71.48047167, -29.080529753 ], [ -71.480469079, -29.080529845999902 ], [ -71.480466474, -29.080530055999901 ], [ -71.480461239, -29.080530691 ], [ -71.480453033999893, -29.080531903999901 ], [ -71.4804501, -29.080532382999898 ], [ -71.480447225, -29.080532929999901 ], [ -71.480444443, -29.080533594 ], [ -71.480441793999901, -29.080534433 ], [ -71.480440512, -29.080534951999901 ], [ -71.480439288, -29.08053554 ], [ -71.480437498, -29.0805366079999 ], [ -71.480435891999903, -29.080537853 ], [ -71.480434617999904, -29.080539132 ], [ -71.480433526, -29.080540540999898 ], [ -71.48043244, -29.080542443 ], [ -71.480431838, -29.080543851 ], [ -71.480431336, -29.080545306 ], [ -71.4804294099999, -29.080552451 ], [ -71.480428751, -29.080554271 ], [ -71.480427936999902, -29.0805559779999 ], [ -71.480426726, -29.080557798 ], [ -71.480425278, -29.080559282 ], [ -71.48042366, -29.080560385999899 ], [ -71.480421786, -29.080561155999899 ], [ -71.480420201, -29.0805614729999 ], [ -71.480418557999897, -29.080561535 ], [ -71.480417277999905, -29.080561409 ], [ -71.480415997, -29.080561143999901 ], [ -71.480413999999897, -29.080560471 ], [ -71.480412034, -29.08055956 ], [ -71.480406796, -29.080556599 ], [ -71.480404969999896, -29.0805556779999 ], [ -71.480403674999906, -29.080555128 ], [ -71.480402338, -29.080554659 ], [ -71.480400558, -29.080554188 ], [ -71.480398723, -29.080553865 ], [ -71.480395950999906, -29.080553644 ], [ -71.480393115, -29.080553672999901 ], [ -71.480390754, -29.080553844999901 ], [ -71.480388373, -29.080554119999899 ], [ -71.480385977, -29.080554471 ], [ -71.48038116, -29.080555326 ], [ -71.480375389999907, -29.080556524 ], [ -71.480372524, -29.080557212 ], [ -71.480369933, -29.080557912 ], [ -71.48036737, -29.080558684 ], [ -71.480364843, -29.080559531999899 ], [ -71.4803625119999, -29.0805603979999 ], [ -71.480360218, -29.080561325 ], [ -71.480352824, -29.0805645249999 ], [ -71.480350336999905, -29.080565481999901 ], [ -71.480347701, -29.08056633 ], [ -71.480345013, -29.080567001 ], [ -71.480343295, -29.080567323 ], [ -71.480341562, -29.0805675679999 ], [ -71.4803390229999, -29.080567792999901 ], [ -71.480336103, -29.080567904 ], [ -71.480330239, -29.080567969999901 ], [ -71.480326396, -29.0805681329999 ], [ -71.480323019, -29.0805684229999 ], [ -71.480317584, -29.0805689819999 ], [ -71.480314909, -29.080569141 ], [ -71.480313027, -29.080569142999899 ], [ -71.480311166, -29.0805690249999 ], [ -71.480309371, -29.080568775 ], [ -71.480307614, -29.080568388 ], [ -71.480305561, -29.080567742 ], [ -71.48030378, -29.080567023999901 ], [ -71.480298864, -29.080564673 ], [ -71.480297479999905, -29.080564054 ], [ -71.480296063, -29.0805634889999 ], [ -71.480294736, -29.080563034 ], [ -71.480293377999899, -29.080562643999901 ], [ -71.480290891, -29.0805621129999 ], [ -71.480289165, -29.0805618639999 ], [ -71.480287410999907, -29.0805616919999 ], [ -71.480284766, -29.080561544 ], [ -71.48025867, -29.08056112 ], [ -71.480253063, -29.080560964 ], [ -71.480244609, -29.08056062 ], [ -71.480241792, -29.080560545 ], [ -71.480236654999899, -29.080560547999902 ], [ -71.480231521999897, -29.080560729999899 ], [ -71.480225462, -29.0805611719999 ], [ -71.480222441, -29.080561459 ], [ -71.480216867, -29.080562071 ], [ -71.480214319, -29.080562404 ], [ -71.480211789, -29.080562802 ], [ -71.480208972, -29.080563347999899 ], [ -71.480206191, -29.080563992 ], [ -71.480199703, -29.080565732 ], [ -71.480197556999897, -29.080566260999898 ], [ -71.480195707999897, -29.080566648999898 ], [ -71.480193858999897, -29.080566952 ], [ -71.480191912999899, -29.080567158 ], [ -71.480189972999895, -29.080567232 ], [ -71.480188123999895, -29.080567167 ], [ -71.480186295, -29.080566960999899 ], [ -71.480184389, -29.080566588 ], [ -71.480182527, -29.0805660629999 ], [ -71.480180718, -29.080565393 ], [ -71.480178846999905, -29.080564517 ], [ -71.480177052, -29.080563497999901 ], [ -71.480175334, -29.08056235 ], [ -71.480173597, -29.080561007 ], [ -71.480171935, -29.080559564999898 ], [ -71.480170335, -29.080558056 ], [ -71.480166654999906, -29.08055437 ], [ -71.480164774999906, -29.080552594 ], [ -71.48016279, -29.0805509479999 ], [ -71.480161536, -29.080550063 ], [ -71.480160223, -29.080549256 ], [ -71.480157933, -29.080548113 ], [ -71.480155791, -29.080547295 ], [ -71.480153558, -29.080546635 ], [ -71.480151110999898, -29.080546083999899 ], [ -71.480148603, -29.080545652 ], [ -71.48014605, -29.080545302 ], [ -71.480143466, -29.080545008999898 ], [ -71.480133358, -29.080544026 ], [ -71.480128470999901, -29.080543507 ], [ -71.480099596999906, -29.080540039 ], [ -71.480096969, -29.080539772999899 ], [ -71.480094338999905, -29.080539567 ], [ -71.480091675, -29.080539444 ], [ -71.480089012, -29.080539423999902 ], [ -71.480087119, -29.080539477999899 ], [ -71.48008523, -29.080539587 ], [ -71.480082815999907, -29.080539798 ], [ -71.480077997, -29.080540394 ], [ -71.480072843, -29.080541189 ], [ -71.480070099, -29.080541654999902 ], [ -71.480064633, -29.080542684 ], [ -71.480061921, -29.0805432609999 ], [ -71.480059228999906, -29.080543894999899 ], [ -71.480056726, -29.0805445579999 ], [ -71.480054254, -29.080545293999901 ], [ -71.480051816999904, -29.080546109999901 ], [ -71.480049687, -29.080546914 ], [ -71.480047596, -29.080547795 ], [ -71.480045073, -29.080548979 ], [ -71.480042598, -29.080550253 ], [ -71.480037740999904, -29.080552982 ], [ -71.480035344, -29.080554409999898 ], [ -71.480030596999896, -29.080557346 ], [ -71.48002365, -29.0805618599999 ], [ -71.480021426, -29.080563383 ], [ -71.480019254, -29.080564943999899 ], [ -71.480017151, -29.080566554 ], [ -71.480015178, -29.080568183 ], [ -71.480010382, -29.080572413 ], [ -71.480008923, -29.080573602 ], [ -71.480007631, -29.080574535 ], [ -71.480006298, -29.080575353 ], [ -71.480005026, -29.080575982 ], [ -71.480003718, -29.080576471 ], [ -71.480002014, -29.080576868 ], [ -71.479999983, -29.080576994999898 ], [ -71.479998447999904, -29.080576843 ], [ -71.479996951, -29.080576486 ], [ -71.479995085, -29.0805757259999 ], [ -71.479993368999899, -29.080574668999901 ], [ -71.479991736, -29.080573231 ], [ -71.479990362, -29.080571536 ], [ -71.479989205, -29.080569441 ], [ -71.479988525, -29.0805674809999 ], [ -71.479988132999907, -29.080565369999899 ], [ -71.479988029, -29.080563904 ], [ -71.479988036, -29.0805624129999 ], [ -71.479988218, -29.080560152 ], [ -71.479988541, -29.080557874 ], [ -71.479989325, -29.080553327 ], [ -71.479989654999898, -29.080551085 ], [ -71.479989851, -29.080548886 ], [ -71.479989834, -29.0805467449999 ], [ -71.47998968, -29.080545467 ], [ -71.479989398, -29.080544228 ], [ -71.479988676999895, -29.0805424079999 ], [ -71.479988025999901, -29.080541302 ], [ -71.479987245, -29.08054025 ], [ -71.479985916, -29.0805388009999 ], [ -71.479984413999901, -29.080537418999899 ], [ -71.479979208, -29.080533163 ], [ -71.479975677, -29.080530118 ], [ -71.479972475999901, -29.080527134 ], [ -71.479969142999906, -29.080523932999899 ], [ -71.479967441, -29.080522367 ], [ -71.479965675999907, -29.080520862999901 ], [ -71.479963922, -29.0805195199999 ], [ -71.479962084, -29.080518275 ], [ -71.479960355999907, -29.080517248 ], [ -71.479958568, -29.080516307 ], [ -71.479955915999895, -29.0805150959999 ], [ -71.479953193, -29.08051404 ], [ -71.479950429, -29.080513138999901 ], [ -71.479947647, -29.08051241 ], [ -71.479944878, -29.080511894 ], [ -71.479942147, -29.080511649 ], [ -71.479939714, -29.08051173 ], [ -71.479937639, -29.080512084 ], [ -71.479935774, -29.080512679 ], [ -71.479933700999894, -29.080513740999901 ], [ -71.479932560999899, -29.080514562 ], [ -71.479931533999903, -29.080515498 ], [ -71.479930572999905, -29.080516609 ], [ -71.479929755999905, -29.080517825999902 ], [ -71.479928902, -29.0805196049999 ], [ -71.479928366, -29.080521349 ], [ -71.479927986, -29.080523716999899 ], [ -71.479927879999906, -29.080526185999901 ], [ -71.479927983, -29.080528721999901 ], [ -71.479928260999898, -29.080531375 ], [ -71.479928656, -29.080534056 ], [ -71.479930544, -29.080544831999902 ], [ -71.479930897, -29.0805475 ], [ -71.479931111, -29.08055014 ], [ -71.479931120999893, -29.08055274 ], [ -71.479930975999906, -29.080554463999899 ], [ -71.479930695, -29.080556154 ], [ -71.479930267, -29.080557800999902 ], [ -71.479929827, -29.080559039 ], [ -71.479929289, -29.08056024 ], [ -71.4799281909999, -29.080562119 ], [ -71.47992677, -29.080563949 ], [ -71.479925102, -29.080565635 ], [ -71.479923223, -29.080567170999899 ], [ -71.479921167, -29.080568574 ], [ -71.479918988999898, -29.08056985 ], [ -71.479916708, -29.080571036 ], [ -71.479914349999902, -29.080572151999899 ], [ -71.479911936999898, -29.080573215999902 ], [ -71.479907006, -29.08057523 ], [ -71.479904502999901, -29.080576191 ], [ -71.479899422999907, -29.080578041 ], [ -71.479891677, -29.080580642 ], [ -71.479886473, -29.080582243 ], [ -71.479881223999897, -29.080583686 ], [ -71.479876727, -29.080584728 ], [ -71.479874463, -29.080585183 ], [ -71.479864635999903, -29.080586941 ], [ -71.479862225, -29.080587465999901 ], [ -71.479859415, -29.080588213999899 ], [ -71.479856683, -29.080589123 ], [ -71.479854497, -29.080590008999899 ], [ -71.479852379, -29.080591012 ], [ -71.479850347, -29.080592104999901 ], [ -71.479848371999907, -29.08059328 ], [ -71.479846451999904, -29.080594522 ], [ -71.479844111, -29.0805961619999 ], [ -71.479841876, -29.080597895 ], [ -71.479839785, -29.080599736999901 ], [ -71.479838641, -29.080600881999899 ], [ -71.479837572, -29.080602078 ], [ -71.479836561999903, -29.080603360999898 ], [ -71.479835643999905, -29.080604697 ], [ -71.479834431, -29.080606793999898 ], [ -71.479833482999894, -29.080608758 ], [ -71.479832625, -29.080610771999901 ], [ -71.479830025999902, -29.080617338 ], [ -71.479825192, -29.080628402999899 ], [ -71.479823589, -29.080632599999898 ], [ -71.479822879, -29.080634721 ], [ -71.479822193, -29.080637022 ], [ -71.479821575999907, -29.080639334 ], [ -71.479819807999903, -29.080646358 ], [ -71.479819101, -29.080648649999901 ], [ -71.479818396, -29.080650547999898 ], [ -71.479817576, -29.080652404 ], [ -71.479816294, -29.080654785 ], [ -71.479815419, -29.080656173 ], [ -71.479814476999906, -29.0806575299999 ], [ -71.479813159999907, -29.080659268 ], [ -71.479809013, -29.080664406 ], [ -71.479807526999906, -29.080666385 ], [ -71.479806132, -29.080668417 ], [ -71.479805088, -29.080670090999899 ], [ -71.479804111, -29.080671799 ], [ -71.479803193999899, -29.080673534 ], [ -71.47980202, -29.080675964 ], [ -71.479797688, -29.080685833 ], [ -71.479796538, -29.0806882649999 ], [ -71.479795461, -29.080690346 ], [ -71.479794302, -29.080692385 ], [ -71.479793226, -29.0806941029999 ], [ -71.479788948, -29.08070041 ], [ -71.479787691999903, -29.080702534 ], [ -71.479786588, -29.080704726 ], [ -71.479785738, -29.080706743999901 ], [ -71.479784996, -29.080708805 ], [ -71.479783719, -29.080713015999901 ], [ -71.479781824, -29.080720313 ], [ -71.479780631, -29.080725517 ], [ -71.479779874, -29.0807294059999 ], [ -71.47977917, -29.080733936999899 ], [ -71.479778857, -29.08073652 ], [ -71.479778612, -29.080739106 ], [ -71.479778444, -29.080741691 ], [ -71.479778369, -29.080744274 ], [ -71.479778414, -29.080746854 ], [ -71.479778552, -29.080748921999898 ], [ -71.479778779, -29.080750985999899 ], [ -71.479779084, -29.080753043 ], [ -71.479779531, -29.080755455 ], [ -71.479781077, -29.080762650999901 ], [ -71.479781531, -29.0807650469999 ], [ -71.479781883, -29.080767446 ], [ -71.479782083, -29.080769715 ], [ -71.479782136, -29.080771985 ], [ -71.479782074, -29.0807735819999 ], [ -71.479781932, -29.0807751739999 ], [ -71.479781677999895, -29.080776944 ], [ -71.479781332999906, -29.080778704999901 ], [ -71.479780903999895, -29.0807804569999 ], [ -71.479780228, -29.080782744 ], [ -71.479779462, -29.08078502 ], [ -71.479777124, -29.08079157 ], [ -71.479775664, -29.080796086 ], [ -71.479773431, -29.080803631 ], [ -71.479770821, -29.080812054 ], [ -71.479770195999905, -29.0808143309999 ], [ -71.479769849, -29.080815811 ], [ -71.47976956, -29.080817297 ], [ -71.479769207999894, -29.08081986 ], [ -71.479769028, -29.080822436999899 ], [ -71.479768997, -29.0808248509999 ], [ -71.479769185, -29.080832105 ], [ -71.479769166, -29.0808345189999 ], [ -71.479769034, -29.080836772999898 ], [ -71.479768772999904, -29.080839017 ], [ -71.479768328, -29.080841447999902 ], [ -71.479767736, -29.080843859 ], [ -71.479767054, -29.080846161999901 ], [ -71.479765008, -29.0808525909999 ], [ -71.479764493999895, -29.080854436 ], [ -71.479764013, -29.080856423999901 ], [ -71.479763609, -29.080858425 ], [ -71.479763256, -29.080860698 ], [ -71.4797630099999, -29.080862983 ], [ -71.479762879, -29.080865047 ], [ -71.479762826, -29.080867117 ], [ -71.479762859999894, -29.08086972 ], [ -71.479762986, -29.080872325 ], [ -71.479763191, -29.080874928 ], [ -71.479763469, -29.080877527 ], [ -71.479763819, -29.0808801159999 ], [ -71.479764254, -29.0808826919999 ], [ -71.479764787, -29.080885248 ], [ -71.479765444, -29.080887775 ], [ -71.479766082, -29.080889794 ], [ -71.479766807, -29.080891786999899 ], [ -71.479767607, -29.080893753999899 ], [ -71.479770813999906, -29.080900855 ], [ -71.479771739999904, -29.080903206999899 ], [ -71.479772456, -29.0809055739999 ], [ -71.479772732, -29.080906931999898 ], [ -71.479772899, -29.080908297 ], [ -71.479772945, -29.080909587 ], [ -71.479772887, -29.080910877999901 ], [ -71.479772687, -29.080912414999901 ], [ -71.47977236, -29.0809139479999 ], [ -71.479771711, -29.080916153 ], [ -71.47977091, -29.080918353 ], [ -71.479769033, -29.080922863999898 ], [ -71.479767997, -29.080925170999901 ], [ -71.4797669, -29.080927464999899 ], [ -71.479765721, -29.08092973 ], [ -71.479764734999904, -29.080931459999899 ], [ -71.479763681, -29.080933156999901 ], [ -71.479762553999905, -29.0809348179999 ], [ -71.479760902, -29.080936998 ], [ -71.479759131, -29.080939111 ], [ -71.4797572639999, -29.080941165 ], [ -71.479755392999905, -29.0809431019999 ], [ -71.479749699, -29.08094884 ], [ -71.479747888, -29.0809508 ], [ -71.479746302, -29.080952666 ], [ -71.479744812, -29.080954585 ], [ -71.479743427999907, -29.080956557 ], [ -71.479742072, -29.080958742 ], [ -71.479740836, -29.080960979999901 ], [ -71.479736927, -29.080968942 ], [ -71.479735799, -29.080970954 ], [ -71.479734898999894, -29.080972399 ], [ -71.479733938, -29.080973817 ], [ -71.47973271, -29.080975490999901 ], [ -71.479728808999894, -29.080980426999901 ], [ -71.479726241, -29.080983785999901 ], [ -71.479724664999907, -29.080985982999898 ], [ -71.479723141, -29.080988211 ], [ -71.479720242, -29.080992751999901 ], [ -71.479718878, -29.080995061 ], [ -71.479717585999893, -29.080997398 ], [ -71.47971639, -29.080999769999899 ], [ -71.479715537999894, -29.081001652999898 ], [ -71.479714765, -29.081003559 ], [ -71.479714078, -29.081005488 ], [ -71.479713353, -29.081007917 ], [ -71.479712773, -29.081010374 ], [ -71.479712337, -29.0810128369999 ], [ -71.479712036, -29.081015314999899 ], [ -71.479711868, -29.0810178 ], [ -71.4797118339999, -29.081019657999899 ], [ -71.479711881, -29.0810215119999 ], [ -71.479712008, -29.0810233619999 ], [ -71.479712231, -29.081025263 ], [ -71.479712547, -29.08102715 ], [ -71.479712962, -29.081029019 ], [ -71.479713475, -29.081030832 ], [ -71.479714091999895, -29.081032616999899 ], [ -71.47971482, -29.081034366 ], [ -71.479715912, -29.081036529 ], [ -71.479717182999906, -29.08103862 ], [ -71.479718791, -29.08104085 ], [ -71.479720234, -29.081042619 ], [ -71.479724747, -29.081047788 ], [ -71.479726151, -29.081049537999899 ], [ -71.479727060999906, -29.0810508009999 ], [ -71.479727888, -29.081052093 ], [ -71.479728523999896, -29.0810532369999 ], [ -71.479729077999906, -29.081054405 ], [ -71.479729546, -29.0810556 ], [ -71.479729923, -29.081056814 ], [ -71.479730252, -29.081058319 ], [ -71.479730442999895, -29.081059841 ], [ -71.479730488, -29.081061841999901 ], [ -71.479730312, -29.0810638469999 ], [ -71.479729963999901, -29.081065698 ], [ -71.479729447, -29.081067529999899 ], [ -71.4797289159999, -29.081068983 ], [ -71.47972829, -29.0810704149999 ], [ -71.479727523, -29.081071918 ], [ -71.479726662, -29.081073392 ], [ -71.479725743, -29.0810747969999 ], [ -71.479724757, -29.081076174 ], [ -71.479723136, -29.081078248 ], [ -71.47971977, -29.08108234 ], [ -71.479718149999897, -29.08108442 ], [ -71.479716987, -29.081086054 ], [ -71.479715916, -29.081087732999901 ], [ -71.479714955, -29.08108945 ], [ -71.479714088, -29.0810912059999 ], [ -71.479713225999902, -29.081093165 ], [ -71.479711602, -29.081097122 ], [ -71.479710742, -29.081099084999899 ], [ -71.479710099, -29.081100417 ], [ -71.479709403, -29.081101729 ], [ -71.479708302999896, -29.081103571 ], [ -71.479707138, -29.081105291 ], [ -71.479705876, -29.081106962 ], [ -71.479704285, -29.081108867999902 ], [ -71.479702598999907, -29.081110715 ], [ -71.479700834, -29.081112505 ], [ -71.479698995, -29.081114234 ], [ -71.479697087, -29.0811158929999 ], [ -71.479695106, -29.081117467 ], [ -71.479693548999904, -29.0811185919999 ], [ -71.479691942, -29.081119645999902 ], [ -71.4796902799999, -29.081120617 ], [ -71.479687974999905, -29.081121759 ], [ -71.479685568, -29.0811227149999 ], [ -71.479683475999906, -29.0811233599999 ], [ -71.479681325999906, -29.081123867 ], [ -71.479679463, -29.081124195 ], [ -71.479677572999904, -29.081124443 ], [ -71.479675184, -29.081124664999901 ], [ -71.479667935, -29.081125132 ], [ -71.47966552, -29.081125352999901 ], [ -71.479663789, -29.081125571 ], [ -71.479662068, -29.081125841999899 ], [ -71.479659931999905, -29.081126261 ], [ -71.479657818, -29.081126766 ], [ -71.479655549, -29.081127406 ], [ -71.479653309999904, -29.0811281319999 ], [ -71.47965095, -29.081128992999901 ], [ -71.479648619, -29.081129922999899 ], [ -71.4796463119999, -29.081130908 ], [ -71.479641764, -29.081133006999899 ], [ -71.479639531, -29.081134119999899 ], [ -71.479637341999904, -29.081135285999899 ], [ -71.47963521, -29.08113652 ], [ -71.479633653999898, -29.081137505 ], [ -71.479632145, -29.081138542 ], [ -71.479630778999905, -29.081139565999901 ], [ -71.479629464, -29.081140640999902 ], [ -71.479627599, -29.08114232 ], [ -71.479625836, -29.081144085999899 ], [ -71.479624169, -29.081145929999899 ], [ -71.479622709999902, -29.081147696999899 ], [ -71.479621327, -29.081149516 ], [ -71.479620016999903, -29.081151381 ], [ -71.479618923, -29.081153056999899 ], [ -71.479616875, -29.081156485 ], [ -71.479611373, -29.0811667299999 ], [ -71.479607271, -29.081173932999899 ], [ -71.479605939, -29.081176344 ], [ -71.47960468, -29.081178781999899 ], [ -71.479603057, -29.081182342 ], [ -71.47960204, -29.08118486 ], [ -71.479599153, -29.08119248 ], [ -71.479598115, -29.081194998999901 ], [ -71.479596997, -29.081197442 ], [ -71.479595775, -29.081199848 ], [ -71.479594445, -29.08120221 ], [ -71.479593295, -29.08120407 ], [ -71.479592076999893, -29.081205898999901 ], [ -71.479590797999904, -29.081207697 ], [ -71.479589144, -29.081209874 ], [ -71.479587422, -29.081212008 ], [ -71.479585641, -29.0812141 ], [ -71.479583809, -29.081216146 ], [ -71.479581923999902, -29.081218132999901 ], [ -71.47957998, -29.081220039999899 ], [ -71.479577962999898, -29.081221836999902 ], [ -71.479575852, -29.081223483 ], [ -71.479574151, -29.081224611 ], [ -71.479572372, -29.081225591 ], [ -71.479570023, -29.081226569 ], [ -71.479568061999899, -29.081227123 ], [ -71.479566355, -29.081227428 ], [ -71.479564615, -29.081227586999901 ], [ -71.479562742, -29.081227602999899 ], [ -71.479560853999899, -29.081227473 ], [ -71.479558788, -29.0812271849999 ], [ -71.479556724, -29.081226764999901 ], [ -71.47955447, -29.081226175 ], [ -71.47955223, -29.081225480999901 ], [ -71.479550011999905, -29.081224711999901 ], [ -71.479547817, -29.081223889999901 ], [ -71.479543215, -29.08122208 ], [ -71.479540952, -29.081221234999902 ], [ -71.47953871, -29.081220496 ], [ -71.479536487, -29.081219919 ], [ -71.479534284, -29.081219569 ], [ -71.479532914999893, -29.0812194969999 ], [ -71.479531563, -29.081219551999901 ], [ -71.479530137, -29.08121976 ], [ -71.479527982, -29.081220362 ], [ -71.479526114, -29.081221121999899 ], [ -71.479520803999904, -29.0812236699999 ], [ -71.479519125, -29.081224339 ], [ -71.479517090999906, -29.081224943999899 ], [ -71.479515013, -29.081225299 ], [ -71.479512851, -29.081225351999901 ], [ -71.479511014, -29.081225129 ], [ -71.479508665, -29.081224474 ], [ -71.479507339999898, -29.081223918 ], [ -71.479506052, -29.081223248 ], [ -71.479504284, -29.08122213 ], [ -71.479502576999906, -29.081220861 ], [ -71.479500598, -29.081219216 ], [ -71.479496609, -29.081215764 ], [ -71.479494694, -29.081214237 ], [ -71.479492694, -29.081212773999901 ], [ -71.479490356, -29.081211223 ], [ -71.479487932, -29.0812097529999 ], [ -71.479485441999898, -29.081208353 ], [ -71.479482899999894, -29.081207013 ], [ -71.479480312, -29.081205729 ], [ -71.479477610999893, -29.081204461 ], [ -71.479474883, -29.081203232999901 ], [ -71.479461155, -29.081197244 ], [ -71.479458446, -29.081196006 ], [ -71.479448584, -29.081191335 ], [ -71.479446173, -29.081190315 ], [ -71.479443719999907, -29.081189424999899 ], [ -71.479441554999894, -29.081188798 ], [ -71.47943935, -29.081188315 ], [ -71.479437361, -29.081188013 ], [ -71.479435348, -29.081187825 ], [ -71.479433694, -29.081187751999899 ], [ -71.479432031, -29.081187741999901 ], [ -71.479429545999906, -29.081187815 ], [ -71.4794223869999, -29.081188209999901 ], [ -71.479420230999906, -29.081188287 ], [ -71.479417371999901, -29.0811883269999 ], [ -71.479409129, -29.081188212 ], [ -71.479404476999903, -29.081188235 ], [ -71.479402514999904, -29.081188316 ], [ -71.479399564999895, -29.08118853 ], [ -71.479396627, -29.081188848 ], [ -71.479393705999897, -29.081189266 ], [ -71.479390807999906, -29.081189788 ], [ -71.479388484, -29.0811902959999 ], [ -71.479386182, -29.08119088 ], [ -71.4793839069999, -29.081191541 ], [ -71.479382202999901, -29.081192094999899 ], [ -71.479380517, -29.081192694 ], [ -71.479378152, -29.081193614 ], [ -71.479373489, -29.081195608 ], [ -71.4793687, -29.081197758 ], [ -71.479363787, -29.081200040999899 ], [ -71.479361367, -29.081201237 ], [ -71.479359313, -29.081202312999899 ], [ -71.479357293, -29.081203436 ], [ -71.479355311999896, -29.081204608 ], [ -71.479353051, -29.081206046 ], [ -71.479350848, -29.081207549999899 ], [ -71.479348671, -29.081209139 ], [ -71.479342259, -29.081214123999899 ], [ -71.479340088, -29.081215734999901 ], [ -71.479337847, -29.081217239 ], [ -71.479336082, -29.081218276999898 ], [ -71.479334256999906, -29.081219218999902 ], [ -71.479332373, -29.0812200559999 ], [ -71.479329794, -29.081220989 ], [ -71.479327130999906, -29.0812217289999 ], [ -71.479324851999905, -29.081222203 ], [ -71.479322533999905, -29.081222556999901 ], [ -71.4793199759999, -29.081222822 ], [ -71.479317395, -29.081222997999902 ], [ -71.479309244, -29.081223395999899 ], [ -71.479306961, -29.081223592999901 ], [ -71.479304686, -29.08122386 ], [ -71.479302425, -29.081224208 ], [ -71.479300052, -29.081224672 ], [ -71.479297698, -29.08122522 ], [ -71.479295358999906, -29.081225835999899 ], [ -71.479292593, -29.081226636999901 ], [ -71.479284384, -29.081229173999901 ], [ -71.479281669, -29.081229954 ], [ -71.479278962, -29.081230635999901 ], [ -71.479276264, -29.081231169 ], [ -71.479273979, -29.081231461 ], [ -71.479271712999903, -29.081231569 ], [ -71.479269459, -29.081231454 ], [ -71.479267025999903, -29.081231036 ], [ -71.479265545, -29.081230612999899 ], [ -71.479264106999906, -29.081230073 ], [ -71.479262196, -29.081229155 ], [ -71.479260360999902, -29.08122808 ], [ -71.479258462, -29.081226811 ], [ -71.479254705999907, -29.081224154 ], [ -71.479252770999906, -29.0812228949999 ], [ -71.479251292, -29.081222048 ], [ -71.479249756999906, -29.08122129 ], [ -71.479247417, -29.081220373 ], [ -71.479244971, -29.081219684 ], [ -71.479243101999899, -29.081219322 ], [ -71.479241197, -29.081219078999901 ], [ -71.479238303, -29.081218914 ], [ -71.479235365, -29.0812189449999 ], [ -71.479232721, -29.081219104 ], [ -71.4792300619999, -29.081219351999898 ], [ -71.479227390999895, -29.081219659999899 ], [ -71.479216628, -29.081221039 ], [ -71.479202503, -29.081222426999901 ], [ -71.47919969, -29.081222743999898 ], [ -71.47919689, -29.081223117 ], [ -71.479194331, -29.081223522999899 ], [ -71.479184145, -29.081225404 ], [ -71.479179852, -29.081226119999901 ], [ -71.479175601999899, -29.081226699999899 ], [ -71.479165898, -29.081227901 ], [ -71.479160858999904, -29.081228682 ], [ -71.479152289999902, -29.081230140999899 ], [ -71.479149430999897, -29.081230562 ], [ -71.479146457999903, -29.081230913999899 ], [ -71.479143477, -29.081231158 ], [ -71.479140962, -29.0812312639999 ], [ -71.479138443999901, -29.081231283 ], [ -71.479135853999907, -29.0812312209999 ], [ -71.479128091, -29.081230924 ], [ -71.479124229, -29.081230946999899 ], [ -71.479121958999897, -29.081231063 ], [ -71.479119694, -29.081231253999899 ], [ -71.479117072999898, -29.081231551 ], [ -71.479111839, -29.08123226 ], [ -71.479107341, -29.0812328109999 ], [ -71.479097791, -29.081233663 ], [ -71.479095242, -29.081233933 ], [ -71.479092277999897, -29.081234336 ], [ -71.479089336999905, -29.081234849999898 ], [ -71.479087084, -29.081235327999899 ], [ -71.479084848999904, -29.081235873 ], [ -71.479074432999894, -29.081238823 ], [ -71.479071824, -29.081239501 ], [ -71.479069282, -29.0812401059999 ], [ -71.479061638, -29.081241808999899 ], [ -71.479059115, -29.0812424219999 ], [ -71.479056622, -29.081243103 ], [ -71.479054369, -29.081243814999901 ], [ -71.479052158999906, -29.0812446199999 ], [ -71.479050195999903, -29.0812454389999 ], [ -71.479048272999904, -29.081246334 ], [ -71.479046387, -29.081247296999901 ], [ -71.479043922999907, -29.081248667999901 ], [ -71.479036659, -29.0812530319999 ], [ -71.479034305, -29.081254394 ], [ -71.479031914, -29.081255701 ], [ -71.479029446, -29.0812569469999 ], [ -71.479026929, -29.081258106999901 ], [ -71.47902486, -29.081258971999901 ], [ -71.479022758, -29.081259771 ], [ -71.479020624, -29.081260501 ], [ -71.479018434, -29.081261164999901 ], [ -71.479016217, -29.081261761999901 ], [ -71.479013975, -29.081262297 ], [ -71.479011715, -29.081262772999899 ], [ -71.479006431, -29.08126369 ], [ -71.478998437, -29.081264881 ], [ -71.47899295, -29.081265792 ], [ -71.478987318999899, -29.081266861 ], [ -71.478973563999901, -29.081269608 ], [ -71.478968124999895, -29.081270788 ], [ -71.478965423, -29.081271425 ], [ -71.478962741, -29.081272112 ], [ -71.478960083999894, -29.081272864 ], [ -71.478957218999895, -29.0812737749999 ], [ -71.478954390999903, -29.081274777 ], [ -71.4789518219999, -29.081275763 ], [ -71.478944167, -29.081278867 ], [ -71.478940144, -29.081280419999899 ], [ -71.478938113, -29.081281159 ], [ -71.478933788999896, -29.081282625 ], [ -71.478922694999895, -29.081286116999902 ], [ -71.478920493, -29.081286884999901 ], [ -71.478918005, -29.081287851 ], [ -71.47891559, -29.081288921999899 ], [ -71.478913245999905, -29.081290125999899 ], [ -71.478911013, -29.0812914589999 ], [ -71.478908944999901, -29.081292893999901 ], [ -71.478907006, -29.081294446999902 ], [ -71.478905206, -29.081296107999901 ], [ -71.47890355, -29.081297863 ], [ -71.478902333, -29.081299331 ], [ -71.478901220999902, -29.081300843 ], [ -71.478900224, -29.081302391 ], [ -71.478899099, -29.081304488999901 ], [ -71.478898224, -29.0813066179999 ], [ -71.478897869, -29.081307771999899 ], [ -71.478897601, -29.081308922999899 ], [ -71.478897323, -29.081311073999899 ], [ -71.478897278, -29.081312206 ], [ -71.478897285999906, -29.081315619 ], [ -71.478897109999906, -29.081317204 ], [ -71.478896646, -29.081318661 ], [ -71.478895698, -29.081320191 ], [ -71.478894807, -29.081321188999901 ], [ -71.478891820999905, -29.081324084999899 ], [ -71.478890931, -29.081325122 ], [ -71.478890191999895, -29.08132619 ], [ -71.478889453, -29.0813276129999 ], [ -71.478888712, -29.081329787999898 ], [ -71.478888238, -29.08133213 ], [ -71.478887964, -29.081334592 ], [ -71.478887837999906, -29.081337138 ], [ -71.478887825999905, -29.08133974 ], [ -71.478887903, -29.081342371999899 ], [ -71.478888056, -29.081344887999901 ], [ -71.478888306, -29.0813474 ], [ -71.478888688, -29.08134989 ], [ -71.478889191999897, -29.081352148 ], [ -71.478889868, -29.081354357999899 ], [ -71.478890651, -29.081356312 ], [ -71.478891610999895, -29.081358200999901 ], [ -71.478892977, -29.081360322 ], [ -71.478893888999906, -29.081361501999901 ], [ -71.478894875, -29.081362644 ], [ -71.478896495999905, -29.081364311 ], [ -71.478898226, -29.081365922 ], [ -71.478903695, -29.0813706449999 ], [ -71.478905493, -29.081372248 ], [ -71.478907239, -29.081373885999898 ], [ -71.478908914, -29.08137556 ], [ -71.478910492, -29.081377276 ], [ -71.478911941, -29.081379039999899 ], [ -71.47891314, -29.08138073 ], [ -71.478914171, -29.081382462 ], [ -71.478914999, -29.081384231 ], [ -71.478915582, -29.08138601 ], [ -71.478915905999898, -29.081387803 ], [ -71.478915959999895, -29.081389196 ], [ -71.478915832, -29.081390572 ], [ -71.478915389999898, -29.081392332999901 ], [ -71.478914472, -29.081394341 ], [ -71.478913261999907, -29.081396111999901 ], [ -71.478911788999895, -29.081397724999899 ], [ -71.478910102, -29.08139915 ], [ -71.478908233, -29.08140034 ], [ -71.478906084999906, -29.081401276999902 ], [ -71.478903993999893, -29.081401784 ], [ -71.478902628, -29.081401910999901 ], [ -71.478901247, -29.081401884999899 ], [ -71.478899349999907, -29.0814015999999 ], [ -71.478897630999896, -29.081401098 ], [ -71.478895942999898, -29.0814004019999 ], [ -71.478894291, -29.081399538 ], [ -71.47889206, -29.081398104 ], [ -71.4788899, -29.081396465 ], [ -71.478887803, -29.0813946809999 ], [ -71.478885759, -29.081392794 ], [ -71.478883767999903, -29.081390838999901 ], [ -71.478879943, -29.081386818999899 ], [ -71.478874082999894, -29.081380246 ], [ -71.478872676, -29.081378824 ], [ -71.478871219, -29.081377576 ], [ -71.478869903, -29.081376695 ], [ -71.478868259, -29.081375937 ], [ -71.478866568999905, -29.0813755359999 ], [ -71.478864669, -29.081375503999901 ], [ -71.478863391999894, -29.081375718999901 ], [ -71.478862127, -29.081376108 ], [ -71.478860079, -29.081377092 ], [ -71.47885819, -29.0813783309999 ], [ -71.478856327999907, -29.081379777999899 ], [ -71.478851113, -29.0813842479999 ], [ -71.478848055, -29.081386686 ], [ -71.478846356, -29.081387897 ], [ -71.478844592, -29.081389037 ], [ -71.478842764, -29.0813900909999 ], [ -71.478840154999901, -29.081391371999899 ], [ -71.478837435999907, -29.0813924559999 ], [ -71.478834924999902, -29.081393251999899 ], [ -71.478832355999899, -29.081393890999902 ], [ -71.478829748, -29.0813943799999 ], [ -71.478827114999902, -29.081394712 ], [ -71.478824155, -29.081394885 ], [ -71.478821209, -29.081394846 ], [ -71.478818310999898, -29.081394584 ], [ -71.478816332, -29.081394255 ], [ -71.478814408999895, -29.081393794999901 ], [ -71.478812808, -29.081393289999902 ], [ -71.478811271, -29.081392681999901 ], [ -71.478808973, -29.081391489999898 ], [ -71.478807812999904, -29.081390722 ], [ -71.478806732, -29.0813898759999 ], [ -71.478805312, -29.081388508 ], [ -71.47880409, -29.0813869959999 ], [ -71.478802937, -29.0813850649999 ], [ -71.478802195999904, -29.081383318999901 ], [ -71.478801663, -29.081381494 ], [ -71.478801312, -29.081379422999898 ], [ -71.478801183, -29.081377306 ], [ -71.478801265999905, -29.081375162 ], [ -71.478801636, -29.081372590999901 ], [ -71.478802274, -29.081370035 ], [ -71.478803174999896, -29.081367521999901 ], [ -71.478804275, -29.081365199999901 ], [ -71.478805598, -29.081362951 ], [ -71.478806554, -29.081361560999898 ], [ -71.478807586999906, -29.081360208 ], [ -71.47880925, -29.081358260999899 ], [ -71.478811011999895, -29.0813563839999 ], [ -71.478818049, -29.081349353 ], [ -71.478819557999898, -29.081347732 ], [ -71.478820878, -29.081346198999899 ], [ -71.478821739999901, -29.081345079 ], [ -71.478822398, -29.081344052 ], [ -71.478822793999896, -29.081343138 ], [ -71.47882283, -29.08134222 ], [ -71.478822624, -29.081341852 ], [ -71.478821992999897, -29.08134144 ], [ -71.478820927999905, -29.081341203 ], [ -71.478819557, -29.0813411469999 ], [ -71.478817945999893, -29.081341213 ], [ -71.4788111619999, -29.081341782 ], [ -71.478808473, -29.081341966 ], [ -71.478804356999902, -29.081342119999899 ], [ -71.478799717999905, -29.081342102 ], [ -71.478792029, -29.081341850999902 ], [ -71.478786673999906, -29.081341755 ], [ -71.47878113, -29.081341822 ], [ -71.478775405, -29.081342056 ], [ -71.4787668499999, -29.08134258 ], [ -71.478750307, -29.081343853 ], [ -71.478738645, -29.081344564999899 ], [ -71.478736044, -29.081344777 ], [ -71.478733464, -29.081345058999901 ], [ -71.478731100999894, -29.081345407999901 ], [ -71.478728769, -29.081345853 ], [ -71.478726547999898, -29.081346389 ], [ -71.478724370999899, -29.0813470259999 ], [ -71.478722244, -29.081347766 ], [ -71.47871996, -29.081348709999901 ], [ -71.478717762, -29.08134978 ], [ -71.478715577999907, -29.081351018 ], [ -71.478713468, -29.081352389 ], [ -71.478707191, -29.081356931999899 ], [ -71.478705028, -29.081358225 ], [ -71.478702859, -29.081359141 ], [ -71.478700946999894, -29.081359597 ], [ -71.478699545, -29.081359726 ], [ -71.478698128, -29.0813596899999 ], [ -71.478696637, -29.0813594809999 ], [ -71.478695151, -29.081359113 ], [ -71.478693706999906, -29.0813586199999 ], [ -71.478692271999904, -29.0813580189999 ], [ -71.478690346, -29.081357082 ], [ -71.478686437, -29.081355029 ], [ -71.478683466999897, -29.081353613 ], [ -71.478680832, -29.081352571 ], [ -71.478678242999905, -29.081351759 ], [ -71.478675584, -29.081351131 ], [ -71.478673725, -29.081350815999901 ], [ -71.478671847, -29.0813505949999 ], [ -71.478668978, -29.081350439999898 ], [ -71.478666096, -29.081350479 ], [ -71.47866322, -29.081350703999899 ], [ -71.478660771, -29.081351043 ], [ -71.478658348, -29.081351509999902 ], [ -71.478655961999905, -29.081352102 ], [ -71.478653623, -29.081352825 ], [ -71.478651621, -29.081353576 ], [ -71.478649672, -29.08135443 ], [ -71.478647778, -29.081355388 ], [ -71.478646017, -29.081356404 ], [ -71.478644306, -29.081357499 ], [ -71.47864264, -29.081358661 ], [ -71.478640513999906, -29.081360264 ], [ -71.478638434999894, -29.081361931999901 ], [ -71.478630271, -29.081368778 ], [ -71.478628196, -29.081370433 ], [ -71.478626077999905, -29.081372022 ], [ -71.478623894, -29.081373518 ], [ -71.478621667, -29.081374867 ], [ -71.478619357, -29.08137608 ], [ -71.478617696, -29.081376835999901 ], [ -71.478615997, -29.081377518999901 ], [ -71.478614391999898, -29.081378091 ], [ -71.478612767, -29.081378608 ], [ -71.478610290999896, -29.081379307 ], [ -71.478605354, -29.081380609999901 ], [ -71.478602952999907, -29.081381328 ], [ -71.478600641999904, -29.081382171 ], [ -71.478599151, -29.081382842 ], [ -71.478597698, -29.081383634 ], [ -71.478596426, -29.0813844629999 ], [ -71.478595222, -29.081385376999901 ], [ -71.478593629, -29.081386789 ], [ -71.478592121, -29.081388309 ], [ -71.478588016999893, -29.081392725999901 ], [ -71.478586825, -29.081393929999901 ], [ -71.478585017999904, -29.08139562 ], [ -71.47858339, -29.081397006 ], [ -71.478581694999903, -29.081398339 ], [ -71.478579689, -29.081399801 ], [ -71.478577631999897, -29.0814012129999 ], [ -71.478573454, -29.081403931999901 ], [ -71.478569503999907, -29.081406377999901 ], [ -71.47856753, -29.081407494 ], [ -71.478565548999896, -29.081408484 ], [ -71.478563553999905, -29.081409299 ], [ -71.478562235, -29.081409712 ], [ -71.478560914, -29.0814100109999 ], [ -71.478558894999907, -29.081410219 ], [ -71.478557629, -29.08141018 ], [ -71.478556393, -29.081410003 ], [ -71.478554888, -29.08140958 ], [ -71.478553474, -29.081408946 ], [ -71.478552381, -29.081408266 ], [ -71.478551378, -29.081407458999902 ], [ -71.478550527, -29.081406598999902 ], [ -71.478549762999904, -29.081405651 ], [ -71.47854898, -29.081404439 ], [ -71.478548315, -29.0814031419999 ], [ -71.478547761, -29.08140178 ], [ -71.478547304, -29.08140037 ], [ -71.478546821, -29.0813985029999 ], [ -71.478545981, -29.081394792 ], [ -71.478545482999905, -29.08139303 ], [ -71.478544976, -29.08139169 ], [ -71.478544345, -29.081390457999898 ], [ -71.478543262999906, -29.081389036 ], [ -71.478542505999897, -29.081388355999898 ], [ -71.478541556, -29.081387735 ], [ -71.478539618999903, -29.081387019 ], [ -71.478538242999903, -29.081386832 ], [ -71.478536804, -29.081386857 ], [ -71.478535226, -29.081387107999898 ], [ -71.478533628, -29.081387564999901 ], [ -71.47853164, -29.0813883779999 ], [ -71.478529646, -29.081389397999899 ], [ -71.47852764, -29.081390561 ], [ -71.478521467, -29.0813944 ], [ -71.478519105, -29.081395775 ], [ -71.478516682, -29.081397073999899 ], [ -71.478514202, -29.08139827 ], [ -71.478512012, -29.081399199 ], [ -71.478509787999897, -29.081400021 ], [ -71.478507537, -29.081400725 ], [ -71.478505266, -29.0814012929999 ], [ -71.478502764, -29.081401733 ], [ -71.478500266, -29.081401964999898 ], [ -71.478498482, -29.081401988 ], [ -71.47849672, -29.081401882 ], [ -71.478494911, -29.081401628 ], [ -71.47849315, -29.081401222999901 ], [ -71.478491113, -29.081400528 ], [ -71.478488915999904, -29.081399459999901 ], [ -71.478487597, -29.081398631 ], [ -71.478486351999905, -29.081397701 ], [ -71.478484554, -29.081396072 ], [ -71.478482917, -29.081394277 ], [ -71.478481315, -29.0813922359999 ], [ -71.478478261, -29.081388085999901 ], [ -71.478476649, -29.081386138 ], [ -71.4784748659999, -29.081384394999901 ], [ -71.478473838, -29.081383597 ], [ -71.478472739, -29.081382891 ], [ -71.478470541, -29.081381840999899 ], [ -71.478468971, -29.081381328 ], [ -71.478467335999895, -29.081380956 ], [ -71.478465079, -29.081380665 ], [ -71.478462760999903, -29.081380586 ], [ -71.478460664, -29.081380683 ], [ -71.478458557, -29.081380926 ], [ -71.478456455999904, -29.081381312 ], [ -71.478454114, -29.081381915999899 ], [ -71.478451817999897, -29.081382694 ], [ -71.47844938, -29.081383737 ], [ -71.478447022, -29.081384952999901 ], [ -71.478445188, -29.081386031 ], [ -71.478443399, -29.081387178999901 ], [ -71.478437067, -29.081391523 ], [ -71.478434896, -29.081392872 ], [ -71.478432567, -29.081394127 ], [ -71.478430144999905, -29.081395222 ], [ -71.478428272, -29.0813959299999 ], [ -71.478426356999904, -29.081396555 ], [ -71.478424025, -29.0813972199999 ], [ -71.478417603, -29.081398885999899 ], [ -71.478414195, -29.081399863999899 ], [ -71.478409838999895, -29.08140127 ], [ -71.478404572, -29.081403051999899 ], [ -71.478401918, -29.081403892 ], [ -71.478399275, -29.081404644 ], [ -71.478396601, -29.081405299 ], [ -71.478392916, -29.08140602 ], [ -71.478390137, -29.0814064469999 ], [ -71.478378961, -29.0814078 ], [ -71.478374001, -29.081408441999901 ], [ -71.478371538, -29.0814087219999 ], [ -71.478369082, -29.081408924999899 ], [ -71.478366788999907, -29.081409010999899 ], [ -71.478364508, -29.081408968999899 ], [ -71.47836258, -29.0814088139999 ], [ -71.478360669, -29.081408544999899 ], [ -71.47835887, -29.081408183 ], [ -71.4783570929999, -29.081407725 ], [ -71.478354334999906, -29.081406838 ], [ -71.478351615999898, -29.081405819999901 ], [ -71.47834621, -29.081403673 ], [ -71.478343483999893, -29.081402676 ], [ -71.478341454, -29.081402027 ], [ -71.478339402999893, -29.081401472 ], [ -71.478336769999899, -29.081400926 ], [ -71.478334402, -29.081400582 ], [ -71.478329349, -29.081400082 ], [ -71.478326846, -29.08139978 ], [ -71.478324669999907, -29.081399390999898 ], [ -71.478323658, -29.081399156 ], [ -71.478321022, -29.081398372 ], [ -71.478318411, -29.081397404 ], [ -71.478313215, -29.0813953269999 ], [ -71.478310797999896, -29.081394492 ], [ -71.478308327, -29.081393814 ], [ -71.478305969, -29.081393367 ], [ -71.47830357, -29.081393119 ], [ -71.478300754, -29.081393089 ], [ -71.478297921, -29.081393305999899 ], [ -71.478295085, -29.081393734999899 ], [ -71.478292248999907, -29.081394325 ], [ -71.478289410999906, -29.0813950269999 ], [ -71.478283738999906, -29.081396632 ], [ -71.478278084, -29.081398357999898 ], [ -71.478273085999902, -29.08139994 ], [ -71.478270643, -29.081400763 ], [ -71.478268264999897, -29.081401625999899 ], [ -71.478265977, -29.08140255 ], [ -71.478263817, -29.081403560999899 ], [ -71.478261829, -29.081404693 ], [ -71.478260110999898, -29.081405945 ], [ -71.478258505, -29.0814075649999 ], [ -71.478257326999895, -29.08140938 ], [ -71.478256621999904, -29.081411209 ], [ -71.478256248, -29.0814130159999 ], [ -71.478256057, -29.081414896 ], [ -71.478255867, -29.081418796 ], [ -71.478255694, -29.081420847999901 ], [ -71.478255380999897, -29.0814228959999 ], [ -71.478255004999895, -29.081424464999898 ], [ -71.478254498999902, -29.081426007999902 ], [ -71.478253867, -29.0814275 ], [ -71.47825311, -29.081428955 ], [ -71.478251859999901, -29.0814309209999 ], [ -71.478250423, -29.081432815 ], [ -71.478248753999907, -29.08143473 ], [ -71.478246955, -29.081436584999899 ], [ -71.478245054, -29.081438385999899 ], [ -71.478243071, -29.081440135 ], [ -71.478241017999906, -29.0814418319999 ], [ -71.4782389, -29.081443473 ], [ -71.478236716, -29.0814450469999 ], [ -71.478234538, -29.0814465 ], [ -71.478226234, -29.081451608999899 ], [ -71.478224285, -29.081452913 ], [ -71.478222951, -29.081453885 ], [ -71.478221664, -29.081454903 ], [ -71.478219959999905, -29.081456392 ], [ -71.47821848, -29.081457822999901 ], [ -71.478211586, -29.081465002 ], [ -71.478206482, -29.081469969999901 ], [ -71.478202692, -29.08147353 ], [ -71.478200585, -29.081475399999899 ], [ -71.478198396, -29.081477165 ], [ -71.478197029999905, -29.081478146999899 ], [ -71.478195610999904, -29.081479062 ], [ -71.478194006, -29.081479968999901 ], [ -71.47819234, -29.081480785999901 ], [ -71.478190061, -29.081481730999901 ], [ -71.478187705, -29.081482541 ], [ -71.478185287, -29.081483227 ], [ -71.478182819, -29.081483792 ], [ -71.478180478999903, -29.0814842099999 ], [ -71.478178112, -29.081484526999901 ], [ -71.478175616, -29.081484759 ], [ -71.478173104999897, -29.081484899 ], [ -71.478170588999902, -29.081484955 ], [ -71.478168068999906, -29.081484926 ], [ -71.478165555, -29.081484804999899 ], [ -71.47816325, -29.081484604 ], [ -71.478160957999904, -29.081484314 ], [ -71.478158683999894, -29.081483933 ], [ -71.478156548, -29.0814834829999 ], [ -71.478154434, -29.081482950999899 ], [ -71.478152345999902, -29.081482342 ], [ -71.478150204, -29.081481633 ], [ -71.478148089999905, -29.081480859 ], [ -71.478143927, -29.081479172999899 ], [ -71.478137314, -29.081476296999899 ], [ -71.478135101, -29.081475398999899 ], [ -71.478132864, -29.081474579 ], [ -71.478131130999898, -29.081474022 ], [ -71.478129375, -29.081473538 ], [ -71.478126889999899, -29.081472983 ], [ -71.478124534, -29.08147257 ], [ -71.478119809, -29.0814718509999 ], [ -71.478116363, -29.081471212999901 ], [ -71.478113667999907, -29.081470533999902 ], [ -71.478111746, -29.0814699159999 ], [ -71.478109879, -29.0814691849999 ], [ -71.478107881, -29.0814682389999 ], [ -71.478105964, -29.081467157 ], [ -71.478104558, -29.081466244 ], [ -71.4781032, -29.081465265 ], [ -71.478101234999897, -29.081463685 ], [ -71.478099335, -29.0814620149999 ], [ -71.478095595999903, -29.081458561 ], [ -71.478092197, -29.081455548 ], [ -71.478090436999906, -29.0814541 ], [ -71.478088203, -29.081452406 ], [ -71.478085885, -29.081450819999901 ], [ -71.478083470999906, -29.081449369 ], [ -71.478081142, -29.081448171 ], [ -71.478078723, -29.081447125999901 ], [ -71.478076115, -29.081446205 ], [ -71.478073433, -29.081445432999899 ], [ -71.478070692999907, -29.081444786 ], [ -71.478068048, -29.081444274 ], [ -71.478065372999893, -29.081443834 ], [ -71.478062678, -29.081443444999898 ], [ -71.478051808, -29.081442065 ], [ -71.478036929, -29.08144006 ], [ -71.478030986, -29.081439434999901 ], [ -71.478022091, -29.081438664 ], [ -71.478015929, -29.0814379679999 ], [ -71.478013169, -29.081437572 ], [ -71.478007669, -29.081436652 ], [ -71.478002192, -29.0814356079999 ], [ -71.47799674, -29.081434456999901 ], [ -71.477991327, -29.08143318 ], [ -71.477988642999904, -29.081432476 ], [ -71.477985981, -29.081431709999901 ], [ -71.477983413999894, -29.081430893999901 ], [ -71.477980874, -29.081430012999899 ], [ -71.47797836, -29.081429073 ], [ -71.477975875, -29.081428075 ], [ -71.477973424, -29.0814270189999 ], [ -71.477971513999904, -29.081426145 ], [ -71.477964422999904, -29.081422737 ], [ -71.477961804999893, -29.081421588999898 ], [ -71.477959142, -29.081420604999899 ], [ -71.477956905, -29.08141997 ], [ -71.477954631, -29.0814195099999 ], [ -71.477952165, -29.081419229999899 ], [ -71.477949686, -29.0814191609999 ], [ -71.477947447, -29.081419276 ], [ -71.4779452289999, -29.081419545 ], [ -71.477943048, -29.081419958 ], [ -71.477940921, -29.081420512 ], [ -71.477938997, -29.081421163999899 ], [ -71.477937155999896, -29.081421943999899 ], [ -71.477935422, -29.0814228569999 ], [ -71.477933756, -29.081423959999899 ], [ -71.4779322589999, -29.081425219 ], [ -71.477930799, -29.0814268469999 ], [ -71.477929993, -29.081428017 ], [ -71.477929014, -29.081429826 ], [ -71.477928193, -29.081431725999899 ], [ -71.477926717999907, -29.0814356079999 ], [ -71.477925919, -29.0814374999999 ], [ -71.477925275, -29.0814387849999 ], [ -71.477924548, -29.081440002 ], [ -71.477923362999903, -29.081441559 ], [ -71.477922366, -29.0814425679999 ], [ -71.477921268, -29.081443438999901 ], [ -71.477920014999896, -29.0814441919999 ], [ -71.477918684, -29.081444764 ], [ -71.477917211, -29.081445153999901 ], [ -71.477915713, -29.0814453149999 ], [ -71.477914257, -29.081445239999901 ], [ -71.477912846, -29.081444937 ], [ -71.477911486, -29.081444389 ], [ -71.477910436999906, -29.081443755999899 ], [ -71.477909481, -29.081442976999899 ], [ -71.477908156999902, -29.081441426 ], [ -71.477907268, -29.0814398549999 ], [ -71.477906693, -29.0814383919999 ], [ -71.477906269, -29.081436837999899 ], [ -71.477905996999894, -29.081435355999901 ], [ -71.477905816, -29.081433836 ], [ -71.477905466, -29.081427451 ], [ -71.477905241, -29.081425379999899 ], [ -71.477904818, -29.081423393 ], [ -71.47790427, -29.0814218679999 ], [ -71.47790352, -29.081420447 ], [ -71.477902521, -29.0814191159999 ], [ -71.477901312, -29.081417941 ], [ -71.477900024999897, -29.0814170099999 ], [ -71.477898592, -29.081416229 ], [ -71.477897396999893, -29.081415727 ], [ -71.477896137999906, -29.081415313 ], [ -71.477894442, -29.081414901999899 ], [ -71.477892674, -29.081414609 ], [ -71.477890105, -29.081414352 ], [ -71.477887459, -29.081414211 ], [ -71.477881038, -29.081413982 ], [ -71.477874191, -29.081413633 ], [ -71.477871568, -29.0814135369999 ], [ -71.47786898, -29.0814135329999 ], [ -71.4778664359999, -29.081413679 ], [ -71.4778641569999, -29.081413992 ], [ -71.477861946, -29.081414498999901 ], [ -71.477860505, -29.0814149559999 ], [ -71.477859109999898, -29.081415502 ], [ -71.477857093, -29.081416492 ], [ -71.477855007, -29.081417766 ], [ -71.477853054, -29.081419158 ], [ -71.477849686999903, -29.081421760999898 ], [ -71.477848023, -29.08142291 ], [ -71.477846306999893, -29.081423834 ], [ -71.477844622, -29.081424405 ], [ -71.477843021, -29.081424629 ], [ -71.47784079, -29.081424496999901 ], [ -71.477838813999895, -29.081424042 ], [ -71.477836807, -29.081423367 ], [ -71.477830525999906, -29.081420818 ], [ -71.477828995, -29.081420263 ], [ -71.477827426, -29.0814197669999 ], [ -71.477826008, -29.081419389 ], [ -71.477824563, -29.0814190749999 ], [ -71.477822704999895, -29.081418776 ], [ -71.477820816, -29.081418576 ], [ -71.477818241, -29.081418448 ], [ -71.477815635, -29.081418454 ], [ -71.477813012, -29.08141857 ], [ -71.477810378999905, -29.0814187789999 ], [ -71.477807745, -29.08141907 ], [ -71.477804941, -29.081419468 ], [ -71.477802154999907, -29.081419950999901 ], [ -71.477799396, -29.081420519999899 ], [ -71.477796676, -29.081421183 ], [ -71.477794011, -29.081421959999901 ], [ -71.477791313999901, -29.081422910999901 ], [ -71.4777887179999, -29.081424024999901 ], [ -71.477786771, -29.081425021 ], [ -71.4777849, -29.081426114 ], [ -71.477782616999903, -29.081427611 ], [ -71.477778166999897, -29.081430641999901 ], [ -71.477775871999896, -29.081431989999899 ], [ -71.477774244, -29.0814327759999 ], [ -71.477772557, -29.081433434 ], [ -71.477770824999894, -29.081433948 ], [ -71.477769044999903, -29.08143432 ], [ -71.477766760999899, -29.081434586999901 ], [ -71.477764435, -29.081434654 ], [ -71.477762088, -29.0814345389999 ], [ -71.477759461999895, -29.081434214999899 ], [ -71.477756843, -29.081433712 ], [ -71.477754886999904, -29.081433236 ], [ -71.477745862999896, -29.081430601 ], [ -71.477743183, -29.081429965 ], [ -71.477741258, -29.081429611 ], [ -71.477739318, -29.081429350999901 ], [ -71.477737052999899, -29.081429172 ], [ -71.477734778999903, -29.081429117 ], [ -71.477732500999906, -29.081429178 ], [ -71.47773008, -29.081429355999902 ], [ -71.477722816, -29.081430166 ], [ -71.477720384999898, -29.081430376999901 ], [ -71.477718006, -29.081430484999899 ], [ -71.477715625, -29.081430473 ], [ -71.47771285, -29.081430288 ], [ -71.477710088, -29.081429935 ], [ -71.477707825, -29.081429537 ], [ -71.477701106, -29.081428118 ], [ -71.4776985889999, -29.08142764 ], [ -71.477696094999899, -29.081427262 ], [ -71.477693641, -29.081427028999901 ], [ -71.477691278999899, -29.081426988 ], [ -71.477689008, -29.081427165 ], [ -71.477686579, -29.081427673 ], [ -71.477684395, -29.081428543 ], [ -71.47768329, -29.08142922 ], [ -71.477682309, -29.081430027 ], [ -71.477681036, -29.081431557 ], [ -71.477680197, -29.081433116 ], [ -71.477679587999901, -29.081434780999899 ], [ -71.477679125, -29.081436556 ], [ -71.477677991999897, -29.081442417999899 ], [ -71.477677506, -29.081444523999899 ], [ -71.477676817, -29.081446825999901 ], [ -71.477675932999901, -29.081449060999901 ], [ -71.477674995, -29.0814508889999 ], [ -71.477673882, -29.081452616 ], [ -71.477672695, -29.081454096 ], [ -71.47767136, -29.081455454 ], [ -71.477669893, -29.081456669 ], [ -71.477668302, -29.081457741 ], [ -71.477666604, -29.081458659 ], [ -71.477664698, -29.08145945 ], [ -71.477662709999905, -29.081460047999901 ], [ -71.477660015, -29.081460529 ], [ -71.477657274, -29.08146067 ], [ -71.477655414, -29.081460564999901 ], [ -71.477653576, -29.0814602999999 ], [ -71.477651979, -29.081459928999902 ], [ -71.477650422999901, -29.081459430999899 ], [ -71.477648178, -29.0814584459999 ], [ -71.477646765, -29.081457643 ], [ -71.47764542, -29.081456735 ], [ -71.477644166999895, -29.081455745 ], [ -71.477642982, -29.0814546739999 ], [ -71.477641583, -29.081453236 ], [ -71.477640268999906, -29.081451724 ], [ -71.477637094, -29.081447726 ], [ -71.477635472, -29.081445808999899 ], [ -71.477633716, -29.081444051999899 ], [ -71.477632695, -29.0814432089999 ], [ -71.477631608, -29.081442447 ], [ -71.477630148999907, -29.081441613 ], [ -71.477628599, -29.081440922999899 ], [ -71.477626522, -29.081440261999902 ], [ -71.477624342, -29.081439813 ], [ -71.477622154, -29.081439556 ], [ -71.477619908, -29.081439431 ], [ -71.477615295, -29.081439407999898 ], [ -71.477600947, -29.081439616 ], [ -71.477598152, -29.081439574999902 ], [ -71.477595376999901, -29.0814394289999 ], [ -71.477592635999898, -29.081439139999901 ], [ -71.477590012999897, -29.081438734 ], [ -71.477581904, -29.081437114 ], [ -71.477579168, -29.081436713999899 ], [ -71.477577488999898, -29.081436584999899 ], [ -71.477575815, -29.081436559999901 ], [ -71.477574037999901, -29.081436657 ], [ -71.477572284, -29.081436886999899 ], [ -71.477569678999899, -29.0814374949999 ], [ -71.477567444, -29.081438278999901 ], [ -71.477565239999905, -29.081439261 ], [ -71.477560954999902, -29.081441368999901 ], [ -71.477559231, -29.0814421269999 ], [ -71.477557485, -29.081442761999899 ], [ -71.477556244, -29.081443107 ], [ -71.477554993999902, -29.081443355 ], [ -71.477553483999898, -29.081443507 ], [ -71.477551982, -29.081443491 ], [ -71.477550258, -29.0814432499999 ], [ -71.47754859, -29.0814427769999 ], [ -71.477547149, -29.081442153999902 ], [ -71.477545778, -29.081441367 ], [ -71.477544557, -29.0814404999999 ], [ -71.477543388, -29.081439535999898 ], [ -71.477539325, -29.081435695 ], [ -71.477538196, -29.081434687999899 ], [ -71.477537011, -29.081433724 ], [ -71.477535721, -29.081432794 ], [ -71.477534358999904, -29.08143194 ], [ -71.477532085999897, -29.081430773 ], [ -71.47752987, -29.081429886 ], [ -71.477527553, -29.081429148 ], [ -71.477525089, -29.081428511 ], [ -71.477522565999905, -29.081427968 ], [ -71.477519999, -29.081427488 ], [ -71.477514829, -29.0814266269999 ], [ -71.477512239, -29.081426237999899 ], [ -71.477509638999905, -29.081425893 ], [ -71.477507029, -29.081425609999901 ], [ -71.477504361999905, -29.081425404999901 ], [ -71.477501691, -29.081425281999898 ], [ -71.477499018999893, -29.081425238999898 ], [ -71.477496351999903, -29.08142528 ], [ -71.477493695, -29.081425418 ], [ -71.477491229, -29.081425645 ], [ -71.477488781, -29.081425974999899 ], [ -71.477486983999896, -29.081426291 ], [ -71.477485198999901, -29.081426665 ], [ -71.477482794, -29.081427264999899 ], [ -71.477478033999901, -29.081428671 ], [ -71.477467573, -29.0814320449999 ], [ -71.477461905, -29.081433984999901 ], [ -71.477459128, -29.081435047 ], [ -71.477457537, -29.081435706 ], [ -71.477455967, -29.081436392999901 ], [ -71.477450722999905, -29.0814388269999 ], [ -71.477448114, -29.081439974 ], [ -71.477445474, -29.0814409729999 ], [ -71.477443687999894, -29.081441513999899 ], [ -71.477441875999901, -29.081441934999901 ], [ -71.477440188999907, -29.081442206 ], [ -71.477438489, -29.08144236 ], [ -71.477436748999907, -29.0814423899999 ], [ -71.47743501, -29.081442294999899 ], [ -71.4774322869999, -29.08144189 ], [ -71.47742956, -29.0814411859999 ], [ -71.477426895, -29.0814402409999 ], [ -71.477424303, -29.081439100999901 ], [ -71.477422353, -29.081438103 ], [ -71.477420453, -29.081437035 ], [ -71.477416117, -29.081434451 ], [ -71.477413949, -29.08143326 ], [ -71.477411727999893, -29.081432244 ], [ -71.477410452, -29.0814317849999 ], [ -71.477409147999893, -29.081431418 ], [ -71.47740807, -29.081431194999901 ], [ -71.477406526, -29.081430994999899 ], [ -71.477404957, -29.081430913 ], [ -71.477402609, -29.081430972 ], [ -71.477400227, -29.081431181 ], [ -71.477393095, -29.081432025 ], [ -71.477390806, -29.081432218 ], [ -71.477388499, -29.081432338 ], [ -71.477386286, -29.081432369 ], [ -71.477384065, -29.081432321 ], [ -71.477381843, -29.081432198 ], [ -71.477378976, -29.081431939 ], [ -71.477370396, -29.081430906 ], [ -71.477367543999904, -29.081430627 ], [ -71.477365086, -29.081430472 ], [ -71.477362639, -29.081430419 ], [ -71.477360191999907, -29.081430485999899 ], [ -71.477357769, -29.081430678999901 ], [ -71.477354896, -29.081431073 ], [ -71.477347981, -29.081432370999899 ], [ -71.477345632, -29.081432697 ], [ -71.477343092999902, -29.081432906 ], [ -71.477337973, -29.081433171999901 ], [ -71.477335627999906, -29.081433374 ], [ -71.4773339179999, -29.081433595 ], [ -71.477332218, -29.0814338879999 ], [ -71.477329928999893, -29.0814344039999 ], [ -71.477327316999904, -29.081435156999898 ], [ -71.477318544, -29.081438154999901 ], [ -71.477311513, -29.081440487999899 ], [ -71.477309245999905, -29.081441324 ], [ -71.477307061, -29.081442242 ], [ -71.477304992, -29.081443277999899 ], [ -71.47730359, -29.081444124 ], [ -71.477302284, -29.081445065 ], [ -71.4773011, -29.081446098 ], [ -71.47729992, -29.08144736 ], [ -71.477298436, -29.081449359 ], [ -71.477297122, -29.0814514919999 ], [ -71.4772945939999, -29.081455859999899 ], [ -71.477293524999894, -29.081457481 ], [ -71.477292354, -29.081459016999901 ], [ -71.477291301, -29.081460187999902 ], [ -71.477290158, -29.081461261999898 ], [ -71.47728892, -29.081462222 ], [ -71.477287592, -29.081463049 ], [ -71.477285702999893, -29.081463917 ], [ -71.477284292, -29.081464363999899 ], [ -71.477282835, -29.0814646699999 ], [ -71.477281165, -29.081464846 ], [ -71.47727947, -29.081464853999901 ], [ -71.477277866999898, -29.081464715 ], [ -71.477276269999905, -29.081464443 ], [ -71.477273786, -29.081463761 ], [ -71.477271382, -29.081462797 ], [ -71.477269766999896, -29.081461964 ], [ -71.477268226, -29.081461008 ], [ -71.477267008999902, -29.081460122 ], [ -71.477265855, -29.081459159 ], [ -71.477264767, -29.081458121 ], [ -71.477263748, -29.081457016999899 ], [ -71.477262649, -29.081455664 ], [ -71.477261416, -29.081453934 ], [ -71.477257952999906, -29.081448515 ], [ -71.477256564999905, -29.081446502999899 ], [ -71.477255666, -29.0814453149999 ], [ -71.477254715999905, -29.081444159999901 ], [ -71.477253081, -29.081442379999899 ], [ -71.477251324, -29.081440687999901 ], [ -71.47724929, -29.081438943 ], [ -71.477247153, -29.081437283 ], [ -71.477244935, -29.081435697 ], [ -71.477242648999905, -29.08143418 ], [ -71.477240303, -29.0814327309999 ], [ -71.477237896, -29.0814313569999 ], [ -71.477235746, -29.081430226 ], [ -71.477233553, -29.08142916 ], [ -71.477231318, -29.081428162 ], [ -71.477228731, -29.081427113 ], [ -71.477226104, -29.081426144 ], [ -71.477223446, -29.081425243 ], [ -71.477215206, -29.0814226869999 ], [ -71.477212509, -29.0814217829999 ], [ -71.477209876, -29.081420785 ], [ -71.477207843, -29.0814198959999 ], [ -71.477205877, -29.081418916 ], [ -71.477203985999907, -29.081417841 ], [ -71.477201973, -29.081416525999899 ], [ -71.477200057999895, -29.081415116 ], [ -71.477194835, -29.081410913 ], [ -71.4771930429999, -29.081409632 ], [ -71.477190723, -29.081408279999899 ], [ -71.477188838, -29.081407447999901 ], [ -71.4771869799999, -29.0814068399999 ], [ -71.477185053, -29.081406403 ], [ -71.477182719, -29.0814061 ], [ -71.477180081, -29.081406003 ], [ -71.477177401999896, -29.081406111 ], [ -71.477174703999907, -29.081406387 ], [ -71.477172005999904, -29.081406808999901 ], [ -71.477169326, -29.081407366999901 ], [ -71.477166682, -29.081408062 ], [ -71.477164758999905, -29.081408665 ], [ -71.477162867999894, -29.0814093289999 ], [ -71.477158145, -29.081411122 ], [ -71.477156524999899, -29.081411686 ], [ -71.477154894, -29.081412182 ], [ -71.477152520999894, -29.081412735 ], [ -71.477150128999895, -29.081413063 ], [ -71.47714845, -29.081413138 ], [ -71.477146773999905, -29.081413079 ], [ -71.477144862, -29.081412842 ], [ -71.477142973, -29.081412433 ], [ -71.477141624, -29.081412037 ], [ -71.477140291999902, -29.081411567 ], [ -71.477137990999907, -29.081410594 ], [ -71.477135722, -29.081409489999899 ], [ -71.477128923, -29.081405967 ], [ -71.477126591999905, -29.081404898999899 ], [ -71.477124369, -29.081404032 ], [ -71.477122086, -29.0814033149999 ], [ -71.477119288, -29.081402680999901 ], [ -71.477117568, -29.0814024159999 ], [ -71.477115828, -29.081402228999899 ], [ -71.477113469, -29.081402082 ], [ -71.477111088, -29.081402018999899 ], [ -71.477103815, -29.081401967 ], [ -71.477101344999895, -29.081401889999899 ], [ -71.477098662999893, -29.0814017279999 ], [ -71.477095989, -29.081401479 ], [ -71.477093327, -29.081401136999901 ], [ -71.477090883999907, -29.081400732 ], [ -71.477088460999894, -29.081400239999901 ], [ -71.477085792, -29.081399592 ], [ -71.477083157, -29.0813988479999 ], [ -71.477073665, -29.081395755 ], [ -71.477071295, -29.081395072 ], [ -71.477069152999903, -29.0813945519999 ], [ -71.477067002, -29.081394138999901 ], [ -71.477064849, -29.08139385 ], [ -71.477062492, -29.081393702 ], [ -71.477060151, -29.0813937469999 ], [ -71.47705795, -29.081393987 ], [ -71.477055790999898, -29.0813944239999 ], [ -71.477053601, -29.081395093 ], [ -71.477051995, -29.081395728 ], [ -71.477050424, -29.081396454 ], [ -71.477048459999907, -29.0813974829999 ], [ -71.477042344, -29.081400914 ], [ -71.477040057999901, -29.081402050999898 ], [ -71.477038053999905, -29.081402916999899 ], [ -71.477035996, -29.081403674999901 ], [ -71.477033299, -29.081404468999899 ], [ -71.477030532, -29.08140508 ], [ -71.477028489, -29.081405412 ], [ -71.477026423, -29.081405662999899 ], [ -71.477024337, -29.081405840999899 ], [ -71.477021435, -29.081405985999901 ], [ -71.477018514999898, -29.081406043 ], [ -71.477003802999903, -29.081405929 ], [ -71.477000863999905, -29.081405971 ], [ -71.476997932, -29.081406086 ], [ -71.476993149, -29.081406463 ], [ -71.476984915999907, -29.081407339999899 ], [ -71.476982516, -29.081407527 ], [ -71.476980111, -29.0814076529999 ], [ -71.4769777019999, -29.081407708 ], [ -71.476974812, -29.081407673999902 ], [ -71.476971918999894, -29.081407551 ], [ -71.476969021999906, -29.081407360999901 ], [ -71.47696322, -29.081406854 ], [ -71.476948681, -29.081405403 ], [ -71.47694577, -29.081405171 ], [ -71.476942860999898, -29.081404994 ], [ -71.476939955, -29.081404894999899 ], [ -71.476937417, -29.081404892 ], [ -71.476934888999907, -29.081404974 ], [ -71.476932376, -29.081405146 ], [ -71.476929885999894, -29.0814054209999 ], [ -71.476927605, -29.081405780999901 ], [ -71.476925358999907, -29.081406243999901 ], [ -71.476923155999899, -29.081406813999902 ], [ -71.476920698, -29.081407605 ], [ -71.476918326, -29.081408544999899 ], [ -71.476916060999898, -29.081409638 ], [ -71.476914143, -29.081410753999901 ], [ -71.476912344, -29.081411994 ], [ -71.476910678, -29.081413353 ], [ -71.476909475999904, -29.081414497 ], [ -71.476908357999903, -29.081415695 ], [ -71.476904614, -29.081420228 ], [ -71.476903445999895, -29.081421491999901 ], [ -71.476902207, -29.081422631999899 ], [ -71.476900596, -29.081423776999902 ], [ -71.476899252, -29.081424458999901 ], [ -71.476897913999906, -29.081424915 ], [ -71.476896535, -29.081425176 ], [ -71.476895232999894, -29.081425238 ], [ -71.476893933, -29.0814251259999 ], [ -71.476892087, -29.081424657 ], [ -71.476890145, -29.081423738999899 ], [ -71.476888832, -29.081422831999902 ], [ -71.476887623, -29.081421755999902 ], [ -71.476886142999902, -29.081420055 ], [ -71.476884771, -29.081418044 ], [ -71.476882707, -29.081414525 ], [ -71.476881593, -29.081412789999899 ], [ -71.47688012, -29.0814109199999 ], [ -71.476879069999896, -29.081409842 ], [ -71.476877919999893, -29.081408842 ], [ -71.476876172999894, -29.081407595 ], [ -71.476874268999893, -29.081406506 ], [ -71.476871983, -29.081405468 ], [ -71.476869566999895, -29.081404591 ], [ -71.47686708, -29.08140386 ], [ -71.476864521, -29.081403239999901 ], [ -71.476861909, -29.0814027119999 ], [ -71.47685926, -29.081402265 ], [ -71.476856584, -29.081401897 ], [ -71.476853892, -29.081401612 ], [ -71.476851186, -29.081401421 ], [ -71.476849231999907, -29.081401351999901 ], [ -71.476847276999905, -29.081401345 ], [ -71.476844798999906, -29.0814014269999 ], [ -71.476842328, -29.0814016049999 ], [ -71.476839867, -29.081401867999901 ], [ -71.476836847999905, -29.081402302999901 ], [ -71.476833858, -29.0814028459999 ], [ -71.476830903999897, -29.081403489 ], [ -71.476828, -29.081404237 ], [ -71.476825162, -29.081405103999899 ], [ -71.476823082, -29.0814058469999 ], [ -71.47682106, -29.081406675 ], [ -71.47681915, -29.0814075649999 ], [ -71.476817303, -29.081408521999901 ], [ -71.476812999999893, -29.08141094 ], [ -71.476810843, -29.081412047 ], [ -71.476808488, -29.0814130169999 ], [ -71.476807244, -29.08141341 ], [ -71.476805237999898, -29.081413874 ], [ -71.476803173, -29.081414165 ], [ -71.476801125, -29.081414314 ], [ -71.476793603, -29.081414558999899 ], [ -71.476790216, -29.081414821 ], [ -71.476785132, -29.081415326 ], [ -71.47678258, -29.081415519 ], [ -71.476780261, -29.081415598 ], [ -71.476777937999898, -29.081415564999901 ], [ -71.476775446, -29.08141539 ], [ -71.476772963, -29.081415089 ], [ -71.476764186, -29.081413612999899 ], [ -71.476761968999895, -29.081413332999901 ], [ -71.476760472, -29.081413198 ], [ -71.476758968, -29.081413111 ], [ -71.476757231, -29.081413077 ], [ -71.47675549, -29.081413112 ], [ -71.476752878999903, -29.081413289 ], [ -71.476750271999904, -29.081413594 ], [ -71.476747669, -29.081414002 ], [ -71.476745074, -29.081414499999902 ], [ -71.476742332, -29.081415112999899 ], [ -71.47673687, -29.081416508 ], [ -71.476725815999899, -29.081419474 ], [ -71.476717193, -29.081421583999902 ], [ -71.476708522, -29.081423529999899 ], [ -71.476702711, -29.0814247009999 ], [ -71.476699791, -29.081425225 ], [ -71.476697015999903, -29.081425673999899 ], [ -71.476691441, -29.081426469 ], [ -71.476674611, -29.081428602 ], [ -71.476660043, -29.0814306249999 ], [ -71.476654154, -29.0814314039999 ], [ -71.476651209999901, -29.08143174 ], [ -71.476648269999899, -29.081432014 ], [ -71.476645941999905, -29.08143217 ], [ -71.476643625999898, -29.081432263 ], [ -71.476641327, -29.081432279999898 ], [ -71.476639054, -29.081432207 ], [ -71.47663656, -29.0814319949999 ], [ -71.476634132, -29.081431619999901 ], [ -71.476632013, -29.081431116 ], [ -71.476629989999907, -29.081430441 ], [ -71.476628188999896, -29.081429638 ], [ -71.476626516, -29.081428672 ], [ -71.476624731999905, -29.081427332 ], [ -71.476623175, -29.081425797 ], [ -71.4766218, -29.081423994 ], [ -71.476620713, -29.081422030999899 ], [ -71.476620091, -29.08142043 ], [ -71.476619653999904, -29.081418766 ], [ -71.476619376, -29.081416730999901 ], [ -71.476619325999906, -29.081414657 ], [ -71.476619421, -29.08141305 ], [ -71.476619599999907, -29.081411444 ], [ -71.476620287999907, -29.081406704 ], [ -71.476620472, -29.081404404 ], [ -71.476620418, -29.081402639 ], [ -71.476620088999894, -29.081400811 ], [ -71.476619291, -29.081398813 ], [ -71.476618006, -29.081397012 ], [ -71.4766164, -29.081395583 ], [ -71.476614447, -29.08139441 ], [ -71.476612233, -29.081393493 ], [ -71.476610165999901, -29.081392896999901 ], [ -71.476607983999898, -29.0813924559999 ], [ -71.476605714999906, -29.0813921509999 ], [ -71.476603275999906, -29.081391961 ], [ -71.476600785999906, -29.081391880999899 ], [ -71.476598262, -29.081391889 ], [ -71.476595716, -29.08139197 ], [ -71.476592926, -29.08139213 ], [ -71.476590127999899, -29.081392342 ], [ -71.476576103999903, -29.081393595 ], [ -71.476570167, -29.081393959 ], [ -71.476564357, -29.081394117999899 ], [ -71.476553006, -29.081394078999899 ], [ -71.476547357999905, -29.081394119 ], [ -71.476544544, -29.081394213 ], [ -71.476540453, -29.081394493999898 ], [ -71.476538419999898, -29.08139471 ], [ -71.476536053, -29.081395036999901 ], [ -71.476533702, -29.081395438999898 ], [ -71.476531366, -29.081395914 ], [ -71.476528862, -29.0813965 ], [ -71.476519035, -29.08139907 ], [ -71.476514285999897, -29.081400162 ], [ -71.476511316, -29.081400732 ], [ -71.476508326, -29.0814012129999 ], [ -71.476505323, -29.0814016049999 ], [ -71.476502583, -29.081401877 ], [ -71.476499835, -29.081402069 ], [ -71.476497084999906, -29.081402179999898 ], [ -71.476494335, -29.0814022009999 ], [ -71.476491672, -29.081402125999901 ], [ -71.476489016, -29.081401963 ], [ -71.476486372999901, -29.081401715 ], [ -71.476484292999899, -29.081401459999899 ], [ -71.476477164999906, -29.081400381 ], [ -71.476474650999904, -29.081400034 ], [ -71.476472144, -29.081399777999899 ], [ -71.476469369, -29.081399652999899 ], [ -71.476467505999906, -29.081399685 ], [ -71.476465655, -29.081399818 ], [ -71.476463442999901, -29.08140012 ], [ -71.476461265, -29.0814005679999 ], [ -71.476459687, -29.081400987999899 ], [ -71.476458131999905, -29.081401475 ], [ -71.476455695, -29.08140236 ], [ -71.476450891999903, -29.0814042609999 ], [ -71.476448478, -29.081405124 ], [ -71.476445974999905, -29.081405839999899 ], [ -71.476444447999896, -29.081406161 ], [ -71.476442904999899, -29.081406388999898 ], [ -71.476441059, -29.081406527 ], [ -71.476439204, -29.081406525 ], [ -71.476436978, -29.081406349 ], [ -71.476434753, -29.081406016 ], [ -71.476432583, -29.081405574 ], [ -71.476424138, -29.081403506999902 ], [ -71.476422065999898, -29.081403050999899 ], [ -71.476417957, -29.081402297 ], [ -71.47641508, -29.081401877 ], [ -71.476412183, -29.081401517 ], [ -71.476400623, -29.0814002279999 ], [ -71.476395013999905, -29.081399439999899 ], [ -71.476392344, -29.081398987999901 ], [ -71.476387052999897, -29.081397928999898 ], [ -71.476384435999904, -29.081397318 ], [ -71.476381846, -29.08139664 ], [ -71.476379644, -29.081395995 ], [ -71.476377468, -29.0813952899999 ], [ -71.476375326, -29.081394520999901 ], [ -71.476373221, -29.081393681999899 ], [ -71.47637072, -29.081392557999902 ], [ -71.476368288999893, -29.081391322999899 ], [ -71.476366075, -29.081390069 ], [ -71.476363921, -29.081388731999901 ], [ -71.476361679, -29.081387225999901 ], [ -71.47635948, -29.081385661 ], [ -71.476352966, -29.0813808579999 ], [ -71.476350769, -29.08137929 ], [ -71.476348528999907, -29.081377776 ], [ -71.476346518999904, -29.081376512 ], [ -71.476344463, -29.081375310999899 ], [ -71.476342358999901, -29.081374179 ], [ -71.476340024, -29.081373036999899 ], [ -71.476337637, -29.081371974 ], [ -71.476335139999904, -29.081370955999901 ], [ -71.476332608999897, -29.081369993 ], [ -71.47632748, -29.081368172999898 ], [ -71.476317139999907, -29.0813646349999 ], [ -71.476311989, -29.081362752 ], [ -71.476309426999904, -29.081361753 ], [ -71.476306885, -29.081360715999899 ], [ -71.4763015999999, -29.081358409 ], [ -71.476288490999906, -29.081352285 ], [ -71.476285823999902, -29.081351124 ], [ -71.47628313, -29.081350073 ], [ -71.476281282999906, -29.081349449 ], [ -71.476279416999901, -29.081348911 ], [ -71.476277530999894, -29.081348471999899 ], [ -71.476275960999899, -29.081348197 ], [ -71.476274380999897, -29.081348001 ], [ -71.476272685, -29.081347878 ], [ -71.476270986, -29.081347833999899 ], [ -71.476264039999904, -29.081348014 ], [ -71.476262123, -29.081347988999902 ], [ -71.47626023, -29.081347861 ], [ -71.476258459999897, -29.081347616999899 ], [ -71.476256736, -29.081347235 ], [ -71.476254862, -29.081346622999899 ], [ -71.476252819, -29.081345681 ], [ -71.476250913999905, -29.081344509 ], [ -71.476249697, -29.08134359 ], [ -71.476248545, -29.081342588 ], [ -71.476246682, -29.081340688999902 ], [ -71.476245332, -29.081339129 ], [ -71.476242693, -29.081335915999901 ], [ -71.476241326, -29.081334332 ], [ -71.476240392, -29.0813333299999 ], [ -71.476239417, -29.081332361 ], [ -71.476238242, -29.081331303 ], [ -71.476237001999905, -29.081330307 ], [ -71.476235685999896, -29.081329373 ], [ -71.476234306, -29.081328511 ], [ -71.476232383, -29.081327475 ], [ -71.476230373, -29.081326553999901 ], [ -71.476228116999906, -29.081325664 ], [ -71.476218743999894, -29.081322443 ], [ -71.476216414, -29.081321529 ], [ -71.476214431, -29.081320651999899 ], [ -71.476212508999893, -29.081319689999901 ], [ -71.4762102669999, -29.081318395 ], [ -71.476208147, -29.081316961 ], [ -71.4762062839999, -29.081315487 ], [ -71.476204545, -29.081313897 ], [ -71.47620332, -29.08131263 ], [ -71.476202163, -29.081311308999901 ], [ -71.476200715999894, -29.08130948 ], [ -71.476199342, -29.081307595999899 ], [ -71.476195328999907, -29.081301858 ], [ -71.476193923, -29.081299988 ], [ -71.476192329999904, -29.081298058 ], [ -71.47619063, -29.081296209999898 ], [ -71.476188903, -29.081294532 ], [ -71.476187094, -29.081292931 ], [ -71.476182004999899, -29.0812887189999 ], [ -71.476180402, -29.081287265 ], [ -71.476178892999897, -29.08128571 ], [ -71.476177532999898, -29.08128406 ], [ -71.476176112, -29.0812819299999 ], [ -71.476174999, -29.081279852 ], [ -71.476174011999902, -29.081277699999902 ], [ -71.476171606, -29.081272005 ], [ -71.476170576, -29.081269705999901 ], [ -71.476167234999906, -29.081262664999901 ], [ -71.476166180999897, -29.081260291 ], [ -71.476165193, -29.081257818 ], [ -71.476164312, -29.081255314 ], [ -71.476163546999899, -29.081252782 ], [ -71.476162954999893, -29.081250439 ], [ -71.476162455, -29.081248082999899 ], [ -71.476161149999896, -29.081240674 ], [ -71.476160632999907, -29.081238255999899 ], [ -71.47616004, -29.081236087 ], [ -71.476159298, -29.08123398 ], [ -71.476158369, -29.0812319569999 ], [ -71.476157149999906, -29.081229951 ], [ -71.476156235, -29.081228741 ], [ -71.476155223, -29.081227586 ], [ -71.476153957999898, -29.081226335999901 ], [ -71.476152596, -29.081225146 ], [ -71.476150928, -29.081223824999899 ], [ -71.476145687, -29.0812199769999 ], [ -71.476143695, -29.0812184239999 ], [ -71.476141785, -29.0812167939999 ], [ -71.47613998, -29.081215057 ], [ -71.476138313, -29.081213220999899 ], [ -71.476136939999904, -29.081211478999901 ], [ -71.476135696, -29.0812096619999 ], [ -71.476134467, -29.081207563 ], [ -71.476133381, -29.081205395 ], [ -71.476132424999903, -29.081203168999899 ], [ -71.476131541, -29.081200747 ], [ -71.476130774, -29.081198284 ], [ -71.476130106, -29.08119579 ], [ -71.476129633, -29.08119377 ], [ -71.476128812999903, -29.081189706 ], [ -71.476127519, -29.081182708 ], [ -71.476126990999902, -29.081180414999899 ], [ -71.476126346999905, -29.081178162 ], [ -71.476125544999903, -29.0811759649999 ], [ -71.476124576, -29.081173829 ], [ -71.476123585, -29.081172016 ], [ -71.476122480999905, -29.0811702519999 ], [ -71.476120927999901, -29.08116804 ], [ -71.476117696999907, -29.08116366 ], [ -71.476116304, -29.081161611 ], [ -71.476115323, -29.0811600239999 ], [ -71.476114401, -29.081158405999901 ], [ -71.476113342, -29.081156389999901 ], [ -71.476110268999903, -29.081150264 ], [ -71.476108284, -29.0811467629999 ], [ -71.476106863, -29.081144515999899 ], [ -71.476105355, -29.081142311 ], [ -71.476103768, -29.081140143 ], [ -71.476102273, -29.081138223 ], [ -71.476100725, -29.081136334999901 ], [ -71.476097487999894, -29.081132651 ], [ -71.476095804, -29.081130861 ], [ -71.476094071, -29.0811291099999 ], [ -71.476091648, -29.081126808 ], [ -71.476086935, -29.081122471 ], [ -71.476085438, -29.081120985 ], [ -71.476083684999907, -29.081119059999899 ], [ -71.47608208, -29.081117046 ], [ -71.476080625, -29.081114910999901 ], [ -71.476079319999897, -29.081112695999899 ], [ -71.476078244, -29.081110641 ], [ -71.476075222, -29.081104364999899 ], [ -71.476074152, -29.081102297 ], [ -71.476073105, -29.081100460999899 ], [ -71.476071976, -29.0810986659999 ], [ -71.476070755, -29.081096918999901 ], [ -71.476069324, -29.081095085 ], [ -71.476067794999906, -29.081093309 ], [ -71.476066359999905, -29.081091767 ], [ -71.476060707, -29.0810860089999 ], [ -71.476057818, -29.0810828309999 ], [ -71.476056152999902, -29.081080851 ], [ -71.476050228, -29.0810732959999 ], [ -71.476048703999894, -29.081071439 ], [ -71.476046528, -29.081068968999901 ], [ -71.476040801, -29.081062846 ], [ -71.476039266, -29.0810610629999 ], [ -71.476037807, -29.081059229999902 ], [ -71.476036285, -29.08105713 ], [ -71.476034856999902, -29.081054976 ], [ -71.47603351, -29.081052778 ], [ -71.476028766999903, -29.081044334999898 ], [ -71.47602753, -29.081042265 ], [ -71.476026213, -29.081040248 ], [ -71.476024792, -29.081038312 ], [ -71.476023246, -29.081036463 ], [ -71.476021703999905, -29.081034852999899 ], [ -71.476020054999907, -29.081033332999901 ], [ -71.476017885, -29.081031574999901 ], [ -71.476016282, -29.081030405 ], [ -71.476011289, -29.081026961 ], [ -71.476009704, -29.081025748999899 ], [ -71.476007804999895, -29.08102403 ], [ -71.476006833, -29.081022953999899 ], [ -71.476005966999907, -29.081021817 ], [ -71.476005118, -29.08102044 ], [ -71.476004423999896, -29.081018991999901 ], [ -71.476003716, -29.081016904 ], [ -71.476003262999896, -29.0810147299999 ], [ -71.476003084, -29.081013208999899 ], [ -71.476002993, -29.081011666999899 ], [ -71.476003011, -29.0810038 ], [ -71.476002882, -29.081001732999901 ], [ -71.476002593, -29.08099971 ], [ -71.476002046, -29.080997571 ], [ -71.476001238, -29.080995542 ], [ -71.476000395, -29.080994029 ], [ -71.475999376999894, -29.080992629 ], [ -71.475997948, -29.080991143999899 ], [ -71.475996, -29.0809896989999 ], [ -71.475994483, -29.080988890999901 ], [ -71.475992848, -29.080988256 ], [ -71.475991243, -29.080987829 ], [ -71.475989568, -29.080987553999901 ], [ -71.475987257, -29.0809874199999 ], [ -71.475985100999907, -29.080987503 ], [ -71.475982907999907, -29.080987743 ], [ -71.47598069, -29.0809881079999 ], [ -71.475978272, -29.08098861 ], [ -71.475970961, -29.080990327999899 ], [ -71.475968512999899, -29.080990819 ], [ -71.47596619, -29.080991175999898 ], [ -71.475963878, -29.080991400999899 ], [ -71.475962099999904, -29.080991466999901 ], [ -71.475960346, -29.080991428999901 ], [ -71.475958235999897, -29.080991232 ], [ -71.475956197999906, -29.080990868 ], [ -71.475954258999906, -29.080990336 ], [ -71.475952035, -29.080989432 ], [ -71.475950064, -29.080988268999899 ], [ -71.475948392, -29.080986827999901 ], [ -71.475947643, -29.080985934 ], [ -71.475947027, -29.0809849739999 ], [ -71.475946397, -29.080983492 ], [ -71.475946091, -29.080982037999899 ], [ -71.475946041, -29.080980525 ], [ -71.475946362999906, -29.080978367999901 ], [ -71.475947059, -29.080976179999901 ], [ -71.475947903, -29.080974262 ], [ -71.475948886, -29.0809723429999 ], [ -71.475950979999894, -29.080968476 ], [ -71.475951948, -29.080966515999901 ], [ -71.475952758999895, -29.080964567 ], [ -71.475953375, -29.0809625959999 ], [ -71.475953757999903, -29.080960518 ], [ -71.475953848999893, -29.080959056 ], [ -71.475953787, -29.080957603999899 ], [ -71.475953594, -29.0809562919999 ], [ -71.475953268, -29.080955005 ], [ -71.475952472999893, -29.080952996 ], [ -71.475951486, -29.08095128 ], [ -71.475950266, -29.080949658999899 ], [ -71.47594865, -29.080947964 ], [ -71.475946817, -29.080946395 ], [ -71.475945203, -29.0809452129999 ], [ -71.475943499, -29.0809440969999 ], [ -71.475941279, -29.0809427679999 ], [ -71.475936735999895, -29.080940177999899 ], [ -71.475934509, -29.080938827999901 ], [ -71.475933105, -29.080937898999899 ], [ -71.475931747999894, -29.080936922 ], [ -71.475930445999893, -29.0809358889999 ], [ -71.475929208, -29.080934801999899 ], [ -71.475927869, -29.080933482 ], [ -71.475926624, -29.080932092 ], [ -71.475925623, -29.08093084 ], [ -71.475924686, -29.080929544999901 ], [ -71.475923415, -29.080927598 ], [ -71.47591983, -29.080921593 ], [ -71.475918484, -29.0809195309999 ], [ -71.475917024, -29.080917529 ], [ -71.475915458, -29.080915639999901 ], [ -71.475913775, -29.080913821 ], [ -71.47591198, -29.080912054999899 ], [ -71.475910111, -29.080910338 ], [ -71.475908191, -29.080908655 ], [ -71.475904269999901, -29.080905356 ], [ -71.475902278, -29.080903744 ], [ -71.475900252, -29.080902176999899 ], [ -71.475898179, -29.080900675999899 ], [ -71.475895903, -29.0808991809999 ], [ -71.475893544, -29.080897816999901 ], [ -71.475891041, -29.080896590999899 ], [ -71.475888449, -29.080895541 ], [ -71.475885776, -29.08089468 ], [ -71.475883672, -29.0808941609999 ], [ -71.475881531, -29.0808937649999 ], [ -71.475879361, -29.080893484999901 ], [ -71.475877495, -29.0808933399999 ], [ -71.475875618, -29.080893268999901 ], [ -71.475872829, -29.080893269999901 ], [ -71.475867237, -29.080893391 ], [ -71.475864943, -29.080893384 ], [ -71.475862658, -29.080893298 ], [ -71.475860232999906, -29.080893089 ], [ -71.475857836, -29.0808927429999 ], [ -71.475856085, -29.080892391 ], [ -71.475854356, -29.08089196 ], [ -71.475851728999899, -29.080891140999899 ], [ -71.475849167, -29.080890161 ], [ -71.475846675, -29.080889032999899 ], [ -71.475844679, -29.080887996999898 ], [ -71.475842736999894, -29.080886876 ], [ -71.475841271, -29.080885958 ], [ -71.4758378719999, -29.0808836379999 ], [ -71.47583399, -29.080880871 ], [ -71.475832023, -29.080879539 ], [ -71.475830006, -29.080878288 ], [ -71.475827841, -29.080877114 ], [ -71.475825593, -29.080876087 ], [ -71.475823923999897, -29.080875453 ], [ -71.475822214999894, -29.080874907999899 ], [ -71.475819437, -29.0808742319999 ], [ -71.475817452999905, -29.0808738869999 ], [ -71.475815438, -29.0808736349999 ], [ -71.475812514, -29.080873407 ], [ -71.475809555999902, -29.0808732899999 ], [ -71.475803587, -29.080873188999899 ], [ -71.475798429, -29.080873021999899 ], [ -71.475796271, -29.080872879 ], [ -71.475794126, -29.080872675 ], [ -71.475791753, -29.080872363 ], [ -71.475789409999905, -29.0808719529999 ], [ -71.475787107, -29.080871438 ], [ -71.475784453, -29.080870677999901 ], [ -71.475781881, -29.080869757999899 ], [ -71.475779411, -29.080868676 ], [ -71.475777404, -29.080867618 ], [ -71.475775498, -29.080866436999901 ], [ -71.475773707, -29.0808651319999 ], [ -71.475772224, -29.080863861999902 ], [ -71.475770847, -29.080862497999899 ], [ -71.475769581999899, -29.080861048 ], [ -71.475768119999898, -29.08085906 ], [ -71.475766818, -29.0808569709999 ], [ -71.475765721999906, -29.080854976999898 ], [ -71.475763629, -29.080850938 ], [ -71.475762517, -29.080848936999899 ], [ -71.475761303, -29.080846999999899 ], [ -71.475760099999903, -29.080845350999901 ], [ -71.47575877, -29.080843796 ], [ -71.475757659, -29.080842683 ], [ -71.475756466999897, -29.080841639 ], [ -71.47575461, -29.080840255999899 ], [ -71.475752616, -29.080839008999899 ], [ -71.475750875, -29.080838066 ], [ -71.4757490759999, -29.080837188 ], [ -71.475745001, -29.080835384999901 ], [ -71.475742728999904, -29.0808344719999 ], [ -71.475740419, -29.080833632999902 ], [ -71.475738492999895, -29.0808330149999 ], [ -71.475732525, -29.080831302 ], [ -71.47573055, -29.080830684 ], [ -71.475728355999905, -29.0808298819999 ], [ -71.475726252999905, -29.080828955 ], [ -71.475724442999905, -29.0808279889999 ], [ -71.475722738999906, -29.080826905 ], [ -71.475721157999899, -29.080825703 ], [ -71.475719816, -29.080824481 ], [ -71.475718597, -29.080823164 ], [ -71.475717508999907, -29.080821758 ], [ -71.475716763, -29.080820618 ], [ -71.475716097, -29.080819432999899 ], [ -71.475715357999903, -29.0808178619999 ], [ -71.475714734999897, -29.080816237 ], [ -71.475714084999893, -29.080814114 ], [ -71.475713541999895, -29.080811946 ], [ -71.475712549, -29.080807546 ], [ -71.475711992, -29.080805346 ], [ -71.475711181999898, -29.080802741 ], [ -71.475710192, -29.080800198 ], [ -71.475709152, -29.080797964999899 ], [ -71.475707998, -29.080795767 ], [ -71.475706755, -29.0807935989999 ], [ -71.475705440999903, -29.080791453 ], [ -71.475704075, -29.080789325 ], [ -71.47570122, -29.080785117999898 ], [ -71.475692991, -29.080773762 ], [ -71.475686626, -29.080764492 ], [ -71.475680392999905, -29.080755912 ], [ -71.475678903, -29.0807537499999 ], [ -71.4756775, -29.080751554 ], [ -71.47567628, -29.080749425 ], [ -71.475675188, -29.080747254 ], [ -71.475674246, -29.080745038 ], [ -71.475673496, -29.08074283 ], [ -71.475672911999894, -29.080740583 ], [ -71.475672492999905, -29.080738317999899 ], [ -71.4756722179999, -29.080736027999901 ], [ -71.475672058, -29.080733497 ], [ -71.475671995, -29.080730951 ], [ -71.475671964, -29.0807258369999 ], [ -71.475671902, -29.080723276999901 ], [ -71.475671775, -29.080721006 ], [ -71.47567157, -29.080718740999899 ], [ -71.475671276999904, -29.0807164829999 ], [ -71.475670835999907, -29.080713972 ], [ -71.475670296, -29.08071147 ], [ -71.475669017, -29.08070649 ], [ -71.475667573, -29.080701534 ], [ -71.475665331999906, -29.080694133 ], [ -71.475664646, -29.080691667999901 ], [ -71.475664041, -29.080689196 ], [ -71.475663637, -29.080687182 ], [ -71.475663321999903, -29.080685162999899 ], [ -71.475663114, -29.08068314 ], [ -71.4756630319999, -29.08068129 ], [ -71.475663052999906, -29.080679441 ], [ -71.475663185, -29.080677595999902 ], [ -71.475663454, -29.080675604 ], [ -71.475663848, -29.0806736239999 ], [ -71.475664445999897, -29.08067133 ], [ -71.475665151, -29.080669048999901 ], [ -71.475665925, -29.080666774 ], [ -71.475670717, -29.080653124 ], [ -71.475672402, -29.080648794 ], [ -71.475676687, -29.080638689999901 ], [ -71.4756781359999, -29.080634915 ], [ -71.475678949, -29.080632599999898 ], [ -71.4756804149999, -29.080627931 ], [ -71.475681069, -29.080625582 ], [ -71.475681659, -29.0806232219999 ], [ -71.475682213, -29.080620671 ], [ -71.47568268, -29.0806181099999 ], [ -71.475683052, -29.080615543 ], [ -71.475683312999905, -29.080612969999901 ], [ -71.475683430999894, -29.080610782999901 ], [ -71.475683455, -29.080608594999902 ], [ -71.4756833819999, -29.080606411 ], [ -71.475683195, -29.080604072 ], [ -71.4756829089999, -29.0806017429999 ], [ -71.475682537999901, -29.0805994259999 ], [ -71.475681101, -29.080592443999901 ], [ -71.475680729, -29.080590409 ], [ -71.475680461, -29.080588371 ], [ -71.475680337, -29.080586109 ], [ -71.475680398999899, -29.080583811999901 ], [ -71.475680602, -29.080581510999899 ], [ -71.475681558, -29.0805745709999 ], [ -71.475681844, -29.080572243999899 ], [ -71.47568203, -29.080570109999901 ], [ -71.475682128, -29.080567970999901 ], [ -71.475682122, -29.080565747 ], [ -71.475682005, -29.080563522 ], [ -71.475681772, -29.080561272999901 ], [ -71.475681438, -29.080559029 ], [ -71.475681018, -29.0805567899999 ], [ -71.475680454, -29.080554278 ], [ -71.475679135999897, -29.080549269999899 ], [ -71.475676308999894, -29.080539271 ], [ -71.475675668, -29.080536762999898 ], [ -71.475675095, -29.0805342479999 ], [ -71.475674624, -29.080531724 ], [ -71.475674311, -29.08052946 ], [ -71.475674103999907, -29.080527189 ], [ -71.475674002999895, -29.080524910999898 ], [ -71.475674015, -29.080522469 ], [ -71.475674129, -29.080520024999899 ], [ -71.475674324, -29.080517579999899 ], [ -71.475674904, -29.0805126929999 ], [ -71.475675705, -29.080507818999902 ], [ -71.475676194999906, -29.080505393 ], [ -71.475676759999899, -29.080502979 ], [ -71.475677418, -29.0805005839999 ], [ -71.475678242, -29.080498040999899 ], [ -71.475679172, -29.0804955209999 ], [ -71.475680187, -29.080493020999899 ], [ -71.475684386999902, -29.08048351 ], [ -71.475685327999898, -29.080481144 ], [ -71.475686139999894, -29.0804787769999 ], [ -71.475686659, -29.0804768789999 ], [ -71.475687031999897, -29.080474989 ], [ -71.47568724, -29.080473011 ], [ -71.475687234, -29.080471068 ], [ -71.47568706, -29.080469578 ], [ -71.475686732, -29.080468133 ], [ -71.475686177999904, -29.080466597999902 ], [ -71.475685422, -29.080465155 ], [ -71.475684741999899, -29.0804641719999 ], [ -71.47568396, -29.080463256 ], [ -71.475682967, -29.080462317 ], [ -71.475681866999906, -29.0804614739999 ], [ -71.475680735, -29.080460763 ], [ -71.47567954, -29.08046014 ], [ -71.475677342, -29.080459236 ], [ -71.475671451, -29.080457388 ], [ -71.475669688, -29.080456588999901 ], [ -71.475668578, -29.0804557189999 ], [ -71.4756681329999, -29.080455125 ], [ -71.475667728, -29.080454062999902 ], [ -71.475667675999901, -29.080452441 ], [ -71.475667997999906, -29.0804506489999 ], [ -71.4756689499999, -29.080446739 ], [ -71.475669266, -29.080444728 ], [ -71.475669322, -29.080442903999899 ], [ -71.475669087, -29.080441209 ], [ -71.475668737, -29.080440186 ], [ -71.4756682189999, -29.080439295 ], [ -71.475667726, -29.080438748999899 ], [ -71.475666493999896, -29.080437983 ], [ -71.475665106, -29.080437674999899 ], [ -71.475663986, -29.080437681 ], [ -71.475662798, -29.080437861999901 ], [ -71.475660776, -29.080438473 ], [ -71.475658682, -29.080439406 ], [ -71.475656398999902, -29.0804406889999 ], [ -71.475654097, -29.080442178999899 ], [ -71.475651782999904, -29.080443812999899 ], [ -71.4756494599999, -29.0804455379999 ], [ -71.475642428999905, -29.080450925 ], [ -71.47563765, -29.080454458 ], [ -71.475626789, -29.080462032 ], [ -71.475624828, -29.080463449 ], [ -71.475621092, -29.080466338999901 ], [ -71.475619286, -29.080467838999901 ], [ -71.475617175, -29.080469695 ], [ -71.475615128, -29.0804716019999 ], [ -71.475613142, -29.080473556999902 ], [ -71.4756114529999, -29.080475302 ], [ -71.475604833, -29.0804823789999 ], [ -71.475603129, -29.080484106 ], [ -71.47560129, -29.080485871999901 ], [ -71.47559749, -29.080489306999901 ], [ -71.475587729, -29.08049768 ], [ -71.475583782999905, -29.08050098 ], [ -71.475581776, -29.080502601 ], [ -71.475579736, -29.080504189 ], [ -71.475577477999906, -29.080505865 ], [ -71.475572858, -29.080509123999899 ], [ -71.475563502999904, -29.080515525 ], [ -71.475558747, -29.080518629 ], [ -71.475556347999898, -29.080520089999901 ], [ -71.475547138, -29.080525466 ], [ -71.475538855, -29.080530446999902 ], [ -71.475536716, -29.080531648 ], [ -71.475534693, -29.080532648 ], [ -71.475532825999906, -29.080533355999901 ], [ -71.475531168, -29.080533655 ], [ -71.475530437, -29.0805336069999 ], [ -71.475529718, -29.080533368 ], [ -71.475529503, -29.080533237999902 ], [ -71.475528805, -29.080532488 ], [ -71.475528364, -29.080531431999901 ], [ -71.475528154, -29.080530141999901 ], [ -71.475528181, -29.080528347 ], [ -71.47552846, -29.080526365 ], [ -71.475528943, -29.080524254999901 ], [ -71.4755296, -29.080522062999901 ], [ -71.475530464, -29.080519678 ], [ -71.475531455999899, -29.080517261999901 ], [ -71.475532535, -29.080514829 ], [ -71.4755348529999, -29.080509945 ], [ -71.475545769, -29.080488163 ], [ -71.475553621, -29.080472169 ], [ -71.475557213999906, -29.080465357 ], [ -71.475562124, -29.080456512 ], [ -71.475564339, -29.080452245999901 ], [ -71.475565339, -29.0804501289999 ], [ -71.475566273, -29.080447993999901 ], [ -71.475567089, -29.080445957999899 ], [ -71.475567848, -29.0804439099999 ], [ -71.475570188999896, -29.080437209 ], [ -71.475571058999904, -29.080435033999901 ], [ -71.475572057, -29.080432921 ], [ -71.475572881999895, -29.0804314549999 ], [ -71.475573808, -29.0804300369999 ], [ -71.475574717, -29.080428825 ], [ -71.475575702, -29.080427654999902 ], [ -71.475577293999905, -29.080425974 ], [ -71.475578992, -29.080424351 ], [ -71.475585049, -29.080418993 ], [ -71.475588752, -29.0804156149999 ], [ -71.475592366999905, -29.080412184999901 ], [ -71.475594123999898, -29.080410449999899 ], [ -71.4755958329999, -29.080408680999899 ], [ -71.475597359999895, -29.080407003999898 ], [ -71.475598825, -29.080405287 ], [ -71.475600218, -29.080403529 ], [ -71.475601378, -29.08040195 ], [ -71.475602479, -29.080400338999901 ], [ -71.475603526, -29.0803986999999 ], [ -71.47560459, -29.080396919 ], [ -71.475607635999907, -29.080391499 ], [ -71.475609706999904, -29.080387937 ], [ -71.4756125, -29.080383513999902 ], [ -71.475616244, -29.080377859999899 ], [ -71.475618373, -29.080374454 ], [ -71.475620461999895, -29.080370754999901 ], [ -71.4756239929999, -29.080364198 ], [ -71.475625255, -29.080362057999899 ], [ -71.4756263, -29.0803604339999 ], [ -71.475627409, -29.0803588439999 ], [ -71.475628583999907, -29.080357290999899 ], [ -71.475630276999894, -29.080355261 ], [ -71.475632066999907, -29.080353288 ], [ -71.47563393, -29.080351357 ], [ -71.4756358449999, -29.080349457999901 ], [ -71.475639772, -29.080345716 ], [ -71.475647728999903, -29.0803382839999 ], [ -71.475651623, -29.080334508 ], [ -71.475653512999898, -29.080332582 ], [ -71.475655344, -29.080330616 ], [ -71.475657048999906, -29.080328664 ], [ -71.475658683999896, -29.080326666 ], [ -71.475661761, -29.080322569 ], [ -71.475667539, -29.080314405 ], [ -71.475674353, -29.080304887999901 ], [ -71.47567715, -29.080301071999902 ], [ -71.475680274, -29.08029712 ], [ -71.475683728, -29.080293138999899 ], [ -71.475687353, -29.080289276 ], [ -71.475691145, -29.080285542999899 ], [ -71.475693032, -29.0802838 ], [ -71.47570071, -29.08027695 ], [ -71.475702581, -29.0802752029999 ], [ -71.475704397, -29.080273416 ], [ -71.475706155, -29.080271567 ], [ -71.475707859, -29.080269674 ], [ -71.475716334, -29.080259817 ], [ -71.475718236, -29.08025772 ], [ -71.475721754999896, -29.080254069 ], [ -71.475724989, -29.08025097 ], [ -71.475734718, -29.080242271 ], [ -71.475737624, -29.080239499999902 ], [ -71.475740919, -29.080236111 ], [ -71.475744053, -29.080232608 ], [ -71.475745552, -29.080230812 ], [ -71.475746981, -29.080229007 ], [ -71.475749702, -29.080225314 ], [ -71.475750998, -29.080223429999901 ], [ -71.475753662, -29.080219293 ], [ -71.475760125, -29.0802087329999 ], [ -71.475766899999897, -29.080197949 ], [ -71.475769559, -29.0801936189999 ], [ -71.475773440999902, -29.080187101 ], [ -71.475777233, -29.080180584999901 ], [ -71.475779529, -29.080176477999899 ], [ -71.475780534, -29.080174534 ], [ -71.475781431, -29.0801725859999 ], [ -71.475782172, -29.080170624999901 ], [ -71.475782694, -29.080168687 ], [ -71.475782965999898, -29.080166737 ], [ -71.475782975999905, -29.080165193 ], [ -71.475782779, -29.080163556999899 ], [ -71.475782232, -29.080161399 ], [ -71.47578143, -29.080159256999899 ], [ -71.475780443, -29.0801571289999 ], [ -71.475779326999898, -29.0801550149999 ], [ -71.475778122, -29.080152918 ], [ -71.475776835, -29.0801508129999 ], [ -71.475775487, -29.080148756 ], [ -71.475774068, -29.0801467819999 ], [ -71.475772556, -29.08014493 ], [ -71.475770941999897, -29.0801432559999 ], [ -71.47576922, -29.080141796 ], [ -71.475768063, -29.080140996999901 ], [ -71.47576687, -29.080140323 ], [ -71.475765065, -29.080139593 ], [ -71.475763228999895, -29.080139221 ], [ -71.47576226, -29.080139191999901 ], [ -71.475760944999905, -29.080139358999901 ], [ -71.475760044, -29.080139614 ], [ -71.475758481, -29.080140304999901 ], [ -71.475756934999893, -29.080141216 ], [ -71.475752746, -29.080143966 ], [ -71.475751268, -29.080144850999901 ], [ -71.475749735, -29.080145690999899 ], [ -71.475747417, -29.080146811 ], [ -71.475745033, -29.0801477699999 ], [ -71.475742614, -29.080148524 ], [ -71.475740185999896, -29.08014901 ], [ -71.475738328, -29.080149155 ], [ -71.475736501, -29.080149067 ], [ -71.475734453, -29.080148639999901 ], [ -71.475733201, -29.0801481949999 ], [ -71.475731992, -29.080147629 ], [ -71.475730032999905, -29.080146421999899 ], [ -71.475728161999896, -29.080144983 ], [ -71.475726339999895, -29.0801433889999 ], [ -71.475722688, -29.080139981999899 ], [ -71.475720706999894, -29.080138197999901 ], [ -71.475718657999906, -29.080136447 ], [ -71.475716540999898, -29.080134749 ], [ -71.47571435, -29.0801331229999 ], [ -71.475712072, -29.080131594 ], [ -71.475709517, -29.080130085999901 ], [ -71.475707161999907, -29.080128854999899 ], [ -71.475702384, -29.080126599 ], [ -71.475699988, -29.080125543999898 ], [ -71.475697569, -29.080124546 ], [ -71.475695123, -29.080123627 ], [ -71.475692641, -29.080122816 ], [ -71.475690265, -29.080122181 ], [ -71.475687856, -29.080121689999899 ], [ -71.475685689, -29.080121386 ], [ -71.475683504, -29.080121208 ], [ -71.475681311, -29.080121156 ], [ -71.475678743999893, -29.080121258 ], [ -71.475676182, -29.080121505 ], [ -71.475673628, -29.080121877 ], [ -71.475671093, -29.080122356999901 ], [ -71.475668583999905, -29.080122939 ], [ -71.475666115, -29.080123627 ], [ -71.475663697999906, -29.080124431999899 ], [ -71.475661918999904, -29.080125128 ], [ -71.475660187999907, -29.0801259039999 ], [ -71.475658618, -29.080126704 ], [ -71.475657101, -29.080127574999899 ], [ -71.475654962, -29.080128987 ], [ -71.475652935, -29.08013053 ], [ -71.475651018999898, -29.080132187999901 ], [ -71.475649218999905, -29.080133952 ], [ -71.47564757, -29.08013578 ], [ -71.475646027, -29.080137683 ], [ -71.475642052999902, -29.0801431309999 ], [ -71.475640713, -29.080144899999901 ], [ -71.475639384, -29.080146505999899 ], [ -71.475637973999895, -29.080148019 ], [ -71.475636561, -29.080149325 ], [ -71.475635047, -29.080150504 ], [ -71.475633456, -29.08015152 ], [ -71.475631768, -29.080152375 ], [ -71.475629429, -29.080153233 ], [ -71.475626974, -29.080153794999902 ], [ -71.475624675999896, -29.080154045 ], [ -71.475622336999905, -29.080154072 ], [ -71.475620268999904, -29.080153931 ], [ -71.4756182, -29.08015367 ], [ -71.475613284, -29.080152836 ], [ -71.475610822, -29.080152497 ], [ -71.475609544999898, -29.080152389 ], [ -71.475607126999904, -29.0801523559999 ], [ -71.475604947, -29.080152535 ], [ -71.475602541999905, -29.080152953 ], [ -71.475600186999898, -29.080153568999901 ], [ -71.475597901999905, -29.080154357 ], [ -71.475595709999894, -29.080155302 ], [ -71.475593642, -29.080156404 ], [ -71.475591739, -29.080157671999899 ], [ -71.475590205999893, -29.080158973 ], [ -71.475589134, -29.08016012 ], [ -71.475588208, -29.080161362 ], [ -71.475587089, -29.0801634389999 ], [ -71.475586329, -29.080165559 ], [ -71.475585774, -29.080167786999901 ], [ -71.47558449, -29.080174868 ], [ -71.475583952, -29.0801773009999 ], [ -71.475583270999905, -29.080179695 ], [ -71.475582366, -29.080182091 ], [ -71.47558123, -29.0801843909999 ], [ -71.475579955999905, -29.080186413 ], [ -71.475578473, -29.080188316 ], [ -71.475577076, -29.080189807 ], [ -71.475575546999906, -29.080191202 ], [ -71.475573877, -29.080192516999901 ], [ -71.4755721, -29.080193737999899 ], [ -71.475569712, -29.080195166 ], [ -71.475567224, -29.0801965009999 ], [ -71.475564675, -29.0801977859999 ], [ -71.475554101999904, -29.080203013999899 ], [ -71.475551402, -29.080204251999898 ], [ -71.4755491989999, -29.080205179 ], [ -71.475546967999904, -29.0802060259999 ], [ -71.475544707, -29.080206771999901 ], [ -71.475542802999897, -29.080207298999898 ], [ -71.475540877999904, -29.080207733 ], [ -71.475539125999902, -29.080208037 ], [ -71.475537361, -29.080208255999899 ], [ -71.475535620999906, -29.0802083899999 ], [ -71.475533876, -29.080208443999901 ], [ -71.475531759, -29.080208411999902 ], [ -71.475529646, -29.08020829 ], [ -71.47552761, -29.080208103 ], [ -71.475521155, -29.0802074009999 ], [ -71.475518958, -29.080207275 ], [ -71.475516451, -29.0802073139999 ], [ -71.475515287, -29.080207416 ], [ -71.475513865, -29.0802076169999 ], [ -71.475512457, -29.080207893 ], [ -71.475510224999894, -29.080208459999898 ], [ -71.475503612, -29.080210522999899 ], [ -71.47550109, -29.080211201999902 ], [ -71.475498565, -29.0802116959999 ], [ -71.475497102, -29.0802118679999 ], [ -71.475495649, -29.08021194 ], [ -71.475493413, -29.0802118309999 ], [ -71.475491227, -29.080211425 ], [ -71.475489177, -29.080210724 ], [ -71.475487205, -29.08020966 ], [ -71.47548618, -29.080208903 ], [ -71.475485248, -29.080208053 ], [ -71.475484208, -29.080206844 ], [ -71.475483346, -29.080205516 ], [ -71.475482539, -29.080203731 ], [ -71.475482034, -29.080201831999901 ], [ -71.475481859999903, -29.080200343999898 ], [ -71.475481863, -29.080198829 ], [ -71.475482182, -29.080196532999899 ], [ -71.475482811999896, -29.080194256 ], [ -71.475483671999896, -29.080192063 ], [ -71.475484670999904, -29.080189952 ], [ -71.475486637, -29.080186083999902 ], [ -71.475487199, -29.080184706 ], [ -71.475487525999895, -29.080183389 ], [ -71.475487479, -29.0801818579999 ], [ -71.475487098, -29.0801808749999 ], [ -71.475486452, -29.08017998 ], [ -71.475485153, -29.080178884 ], [ -71.475483556, -29.080178001 ], [ -71.475481729, -29.080177273999901 ], [ -71.475479757999906, -29.080176686 ], [ -71.475477675, -29.080176224 ], [ -71.475475592999899, -29.080175923999899 ], [ -71.47547358, -29.080175822999902 ], [ -71.475471712999905, -29.0801759739999 ], [ -71.475470032, -29.080176459 ], [ -71.475468917999905, -29.080177143 ], [ -71.475468356, -29.080177722 ], [ -71.475467815999906, -29.080178621999899 ], [ -71.475467471999906, -29.080179662 ], [ -71.47546726, -29.080181615999901 ], [ -71.475467339, -29.080183782999899 ], [ -71.475467701999904, -29.080188318999902 ], [ -71.475467742, -29.08019058 ], [ -71.475467594999898, -29.080192639 ], [ -71.4754672239999, -29.080194664 ], [ -71.475466663, -29.080196433 ], [ -71.475465873, -29.080198127 ], [ -71.475464911, -29.0801996389999 ], [ -71.475463756, -29.080201055 ], [ -71.475462096999905, -29.080202660999898 ], [ -71.475460229, -29.080204124 ], [ -71.475458077, -29.080205535999902 ], [ -71.475455815, -29.080206840999899 ], [ -71.475451195999895, -29.080209323 ], [ -71.475448989, -29.080210595 ], [ -71.475446952, -29.080211963 ], [ -71.475445168, -29.080213490999899 ], [ -71.475444265, -29.080214503 ], [ -71.475443255999906, -29.080215978999899 ], [ -71.475442304999902, -29.080217879 ], [ -71.475440224, -29.080223271 ], [ -71.475439612999907, -29.080224611999899 ], [ -71.475438974, -29.080225807 ], [ -71.475438245, -29.080226968 ], [ -71.475436977, -29.080228605999899 ], [ -71.47543526, -29.0802303299999 ], [ -71.475433966, -29.080231391 ], [ -71.475432576999907, -29.080232383 ], [ -71.475430479, -29.080233692 ], [ -71.475423838, -29.080237359 ], [ -71.475421954, -29.080238478 ], [ -71.475420153999906, -29.08023966 ], [ -71.475418327999904, -29.0802410269999 ], [ -71.475416662, -29.080242472 ], [ -71.475415191, -29.0802439839999 ], [ -71.475413956999901, -29.08024556 ], [ -71.475413023, -29.080247195 ], [ -71.475412464, -29.080248894 ], [ -71.475412341, -29.0802504709999 ], [ -71.475412661, -29.080252566999899 ], [ -71.475413324, -29.080254715 ], [ -71.47541468, -29.080258654 ], [ -71.4754151449999, -29.080260422 ], [ -71.4754154459999, -29.080262144 ], [ -71.475415583, -29.08026389 ], [ -71.475415469, -29.080266292 ], [ -71.475414998, -29.080268664999899 ], [ -71.475414313, -29.0802706119999 ], [ -71.475413378, -29.080272485 ], [ -71.475412241999905, -29.0802742139999 ], [ -71.475410903999901, -29.080275839 ], [ -71.475409384, -29.08027734 ], [ -71.475408137, -29.080278367999899 ], [ -71.475406802, -29.080279307999898 ], [ -71.475405285, -29.080280213 ], [ -71.475403693, -29.080281006 ], [ -71.475401712, -29.080281794 ], [ -71.475399672, -29.080282401 ], [ -71.475397602, -29.080282815 ], [ -71.4753954399999, -29.080283015 ], [ -71.475393311999895, -29.080282965 ], [ -71.475391107999897, -29.080282606 ], [ -71.475389870999905, -29.08028224 ], [ -71.475388697, -29.080281761 ], [ -71.475387474999906, -29.080281093999901 ], [ -71.475386360999906, -29.080280296 ], [ -71.475385366999902, -29.080279375 ], [ -71.475384504, -29.080278345999901 ], [ -71.475383485, -29.080276653999899 ], [ -71.475382883999899, -29.080275141999898 ], [ -71.475382493, -29.08027355 ], [ -71.475382318, -29.080272035999901 ], [ -71.475382313999901, -29.080270492 ], [ -71.475382461, -29.080269042999898 ], [ -71.475382746, -29.080267594 ], [ -71.475383302, -29.0802657529999 ], [ -71.475384054999907, -29.0802639509999 ], [ -71.475385221, -29.080261815 ], [ -71.4753866, -29.0802597909999 ], [ -71.475387594, -29.080258534999899 ], [ -71.475388631, -29.080257338 ], [ -71.47539209, -29.080253725 ], [ -71.475393362, -29.0802522779999 ], [ -71.475394012, -29.080251336999901 ], [ -71.475394404, -29.0802504279999 ], [ -71.475394483999906, -29.080249729999899 ], [ -71.475394436, -29.080249378 ], [ -71.475393976, -29.080248436 ], [ -71.475392885, -29.0802474289999 ], [ -71.475391333999895, -29.080246545 ], [ -71.475389317999898, -29.080245729999898 ], [ -71.475387031, -29.080244987999901 ], [ -71.475382021, -29.080243498999899 ], [ -71.475379883999906, -29.080242797 ], [ -71.475377769, -29.080242007 ], [ -71.475375708999906, -29.0802411089999 ], [ -71.47537419, -29.08024033 ], [ -71.475372737, -29.080239466 ], [ -71.475371374, -29.08023852 ], [ -71.475370099, -29.080237487 ], [ -71.4753685109999, -29.080235933 ], [ -71.47536712, -29.080234233999899 ], [ -71.475366113999897, -29.080232714 ], [ -71.475365242, -29.080231120999901 ], [ -71.475364493, -29.0802294699999 ], [ -71.475363827, -29.080227690999902 ], [ -71.475363261, -29.080225884999901 ], [ -71.475361533999902, -29.080219294 ], [ -71.475360764999905, -29.08021711 ], [ -71.475360119999905, -29.080215796999902 ], [ -71.475359327, -29.080214623 ], [ -71.475358147, -29.080213447999899 ], [ -71.475357348, -29.080212901 ], [ -71.475355647999905, -29.080212156999899 ], [ -71.475353830999893, -29.0802117879999 ], [ -71.475351907999894, -29.080211735 ], [ -71.475349944, -29.080211982 ], [ -71.475348185, -29.080212455 ], [ -71.475346482, -29.080213151 ], [ -71.475344831, -29.080214073 ], [ -71.475343304, -29.080215177 ], [ -71.475341861999894, -29.080216499999899 ], [ -71.475340619, -29.0802179629999 ], [ -71.475339612, -29.080219542 ], [ -71.475338848, -29.0802213659999 ], [ -71.475338514, -29.080222986 ], [ -71.475338463, -29.0802239829999 ], [ -71.475338746, -29.080226229999901 ], [ -71.475339412, -29.080228326999901 ], [ -71.475340355, -29.080230437 ], [ -71.475341484, -29.0802325609999 ], [ -71.475345066, -29.080238812999902 ], [ -71.47534618, -29.0802408989999 ], [ -71.475347195, -29.080243008 ], [ -71.475348149, -29.080245373 ], [ -71.475348869, -29.080247759 ], [ -71.475349138, -29.080249062 ], [ -71.475349314, -29.080250362999902 ], [ -71.475349395, -29.080252161 ], [ -71.475349281, -29.080253932999899 ], [ -71.475348966999903, -29.080255661 ], [ -71.47534861, -29.080256864 ], [ -71.475348144, -29.0802580289999 ], [ -71.475347004, -29.080260047 ], [ -71.475346105, -29.080261221999901 ], [ -71.475345075, -29.080262309 ], [ -71.475343204999902, -29.0802638219999 ], [ -71.475341349, -29.080264923999898 ], [ -71.475339980999905, -29.080265551 ], [ -71.4753385449999, -29.080266074999901 ], [ -71.475336982, -29.080266514 ], [ -71.475335367999904, -29.080266845 ], [ -71.475333104999905, -29.08026713 ], [ -71.475330787, -29.080267243 ], [ -71.475327884, -29.080267181999901 ], [ -71.475324948, -29.080266976 ], [ -71.475312765, -29.080265825 ], [ -71.475310094999898, -29.080265443 ], [ -71.475307848999904, -29.080264987 ], [ -71.475305653, -29.080264392999901 ], [ -71.475303744, -29.080263735 ], [ -71.475301885, -29.080262965 ], [ -71.475300080999901, -29.080262091999899 ], [ -71.475297817, -29.080260822 ], [ -71.475295639, -29.080259425 ], [ -71.475293543, -29.080257929 ], [ -71.475291532, -29.0802563519999 ], [ -71.475286423999904, -29.080251959 ], [ -71.475284869999896, -29.0802507339999 ], [ -71.4752836709999, -29.080249898 ], [ -71.4752824239999, -29.080249135 ], [ -71.475280208, -29.080248045 ], [ -71.47527817, -29.080247315999902 ], [ -71.475276219, -29.080246831 ], [ -71.475274215999903, -29.080246514 ], [ -71.475272178, -29.080246358 ], [ -71.475269872, -29.080246370999902 ], [ -71.475267556999896, -29.080246573999901 ], [ -71.475265572, -29.080246897999899 ], [ -71.475263603, -29.080247352 ], [ -71.475261116999903, -29.080248108 ], [ -71.475258657, -29.080249008 ], [ -71.475256208, -29.0802499989999 ], [ -71.475243648999907, -29.080255302999898 ], [ -71.475241208999904, -29.080256375 ], [ -71.475238826, -29.0802575 ], [ -71.475236529, -29.0802587119999 ], [ -71.475234348, -29.0802600449999 ], [ -71.475232987, -29.08026101 ], [ -71.475231692, -29.08026204 ], [ -71.475230065999895, -29.080263488999901 ], [ -71.475225426999899, -29.080267963 ], [ -71.475224274, -29.080268964 ], [ -71.475223079, -29.080269901 ], [ -71.475221078999894, -29.080271219999901 ], [ -71.475218948, -29.0802722889999 ], [ -71.475217361, -29.080272862999902 ], [ -71.475215719999895, -29.0802732769999 ], [ -71.475214092, -29.080273517 ], [ -71.475212434999904, -29.080273604999899 ], [ -71.475209914999894, -29.080273460999901 ], [ -71.475208353, -29.080273217 ], [ -71.475206795, -29.080272868 ], [ -71.475204299, -29.080272105999899 ], [ -71.475201838, -29.080271141 ], [ -71.475199222, -29.080269911 ], [ -71.475196658, -29.080268546 ], [ -71.475190171, -29.080264738 ], [ -71.475188187999905, -29.080263636 ], [ -71.475186181, -29.080262653 ], [ -71.475184133, -29.0802618449999 ], [ -71.4751823779999, -29.080261350999901 ], [ -71.475181205999903, -29.080261128 ], [ -71.475179222999898, -29.080260936999899 ], [ -71.475177217, -29.0802609519999 ], [ -71.475174889, -29.080261204 ], [ -71.475172568999895, -29.080261664 ], [ -71.475170273999893, -29.080262300999902 ], [ -71.475168021999906, -29.0802630929999 ], [ -71.47516583, -29.08026403 ], [ -71.475164336, -29.0802647749999 ], [ -71.475162891, -29.0802655859999 ], [ -71.475161455, -29.080266487 ], [ -71.475160071999895, -29.080267439 ], [ -71.475156544, -29.08027003 ], [ -71.475154749, -29.080271228 ], [ -71.475152587, -29.080272396999899 ], [ -71.475150535999902, -29.080273201 ], [ -71.475149121, -29.080273596 ], [ -71.475147667, -29.080273884 ], [ -71.475145853999905, -29.080274099999901 ], [ -71.475144005999894, -29.080274189 ], [ -71.475141252999904, -29.080274147 ], [ -71.475135674999905, -29.080273873 ], [ -71.475132878999901, -29.080273873 ], [ -71.475130478, -29.080274064 ], [ -71.475128367, -29.080274416999899 ], [ -71.475126293, -29.080274941 ], [ -71.475124461999897, -29.080275554 ], [ -71.475122669, -29.080276285 ], [ -71.475120917, -29.080277119 ], [ -71.475118467, -29.080278474 ], [ -71.4751160819999, -29.080279968 ], [ -71.475113746, -29.080281565 ], [ -71.475111504, -29.080283198 ], [ -71.475109306, -29.080284892 ], [ -71.475107159999894, -29.080286649 ], [ -71.475105081, -29.0802884739999 ], [ -71.475103126, -29.080290331999901 ], [ -71.475101245, -29.080292254 ], [ -71.475094971, -29.080299184999902 ], [ -71.475093420999897, -29.080300819999898 ], [ -71.475091824999893, -29.080302415999899 ], [ -71.475090173, -29.080303962 ], [ -71.475088001999893, -29.080305827 ], [ -71.475085736, -29.080307594 ], [ -71.475083378, -29.0803092579999 ], [ -71.475081525, -29.080310443 ], [ -71.475079621, -29.080311557 ], [ -71.475077665999905, -29.080312591999899 ], [ -71.475075658, -29.080313537999899 ], [ -71.475073594, -29.080314383 ], [ -71.475071484999901, -29.080315126999899 ], [ -71.475069334999901, -29.080315766999899 ], [ -71.475066548, -29.0803164289999 ], [ -71.475063727, -29.080316917999902 ], [ -71.475061428999894, -29.080317189 ], [ -71.475059136, -29.080317346999902 ], [ -71.475056711, -29.080317403 ], [ -71.475050334999906, -29.0803172879999 ], [ -71.475048463999897, -29.08031735 ], [ -71.475046445, -29.080317620999899 ], [ -71.475045167, -29.080317976999901 ], [ -71.475044017999906, -29.080318489 ], [ -71.475042652, -29.08031951 ], [ -71.475041766999894, -29.080320652 ], [ -71.47504135, -29.0803214869999 ], [ -71.475040878999906, -29.080323043 ], [ -71.475040646, -29.080324744999899 ], [ -71.4750405999999, -29.080326554 ], [ -71.475040698, -29.080328439 ], [ -71.47504097, -29.080330742999902 ], [ -71.475041409, -29.080333071 ], [ -71.475042034999902, -29.080335385 ], [ -71.475042888, -29.080337644999901 ], [ -71.475043855, -29.080339540999901 ], [ -71.475045161, -29.0803414969999 ], [ -71.475046558, -29.08034321 ], [ -71.475050741, -29.080347877999898 ], [ -71.475052618999896, -29.080350295999899 ], [ -71.475053661999894, -29.080351833 ], [ -71.475054625, -29.080353413999902 ], [ -71.475055800999897, -29.080355596999901 ], [ -71.475056843999894, -29.080357831 ], [ -71.475057753, -29.080360098 ], [ -71.475058514999901, -29.080362385999901 ], [ -71.475059105, -29.080364680999899 ], [ -71.475059481, -29.080366970999901 ], [ -71.475059598, -29.0803691049999 ], [ -71.475059455, -29.080371199 ], [ -71.475059065, -29.080373095 ], [ -71.475058417999904, -29.0803749099999 ], [ -71.475057708, -29.080376292 ], [ -71.475056831, -29.080377594 ], [ -71.475055868, -29.080378724 ], [ -71.475054774999904, -29.080379767999901 ], [ -71.475053226999904, -29.080380948 ], [ -71.475051515, -29.080381979 ], [ -71.475049871, -29.08038277 ], [ -71.475048132, -29.080383444999899 ], [ -71.475045607, -29.080384204 ], [ -71.475042985999906, -29.080384798 ], [ -71.475040309, -29.080385266 ], [ -71.475033256, -29.08038621 ], [ -71.475030609, -29.080386653999899 ], [ -71.475028094, -29.0803872729999 ], [ -71.475026369, -29.080387895999898 ], [ -71.475024769, -29.080388689 ], [ -71.475023517999901, -29.080389516 ], [ -71.475022377999906, -29.080390469 ], [ -71.475020701999895, -29.080392286999899 ], [ -71.475019211, -29.080394315 ], [ -71.475015404, -29.080400239 ], [ -71.475014352, -29.080401762 ], [ -71.475012351, -29.08040439 ], [ -71.475010609, -29.080406464 ], [ -71.475008782, -29.080408506 ], [ -71.475001247, -29.080416657999901 ], [ -71.474999434, -29.0804187439999 ], [ -71.474997701999897, -29.080420863 ], [ -71.474996031, -29.080423104 ], [ -71.474994521, -29.080425386999899 ], [ -71.474993218, -29.08042771 ], [ -71.474992352999905, -29.080429631 ], [ -71.474991697, -29.080431566 ], [ -71.474991326999898, -29.08043321 ], [ -71.474991138, -29.080434836999899 ], [ -71.474991136, -29.080436426999899 ], [ -71.474991416, -29.0804383249999 ], [ -71.474992024999906, -29.080440086 ], [ -71.474992605999901, -29.080441129 ], [ -71.474993339, -29.080442075999901 ], [ -71.474994159999895, -29.080442859 ], [ -71.474995105999895, -29.080443535 ], [ -71.474997034, -29.080444454 ], [ -71.474998056999894, -29.080444776 ], [ -71.475000408, -29.080445258999902 ], [ -71.4750029369999, -29.08044555 ], [ -71.475010434, -29.080446086999899 ], [ -71.47501268, -29.0804463169999 ], [ -71.475014928, -29.080446615 ], [ -71.475017167, -29.080446997 ], [ -71.475019764, -29.0804475639999 ], [ -71.475022321, -29.080448257999901 ], [ -71.475024901, -29.080449098 ], [ -71.475027429, -29.08045005 ], [ -71.475029897, -29.080451105 ], [ -71.475032295999895, -29.080452258 ], [ -71.47503461, -29.080453517 ], [ -71.4750368159999, -29.080454894 ], [ -71.47503821, -29.0804558839999 ], [ -71.475039535999898, -29.08045694 ], [ -71.475040879999895, -29.080458144 ], [ -71.475042139, -29.080459419 ], [ -71.475043875, -29.080461441999901 ], [ -71.475045453, -29.080463580999901 ], [ -71.475046607, -29.080465344999901 ], [ -71.475047686, -29.080467155 ], [ -71.475048704, -29.080469002 ], [ -71.4750497429999, -29.080471028 ], [ -71.475051681, -29.080475141 ], [ -71.47505348, -29.0804792869999 ], [ -71.475054365999895, -29.080481466 ], [ -71.475055176, -29.080483645999902 ], [ -71.475055864, -29.080485831 ], [ -71.475056326, -29.080487751 ], [ -71.475056625, -29.080489676 ], [ -71.475056732, -29.080491794999901 ], [ -71.475056595999902, -29.0804939 ], [ -71.47505625, -29.0804958149999 ], [ -71.475055697999906, -29.080497695 ], [ -71.475055004, -29.080499417999899 ], [ -71.475054157, -29.0805010989999 ], [ -71.475053168, -29.080502732 ], [ -71.47505195, -29.080504441 ], [ -71.475050595, -29.080506085 ], [ -71.475049118, -29.080507657999899 ], [ -71.475047293, -29.080509360999901 ], [ -71.475045340999898, -29.080510964 ], [ -71.475043269, -29.080512482 ], [ -71.47504112, -29.080513912 ], [ -71.4750340209999, -29.0805182729999 ], [ -71.475032192, -29.080519535 ], [ -71.475030508, -29.0805208969999 ], [ -71.475029413999906, -29.080521959 ], [ -71.475028432, -29.080523096 ], [ -71.475027037, -29.080525182 ], [ -71.47502594, -29.08052737 ], [ -71.475023338, -29.080533721999899 ], [ -71.475022523, -29.080535440999899 ], [ -71.475021311, -29.080537589 ], [ -71.475019893, -29.080539610999899 ], [ -71.475018347999907, -29.080541361 ], [ -71.475016599999904, -29.0805429179999 ], [ -71.475015244, -29.080543883 ], [ -71.475013797, -29.08054472 ], [ -71.47501241, -29.080545367 ], [ -71.475010969, -29.080545898 ], [ -71.475008973999905, -29.080546421999902 ], [ -71.475006937, -29.080546727 ], [ -71.475005236, -29.080546808 ], [ -71.475003548, -29.080546732999899 ], [ -71.475001724, -29.080546467 ], [ -71.474999972, -29.080546012 ], [ -71.474998477, -29.08054544 ], [ -71.474997088999899, -29.080544721 ], [ -71.474995914, -29.080543922999901 ], [ -71.474994871, -29.0805430089999 ], [ -71.474994013999904, -29.080542033 ], [ -71.474993307, -29.080540966999902 ], [ -71.474992688, -29.08053963 ], [ -71.474992293999904, -29.080538211 ], [ -71.474992122999893, -29.08053632 ], [ -71.474992374, -29.080534002 ], [ -71.474992970999907, -29.080531870999899 ], [ -71.474993833, -29.0805297429999 ], [ -71.474994932999905, -29.080527523999901 ], [ -71.474997264, -29.080523076 ], [ -71.474998257, -29.080520807 ], [ -71.474998991999897, -29.080518427 ], [ -71.474999269, -29.080516912999901 ], [ -71.474999403, -29.080515383 ], [ -71.474999349, -29.080513122 ], [ -71.474999043, -29.080510853 ], [ -71.474998579, -29.080508746 ], [ -71.47499799, -29.080506639 ], [ -71.474997319, -29.080504527 ], [ -71.474994222, -29.080495476 ], [ -71.474993322, -29.080493089 ], [ -71.474992347999901, -29.080490805999901 ], [ -71.474991256, -29.0804885639999 ], [ -71.474990122999898, -29.080486514 ], [ -71.474988902999897, -29.080484495 ], [ -71.474987621, -29.0804825 ], [ -71.474984945999907, -29.080478551999899 ], [ -71.474980840999905, -29.080472685 ], [ -71.474977996, -29.080468881999899 ], [ -71.474976490999893, -29.080467059999901 ], [ -71.474974899, -29.080465317999899 ], [ -71.474973180999896, -29.080463673999901 ], [ -71.474971333, -29.080462164 ], [ -71.474970022, -29.080461243999899 ], [ -71.474968648999905, -29.0804603999999 ], [ -71.47496676, -29.080459409 ], [ -71.474964784, -29.0804585449999 ], [ -71.474962477, -29.080457717999899 ], [ -71.474960097999897, -29.080457026 ], [ -71.474957667, -29.080456456 ], [ -71.474955194999893, -29.080456007999899 ], [ -71.474952692, -29.080455688 ], [ -71.474950207999896, -29.080455507999901 ], [ -71.474947711, -29.080455463 ], [ -71.474944837, -29.08045558 ], [ -71.474941972, -29.080455852999901 ], [ -71.474939402, -29.080456215 ], [ -71.474936859, -29.0804566589999 ], [ -71.474934351999906, -29.080457155 ], [ -71.474928528, -29.0804584169999 ], [ -71.474926352, -29.080458839999899 ], [ -71.4749242299999, -29.080459135 ], [ -71.474922159, -29.080459222999899 ], [ -71.474920020999903, -29.080459006999899 ], [ -71.474919080999896, -29.080458794 ], [ -71.474917768, -29.080458365 ], [ -71.474916500999896, -29.080457813 ], [ -71.474914527, -29.080456715 ], [ -71.47491066, -29.0804542079999 ], [ -71.474908636999899, -29.080453025999901 ], [ -71.474906581, -29.080452046999898 ], [ -71.474904448, -29.080451303 ], [ -71.474902095999894, -29.080450841 ], [ -71.474899851, -29.0804507739999 ], [ -71.474897892999905, -29.0804510309999 ], [ -71.474896381999898, -29.080451438999901 ], [ -71.474894299, -29.080452297 ], [ -71.474892474999905, -29.080453296 ], [ -71.474890675, -29.080454441 ], [ -71.474883427, -29.080459426999901 ], [ -71.474868727999905, -29.080469046 ], [ -71.474866635999902, -29.080470351 ], [ -71.474864511, -29.080471604 ], [ -71.47486249, -29.080472712999899 ], [ -71.474860431, -29.080473753 ], [ -71.474858336, -29.080474717 ], [ -71.474856202999902, -29.0804755959999 ], [ -71.474853563999901, -29.080476530999899 ], [ -71.474850884, -29.080477311 ], [ -71.474848682, -29.0804778249999 ], [ -71.474846478, -29.080478238 ], [ -71.474844415, -29.080478539999898 ], [ -71.474836448, -29.080479394 ], [ -71.474834718, -29.080479671 ], [ -71.474833232, -29.080480053 ], [ -71.474832030999906, -29.080480606 ], [ -71.474831329, -29.080481253 ], [ -71.474831136, -29.0804816099999 ], [ -71.474831042999895, -29.080481955 ], [ -71.474831049, -29.080482552 ], [ -71.47483126, -29.080483264999899 ], [ -71.474831649999899, -29.080484019 ], [ -71.474832716, -29.0804855119999 ], [ -71.474834866, -29.080488223 ], [ -71.474835674, -29.080489358 ], [ -71.474836421, -29.080490546 ], [ -71.474837093, -29.080491795999901 ], [ -71.474837723, -29.080493238 ], [ -71.47483822, -29.080494737 ], [ -71.474838668, -29.080496864999901 ], [ -71.474838846999901, -29.08049905 ], [ -71.4748388, -29.0805008039999 ], [ -71.474838596, -29.080502564 ], [ -71.474838244, -29.0805043199999 ], [ -71.474837608, -29.080506477 ], [ -71.474836771999904, -29.080508599 ], [ -71.474835750999901, -29.0805106719999 ], [ -71.474834818, -29.080512267 ], [ -71.474833781, -29.08051382 ], [ -71.474832647, -29.080515326 ], [ -71.474831026999894, -29.080517226 ], [ -71.474829274999905, -29.080519041999899 ], [ -71.474827412, -29.080520775 ], [ -71.474825443, -29.080522416999901 ], [ -71.47482337, -29.080523952 ], [ -71.4748215, -29.080525176 ], [ -71.474819554, -29.0805263079999 ], [ -71.474817539, -29.080527345 ], [ -71.4748152, -29.080528393999899 ], [ -71.474812798, -29.080529336 ], [ -71.47481035, -29.080530187 ], [ -71.474808079999903, -29.0805308989999 ], [ -71.474801304, -29.080532860999899 ], [ -71.474799108999903, -29.0805335589999 ], [ -71.474796973, -29.080534335 ], [ -71.474794701, -29.08053533 ], [ -71.47479256, -29.080536491 ], [ -71.474790882, -29.080537607999901 ], [ -71.474789307, -29.0805388389999 ], [ -71.474787431, -29.080540535 ], [ -71.474782038999905, -29.0805459329999 ], [ -71.474780217, -29.080547565 ], [ -71.474778284, -29.080549098999899 ], [ -71.474776858, -29.080550103 ], [ -71.474775377, -29.080551048 ], [ -71.474773526, -29.0805521099999 ], [ -71.474771623, -29.0805531029999 ], [ -71.474764584, -29.080556441999899 ], [ -71.474762331, -29.080557622999901 ], [ -71.474760206, -29.080558924999899 ], [ -71.474758414999897, -29.080560278 ], [ -71.474756591999906, -29.0805620309999 ], [ -71.474754985999894, -29.080564035 ], [ -71.474753622, -29.080566206999901 ], [ -71.474752569, -29.0805683 ], [ -71.474751668, -29.080570478 ], [ -71.4747508949999, -29.0805727219999 ], [ -71.474750169999894, -29.080575264999901 ], [ -71.47474955, -29.080577849999901 ], [ -71.474749004, -29.080580457999901 ], [ -71.474748065, -29.080585689 ], [ -71.474747346, -29.080590530999899 ], [ -71.474747100999906, -29.080592741 ], [ -71.474746964, -29.080594903 ], [ -71.474746981, -29.080596996999901 ], [ -71.474747213999905, -29.080599004 ], [ -71.474747647, -29.080600660999899 ], [ -71.474748335999905, -29.080602204999899 ], [ -71.474748964999904, -29.0806031659999 ], [ -71.474749727999907, -29.080604052 ], [ -71.474750612, -29.080604864 ], [ -71.474751598999902, -29.080605600999899 ], [ -71.474752676, -29.080606277 ], [ -71.4747546, -29.080607287 ], [ -71.474760833999895, -29.080610094999901 ], [ -71.474762352, -29.080610873999898 ], [ -71.474763804, -29.080611718999901 ], [ -71.474765041999902, -29.080612554 ], [ -71.474766187999904, -29.080613453 ], [ -71.474767737, -29.080614963999899 ], [ -71.474768978, -29.080616606 ], [ -71.474769637, -29.080617832 ], [ -71.474770098, -29.080619101 ], [ -71.474770357999901, -29.080620483 ], [ -71.474770373999903, -29.080621876999899 ], [ -71.47477019, -29.080623059999901 ], [ -71.474769829, -29.080624224 ], [ -71.474769123, -29.08062566 ], [ -71.474768170999894, -29.080627029 ], [ -71.474766971999898, -29.080628341 ], [ -71.474765573999903, -29.080629563999899 ], [ -71.474763569999894, -29.080630977999899 ], [ -71.474761362, -29.080632264 ], [ -71.474759419, -29.080633248 ], [ -71.474750674999896, -29.080637221 ], [ -71.474748109, -29.080638501 ], [ -71.474744928, -29.080640291 ], [ -71.474739067, -29.080644041 ], [ -71.474736212, -29.080645777 ], [ -71.474732854, -29.080647595 ], [ -71.47472863, -29.080649707 ], [ -71.474726556999897, -29.080650792 ], [ -71.474725128, -29.080651604 ], [ -71.474723743, -29.080652464 ], [ -71.474721936, -29.080653738 ], [ -71.474720251, -29.080655127999901 ], [ -71.474719039, -29.080656291 ], [ -71.474717908999907, -29.080657521 ], [ -71.474716274999906, -29.08065959 ], [ -71.474714792, -29.0806617709999 ], [ -71.474713416, -29.080664026 ], [ -71.474710872999907, -29.080668653 ], [ -71.474709703, -29.080670944 ], [ -71.474708619999902, -29.080673244 ], [ -71.474707681, -29.080675562 ], [ -71.474706959999907, -29.080677904 ], [ -71.47470667, -29.080679303999901 ], [ -71.474706494, -29.0806807129999 ], [ -71.474706458, -29.080682779 ], [ -71.474706630999904, -29.080684538 ], [ -71.474706974, -29.080686295 ], [ -71.474707598, -29.08068843 ], [ -71.474708412, -29.080690547 ], [ -71.474709478, -29.080692852 ], [ -71.474710672999905, -29.080695141 ], [ -71.474715870999901, -29.080704236 ], [ -71.474717077, -29.080706516 ], [ -71.474718155999895, -29.080708805 ], [ -71.474719047999898, -29.080711107 ], [ -71.474719568, -29.080712904999899 ], [ -71.474719909, -29.080714702 ], [ -71.474720046, -29.080716884 ], [ -71.474719948, -29.080718332999901 ], [ -71.474719692999898, -29.080719755 ], [ -71.4747190799999, -29.080721642 ], [ -71.474718303, -29.08072322 ], [ -71.47471732, -29.08072472 ], [ -71.474716121, -29.080726162 ], [ -71.474714747, -29.0807275089999 ], [ -71.4747132749999, -29.080728716 ], [ -71.474711678999896, -29.080729832 ], [ -71.474709976, -29.080730855999899 ], [ -71.474707543, -29.080732081 ], [ -71.474704972, -29.0807331359999 ], [ -71.474702334, -29.080734004 ], [ -71.474699610999906, -29.080734716999899 ], [ -71.474697230999894, -29.080735214 ], [ -71.474694818, -29.080735621 ], [ -71.474692072, -29.080735994 ], [ -71.474683881, -29.0807369619999 ], [ -71.474681239999896, -29.080737376999899 ], [ -71.474678686999894, -29.080737918 ], [ -71.474677072, -29.080738369999899 ], [ -71.474675525, -29.080738912 ], [ -71.474673676999899, -29.0807397529999 ], [ -71.474671983999897, -29.080740767999899 ], [ -71.474670489999895, -29.0807419409999 ], [ -71.474669185, -29.0807432729999 ], [ -71.474668304, -29.080744409 ], [ -71.474667543, -29.080745620999899 ], [ -71.474666742, -29.080747256999899 ], [ -71.474666124999899, -29.080748979 ], [ -71.474665651999899, -29.08075095 ], [ -71.474665381, -29.080752983 ], [ -71.474665295, -29.08075495 ], [ -71.474665340999906, -29.080756939 ], [ -71.474665522999899, -29.080759325 ], [ -71.474666015, -29.080764077 ], [ -71.474666182, -29.080766416 ], [ -71.474666196, -29.080768706 ], [ -71.474665997, -29.080770785 ], [ -71.474665542, -29.080772778 ], [ -71.474664649, -29.080774897 ], [ -71.47466346, -29.080776666 ], [ -71.474662550999895, -29.080777678999901 ], [ -71.474660652999901, -29.080779354999901 ], [ -71.474658518999902, -29.080780913 ], [ -71.4746525259999, -29.080784977 ], [ -71.474650713, -29.080786327999899 ], [ -71.474649202, -29.080787565 ], [ -71.474647766, -29.080788864999899 ], [ -71.474646423, -29.080790233 ], [ -71.474644951, -29.080791980999901 ], [ -71.474643653, -29.080793832 ], [ -71.474642683, -29.080795501999901 ], [ -71.474641834, -29.080797233999899 ], [ -71.47464086, -29.080799630999898 ], [ -71.474640015, -29.080802091 ], [ -71.474635085, -29.080818598 ], [ -71.474631907999907, -29.080830002 ], [ -71.474630509999898, -29.080834502999899 ], [ -71.474629716, -29.080836722999901 ], [ -71.474628971999906, -29.080838588999899 ], [ -71.474627313, -29.080842267 ], [ -71.474626136, -29.080844622 ], [ -71.474621140999901, -29.0808539619999 ], [ -71.474619936, -29.080856316999899 ], [ -71.4746187759999, -29.080858727 ], [ -71.474617673999902, -29.080861157999902 ], [ -71.474615633, -29.080866069 ], [ -71.474614699, -29.080868544999898 ], [ -71.47461384, -29.080871036 ], [ -71.474613076, -29.08087354 ], [ -71.474612453, -29.080875974 ], [ -71.474611970999902, -29.080878423999899 ], [ -71.474611752, -29.080879968 ], [ -71.474611603, -29.080881517 ], [ -71.474611518, -29.080883661 ], [ -71.474611564, -29.080885806 ], [ -71.474611734999897, -29.0808879369999 ], [ -71.474612014999906, -29.080890064 ], [ -71.474612393, -29.080892182 ], [ -71.474612867, -29.0808942899999 ], [ -71.474613368, -29.080896163 ], [ -71.47461394, -29.0808980209999 ], [ -71.474614577999901, -29.0808998649999 ], [ -71.474615301, -29.080901735999898 ], [ -71.474616919, -29.08090542 ], [ -71.474620386, -29.080912504 ], [ -71.474621406, -29.080914884 ], [ -71.474622070999899, -29.080916735 ], [ -71.474622613999898, -29.08091861 ], [ -71.474622928, -29.0809200099999 ], [ -71.474623166, -29.08092142 ], [ -71.474623362, -29.080923308 ], [ -71.474623429, -29.080925206 ], [ -71.474623392, -29.080926769 ], [ -71.474623282, -29.080928333 ], [ -71.474622998, -29.0809307379999 ], [ -71.474621798, -29.0809379579999 ], [ -71.474621454, -29.080940364 ], [ -71.474621247, -29.080942415 ], [ -71.474621151999898, -29.080944461999898 ], [ -71.474621198, -29.08094657 ], [ -71.474621409, -29.080948661 ], [ -71.474621667, -29.080950119 ], [ -71.474622016999902, -29.0809515619999 ], [ -71.474622777, -29.08095387 ], [ -71.474623747, -29.080956134 ], [ -71.474624988, -29.080958526 ], [ -71.4746263709999, -29.080960886 ], [ -71.474630757999904, -29.0809677129999 ], [ -71.474633613, -29.080971984 ], [ -71.474635098, -29.080974083999902 ], [ -71.474636645, -29.080976139 ], [ -71.474638182, -29.080978038 ], [ -71.474641709, -29.080982204 ], [ -71.474643328999903, -29.080984282 ], [ -71.474644608999895, -29.080986203 ], [ -71.474645631, -29.080988155999901 ], [ -71.474646086999897, -29.08098933 ], [ -71.474646413, -29.080990507 ], [ -71.474646640999893, -29.080992554 ], [ -71.4746464629999, -29.080994238999899 ], [ -71.474646131, -29.080995352999899 ], [ -71.474645632, -29.080996403 ], [ -71.474644946, -29.080997405999899 ], [ -71.474644094, -29.080998308999899 ], [ -71.474642951, -29.080999193 ], [ -71.47464164, -29.080999920999901 ], [ -71.474640355, -29.0810004269999 ], [ -71.474638975999895, -29.081000797999899 ], [ -71.474637351999903, -29.081001053 ], [ -71.474635656, -29.081001145999899 ], [ -71.474634064, -29.081001097 ], [ -71.474632439999894, -29.081000932999899 ], [ -71.474629711, -29.081000448999902 ], [ -71.474626934, -29.0809997859999 ], [ -71.474618945, -29.080997656 ], [ -71.474605781, -29.0809942929999 ], [ -71.474603082, -29.080993626 ], [ -71.474600465, -29.080993065 ], [ -71.474597947999897, -29.080992692999899 ], [ -71.474595561999905, -29.080992606999899 ], [ -71.474593415999905, -29.080992900999899 ], [ -71.474592506, -29.080993181999901 ], [ -71.474591195999906, -29.0809938149999 ], [ -71.474590135, -29.0809945899999 ], [ -71.474589213999906, -29.080995519999899 ], [ -71.474588213999894, -29.0809969499999 ], [ -71.474587454, -29.080998550999901 ], [ -71.474586938, -29.081000275999902 ], [ -71.474586672, -29.081002107 ], [ -71.474586670999898, -29.081003981 ], [ -71.474586954999893, -29.081005858 ], [ -71.474587361, -29.081007219999901 ], [ -71.474587938, -29.081008551 ], [ -71.474589180999899, -29.081010555 ], [ -71.474590677, -29.0810123649999 ], [ -71.474592377, -29.08101411 ], [ -71.474597605, -29.08101908 ], [ -71.474599102999903, -29.0810206519999 ], [ -71.474600489999901, -29.081022271999899 ], [ -71.474601806, -29.081024068 ], [ -71.474602906, -29.081025924999899 ], [ -71.474603858, -29.081028159 ], [ -71.474604368, -29.081030208999898 ], [ -71.474604509, -29.081031546 ], [ -71.474604498, -29.0810328859999 ], [ -71.474604279999895, -29.081034509999899 ], [ -71.474603849999895, -29.081036114 ], [ -71.474603327, -29.081037450999901 ], [ -71.474602677999897, -29.081038763 ], [ -71.474601896, -29.08104008 ], [ -71.474601016999898, -29.081041372 ], [ -71.474599543999901, -29.081043305 ], [ -71.474596382, -29.081047167 ], [ -71.474595049999905, -29.08104886 ], [ -71.474593768, -29.081050596 ], [ -71.474592265, -29.0810528119999 ], [ -71.474590833, -29.081055077 ], [ -71.474586653, -29.081061974 ], [ -71.474585493999896, -29.081063777999901 ], [ -71.474584282, -29.081065550999899 ], [ -71.474583056, -29.081067216 ], [ -71.474581762999904, -29.081068838 ], [ -71.474580304, -29.081070516 ], [ -71.474578772, -29.0810721359999 ], [ -71.474577172999901, -29.081073698 ], [ -71.474575407, -29.081075289 ], [ -71.474573589, -29.081076814 ], [ -71.474571737, -29.0810782729999 ], [ -71.474569865, -29.081079658 ], [ -71.474567985, -29.081080961999898 ], [ -71.474565949, -29.081082254 ], [ -71.474563906, -29.081083367 ], [ -71.474561841, -29.081084229999899 ], [ -71.474560491, -29.081084613 ], [ -71.474559128, -29.08108483 ], [ -71.474557171999905, -29.081084817 ], [ -71.474555908, -29.081084603 ], [ -71.474554664, -29.081084242 ], [ -71.474553261, -29.081083669999899 ], [ -71.474551887, -29.081082966999901 ], [ -71.474546437, -29.081079679 ], [ -71.474545147999905, -29.0810790099999 ], [ -71.474543812, -29.081078415 ], [ -71.474542681999907, -29.081077998 ], [ -71.474541135, -29.0810775469999 ], [ -71.4745395529999, -29.081077216 ], [ -71.4745371449999, -29.081076935999899 ], [ -71.474534731999896, -29.0810768979999 ], [ -71.474532357, -29.081077096999898 ], [ -71.474530073, -29.081077546 ], [ -71.474527931999901, -29.0810782739999 ], [ -71.474526158999893, -29.081079222 ], [ -71.4745249919999, -29.081080099 ], [ -71.474523586, -29.081081524999899 ], [ -71.474522377, -29.081083157 ], [ -71.474521173, -29.081085244999901 ], [ -71.474520099, -29.081087474 ], [ -71.474518234, -29.081091608999898 ], [ -71.474517359999894, -29.0810934369999 ], [ -71.474516422, -29.081095247 ], [ -71.474515141, -29.081097444 ], [ -71.474513714999901, -29.081099566 ], [ -71.474512186, -29.081101519 ], [ -71.474510505999902, -29.081103363 ], [ -71.474508689999894, -29.081105067 ], [ -71.474506732999899, -29.081106642999899 ], [ -71.474504572999905, -29.081108136999902 ], [ -71.474502307, -29.081109504 ], [ -71.474500356, -29.081110564 ], [ -71.474494111, -29.081113667 ], [ -71.47449191, -29.081114837 ], [ -71.474489853, -29.081116119999901 ], [ -71.474487999, -29.081117584 ], [ -71.474486841, -29.081118742999902 ], [ -71.474485801999904, -29.081119992 ], [ -71.474484374, -29.081122079999901 ], [ -71.474481749999896, -29.081126508999901 ], [ -71.474480405, -29.081128581 ], [ -71.474478913, -29.081130598999898 ], [ -71.474477884999899, -29.081131834 ], [ -71.474476795, -29.081133032 ], [ -71.474474926, -29.081134891 ], [ -71.474469013, -29.081140183999899 ], [ -71.474467199999907, -29.081141961 ], [ -71.474465618999901, -29.081143806999901 ], [ -71.474464822999906, -29.081144964 ], [ -71.474464165, -29.081146157 ], [ -71.474463608999898, -29.08114753 ], [ -71.474463258, -29.081148931 ], [ -71.474463128, -29.081150438999899 ], [ -71.474463257, -29.081151943999899 ], [ -71.474463709, -29.081153561999901 ], [ -71.474464375, -29.081154983 ], [ -71.474465247, -29.081156371 ], [ -71.474466440999905, -29.08115792 ], [ -71.474467787, -29.081159449 ], [ -71.474473676999907, -29.0811656139999 ], [ -71.47447511, -29.081167214999901 ], [ -71.474476486999905, -29.081168853 ], [ -71.474478177, -29.0811710679999 ], [ -71.474479711999905, -29.081173346 ], [ -71.474481060999906, -29.081175682 ], [ -71.474482177, -29.081178071 ], [ -71.474482731, -29.081179601 ], [ -71.474483159, -29.081181149 ], [ -71.474483509, -29.081183181 ], [ -71.474483618, -29.081185223 ], [ -71.474483463999903, -29.081187364 ], [ -71.474483041, -29.081189486 ], [ -71.474482372, -29.081191544 ], [ -71.474481484, -29.0811935629999 ], [ -71.474480576, -29.081195247 ], [ -71.474479554, -29.081196900999899 ], [ -71.474478259, -29.08119878 ], [ -71.474476879, -29.081200635 ], [ -71.474472587, -29.081206149 ], [ -71.474470950999901, -29.081208364 ], [ -71.474469429, -29.081210602999899 ], [ -71.474468074999905, -29.081212869999899 ], [ -71.474466956999905, -29.081215174 ], [ -71.474466309, -29.081216976999901 ], [ -71.474465881999905, -29.081218799999899 ], [ -71.47446572, -29.081220250999898 ], [ -71.474465723, -29.081221704 ], [ -71.474466046, -29.081223904999899 ], [ -71.474466701, -29.081225991999901 ], [ -71.474467730999905, -29.081228196 ], [ -71.474469009, -29.0812303609999 ], [ -71.474470458, -29.0812325059999 ], [ -71.474475217, -29.081238939999899 ], [ -71.474476811, -29.081241177 ], [ -71.474478334, -29.081243443999899 ], [ -71.474479758, -29.0812457399999 ], [ -71.474481049, -29.081248068 ], [ -71.474482157999901, -29.081250429 ], [ -71.474482714, -29.08125187 ], [ -71.474483172, -29.081253322 ], [ -71.474483587999899, -29.0812551409999 ], [ -71.474483822, -29.081256966 ], [ -71.474483832, -29.0812591329999 ], [ -71.47448367, -29.081260572 ], [ -71.474483367999895, -29.081261992 ], [ -71.474482721, -29.081263926 ], [ -71.474481828, -29.0812658 ], [ -71.474480569, -29.0812678 ], [ -71.474479082, -29.081269706999901 ], [ -71.474477243, -29.081271704 ], [ -71.4744752779999, -29.081273607 ], [ -71.474471332999897, -29.081277149 ], [ -71.474469546, -29.081278826 ], [ -71.474468026, -29.081280486 ], [ -71.474466925999906, -29.081282152 ], [ -71.474466493, -29.0812833539999 ], [ -71.474466428, -29.081284642999901 ], [ -71.474466938, -29.081286161 ], [ -71.474467405, -29.081286861 ], [ -71.474468741, -29.081288190999899 ], [ -71.474470492, -29.081289384999899 ], [ -71.474472493, -29.081290418 ], [ -71.474474713999896, -29.081291356999898 ], [ -71.474477093, -29.081292237 ], [ -71.474484691, -29.081294774 ], [ -71.474487252, -29.0812956689999 ], [ -71.474489811999902, -29.081296648 ], [ -71.474492300999898, -29.081297707 ], [ -71.474494686999904, -29.081298863 ], [ -71.474496927, -29.081300137 ], [ -71.474498306, -29.081301057 ], [ -71.474499586, -29.081302044 ], [ -71.474500715, -29.081303067 ], [ -71.474501722, -29.081304154999899 ], [ -71.474502587, -29.081305300999901 ], [ -71.474503305, -29.081306503999901 ], [ -71.474503914, -29.081307889 ], [ -71.474504328, -29.081309323 ], [ -71.474504537, -29.081310741 ], [ -71.474504568, -29.081312179999902 ], [ -71.474504409, -29.081313715 ], [ -71.474504065, -29.081315246 ], [ -71.474503526, -29.08131681 ], [ -71.474502817, -29.081318347 ], [ -71.474501655, -29.08132031 ], [ -71.474500271999901, -29.081322199999899 ], [ -71.474498879, -29.08132382 ], [ -71.474497380999907, -29.081325384 ], [ -71.474495819, -29.0813269 ], [ -71.474492173, -29.081330304999899 ], [ -71.474490489999894, -29.081332006 ], [ -71.474489015, -29.081333749 ], [ -71.474487848, -29.081335567999901 ], [ -71.474487161, -29.081337254999902 ], [ -71.474486859, -29.0813387439999 ], [ -71.47448679, -29.081340498 ], [ -71.474486923, -29.081342288 ], [ -71.474487441, -29.081346152 ], [ -71.474487633, -29.0813482 ], [ -71.474487632, -29.081350297 ], [ -71.474487334999907, -29.081352325 ], [ -71.47448694, -29.081353587 ], [ -71.474486368, -29.081354776999898 ], [ -71.474485328999904, -29.0813562129999 ], [ -71.474483992, -29.0813574649999 ], [ -71.474482410999897, -29.0813585289999 ], [ -71.4744808, -29.081359330999899 ], [ -71.474479064, -29.081359978 ], [ -71.474477239, -29.0813604649999 ], [ -71.474475458, -29.081360775 ], [ -71.474473651, -29.081360936 ], [ -71.474471845, -29.0813609419999 ], [ -71.474470287, -29.0813608139999 ], [ -71.474468768, -29.081360554 ], [ -71.474467423, -29.081360194999899 ], [ -71.474466145, -29.081359719 ], [ -71.474464903, -29.081359102 ], [ -71.474463767, -29.081358367 ], [ -71.474462700999894, -29.081357473 ], [ -71.474461785999907, -29.081356469 ], [ -71.474460709, -29.081354749 ], [ -71.47446022, -29.0813534669999 ], [ -71.474459945, -29.0813521319999 ], [ -71.474459921999895, -29.081350259 ], [ -71.474460173, -29.081348834 ], [ -71.474460635, -29.081347424999901 ], [ -71.474461538, -29.081345586999898 ], [ -71.47446267, -29.081343816 ], [ -71.474465076999905, -29.081340548 ], [ -71.474466147, -29.081338933 ], [ -71.474466956999905, -29.081337291 ], [ -71.474467317999895, -29.081335978 ], [ -71.474467394, -29.081335293999899 ], [ -71.474467373, -29.08133436 ], [ -71.474466986, -29.081332577999898 ], [ -71.47446623, -29.081330803 ], [ -71.474465199999898, -29.081329046999901 ], [ -71.474463968999899, -29.081327323 ], [ -71.474462506999899, -29.081325557 ], [ -71.474460898, -29.081323905 ], [ -71.474459141, -29.081322437 ], [ -71.474457223999906, -29.081321239 ], [ -71.474456017, -29.0813207039999 ], [ -71.474453863999898, -29.081320137 ], [ -71.474451963, -29.081319989999901 ], [ -71.47445, -29.081320106 ], [ -71.474447767999905, -29.081320494 ], [ -71.474445507, -29.0813210919999 ], [ -71.474443229, -29.081321853 ], [ -71.474440942999905, -29.081322735999901 ], [ -71.474438858, -29.081323626 ], [ -71.474436786, -29.081324585999901 ], [ -71.474434738999904, -29.081325611999901 ], [ -71.474432731, -29.081326706 ], [ -71.47443075, -29.081327889 ], [ -71.474428834, -29.081329151 ], [ -71.474427356, -29.081330223999899 ], [ -71.474425932, -29.0813313519999 ], [ -71.474424658, -29.081332453999899 ], [ -71.474423434999906, -29.081333598999901 ], [ -71.474421137, -29.081335994 ], [ -71.474416538, -29.08134137 ], [ -71.474414974999902, -29.081343105 ], [ -71.474413781, -29.0813443239999 ], [ -71.474412531, -29.081345482 ], [ -71.474411244, -29.081346545 ], [ -71.474409889, -29.081347526999899 ], [ -71.474408438, -29.081348434999899 ], [ -71.4744069179999, -29.081349244 ], [ -71.474404616, -29.081350233 ], [ -71.474402203999901, -29.081351023 ], [ -71.474399703, -29.0813516179999 ], [ -71.474397720999903, -29.081351943999898 ], [ -71.474395704999907, -29.081352163 ], [ -71.474393667, -29.081352282999902 ], [ -71.47439098, -29.081352308 ], [ -71.474388282999897, -29.081352217 ], [ -71.474382839, -29.081351877 ], [ -71.474380153, -29.081351767999902 ], [ -71.474377511999904, -29.081351802 ], [ -71.474375666999904, -29.081351959 ], [ -71.474373868, -29.081352244 ], [ -71.474371408, -29.081352895999899 ], [ -71.474369119, -29.081353835999899 ], [ -71.474367817, -29.08135456 ], [ -71.474366612, -29.081355393 ], [ -71.474365460999906, -29.0813563799999 ], [ -71.474364438, -29.081357474999901 ], [ -71.474363138999905, -29.081359329 ], [ -71.47436222, -29.081361167999901 ], [ -71.474361523, -29.0813631 ], [ -71.474361019, -29.081365078 ], [ -71.474360701, -29.081367064999899 ], [ -71.474360562, -29.081369314 ], [ -71.47436068, -29.081371445999899 ], [ -71.474361083, -29.081373378 ], [ -71.474361835, -29.081375011 ], [ -71.474362713999895, -29.081375998999899 ], [ -71.474363228999906, -29.081376357999901 ], [ -71.474364344, -29.081376831999901 ], [ -71.474365867999893, -29.081377115999899 ], [ -71.474367585, -29.081377186999902 ], [ -71.474369092, -29.081377136999901 ], [ -71.474370686, -29.081377023999899 ], [ -71.474379095, -29.081376186999901 ], [ -71.474382988999906, -29.081375909 ], [ -71.474388675999904, -29.081375588999901 ], [ -71.474391501, -29.0813753259999 ], [ -71.474392996999896, -29.081375121999901 ], [ -71.474394480999905, -29.081374862 ], [ -71.474396532999904, -29.081374396999902 ], [ -71.474398556, -29.081373825999901 ], [ -71.474401295999897, -29.08137289 ], [ -71.474409390999895, -29.081369730999899 ], [ -71.474412102, -29.081368797 ], [ -71.474414842, -29.081368009999899 ], [ -71.474416775999899, -29.081367569999902 ], [ -71.474418718, -29.081367235 ], [ -71.474420446, -29.0813670379999 ], [ -71.474422171999905, -29.081366941999899 ], [ -71.474424563999904, -29.081366988 ], [ -71.4744264939999, -29.081367187999899 ], [ -71.474428396999897, -29.081367535 ], [ -71.474430223999903, -29.081368018 ], [ -71.474432006, -29.081368636 ], [ -71.474433753, -29.081369386999899 ], [ -71.474435451, -29.0813702519999 ], [ -71.474437611, -29.081371535 ], [ -71.47443971, -29.081372943 ], [ -71.474441768, -29.081374438 ], [ -71.474447863, -29.0813791479999 ], [ -71.474451697999896, -29.081382044 ], [ -71.47445564, -29.081384821 ], [ -71.474457666, -29.0813861409999 ], [ -71.474459697, -29.081387379 ], [ -71.474461769999905, -29.081388562 ], [ -71.474464188999903, -29.081389859999899 ], [ -71.474473998999898, -29.081394869999901 ], [ -71.474477917999906, -29.081397067 ], [ -71.474479830999897, -29.081398223999901 ], [ -71.474481706999896, -29.081399422999901 ], [ -71.474483620999905, -29.081400722999899 ], [ -71.474485498, -29.081402061999899 ], [ -71.474491487, -29.081406505 ], [ -71.474493585999895, -29.081407977 ], [ -71.474495745999903, -29.081409345999901 ], [ -71.474497476, -29.081410306999899 ], [ -71.474499260999906, -29.081411166 ], [ -71.474501179999905, -29.081411938 ], [ -71.474503147999897, -29.081412581999899 ], [ -71.474505835999906, -29.081413254 ], [ -71.474507493, -29.081413569999899 ], [ -71.474514090999904, -29.081414558999899 ], [ -71.474516329, -29.081415039 ], [ -71.474517798, -29.0814155149999 ], [ -71.474519082, -29.08141613 ], [ -71.474520288999898, -29.081417061 ], [ -71.474520594999902, -29.081417412 ], [ -71.474521202999895, -29.081418476 ], [ -71.474521505, -29.081419911 ], [ -71.474521344, -29.081421593 ], [ -71.474520683, -29.081423459 ], [ -71.474519963, -29.081424803999901 ], [ -71.474519081, -29.081426157 ], [ -71.474518065, -29.081427512999898 ], [ -71.474516568999903, -29.081429285 ], [ -71.474514913999897, -29.081431022999901 ], [ -71.474513107999897, -29.081432697 ], [ -71.474511843, -29.081433744 ], [ -71.474510515, -29.081434745 ], [ -71.474508626, -29.081436009999901 ], [ -71.474506644, -29.081437184 ], [ -71.474504463, -29.08143834 ], [ -71.474495074999894, -29.081442846999899 ], [ -71.474492503, -29.081444180999899 ], [ -71.474488637, -29.081446374999899 ], [ -71.474482887, -29.081449830999901 ], [ -71.474480966, -29.081450896 ], [ -71.474479494, -29.081451636999901 ], [ -71.474478002, -29.0814523069999 ], [ -71.474476486999905, -29.081452891 ], [ -71.474474950999905, -29.0814533779999 ], [ -71.474473458, -29.08145374 ], [ -71.474471953, -29.081453992 ], [ -71.474470278, -29.081454133 ], [ -71.474468606999906, -29.081454121 ], [ -71.474466226999894, -29.081453827 ], [ -71.474464172999902, -29.0814533 ], [ -71.474462183, -29.081452542 ], [ -71.474460143, -29.081451501999901 ], [ -71.474458192, -29.081450270999898 ], [ -71.474456162, -29.081448773 ], [ -71.474450303, -29.081444001 ], [ -71.474449024, -29.081443048 ], [ -71.474447724999905, -29.081442165999899 ], [ -71.474446422, -29.081441382 ], [ -71.474445099, -29.081440702 ], [ -71.474443858, -29.081440180999898 ], [ -71.474442613, -29.081439777999901 ], [ -71.474440694999899, -29.081439412 ], [ -71.474439477, -29.081439358 ], [ -71.4744383029999, -29.081439456999899 ], [ -71.47443634, -29.08144005 ], [ -71.474434873999897, -29.081441024999901 ], [ -71.474434126999896, -29.081441817 ], [ -71.474433260999902, -29.081443147 ], [ -71.474432561, -29.081444688 ], [ -71.474430764, -29.081449764999899 ], [ -71.474430030999898, -29.081451353 ], [ -71.474429025999896, -29.081452963999901 ], [ -71.474428298, -29.081453845999899 ], [ -71.474427484, -29.081454637 ], [ -71.474426078, -29.081455635999902 ], [ -71.474424587, -29.081456316999901 ], [ -71.47442327, -29.081456669 ], [ -71.474421906, -29.081456823999901 ], [ -71.474419834999907, -29.0814566879999 ], [ -71.474418204, -29.081456273999901 ], [ -71.474416635, -29.0814556129999 ], [ -71.474414901, -29.081454535 ], [ -71.474413349, -29.081453177999901 ], [ -71.474412158999897, -29.081451775999899 ], [ -71.474411163, -29.081450211999901 ], [ -71.47441049, -29.0814487929999 ], [ -71.474409964, -29.081447296 ], [ -71.474409478, -29.081445196999901 ], [ -71.474409275, -29.081443753 ], [ -71.474409143999907, -29.081442288999899 ], [ -71.474408903, -29.081437741999899 ], [ -71.474408669, -29.081435486 ], [ -71.474408384999904, -29.08143396 ], [ -71.474407974, -29.081432465 ], [ -71.474407493999905, -29.081431181 ], [ -71.474406901999899, -29.0814299369999 ], [ -71.474405904, -29.081428299 ], [ -71.474404509, -29.081426517999901 ], [ -71.474402899, -29.081424865 ], [ -71.47440111, -29.081423344 ], [ -71.474399163, -29.081421968 ], [ -71.474397344, -29.081420899 ], [ -71.474395429, -29.081419964 ], [ -71.474393429, -29.081419174 ], [ -71.474391227, -29.081418511 ], [ -71.474389539999905, -29.081418138999901 ], [ -71.474387825, -29.081417864999899 ], [ -71.474385605, -29.081417647 ], [ -71.474383364999895, -29.08141755 ], [ -71.474376580999902, -29.0814176 ], [ -71.474372956, -29.0814175319999 ], [ -71.47437017, -29.0814173589999 ], [ -71.474365738999893, -29.0814170109999 ], [ -71.474363955999905, -29.081416965 ], [ -71.474362233, -29.081417065 ], [ -71.474360324, -29.0814174459999 ], [ -71.474359014999905, -29.081417928 ], [ -71.474357775, -29.081418573999901 ], [ -71.474356358, -29.0814195529999 ], [ -71.474355031, -29.0814207069999 ], [ -71.474353779999902, -29.081422002 ], [ -71.474352224, -29.081423874999899 ], [ -71.474350737, -29.081425883 ], [ -71.474346334, -29.081432247999899 ], [ -71.474340868, -29.0814399889999 ], [ -71.4743396, -29.081441888 ], [ -71.474338432, -29.081443740999902 ], [ -71.474337324, -29.081445621999901 ], [ -71.474336281, -29.081447532 ], [ -71.474335314, -29.081449473 ], [ -71.474334357, -29.081451622 ], [ -71.474333472, -29.081453801 ], [ -71.474330165, -29.081462648 ], [ -71.474326434, -29.081471886 ], [ -71.474325559, -29.08147417 ], [ -71.474324765999896, -29.0814764359999 ], [ -71.474324141999901, -29.081478494 ], [ -71.474323641999902, -29.081480509999899 ], [ -71.47432329, -29.081482464 ], [ -71.474323125999902, -29.081484325 ], [ -71.474323188, -29.081486035999902 ], [ -71.474323504, -29.081487572 ], [ -71.474324088999893, -29.081488846 ], [ -71.474324957, -29.081489825999899 ], [ -71.474326237, -29.08149048 ], [ -71.474326969999893, -29.081490626999901 ], [ -71.474327761, -29.081490656 ], [ -71.474329060999906, -29.0814904769999 ], [ -71.474330853, -29.081489882 ], [ -71.474332720999897, -29.081488978 ], [ -71.474334655, -29.081487862 ], [ -71.47434535, -29.081481158 ], [ -71.474347189, -29.081479906 ], [ -71.474349439, -29.081478174 ], [ -71.474350718, -29.081477060999902 ], [ -71.474351945, -29.081475903999898 ], [ -71.474356633, -29.081471119 ], [ -71.47435824, -29.0814696099999 ], [ -71.474360116999904, -29.081468083999901 ], [ -71.474362122999906, -29.081466750999901 ], [ -71.47436433, -29.081465631 ], [ -71.474365733, -29.081465093 ], [ -71.474367177, -29.081464664 ], [ -71.474369012, -29.0814642889999 ], [ -71.474370882999906, -29.081464083 ], [ -71.474372773, -29.081464046999901 ], [ -71.474374189999907, -29.081464135 ], [ -71.474375602, -29.081464317 ], [ -71.474377719999893, -29.081464771 ], [ -71.474379794999905, -29.081465422 ], [ -71.474381471, -29.081466107 ], [ -71.474383098, -29.0814669109999 ], [ -71.474384567999905, -29.081467765 ], [ -71.474385985, -29.0814687069999 ], [ -71.474387980999893, -29.081470243 ], [ -71.474389848, -29.08147192 ], [ -71.474391690999894, -29.081473838 ], [ -71.474393366999905, -29.081475855999901 ], [ -71.474394447999899, -29.081477341 ], [ -71.474395425999901, -29.081478853 ], [ -71.474396288, -29.081480382999899 ], [ -71.474397244, -29.081482471 ], [ -71.474397908999904, -29.081484545 ], [ -71.474398221999905, -29.0814865679999 ], [ -71.474398089, -29.081488525999902 ], [ -71.474397859, -29.0814893589999 ], [ -71.474397285999899, -29.081490573999901 ], [ -71.4743960979999, -29.081492059 ], [ -71.474394409, -29.081493376 ], [ -71.474392337, -29.081494437999901 ], [ -71.474389995, -29.081495226999898 ], [ -71.474387867, -29.081495681 ], [ -71.474385645, -29.081495956 ], [ -71.474383744, -29.0814960609999 ], [ -71.474381829, -29.081496071999901 ], [ -71.474379333999906, -29.081495979 ], [ -71.474374537, -29.081495687 ], [ -71.474372323999901, -29.0814956299999 ], [ -71.474370313999898, -29.081495733999901 ], [ -71.474368579, -29.081496086 ], [ -71.474367349, -29.081496676 ], [ -71.474366963, -29.081496985999902 ], [ -71.474366636, -29.081497343 ], [ -71.474366128, -29.081498275999898 ], [ -71.474365893, -29.081499381999901 ], [ -71.474365921, -29.081500875 ], [ -71.474366201999899, -29.081502514 ], [ -71.474366662, -29.081504265 ], [ -71.474368861999906, -29.081511068999902 ], [ -71.474371026, -29.081518076999899 ], [ -71.4743718779999, -29.0815204469999 ], [ -71.474372908, -29.0815227309999 ], [ -71.474373999, -29.081524588 ], [ -71.474374661, -29.081525518 ], [ -71.474375602, -29.081526668 ], [ -71.474376628, -29.081527765 ], [ -71.474378182, -29.081529227 ], [ -71.47438317, -29.081533403 ], [ -71.474384957, -29.081535006 ], [ -71.4743866109999, -29.0815366859999 ], [ -71.474387938999897, -29.08153828 ], [ -71.47438908, -29.081539957 ], [ -71.474390158999896, -29.081542066999901 ], [ -71.474390711999902, -29.0815435989999 ], [ -71.474391096, -29.08154517 ], [ -71.474391341999905, -29.081547585 ], [ -71.474391302, -29.081549052 ], [ -71.474391128, -29.081550525999901 ], [ -71.474390706, -29.081552485 ], [ -71.474390093, -29.081554434999902 ], [ -71.474389316, -29.081556368 ], [ -71.474388345, -29.081558377 ], [ -71.474387258, -29.081560359 ], [ -71.474386089999896, -29.081562316 ], [ -71.474383551, -29.081566376999898 ], [ -71.474382370999905, -29.081568397 ], [ -71.474381343999895, -29.081570424999899 ], [ -71.47438076, -29.081571851 ], [ -71.474380314, -29.081573283 ], [ -71.474379991, -29.081574991 ], [ -71.47437991, -29.081576685999899 ], [ -71.474380057, -29.081578184 ], [ -71.474380415, -29.081579642 ], [ -71.47438088, -29.081580828 ], [ -71.474381492, -29.081581965999899 ], [ -71.474382689, -29.081583582 ], [ -71.474384175, -29.081585060999899 ], [ -71.474386201, -29.0815866 ], [ -71.474388475999902, -29.0815879899999 ], [ -71.474390929, -29.081589274 ], [ -71.474393506, -29.0815904839999 ], [ -71.474396164, -29.0815916459999 ], [ -71.474404337, -29.081595063999899 ], [ -71.4744070469999, -29.081596245999901 ], [ -71.474409712, -29.0815974829999 ], [ -71.474412248, -29.081598771 ], [ -71.474414692, -29.081600152 ], [ -71.474417015, -29.081601642 ], [ -71.474418397, -29.081602645 ], [ -71.474419709, -29.081603701999899 ], [ -71.474421425999907, -29.081605282999899 ], [ -71.474422977, -29.081606966 ], [ -71.474424079999906, -29.081608376 ], [ -71.474425057, -29.081609839 ], [ -71.474425994999905, -29.081611543 ], [ -71.474426749, -29.081613298 ], [ -71.474427331, -29.081615198999899 ], [ -71.47442768, -29.081617127999898 ], [ -71.474427776, -29.0816192099999 ], [ -71.474427576, -29.081621277 ], [ -71.474427226, -29.08162279 ], [ -71.474426707, -29.08162427 ], [ -71.474425841, -29.0816260349999 ], [ -71.47442475, -29.081627725 ], [ -71.474423547999905, -29.08162922 ], [ -71.474422191, -29.0816306369999 ], [ -71.474420662999904, -29.0816320059999 ], [ -71.474419025, -29.0816332979999 ], [ -71.474416942999895, -29.081634768999901 ], [ -71.474412711999904, -29.081637604 ], [ -71.474410706999905, -29.081639071 ], [ -71.474408876, -29.081640641 ], [ -71.474407871, -29.081641684 ], [ -71.474406979, -29.081642789999901 ], [ -71.474405975, -29.081644377 ], [ -71.474405335, -29.081645723999902 ], [ -71.474404837999899, -29.081647124 ], [ -71.474404369999903, -29.081649114999902 ], [ -71.47440412, -29.081651168 ], [ -71.474404065, -29.0816536409999 ], [ -71.474404219, -29.081656151999901 ], [ -71.474404539, -29.081658683999901 ], [ -71.474405002, -29.081661223 ], [ -71.474405600999901, -29.081663752999901 ], [ -71.474406342, -29.081666261 ], [ -71.474406949, -29.081667984 ], [ -71.474407632999899, -29.081669685 ], [ -71.474408394, -29.081671362 ], [ -71.474409222, -29.081672983 ], [ -71.474410123, -29.081674576 ], [ -71.474411336999907, -29.081676526 ], [ -71.474412629, -29.081678439 ], [ -71.474418229, -29.081686114 ], [ -71.474419538999896, -29.081688083 ], [ -71.474420769999895, -29.0816901809999 ], [ -71.474421515, -29.08169164 ], [ -71.474422193, -29.081693124 ], [ -71.474423107999897, -29.081695407 ], [ -71.474423930999905, -29.081697726999899 ], [ -71.474428582, -29.081712527 ], [ -71.474430281, -29.081717478 ], [ -71.474431216, -29.081719926999899 ], [ -71.474432067, -29.081721974999901 ], [ -71.474433890999904, -29.081726032999899 ], [ -71.474436984, -29.081732535999901 ], [ -71.474439417, -29.081737453 ], [ -71.474441855999899, -29.0817420129999 ], [ -71.474444499999905, -29.0817465219999 ], [ -71.474447321, -29.081750991 ], [ -71.474454379, -29.081761733999901 ], [ -71.474456779, -29.081765554999901 ], [ -71.474457905, -29.081767489 ], [ -71.474458956, -29.0817694469999 ], [ -71.474460028, -29.081771703 ], [ -71.474460953999895, -29.081774002 ], [ -71.474461752, -29.081776471 ], [ -71.474462379, -29.081778979 ], [ -71.474462785, -29.081781092 ], [ -71.474463743999905, -29.081787491999901 ], [ -71.474464107, -29.081789624 ], [ -71.474464623999907, -29.081792058 ], [ -71.474465266, -29.08179447 ], [ -71.474466015, -29.08179677 ], [ -71.474466881999902, -29.081799041 ], [ -71.474467857, -29.081801283999901 ], [ -71.474468969, -29.081803568999899 ], [ -71.47447018, -29.0818058209999 ], [ -71.474471482999903, -29.081808042 ], [ -71.474472945999906, -29.081810342 ], [ -71.474474485, -29.081812613999901 ], [ -71.474479741, -29.081820056 ], [ -71.474480995, -29.081821947 ], [ -71.474482377, -29.081824196 ], [ -71.474483651, -29.081826486 ], [ -71.474484795, -29.081828818 ], [ -71.474485626, -29.081830784 ], [ -71.474486344999903, -29.081832771999899 ], [ -71.474486946999903, -29.081834777 ], [ -71.474487481, -29.081837069 ], [ -71.474487864, -29.081839353 ], [ -71.474488102999899, -29.081841606999902 ], [ -71.474488186, -29.081843557 ], [ -71.474488123, -29.081845443 ], [ -71.474487875, -29.081847242 ], [ -71.474487393999894, -29.0818489239999 ], [ -71.474486632, -29.081850438999901 ], [ -71.474485783, -29.081851524999902 ], [ -71.474484743999895, -29.0818524479999 ], [ -71.474483272, -29.081853354 ], [ -71.474481162, -29.081854215 ], [ -71.474478812, -29.081854849 ], [ -71.474476287999906, -29.081855316 ], [ -71.47447364, -29.081855665 ], [ -71.474470904, -29.0818559319999 ], [ -71.474465962999901, -29.0818562649999 ], [ -71.474460929, -29.081856435 ], [ -71.474457931, -29.081856446 ], [ -71.474454927, -29.081856382 ], [ -71.474451922999904, -29.081856232 ], [ -71.474449272, -29.081856014 ], [ -71.4744466289999, -29.0818557179999 ], [ -71.47444395, -29.081855334999901 ], [ -71.474441284, -29.081854886 ], [ -71.474436006, -29.081853841999902 ], [ -71.474427117999895, -29.081851888 ], [ -71.474424303, -29.08185135 ], [ -71.47442162, -29.081850957 ], [ -71.474419119999894, -29.081850782999901 ], [ -71.474416883999893, -29.081850922999902 ], [ -71.47441524, -29.081851383 ], [ -71.474413856, -29.081852312 ], [ -71.474413023, -29.0818536969999 ], [ -71.474412776999898, -29.081855038 ], [ -71.474412851999901, -29.081856532 ], [ -71.47441331, -29.081858511999901 ], [ -71.474414074, -29.0818606089999 ], [ -71.474415055999899, -29.081862787 ], [ -71.474416188, -29.081865024 ], [ -71.474417419, -29.0818673009999 ], [ -71.474421341, -29.081874282999902 ], [ -71.474423585999901, -29.0818784269999 ], [ -71.474426818, -29.081884697 ], [ -71.474428692999894, -29.081888548999899 ], [ -71.474430405, -29.081892431 ], [ -71.474431170999907, -29.08189441 ], [ -71.474431856, -29.081896402 ], [ -71.474432448999906, -29.081898409 ], [ -71.474432935, -29.081900428 ], [ -71.474433345, -29.081902817 ], [ -71.474433572, -29.081905218 ], [ -71.474433615999899, -29.081907002 ], [ -71.474433555, -29.0819087839999 ], [ -71.474433393, -29.081910562 ], [ -71.474433085, -29.081912573999901 ], [ -71.474432655, -29.081914568999899 ], [ -71.474432113, -29.081916541999899 ], [ -71.474431455999905, -29.081918485 ], [ -71.474430557999895, -29.081920666 ], [ -71.474429505, -29.081922784 ], [ -71.474428288999903, -29.08192482 ], [ -71.474426889, -29.081926762 ], [ -71.474425316, -29.081928588 ], [ -71.474423360999893, -29.081930477 ], [ -71.474421229, -29.0819322 ], [ -71.474418943, -29.081933745 ], [ -71.474417132, -29.081934772999901 ], [ -71.474415248999904, -29.081935676999901 ], [ -71.474413297999902, -29.0819364389999 ], [ -71.474411180999894, -29.081937068999899 ], [ -71.474409002, -29.0819375099999 ], [ -71.474407217, -29.0819377199999 ], [ -71.474405409, -29.081937803999899 ], [ -71.474403347, -29.081937756999899 ], [ -71.474401273, -29.081937581 ], [ -71.474398632, -29.081937206 ], [ -71.474395984999902, -29.081936712999902 ], [ -71.474388019999907, -29.081935041999898 ], [ -71.474385494, -29.081934599 ], [ -71.474382974, -29.08193426 ], [ -71.474380472, -29.081934063999899 ], [ -71.474377886999903, -29.081934053999898 ], [ -71.474375354, -29.081934278999899 ], [ -71.474373279, -29.0819346769999 ], [ -71.474371279, -29.08193527 ], [ -71.474369043, -29.081936213999899 ], [ -71.474366937999903, -29.081937398 ], [ -71.474364968, -29.0819387939999 ], [ -71.474363126, -29.08194036 ], [ -71.474361406, -29.081942064 ], [ -71.474359834, -29.081943848 ], [ -71.474358378, -29.081945719 ], [ -71.474357041, -29.081947657999901 ], [ -71.47435584, -29.0819496569999 ], [ -71.474354799, -29.081951708 ], [ -71.474354061, -29.081953502 ], [ -71.474353483, -29.081955325 ], [ -71.47435308, -29.08195717 ], [ -71.474352885, -29.081958898 ], [ -71.47435287, -29.08196063 ], [ -71.474352990999904, -29.081962011 ], [ -71.474353231, -29.081963383999899 ], [ -71.474353858, -29.081965567999902 ], [ -71.474354752999901, -29.0819677 ], [ -71.474355562, -29.081969210999901 ], [ -71.474356488999902, -29.081970683 ], [ -71.474357674, -29.081972299 ], [ -71.474358977, -29.081973865999899 ], [ -71.474360379, -29.0819753869999 ], [ -71.47436239, -29.081977373 ], [ -71.474368719, -29.081983175999898 ], [ -71.474370743999899, -29.081985156 ], [ -71.4743723079999, -29.081986834 ], [ -71.474373758, -29.0819885659999 ], [ -71.47437487, -29.081990065 ], [ -71.474375874, -29.081991603999899 ], [ -71.474376757999906, -29.081993183 ], [ -71.474377478, -29.081994729 ], [ -71.474378066, -29.081996306999901 ], [ -71.474378537999897, -29.081998025 ], [ -71.474378844999904, -29.081999767 ], [ -71.474378978999894, -29.082001467999898 ], [ -71.4743789569999, -29.082003175 ], [ -71.474378786, -29.082004883 ], [ -71.474378279999897, -29.082007335 ], [ -71.474377509, -29.082009760999899 ], [ -71.474376545, -29.082012069 ], [ -71.474375404999904, -29.082014339 ], [ -71.474374145, -29.082016527 ], [ -71.474372772, -29.08201868 ], [ -71.474371307999903, -29.0820208 ], [ -71.474369764999906, -29.082022884 ], [ -71.474368144, -29.082024927 ], [ -71.474366442, -29.082026916 ], [ -71.474364904, -29.0820285799999 ], [ -71.474363296, -29.082030188 ], [ -71.47436161, -29.082031733999901 ], [ -71.474359855, -29.0820332 ], [ -71.474358026999894, -29.082034596 ], [ -71.474356132, -29.082035928 ], [ -71.474353833, -29.082037406 ], [ -71.474351471, -29.082038801 ], [ -71.474349064, -29.082040118 ], [ -71.4743466259999, -29.082041355999898 ], [ -71.474340652, -29.082044145999902 ], [ -71.474338723999907, -29.082045100999899 ], [ -71.474336932, -29.082046122999898 ], [ -71.474335186, -29.082047377 ], [ -71.474334133, -29.082048356 ], [ -71.474333252, -29.082049406 ], [ -71.474332325, -29.082051029999899 ], [ -71.474331961, -29.082052123 ], [ -71.474331787, -29.082053242 ], [ -71.474331905, -29.082054976999899 ], [ -71.474332611, -29.082056939 ], [ -71.474333357, -29.082058127 ], [ -71.474334306999907, -29.082059254999901 ], [ -71.474335986, -29.082060769999899 ], [ -71.474337944, -29.082062172 ], [ -71.474339754, -29.082063287 ], [ -71.4743481309999, -29.082067945999899 ], [ -71.474350601, -29.082069440999899 ], [ -71.474352542, -29.0820706979999 ], [ -71.474356319, -29.082073344 ], [ -71.474358531, -29.082075011 ], [ -71.474365071, -29.082080097 ], [ -71.474367291, -29.082081742 ], [ -71.474370392, -29.0820838829999 ], [ -71.474380272, -29.0820902419999 ], [ -71.474382649999896, -29.082091911 ], [ -71.474384469, -29.082093303 ], [ -71.474386212999903, -29.082094761999901 ], [ -71.474388245999904, -29.082096652 ], [ -71.474390153999906, -29.082098639 ], [ -71.47439177, -29.082100512999901 ], [ -71.474393291, -29.08210245 ], [ -71.474394724, -29.082104441 ], [ -71.474396065999898, -29.082106482 ], [ -71.474397312, -29.0821085699999 ], [ -71.474398459, -29.082110734 ], [ -71.474399483999903, -29.082112946999899 ], [ -71.47440024, -29.08211484 ], [ -71.474400899, -29.082116761 ], [ -71.47440148, -29.082118779 ], [ -71.474401966, -29.082120820999901 ], [ -71.474402361, -29.082122883 ], [ -71.474402695, -29.082125179999899 ], [ -71.474402931, -29.082127492 ], [ -71.474403074999898, -29.082129758 ], [ -71.474403138, -29.082132031999901 ], [ -71.474403125, -29.082134308 ], [ -71.474403042999896, -29.082136362 ], [ -71.474402896, -29.0821384119999 ], [ -71.474402681999905, -29.082140453 ], [ -71.474402392999906, -29.082142480999899 ], [ -71.474402024, -29.082144475 ], [ -71.474401563, -29.0821464429999 ], [ -71.474401000999904, -29.082148377 ], [ -71.474400370999902, -29.0821501409999 ], [ -71.474399632, -29.0821518549999 ], [ -71.474398687, -29.082153658 ], [ -71.474397595, -29.082155374 ], [ -71.474396397, -29.082156934 ], [ -71.474395059, -29.082158385 ], [ -71.474393603, -29.082159695 ], [ -71.474392018999893, -29.0821608699999 ], [ -71.474390571999905, -29.082161756999898 ], [ -71.474389045, -29.082162528 ], [ -71.474387463, -29.082163172 ], [ -71.474385820999899, -29.082163693 ], [ -71.474383675999903, -29.082164173 ], [ -71.474381471, -29.082164454999901 ], [ -71.474379574, -29.082164541999902 ], [ -71.474377659, -29.082164496 ], [ -71.474375004, -29.082164226 ], [ -71.474372355999904, -29.082163737 ], [ -71.47436978, -29.0821630619999 ], [ -71.474367237, -29.082162222 ], [ -71.474364734999895, -29.082161242 ], [ -71.474362313, -29.082160154999901 ], [ -71.474359933999907, -29.082158977999899 ], [ -71.474357598, -29.082157739 ], [ -71.474350248999897, -29.082153628999901 ], [ -71.474347874, -29.082152386 ], [ -71.474345542, -29.082151299 ], [ -71.474343259, -29.082150446 ], [ -71.474341038, -29.0821499209999 ], [ -71.474338899, -29.082149844999901 ], [ -71.474338228, -29.08214994 ], [ -71.47433663, -29.082150439 ], [ -71.474335012, -29.082151348 ], [ -71.474333488, -29.082152556 ], [ -71.474332026999903, -29.082153983999898 ], [ -71.474330558, -29.0821556349999 ], [ -71.474329118, -29.082157413999902 ], [ -71.474327700999893, -29.0821592839999 ], [ -71.474326301, -29.0821612189999 ], [ -71.474323542, -29.082165206 ], [ -71.474320585, -29.08216974 ], [ -71.474319205, -29.082172049 ], [ -71.474317942, -29.082174396 ], [ -71.474317063999905, -29.082176262 ], [ -71.474316299, -29.08217816 ], [ -71.474315501, -29.082180616 ], [ -71.47431489, -29.0821831129999 ], [ -71.474314442, -29.082185656 ], [ -71.474314119, -29.082188221 ], [ -71.474313716, -29.082193187 ], [ -71.47431361, -29.082195578 ], [ -71.474313584, -29.082197967 ], [ -71.474313668, -29.082200347 ], [ -71.474313866, -29.082202537999901 ], [ -71.474314181, -29.082204716 ], [ -71.474314611999901, -29.082206878 ], [ -71.474315203999893, -29.082209168 ], [ -71.47431592, -29.082211432999902 ], [ -71.474316751999893, -29.082213669999899 ], [ -71.474317707, -29.082215904999899 ], [ -71.474318761999896, -29.0822181089999 ], [ -71.474319901999905, -29.082220283 ], [ -71.474324592999906, -29.082228444999899 ], [ -71.474325796999906, -29.082230731 ], [ -71.474326934, -29.082233044 ], [ -71.474328011, -29.082235379999901 ], [ -71.47433001, -29.082240106 ], [ -71.474330928, -29.082242493 ], [ -71.474331782, -29.082244895 ], [ -71.474332558, -29.082247313 ], [ -71.474333118999894, -29.082249298 ], [ -71.474333614, -29.082251293999899 ], [ -71.474334039, -29.082253301 ], [ -71.474334386, -29.082255317 ], [ -71.474334638, -29.082257250999898 ], [ -71.474334814, -29.082259193 ], [ -71.474334916, -29.082261139 ], [ -71.474334944, -29.082263307999899 ], [ -71.474334889, -29.082265478999901 ], [ -71.474334736999893, -29.0822679579999 ], [ -71.474334504999902, -29.082270437 ], [ -71.474334212, -29.082272915 ], [ -71.474333434, -29.082278232 ], [ -71.474332171, -29.082286204 ], [ -71.474331468999907, -29.082291527999899 ], [ -71.474331234, -29.082293971 ], [ -71.474330935, -29.082298866 ], [ -71.474330870999907, -29.082301315999899 ], [ -71.474330868, -29.082303764999899 ], [ -71.474330935999902, -29.082306291 ], [ -71.474331078, -29.082308813999902 ], [ -71.474331292, -29.082311334999901 ], [ -71.474331585999906, -29.082313851 ], [ -71.474331962999898, -29.082316351 ], [ -71.474332405, -29.082318846 ], [ -71.474334429, -29.082328806 ], [ -71.4743353329999, -29.0823337799999 ], [ -71.4743356769999, -29.082336263999899 ], [ -71.474335896, -29.082338537999899 ], [ -71.474336009, -29.082340803 ], [ -71.474335999999894, -29.08234305 ], [ -71.474335843999896, -29.08234527 ], [ -71.474335626, -29.082346824 ], [ -71.474335311999894, -29.082348355 ], [ -71.474334803, -29.082350125999898 ], [ -71.474334139, -29.082351844999899 ], [ -71.474333064999897, -29.082353942999902 ], [ -71.474331741999904, -29.082355925999899 ], [ -71.474330573, -29.082357359 ], [ -71.474329296999898, -29.082358725999899 ], [ -71.474324181, -29.0823635839999 ], [ -71.474322587, -29.082365266 ], [ -71.474321435, -29.082366688 ], [ -71.474320421999906, -29.082368185999901 ], [ -71.474319508, -29.082369877 ], [ -71.474318754, -29.082371638 ], [ -71.474318039, -29.08237372 ], [ -71.474316772, -29.082377939 ], [ -71.474316261999903, -29.082379445999901 ], [ -71.474315679, -29.082380914999899 ], [ -71.474314902999893, -29.082382504 ], [ -71.474313987999906, -29.082384 ], [ -71.474312632, -29.082385691 ], [ -71.474311048999894, -29.082387147 ], [ -71.474309183999907, -29.082388351 ], [ -71.474307934, -29.082388921 ], [ -71.474306630999905, -29.082389345 ], [ -71.474305234, -29.082389623 ], [ -71.474303815, -29.0823897299999 ], [ -71.474301805, -29.082389584999898 ], [ -71.474300383, -29.0823892619999 ], [ -71.474299017, -29.082388764 ], [ -71.47429714, -29.082387717 ], [ -71.474295689, -29.082386531999902 ], [ -71.47429443, -29.082385127 ], [ -71.474293396, -29.082383563 ], [ -71.47429256, -29.082381848999901 ], [ -71.474291832999896, -29.082379746 ], [ -71.474291305999898, -29.082377477 ], [ -71.474290933, -29.082375123 ], [ -71.474290174, -29.082367791 ], [ -71.474289886, -29.082365352999901 ], [ -71.47428953, -29.082362913999901 ], [ -71.474289045, -29.082360245 ], [ -71.474288477999906, -29.082357588 ], [ -71.474287842, -29.082354946999899 ], [ -71.474287148, -29.082352328 ], [ -71.474286414999895, -29.082349812 ], [ -71.474285607999903, -29.082347343 ], [ -71.474284701, -29.082344939999899 ], [ -71.474283654, -29.082342636 ], [ -71.474282422, -29.082340471 ], [ -71.47428144, -29.082339095 ], [ -71.474280452999906, -29.0823379509999 ], [ -71.474279367, -29.082336906 ], [ -71.474278212999906, -29.082335991 ], [ -71.474276975999899, -29.082335187999899 ], [ -71.474275448999904, -29.082334401 ], [ -71.474273851, -29.082333773999899 ], [ -71.474271645, -29.082333185 ], [ -71.474269423, -29.08233288 ], [ -71.474267255, -29.082332865 ], [ -71.474265212, -29.082333175 ], [ -71.474263572, -29.082333758999901 ], [ -71.474262360999901, -29.082334493 ], [ -71.474261391, -29.08233539 ], [ -71.474260681, -29.082336348999899 ], [ -71.474260011, -29.082337723 ], [ -71.474259570999905, -29.082339243 ], [ -71.474259337, -29.082340945999899 ], [ -71.474259296, -29.082342738 ], [ -71.474259424, -29.082344593999899 ], [ -71.474259788, -29.082347017 ], [ -71.47426032, -29.082349483 ], [ -71.474262317999901, -29.082357056 ], [ -71.474262891, -29.082359606999901 ], [ -71.474263294, -29.082362046 ], [ -71.474263527999895, -29.082364492999901 ], [ -71.474263569999906, -29.082367151 ], [ -71.474263416, -29.082369802 ], [ -71.474263107999903, -29.082372408 ], [ -71.474262316, -29.08237758 ], [ -71.474261983, -29.082380147 ], [ -71.474261801, -29.082382702 ], [ -71.4742618, -29.082384233 ], [ -71.474261898, -29.082385755 ], [ -71.474262144, -29.082387491 ], [ -71.474262532999902, -29.082389206 ], [ -71.474263237999907, -29.082391345 ], [ -71.474264231999896, -29.082393588999899 ], [ -71.474265432, -29.082395778 ], [ -71.47426676, -29.082397866 ], [ -71.474268198999894, -29.082399919 ], [ -71.474272750999901, -29.082405997 ], [ -71.474274218999895, -29.082408035999901 ], [ -71.474275596, -29.082410100999901 ], [ -71.474276830999898, -29.082412206 ], [ -71.474277883, -29.082414389999901 ], [ -71.474278705, -29.082416625 ], [ -71.474279208, -29.082418617 ], [ -71.474279499, -29.082420635999899 ], [ -71.474279565, -29.082422665 ], [ -71.474279418, -29.082424698999901 ], [ -71.474279092, -29.082426628999901 ], [ -71.474278609, -29.0824285529999 ], [ -71.474277892, -29.082430753 ], [ -71.474277059, -29.082432944999901 ], [ -71.474274414, -29.082439518999902 ], [ -71.474273578, -29.0824419909999 ], [ -71.474272923999905, -29.0824444799999 ], [ -71.474272578, -29.082446466 ], [ -71.474272404, -29.082448453 ], [ -71.474272460999899, -29.082450982 ], [ -71.474272839, -29.08245348 ], [ -71.474273312, -29.082455226 ], [ -71.474273943, -29.082456938 ], [ -71.474274726, -29.082458613 ], [ -71.474275813, -29.082460504 ], [ -71.474277067999907, -29.082462338 ], [ -71.474278561999895, -29.08246424 ], [ -71.474280165, -29.082466097999902 ], [ -71.474285221999907, -29.082471582 ], [ -71.474286862, -29.082473432 ], [ -71.474288271, -29.0824751379999 ], [ -71.474289584, -29.082476880999899 ], [ -71.474290773999897, -29.082478667 ], [ -71.474291993, -29.082480877 ], [ -71.4742929559999, -29.082483155 ], [ -71.474293492, -29.082484934 ], [ -71.47429385, -29.082486743999901 ], [ -71.474294014, -29.082488396 ], [ -71.4742940309999, -29.082490059 ], [ -71.474293863999904, -29.082492042 ], [ -71.474293516, -29.082494025 ], [ -71.474293068999899, -29.082495787 ], [ -71.474292515999906, -29.082497541 ], [ -71.474291724, -29.082499687999899 ], [ -71.474289041, -29.082506128 ], [ -71.474288177999895, -29.082508295 ], [ -71.474287290999897, -29.082510791999901 ], [ -71.474286534, -29.0825133129999 ], [ -71.474285936999905, -29.082515854 ], [ -71.474285588, -29.0825179899999 ], [ -71.474285371999898, -29.082520131 ], [ -71.474285291999905, -29.082522271999899 ], [ -71.474285353, -29.082524405999902 ], [ -71.474285551, -29.082526388 ], [ -71.474285881999904, -29.082528349 ], [ -71.474286344999896, -29.082530285 ], [ -71.474286949, -29.082532183 ], [ -71.474287752, -29.082534141999901 ], [ -71.474288725999898, -29.082536037999901 ], [ -71.474289821, -29.082537783 ], [ -71.474291068, -29.082539455 ], [ -71.474292702, -29.082541311999901 ], [ -71.474294485, -29.082543071 ], [ -71.474296084999906, -29.082544503 ], [ -71.474300935, -29.082548663 ], [ -71.474302582999897, -29.082550236 ], [ -71.474304060999899, -29.082551865 ], [ -71.474305094, -29.082553242 ], [ -71.474305946, -29.082554666 ], [ -71.474306581999898, -29.082556137 ], [ -71.474306914, -29.082557345999899 ], [ -71.474307079, -29.082558575 ], [ -71.474307059, -29.082560056 ], [ -71.474306876, -29.082561262 ], [ -71.474306363, -29.082563083 ], [ -71.474305640999901, -29.082564912999899 ], [ -71.474304065, -29.082568217999899 ], [ -71.474302125, -29.082572039999899 ], [ -71.474300883, -29.0825744049999 ], [ -71.474299571999893, -29.082576764999899 ], [ -71.474298451, -29.082578640999898 ], [ -71.474296326999905, -29.082581865 ], [ -71.474290440999894, -29.082589874999901 ], [ -71.474289333999906, -29.082591486 ], [ -71.474288277, -29.08259312 ], [ -71.474287274999895, -29.08259478 ], [ -71.474286085999907, -29.08259694 ], [ -71.474284987, -29.0825991369999 ], [ -71.474283968, -29.082601365999899 ], [ -71.474283024, -29.082603621 ], [ -71.474281278, -29.0826083279999 ], [ -71.47427881, -29.08261544 ], [ -71.474277943999894, -29.082617796 ], [ -71.474276938999907, -29.082620332 ], [ -71.474275862999903, -29.0826228399999 ], [ -71.47427471, -29.082625314 ], [ -71.474273854, -29.082627021 ], [ -71.4742720469999, -29.082630373 ], [ -71.474269846, -29.082634294999899 ], [ -71.4742688219999, -29.082636243 ], [ -71.474267916, -29.0826382 ], [ -71.474267189, -29.082640179 ], [ -71.47426667, -29.082642388 ], [ -71.474266497, -29.082644371 ], [ -71.474266571, -29.082646103999899 ], [ -71.47426683, -29.082647837 ], [ -71.474267454, -29.082650247999901 ], [ -71.4742683059999, -29.082652654 ], [ -71.474269307, -29.082655062999901 ], [ -71.474272618, -29.082662349 ], [ -71.474274205, -29.082666195999899 ], [ -71.474274922999896, -29.0826681409999 ], [ -71.47427558, -29.082670101 ], [ -71.474276142999898, -29.082671997 ], [ -71.474276633, -29.082673905 ], [ -71.474277045, -29.082675825 ], [ -71.474277371, -29.082677775 ], [ -71.474277609999902, -29.082679734 ], [ -71.474277765999901, -29.082681699 ], [ -71.47427785, -29.0826841639999 ], [ -71.474277851999901, -29.082691581999899 ], [ -71.474277924, -29.0826939529999 ], [ -71.474278079, -29.082696321999901 ], [ -71.474278294, -29.082698391 ], [ -71.47427857, -29.082700453 ], [ -71.474279818999904, -29.082707758 ], [ -71.474280211999897, -29.082710365 ], [ -71.474280463, -29.082712956 ], [ -71.474280505, -29.082715236 ], [ -71.474280334, -29.082717492 ], [ -71.474280087, -29.082718945 ], [ -71.47427973, -29.082720379 ], [ -71.474278894, -29.082722702999899 ], [ -71.474277771999894, -29.0827249889999 ], [ -71.474276447, -29.082727222 ], [ -71.474274986, -29.082729421 ], [ -71.474271834, -29.082733801 ], [ -71.474270173, -29.082735973 ], [ -71.474268439999904, -29.082738095 ], [ -71.474266606999905, -29.082740137 ], [ -71.474265179, -29.082741566 ], [ -71.474263672999896, -29.082742922 ], [ -71.474262085, -29.082744196 ], [ -71.474260375, -29.0827454 ], [ -71.474258581999905, -29.0827465039999 ], [ -71.474256582, -29.082747576 ], [ -71.474254522, -29.082748551 ], [ -71.474248379999906, -29.082751091 ], [ -71.474246335, -29.0827519979999 ], [ -71.474244413, -29.082753008999902 ], [ -71.474242790999895, -29.082754083999902 ], [ -71.474241669, -29.082755027 ], [ -71.474240080999905, -29.082756823 ], [ -71.47423932, -29.082757976 ], [ -71.474238666, -29.082759194999898 ], [ -71.474237829999893, -29.082761210999902 ], [ -71.474237181, -29.082763316999898 ], [ -71.474236683999905, -29.082765478999899 ], [ -71.474236315, -29.082767664 ], [ -71.4742360609999, -29.082769841 ], [ -71.474235939, -29.082771694 ], [ -71.47423593, -29.082773497999899 ], [ -71.474236071, -29.08277523 ], [ -71.4742364049999, -29.082776864 ], [ -71.47423688, -29.082778165 ], [ -71.474237542, -29.082779345999899 ], [ -71.474238664, -29.082780634999899 ], [ -71.474239853, -29.082781517999901 ], [ -71.47424152, -29.082782327 ], [ -71.474245208999903, -29.082783583 ], [ -71.474247052, -29.082784311999902 ], [ -71.474248664999905, -29.0827851939999 ], [ -71.474249551999904, -29.082785864 ], [ -71.474250266, -29.082786597999899 ], [ -71.474250775, -29.0827873879999 ], [ -71.474251092, -29.082788707 ], [ -71.474250796, -29.082789890999901 ], [ -71.474250341, -29.0827905579999 ], [ -71.474249699, -29.082791164 ], [ -71.474248938, -29.082791670999899 ], [ -71.474248052999897, -29.082792113 ], [ -71.474246347, -29.082792734 ], [ -71.474242500999907, -29.082793776 ], [ -71.474240518, -29.082794392 ], [ -71.47423957, -29.082794760999899 ], [ -71.474237936, -29.082795557999901 ], [ -71.474236097, -29.082796723999898 ], [ -71.474234349, -29.082798092 ], [ -71.474232555999905, -29.082799741 ], [ -71.474230831999904, -29.082801523999901 ], [ -71.4742291539999, -29.082803403 ], [ -71.474227503, -29.082805344999901 ], [ -71.474214484, -29.0828210069999 ], [ -71.47420741, -29.082829022999899 ], [ -71.474205689, -29.082831058999901 ], [ -71.474204371, -29.082832722 ], [ -71.474203124, -29.08283442 ], [ -71.474201718, -29.082836535 ], [ -71.474200435999904, -29.082838707 ], [ -71.474199486, -29.082840513 ], [ -71.474198614, -29.08284235 ], [ -71.4741978119999, -29.082844216 ], [ -71.474196946999896, -29.082846458999899 ], [ -71.474196158, -29.082848727999899 ], [ -71.47419543, -29.0828510159999 ], [ -71.474192270999893, -29.082861984 ], [ -71.474191576, -29.082864157 ], [ -71.474190850999904, -29.082866228999901 ], [ -71.474190060999902, -29.082868278 ], [ -71.474189184999901, -29.0828703399999 ], [ -71.474188244999894, -29.082872376999902 ], [ -71.474184705, -29.0828796129999 ], [ -71.474183830999905, -29.082881646 ], [ -71.474183046999897, -29.082883708999901 ], [ -71.47418239, -29.082885726 ], [ -71.474181817, -29.082887765999899 ], [ -71.474179824, -29.0828963129999 ], [ -71.474179255, -29.082898434999901 ], [ -71.474178754, -29.082900051 ], [ -71.474178186, -29.082901648 ], [ -71.474177483999895, -29.0829033639999 ], [ -71.474176696, -29.082905049 ], [ -71.474175537, -29.082907188 ], [ -71.474174239, -29.082909263 ], [ -71.474172807999906, -29.082911265999901 ], [ -71.474171347, -29.082913068 ], [ -71.474169774, -29.08291479 ], [ -71.474168093999893, -29.082916422 ], [ -71.474166302, -29.082917946 ], [ -71.474164737, -29.082919107 ], [ -71.474163097, -29.082920175 ], [ -71.474161389, -29.082921147 ], [ -71.474159242, -29.08292218 ], [ -71.474157020999897, -29.082923056 ], [ -71.474154740999893, -29.082923765 ], [ -71.474152029, -29.082924358 ], [ -71.474149280999896, -29.082924670999901 ], [ -71.474146977, -29.082924689 ], [ -71.474144441, -29.0829244359999 ], [ -71.474141658999898, -29.082923821999898 ], [ -71.47413979, -29.082923213999901 ], [ -71.474137968, -29.082922472 ], [ -71.474135984, -29.082921496 ], [ -71.474134066, -29.082920385 ], [ -71.474131943, -29.082918962999901 ], [ -71.47412991, -29.082917409999901 ], [ -71.474127779, -29.082915569 ], [ -71.474125752, -29.082913617 ], [ -71.474123827, -29.082911571999901 ], [ -71.474122241, -29.082909732 ], [ -71.474120727999903, -29.08290784 ], [ -71.474119284, -29.082905906 ], [ -71.474117909, -29.082903936 ], [ -71.4741167399999, -29.082902148 ], [ -71.474114540999906, -29.082898527999902 ], [ -71.474111853, -29.082893864 ], [ -71.474110487, -29.082891618 ], [ -71.474109042, -29.0828894869999 ], [ -71.474107462999896, -29.082887526 ], [ -71.474106199999895, -29.082886244999901 ], [ -71.474104823999895, -29.082885113 ], [ -71.474103677, -29.08288436 ], [ -71.47410246, -29.082883722 ], [ -71.474100264999905, -29.0828829239999 ], [ -71.474099193, -29.082882669 ], [ -71.474096969999906, -29.082882332999901 ], [ -71.474092411999905, -29.082881949 ], [ -71.474090433, -29.08288171 ], [ -71.474088341, -29.082881287 ], [ -71.474086702, -29.082880776 ], [ -71.474085161999895, -29.082880099 ], [ -71.474083542, -29.0828791009999 ], [ -71.474082123, -29.082877883 ], [ -71.474081172999902, -29.082876789 ], [ -71.474080369, -29.0828755819999 ], [ -71.474079651999901, -29.082874139999898 ], [ -71.474079097999905, -29.082872597999899 ], [ -71.474078592, -29.082870496999899 ], [ -71.474078256, -29.082868297999902 ], [ -71.474077446, -29.082859328 ], [ -71.474077188, -29.082857293 ], [ -71.474076869, -29.0828552739999 ], [ -71.474076362999895, -29.082852767 ], [ -71.474075739999904, -29.082850333 ], [ -71.474074994, -29.0828480079999 ], [ -71.474074108, -29.082845838 ], [ -71.474073050999905, -29.0828438889999 ], [ -71.47407178, -29.082842243 ], [ -71.474070341999905, -29.082841066999901 ], [ -71.474068756, -29.082840376 ], [ -71.474067352, -29.0828401539999 ], [ -71.474066348999898, -29.082840169 ], [ -71.474064315, -29.0828405349999 ], [ -71.4740622099999, -29.082841253 ], [ -71.474060056, -29.082842233 ], [ -71.474057871999904, -29.082843409 ], [ -71.474055673, -29.082844727 ], [ -71.474053472, -29.082846156 ], [ -71.474048984, -29.082849306 ], [ -71.474036003, -29.082858981 ], [ -71.474032032, -29.082862061999901 ], [ -71.474030114, -29.082863641 ], [ -71.47402827, -29.082865265999899 ], [ -71.474026519999896, -29.0828669479999 ], [ -71.474024882, -29.082868699999899 ], [ -71.474023277, -29.082870652999901 ], [ -71.474021829, -29.082872688999899 ], [ -71.474020537999905, -29.082874826 ], [ -71.474019408999894, -29.0828770329999 ], [ -71.474018430999905, -29.082879294999898 ], [ -71.474017570999905, -29.082881595999901 ], [ -71.474015181, -29.082888822 ], [ -71.474014306, -29.0828911589999 ], [ -71.474013294, -29.082893412 ], [ -71.474012597, -29.082894709 ], [ -71.47401182, -29.082895957999899 ], [ -71.474010934, -29.082897182999901 ], [ -71.474009969, -29.082898349999901 ], [ -71.474008575, -29.082899836 ], [ -71.474005705, -29.082902738 ], [ -71.474004635, -29.082903945999899 ], [ -71.474003704, -29.082905142999898 ], [ -71.474002399, -29.082907191999901 ], [ -71.474001535, -29.08290891 ], [ -71.474000799, -29.0829106969999 ], [ -71.474000051, -29.08291295 ], [ -71.473999427, -29.082915265999901 ], [ -71.473998896999902, -29.082917629 ], [ -71.473998434, -29.082920027999901 ], [ -71.473997636, -29.082924890999902 ], [ -71.473996939999907, -29.0829298039999 ], [ -71.473996308, -29.082934732 ], [ -71.473995762, -29.082939643 ], [ -71.473995555, -29.0829420859999 ], [ -71.473995419999895, -29.082944515 ], [ -71.473995386999903, -29.082946923 ], [ -71.473995494, -29.082949304 ], [ -71.473995747999894, -29.082951405 ], [ -71.473996182999898, -29.082953462 ], [ -71.473996917, -29.082955673 ], [ -71.473997759, -29.082957480999902 ], [ -71.47399889, -29.08295938 ], [ -71.474000164, -29.082961225 ], [ -71.474002814, -29.082964873 ], [ -71.474003906999897, -29.0829665169999 ], [ -71.474004887, -29.082968185 ], [ -71.474005892, -29.082970286 ], [ -71.474006604, -29.082972394 ], [ -71.474006868999894, -29.082973694 ], [ -71.474006981999906, -29.082974970999899 ], [ -71.47400684, -29.082976807 ], [ -71.474006477, -29.082978087999901 ], [ -71.474005898, -29.082979265999899 ], [ -71.474005, -29.082980434 ], [ -71.474003876, -29.082981413 ], [ -71.47400296, -29.0829819799999 ], [ -71.474001968, -29.082982431999898 ], [ -71.474000611, -29.0829828359999 ], [ -71.473999197999902, -29.082983032999898 ], [ -71.473997122, -29.0829829269999 ], [ -71.473995622, -29.0829825349999 ], [ -71.473994171, -29.0829818509999 ], [ -71.4739928609999, -29.0829809109999 ], [ -71.473991467, -29.0829794009999 ], [ -71.473990482, -29.082977797 ], [ -71.473989721, -29.082976030999902 ], [ -71.473989167999903, -29.08297426 ], [ -71.473988268, -29.082970431 ], [ -71.473987751, -29.0829684989999 ], [ -71.473987048, -29.08296674 ], [ -71.473986601, -29.082965976 ], [ -71.473986031, -29.08296524 ], [ -71.473984542, -29.082964045 ], [ -71.473983442, -29.082963558 ], [ -71.473982227, -29.0829632589999 ], [ -71.473980942, -29.082963142 ], [ -71.473979589, -29.082963188 ], [ -71.473977826999899, -29.082963456 ], [ -71.473976017, -29.082963924999898 ], [ -71.473973618999906, -29.082964787 ], [ -71.473971183999893, -29.082965851 ], [ -71.473960857, -29.082970971 ], [ -71.473958135, -29.082972258 ], [ -71.473950774999906, -29.082975566 ], [ -71.473948449, -29.082976682 ], [ -71.473946261, -29.082977855 ], [ -71.473944272, -29.082979119 ], [ -71.47394256, -29.0829805189999 ], [ -71.473941324999899, -29.08298194 ], [ -71.473940431999907, -29.082983557 ], [ -71.473940072999895, -29.0829846789999 ], [ -71.473939882, -29.0829858459999 ], [ -71.473939851999901, -29.082987096999901 ], [ -71.473939972, -29.0829883759999 ], [ -71.473940367999901, -29.082990278999901 ], [ -71.473940953, -29.082992218 ], [ -71.473943124, -29.082998415 ], [ -71.473943763, -29.083000673 ], [ -71.473944122, -29.083002386 ], [ -71.473944355, -29.083004111 ], [ -71.473944446, -29.083006241 ], [ -71.473944312, -29.083008365999898 ], [ -71.473943963, -29.083010387999899 ], [ -71.473943409999904, -29.083012386 ], [ -71.4739426739999, -29.083014332999898 ], [ -71.473941776999894, -29.0830162469999 ], [ -71.473940495, -29.083018551 ], [ -71.473939072999897, -29.083020818 ], [ -71.473934539, -29.083027517999898 ], [ -71.473933116, -29.083029752999899 ], [ -71.473931836, -29.083032005 ], [ -71.47393078, -29.083034287 ], [ -71.473930058999898, -29.083036483999901 ], [ -71.473929663, -29.083038702 ], [ -71.473929609, -29.0830402459999 ], [ -71.47392974, -29.083041782999899 ], [ -71.473930035, -29.083043211 ], [ -71.473930488999898, -29.083044618 ], [ -71.4739312519999, -29.083046317 ], [ -71.473932212, -29.083047973 ], [ -71.473933464, -29.083049756 ], [ -71.473934867, -29.083051501999901 ], [ -71.473936372, -29.083053226999901 ], [ -71.473941098, -29.083058407 ], [ -71.473942641, -29.083060168 ], [ -71.473944145, -29.083061961999899 ], [ -71.473945903999905, -29.0830642019999 ], [ -71.473947575, -29.083066496 ], [ -71.473949096999903, -29.0830687549999 ], [ -71.473950529, -29.083071053 ], [ -71.473951861, -29.083073386 ], [ -71.473953076, -29.08307575 ], [ -71.473954142, -29.083078143 ], [ -71.473954820999893, -29.0830799679999 ], [ -71.473955378, -29.083081804 ], [ -71.473955791, -29.083083648 ], [ -71.473956034, -29.083085444999899 ], [ -71.473956105, -29.083087232 ], [ -71.473955961999906, -29.083089216 ], [ -71.473955573999902, -29.083091152999899 ], [ -71.473955017, -29.083092808999901 ], [ -71.473954267, -29.0830943949999 ], [ -71.473953232, -29.0830960239999 ], [ -71.4739519889999, -29.083097538999901 ], [ -71.473950906, -29.083098607999901 ], [ -71.473949719, -29.083099596 ], [ -71.473948433, -29.083100499 ], [ -71.473947062, -29.083101312999901 ], [ -71.473945122, -29.08310225 ], [ -71.473943071, -29.0831030159999 ], [ -71.473941055, -29.0831035749999 ], [ -71.473938978, -29.083103975 ], [ -71.473937195, -29.083104187999901 ], [ -71.473935390999898, -29.083104287 ], [ -71.473933471999899, -29.08310427 ], [ -71.47393155, -29.083104132 ], [ -71.473928955, -29.083103759 ], [ -71.473926392, -29.083103185 ], [ -71.47392393, -29.083102438 ], [ -71.473921528999895, -29.083101525 ], [ -71.473919204, -29.083100455 ], [ -71.473916707999905, -29.083099075 ], [ -71.473914336, -29.08309753 ], [ -71.473912098, -29.083095839999899 ], [ -71.473910809, -29.083094743999901 ], [ -71.473909578, -29.083093607 ], [ -71.473907879, -29.0830918949999 ], [ -71.473903477, -29.083086986999898 ], [ -71.473902115, -29.083085566 ], [ -71.473900739, -29.0830843429999 ], [ -71.473899324999906, -29.0830833959999 ], [ -71.473897593999894, -29.08308276 ], [ -71.47389688, -29.083082675 ], [ -71.473895701999894, -29.083082762999901 ], [ -71.473894372, -29.083083197 ], [ -71.473893103, -29.083083938 ], [ -71.473891607, -29.083085249 ], [ -71.473890250999901, -29.083086888 ], [ -71.473889255, -29.0830884179999 ], [ -71.473888346, -29.083090081 ], [ -71.473887304, -29.083092316 ], [ -71.47388366, -29.083101423999899 ], [ -71.473882827, -29.083103338999901 ], [ -71.473881934, -29.083105232 ], [ -71.473880854, -29.083107304 ], [ -71.473879678999893, -29.0831093309999 ], [ -71.473878407, -29.0831113039999 ], [ -71.473877112, -29.083113109 ], [ -71.473875729, -29.083114856 ], [ -71.473874257, -29.0831165459999 ], [ -71.473872727999904, -29.083118145999901 ], [ -71.473871124, -29.083119688999901 ], [ -71.473869456, -29.083121182 ], [ -71.473867309, -29.083122962999902 ], [ -71.473865100999902, -29.083124695 ], [ -71.4738583769999, -29.083129807 ], [ -71.473854322, -29.083133077 ], [ -71.473852355, -29.083134766999901 ], [ -71.473850914, -29.083136060999902 ], [ -71.473848099999898, -29.083138708 ], [ -71.473842267, -29.0831444579999 ], [ -71.473840297, -29.0831463439999 ], [ -71.473838273999903, -29.083148181 ], [ -71.473836679, -29.083149537999901 ], [ -71.473835035, -29.083150846 ], [ -71.473832689999895, -29.08315256 ], [ -71.4738302599999, -29.083154185 ], [ -71.473827757, -29.083155729999898 ], [ -71.473825668, -29.083156938999899 ], [ -71.473817164, -29.083161618 ], [ -71.47381311, -29.083164025 ], [ -71.473811143, -29.083165299 ], [ -71.473809241, -29.083166623 ], [ -71.473807393999905, -29.083168004999902 ], [ -71.473805602, -29.083169444 ], [ -71.473803801, -29.083171001 ], [ -71.473802064, -29.083172615 ], [ -71.473800389, -29.083174282999899 ], [ -71.473798781, -29.083176002999899 ], [ -71.473797159, -29.083177879999901 ], [ -71.473795611999904, -29.083179809999901 ], [ -71.473794133, -29.083181785 ], [ -71.473792724, -29.083183802 ], [ -71.473791411, -29.083185818999901 ], [ -71.473790161999901, -29.0831878659999 ], [ -71.473788971, -29.083189938 ], [ -71.473787840999904, -29.083192029 ], [ -71.473786777, -29.083194136 ], [ -71.473785795, -29.083196256999901 ], [ -71.473784828, -29.083198615 ], [ -71.473784001999903, -29.083200976999901 ], [ -71.473783351999899, -29.083203332 ], [ -71.473782925, -29.083205668999899 ], [ -71.473782786, -29.083207527 ], [ -71.473782862999897, -29.083209350999901 ], [ -71.473783071, -29.083210630999901 ], [ -71.473783418, -29.083211877999901 ], [ -71.473784272, -29.083213766 ], [ -71.473785055999898, -29.083214981 ], [ -71.473785985999896, -29.083216141 ], [ -71.47378768, -29.083217846 ], [ -71.473789594, -29.083219460999899 ], [ -71.473797595999898, -29.083225442 ], [ -71.473799288, -29.083226802999899 ], [ -71.473800931, -29.083228210999899 ], [ -71.473802511, -29.08322967 ], [ -71.473803899, -29.0832310659999 ], [ -71.473805215, -29.083232510999899 ], [ -71.473806448999895, -29.083234003 ], [ -71.47380799, -29.083236117 ], [ -71.47380935, -29.083238313 ], [ -71.473810422, -29.083240389 ], [ -71.473811326, -29.083242519 ], [ -71.473812048999903, -29.083244691999901 ], [ -71.473812514, -29.083246591 ], [ -71.473812832, -29.083248506 ], [ -71.473812998, -29.083250429 ], [ -71.473813010999905, -29.0832521849999 ], [ -71.473812887999898, -29.083253931999899 ], [ -71.473812626, -29.083255659 ], [ -71.473812232999904, -29.0832573019999 ], [ -71.473811699, -29.083258907999902 ], [ -71.47381079, -29.083260934 ], [ -71.473809646999896, -29.083262863 ], [ -71.473808517999899, -29.083264378 ], [ -71.473807232, -29.0832657989999 ], [ -71.473805339, -29.083267491999901 ], [ -71.473803959, -29.083268516 ], [ -71.473802496, -29.083269464 ], [ -71.473800188, -29.083270754 ], [ -71.47379778, -29.08327193 ], [ -71.473795318, -29.083273023999901 ], [ -71.473790231999899, -29.083275106 ], [ -71.473787653, -29.083276042 ], [ -71.473785114999899, -29.083276788 ], [ -71.473782625999903, -29.08327725 ], [ -71.473780706, -29.083277336 ], [ -71.473778763, -29.083277106 ], [ -71.473776605999902, -29.083276375 ], [ -71.473775497, -29.083275762 ], [ -71.473774463, -29.083275016 ], [ -71.473773237, -29.083273882999901 ], [ -71.473771675, -29.083271996999901 ], [ -71.4737702689999, -29.0832698789999 ], [ -71.473768955, -29.083267609 ], [ -71.473765074, -29.083260466 ], [ -71.473762307999905, -29.083255763999901 ], [ -71.473759413, -29.083251178 ], [ -71.473758085, -29.083249205 ], [ -71.473756716, -29.083247307 ], [ -71.473755279, -29.083245518 ], [ -71.473753745, -29.083243879 ], [ -71.473752077, -29.0832424439999 ], [ -71.473750884, -29.083241637999901 ], [ -71.473749615, -29.083240963 ], [ -71.473748504, -29.0832405089999 ], [ -71.473746696, -29.083240009 ], [ -71.473744495999895, -29.083239714999898 ], [ -71.473741804, -29.083239689 ], [ -71.473739026, -29.083239906 ], [ -71.473733947, -29.083240598 ], [ -71.473726756, -29.083241721 ], [ -71.473721474999905, -29.083242615 ], [ -71.473718897, -29.083243146 ], [ -71.473716394999897, -29.08324378 ], [ -71.473713999, -29.083244561 ], [ -71.473712077999906, -29.083245376 ], [ -71.473710282, -29.083246354 ], [ -71.473708996, -29.083247234999899 ], [ -71.473707119, -29.083248881 ], [ -71.473705648, -29.083250516 ], [ -71.473704295999894, -29.083252268 ], [ -71.473701709, -29.0832559209999 ], [ -71.473700360999899, -29.08325773 ], [ -71.473699290999903, -29.083259031 ], [ -71.473698148, -29.083260273 ], [ -71.473696976, -29.083261395 ], [ -71.473695725, -29.083262439999899 ], [ -71.473693683, -29.083263858 ], [ -71.473691491999901, -29.083265061 ], [ -71.473689749, -29.083265815999901 ], [ -71.473687947, -29.083266433999899 ], [ -71.473686098, -29.083266906999899 ], [ -71.473683949, -29.083267259 ], [ -71.4736817739999, -29.083267405999901 ], [ -71.473679182, -29.083267307 ], [ -71.473676615, -29.083266915 ], [ -71.473674612, -29.0832663969999 ], [ -71.473672656, -29.0832657079999 ], [ -71.47367063, -29.083264803 ], [ -71.473668666, -29.08326375 ], [ -71.473667227, -29.083262877 ], [ -71.473665815999894, -29.083261950999901 ], [ -71.473660557, -29.083258202 ], [ -71.473658778, -29.083256972 ], [ -71.473656954, -29.083255801 ], [ -71.473655076999904, -29.083254700999898 ], [ -71.4736526679999, -29.083253446999901 ], [ -71.473650205, -29.083252285999901 ], [ -71.473644935, -29.0832499159999 ], [ -71.473642395, -29.083248636 ], [ -71.47364075, -29.0832476799999 ], [ -71.473639183, -29.083246636999899 ], [ -71.473637873, -29.083245637999902 ], [ -71.473636641, -29.083244566 ], [ -71.47363517, -29.083243081 ], [ -71.473633827999905, -29.083241491 ], [ -71.473632395, -29.08323948 ], [ -71.473631111, -29.083237369 ], [ -71.473630043999904, -29.083235373 ], [ -71.473627066999896, -29.083229248 ], [ -71.473626023999898, -29.083227235 ], [ -71.473624737, -29.083225019999901 ], [ -71.473623295, -29.0832229069999 ], [ -71.473622108, -29.083221431 ], [ -71.473620815999894, -29.083220035999901 ], [ -71.473619419, -29.083218729 ], [ -71.473618194, -29.083217730999898 ], [ -71.473616901999904, -29.083216798 ], [ -71.473615254, -29.083215761 ], [ -71.473613525, -29.083214816 ], [ -71.473611214999906, -29.083213736999902 ], [ -71.473608812999899, -29.083212776 ], [ -71.473606398, -29.083211929 ], [ -71.473601437, -29.083210411 ], [ -71.473590935999894, -29.08320744 ], [ -71.473589489999895, -29.083207016 ] ] ] ] } }
]
}
