{
"type": "FeatureCollection",
"name": "turismo_infraestructura",
"crs": { "type": "name", "properties": { "name": "urn:ogc:def:crs:OGC:1.3:CRS84" } },
"features": [
{ "type": "Feature", "properties": { "fid": 1, "Foto": "http://serviciosturisticos.sernatur.cl/folder/empresas/emp_9329098/inscripcion_58509/phpqSYlFH.jpg", "Nombre": "DESCANSO MARINO", "Link Sernatur": "https://serviciosturisticos.sernatur.cl/40758-descanso-marino", "Region": "Region de Coquimbo", "Comuna": "La Higuera", "Localidad": "Chungungo", "Direccion": "Chungungo, sitio Nº24, Chungungo", "Telefono": "(56) 961720430", "Email": "descansomarino@outlook.com", "Tipo": "Cabañas", "Servicio Cumple Inspeccion": "NO INSPECCIONADO", "Servicio Cumple Patente": "REGISTRO NO VIGENTE", "Sitio Web": "http://www.descansomarino.pmr.cl/", "Y": "-29.447780869830517", "X": " -71.29872259501069", "Origen Dato": "Registro Nacional de Servicios Turisticos, SERNATUR", "Descripcion": "INSPECCIÓN (CUMPLE INSPECCION, NO INSPECCIONADO, NO CUMPLE INSPECCION): La etiqueta indica el resultado del proceso de inspección obligatorio para los servicios de alojamiento y turismo aventura. Su objetivo es determinar el cumplimiento de lo establecido en la ley de turismo y su reglamento (Decreto N° 19 del 12 de abril de 2018 del ministerio de Economía, Fomento y Turismo). ESTADO DE LA DOCUMENTACIÓN (REGISTRO VIGENTE, REGISTRO NO VIGENTE): Cada servicio registrado debe mantener actualizada la documentación que fue aprobada en el proceso de registro. De acuerdo a lo establecido en el decreto Nº 19 de 2018, el cual establece los requisitos para el registro de cada tipo de servicio, la documentación puede corresponder a la patente comercial temporal o definitiva, certificado de primeros auxilios, certificados de exención, permiso de autoridad competente u otra. https://portalserviciosturisticos.sernatur.cl/", "Ultima Actualizacion del Dato": "Abril 2025" }, "geometry": { "type": "Point", "coordinates": [ -71.298722595010688, -29.447780869830517 ] } },
{ "type": "Feature", "properties": { "fid": 2, "Foto": "http://serviciosturisticos.sernatur.cl/images/noaventura.jpg", "Nombre": "ABRAMAX", "Link Sernatur": "https://serviciosturisticos.sernatur.cl/7067-abramax", "Region": "Region de Coquimbo", "Comuna": "La Higuera", "Localidad": "Punta De Choros", "Direccion": "Punta de choros NºS/N, Punta de choros", "Telefono": "+56 9 58416625", "Email": "abramax13@hotmail.com", "Tipo": "Paseos náuticos", "Servicio Cumple Inspeccion": "CUMPLE INSPECCIÓN", "Servicio Cumple Patente": "REGISTRO VIGENTE", "Sitio Web": null, "Y": "-29.25045", "X": "-71.46865", "Origen Dato": "Registro Nacional de Servicios Turisticos, SERNATUR", "Descripcion": "INSPECCIÓN (CUMPLE INSPECCION, NO INSPECCIONADO, NO CUMPLE INSPECCION): La etiqueta indica el resultado del proceso de inspección obligatorio para los servicios de alojamiento y turismo aventura. Su objetivo es determinar el cumplimiento de lo establecido en la ley de turismo y su reglamento (Decreto N° 19 del 12 de abril de 2018 del ministerio de Economía, Fomento y Turismo). ESTADO DE LA DOCUMENTACIÓN (REGISTRO VIGENTE, REGISTRO NO VIGENTE): Cada servicio registrado debe mantener actualizada la documentación que fue aprobada en el proceso de registro. De acuerdo a lo establecido en el decreto Nº 19 de 2019, el cual establece los requisitos para el registro de cada tipo de servicio, la documentación puede corresponder a la patente comercial temporal o definitiva, certificado de primeros auxilios, certificados de exención, permiso de autoridad competente u otra. https://portalserviciosturisticos.sernatur.cl/", "Ultima Actualizacion del Dato": "Abril 2025" }, "geometry": { "type": "Point", "coordinates": [ -71.46296503867319, -29.250195699345408 ] } },
{ "type": "Feature", "properties": { "fid": 3, "Foto": "http://serviciosturisticos.sernatur.cl/folder/empresas/emp_5048270/inscripcion_29726/phpf9nyT92017071901736.jpg", "Nombre": "ADIOS GRINGO", "Link Sernatur": "https://serviciosturisticos.sernatur.cl/16654-adios-gringo", "Region": "Region de Coquimbo", "Comuna": "La Higuera", "Localidad": "Punta De Choros", "Direccion": "Manzana g NºSitio 8, Punta de choros", "Telefono": "+56 992595933", "Email": "chatitoniasregistro@gmail.com", "Tipo": "Paseos náuticos - Observación de flora y fauna", "Servicio Cumple Inspeccion": "CUMPLE INSPECCIÓN", "Servicio Cumple Patente": "REGISTRO VIGENTE", "Sitio Web": null, "Y": "-29.25045", "X": "-71.46866", "Origen Dato": "Registro Nacional de Servicios Turisticos, SERNATUR", "Descripcion": "INSPECCIÓN (CUMPLE INSPECCION, NO INSPECCIONADO, NO CUMPLE INSPECCION): La etiqueta indica el resultado del proceso de inspección obligatorio para los servicios de alojamiento y turismo aventura. Su objetivo es determinar el cumplimiento de lo establecido en la ley de turismo y su reglamento (Decreto N° 19 del 12 de abril de 2018 del ministerio de Economía, Fomento y Turismo). ESTADO DE LA DOCUMENTACIÓN (REGISTRO VIGENTE, REGISTRO NO VIGENTE): Cada servicio registrado debe mantener actualizada la documentación que fue aprobada en el proceso de registro. De acuerdo a lo establecido en el decreto Nº 19 de 2020, el cual establece los requisitos para el registro de cada tipo de servicio, la documentación puede corresponder a la patente comercial temporal o definitiva, certificado de primeros auxilios, certificados de exención, permiso de autoridad competente u otra. https://portalserviciosturisticos.sernatur.cl/", "Ultima Actualizacion del Dato": "Abril 2025" }, "geometry": { "type": "Point", "coordinates": [ -71.462591858294402, -29.250094244835129 ] } },
{ "type": "Feature", "properties": { "fid": 4, "Foto": "http://serviciosturisticos.sernatur.cl/folder/empresas/emp_14117301/inscripcion_8119/phpXRw2NE20181120031104.jpg", "Nombre": "ALAN", "Link Sernatur": "https://serviciosturisticos.sernatur.cl/4096-alan", "Region": "Region de Coquimbo", "Comuna": "La Higuera", "Localidad": "Punta De Choros", "Direccion": "Punta de choros NºS/N, Punta de choros", "Telefono": "+56 976177639", "Email": "victoraguirre1979@yahoo.cl", "Tipo": "Paseos náuticos - Observación de flora y fauna", "Servicio Cumple Inspeccion": "CUMPLE INSPECCIÓN", "Servicio Cumple Patente": "REGISTRO VIGENTE", "Sitio Web": null, "Y": "-29.25045", "X": "-71.46868", "Origen Dato": "Registro Nacional de Servicios Turisticos, SERNATUR", "Descripcion": "INSPECCIÓN (CUMPLE INSPECCION, NO INSPECCIONADO, NO CUMPLE INSPECCION): La etiqueta indica el resultado del proceso de inspección obligatorio para los servicios de alojamiento y turismo aventura. Su objetivo es determinar el cumplimiento de lo establecido en la ley de turismo y su reglamento (Decreto N° 19 del 12 de abril de 2018 del ministerio de Economía, Fomento y Turismo). ESTADO DE LA DOCUMENTACIÓN (REGISTRO VIGENTE, REGISTRO NO VIGENTE): Cada servicio registrado debe mantener actualizada la documentación que fue aprobada en el proceso de registro. De acuerdo a lo establecido en el decreto Nº 19 de 2022, el cual establece los requisitos para el registro de cada tipo de servicio, la documentación puede corresponder a la patente comercial temporal o definitiva, certificado de primeros auxilios, certificados de exención, permiso de autoridad competente u otra. https://portalserviciosturisticos.sernatur.cl/", "Ultima Actualizacion del Dato": "Abril 2025" }, "geometry": { "type": "Point", "coordinates": [ -71.462662578146634, -29.250063515793148 ] } },
{ "type": "Feature", "properties": { "fid": 5, "Foto": "http://serviciosturisticos.sernatur.cl/folder/empresas/emp_11978883/inscripcion_8040/phpdCOGaW2018051001550.jpg", "Nombre": "ANTONIA ANAIS 2.0", "Link Sernatur": "https://serviciosturisticos.sernatur.cl/3942-antonia-anais-20", "Region": "Region de Coquimbo", "Comuna": "La Higuera", "Localidad": "Punta De Choros", "Direccion": "Punta de choros NºS/N, Punta de choros", "Telefono": "+56 983394729", "Email": "marcomolinat@yahoo.cl", "Tipo": "Paseos náuticos", "Servicio Cumple Inspeccion": "CUMPLE INSPECCIÓN", "Servicio Cumple Patente": "REGISTRO VIGENTE", "Sitio Web": null, "Y": "-29.25045", "X": "-71.46870", "Origen Dato": "Registro Nacional de Servicios Turisticos, SERNATUR", "Descripcion": "INSPECCIÓN (CUMPLE INSPECCION, NO INSPECCIONADO, NO CUMPLE INSPECCION): La etiqueta indica el resultado del proceso de inspección obligatorio para los servicios de alojamiento y turismo aventura. Su objetivo es determinar el cumplimiento de lo establecido en la ley de turismo y su reglamento (Decreto N° 19 del 12 de abril de 2018 del ministerio de Economía, Fomento y Turismo). ESTADO DE LA DOCUMENTACIÓN (REGISTRO VIGENTE, REGISTRO NO VIGENTE): Cada servicio registrado debe mantener actualizada la documentación que fue aprobada en el proceso de registro. De acuerdo a lo establecido en el decreto Nº 19 de 2024, el cual establece los requisitos para el registro de cada tipo de servicio, la documentación puede corresponder a la patente comercial temporal o definitiva, certificado de primeros auxilios, certificados de exención, permiso de autoridad competente u otra. https://portalserviciosturisticos.sernatur.cl/", "Ultima Actualizacion del Dato": "Abril 2025" }, "geometry": { "type": "Point", "coordinates": [ -71.462779225935989, -29.250253411413755 ] } },
{ "type": "Feature", "properties": { "fid": 6, "Foto": "http://serviciosturisticos.sernatur.cl/folder/empresas/emp_6655293/inscripcion_3797/phpTGxJ9Q20181120031124.jpg", "Nombre": "ARGOS", "Link Sernatur": "https://serviciosturisticos.sernatur.cl/4064-argos", "Region": "Region de Coquimbo", "Comuna": "La Higuera", "Localidad": "Punta De Choros", "Direccion": "Punta de choros NºS/N, Punta de choros", "Telefono": "+56 983939402", "Email": "adm_agpuntadechoros@hotmail.com", "Tipo": "Paseos náuticos - Observación de flora y fauna", "Servicio Cumple Inspeccion": "CUMPLE INSPECCIÓN", "Servicio Cumple Patente": "REGISTRO VIGENTE", "Sitio Web": null, "Y": "-29.25045", "X": "-71.46871", "Origen Dato": "Registro Nacional de Servicios Turisticos, SERNATUR", "Descripcion": "INSPECCIÓN (CUMPLE INSPECCION, NO INSPECCIONADO, NO CUMPLE INSPECCION): La etiqueta indica el resultado del proceso de inspección obligatorio para los servicios de alojamiento y turismo aventura. Su objetivo es determinar el cumplimiento de lo establecido en la ley de turismo y su reglamento (Decreto N° 19 del 12 de abril de 2018 del ministerio de Economía, Fomento y Turismo). ESTADO DE LA DOCUMENTACIÓN (REGISTRO VIGENTE, REGISTRO NO VIGENTE): Cada servicio registrado debe mantener actualizada la documentación que fue aprobada en el proceso de registro. De acuerdo a lo establecido en el decreto Nº 19 de 2025, el cual establece los requisitos para el registro de cada tipo de servicio, la documentación puede corresponder a la patente comercial temporal o definitiva, certificado de primeros auxilios, certificados de exención, permiso de autoridad competente u otra. https://portalserviciosturisticos.sernatur.cl/", "Ultima Actualizacion del Dato": "Abril 2025" }, "geometry": { "type": "Point", "coordinates": [ -71.462496768792803, -29.249970440990648 ] } },
{ "type": "Feature", "properties": { "fid": 7, "Foto": "http://serviciosturisticos.sernatur.cl/folder/empresas/emp_76108531/inscripcion_2022/phpUTrNfp2017080112800.jpg", "Nombre": "CABAÑAS MAREA ALTA", "Link Sernatur": "https://serviciosturisticos.sernatur.cl/2438-cabanas-marea-alta", "Region": "Region de Coquimbo", "Comuna": "La Higuera", "Localidad": "Punta De Choros", "Direccion": "Sitio 3, punta de choros NºS/N, Punta de choros", "Telefono": "+56 981206250", "Email": "losdelabarra@gmail.com", "Tipo": "Cabañas", "Servicio Cumple Inspeccion": "CUMPLE INSPECCIÓN", "Servicio Cumple Patente": "REGISTRO VIGENTE", "Sitio Web": "http://www.marealta.cl/", "Y": "-29.2485737", "X": "-71.4666787", "Origen Dato": "Registro Nacional de Servicios Turisticos, SERNATUR", "Descripcion": "INSPECCIÓN (CUMPLE INSPECCION, NO INSPECCIONADO, NO CUMPLE INSPECCION): La etiqueta indica el resultado del proceso de inspección obligatorio para los servicios de alojamiento y turismo aventura. Su objetivo es determinar el cumplimiento de lo establecido en la ley de turismo y su reglamento (Decreto N° 19 del 12 de abril de 2018 del ministerio de Economía, Fomento y Turismo). ESTADO DE LA DOCUMENTACIÓN (REGISTRO VIGENTE, REGISTRO NO VIGENTE): Cada servicio registrado debe mantener actualizada la documentación que fue aprobada en el proceso de registro. De acuerdo a lo establecido en el decreto Nº 19 de 2027, el cual establece los requisitos para el registro de cada tipo de servicio, la documentación puede corresponder a la patente comercial temporal o definitiva, certificado de primeros auxilios, certificados de exención, permiso de autoridad competente u otra. https://portalserviciosturisticos.sernatur.cl/", "Ultima Actualizacion del Dato": "Abril 2025" }, "geometry": { "type": "Point", "coordinates": [ -71.4666787, -29.2485737 ] } },
{ "type": "Feature", "properties": { "fid": 8, "Foto": "http://serviciosturisticos.sernatur.cl/images/noaventura.jpg", "Nombre": "Cachalote Blanco", "Link Sernatur": "https://serviciosturisticos.sernatur.cl/4767-cachalote-blanco", "Region": "Region de Coquimbo", "Comuna": "La Higuera", "Localidad": "Punta De Choros", "Direccion": "Punta de choros NºS/N, Punta de choros", "Telefono": "Sin teléfono", "Email": "willyturismo@gmail.com", "Tipo": "Paseos náuticos - Observación de flora y fauna", "Servicio Cumple Inspeccion": "CUMPLE INSPECCIÓN", "Servicio Cumple Patente": "REGISTRO VIGENTE", "Sitio Web": null, "Y": "-29.25045", "X": "-71.46872", "Origen Dato": "Registro Nacional de Servicios Turisticos, SERNATUR", "Descripcion": "INSPECCIÓN (CUMPLE INSPECCION, NO INSPECCIONADO, NO CUMPLE INSPECCION): La etiqueta indica el resultado del proceso de inspección obligatorio para los servicios de alojamiento y turismo aventura. Su objetivo es determinar el cumplimiento de lo establecido en la ley de turismo y su reglamento (Decreto N° 19 del 12 de abril de 2018 del ministerio de Economía, Fomento y Turismo). ESTADO DE LA DOCUMENTACIÓN (REGISTRO VIGENTE, REGISTRO NO VIGENTE): Cada servicio registrado debe mantener actualizada la documentación que fue aprobada en el proceso de registro. De acuerdo a lo establecido en el decreto Nº 19 de 2028, el cual establece los requisitos para el registro de cada tipo de servicio, la documentación puede corresponder a la patente comercial temporal o definitiva, certificado de primeros auxilios, certificados de exención, permiso de autoridad competente u otra. https://portalserviciosturisticos.sernatur.cl/", "Ultima Actualizacion del Dato": "Abril 2025" }, "geometry": { "type": "Point", "coordinates": [ -71.462554619744409, -29.249970440990648 ] } },
{ "type": "Feature", "properties": { "fid": 9, "Foto": "http://serviciosturisticos.sernatur.cl/folder/empresas/emp_10272767/inscripcion_8047/phpJJmXiL20181120041157.jpg", "Nombre": "CACIQUE 3.0", "Link Sernatur": "https://serviciosturisticos.sernatur.cl/4029-cacique-30", "Region": "Region de Coquimbo", "Comuna": "La Higuera", "Localidad": "Punta De Choros", "Direccion": "Punta de choros NºS/N, Punta de choros", "Telefono": "83324822", "Email": "marcorojascortes@yahoo.cl", "Tipo": "Paseos náuticos - Observación de flora y fauna", "Servicio Cumple Inspeccion": "CUMPLE INSPECCIÓN", "Servicio Cumple Patente": "REGISTRO VIGENTE", "Sitio Web": null, "Y": "-29.25045", "X": "-71.46874", "Origen Dato": "Registro Nacional de Servicios Turisticos, SERNATUR", "Descripcion": "INSPECCIÓN (CUMPLE INSPECCION, NO INSPECCIONADO, NO CUMPLE INSPECCION): La etiqueta indica el resultado del proceso de inspección obligatorio para los servicios de alojamiento y turismo aventura. Su objetivo es determinar el cumplimiento de lo establecido en la ley de turismo y su reglamento (Decreto N° 19 del 12 de abril de 2018 del ministerio de Economía, Fomento y Turismo). ESTADO DE LA DOCUMENTACIÓN (REGISTRO VIGENTE, REGISTRO NO VIGENTE): Cada servicio registrado debe mantener actualizada la documentación que fue aprobada en el proceso de registro. De acuerdo a lo establecido en el decreto Nº 19 de 2030, el cual establece los requisitos para el registro de cada tipo de servicio, la documentación puede corresponder a la patente comercial temporal o definitiva, certificado de primeros auxilios, certificados de exención, permiso de autoridad competente u otra. https://portalserviciosturisticos.sernatur.cl/", "Ultima Actualizacion del Dato": "Abril 2025" }, "geometry": { "type": "Point", "coordinates": [ -71.462639082133776, -29.249847796973214 ] } },
{ "type": "Feature", "properties": { "fid": 10, "Foto": "http://serviciosturisticos.sernatur.cl/folder/empresas/emp_8137006/inscripcion_12832/phpj2oMl520181115111123.jpg", "Nombre": "CAPITAN", "Link Sernatur": "https://serviciosturisticos.sernatur.cl/7084-capitan", "Region": "Region de Coquimbo", "Comuna": "La Higuera", "Localidad": "Punta De Choros", "Direccion": "Punta de choros NºS/N, Punta de choros", "Telefono": "+56 985153961", "Email": "melintonaguirre@yahoo.cl", "Tipo": "Paseos náuticos - Observación de flora y fauna", "Servicio Cumple Inspeccion": "CUMPLE INSPECCIÓN", "Servicio Cumple Patente": "REGISTRO VIGENTE", "Sitio Web": null, "Y": "-29.25045", "X": "-71.46876", "Origen Dato": "Registro Nacional de Servicios Turisticos, SERNATUR", "Descripcion": "INSPECCIÓN (CUMPLE INSPECCION, NO INSPECCIONADO, NO CUMPLE INSPECCION): La etiqueta indica el resultado del proceso de inspección obligatorio para los servicios de alojamiento y turismo aventura. Su objetivo es determinar el cumplimiento de lo establecido en la ley de turismo y su reglamento (Decreto N° 19 del 12 de abril de 2018 del ministerio de Economía, Fomento y Turismo). ESTADO DE LA DOCUMENTACIÓN (REGISTRO VIGENTE, REGISTRO NO VIGENTE): Cada servicio registrado debe mantener actualizada la documentación que fue aprobada en el proceso de registro. De acuerdo a lo establecido en el decreto Nº 19 de 2032, el cual establece los requisitos para el registro de cada tipo de servicio, la documentación puede corresponder a la patente comercial temporal o definitiva, certificado de primeros auxilios, certificados de exención, permiso de autoridad competente u otra. https://portalserviciosturisticos.sernatur.cl/", "Ultima Actualizacion del Dato": "Abril 2025" }, "geometry": { "type": "Point", "coordinates": [ -71.46272924422027, -29.250049102328443 ] } },
{ "type": "Feature", "properties": { "fid": 11, "Foto": "http://serviciosturisticos.sernatur.cl/folder/empresas/emp_15674152/inscripcion_28607/phpVVhwO420181120041115.jpg", "Nombre": "CAPITAN JACK", "Link Sernatur": "https://serviciosturisticos.sernatur.cl/15926-capitan-jack", "Region": "Region de Coquimbo", "Comuna": "La Higuera", "Localidad": "Punta De Choros", "Direccion": "Punta de choros NºS/N, Punta de choros", "Telefono": "+56 985227241", "Email": "rodrigofloal@gmail.com", "Tipo": "Paseos náuticos - Observación de flora y fauna", "Servicio Cumple Inspeccion": "CUMPLE INSPECCIÓN", "Servicio Cumple Patente": "REGISTRO VIGENTE", "Sitio Web": null, "Y": "-29.25045", "X": "-71.46878", "Origen Dato": "Registro Nacional de Servicios Turisticos, SERNATUR", "Descripcion": "INSPECCIÓN (CUMPLE INSPECCION, NO INSPECCIONADO, NO CUMPLE INSPECCION): La etiqueta indica el resultado del proceso de inspección obligatorio para los servicios de alojamiento y turismo aventura. Su objetivo es determinar el cumplimiento de lo establecido en la ley de turismo y su reglamento (Decreto N° 19 del 12 de abril de 2018 del ministerio de Economía, Fomento y Turismo). ESTADO DE LA DOCUMENTACIÓN (REGISTRO VIGENTE, REGISTRO NO VIGENTE): Cada servicio registrado debe mantener actualizada la documentación que fue aprobada en el proceso de registro. De acuerdo a lo establecido en el decreto Nº 19 de 2034, el cual establece los requisitos para el registro de cada tipo de servicio, la documentación puede corresponder a la patente comercial temporal o definitiva, certificado de primeros auxilios, certificados de exención, permiso de autoridad competente u otra. https://portalserviciosturisticos.sernatur.cl/", "Ultima Actualizacion del Dato": "Abril 2025" }, "geometry": { "type": "Point", "coordinates": [ -71.462899454448987, -29.250207110484034 ] } },
{ "type": "Feature", "properties": { "fid": 12, "Foto": "http://serviciosturisticos.sernatur.cl/folder/empresas/emp_13018673/inscripcion_4126/phpzZLyZe2018051001527.jpg", "Nombre": "CARLA ANDREA", "Link Sernatur": "https://serviciosturisticos.sernatur.cl/4799-carla-andrea", "Region": "Region de Coquimbo", "Comuna": "La Higuera", "Localidad": "Punta De Choros", "Direccion": "Punta de choros NºS/N, Punta de choros", "Telefono": "+56 9 96472052", "Email": "viviana_1975_2012@hotmail.com", "Tipo": "Paseos náuticos - Observación de flora y fauna", "Servicio Cumple Inspeccion": "CUMPLE INSPECCIÓN", "Servicio Cumple Patente": "REGISTRO VIGENTE", "Sitio Web": null, "Y": "-29.25045", "X": "-71.46880", "Origen Dato": "Registro Nacional de Servicios Turisticos, SERNATUR", "Descripcion": "INSPECCIÓN (CUMPLE INSPECCION, NO INSPECCIONADO, NO CUMPLE INSPECCION): La etiqueta indica el resultado del proceso de inspección obligatorio para los servicios de alojamiento y turismo aventura. Su objetivo es determinar el cumplimiento de lo establecido en la ley de turismo y su reglamento (Decreto N° 19 del 12 de abril de 2018 del ministerio de Economía, Fomento y Turismo). ESTADO DE LA DOCUMENTACIÓN (REGISTRO VIGENTE, REGISTRO NO VIGENTE): Cada servicio registrado debe mantener actualizada la documentación que fue aprobada en el proceso de registro. De acuerdo a lo establecido en el decreto Nº 19 de 2036, el cual establece los requisitos para el registro de cada tipo de servicio, la documentación puede corresponder a la patente comercial temporal o definitiva, certificado de primeros auxilios, certificados de exención, permiso de autoridad competente u otra. https://portalserviciosturisticos.sernatur.cl/", "Ultima Actualizacion del Dato": "Abril 2025" }, "geometry": { "type": "Point", "coordinates": [ -71.462804223368053, -29.250113879437862 ] } },
{ "type": "Feature", "properties": { "fid": 13, "Foto": "http://serviciosturisticos.sernatur.cl/images/noaventura.jpg", "Nombre": "CHAMULLO III", "Link Sernatur": "https://serviciosturisticos.sernatur.cl/19647-chamullo-iii", "Region": "Region de Coquimbo", "Comuna": "La Higuera", "Localidad": "Punta De Choros", "Direccion": "Punta de choros NºS/N, Punta de choros", "Telefono": "+56 9", "Email": "chamullo2018@gmail.com", "Tipo": "Paseos náuticos", "Servicio Cumple Inspeccion": "CUMPLE INSPECCIÓN", "Servicio Cumple Patente": "REGISTRO VIGENTE", "Sitio Web": null, "Y": "-29.25045", "X": "-71.46882", "Origen Dato": "Registro Nacional de Servicios Turisticos, SERNATUR", "Descripcion": "INSPECCIÓN (CUMPLE INSPECCION, NO INSPECCIONADO, NO CUMPLE INSPECCION): La etiqueta indica el resultado del proceso de inspección obligatorio para los servicios de alojamiento y turismo aventura. Su objetivo es determinar el cumplimiento de lo establecido en la ley de turismo y su reglamento (Decreto N° 19 del 12 de abril de 2018 del ministerio de Economía, Fomento y Turismo). ESTADO DE LA DOCUMENTACIÓN (REGISTRO VIGENTE, REGISTRO NO VIGENTE): Cada servicio registrado debe mantener actualizada la documentación que fue aprobada en el proceso de registro. De acuerdo a lo establecido en el decreto Nº 19 de 2038, el cual establece los requisitos para el registro de cada tipo de servicio, la documentación puede corresponder a la patente comercial temporal o definitiva, certificado de primeros auxilios, certificados de exención, permiso de autoridad competente u otra. https://portalserviciosturisticos.sernatur.cl/", "Ultima Actualizacion del Dato": "Abril 2025" }, "geometry": { "type": "Point", "coordinates": [ -71.462801615607063, -29.250194684017654 ] } },
{ "type": "Feature", "properties": { "fid": 14, "Foto": "http://serviciosturisticos.sernatur.cl/folder/empresas/emp_8289326/inscripcion_10411/phpQYSfdQ20181120041141.jpg", "Nombre": "CHANGO 2.0", "Link Sernatur": "https://serviciosturisticos.sernatur.cl/5548-chango-20", "Region": "Region de Coquimbo", "Comuna": "La Higuera", "Localidad": "Punta De Choros", "Direccion": "Punta de choros NºS/N, Punta de choros", "Telefono": "+56 976199042", "Email": "cristianpasten1960@gmail.com", "Tipo": "Paseos náuticos - Observación de flora y fauna", "Servicio Cumple Inspeccion": "CUMPLE INSPECCIÓN", "Servicio Cumple Patente": "REGISTRO VIGENTE", "Sitio Web": null, "Y": "-29.25045", "X": "-71.46883", "Origen Dato": "Registro Nacional de Servicios Turisticos, SERNATUR", "Descripcion": "INSPECCIÓN (CUMPLE INSPECCION, NO INSPECCIONADO, NO CUMPLE INSPECCION): La etiqueta indica el resultado del proceso de inspección obligatorio para los servicios de alojamiento y turismo aventura. Su objetivo es determinar el cumplimiento de lo establecido en la ley de turismo y su reglamento (Decreto N° 19 del 12 de abril de 2018 del ministerio de Economía, Fomento y Turismo). ESTADO DE LA DOCUMENTACIÓN (REGISTRO VIGENTE, REGISTRO NO VIGENTE): Cada servicio registrado debe mantener actualizada la documentación que fue aprobada en el proceso de registro. De acuerdo a lo establecido en el decreto Nº 19 de 2039, el cual establece los requisitos para el registro de cada tipo de servicio, la documentación puede corresponder a la patente comercial temporal o definitiva, certificado de primeros auxilios, certificados de exención, permiso de autoridad competente u otra. https://portalserviciosturisticos.sernatur.cl/", "Ultima Actualizacion del Dato": "Abril 2025" }, "geometry": { "type": "Point", "coordinates": [ -71.462650093983015, -29.250202222001775 ] } },
{ "type": "Feature", "properties": { "fid": 15, "Foto": "http://serviciosturisticos.sernatur.cl/images/noaventura.jpg", "Nombre": "CRISTIAN ALONSO", "Link Sernatur": "https://serviciosturisticos.sernatur.cl/52041-cristian-alonso", "Region": "Region de Coquimbo", "Comuna": "La Higuera", "Localidad": "Punta De Choros", "Direccion": "Punta de choros NºS/N, Punta de choros", "Telefono": "+56 974109789", "Email": "oscar.o.vergara@gmail.com", "Tipo": "Paseos náuticos - Observación de flora y fauna", "Servicio Cumple Inspeccion": "CUMPLE INSPECCIÓN", "Servicio Cumple Patente": "REGISTRO VIGENTE", "Sitio Web": null, "Y": "-29.25045", "X": "-71.46885", "Origen Dato": "Registro Nacional de Servicios Turisticos, SERNATUR", "Descripcion": "INSPECCIÓN (CUMPLE INSPECCION, NO INSPECCIONADO, NO CUMPLE INSPECCION): La etiqueta indica el resultado del proceso de inspección obligatorio para los servicios de alojamiento y turismo aventura. Su objetivo es determinar el cumplimiento de lo establecido en la ley de turismo y su reglamento (Decreto N° 19 del 12 de abril de 2018 del ministerio de Economía, Fomento y Turismo). ESTADO DE LA DOCUMENTACIÓN (REGISTRO VIGENTE, REGISTRO NO VIGENTE): Cada servicio registrado debe mantener actualizada la documentación que fue aprobada en el proceso de registro. De acuerdo a lo establecido en el decreto Nº 19 de 2041, el cual establece los requisitos para el registro de cada tipo de servicio, la documentación puede corresponder a la patente comercial temporal o definitiva, certificado de primeros auxilios, certificados de exención, permiso de autoridad competente u otra. https://portalserviciosturisticos.sernatur.cl/", "Ultima Actualizacion del Dato": "Abril 2025" }, "geometry": { "type": "Point", "coordinates": [ -71.462733522280203, -29.250259092346464 ] } },
{ "type": "Feature", "properties": { "fid": 16, "Foto": "http://serviciosturisticos.sernatur.cl/folder/empresas/emp_11934848/inscripcion_8099/phpxDBOZM20181120041128.jpg", "Nombre": "CRONOS", "Link Sernatur": "https://serviciosturisticos.sernatur.cl/3964-cronos", "Region": "Region de Coquimbo", "Comuna": "La Higuera", "Localidad": "Punta De Choros", "Direccion": "Punta de choros NºS/N, Punta de choros", "Telefono": "+56 988226305", "Email": "victorrojassegura@yahoo.cl", "Tipo": "Paseos náuticos - Observación de flora y fauna", "Servicio Cumple Inspeccion": "CUMPLE INSPECCIÓN", "Servicio Cumple Patente": "REGISTRO VIGENTE", "Sitio Web": null, "Y": "-29.25045", "X": "-71.46887", "Origen Dato": "Registro Nacional de Servicios Turisticos, SERNATUR", "Descripcion": "INSPECCIÓN (CUMPLE INSPECCION, NO INSPECCIONADO, NO CUMPLE INSPECCION): La etiqueta indica el resultado del proceso de inspección obligatorio para los servicios de alojamiento y turismo aventura. Su objetivo es determinar el cumplimiento de lo establecido en la ley de turismo y su reglamento (Decreto N° 19 del 12 de abril de 2018 del ministerio de Economía, Fomento y Turismo). ESTADO DE LA DOCUMENTACIÓN (REGISTRO VIGENTE, REGISTRO NO VIGENTE): Cada servicio registrado debe mantener actualizada la documentación que fue aprobada en el proceso de registro. De acuerdo a lo establecido en el decreto Nº 19 de 2043, el cual establece los requisitos para el registro de cada tipo de servicio, la documentación puede corresponder a la patente comercial temporal o definitiva, certificado de primeros auxilios, certificados de exención, permiso de autoridad competente u otra. https://portalserviciosturisticos.sernatur.cl/", "Ultima Actualizacion del Dato": "Abril 2025" }, "geometry": { "type": "Point", "coordinates": [ -71.46285937554461, -29.250146543396937 ] } },
{ "type": "Feature", "properties": { "fid": 17, "Foto": "http://serviciosturisticos.sernatur.cl/folder/empresas/emp_15704038/inscripcion_89106/phpm5rArJ.jpg", "Nombre": "Déjame Pensarlo", "Link Sernatur": "https://serviciosturisticos.sernatur.cl/71359-dejame-pensarlo", "Region": "Region de Coquimbo", "Comuna": "La Higuera", "Localidad": "Punta De Choros", "Direccion": "Punta de choros NºS/N, Punta de choros", "Telefono": "(56) 963121174", "Email": "jtamayovergara@hotmail.com", "Tipo": "Paseos náuticos - Observación de flora y fauna", "Servicio Cumple Inspeccion": "CUMPLE INSPECCIÓN", "Servicio Cumple Patente": "REGISTRO VIGENTE", "Sitio Web": null, "Y": "-29.25045", "X": "-71.46889", "Origen Dato": "Registro Nacional de Servicios Turisticos, SERNATUR", "Descripcion": "INSPECCIÓN (CUMPLE INSPECCION, NO INSPECCIONADO, NO CUMPLE INSPECCION): La etiqueta indica el resultado del proceso de inspección obligatorio para los servicios de alojamiento y turismo aventura. Su objetivo es determinar el cumplimiento de lo establecido en la ley de turismo y su reglamento (Decreto N° 19 del 12 de abril de 2018 del ministerio de Economía, Fomento y Turismo). ESTADO DE LA DOCUMENTACIÓN (REGISTRO VIGENTE, REGISTRO NO VIGENTE): Cada servicio registrado debe mantener actualizada la documentación que fue aprobada en el proceso de registro. De acuerdo a lo establecido en el decreto Nº 19 de 2045, el cual establece los requisitos para el registro de cada tipo de servicio, la documentación puede corresponder a la patente comercial temporal o definitiva, certificado de primeros auxilios, certificados de exención, permiso de autoridad competente u otra. https://portalserviciosturisticos.sernatur.cl/", "Ultima Actualizacion del Dato": "Abril 2025" }, "geometry": { "type": "Point", "coordinates": [ -71.462774453360566, -29.249820028516435 ] } },
{ "type": "Feature", "properties": { "fid": 18, "Foto": "http://serviciosturisticos.sernatur.cl/images/noaventura.jpg", "Nombre": "DEMIAN I", "Link Sernatur": "https://serviciosturisticos.sernatur.cl/20239-demian-i", "Region": "Region de Coquimbo", "Comuna": "La Higuera", "Localidad": "Punta De Choros", "Direccion": "Punta de choros NºS/N, Punta de choros", "Telefono": "+56 985778059", "Email": "embarcaciondemian1@gmail.com", "Tipo": "Paseos náuticos - Observación de flora y fauna", "Servicio Cumple Inspeccion": "CUMPLE INSPECCIÓN", "Servicio Cumple Patente": "REGISTRO VIGENTE", "Sitio Web": null, "Y": "-29.25045", "X": "-71.46891", "Origen Dato": "Registro Nacional de Servicios Turisticos, SERNATUR", "Descripcion": "INSPECCIÓN (CUMPLE INSPECCION, NO INSPECCIONADO, NO CUMPLE INSPECCION): La etiqueta indica el resultado del proceso de inspección obligatorio para los servicios de alojamiento y turismo aventura. Su objetivo es determinar el cumplimiento de lo establecido en la ley de turismo y su reglamento (Decreto N° 19 del 12 de abril de 2018 del ministerio de Economía, Fomento y Turismo). ESTADO DE LA DOCUMENTACIÓN (REGISTRO VIGENTE, REGISTRO NO VIGENTE): Cada servicio registrado debe mantener actualizada la documentación que fue aprobada en el proceso de registro. De acuerdo a lo establecido en el decreto Nº 19 de 2047, el cual establece los requisitos para el registro de cada tipo de servicio, la documentación puede corresponder a la patente comercial temporal o definitiva, certificado de primeros auxilios, certificados de exención, permiso de autoridad competente u otra. https://portalserviciosturisticos.sernatur.cl/", "Ultima Actualizacion del Dato": "Abril 2025" }, "geometry": { "type": "Point", "coordinates": [ -71.462809163931539, -29.249781846888368 ] } },
{ "type": "Feature", "properties": { "fid": 19, "Foto": "http://serviciosturisticos.sernatur.cl/folder/empresas/emp_10707201/inscripcion_35332/phprt1KA2.jpg", "Nombre": "Diamante Blanco", "Link Sernatur": "https://serviciosturisticos.sernatur.cl/19882-diamante-blanco", "Region": "Region de Coquimbo", "Comuna": "La Higuera", "Localidad": "Punta De Choros", "Direccion": "Punta de choros NºS/N, Punta de choros", "Telefono": "+56 954017559", "Email": "embarcaciondiamanteblanco@gmail.com", "Tipo": "Paseos náuticos", "Servicio Cumple Inspeccion": "CUMPLE INSPECCIÓN", "Servicio Cumple Patente": "REGISTRO VIGENTE", "Sitio Web": null, "Y": "-29.25045", "X": "-71.46893", "Origen Dato": "Registro Nacional de Servicios Turisticos, SERNATUR", "Descripcion": "INSPECCIÓN (CUMPLE INSPECCION, NO INSPECCIONADO, NO CUMPLE INSPECCION): La etiqueta indica el resultado del proceso de inspección obligatorio para los servicios de alojamiento y turismo aventura. Su objetivo es determinar el cumplimiento de lo establecido en la ley de turismo y su reglamento (Decreto N° 19 del 12 de abril de 2018 del ministerio de Economía, Fomento y Turismo). ESTADO DE LA DOCUMENTACIÓN (REGISTRO VIGENTE, REGISTRO NO VIGENTE): Cada servicio registrado debe mantener actualizada la documentación que fue aprobada en el proceso de registro. De acuerdo a lo establecido en el decreto Nº 19 de 2049, el cual establece los requisitos para el registro de cada tipo de servicio, la documentación puede corresponder a la patente comercial temporal o definitiva, certificado de primeros auxilios, certificados de exención, permiso de autoridad competente u otra. https://portalserviciosturisticos.sernatur.cl/", "Ultima Actualizacion del Dato": "Abril 2025" }, "geometry": { "type": "Point", "coordinates": [ -71.462906353530258, -29.249830441687728 ] } },
{ "type": "Feature", "properties": { "fid": 20, "Foto": "http://serviciosturisticos.sernatur.cl/folder/empresas/emp_10228900/inscripcion_8029/phps31MTt20181115111142.jpg", "Nombre": "DON ALEX II", "Link Sernatur": "https://serviciosturisticos.sernatur.cl/3986-don-alex-ii", "Region": "Region de Coquimbo", "Comuna": "La Higuera", "Localidad": "Punta De Choros", "Direccion": "Punta de choros NºS/N, Punta de choros", "Telefono": "56 996398473", "Email": "victorperaltavergara@gmail.com", "Tipo": "Paseos náuticos - Observación de flora y fauna", "Servicio Cumple Inspeccion": "CUMPLE INSPECCIÓN", "Servicio Cumple Patente": "REGISTRO VIGENTE", "Sitio Web": null, "Y": "-29.25045", "X": "-71.46894", "Origen Dato": "Registro Nacional de Servicios Turisticos, SERNATUR", "Descripcion": "INSPECCIÓN (CUMPLE INSPECCION, NO INSPECCIONADO, NO CUMPLE INSPECCION): La etiqueta indica el resultado del proceso de inspección obligatorio para los servicios de alojamiento y turismo aventura. Su objetivo es determinar el cumplimiento de lo establecido en la ley de turismo y su reglamento (Decreto N° 19 del 12 de abril de 2018 del ministerio de Economía, Fomento y Turismo). ESTADO DE LA DOCUMENTACIÓN (REGISTRO VIGENTE, REGISTRO NO VIGENTE): Cada servicio registrado debe mantener actualizada la documentación que fue aprobada en el proceso de registro. De acuerdo a lo establecido en el decreto Nº 19 de 2050, el cual establece los requisitos para el registro de cada tipo de servicio, la documentación puede corresponder a la patente comercial temporal o definitiva, certificado de primeros auxilios, certificados de exención, permiso de autoridad competente u otra. https://portalserviciosturisticos.sernatur.cl/", "Ultima Actualizacion del Dato": "Abril 2025" }, "geometry": { "type": "Point", "coordinates": [ -71.462797593741215, -29.249857053125471 ] } },
{ "type": "Feature", "properties": { "fid": 21, "Foto": "http://serviciosturisticos.sernatur.cl/images/noaventura.jpg", "Nombre": "EL JEFE", "Link Sernatur": "https://serviciosturisticos.sernatur.cl/8017-el-jefe", "Region": "Region de Coquimbo", "Comuna": "La Higuera", "Localidad": "Punta De Choros", "Direccion": "Punta de choros NºS/N, Punta de choros", "Telefono": "+56 979664880", "Email": "elmutante.registro@gmail.com", "Tipo": "Paseos náuticos - Observación de flora y fauna", "Servicio Cumple Inspeccion": "CUMPLE INSPECCIÓN", "Servicio Cumple Patente": "REGISTRO VIGENTE", "Sitio Web": null, "Y": "-29.25045", "X": "-71.46896", "Origen Dato": "Registro Nacional de Servicios Turisticos, SERNATUR", "Descripcion": "INSPECCIÓN (CUMPLE INSPECCION, NO INSPECCIONADO, NO CUMPLE INSPECCION): La etiqueta indica el resultado del proceso de inspección obligatorio para los servicios de alojamiento y turismo aventura. Su objetivo es determinar el cumplimiento de lo establecido en la ley de turismo y su reglamento (Decreto N° 19 del 12 de abril de 2018 del ministerio de Economía, Fomento y Turismo). ESTADO DE LA DOCUMENTACIÓN (REGISTRO VIGENTE, REGISTRO NO VIGENTE): Cada servicio registrado debe mantener actualizada la documentación que fue aprobada en el proceso de registro. De acuerdo a lo establecido en el decreto Nº 19 de 2052, el cual establece los requisitos para el registro de cada tipo de servicio, la documentación puede corresponder a la patente comercial temporal o definitiva, certificado de primeros auxilios, certificados de exención, permiso de autoridad competente u otra. https://portalserviciosturisticos.sernatur.cl/", "Ultima Actualizacion del Dato": "Abril 2025" }, "geometry": { "type": "Point", "coordinates": [ -71.46286354382606, -29.249785317945467 ] } },
{ "type": "Feature", "properties": { "fid": 22, "Foto": "http://serviciosturisticos.sernatur.cl/images/noaventura.jpg", "Nombre": "EL MUTANTE", "Link Sernatur": "https://serviciosturisticos.sernatur.cl/18903-el-mutante", "Region": "Region de Coquimbo", "Comuna": "La Higuera", "Localidad": "Punta De Choros", "Direccion": "Punta de choros NºS/N, Punta de choros", "Telefono": "+56 983667809", "Email": "juanita.rojas@live.cl", "Tipo": "Paseos náuticos - Observación de flora y fauna", "Servicio Cumple Inspeccion": "CUMPLE INSPECCIÓN", "Servicio Cumple Patente": "REGISTRO VIGENTE", "Sitio Web": null, "Y": "-29.25045", "X": "-71.46898", "Origen Dato": "Registro Nacional de Servicios Turisticos, SERNATUR", "Descripcion": "INSPECCIÓN (CUMPLE INSPECCION, NO INSPECCIONADO, NO CUMPLE INSPECCION): La etiqueta indica el resultado del proceso de inspección obligatorio para los servicios de alojamiento y turismo aventura. Su objetivo es determinar el cumplimiento de lo establecido en la ley de turismo y su reglamento (Decreto N° 19 del 12 de abril de 2018 del ministerio de Economía, Fomento y Turismo). ESTADO DE LA DOCUMENTACIÓN (REGISTRO VIGENTE, REGISTRO NO VIGENTE): Cada servicio registrado debe mantener actualizada la documentación que fue aprobada en el proceso de registro. De acuerdo a lo establecido en el decreto Nº 19 de 2054, el cual establece los requisitos para el registro de cada tipo de servicio, la documentación puede corresponder a la patente comercial temporal o definitiva, certificado de primeros auxilios, certificados de exención, permiso de autoridad competente u otra. https://portalserviciosturisticos.sernatur.cl/", "Ultima Actualizacion del Dato": "Abril 2025" }, "geometry": { "type": "Point", "coordinates": [ -71.46274784192282, -29.249889449658379 ] } },
{ "type": "Feature", "properties": { "fid": 23, "Foto": "http://serviciosturisticos.sernatur.cl/images/noaventura.jpg", "Nombre": "EL NEGRO", "Link Sernatur": "https://serviciosturisticos.sernatur.cl/4025-el-negro", "Region": "Region de Coquimbo", "Comuna": "La Higuera", "Localidad": "Punta De Choros", "Direccion": "Punta de choros  NºS/N, Punta de choros", "Telefono": "(+56) 930146735", "Email": "harancibiagodoy@yahoo.cl", "Tipo": "Paseos náuticos - Observación de flora y fauna", "Servicio Cumple Inspeccion": "CUMPLE INSPECCIÓN", "Servicio Cumple Patente": "REGISTRO VIGENTE", "Sitio Web": null, "Y": "-29.25045", "X": "-71.46900", "Origen Dato": "Registro Nacional de Servicios Turisticos, SERNATUR", "Descripcion": "INSPECCIÓN (CUMPLE INSPECCION, NO INSPECCIONADO, NO CUMPLE INSPECCION): La etiqueta indica el resultado del proceso de inspección obligatorio para los servicios de alojamiento y turismo aventura. Su objetivo es determinar el cumplimiento de lo establecido en la ley de turismo y su reglamento (Decreto N° 19 del 12 de abril de 2018 del ministerio de Economía, Fomento y Turismo). ESTADO DE LA DOCUMENTACIÓN (REGISTRO VIGENTE, REGISTRO NO VIGENTE): Cada servicio registrado debe mantener actualizada la documentación que fue aprobada en el proceso de registro. De acuerdo a lo establecido en el decreto Nº 19 de 2056, el cual establece los requisitos para el registro de cada tipo de servicio, la documentación puede corresponder a la patente comercial temporal o definitiva, certificado de primeros auxilios, certificados de exención, permiso de autoridad competente u otra. https://portalserviciosturisticos.sernatur.cl/", "Ultima Actualizacion del Dato": "Abril 2025" }, "geometry": { "type": "Point", "coordinates": [ -71.462858915749933, -29.249896391772573 ] } },
{ "type": "Feature", "properties": { "fid": 24, "Foto": "http://serviciosturisticos.sernatur.cl/folder/empresas/emp_10243090/inscripcion_30098/phpJY0MgO20181115011148.jpg", "Nombre": "EL NOLO", "Link Sernatur": "https://serviciosturisticos.sernatur.cl/16877-el-nolo", "Region": "Region de Coquimbo", "Comuna": "La Higuera", "Localidad": "Punta De Choros", "Direccion": "Punta de choros NºS/N, Punta de choros", "Telefono": "+56 9", "Email": "elmutante2.registro@gmail.com", "Tipo": "Paseos náuticos - Observación de flora y fauna", "Servicio Cumple Inspeccion": "CUMPLE INSPECCIÓN", "Servicio Cumple Patente": "REGISTRO VIGENTE", "Sitio Web": null, "Y": "-29.25045", "X": "-71.46902", "Origen Dato": "Registro Nacional de Servicios Turisticos, SERNATUR", "Descripcion": "INSPECCIÓN (CUMPLE INSPECCION, NO INSPECCIONADO, NO CUMPLE INSPECCION): La etiqueta indica el resultado del proceso de inspección obligatorio para los servicios de alojamiento y turismo aventura. Su objetivo es determinar el cumplimiento de lo establecido en la ley de turismo y su reglamento (Decreto N° 19 del 12 de abril de 2018 del ministerio de Economía, Fomento y Turismo). ESTADO DE LA DOCUMENTACIÓN (REGISTRO VIGENTE, REGISTRO NO VIGENTE): Cada servicio registrado debe mantener actualizada la documentación que fue aprobada en el proceso de registro. De acuerdo a lo establecido en el decreto Nº 19 de 2058, el cual establece los requisitos para el registro de cada tipo de servicio, la documentación puede corresponder a la patente comercial temporal o definitiva, certificado de primeros auxilios, certificados de exención, permiso de autoridad competente u otra. https://portalserviciosturisticos.sernatur.cl/", "Ultima Actualizacion del Dato": "Abril 2025" }, "geometry": { "type": "Point", "coordinates": [ -71.462707346256693, -29.249910276000961 ] } },
{ "type": "Feature", "properties": { "fid": 25, "Foto": "http://serviciosturisticos.sernatur.cl/folder/empresas/emp_7851012/inscripcion_10344/phpQIN6Ds20181115111135.jpg", "Nombre": "EL ÑURDO 3.0", "Link Sernatur": "https://serviciosturisticos.sernatur.cl/5476-el-nurdo-30", "Region": "Region de Coquimbo", "Comuna": "La Higuera", "Localidad": "Punta De Choros", "Direccion": "Punta de choros NºS/N, Punta de choros", "Telefono": "+56 51 2281432", "Email": "jtamayovergara@hotmail.com", "Tipo": "Paseos náuticos - Observación de flora y fauna", "Servicio Cumple Inspeccion": "CUMPLE INSPECCIÓN", "Servicio Cumple Patente": "REGISTRO VIGENTE", "Sitio Web": null, "Y": "-29.25045", "X": "-71.46904", "Origen Dato": "Registro Nacional de Servicios Turisticos, SERNATUR", "Descripcion": "INSPECCIÓN (CUMPLE INSPECCION, NO INSPECCIONADO, NO CUMPLE INSPECCION): La etiqueta indica el resultado del proceso de inspección obligatorio para los servicios de alojamiento y turismo aventura. Su objetivo es determinar el cumplimiento de lo establecido en la ley de turismo y su reglamento (Decreto N° 19 del 12 de abril de 2018 del ministerio de Economía, Fomento y Turismo). ESTADO DE LA DOCUMENTACIÓN (REGISTRO VIGENTE, REGISTRO NO VIGENTE): Cada servicio registrado debe mantener actualizada la documentación que fue aprobada en el proceso de registro. De acuerdo a lo establecido en el decreto Nº 19 de 2060, el cual establece los requisitos para el registro de cada tipo de servicio, la documentación puede corresponder a la patente comercial temporal o definitiva, certificado de primeros auxilios, certificados de exención, permiso de autoridad competente u otra. https://portalserviciosturisticos.sernatur.cl/", "Ultima Actualizacion del Dato": "Abril 2025" }, "geometry": { "type": "Point", "coordinates": [ -71.462621726848297, -29.249919532153218 ] } },
{ "type": "Feature", "properties": { "fid": 26, "Foto": "http://serviciosturisticos.sernatur.cl/images/noaventura.jpg", "Nombre": "EL PERLA NEGRA II", "Link Sernatur": "https://serviciosturisticos.sernatur.cl/20009-el-perla-negra-ii", "Region": "Region de Coquimbo", "Comuna": "La Higuera", "Localidad": "Punta De Choros", "Direccion": "Punta de choros NºS/N, Punta de choros", "Telefono": "+56 982093927", "Email": "embarcacionelperlanegra2@gmail.com", "Tipo": "Paseos náuticos - Observación de flora y fauna", "Servicio Cumple Inspeccion": "CUMPLE INSPECCIÓN", "Servicio Cumple Patente": "REGISTRO VIGENTE", "Sitio Web": null, "Y": "-29.25045", "X": "-71.46906", "Origen Dato": "Registro Nacional de Servicios Turisticos, SERNATUR", "Descripcion": "INSPECCIÓN (CUMPLE INSPECCION, NO INSPECCIONADO, NO CUMPLE INSPECCION): La etiqueta indica el resultado del proceso de inspección obligatorio para los servicios de alojamiento y turismo aventura. Su objetivo es determinar el cumplimiento de lo establecido en la ley de turismo y su reglamento (Decreto N° 19 del 12 de abril de 2018 del ministerio de Economía, Fomento y Turismo). ESTADO DE LA DOCUMENTACIÓN (REGISTRO VIGENTE, REGISTRO NO VIGENTE): Cada servicio registrado debe mantener actualizada la documentación que fue aprobada en el proceso de registro. De acuerdo a lo establecido en el decreto Nº 19 de 2062, el cual establece los requisitos para el registro de cada tipo de servicio, la documentación puede corresponder a la patente comercial temporal o definitiva, certificado de primeros auxilios, certificados de exención, permiso de autoridad competente u otra. https://portalserviciosturisticos.sernatur.cl/", "Ultima Actualizacion del Dato": "Abril 2025" }, "geometry": { "type": "Point", "coordinates": [ -71.462949163234441, -29.24984953250177 ] } },
{ "type": "Feature", "properties": { "fid": 27, "Foto": "http://serviciosturisticos.sernatur.cl/folder/empresas/emp_12805131/inscripcion_8068/phpQl6jKA2018051001514.jpg", "Nombre": "EL REGRESO DEL JOAQUIN", "Link Sernatur": "https://serviciosturisticos.sernatur.cl/4194-el-regreso-del-joaquin", "Region": "Region de Coquimbo", "Comuna": "La Higuera", "Localidad": "Punta De Choros", "Direccion": "Punta de choros NºS/N, Punta de choros", "Telefono": "+56 94176426", "Email": "nelsonvergarav@yahoo.cl", "Tipo": "Paseos náuticos - Observación de flora y fauna", "Servicio Cumple Inspeccion": "CUMPLE INSPECCIÓN", "Servicio Cumple Patente": "REGISTRO VIGENTE", "Sitio Web": null, "Y": "-29.25045", "X": "-71.46908", "Origen Dato": "Registro Nacional de Servicios Turisticos, SERNATUR", "Descripcion": "INSPECCIÓN (CUMPLE INSPECCION, NO INSPECCIONADO, NO CUMPLE INSPECCION): La etiqueta indica el resultado del proceso de inspección obligatorio para los servicios de alojamiento y turismo aventura. Su objetivo es determinar el cumplimiento de lo establecido en la ley de turismo y su reglamento (Decreto N° 19 del 12 de abril de 2018 del ministerio de Economía, Fomento y Turismo). ESTADO DE LA DOCUMENTACIÓN (REGISTRO VIGENTE, REGISTRO NO VIGENTE): Cada servicio registrado debe mantener actualizada la documentación que fue aprobada en el proceso de registro. De acuerdo a lo establecido en el decreto Nº 19 de 2064, el cual establece los requisitos para el registro de cada tipo de servicio, la documentación puede corresponder a la patente comercial temporal o definitiva, certificado de primeros auxilios, certificados de exención, permiso de autoridad competente u otra. https://portalserviciosturisticos.sernatur.cl/", "Ultima Actualizacion del Dato": "Abril 2025" }, "geometry": { "type": "Point", "coordinates": [ -71.462995443995737, -29.249806722797572 ] } },
{ "type": "Feature", "properties": { "fid": 28, "Foto": "http://serviciosturisticos.sernatur.cl/folder/empresas/emp_12568470/inscripcion_33741/phpc461Pg20181115111138.jpg", "Nombre": "EL TIGRE", "Link Sernatur": "https://serviciosturisticos.sernatur.cl/18942-el-tigre", "Region": "Region de Coquimbo", "Comuna": "La Higuera", "Localidad": "Punta De Choros", "Direccion": "Punta de choros NºS/N, Punta de choros", "Telefono": "+56 978169631", "Email": "embarcacioneltigre@gmail.com", "Tipo": "Paseos náuticos - Observación de flora y fauna", "Servicio Cumple Inspeccion": "CUMPLE INSPECCIÓN", "Servicio Cumple Patente": "REGISTRO VIGENTE", "Sitio Web": null, "Y": "-29.25045", "X": "-71.46910", "Origen Dato": "Registro Nacional de Servicios Turisticos, SERNATUR", "Descripcion": "INSPECCIÓN (CUMPLE INSPECCION, NO INSPECCIONADO, NO CUMPLE INSPECCION): La etiqueta indica el resultado del proceso de inspección obligatorio para los servicios de alojamiento y turismo aventura. Su objetivo es determinar el cumplimiento de lo establecido en la ley de turismo y su reglamento (Decreto N° 19 del 12 de abril de 2018 del ministerio de Economía, Fomento y Turismo). ESTADO DE LA DOCUMENTACIÓN (REGISTRO VIGENTE, REGISTRO NO VIGENTE): Cada servicio registrado debe mantener actualizada la documentación que fue aprobada en el proceso de registro. De acuerdo a lo establecido en el decreto Nº 19 de 2066, el cual establece los requisitos para el registro de cada tipo de servicio, la documentación puede corresponder a la patente comercial temporal o definitiva, certificado de primeros auxilios, certificados de exención, permiso de autoridad competente u otra. https://portalserviciosturisticos.sernatur.cl/", "Ultima Actualizacion del Dato": "Abril 2025" }, "geometry": { "type": "Point", "coordinates": [ -71.462881807600411, -29.249920110662739 ] } },
{ "type": "Feature", "properties": { "fid": 29, "Foto": "http://serviciosturisticos.sernatur.cl/folder/empresas/emp_16442512/inscripcion_8087/phpvjBgwG20181120041129.jpg", "Nombre": "EL VICENTE", "Link Sernatur": "https://serviciosturisticos.sernatur.cl/4750-el-vicente", "Region": "Region de Coquimbo", "Comuna": "La Higuera", "Localidad": "Punta De Choros", "Direccion": "Punta de choros NºS/N, Punta de choros", "Telefono": "+56 958560994", "Email": "paguirrevaldivia@yahoo.cl", "Tipo": "Paseos náuticos - Observación de flora y fauna", "Servicio Cumple Inspeccion": "CUMPLE INSPECCIÓN", "Servicio Cumple Patente": "REGISTRO VIGENTE", "Sitio Web": null, "Y": "-29.25045", "X": "-71.46912", "Origen Dato": "Registro Nacional de Servicios Turisticos, SERNATUR", "Descripcion": "INSPECCIÓN (CUMPLE INSPECCION, NO INSPECCIONADO, NO CUMPLE INSPECCION): La etiqueta indica el resultado del proceso de inspección obligatorio para los servicios de alojamiento y turismo aventura. Su objetivo es determinar el cumplimiento de lo establecido en la ley de turismo y su reglamento (Decreto N° 19 del 12 de abril de 2018 del ministerio de Economía, Fomento y Turismo). ESTADO DE LA DOCUMENTACIÓN (REGISTRO VIGENTE, REGISTRO NO VIGENTE): Cada servicio registrado debe mantener actualizada la documentación que fue aprobada en el proceso de registro. De acuerdo a lo establecido en el decreto Nº 19 de 2068, el cual establece los requisitos para el registro de cada tipo de servicio, la documentación puede corresponder a la patente comercial temporal o definitiva, certificado de primeros auxilios, certificados de exención, permiso de autoridad competente u otra. https://portalserviciosturisticos.sernatur.cl/", "Ultima Actualizacion del Dato": "Abril 2025" }, "geometry": { "type": "Point", "coordinates": [ -71.463018584376385, -29.249869201825323 ] } },
{ "type": "Feature", "properties": { "fid": 30, "Foto": "http://serviciosturisticos.sernatur.cl/images/noaventura.jpg", "Nombre": "FOREVER CRISTIAN JORDANO", "Link Sernatur": "https://serviciosturisticos.sernatur.cl/4024-forever-cristian-jordano", "Region": "Region de Coquimbo", "Comuna": "La Higuera", "Localidad": "Punta De Choros", "Direccion": "Manzana j, sitio 88 NºS/N, Punta de choros", "Telefono": "76143104", "Email": "christiancortescortes@gmail.com", "Tipo": "Paseos náuticos", "Servicio Cumple Inspeccion": "CUMPLE INSPECCIÓN", "Servicio Cumple Patente": "REGISTRO VIGENTE", "Sitio Web": null, "Y": "-29.25045", "X": "-71.46914", "Origen Dato": "Registro Nacional de Servicios Turisticos, SERNATUR", "Descripcion": "INSPECCIÓN (CUMPLE INSPECCION, NO INSPECCIONADO, NO CUMPLE INSPECCION): La etiqueta indica el resultado del proceso de inspección obligatorio para los servicios de alojamiento y turismo aventura. Su objetivo es determinar el cumplimiento de lo establecido en la ley de turismo y su reglamento (Decreto N° 19 del 12 de abril de 2018 del ministerio de Economía, Fomento y Turismo). ESTADO DE LA DOCUMENTACIÓN (REGISTRO VIGENTE, REGISTRO NO VIGENTE): Cada servicio registrado debe mantener actualizada la documentación que fue aprobada en el proceso de registro. De acuerdo a lo establecido en el decreto Nº 19 de 2070, el cual establece los requisitos para el registro de cada tipo de servicio, la documentación puede corresponder a la patente comercial temporal o definitiva, certificado de primeros auxilios, certificados de exención, permiso de autoridad competente u otra. https://portalserviciosturisticos.sernatur.cl/", "Ultima Actualizacion del Dato": "Abril 2025" }, "geometry": { "type": "Point", "coordinates": [ -71.46295263429154, -29.24988308605371 ] } },
{ "type": "Feature", "properties": { "fid": 31, "Foto": "http://serviciosturisticos.sernatur.cl/folder/empresas/emp_9995261/inscripcion_8076/phpy70bG320181115111117.jpg", "Nombre": "GIOVANNI I", "Link Sernatur": "https://serviciosturisticos.sernatur.cl/4031-giovanni-i", "Region": "Region de Coquimbo", "Comuna": "La Higuera", "Localidad": "Punta De Choros", "Direccion": "Punta de choros NºS/N, Punta de choros", "Telefono": "Sin teléfono", "Email": "ovelasquez1964@yahoo.cl", "Tipo": "Paseos náuticos - Observación de flora y fauna", "Servicio Cumple Inspeccion": "CUMPLE INSPECCIÓN", "Servicio Cumple Patente": "REGISTRO VIGENTE", "Sitio Web": null, "Y": "-29.25045", "X": "-71.46915", "Origen Dato": "Registro Nacional de Servicios Turisticos, SERNATUR", "Descripcion": "INSPECCIÓN (CUMPLE INSPECCION, NO INSPECCIONADO, NO CUMPLE INSPECCION): La etiqueta indica el resultado del proceso de inspección obligatorio para los servicios de alojamiento y turismo aventura. Su objetivo es determinar el cumplimiento de lo establecido en la ley de turismo y su reglamento (Decreto N° 19 del 12 de abril de 2018 del ministerio de Economía, Fomento y Turismo). ESTADO DE LA DOCUMENTACIÓN (REGISTRO VIGENTE, REGISTRO NO VIGENTE): Cada servicio registrado debe mantener actualizada la documentación que fue aprobada en el proceso de registro. De acuerdo a lo establecido en el decreto Nº 19 de 2071, el cual establece los requisitos para el registro de cada tipo de servicio, la documentación puede corresponder a la patente comercial temporal o definitiva, certificado de primeros auxilios, certificados de exención, permiso de autoridad competente u otra. https://portalserviciosturisticos.sernatur.cl/", "Ultima Actualizacion del Dato": "Abril 2025" }, "geometry": { "type": "Point", "coordinates": [ -71.462812634988623, -29.249946722100489 ] } },
{ "type": "Feature", "properties": { "fid": 32, "Foto": "http://serviciosturisticos.sernatur.cl/folder/empresas/emp_7953241/inscripcion_29703/php6SrmJP2017071303716.jpg", "Nombre": "GRACIAS SEÑOR I", "Link Sernatur": "https://serviciosturisticos.sernatur.cl/16694-gracias-senor-i", "Region": "Region de Coquimbo", "Comuna": "La Higuera", "Localidad": "Punta De Choros", "Direccion": "Juanita vergara Nº5, Punta de choros", "Telefono": "+56 985862017", "Email": "tamybiajera@hotmail.com", "Tipo": "Paseos náuticos - Observación de flora y fauna", "Servicio Cumple Inspeccion": "CUMPLE INSPECCIÓN", "Servicio Cumple Patente": "REGISTRO VIGENTE", "Sitio Web": null, "Y": "-29.25045", "X": "-71.46917", "Origen Dato": "Registro Nacional de Servicios Turisticos, SERNATUR", "Descripcion": "INSPECCIÓN (CUMPLE INSPECCION, NO INSPECCIONADO, NO CUMPLE INSPECCION): La etiqueta indica el resultado del proceso de inspección obligatorio para los servicios de alojamiento y turismo aventura. Su objetivo es determinar el cumplimiento de lo establecido en la ley de turismo y su reglamento (Decreto N° 19 del 12 de abril de 2018 del ministerio de Economía, Fomento y Turismo). ESTADO DE LA DOCUMENTACIÓN (REGISTRO VIGENTE, REGISTRO NO VIGENTE): Cada servicio registrado debe mantener actualizada la documentación que fue aprobada en el proceso de registro. De acuerdo a lo establecido en el decreto Nº 19 de 2073, el cual establece los requisitos para el registro de cada tipo de servicio, la documentación puede corresponder a la patente comercial temporal o definitiva, certificado de primeros auxilios, certificados de exención, permiso de autoridad competente u otra. https://portalserviciosturisticos.sernatur.cl/", "Ultima Actualizacion del Dato": "Abril 2025" }, "geometry": { "type": "Point", "coordinates": [ -71.462951807600419, -29.249920110662739 ] } },
{ "type": "Feature", "properties": { "fid": 33, "Foto": "http://serviciosturisticos.sernatur.cl/folder/empresas/emp_7953241/inscripcion_29704/phpvY6GFP20181120041124.jpg", "Nombre": "GUAU CHICAS", "Link Sernatur": "https://serviciosturisticos.sernatur.cl/16690-guau-chicas", "Region": "Region de Coquimbo", "Comuna": "La Higuera", "Localidad": "Punta De Choros", "Direccion": "Juanita vergara Nº5, Punta de choros", "Telefono": "+56 985862017", "Email": "tamybiajera@hotmail.com", "Tipo": "Paseos náuticos - Observación de flora y fauna", "Servicio Cumple Inspeccion": "CUMPLE INSPECCIÓN", "Servicio Cumple Patente": "REGISTRO VIGENTE", "Sitio Web": null, "Y": "-29.25045", "X": "-71.46920", "Origen Dato": "Registro Nacional de Servicios Turisticos, SERNATUR", "Descripcion": "INSPECCIÓN (CUMPLE INSPECCION, NO INSPECCIONADO, NO CUMPLE INSPECCION): La etiqueta indica el resultado del proceso de inspección obligatorio para los servicios de alojamiento y turismo aventura. Su objetivo es determinar el cumplimiento de lo establecido en la ley de turismo y su reglamento (Decreto N° 19 del 12 de abril de 2018 del ministerio de Economía, Fomento y Turismo). ESTADO DE LA DOCUMENTACIÓN (REGISTRO VIGENTE, REGISTRO NO VIGENTE): Cada servicio registrado debe mantener actualizada la documentación que fue aprobada en el proceso de registro. De acuerdo a lo establecido en el decreto Nº 19 de 2076, el cual establece los requisitos para el registro de cada tipo de servicio, la documentación puede corresponder a la patente comercial temporal o definitiva, certificado de primeros auxilios, certificados de exención, permiso de autoridad competente u otra. https://portalserviciosturisticos.sernatur.cl/", "Ultima Actualizacion del Dato": "Abril 2025" }, "geometry": { "type": "Point", "coordinates": [ -71.46289478333992, -29.24996060632888 ] } },
{ "type": "Feature", "properties": { "fid": 34, "Foto": "http://serviciosturisticos.sernatur.cl/folder/empresas/emp_12805189/inscripcion_8031/phpXQJPrP.jpeg", "Nombre": "GUERRERO DEL ARTICO", "Link Sernatur": "https://serviciosturisticos.sernatur.cl/3987-guerrero-del-artico", "Region": "Region de Coquimbo", "Comuna": "La Higuera", "Localidad": "Punta De Choros", "Direccion": "Punta de choros NºS/N, Punta de choros", "Telefono": "+56 983847239", "Email": "luisfigueroac@yahoo.cl", "Tipo": "Paseos náuticos - Observación de flora y fauna", "Servicio Cumple Inspeccion": "CUMPLE INSPECCIÓN", "Servicio Cumple Patente": "REGISTRO VIGENTE", "Sitio Web": null, "Y": "-29.25045", "X": "-71.46922", "Origen Dato": "Registro Nacional de Servicios Turisticos, SERNATUR", "Descripcion": "INSPECCIÓN (CUMPLE INSPECCION, NO INSPECCIONADO, NO CUMPLE INSPECCION): La etiqueta indica el resultado del proceso de inspección obligatorio para los servicios de alojamiento y turismo aventura. Su objetivo es determinar el cumplimiento de lo establecido en la ley de turismo y su reglamento (Decreto N° 19 del 12 de abril de 2018 del ministerio de Economía, Fomento y Turismo). ESTADO DE LA DOCUMENTACIÓN (REGISTRO VIGENTE, REGISTRO NO VIGENTE): Cada servicio registrado debe mantener actualizada la documentación que fue aprobada en el proceso de registro. De acuerdo a lo establecido en el decreto Nº 19 de 2078, el cual establece los requisitos para el registro de cada tipo de servicio, la documentación puede corresponder a la patente comercial temporal o definitiva, certificado de primeros auxilios, certificados de exención, permiso de autoridad competente u otra. https://portalserviciosturisticos.sernatur.cl/", "Ultima Actualizacion del Dato": "Abril 2025" }, "geometry": { "type": "Point", "coordinates": [ -71.462946849196371, -29.249949036138556 ] } },
{ "type": "Feature", "properties": { "fid": 35, "Foto": "http://serviciosturisticos.sernatur.cl/folder/empresas/emp_11326557/inscripcion_3810/phpz2If2N20181120041132.jpg", "Nombre": "HIGHLANDER INMORTAL", "Link Sernatur": "https://serviciosturisticos.sernatur.cl/4752-highlander-inmortal", "Region": "Region de Coquimbo", "Comuna": "La Higuera", "Localidad": "Punta De Choros", "Direccion": "Punta de choros NºS/N, Punta de choros", "Telefono": "+56 994519487", "Email": "willyturismo@gmail.com", "Tipo": "Paseos náuticos - Observación de flora y fauna", "Servicio Cumple Inspeccion": "CUMPLE INSPECCIÓN", "Servicio Cumple Patente": "REGISTRO VIGENTE", "Sitio Web": null, "Y": "-29.25045", "X": "-71.46924", "Origen Dato": "Registro Nacional de Servicios Turisticos, SERNATUR", "Descripcion": "INSPECCIÓN (CUMPLE INSPECCION, NO INSPECCIONADO, NO CUMPLE INSPECCION): La etiqueta indica el resultado del proceso de inspección obligatorio para los servicios de alojamiento y turismo aventura. Su objetivo es determinar el cumplimiento de lo establecido en la ley de turismo y su reglamento (Decreto N° 19 del 12 de abril de 2018 del ministerio de Economía, Fomento y Turismo). ESTADO DE LA DOCUMENTACIÓN (REGISTRO VIGENTE, REGISTRO NO VIGENTE): Cada servicio registrado debe mantener actualizada la documentación que fue aprobada en el proceso de registro. De acuerdo a lo establecido en el decreto Nº 19 de 2080, el cual establece los requisitos para el registro de cada tipo de servicio, la documentación puede corresponder a la patente comercial temporal o definitiva, certificado de primeros auxilios, certificados de exención, permiso de autoridad competente u otra. https://portalserviciosturisticos.sernatur.cl/", "Ultima Actualizacion del Dato": "Abril 2025" }, "geometry": { "type": "Point", "coordinates": [ -71.462990815919611, -29.249915482586616 ] } },
{ "type": "Feature", "properties": { "fid": 36, "Foto": "http://serviciosturisticos.sernatur.cl/folder/empresas/emp_6931055/inscripcion_8018/phpjMLIty20181120041119.jpg", "Nombre": "HOLA JIMMY 3.0", "Link Sernatur": "https://serviciosturisticos.sernatur.cl/4748-hola-jimmy-30", "Region": "Region de Coquimbo", "Comuna": "La Higuera", "Localidad": "Punta De Choros", "Direccion": "Punta de choros NºS/N, Punta de choros", "Telefono": "+56 998302434", "Email": "hcespedesrojas@yahoo.cl", "Tipo": "Paseos náuticos - Observación de flora y fauna", "Servicio Cumple Inspeccion": "CUMPLE INSPECCIÓN", "Servicio Cumple Patente": "REGISTRO VIGENTE", "Sitio Web": null, "Y": "-29.25045", "X": "-71.46926", "Origen Dato": "Registro Nacional de Servicios Turisticos, SERNATUR", "Descripcion": "INSPECCIÓN (CUMPLE INSPECCION, NO INSPECCIONADO, NO CUMPLE INSPECCION): La etiqueta indica el resultado del proceso de inspección obligatorio para los servicios de alojamiento y turismo aventura. Su objetivo es determinar el cumplimiento de lo establecido en la ley de turismo y su reglamento (Decreto N° 19 del 12 de abril de 2018 del ministerio de Economía, Fomento y Turismo). ESTADO DE LA DOCUMENTACIÓN (REGISTRO VIGENTE, REGISTRO NO VIGENTE): Cada servicio registrado debe mantener actualizada la documentación que fue aprobada en el proceso de registro. De acuerdo a lo establecido en el decreto Nº 19 de 2082, el cual establece los requisitos para el registro de cada tipo de servicio, la documentación puede corresponder a la patente comercial temporal o definitiva, certificado de primeros auxilios, certificados de exención, permiso de autoridad competente u otra. https://portalserviciosturisticos.sernatur.cl/", "Ultima Actualizacion del Dato": "Abril 2025" }, "geometry": { "type": "Point", "coordinates": [ -71.463098418689611, -29.249863416730161 ] } },
{ "type": "Feature", "properties": { "fid": 37, "Foto": "http://serviciosturisticos.sernatur.cl/folder/empresas/emp_6889684/inscripcion_12633/phppJePRF2017071211709.jpg", "Nombre": "JAVIER ALBERTO", "Link Sernatur": "https://serviciosturisticos.sernatur.cl/6969-javier-alberto", "Region": "Region de Coquimbo", "Comuna": "La Higuera", "Localidad": "Punta De Choros", "Direccion": "Punta de choros NºS/N, Punta de choros", "Telefono": "+56 994020969", "Email": "juanvergara1955@gmail.com", "Tipo": "Paseos náuticos - Observación de flora y fauna", "Servicio Cumple Inspeccion": "CUMPLE INSPECCIÓN", "Servicio Cumple Patente": "REGISTRO VIGENTE", "Sitio Web": null, "Y": "-29.25045", "X": "-71.46928", "Origen Dato": "Registro Nacional de Servicios Turisticos, SERNATUR", "Descripcion": "INSPECCIÓN (CUMPLE INSPECCION, NO INSPECCIONADO, NO CUMPLE INSPECCION): La etiqueta indica el resultado del proceso de inspección obligatorio para los servicios de alojamiento y turismo aventura. Su objetivo es determinar el cumplimiento de lo establecido en la ley de turismo y su reglamento (Decreto N° 19 del 12 de abril de 2018 del ministerio de Economía, Fomento y Turismo). ESTADO DE LA DOCUMENTACIÓN (REGISTRO VIGENTE, REGISTRO NO VIGENTE): Cada servicio registrado debe mantener actualizada la documentación que fue aprobada en el proceso de registro. De acuerdo a lo establecido en el decreto Nº 19 de 2084, el cual establece los requisitos para el registro de cada tipo de servicio, la documentación puede corresponder a la patente comercial temporal o definitiva, certificado de primeros auxilios, certificados de exención, permiso de autoridad competente u otra. https://portalserviciosturisticos.sernatur.cl/", "Ultima Actualizacion del Dato": "Abril 2025" }, "geometry": { "type": "Point", "coordinates": [ -71.463061807600411, -29.249920110662739 ] } },
{ "type": "Feature", "properties": { "fid": 38, "Foto": "http://serviciosturisticos.sernatur.cl/folder/empresas/emp_9201233/inscripcion_29821/phpLMBnh02018051001503.jpg", "Nombre": "JAVIERITO Jr.", "Link Sernatur": "https://serviciosturisticos.sernatur.cl/16693-javierito-jr", "Region": "Region de Coquimbo", "Comuna": "La Higuera", "Localidad": "Punta De Choros", "Direccion": "Punta de choros NºS/N, Punta de choros", "Telefono": "+56 981642056", "Email": "condorito3.registro@gmail.com", "Tipo": "Paseos náuticos - Observación de flora y fauna", "Servicio Cumple Inspeccion": "CUMPLE INSPECCIÓN", "Servicio Cumple Patente": "REGISTRO VIGENTE", "Sitio Web": null, "Y": "-29.25045", "X": "-71.46930", "Origen Dato": "Registro Nacional de Servicios Turisticos, SERNATUR", "Descripcion": "INSPECCIÓN (CUMPLE INSPECCION, NO INSPECCIONADO, NO CUMPLE INSPECCION): La etiqueta indica el resultado del proceso de inspección obligatorio para los servicios de alojamiento y turismo aventura. Su objetivo es determinar el cumplimiento de lo establecido en la ley de turismo y su reglamento (Decreto N° 19 del 12 de abril de 2018 del ministerio de Economía, Fomento y Turismo). ESTADO DE LA DOCUMENTACIÓN (REGISTRO VIGENTE, REGISTRO NO VIGENTE): Cada servicio registrado debe mantener actualizada la documentación que fue aprobada en el proceso de registro. De acuerdo a lo establecido en el decreto Nº 19 de 2086, el cual establece los requisitos para el registro de cada tipo de servicio, la documentación puede corresponder a la patente comercial temporal o definitiva, certificado de primeros auxilios, certificados de exención, permiso de autoridad competente u otra. https://portalserviciosturisticos.sernatur.cl/", "Ultima Actualizacion del Dato": "Abril 2025" }, "geometry": { "type": "Point", "coordinates": [ -71.467343090563759, -29.246581461023677 ] } },
{ "type": "Feature", "properties": { "fid": 39, "Foto": "http://serviciosturisticos.sernatur.cl/images/noaventura.jpg", "Nombre": "JHON ROBERT", "Link Sernatur": "https://serviciosturisticos.sernatur.cl/5830-jhon-robert", "Region": "Region de Coquimbo", "Comuna": "La Higuera", "Localidad": "Punta De Choros", "Direccion": "Punta de choros NºS/N, Punta de choros", "Telefono": "+56 992012887", "Email": "andrea_1215_k@hotmail.com", "Tipo": "Paseos náuticos - Observación de flora y fauna", "Servicio Cumple Inspeccion": "CUMPLE INSPECCIÓN", "Servicio Cumple Patente": "REGISTRO VIGENTE", "Sitio Web": null, "Y": "-29.25045", "X": "-71.46932", "Origen Dato": "Registro Nacional de Servicios Turisticos, SERNATUR", "Descripcion": "INSPECCIÓN (CUMPLE INSPECCION, NO INSPECCIONADO, NO CUMPLE INSPECCION): La etiqueta indica el resultado del proceso de inspección obligatorio para los servicios de alojamiento y turismo aventura. Su objetivo es determinar el cumplimiento de lo establecido en la ley de turismo y su reglamento (Decreto N° 19 del 12 de abril de 2018 del ministerio de Economía, Fomento y Turismo). ESTADO DE LA DOCUMENTACIÓN (REGISTRO VIGENTE, REGISTRO NO VIGENTE): Cada servicio registrado debe mantener actualizada la documentación que fue aprobada en el proceso de registro. De acuerdo a lo establecido en el decreto Nº 19 de 2088, el cual establece los requisitos para el registro de cada tipo de servicio, la documentación puede corresponder a la patente comercial temporal o definitiva, certificado de primeros auxilios, certificados de exención, permiso de autoridad competente u otra. https://portalserviciosturisticos.sernatur.cl/", "Ultima Actualizacion del Dato": "Abril 2025" }, "geometry": { "type": "Point", "coordinates": [ -71.468027779296449, -29.246535754176605 ] } },
{ "type": "Feature", "properties": { "fid": 40, "Foto": "http://serviciosturisticos.sernatur.cl/folder/empresas/emp_4156614/inscripcion_3799/phpfLTz4j20181115111153.jpg", "Nombre": "JOEL ANGEL", "Link Sernatur": "https://serviciosturisticos.sernatur.cl/4773-joel-angel", "Region": "Region de Coquimbo", "Comuna": "La Higuera", "Localidad": "Punta De Choros", "Direccion": "Punta de choros NºS/N, Punta de choros", "Telefono": "+56 9 992464310", "Email": "carlosflores1910@hotmail.com", "Tipo": "Paseos náuticos - Observación de flora y fauna", "Servicio Cumple Inspeccion": "CUMPLE INSPECCIÓN", "Servicio Cumple Patente": "REGISTRO VIGENTE", "Sitio Web": null, "Y": "-29.25045", "X": "-71.46934", "Origen Dato": "Registro Nacional de Servicios Turisticos, SERNATUR", "Descripcion": "INSPECCIÓN (CUMPLE INSPECCION, NO INSPECCIONADO, NO CUMPLE INSPECCION): La etiqueta indica el resultado del proceso de inspección obligatorio para los servicios de alojamiento y turismo aventura. Su objetivo es determinar el cumplimiento de lo establecido en la ley de turismo y su reglamento (Decreto N° 19 del 12 de abril de 2018 del ministerio de Economía, Fomento y Turismo). ESTADO DE LA DOCUMENTACIÓN (REGISTRO VIGENTE, REGISTRO NO VIGENTE): Cada servicio registrado debe mantener actualizada la documentación que fue aprobada en el proceso de registro. De acuerdo a lo establecido en el decreto Nº 19 de 2090, el cual establece los requisitos para el registro de cada tipo de servicio, la documentación puede corresponder a la patente comercial temporal o definitiva, certificado de primeros auxilios, certificados de exención, permiso de autoridad competente u otra. https://portalserviciosturisticos.sernatur.cl/", "Ultima Actualizacion del Dato": "Abril 2025" }, "geometry": { "type": "Point", "coordinates": [ -71.467470699010249, -29.246460355954255 ] } },
{ "type": "Feature", "properties": { "fid": 41, "Foto": "http://serviciosturisticos.sernatur.cl/images/noaventura.jpg", "Nombre": "JOHANN", "Link Sernatur": "https://serviciosturisticos.sernatur.cl/4759-johann", "Region": "Region de Coquimbo", "Comuna": "La Higuera", "Localidad": "Punta De Choros", "Direccion": "Punta de choros NºS/N, Punta de choros", "Telefono": "+56 974408677", "Email": "rafaelvelasquez1968@yahoo.cl", "Tipo": "Paseos náuticos - Observación de flora y fauna", "Servicio Cumple Inspeccion": "CUMPLE INSPECCIÓN", "Servicio Cumple Patente": "REGISTRO VIGENTE", "Sitio Web": null, "Y": "-29.25045", "X": "-71.46936", "Origen Dato": "Registro Nacional de Servicios Turisticos, SERNATUR", "Descripcion": "INSPECCIÓN (CUMPLE INSPECCION, NO INSPECCIONADO, NO CUMPLE INSPECCION): La etiqueta indica el resultado del proceso de inspección obligatorio para los servicios de alojamiento y turismo aventura. Su objetivo es determinar el cumplimiento de lo establecido en la ley de turismo y su reglamento (Decreto N° 19 del 12 de abril de 2018 del ministerio de Economía, Fomento y Turismo). ESTADO DE LA DOCUMENTACIÓN (REGISTRO VIGENTE, REGISTRO NO VIGENTE): Cada servicio registrado debe mantener actualizada la documentación que fue aprobada en el proceso de registro. De acuerdo a lo establecido en el decreto Nº 19 de 2092, el cual establece los requisitos para el registro de cada tipo de servicio, la documentación puede corresponder a la patente comercial temporal o definitiva, certificado de primeros auxilios, certificados de exención, permiso de autoridad competente u otra. https://portalserviciosturisticos.sernatur.cl/", "Ultima Actualizacion del Dato": "Abril 2025" }, "geometry": { "type": "Point", "coordinates": [ -71.46795257305935, -29.246617902527905 ] } },
{ "type": "Feature", "properties": { "fid": 42, "Foto": "http://serviciosturisticos.sernatur.cl/folder/empresas/emp_12844702/inscripcion_8027/phpF9LjK320181120041146.jpg", "Nombre": "JOSEFA VALENTINA", "Link Sernatur": "https://serviciosturisticos.sernatur.cl/4027-josefa-valentina", "Region": "Region de Coquimbo", "Comuna": "La Higuera", "Localidad": "Punta De Choros", "Direccion": "Punta de choros NºS/N, Punta de choros", "Telefono": "Sin teléfono", "Email": "jaguirrevelasquez@gmail.com", "Tipo": "Paseos náuticos - Observación de flora y fauna", "Servicio Cumple Inspeccion": "CUMPLE INSPECCIÓN", "Servicio Cumple Patente": "REGISTRO VIGENTE", "Sitio Web": null, "Y": "-29.25045", "X": "-71.46938", "Origen Dato": "Registro Nacional de Servicios Turisticos, SERNATUR", "Descripcion": "INSPECCIÓN (CUMPLE INSPECCION, NO INSPECCIONADO, NO CUMPLE INSPECCION): La etiqueta indica el resultado del proceso de inspección obligatorio para los servicios de alojamiento y turismo aventura. Su objetivo es determinar el cumplimiento de lo establecido en la ley de turismo y su reglamento (Decreto N° 19 del 12 de abril de 2018 del ministerio de Economía, Fomento y Turismo). ESTADO DE LA DOCUMENTACIÓN (REGISTRO VIGENTE, REGISTRO NO VIGENTE): Cada servicio registrado debe mantener actualizada la documentación que fue aprobada en el proceso de registro. De acuerdo a lo establecido en el decreto Nº 19 de 2094, el cual establece los requisitos para el registro de cada tipo de servicio, la documentación puede corresponder a la patente comercial temporal o definitiva, certificado de primeros auxilios, certificados de exención, permiso de autoridad competente u otra. https://portalserviciosturisticos.sernatur.cl/", "Ultima Actualizacion del Dato": "Abril 2025" }, "geometry": { "type": "Point", "coordinates": [ -71.46308800551833, -29.249962920366944 ] } },
{ "type": "Feature", "properties": { "fid": 43, "Foto": "http://serviciosturisticos.sernatur.cl/folder/empresas/emp_12399014/inscripcion_13009/phpvjHGe720181120041149.jpg", "Nombre": "JUANITA ROSA", "Link Sernatur": "https://serviciosturisticos.sernatur.cl/7205-juanita-rosa", "Region": "Region de Coquimbo", "Comuna": "La Higuera", "Localidad": "Punta De Choros", "Direccion": "Punta de choros  NºS/N, Punta de choros", "Telefono": "+56 947862358", "Email": "cristiancespedesv@gmail.com", "Tipo": "Paseos náuticos - Observación de flora y fauna", "Servicio Cumple Inspeccion": "CUMPLE INSPECCIÓN", "Servicio Cumple Patente": "REGISTRO VIGENTE", "Sitio Web": null, "Y": "-29.25045", "X": "-71.46940", "Origen Dato": "Registro Nacional de Servicios Turisticos, SERNATUR", "Descripcion": "INSPECCIÓN (CUMPLE INSPECCION, NO INSPECCIONADO, NO CUMPLE INSPECCION): La etiqueta indica el resultado del proceso de inspección obligatorio para los servicios de alojamiento y turismo aventura. Su objetivo es determinar el cumplimiento de lo establecido en la ley de turismo y su reglamento (Decreto N° 19 del 12 de abril de 2018 del ministerio de Economía, Fomento y Turismo). ESTADO DE LA DOCUMENTACIÓN (REGISTRO VIGENTE, REGISTRO NO VIGENTE): Cada servicio registrado debe mantener actualizada la documentación que fue aprobada en el proceso de registro. De acuerdo a lo establecido en el decreto Nº 19 de 2096, el cual establece los requisitos para el registro de cada tipo de servicio, la documentación puede corresponder a la patente comercial temporal o definitiva, certificado de primeros auxilios, certificados de exención, permiso de autoridad competente u otra. https://portalserviciosturisticos.sernatur.cl/", "Ultima Actualizacion del Dato": "Abril 2025" }, "geometry": { "type": "Point", "coordinates": [ -71.463060237061555, -29.249987217766623 ] } },
{ "type": "Feature", "properties": { "fid": 44, "Foto": "http://serviciosturisticos.sernatur.cl/folder/empresas/emp_8819002/inscripcion_29711/php01quED20181120041120.jpg", "Nombre": "KFRANDIMILI", "Link Sernatur": "https://serviciosturisticos.sernatur.cl/16978-kfrandimili", "Region": "Region de Coquimbo", "Comuna": "La Higuera", "Localidad": "Punta De Choros", "Direccion": "Punta de choros NºS/N, Punta de choros", "Telefono": "+56 92864397", "Email": "kfrandimili.registro@gmail.com", "Tipo": "Paseos náuticos - Observación de flora y fauna", "Servicio Cumple Inspeccion": "CUMPLE INSPECCIÓN", "Servicio Cumple Patente": "REGISTRO VIGENTE", "Sitio Web": null, "Y": "-29.25045", "X": "-71.46942", "Origen Dato": "Registro Nacional de Servicios Turisticos, SERNATUR", "Descripcion": "INSPECCIÓN (CUMPLE INSPECCION, NO INSPECCIONADO, NO CUMPLE INSPECCION): La etiqueta indica el resultado del proceso de inspección obligatorio para los servicios de alojamiento y turismo aventura. Su objetivo es determinar el cumplimiento de lo establecido en la ley de turismo y su reglamento (Decreto N° 19 del 12 de abril de 2018 del ministerio de Economía, Fomento y Turismo). ESTADO DE LA DOCUMENTACIÓN (REGISTRO VIGENTE, REGISTRO NO VIGENTE): Cada servicio registrado debe mantener actualizada la documentación que fue aprobada en el proceso de registro. De acuerdo a lo establecido en el decreto Nº 19 de 2098, el cual establece los requisitos para el registro de cada tipo de servicio, la documentación puede corresponder a la patente comercial temporal o definitiva, certificado de primeros auxilios, certificados de exención, permiso de autoridad competente u otra. https://portalserviciosturisticos.sernatur.cl/", "Ultima Actualizacion del Dato": "Abril 2025" }, "geometry": { "type": "Point", "coordinates": [ -71.46743767916729, -29.246564931888713 ] } },
{ "type": "Feature", "properties": { "fid": 45, "Foto": "http://serviciosturisticos.sernatur.cl/folder/empresas/emp_15912512/inscripcion_10538/phpWbauVQ2018051001537.jpg", "Nombre": "KRAKEN", "Link Sernatur": "https://serviciosturisticos.sernatur.cl/5602-kraken", "Region": "Region de Coquimbo", "Comuna": "La Higuera", "Localidad": "Punta De Choros", "Direccion": "Punta de choros NºS/N, Punta de choros", "Telefono": "+56 94011079", "Email": "dreanadams@gmail.com", "Tipo": "Paseos náuticos - Observación de flora y fauna", "Servicio Cumple Inspeccion": "CUMPLE INSPECCIÓN", "Servicio Cumple Patente": "REGISTRO VIGENTE", "Sitio Web": null, "Y": "-29.25045", "X": "-71.46944", "Origen Dato": "Registro Nacional de Servicios Turisticos, SERNATUR", "Descripcion": "INSPECCIÓN (CUMPLE INSPECCION, NO INSPECCIONADO, NO CUMPLE INSPECCION): La etiqueta indica el resultado del proceso de inspección obligatorio para los servicios de alojamiento y turismo aventura. Su objetivo es determinar el cumplimiento de lo establecido en la ley de turismo y su reglamento (Decreto N° 19 del 12 de abril de 2018 del ministerio de Economía, Fomento y Turismo). ESTADO DE LA DOCUMENTACIÓN (REGISTRO VIGENTE, REGISTRO NO VIGENTE): Cada servicio registrado debe mantener actualizada la documentación que fue aprobada en el proceso de registro. De acuerdo a lo establecido en el decreto Nº 19 de 2100, el cual establece los requisitos para el registro de cada tipo de servicio, la documentación puede corresponder a la patente comercial temporal o definitiva, certificado de primeros auxilios, certificados de exención, permiso de autoridad competente u otra. https://portalserviciosturisticos.sernatur.cl/", "Ultima Actualizacion del Dato": "Abril 2025" }, "geometry": { "type": "Point", "coordinates": [ -71.467547283488031, -29.246519294483278 ] } },
{ "type": "Feature", "properties": { "fid": 46, "Foto": "http://serviciosturisticos.sernatur.cl/images/noaventura.jpg", "Nombre": "La Nave", "Link Sernatur": "https://serviciosturisticos.sernatur.cl/22732-la-nave", "Region": "Region de Coquimbo", "Comuna": "La Higuera", "Localidad": "Punta De Choros", "Direccion": "Punta de choros NºS/N, Punta de choros", "Telefono": "+56 996683124", "Email": "schlomyt2.0@gmail.com", "Tipo": "Paseos náuticos - Observación de flora y fauna", "Servicio Cumple Inspeccion": "CUMPLE INSPECCIÓN", "Servicio Cumple Patente": "REGISTRO VIGENTE", "Sitio Web": null, "Y": "-29.25045", "X": "-71.46945", "Origen Dato": "Registro Nacional de Servicios Turisticos, SERNATUR", "Descripcion": "INSPECCIÓN (CUMPLE INSPECCION, NO INSPECCIONADO, NO CUMPLE INSPECCION): La etiqueta indica el resultado del proceso de inspección obligatorio para los servicios de alojamiento y turismo aventura. Su objetivo es determinar el cumplimiento de lo establecido en la ley de turismo y su reglamento (Decreto N° 19 del 12 de abril de 2018 del ministerio de Economía, Fomento y Turismo). ESTADO DE LA DOCUMENTACIÓN (REGISTRO VIGENTE, REGISTRO NO VIGENTE): Cada servicio registrado debe mantener actualizada la documentación que fue aprobada en el proceso de registro. De acuerdo a lo establecido en el decreto Nº 19 de 2101, el cual establece los requisitos para el registro de cada tipo de servicio, la documentación puede corresponder a la patente comercial temporal o definitiva, certificado de primeros auxilios, certificados de exención, permiso de autoridad competente u otra. https://portalserviciosturisticos.sernatur.cl/", "Ultima Actualizacion del Dato": "Abril 2025" }, "geometry": { "type": "Point", "coordinates": [ -71.467198035302815, -29.246628237066982 ] } },
{ "type": "Feature", "properties": { "fid": 47, "Foto": "http://serviciosturisticos.sernatur.cl/folder/empresas/emp_11181370/inscripcion_13702/php9Onb9w20181120041117.jpg", "Nombre": "LAURA BELEN", "Link Sernatur": "https://serviciosturisticos.sernatur.cl/7675-laura-belen", "Region": "Region de Coquimbo", "Comuna": "La Higuera", "Localidad": "Punta De Choros", "Direccion": "Punta de choros NºS/N, Punta de choros", "Telefono": "+56 944836239", "Email": "luisarmandocortesrojo@gmail.com", "Tipo": "Paseos náuticos - Observación de flora y fauna", "Servicio Cumple Inspeccion": "CUMPLE INSPECCIÓN", "Servicio Cumple Patente": "REGISTRO VIGENTE", "Sitio Web": null, "Y": "-29.25045", "X": "-71.46947", "Origen Dato": "Registro Nacional de Servicios Turisticos, SERNATUR", "Descripcion": "INSPECCIÓN (CUMPLE INSPECCION, NO INSPECCIONADO, NO CUMPLE INSPECCION): La etiqueta indica el resultado del proceso de inspección obligatorio para los servicios de alojamiento y turismo aventura. Su objetivo es determinar el cumplimiento de lo establecido en la ley de turismo y su reglamento (Decreto N° 19 del 12 de abril de 2018 del ministerio de Economía, Fomento y Turismo). ESTADO DE LA DOCUMENTACIÓN (REGISTRO VIGENTE, REGISTRO NO VIGENTE): Cada servicio registrado debe mantener actualizada la documentación que fue aprobada en el proceso de registro. De acuerdo a lo establecido en el decreto Nº 19 de 2103, el cual establece los requisitos para el registro de cada tipo de servicio, la documentación puede corresponder a la patente comercial temporal o definitiva, certificado de primeros auxilios, certificados de exención, permiso de autoridad competente u otra. https://portalserviciosturisticos.sernatur.cl/", "Ultima Actualizacion del Dato": "Abril 2025" }, "geometry": { "type": "Point", "coordinates": [ -71.467689823535054, -29.246470403536229 ] } },
{ "type": "Feature", "properties": { "fid": 48, "Foto": "http://serviciosturisticos.sernatur.cl/images/noaventura.jpg", "Nombre": "LUKAS", "Link Sernatur": "https://serviciosturisticos.sernatur.cl/4026-lukas", "Region": "Region de Coquimbo", "Comuna": "La Higuera", "Localidad": "Punta De Choros", "Direccion": "Punta de choros NºS/N, Punta de choros", "Telefono": "+56 973761318", "Email": "josemolinatamayo@gmail.com", "Tipo": "Paseos náuticos - Observación de flora y fauna", "Servicio Cumple Inspeccion": "CUMPLE INSPECCIÓN", "Servicio Cumple Patente": "REGISTRO VIGENTE", "Sitio Web": null, "Y": "-29.25045", "X": "-71.46949", "Origen Dato": "Registro Nacional de Servicios Turisticos, SERNATUR", "Descripcion": "INSPECCIÓN (CUMPLE INSPECCION, NO INSPECCIONADO, NO CUMPLE INSPECCION): La etiqueta indica el resultado del proceso de inspección obligatorio para los servicios de alojamiento y turismo aventura. Su objetivo es determinar el cumplimiento de lo establecido en la ley de turismo y su reglamento (Decreto N° 19 del 12 de abril de 2018 del ministerio de Economía, Fomento y Turismo). ESTADO DE LA DOCUMENTACIÓN (REGISTRO VIGENTE, REGISTRO NO VIGENTE): Cada servicio registrado debe mantener actualizada la documentación que fue aprobada en el proceso de registro. De acuerdo a lo establecido en el decreto Nº 19 de 2105, el cual establece los requisitos para el registro de cada tipo de servicio, la documentación puede corresponder a la patente comercial temporal o definitiva, certificado de primeros auxilios, certificados de exención, permiso de autoridad competente u otra. https://portalserviciosturisticos.sernatur.cl/", "Ultima Actualizacion del Dato": "Abril 2025" }, "geometry": { "type": "Point", "coordinates": [ -71.467713250872805, -29.246609481716746 ] } },
{ "type": "Feature", "properties": { "fid": 49, "Foto": "http://serviciosturisticos.sernatur.cl/folder/empresas/emp_76108531/inscripcion_9241/phpmnxz0H2017080112824.jpg", "Nombre": "MAREA ALTA", "Link Sernatur": "https://serviciosturisticos.sernatur.cl/4829-marea-alta", "Region": "Region de Coquimbo", "Comuna": "La Higuera", "Localidad": "Punta De Choros", "Direccion": "Sitio 3, punta de choros NºS/N, Punta de choros", "Telefono": "+56 981206250", "Email": "losdelabarra@gmail.com", "Tipo": "Camping o recinto de campamento", "Servicio Cumple Inspeccion": "CUMPLE INSPECCIÓN", "Servicio Cumple Patente": "REGISTRO VIGENTE", "Sitio Web": "http://www.marealta.cl/", "Y": "-29.2485737", "X": "-71.4666787", "Origen Dato": "Registro Nacional de Servicios Turisticos, SERNATUR", "Descripcion": "INSPECCIÓN (CUMPLE INSPECCION, NO INSPECCIONADO, NO CUMPLE INSPECCION): La etiqueta indica el resultado del proceso de inspección obligatorio para los servicios de alojamiento y turismo aventura. Su objetivo es determinar el cumplimiento de lo establecido en la ley de turismo y su reglamento (Decreto N° 19 del 12 de abril de 2018 del ministerio de Economía, Fomento y Turismo). ESTADO DE LA DOCUMENTACIÓN (REGISTRO VIGENTE, REGISTRO NO VIGENTE): Cada servicio registrado debe mantener actualizada la documentación que fue aprobada en el proceso de registro. De acuerdo a lo establecido en el decreto Nº 19 de 2107, el cual establece los requisitos para el registro de cada tipo de servicio, la documentación puede corresponder a la patente comercial temporal o definitiva, certificado de primeros auxilios, certificados de exención, permiso de autoridad competente u otra. https://portalserviciosturisticos.sernatur.cl/", "Ultima Actualizacion del Dato": "Abril 2025" }, "geometry": { "type": "Point", "coordinates": [ -71.4666787, -29.2485737 ] } },
{ "type": "Feature", "properties": { "fid": 50, "Foto": "http://serviciosturisticos.sernatur.cl/folder/empresas/emp_76108531/inscripcion_25431/phpnVDIYR2018051601556.jpg", "Nombre": "Marea Alta", "Link Sernatur": "https://serviciosturisticos.sernatur.cl/15646-marea-alta", "Region": "Region de Coquimbo", "Comuna": "La Higuera", "Localidad": "Punta De Choros", "Direccion": "Sitio 3, punta de choros NºS/N, Punta de choros", "Telefono": "(56) 997328060", "Email": "marea.alta.kiltra@gmail.com", "Tipo": "Hotel", "Servicio Cumple Inspeccion": "CUMPLE INSPECCIÓN", "Servicio Cumple Patente": "REGISTRO VIGENTE", "Sitio Web": "http://www.marealta.info/", "Y": "-29.2485737", "X": "-71.4666787", "Origen Dato": "Registro Nacional de Servicios Turisticos, SERNATUR", "Descripcion": "INSPECCIÓN (CUMPLE INSPECCION, NO INSPECCIONADO, NO CUMPLE INSPECCION): La etiqueta indica el resultado del proceso de inspección obligatorio para los servicios de alojamiento y turismo aventura. Su objetivo es determinar el cumplimiento de lo establecido en la ley de turismo y su reglamento (Decreto N° 19 del 12 de abril de 2018 del ministerio de Economía, Fomento y Turismo). ESTADO DE LA DOCUMENTACIÓN (REGISTRO VIGENTE, REGISTRO NO VIGENTE): Cada servicio registrado debe mantener actualizada la documentación que fue aprobada en el proceso de registro. De acuerdo a lo establecido en el decreto Nº 19 de 2108, el cual establece los requisitos para el registro de cada tipo de servicio, la documentación puede corresponder a la patente comercial temporal o definitiva, certificado de primeros auxilios, certificados de exención, permiso de autoridad competente u otra. https://portalserviciosturisticos.sernatur.cl/", "Ultima Actualizacion del Dato": "Abril 2025" }, "geometry": { "type": "Point", "coordinates": [ -71.4666787, -29.2485737 ] } },
{ "type": "Feature", "properties": { "fid": 51, "Foto": "http://serviciosturisticos.sernatur.cl/images/noaventura.jpg", "Nombre": "MARLY", "Link Sernatur": "https://serviciosturisticos.sernatur.cl/4028-marly", "Region": "Region de Coquimbo", "Comuna": "La Higuera", "Localidad": "Punta De Choros", "Direccion": "Punta de choros NºS/N, Punta de choros", "Telefono": "+56 983667809", "Email": "juanrojascortes68@gmail.com", "Tipo": "Paseos náuticos - Observación de flora y fauna", "Servicio Cumple Inspeccion": "CUMPLE INSPECCIÓN", "Servicio Cumple Patente": "REGISTRO VIGENTE", "Sitio Web": null, "Y": "-29.25045", "X": "-71.46949", "Origen Dato": "Registro Nacional de Servicios Turisticos, SERNATUR", "Descripcion": "INSPECCIÓN (CUMPLE INSPECCION, NO INSPECCIONADO, NO CUMPLE INSPECCION): La etiqueta indica el resultado del proceso de inspección obligatorio para los servicios de alojamiento y turismo aventura. Su objetivo es determinar el cumplimiento de lo establecido en la ley de turismo y su reglamento (Decreto N° 19 del 12 de abril de 2018 del ministerio de Economía, Fomento y Turismo). ESTADO DE LA DOCUMENTACIÓN (REGISTRO VIGENTE, REGISTRO NO VIGENTE): Cada servicio registrado debe mantener actualizada la documentación que fue aprobada en el proceso de registro. De acuerdo a lo establecido en el decreto Nº 19 de 2109, el cual establece los requisitos para el registro de cada tipo de servicio, la documentación puede corresponder a la patente comercial temporal o definitiva, certificado de primeros auxilios, certificados de exención, permiso de autoridad competente u otra. https://portalserviciosturisticos.sernatur.cl/", "Ultima Actualizacion del Dato": "Abril 2025" }, "geometry": { "type": "Point", "coordinates": [ -71.467803551459312, -29.246533970141375 ] } },
{ "type": "Feature", "properties": { "fid": 52, "Foto": "http://serviciosturisticos.sernatur.cl/images/noaventura.jpg", "Nombre": "MATILDA", "Link Sernatur": "https://serviciosturisticos.sernatur.cl/19586-matilda", "Region": "Region de Coquimbo", "Comuna": "La Higuera", "Localidad": "Punta De Choros", "Direccion": "Punta de choros NºS/N, Punta de choros", "Telefono": "+56 9", "Email": "matilda18@gmail.com", "Tipo": "Paseos náuticos - Observación de flora y fauna", "Servicio Cumple Inspeccion": "CUMPLE INSPECCIÓN", "Servicio Cumple Patente": "REGISTRO VIGENTE", "Sitio Web": null, "Y": "-29.25045", "X": "-71.46951", "Origen Dato": "Registro Nacional de Servicios Turisticos, SERNATUR", "Descripcion": "INSPECCIÓN (CUMPLE INSPECCION, NO INSPECCIONADO, NO CUMPLE INSPECCION): La etiqueta indica el resultado del proceso de inspección obligatorio para los servicios de alojamiento y turismo aventura. Su objetivo es determinar el cumplimiento de lo establecido en la ley de turismo y su reglamento (Decreto N° 19 del 12 de abril de 2018 del ministerio de Economía, Fomento y Turismo). ESTADO DE LA DOCUMENTACIÓN (REGISTRO VIGENTE, REGISTRO NO VIGENTE): Cada servicio registrado debe mantener actualizada la documentación que fue aprobada en el proceso de registro. De acuerdo a lo establecido en el decreto Nº 19 de 2111, el cual establece los requisitos para el registro de cada tipo de servicio, la documentación puede corresponder a la patente comercial temporal o definitiva, certificado de primeros auxilios, certificados de exención, permiso de autoridad competente u otra. https://portalserviciosturisticos.sernatur.cl/", "Ultima Actualizacion del Dato": "Abril 2025" }, "geometry": { "type": "Point", "coordinates": [ -71.463010485243146, -29.249957135271782 ] } },
{ "type": "Feature", "properties": { "fid": 53, "Foto": "http://serviciosturisticos.sernatur.cl/images/noaventura.jpg", "Nombre": "MUTANTE 3", "Link Sernatur": "https://serviciosturisticos.sernatur.cl/18529-mutante-3", "Region": "Region de Coquimbo", "Comuna": "La Higuera", "Localidad": "Punta De Choros", "Direccion": "Los aguirre NºS/N, Punta de choros", "Telefono": "+56 940569666", "Email": "mutante3.registro@gmail.com", "Tipo": "Paseos náuticos - Observación de flora y fauna", "Servicio Cumple Inspeccion": "CUMPLE INSPECCIÓN", "Servicio Cumple Patente": "REGISTRO VIGENTE", "Sitio Web": null, "Y": "-29.25045", "X": "-71.46953", "Origen Dato": "Registro Nacional de Servicios Turisticos, SERNATUR", "Descripcion": "INSPECCIÓN (CUMPLE INSPECCION, NO INSPECCIONADO, NO CUMPLE INSPECCION): La etiqueta indica el resultado del proceso de inspección obligatorio para los servicios de alojamiento y turismo aventura. Su objetivo es determinar el cumplimiento de lo establecido en la ley de turismo y su reglamento (Decreto N° 19 del 12 de abril de 2018 del ministerio de Economía, Fomento y Turismo). ESTADO DE LA DOCUMENTACIÓN (REGISTRO VIGENTE, REGISTRO NO VIGENTE): Cada servicio registrado debe mantener actualizada la documentación que fue aprobada en el proceso de registro. De acuerdo a lo establecido en el decreto Nº 19 de 2113, el cual establece los requisitos para el registro de cada tipo de servicio, la documentación puede corresponder a la patente comercial temporal o definitiva, certificado de primeros auxilios, certificados de exención, permiso de autoridad competente u otra. https://portalserviciosturisticos.sernatur.cl/", "Ultima Actualizacion del Dato": "Abril 2025" }, "geometry": { "type": "Point", "coordinates": [ -71.467549257466999, -29.246450299181721 ] } },
{ "type": "Feature", "properties": { "fid": 54, "Foto": "http://serviciosturisticos.sernatur.cl/folder/empresas/emp_16188311/inscripcion_8207/phpp2Em6b2018051001553.jpg", "Nombre": "NAOMI ANTONIA", "Link Sernatur": "https://serviciosturisticos.sernatur.cl/4749-naomi-antonia", "Region": "Region de Coquimbo", "Comuna": "La Higuera", "Localidad": "Punta De Choros", "Direccion": "Julia vergara NºS/N, Punta de choros", "Telefono": "56", "Email": "marcelarojasvergara@gmail.com", "Tipo": "Paseos náuticos - Observación de flora y fauna", "Servicio Cumple Inspeccion": "CUMPLE INSPECCIÓN", "Servicio Cumple Patente": "REGISTRO VIGENTE", "Sitio Web": null, "Y": "-29.25045", "X": "-71.46955", "Origen Dato": "Registro Nacional de Servicios Turisticos, SERNATUR", "Descripcion": "INSPECCIÓN (CUMPLE INSPECCION, NO INSPECCIONADO, NO CUMPLE INSPECCION): La etiqueta indica el resultado del proceso de inspección obligatorio para los servicios de alojamiento y turismo aventura. Su objetivo es determinar el cumplimiento de lo establecido en la ley de turismo y su reglamento (Decreto N° 19 del 12 de abril de 2018 del ministerio de Economía, Fomento y Turismo). ESTADO DE LA DOCUMENTACIÓN (REGISTRO VIGENTE, REGISTRO NO VIGENTE): Cada servicio registrado debe mantener actualizada la documentación que fue aprobada en el proceso de registro. De acuerdo a lo establecido en el decreto Nº 19 de 2115, el cual establece los requisitos para el registro de cada tipo de servicio, la documentación puede corresponder a la patente comercial temporal o definitiva, certificado de primeros auxilios, certificados de exención, permiso de autoridad competente u otra. https://portalserviciosturisticos.sernatur.cl/", "Ultima Actualizacion del Dato": "Abril 2025" }, "geometry": { "type": "Point", "coordinates": [ -71.467245999511448, -29.246276715180588 ] } },
{ "type": "Feature", "properties": { "fid": 55, "Foto": "http://serviciosturisticos.sernatur.cl/images/noaventura.jpg", "Nombre": "NAYARETT VAYTIARE", "Link Sernatur": "https://serviciosturisticos.sernatur.cl/6958-nayarett-vaytiare", "Region": "Region de Coquimbo", "Comuna": "La Higuera", "Localidad": "Punta De Choros", "Direccion": "Punta de choros NºS/N, Punta de choros", "Telefono": "(+56) 968495156", "Email": "casianopuntadechoros@hotmail.com", "Tipo": "Paseos náuticos - Observación de flora y fauna", "Servicio Cumple Inspeccion": "CUMPLE INSPECCIÓN", "Servicio Cumple Patente": "REGISTRO VIGENTE", "Sitio Web": null, "Y": "-29.25045", "X": "-71.46957", "Origen Dato": "Registro Nacional de Servicios Turisticos, SERNATUR", "Descripcion": "INSPECCIÓN (CUMPLE INSPECCION, NO INSPECCIONADO, NO CUMPLE INSPECCION): La etiqueta indica el resultado del proceso de inspección obligatorio para los servicios de alojamiento y turismo aventura. Su objetivo es determinar el cumplimiento de lo establecido en la ley de turismo y su reglamento (Decreto N° 19 del 12 de abril de 2018 del ministerio de Economía, Fomento y Turismo). ESTADO DE LA DOCUMENTACIÓN (REGISTRO VIGENTE, REGISTRO NO VIGENTE): Cada servicio registrado debe mantener actualizada la documentación que fue aprobada en el proceso de registro. De acuerdo a lo establecido en el decreto Nº 19 de 2117, el cual establece los requisitos para el registro de cada tipo de servicio, la documentación puede corresponder a la patente comercial temporal o definitiva, certificado de primeros auxilios, certificados de exención, permiso de autoridad competente u otra. https://portalserviciosturisticos.sernatur.cl/", "Ultima Actualizacion del Dato": "Abril 2025" }, "geometry": { "type": "Point", "coordinates": [ -71.467829290027097, -29.246341123509396 ] } },
{ "type": "Feature", "properties": { "fid": 56, "Foto": "http://serviciosturisticos.sernatur.cl/images/noaventura.jpg", "Nombre": "Neptuno 3.0", "Link Sernatur": "https://serviciosturisticos.sernatur.cl/18730-neptuno-30", "Region": "Region de Coquimbo", "Comuna": "La Higuera", "Localidad": "Punta De Choros", "Direccion": "Punta de choros NºS/N, Punta de choros", "Telefono": "+56 996431236", "Email": "neptuno@gmail.com", "Tipo": "Paseos náuticos - Observación de flora y fauna", "Servicio Cumple Inspeccion": "CUMPLE INSPECCIÓN", "Servicio Cumple Patente": "REGISTRO VIGENTE", "Sitio Web": null, "Y": "-29.25045", "X": "-71.46959", "Origen Dato": "Registro Nacional de Servicios Turisticos, SERNATUR", "Descripcion": "INSPECCIÓN (CUMPLE INSPECCION, NO INSPECCIONADO, NO CUMPLE INSPECCION): La etiqueta indica el resultado del proceso de inspección obligatorio para los servicios de alojamiento y turismo aventura. Su objetivo es determinar el cumplimiento de lo establecido en la ley de turismo y su reglamento (Decreto N° 19 del 12 de abril de 2018 del ministerio de Economía, Fomento y Turismo). ESTADO DE LA DOCUMENTACIÓN (REGISTRO VIGENTE, REGISTRO NO VIGENTE): Cada servicio registrado debe mantener actualizada la documentación que fue aprobada en el proceso de registro. De acuerdo a lo establecido en el decreto Nº 19 de 2119, el cual establece los requisitos para el registro de cada tipo de servicio, la documentación puede corresponder a la patente comercial temporal o definitiva, certificado de primeros auxilios, certificados de exención, permiso de autoridad competente u otra. https://portalserviciosturisticos.sernatur.cl/", "Ultima Actualizacion del Dato": "Abril 2025" }, "geometry": { "type": "Point", "coordinates": [ -71.463017427357343, -29.249895813263066 ] } },
{ "type": "Feature", "properties": { "fid": 57, "Foto": "http://serviciosturisticos.sernatur.cl/images/noaventura.jpg", "Nombre": "Nicolás I", "Link Sernatur": "https://serviciosturisticos.sernatur.cl/71574-nicolas-i", "Region": "Region de Coquimbo", "Comuna": "La Higuera", "Localidad": "Punta De Choros", "Direccion": "Punta de choros s/n manzana l Nº7, Punta de choros", "Telefono": "(09) 945959620", "Email": "juliatamayo758@gmail.com", "Tipo": "Paseos náuticos - Observación de flora y fauna", "Servicio Cumple Inspeccion": "CUMPLE INSPECCIÓN", "Servicio Cumple Patente": "REGISTRO VIGENTE", "Sitio Web": null, "Y": "-29.25045", "X": "-71.46961", "Origen Dato": "Registro Nacional de Servicios Turisticos, SERNATUR", "Descripcion": "INSPECCIÓN (CUMPLE INSPECCION, NO INSPECCIONADO, NO CUMPLE INSPECCION): La etiqueta indica el resultado del proceso de inspección obligatorio para los servicios de alojamiento y turismo aventura. Su objetivo es determinar el cumplimiento de lo establecido en la ley de turismo y su reglamento (Decreto N° 19 del 12 de abril de 2018 del ministerio de Economía, Fomento y Turismo). ESTADO DE LA DOCUMENTACIÓN (REGISTRO VIGENTE, REGISTRO NO VIGENTE): Cada servicio registrado debe mantener actualizada la documentación que fue aprobada en el proceso de registro. De acuerdo a lo establecido en el decreto Nº 19 de 2121, el cual establece los requisitos para el registro de cada tipo de servicio, la documentación puede corresponder a la patente comercial temporal o definitiva, certificado de primeros auxilios, certificados de exención, permiso de autoridad competente u otra. https://portalserviciosturisticos.sernatur.cl/", "Ultima Actualizacion del Dato": "Abril 2025" }, "geometry": { "type": "Point", "coordinates": [ -71.467349361750351, -29.246388255184929 ] } },
{ "type": "Feature", "properties": { "fid": 58, "Foto": "http://serviciosturisticos.sernatur.cl/images/noaventura.jpg", "Nombre": "ONASIS 2.0", "Link Sernatur": "https://serviciosturisticos.sernatur.cl/19640-onasis-20", "Region": "Region de Coquimbo", "Comuna": "La Higuera", "Localidad": "Punta De Choros", "Direccion": "Punta de choros NºS/N, Punta de choros", "Telefono": "+56 987874282", "Email": "yg.molina.vergara@gmail.com", "Tipo": "Paseos náuticos", "Servicio Cumple Inspeccion": "CUMPLE INSPECCIÓN", "Servicio Cumple Patente": "REGISTRO VIGENTE", "Sitio Web": null, "Y": "-29.25045", "X": "-71.46963", "Origen Dato": "Registro Nacional de Servicios Turisticos, SERNATUR", "Descripcion": "INSPECCIÓN (CUMPLE INSPECCION, NO INSPECCIONADO, NO CUMPLE INSPECCION): La etiqueta indica el resultado del proceso de inspección obligatorio para los servicios de alojamiento y turismo aventura. Su objetivo es determinar el cumplimiento de lo establecido en la ley de turismo y su reglamento (Decreto N° 19 del 12 de abril de 2018 del ministerio de Economía, Fomento y Turismo). ESTADO DE LA DOCUMENTACIÓN (REGISTRO VIGENTE, REGISTRO NO VIGENTE): Cada servicio registrado debe mantener actualizada la documentación que fue aprobada en el proceso de registro. De acuerdo a lo establecido en el decreto Nº 19 de 2123, el cual establece los requisitos para el registro de cada tipo de servicio, la documentación puede corresponder a la patente comercial temporal o definitiva, certificado de primeros auxilios, certificados de exención, permiso de autoridad competente u otra. https://portalserviciosturisticos.sernatur.cl/", "Ultima Actualizacion del Dato": "Abril 2025" }, "geometry": { "type": "Point", "coordinates": [ -71.463044038795104, -29.250032341508884 ] } },
{ "type": "Feature", "properties": { "fid": 59, "Foto": "http://serviciosturisticos.sernatur.cl/folder/empresas/emp_11510779/inscripcion_12715/phpGZTy7P20181120041101.jpg", "Nombre": "PAJARO ERRANTE", "Link Sernatur": "https://serviciosturisticos.sernatur.cl/7018-pajaro-errante", "Region": "Region de Coquimbo", "Comuna": "La Higuera", "Localidad": "Punta De Choros", "Direccion": "Pilpilén  manzana j Nº111, Punta de choros", "Telefono": "+56 949737171", "Email": "pajaroerrante2909@gmail.com", "Tipo": "Paseos náuticos", "Servicio Cumple Inspeccion": "CUMPLE INSPECCIÓN", "Servicio Cumple Patente": "REGISTRO VIGENTE", "Sitio Web": null, "Y": "-29.25045", "X": "-71.46964", "Origen Dato": "Registro Nacional de Servicios Turisticos, SERNATUR", "Descripcion": "INSPECCIÓN (CUMPLE INSPECCION, NO INSPECCIONADO, NO CUMPLE INSPECCION): La etiqueta indica el resultado del proceso de inspección obligatorio para los servicios de alojamiento y turismo aventura. Su objetivo es determinar el cumplimiento de lo establecido en la ley de turismo y su reglamento (Decreto N° 19 del 12 de abril de 2018 del ministerio de Economía, Fomento y Turismo). ESTADO DE LA DOCUMENTACIÓN (REGISTRO VIGENTE, REGISTRO NO VIGENTE): Cada servicio registrado debe mantener actualizada la documentación que fue aprobada en el proceso de registro. De acuerdo a lo establecido en el decreto Nº 19 de 2124, el cual establece los requisitos para el registro de cada tipo de servicio, la documentación puede corresponder a la patente comercial temporal o definitiva, certificado de primeros auxilios, certificados de exención, permiso de autoridad competente u otra. https://portalserviciosturisticos.sernatur.cl/", "Ultima Actualizacion del Dato": "Abril 2025" }, "geometry": { "type": "Point", "coordinates": [ -71.468223896113685, -29.246577406861764 ] } },
{ "type": "Feature", "properties": { "fid": 60, "Foto": "http://serviciosturisticos.sernatur.cl/folder/empresas/emp_6426413/inscripcion_30030/phpYBVTw42018051001506.jpg", "Nombre": "PEDRO ANTONIO", "Link Sernatur": "https://serviciosturisticos.sernatur.cl/16845-pedro-antonio", "Region": "Region de Coquimbo", "Comuna": "La Higuera", "Localidad": "Punta De Choros", "Direccion": "Punta de choros NºS/N, Punta de choros", "Telefono": "+56 976197201", "Email": "carla2e2017@gmail.com", "Tipo": "Paseos náuticos - Observación de flora y fauna", "Servicio Cumple Inspeccion": "CUMPLE INSPECCIÓN", "Servicio Cumple Patente": "REGISTRO VIGENTE", "Sitio Web": null, "Y": "-29.25045", "X": "-71.46965", "Origen Dato": "Registro Nacional de Servicios Turisticos, SERNATUR", "Descripcion": "INSPECCIÓN (CUMPLE INSPECCION, NO INSPECCIONADO, NO CUMPLE INSPECCION): La etiqueta indica el resultado del proceso de inspección obligatorio para los servicios de alojamiento y turismo aventura. Su objetivo es determinar el cumplimiento de lo establecido en la ley de turismo y su reglamento (Decreto N° 19 del 12 de abril de 2018 del ministerio de Economía, Fomento y Turismo). ESTADO DE LA DOCUMENTACIÓN (REGISTRO VIGENTE, REGISTRO NO VIGENTE): Cada servicio registrado debe mantener actualizada la documentación que fue aprobada en el proceso de registro. De acuerdo a lo establecido en el decreto Nº 19 de 2125, el cual establece los requisitos para el registro de cada tipo de servicio, la documentación puede corresponder a la patente comercial temporal o definitiva, certificado de primeros auxilios, certificados de exención, permiso de autoridad competente u otra. https://portalserviciosturisticos.sernatur.cl/", "Ultima Actualizacion del Dato": "Abril 2025" }, "geometry": { "type": "Point", "coordinates": [ -71.467745805436678, -29.246178993537541 ] } },
{ "type": "Feature", "properties": { "fid": 61, "Foto": "http://serviciosturisticos.sernatur.cl/folder/empresas/emp_8257812/inscripcion_8081/php9hR23C20181120041154.jpg", "Nombre": "PELESIÑO", "Link Sernatur": "https://serviciosturisticos.sernatur.cl/5545-pelesino", "Region": "Region de Coquimbo", "Comuna": "La Higuera", "Localidad": "Punta De Choros", "Direccion": "Punta de choros NºS/N, Punta de choros", "Telefono": "+56 993296376", "Email": "pablopinones@yahoo.cl", "Tipo": "Paseos náuticos - Observación de flora y fauna", "Servicio Cumple Inspeccion": "CUMPLE INSPECCIÓN", "Servicio Cumple Patente": "REGISTRO VIGENTE", "Sitio Web": null, "Y": "-29.25045", "X": "-71.46967", "Origen Dato": "Registro Nacional de Servicios Turisticos, SERNATUR", "Descripcion": "INSPECCIÓN (CUMPLE INSPECCION, NO INSPECCIONADO, NO CUMPLE INSPECCION): La etiqueta indica el resultado del proceso de inspección obligatorio para los servicios de alojamiento y turismo aventura. Su objetivo es determinar el cumplimiento de lo establecido en la ley de turismo y su reglamento (Decreto N° 19 del 12 de abril de 2018 del ministerio de Economía, Fomento y Turismo). ESTADO DE LA DOCUMENTACIÓN (REGISTRO VIGENTE, REGISTRO NO VIGENTE): Cada servicio registrado debe mantener actualizada la documentación que fue aprobada en el proceso de registro. De acuerdo a lo establecido en el decreto Nº 19 de 2127, el cual establece los requisitos para el registro de cada tipo de servicio, la documentación puede corresponder a la patente comercial temporal o definitiva, certificado de primeros auxilios, certificados de exención, permiso de autoridad competente u otra. https://portalserviciosturisticos.sernatur.cl/", "Ultima Actualizacion del Dato": "Abril 2025" }, "geometry": { "type": "Point", "coordinates": [ -71.467154314433344, -29.246195402936916 ] } },
{ "type": "Feature", "properties": { "fid": 62, "Foto": "http://serviciosturisticos.sernatur.cl/images/noaventura.jpg", "Nombre": "PINKY", "Link Sernatur": "https://serviciosturisticos.sernatur.cl/20046-pinky", "Region": "Region de Coquimbo", "Comuna": "La Higuera", "Localidad": "Punta De Choros", "Direccion": "Punta de choros NºS/N, Punta de choros", "Telefono": "+56 9 64341337", "Email": "matiasgolgf5@gmail.com", "Tipo": "Paseos náuticos - Observación de flora y fauna", "Servicio Cumple Inspeccion": "CUMPLE INSPECCIÓN", "Servicio Cumple Patente": "REGISTRO VIGENTE", "Sitio Web": null, "Y": "-29.25045", "X": "-71.46969", "Origen Dato": "Registro Nacional de Servicios Turisticos, SERNATUR", "Descripcion": "INSPECCIÓN (CUMPLE INSPECCION, NO INSPECCIONADO, NO CUMPLE INSPECCION): La etiqueta indica el resultado del proceso de inspección obligatorio para los servicios de alojamiento y turismo aventura. Su objetivo es determinar el cumplimiento de lo establecido en la ley de turismo y su reglamento (Decreto N° 19 del 12 de abril de 2018 del ministerio de Economía, Fomento y Turismo). ESTADO DE LA DOCUMENTACIÓN (REGISTRO VIGENTE, REGISTRO NO VIGENTE): Cada servicio registrado debe mantener actualizada la documentación que fue aprobada en el proceso de registro. De acuerdo a lo establecido en el decreto Nº 19 de 2129, el cual establece los requisitos para el registro de cada tipo de servicio, la documentación puede corresponder a la patente comercial temporal o definitiva, certificado de primeros auxilios, certificados de exención, permiso de autoridad competente u otra. https://portalserviciosturisticos.sernatur.cl/", "Ultima Actualizacion del Dato": "Abril 2025" }, "geometry": { "type": "Point", "coordinates": [ -71.467532573699472, -29.246409333763804 ] } },
{ "type": "Feature", "properties": { "fid": 63, "Foto": "http://serviciosturisticos.sernatur.cl/folder/empresas/emp_13423921/inscripcion_3808/phpp3P4ij20181115121146.jpg", "Nombre": "PRINCE WHITE", "Link Sernatur": "https://serviciosturisticos.sernatur.cl/4774-prince-white", "Region": "Region de Coquimbo", "Comuna": "La Higuera", "Localidad": "Punta De Choros", "Direccion": "Punta de choros NºS/N, Punta de choros", "Telefono": "+56 995610945", "Email": "jeanpatrich.21.10@hotmail.com", "Tipo": "Paseos náuticos - Observación de flora y fauna", "Servicio Cumple Inspeccion": "CUMPLE INSPECCIÓN", "Servicio Cumple Patente": "REGISTRO VIGENTE", "Sitio Web": null, "Y": "-29.25045", "X": "-71.46971", "Origen Dato": "Registro Nacional de Servicios Turisticos, SERNATUR", "Descripcion": "INSPECCIÓN (CUMPLE INSPECCION, NO INSPECCIONADO, NO CUMPLE INSPECCION): La etiqueta indica el resultado del proceso de inspección obligatorio para los servicios de alojamiento y turismo aventura. Su objetivo es determinar el cumplimiento de lo establecido en la ley de turismo y su reglamento (Decreto N° 19 del 12 de abril de 2018 del ministerio de Economía, Fomento y Turismo). ESTADO DE LA DOCUMENTACIÓN (REGISTRO VIGENTE, REGISTRO NO VIGENTE): Cada servicio registrado debe mantener actualizada la documentación que fue aprobada en el proceso de registro. De acuerdo a lo establecido en el decreto Nº 19 de 2131, el cual establece los requisitos para el registro de cada tipo de servicio, la documentación puede corresponder a la patente comercial temporal o definitiva, certificado de primeros auxilios, certificados de exención, permiso de autoridad competente u otra. https://portalserviciosturisticos.sernatur.cl/", "Ultima Actualizacion del Dato": "Abril 2025" }, "geometry": { "type": "Point", "coordinates": [ -71.467261447083345, -29.246454353343616 ] } },
{ "type": "Feature", "properties": { "fid": 64, "Foto": "http://serviciosturisticos.sernatur.cl/folder/empresas/emp_10827186/inscripcion_34934/phpiLs9k920181114041116.jpg", "Nombre": "RICHY II", "Link Sernatur": "https://serviciosturisticos.sernatur.cl/19623-richy-ii", "Region": "Region de Coquimbo", "Comuna": "La Higuera", "Localidad": "Punta De Choros", "Direccion": "Punta de choros NºS/N, Punta de choros", "Telefono": "+56 994316885", "Email": "g.bugueno07@gmail.com", "Tipo": "Paseos náuticos", "Servicio Cumple Inspeccion": "CUMPLE INSPECCIÓN", "Servicio Cumple Patente": "REGISTRO VIGENTE", "Sitio Web": null, "Y": "-29.25045", "X": "-71.46973", "Origen Dato": "Registro Nacional de Servicios Turisticos, SERNATUR", "Descripcion": "INSPECCIÓN (CUMPLE INSPECCION, NO INSPECCIONADO, NO CUMPLE INSPECCION): La etiqueta indica el resultado del proceso de inspección obligatorio para los servicios de alojamiento y turismo aventura. Su objetivo es determinar el cumplimiento de lo establecido en la ley de turismo y su reglamento (Decreto N° 19 del 12 de abril de 2018 del ministerio de Economía, Fomento y Turismo). ESTADO DE LA DOCUMENTACIÓN (REGISTRO VIGENTE, REGISTRO NO VIGENTE): Cada servicio registrado debe mantener actualizada la documentación que fue aprobada en el proceso de registro. De acuerdo a lo establecido en el decreto Nº 19 de 2133, el cual establece los requisitos para el registro de cada tipo de servicio, la documentación puede corresponder a la patente comercial temporal o definitiva, certificado de primeros auxilios, certificados de exención, permiso de autoridad competente u otra. https://portalserviciosturisticos.sernatur.cl/", "Ultima Actualizacion del Dato": "Abril 2025" }, "geometry": { "type": "Point", "coordinates": [ -71.46815967946614, -29.24675443077372 ] } },
{ "type": "Feature", "properties": { "fid": 65, "Foto": "http://serviciosturisticos.sernatur.cl/folder/empresas/emp_18264936/inscripcion_34959/phpLuak8j.jpg", "Nombre": "SUNSET", "Link Sernatur": "https://serviciosturisticos.sernatur.cl/19638-sunset", "Region": "Region de Coquimbo", "Comuna": "La Higuera", "Localidad": "Punta De Choros", "Direccion": "Punta de choros NºS/N, Punta de choros", "Telefono": "+569 58380952", "Email": "turbo2018@gmail.com", "Tipo": "Paseos náuticos", "Servicio Cumple Inspeccion": "CUMPLE INSPECCIÓN", "Servicio Cumple Patente": "REGISTRO VIGENTE", "Sitio Web": null, "Y": "-29.25045", "X": "-71.46974", "Origen Dato": "Registro Nacional de Servicios Turisticos, SERNATUR", "Descripcion": "INSPECCIÓN (CUMPLE INSPECCION, NO INSPECCIONADO, NO CUMPLE INSPECCION): La etiqueta indica el resultado del proceso de inspección obligatorio para los servicios de alojamiento y turismo aventura. Su objetivo es determinar el cumplimiento de lo establecido en la ley de turismo y su reglamento (Decreto N° 19 del 12 de abril de 2018 del ministerio de Economía, Fomento y Turismo). ESTADO DE LA DOCUMENTACIÓN (REGISTRO VIGENTE, REGISTRO NO VIGENTE): Cada servicio registrado debe mantener actualizada la documentación que fue aprobada en el proceso de registro. De acuerdo a lo establecido en el decreto Nº 19 de 2134, el cual establece los requisitos para el registro de cada tipo de servicio, la documentación puede corresponder a la patente comercial temporal o definitiva, certificado de primeros auxilios, certificados de exención, permiso de autoridad competente u otra. https://portalserviciosturisticos.sernatur.cl/", "Ultima Actualizacion del Dato": "Abril 2025" }, "geometry": { "type": "Point", "coordinates": [ -71.467763238587835, -29.246268682680974 ] } },
{ "type": "Feature", "properties": { "fid": 66, "Foto": "http://serviciosturisticos.sernatur.cl/folder/empresas/emp_11380030/inscripcion_30072/phpyHIec7.jpeg", "Nombre": "THOMAS ALEJANDRO", "Link Sernatur": "https://serviciosturisticos.sernatur.cl/16973-thomas-alejandro", "Region": "Region de Coquimbo", "Comuna": "La Higuera", "Localidad": "Punta De Choros", "Direccion": "Punta de choros NºS/N, Punta de choros", "Telefono": "+56 933908490", "Email": "thomasalejandro.registro@gmail.com", "Tipo": "Paseos náuticos", "Servicio Cumple Inspeccion": "CUMPLE INSPECCIÓN", "Servicio Cumple Patente": "REGISTRO VIGENTE", "Sitio Web": null, "Y": "-29.25045", "X": "-71.46975", "Origen Dato": "Registro Nacional de Servicios Turisticos, SERNATUR", "Descripcion": "INSPECCIÓN (CUMPLE INSPECCION, NO INSPECCIONADO, NO CUMPLE INSPECCION): La etiqueta indica el resultado del proceso de inspección obligatorio para los servicios de alojamiento y turismo aventura. Su objetivo es determinar el cumplimiento de lo establecido en la ley de turismo y su reglamento (Decreto N° 19 del 12 de abril de 2018 del ministerio de Economía, Fomento y Turismo). ESTADO DE LA DOCUMENTACIÓN (REGISTRO VIGENTE, REGISTRO NO VIGENTE): Cada servicio registrado debe mantener actualizada la documentación que fue aprobada en el proceso de registro. De acuerdo a lo establecido en el decreto Nº 19 de 2135, el cual establece los requisitos para el registro de cada tipo de servicio, la documentación puede corresponder a la patente comercial temporal o definitiva, certificado de primeros auxilios, certificados de exención, permiso de autoridad competente u otra. https://portalserviciosturisticos.sernatur.cl/", "Ultima Actualizacion del Dato": "Abril 2025" }, "geometry": { "type": "Point", "coordinates": [ -71.462986187843484, -29.249999944975976 ] } },
{ "type": "Feature", "properties": { "fid": 67, "Foto": "http://serviciosturisticos.sernatur.cl/folder/empresas/emp_13533591/inscripcion_8025/phpXBHnAh20181120041136.jpg", "Nombre": "TIME BANDIT", "Link Sernatur": "https://serviciosturisticos.sernatur.cl/5845-time-bandit", "Region": "Region de Coquimbo", "Comuna": "La Higuera", "Localidad": "Punta De Choros", "Direccion": "Manzana j, sitio 21 NºS/N, Punta de choros", "Telefono": "+56 994549592", "Email": "jalfarocollao@gmail.com", "Tipo": "Paseos náuticos", "Servicio Cumple Inspeccion": "CUMPLE INSPECCIÓN", "Servicio Cumple Patente": "REGISTRO VIGENTE", "Sitio Web": null, "Y": "-29.25045", "X": "-71.46976", "Origen Dato": "Registro Nacional de Servicios Turisticos, SERNATUR", "Descripcion": "INSPECCIÓN (CUMPLE INSPECCION, NO INSPECCIONADO, NO CUMPLE INSPECCION): La etiqueta indica el resultado del proceso de inspección obligatorio para los servicios de alojamiento y turismo aventura. Su objetivo es determinar el cumplimiento de lo establecido en la ley de turismo y su reglamento (Decreto N° 19 del 12 de abril de 2018 del ministerio de Economía, Fomento y Turismo). ESTADO DE LA DOCUMENTACIÓN (REGISTRO VIGENTE, REGISTRO NO VIGENTE): Cada servicio registrado debe mantener actualizada la documentación que fue aprobada en el proceso de registro. De acuerdo a lo establecido en el decreto Nº 19 de 2136, el cual establece los requisitos para el registro de cada tipo de servicio, la documentación puede corresponder a la patente comercial temporal o definitiva, certificado de primeros auxilios, certificados de exención, permiso de autoridad competente u otra. https://portalserviciosturisticos.sernatur.cl/", "Ultima Actualizacion del Dato": "Abril 2025" }, "geometry": { "type": "Point", "coordinates": [ -71.463009328224132, -29.25006473804179 ] } },
{ "type": "Feature", "properties": { "fid": 68, "Foto": "http://serviciosturisticos.sernatur.cl/images/noaventura.jpg", "Nombre": "Tío Chelo", "Link Sernatur": "https://serviciosturisticos.sernatur.cl/72020-tio-chelo", "Region": "Region de Coquimbo", "Comuna": "La Higuera", "Localidad": "Punta De Choros", "Direccion": "Punta de choros s/n NºS/N, Punta de choros", "Telefono": "(09) 985922963", "Email": "mariaalejandrinarojas20@gmail.com", "Tipo": "Paseos náuticos - Observación de flora y fauna", "Servicio Cumple Inspeccion": "CUMPLE INSPECCIÓN", "Servicio Cumple Patente": "REGISTRO VIGENTE", "Sitio Web": null, "Y": "-29.25045", "X": "-71.46977", "Origen Dato": "Registro Nacional de Servicios Turisticos, SERNATUR", "Descripcion": "INSPECCIÓN (CUMPLE INSPECCION, NO INSPECCIONADO, NO CUMPLE INSPECCION): La etiqueta indica el resultado del proceso de inspección obligatorio para los servicios de alojamiento y turismo aventura. Su objetivo es determinar el cumplimiento de lo establecido en la ley de turismo y su reglamento (Decreto N° 19 del 12 de abril de 2018 del ministerio de Economía, Fomento y Turismo). ESTADO DE LA DOCUMENTACIÓN (REGISTRO VIGENTE, REGISTRO NO VIGENTE): Cada servicio registrado debe mantener actualizada la documentación que fue aprobada en el proceso de registro. De acuerdo a lo establecido en el decreto Nº 19 de 2137, el cual establece los requisitos para el registro de cada tipo de servicio, la documentación puede corresponder a la patente comercial temporal o definitiva, certificado de primeros auxilios, certificados de exención, permiso de autoridad competente u otra. https://portalserviciosturisticos.sernatur.cl/", "Ultima Actualizacion del Dato": "Abril 2025" }, "geometry": { "type": "Point", "coordinates": [ -71.462934121987018, -29.250033498527916 ] } },
{ "type": "Feature", "properties": { "fid": 69, "Foto": "http://serviciosturisticos.sernatur.cl/images/noaventura.jpg", "Nombre": "TIO VICTOR 2.0", "Link Sernatur": "https://serviciosturisticos.sernatur.cl/20243-tio-victor-20", "Region": "Region de Coquimbo", "Comuna": "La Higuera", "Localidad": "Punta De Choros", "Direccion": "Punta de choros NºS/N, Punta de choros", "Telefono": "+56 973453111", "Email": "embarcaciontiovictor2.0@gmail.com", "Tipo": "Paseos náuticos - Observación de flora y fauna", "Servicio Cumple Inspeccion": "CUMPLE INSPECCIÓN", "Servicio Cumple Patente": "REGISTRO VIGENTE", "Sitio Web": null, "Y": "-29.25045", "X": "-71.46979", "Origen Dato": "Registro Nacional de Servicios Turisticos, SERNATUR", "Descripcion": "INSPECCIÓN (CUMPLE INSPECCION, NO INSPECCIONADO, NO CUMPLE INSPECCION): La etiqueta indica el resultado del proceso de inspección obligatorio para los servicios de alojamiento y turismo aventura. Su objetivo es determinar el cumplimiento de lo establecido en la ley de turismo y su reglamento (Decreto N° 19 del 12 de abril de 2018 del ministerio de Economía, Fomento y Turismo). ESTADO DE LA DOCUMENTACIÓN (REGISTRO VIGENTE, REGISTRO NO VIGENTE): Cada servicio registrado debe mantener actualizada la documentación que fue aprobada en el proceso de registro. De acuerdo a lo establecido en el decreto Nº 19 de 2139, el cual establece los requisitos para el registro de cada tipo de servicio, la documentación puede corresponder a la patente comercial temporal o definitiva, certificado de primeros auxilios, certificados de exención, permiso de autoridad competente u otra. https://portalserviciosturisticos.sernatur.cl/", "Ultima Actualizacion del Dato": "Abril 2025" }, "geometry": { "type": "Point", "coordinates": [ -71.467704605027166, -29.246409333763804 ] } },
{ "type": "Feature", "properties": { "fid": 70, "Foto": "http://serviciosturisticos.sernatur.cl/images/noaventura.jpg", "Nombre": "TITIN", "Link Sernatur": "https://serviciosturisticos.sernatur.cl/71367-titin", "Region": "Region de Coquimbo", "Comuna": "La Higuera", "Localidad": "Punta De Choros", "Direccion": "ViÑa del mar Nº2757, Punta de choros", "Telefono": "(56) 931851931", "Email": "linoamablevallecortes67@gmail.com", "Tipo": "Paseos náuticos - Observación de flora y fauna", "Servicio Cumple Inspeccion": "CUMPLE INSPECCIÓN", "Servicio Cumple Patente": "REGISTRO VIGENTE", "Sitio Web": null, "Y": "-29.25045", "X": "-71.46981", "Origen Dato": "Registro Nacional de Servicios Turisticos, SERNATUR", "Descripcion": "INSPECCIÓN (CUMPLE INSPECCION, NO INSPECCIONADO, NO CUMPLE INSPECCION): La etiqueta indica el resultado del proceso de inspección obligatorio para los servicios de alojamiento y turismo aventura. Su objetivo es determinar el cumplimiento de lo establecido en la ley de turismo y su reglamento (Decreto N° 19 del 12 de abril de 2018 del ministerio de Economía, Fomento y Turismo). ESTADO DE LA DOCUMENTACIÓN (REGISTRO VIGENTE, REGISTRO NO VIGENTE): Cada servicio registrado debe mantener actualizada la documentación que fue aprobada en el proceso de registro. De acuerdo a lo establecido en el decreto Nº 19 de 2141, el cual establece los requisitos para el registro de cada tipo de servicio, la documentación puede corresponder a la patente comercial temporal o definitiva, certificado de primeros auxilios, certificados de exención, permiso de autoridad competente u otra. https://portalserviciosturisticos.sernatur.cl/", "Ultima Actualizacion del Dato": "Abril 2025" }, "geometry": { "type": "Point", "coordinates": [ -71.463084534461231, -29.250009201128236 ] } },
{ "type": "Feature", "properties": { "fid": 71, "Foto": "http://serviciosturisticos.sernatur.cl/images/noaventura.jpg", "Nombre": "TUCSON", "Link Sernatur": "https://serviciosturisticos.sernatur.cl/7527-tucson", "Region": "Region de Coquimbo", "Comuna": "La Higuera", "Localidad": "Punta De Choros", "Direccion": "Punta de choros NºS/N, Punta de choros", "Telefono": "+56 990358946", "Email": "nanchi_xl81@hotmail.com", "Tipo": "Paseos náuticos - Observación de flora y fauna", "Servicio Cumple Inspeccion": "CUMPLE INSPECCIÓN", "Servicio Cumple Patente": "REGISTRO VIGENTE", "Sitio Web": null, "Y": "-29.25045", "X": "-71.46983", "Origen Dato": "Registro Nacional de Servicios Turisticos, SERNATUR", "Descripcion": "INSPECCIÓN (CUMPLE INSPECCION, NO INSPECCIONADO, NO CUMPLE INSPECCION): La etiqueta indica el resultado del proceso de inspección obligatorio para los servicios de alojamiento y turismo aventura. Su objetivo es determinar el cumplimiento de lo establecido en la ley de turismo y su reglamento (Decreto N° 19 del 12 de abril de 2018 del ministerio de Economía, Fomento y Turismo). ESTADO DE LA DOCUMENTACIÓN (REGISTRO VIGENTE, REGISTRO NO VIGENTE): Cada servicio registrado debe mantener actualizada la documentación que fue aprobada en el proceso de registro. De acuerdo a lo establecido en el decreto Nº 19 de 2143, el cual establece los requisitos para el registro de cada tipo de servicio, la documentación puede corresponder a la patente comercial temporal o definitiva, certificado de primeros auxilios, certificados de exención, permiso de autoridad competente u otra. https://portalserviciosturisticos.sernatur.cl/", "Ultima Actualizacion del Dato": "Abril 2025" }, "geometry": { "type": "Point", "coordinates": [ -71.467367732363584, -29.246287024189428 ] } },
{ "type": "Feature", "properties": { "fid": 72, "Foto": "http://serviciosturisticos.sernatur.cl/folder/empresas/emp_13177012/inscripcion_9171/php5ksLoz20181120041142.jpg", "Nombre": "ULTRAMAR", "Link Sernatur": "https://serviciosturisticos.sernatur.cl/4766-ultramar", "Region": "Region de Coquimbo", "Comuna": "La Higuera", "Localidad": "Punta De Choros", "Direccion": "Punta de choros NºS/N, Punta de choros", "Telefono": "71200285", "Email": "mauricioveliz1977@gmail.com", "Tipo": "Paseos náuticos - Observación de flora y fauna", "Servicio Cumple Inspeccion": "CUMPLE INSPECCIÓN", "Servicio Cumple Patente": "REGISTRO VIGENTE", "Sitio Web": null, "Y": "-29.25045", "X": "-71.46985", "Origen Dato": "Registro Nacional de Servicios Turisticos, SERNATUR", "Descripcion": "INSPECCIÓN (CUMPLE INSPECCION, NO INSPECCIONADO, NO CUMPLE INSPECCION): La etiqueta indica el resultado del proceso de inspección obligatorio para los servicios de alojamiento y turismo aventura. Su objetivo es determinar el cumplimiento de lo establecido en la ley de turismo y su reglamento (Decreto N° 19 del 12 de abril de 2018 del ministerio de Economía, Fomento y Turismo). ESTADO DE LA DOCUMENTACIÓN (REGISTRO VIGENTE, REGISTRO NO VIGENTE): Cada servicio registrado debe mantener actualizada la documentación que fue aprobada en el proceso de registro. De acuerdo a lo establecido en el decreto Nº 19 de 2145, el cual establece los requisitos para el registro de cada tipo de servicio, la documentación puede corresponder a la patente comercial temporal o definitiva, certificado de primeros auxilios, certificados de exención, permiso de autoridad competente u otra. https://portalserviciosturisticos.sernatur.cl/", "Ultima Actualizacion del Dato": "Abril 2025" }, "geometry": { "type": "Point", "coordinates": [ -71.462987344862512, -29.250111018803082 ] } },
{ "type": "Feature", "properties": { "fid": 73, "Foto": "http://serviciosturisticos.sernatur.cl/folder/empresas/emp_4156614/inscripcion_11334/phpP0907K2017081709803.jpg", "Nombre": "AGUILA", "Link Sernatur": "https://serviciosturisticos.sernatur.cl/6122-aguila", "Region": "Region de Coquimbo", "Comuna": "La Higuera", "Localidad": "Punta De Choros", "Direccion": "Punta de choros NºS/N, Punta de choros", "Telefono": "+56 9 85880070", "Email": "carlosflores1910@hotmail.com", "Tipo": "Paseos náuticos", "Servicio Cumple Inspeccion": "CUMPLE INSPECCIÓN", "Servicio Cumple Patente": "REGISTRO NO VIGENTE", "Sitio Web": null, "Y": "-29.25045", "X": "-71.46987", "Origen Dato": "Registro Nacional de Servicios Turisticos, SERNATUR", "Descripcion": "INSPECCIÓN (CUMPLE INSPECCION, NO INSPECCIONADO, NO CUMPLE INSPECCION): La etiqueta indica el resultado del proceso de inspección obligatorio para los servicios de alojamiento y turismo aventura. Su objetivo es determinar el cumplimiento de lo establecido en la ley de turismo y su reglamento (Decreto N° 19 del 12 de abril de 2018 del ministerio de Economía, Fomento y Turismo). ESTADO DE LA DOCUMENTACIÓN (REGISTRO VIGENTE, REGISTRO NO VIGENTE): Cada servicio registrado debe mantener actualizada la documentación que fue aprobada en el proceso de registro. De acuerdo a lo establecido en el decreto Nº 19 de 2147, el cual establece los requisitos para el registro de cada tipo de servicio, la documentación puede corresponder a la patente comercial temporal o definitiva, certificado de primeros auxilios, certificados de exención, permiso de autoridad competente u otra. https://portalserviciosturisticos.sernatur.cl/", "Ultima Actualizacion del Dato": "Abril 2025" }, "geometry": { "type": "Point", "coordinates": [ -71.463063708118653, -29.250071680155983 ] } },
{ "type": "Feature", "properties": { "fid": 74, "Foto": "http://serviciosturisticos.sernatur.cl/folder/empresas/emp_76565908/inscripcion_36480/phpbiOAnN2019012410114.jpg", "Nombre": "ALBERGO PUNTA DE CHOROS", "Link Sernatur": "https://serviciosturisticos.sernatur.cl/20550-albergo-punta-de-choros", "Region": "Region de Coquimbo", "Comuna": "La Higuera", "Localidad": "Punta De Choros", "Direccion": "Jorge osorio NºS/N, Punta de choros", "Telefono": "(56) 997609849", "Email": "ainserrato@gmail.com", "Tipo": "Cabañas", "Servicio Cumple Inspeccion": "CUMPLE INSPECCIÓN", "Servicio Cumple Patente": "REGISTRO NO VIGENTE", "Sitio Web": "http://www.albergopuntadechoros.cl/", "Y": "-29.24024", "X": "-71.4604", "Origen Dato": "Registro Nacional de Servicios Turisticos, SERNATUR", "Descripcion": "INSPECCIÓN (CUMPLE INSPECCION, NO INSPECCIONADO, NO CUMPLE INSPECCION): La etiqueta indica el resultado del proceso de inspección obligatorio para los servicios de alojamiento y turismo aventura. Su objetivo es determinar el cumplimiento de lo establecido en la ley de turismo y su reglamento (Decreto N° 19 del 12 de abril de 2018 del ministerio de Economía, Fomento y Turismo). ESTADO DE LA DOCUMENTACIÓN (REGISTRO VIGENTE, REGISTRO NO VIGENTE): Cada servicio registrado debe mantener actualizada la documentación que fue aprobada en el proceso de registro. De acuerdo a lo establecido en el decreto Nº 19 de 2148, el cual establece los requisitos para el registro de cada tipo de servicio, la documentación puede corresponder a la patente comercial temporal o definitiva, certificado de primeros auxilios, certificados de exención, permiso de autoridad competente u otra. https://portalserviciosturisticos.sernatur.cl/", "Ultima Actualizacion del Dato": "Abril 2025" }, "geometry": { "type": "Point", "coordinates": [ -71.4604, -29.24024 ] } },
{ "type": "Feature", "properties": { "fid": 75, "Foto": "http://serviciosturisticos.sernatur.cl/images/noaventura.jpg", "Nombre": "ALFA OMEGA", "Link Sernatur": "https://serviciosturisticos.sernatur.cl/19621-alfa-omega", "Region": "Region de Coquimbo", "Comuna": "La Higuera", "Localidad": "Punta De Choros", "Direccion": "Punta de choros NºS/N, Punta de choros", "Telefono": "+56 9", "Email": "alfaomega2018@gmail.com", "Tipo": "Paseos náuticos - Observación de flora y fauna", "Servicio Cumple Inspeccion": "CUMPLE INSPECCIÓN", "Servicio Cumple Patente": "REGISTRO NO VIGENTE", "Sitio Web": null, "Y": "-29.25045", "X": "-71.46986", "Origen Dato": "Registro Nacional de Servicios Turisticos, SERNATUR", "Descripcion": "INSPECCIÓN (CUMPLE INSPECCION, NO INSPECCIONADO, NO CUMPLE INSPECCION): La etiqueta indica el resultado del proceso de inspección obligatorio para los servicios de alojamiento y turismo aventura. Su objetivo es determinar el cumplimiento de lo establecido en la ley de turismo y su reglamento (Decreto N° 19 del 12 de abril de 2018 del ministerio de Economía, Fomento y Turismo). ESTADO DE LA DOCUMENTACIÓN (REGISTRO VIGENTE, REGISTRO NO VIGENTE): Cada servicio registrado debe mantener actualizada la documentación que fue aprobada en el proceso de registro. De acuerdo a lo establecido en el decreto Nº 19 de 2149, el cual establece los requisitos para el registro de cada tipo de servicio, la documentación puede corresponder a la patente comercial temporal o definitiva, certificado de primeros auxilios, certificados de exención, permiso de autoridad competente u otra. https://portalserviciosturisticos.sernatur.cl/", "Ultima Actualizacion del Dato": "Abril 2025" }, "geometry": { "type": "Point", "coordinates": [ -71.467437105253069, -29.246643026078104 ] } },
{ "type": "Feature", "properties": { "fid": 76, "Foto": "http://serviciosturisticos.sernatur.cl/images/noaventura.jpg", "Nombre": "ALFA OMEGA (OBSERVACION FLORA Y FAUNA)", "Link Sernatur": "https://serviciosturisticos.sernatur.cl/19626-alfa-omega-observacion-flora-y-fauna", "Region": "Region de Coquimbo", "Comuna": "La Higuera", "Localidad": "Punta De Choros", "Direccion": "Punta de choros NºS/N, Punta de choros", "Telefono": "+56 9", "Email": "alfaomega2018@gmail.com", "Tipo": "Observación de flora y fauna", "Servicio Cumple Inspeccion": "CUMPLE INSPECCIÓN", "Servicio Cumple Patente": "REGISTRO NO VIGENTE", "Sitio Web": null, "Y": "-29.25045", "X": "-71.46987", "Origen Dato": "Registro Nacional de Servicios Turisticos, SERNATUR", "Descripcion": "INSPECCIÓN (CUMPLE INSPECCION, NO INSPECCIONADO, NO CUMPLE INSPECCION): La etiqueta indica el resultado del proceso de inspección obligatorio para los servicios de alojamiento y turismo aventura. Su objetivo es determinar el cumplimiento de lo establecido en la ley de turismo y su reglamento (Decreto N° 19 del 12 de abril de 2018 del ministerio de Economía, Fomento y Turismo). ESTADO DE LA DOCUMENTACIÓN (REGISTRO VIGENTE, REGISTRO NO VIGENTE): Cada servicio registrado debe mantener actualizada la documentación que fue aprobada en el proceso de registro. De acuerdo a lo establecido en el decreto Nº 19 de 2150, el cual establece los requisitos para el registro de cada tipo de servicio, la documentación puede corresponder a la patente comercial temporal o definitiva, certificado de primeros auxilios, certificados de exención, permiso de autoridad competente u otra. https://portalserviciosturisticos.sernatur.cl/", "Ultima Actualizacion del Dato": "Abril 2025" }, "geometry": { "type": "Point", "coordinates": [ -71.462967675538962, -29.250090192460501 ] } },
{ "type": "Feature", "properties": { "fid": 77, "Foto": "http://serviciosturisticos.sernatur.cl/folder/empresas/emp_11978883/inscripcion_12782/phpwl7XeO2018051001535.jpg", "Nombre": "ANTONIA ANAIS 2.0 (OBS FLORA Y FAUNA", "Link Sernatur": "https://serviciosturisticos.sernatur.cl/16996-antonia-anais-20-obs-flora-y-fauna", "Region": "Region de Coquimbo", "Comuna": "La Higuera", "Localidad": "Punta De Choros", "Direccion": "Punta de choros NºS/N, Punta de choros", "Telefono": "+56 983394729", "Email": "marcomolinat@yahoo.cl", "Tipo": "Observación de flora y fauna", "Servicio Cumple Inspeccion": "CUMPLE INSPECCIÓN", "Servicio Cumple Patente": "REGISTRO NO VIGENTE", "Sitio Web": null, "Y": "-29.25045", "X": "-71.46988", "Origen Dato": "Registro Nacional de Servicios Turisticos, SERNATUR", "Descripcion": "INSPECCIÓN (CUMPLE INSPECCION, NO INSPECCIONADO, NO CUMPLE INSPECCION): La etiqueta indica el resultado del proceso de inspección obligatorio para los servicios de alojamiento y turismo aventura. Su objetivo es determinar el cumplimiento de lo establecido en la ley de turismo y su reglamento (Decreto N° 19 del 12 de abril de 2018 del ministerio de Economía, Fomento y Turismo). ESTADO DE LA DOCUMENTACIÓN (REGISTRO VIGENTE, REGISTRO NO VIGENTE): Cada servicio registrado debe mantener actualizada la documentación que fue aprobada en el proceso de registro. De acuerdo a lo establecido en el decreto Nº 19 de 2151, el cual establece los requisitos para el registro de cada tipo de servicio, la documentación puede corresponder a la patente comercial temporal o definitiva, certificado de primeros auxilios, certificados de exención, permiso de autoridad competente u otra. https://portalserviciosturisticos.sernatur.cl/", "Ultima Actualizacion del Dato": "Abril 2025" }, "geometry": { "type": "Point", "coordinates": [ -71.467314928945925, -29.246175591922082 ] } },
{ "type": "Feature", "properties": { "fid": 78, "Foto": "http://serviciosturisticos.sernatur.cl/images/noaventura.jpg", "Nombre": "Aventura III", "Link Sernatur": "https://serviciosturisticos.sernatur.cl/19935-aventura-iii", "Region": "Region de Coquimbo", "Comuna": "La Higuera", "Localidad": "Punta De Choros", "Direccion": "Punta de choros NºS/N, Punta de choros", "Telefono": "+56 9 85015624", "Email": "embarcacionaventura3@gmail.com", "Tipo": "Paseos náuticos - Observación de flora y fauna", "Servicio Cumple Inspeccion": "CUMPLE INSPECCIÓN", "Servicio Cumple Patente": "REGISTRO NO VIGENTE", "Sitio Web": null, "Y": "-29.25045", "X": "-71.46989", "Origen Dato": "Registro Nacional de Servicios Turisticos, SERNATUR", "Descripcion": "INSPECCIÓN (CUMPLE INSPECCION, NO INSPECCIONADO, NO CUMPLE INSPECCION): La etiqueta indica el resultado del proceso de inspección obligatorio para los servicios de alojamiento y turismo aventura. Su objetivo es determinar el cumplimiento de lo establecido en la ley de turismo y su reglamento (Decreto N° 19 del 12 de abril de 2018 del ministerio de Economía, Fomento y Turismo). ESTADO DE LA DOCUMENTACIÓN (REGISTRO VIGENTE, REGISTRO NO VIGENTE): Cada servicio registrado debe mantener actualizada la documentación que fue aprobada en el proceso de registro. De acuerdo a lo establecido en el decreto Nº 19 de 2152, el cual establece los requisitos para el registro de cada tipo de servicio, la documentación puede corresponder a la patente comercial temporal o definitiva, certificado de primeros auxilios, certificados de exención, permiso de autoridad competente u otra. https://portalserviciosturisticos.sernatur.cl/", "Ultima Actualizacion del Dato": "Abril 2025" }, "geometry": { "type": "Point", "coordinates": [ -71.467371814863739, -29.246499382114006 ] } },
{ "type": "Feature", "properties": { "fid": 79, "Foto": "http://serviciosturisticos.sernatur.cl/images/noaventura.jpg", "Nombre": "AZUL AZUL", "Link Sernatur": "https://serviciosturisticos.sernatur.cl/19295-azul-azul", "Region": "Region de Coquimbo", "Comuna": "La Higuera", "Localidad": "Punta De Choros", "Direccion": "Punta de choros NºS/N, Punta de choros", "Telefono": "+56 9 40747407", "Email": "azulazul@gmail.com", "Tipo": "Paseos náuticos - Observación de flora y fauna", "Servicio Cumple Inspeccion": "CUMPLE INSPECCIÓN", "Servicio Cumple Patente": "REGISTRO NO VIGENTE", "Sitio Web": null, "Y": "-29.25045", "X": "-71.46991", "Origen Dato": "Registro Nacional de Servicios Turisticos, SERNATUR", "Descripcion": "INSPECCIÓN (CUMPLE INSPECCION, NO INSPECCIONADO, NO CUMPLE INSPECCION): La etiqueta indica el resultado del proceso de inspección obligatorio para los servicios de alojamiento y turismo aventura. Su objetivo es determinar el cumplimiento de lo establecido en la ley de turismo y su reglamento (Decreto N° 19 del 12 de abril de 2018 del ministerio de Economía, Fomento y Turismo). ESTADO DE LA DOCUMENTACIÓN (REGISTRO VIGENTE, REGISTRO NO VIGENTE): Cada servicio registrado debe mantener actualizada la documentación que fue aprobada en el proceso de registro. De acuerdo a lo establecido en el decreto Nº 19 de 2154, el cual establece los requisitos para el registro de cada tipo de servicio, la documentación puede corresponder a la patente comercial temporal o definitiva, certificado de primeros auxilios, certificados de exención, permiso de autoridad competente u otra. https://portalserviciosturisticos.sernatur.cl/", "Ultima Actualizacion del Dato": "Abril 2025" }, "geometry": { "type": "Point", "coordinates": [ -71.46724557724562, -29.246540347531919 ] } },
{ "type": "Feature", "properties": { "fid": 80, "Foto": "http://serviciosturisticos.sernatur.cl/folder/empresas/emp_13875564/inscripcion_35070/phpGwxdTH20181120031107.jpg", "Nombre": "BOB MARLEY", "Link Sernatur": "https://serviciosturisticos.sernatur.cl/19717-bob-marley", "Region": "Region de Coquimbo", "Comuna": "La Higuera", "Localidad": "Punta De Choros", "Direccion": "Punta de choros NºS/N, Punta de choros", "Telefono": "+56 9 85910589", "Email": "embarcacionaguila@gmail.com", "Tipo": "Paseos náuticos - Observación de flora y fauna", "Servicio Cumple Inspeccion": "CUMPLE INSPECCIÓN", "Servicio Cumple Patente": "REGISTRO NO VIGENTE", "Sitio Web": null, "Y": "-29.25045", "X": "-71.46993", "Origen Dato": "Registro Nacional de Servicios Turisticos, SERNATUR", "Descripcion": "INSPECCIÓN (CUMPLE INSPECCION, NO INSPECCIONADO, NO CUMPLE INSPECCION): La etiqueta indica el resultado del proceso de inspección obligatorio para los servicios de alojamiento y turismo aventura. Su objetivo es determinar el cumplimiento de lo establecido en la ley de turismo y su reglamento (Decreto N° 19 del 12 de abril de 2018 del ministerio de Economía, Fomento y Turismo). ESTADO DE LA DOCUMENTACIÓN (REGISTRO VIGENTE, REGISTRO NO VIGENTE): Cada servicio registrado debe mantener actualizada la documentación que fue aprobada en el proceso de registro. De acuerdo a lo establecido en el decreto Nº 19 de 2156, el cual establece los requisitos para el registro de cada tipo de servicio, la documentación puede corresponder a la patente comercial temporal o definitiva, certificado de primeros auxilios, certificados de exención, permiso de autoridad competente u otra. https://portalserviciosturisticos.sernatur.cl/", "Ultima Actualizacion del Dato": "Abril 2025" }, "geometry": { "type": "Point", "coordinates": [ -71.467826777621255, -29.246437127750823 ] } },
{ "type": "Feature", "properties": { "fid": 81, "Foto": "http://serviciosturisticos.sernatur.cl/folder/empresas/emp_76286508/inscripcion_31273/php8cCL7M20171127091107.jpg", "Nombre": "CABAÑAS CASA ANANDA", "Link Sernatur": "https://serviciosturisticos.sernatur.cl/17526-cabanas-casa-ananda", "Region": "Region de Coquimbo", "Comuna": "La Higuera", "Localidad": "Punta De Choros", "Direccion": "Jorge osorio alegria NºS/N, Punta de choros", "Telefono": "(56) 974436913", "Email": "casaanandaterapias@gmail.com", "Tipo": "Cabañas", "Servicio Cumple Inspeccion": "CUMPLE INSPECCIÓN", "Servicio Cumple Patente": "REGISTRO NO VIGENTE", "Sitio Web": "http://www.casaananda.cl/", "Y": "-29.2419487", "X": "-71.4634828", "Origen Dato": "Registro Nacional de Servicios Turisticos, SERNATUR", "Descripcion": "INSPECCIÓN (CUMPLE INSPECCION, NO INSPECCIONADO, NO CUMPLE INSPECCION): La etiqueta indica el resultado del proceso de inspección obligatorio para los servicios de alojamiento y turismo aventura. Su objetivo es determinar el cumplimiento de lo establecido en la ley de turismo y su reglamento (Decreto N° 19 del 12 de abril de 2018 del ministerio de Economía, Fomento y Turismo). ESTADO DE LA DOCUMENTACIÓN (REGISTRO VIGENTE, REGISTRO NO VIGENTE): Cada servicio registrado debe mantener actualizada la documentación que fue aprobada en el proceso de registro. De acuerdo a lo establecido en el decreto Nº 19 de 2158, el cual establece los requisitos para el registro de cada tipo de servicio, la documentación puede corresponder a la patente comercial temporal o definitiva, certificado de primeros auxilios, certificados de exención, permiso de autoridad competente u otra. https://portalserviciosturisticos.sernatur.cl/", "Ultima Actualizacion del Dato": "Abril 2025" }, "geometry": { "type": "Point", "coordinates": [ -71.4634828, -29.2419487 ] } },
{ "type": "Feature", "properties": { "fid": 82, "Foto": "http://serviciosturisticos.sernatur.cl/folder/empresas/emp_13072460/inscripcion_3873/phpx3NwNJ.jpeg", "Nombre": "CABAÑAS EKOS DEL MAR", "Link Sernatur": "https://serviciosturisticos.sernatur.cl/6039-cabanas-ekos-del-mar", "Region": "Region de Coquimbo", "Comuna": "La Higuera", "Localidad": "Punta De Choros", "Direccion": "Playa las conchitas NºS/N, Punta de choros", "Telefono": "(56) 996571439", "Email": "cacoandrea36@gmail.com", "Tipo": "Cabañas", "Servicio Cumple Inspeccion": "CUMPLE INSPECCIÓN", "Servicio Cumple Patente": "REGISTRO NO VIGENTE", "Sitio Web": null, "Y": "-29.25522", "X": "-71.44809", "Origen Dato": "Registro Nacional de Servicios Turisticos, SERNATUR", "Descripcion": "INSPECCIÓN (CUMPLE INSPECCION, NO INSPECCIONADO, NO CUMPLE INSPECCION): La etiqueta indica el resultado del proceso de inspección obligatorio para los servicios de alojamiento y turismo aventura. Su objetivo es determinar el cumplimiento de lo establecido en la ley de turismo y su reglamento (Decreto N° 19 del 12 de abril de 2018 del ministerio de Economía, Fomento y Turismo). ESTADO DE LA DOCUMENTACIÓN (REGISTRO VIGENTE, REGISTRO NO VIGENTE): Cada servicio registrado debe mantener actualizada la documentación que fue aprobada en el proceso de registro. De acuerdo a lo establecido en el decreto Nº 19 de 2159, el cual establece los requisitos para el registro de cada tipo de servicio, la documentación puede corresponder a la patente comercial temporal o definitiva, certificado de primeros auxilios, certificados de exención, permiso de autoridad competente u otra. https://portalserviciosturisticos.sernatur.cl/", "Ultima Actualizacion del Dato": "Abril 2025" }, "geometry": { "type": "Point", "coordinates": [ -71.44809, -29.25522 ] } },
{ "type": "Feature", "properties": { "fid": 83, "Foto": "http://serviciosturisticos.sernatur.cl/folder/empresas/emp_5474342/inscripcion_3859/phpCUbjjC2016041512438.jpg", "Nombre": "CABAÑAS LAS HUALAS", "Link Sernatur": "https://serviciosturisticos.sernatur.cl/3356-cabanas-las-hualas", "Region": "Region de Coquimbo", "Comuna": "La Higuera", "Localidad": "Punta De Choros", "Direccion": "Punta de choros norte Nº86, Punta de choros", "Telefono": "(56) 985993304", "Email": "info@lashualas.cl", "Tipo": "Cabañas", "Servicio Cumple Inspeccion": "CUMPLE INSPECCIÓN", "Servicio Cumple Patente": "REGISTRO NO VIGENTE", "Sitio Web": "http://www.lashualas.cl/", "Y": "-29.24024", "X": "-71.4604", "Origen Dato": "Registro Nacional de Servicios Turisticos, SERNATUR", "Descripcion": "INSPECCIÓN (CUMPLE INSPECCION, NO INSPECCIONADO, NO CUMPLE INSPECCION): La etiqueta indica el resultado del proceso de inspección obligatorio para los servicios de alojamiento y turismo aventura. Su objetivo es determinar el cumplimiento de lo establecido en la ley de turismo y su reglamento (Decreto N° 19 del 12 de abril de 2018 del ministerio de Economía, Fomento y Turismo). ESTADO DE LA DOCUMENTACIÓN (REGISTRO VIGENTE, REGISTRO NO VIGENTE): Cada servicio registrado debe mantener actualizada la documentación que fue aprobada en el proceso de registro. De acuerdo a lo establecido en el decreto Nº 19 de 2160, el cual establece los requisitos para el registro de cada tipo de servicio, la documentación puede corresponder a la patente comercial temporal o definitiva, certificado de primeros auxilios, certificados de exención, permiso de autoridad competente u otra. https://portalserviciosturisticos.sernatur.cl/", "Ultima Actualizacion del Dato": "Abril 2025" }, "geometry": { "type": "Point", "coordinates": [ -71.4604, -29.24024 ] } },
{ "type": "Feature", "properties": { "fid": 84, "Foto": "http://serviciosturisticos.sernatur.cl/folder/empresas/emp_5023067/inscripcion_2023/phpsvvRRF2013011709104.jpg", "Nombre": "CABAÑAS MEMO RUZ", "Link Sernatur": "https://serviciosturisticos.sernatur.cl/745-cabanas-memo-ruz", "Region": "Region de Coquimbo", "Comuna": "La Higuera", "Localidad": "Punta De Choros", "Direccion": "Punta de choros NºS/N, Punta de choros", "Telefono": "(56) 995343644", "Email": "memoruz@gmail.com", "Tipo": "Camping o recinto de campamento", "Servicio Cumple Inspeccion": "CUMPLE INSPECCIÓN", "Servicio Cumple Patente": "REGISTRO NO VIGENTE", "Sitio Web": "http://www.memoruz.cl/", "Y": "-29.2413", "X": "-71.45046", "Origen Dato": "Registro Nacional de Servicios Turisticos, SERNATUR", "Descripcion": "INSPECCIÓN (CUMPLE INSPECCION, NO INSPECCIONADO, NO CUMPLE INSPECCION): La etiqueta indica el resultado del proceso de inspección obligatorio para los servicios de alojamiento y turismo aventura. Su objetivo es determinar el cumplimiento de lo establecido en la ley de turismo y su reglamento (Decreto N° 19 del 12 de abril de 2018 del ministerio de Economía, Fomento y Turismo). ESTADO DE LA DOCUMENTACIÓN (REGISTRO VIGENTE, REGISTRO NO VIGENTE): Cada servicio registrado debe mantener actualizada la documentación que fue aprobada en el proceso de registro. De acuerdo a lo establecido en el decreto Nº 19 de 2161, el cual establece los requisitos para el registro de cada tipo de servicio, la documentación puede corresponder a la patente comercial temporal o definitiva, certificado de primeros auxilios, certificados de exención, permiso de autoridad competente u otra. https://portalserviciosturisticos.sernatur.cl/", "Ultima Actualizacion del Dato": "Abril 2025" }, "geometry": { "type": "Point", "coordinates": [ -71.45046, -29.2413 ] } },
{ "type": "Feature", "properties": { "fid": 85, "Foto": "http://serviciosturisticos.sernatur.cl/folder/empresas/emp_77467410/inscripcion_12999/phpuAvrdD2013062504605.jpg", "Nombre": "Cabañas Punta de Choros", "Link Sernatur": "https://serviciosturisticos.sernatur.cl/7357-cabanas-punta-de-choros", "Region": "Region de Coquimbo", "Comuna": "La Higuera", "Localidad": "Punta De Choros", "Direccion": "Av. los de aguirre s/n manzana f lote 7 NºS/N, Punta de choros", "Telefono": "09-95424842 / 051-2225784 / 051-2213426", "Email": "iduya@puntadechoros.cl", "Tipo": "Cabañas", "Servicio Cumple Inspeccion": "CUMPLE INSPECCIÓN", "Servicio Cumple Patente": "REGISTRO NO VIGENTE", "Sitio Web": "http://www.puntadechoros.cl/", "Y": "-29.248658", "X": "-71.461446", "Origen Dato": "Registro Nacional de Servicios Turisticos, SERNATUR", "Descripcion": "INSPECCIÓN (CUMPLE INSPECCION, NO INSPECCIONADO, NO CUMPLE INSPECCION): La etiqueta indica el resultado del proceso de inspección obligatorio para los servicios de alojamiento y turismo aventura. Su objetivo es determinar el cumplimiento de lo establecido en la ley de turismo y su reglamento (Decreto N° 19 del 12 de abril de 2018 del ministerio de Economía, Fomento y Turismo). ESTADO DE LA DOCUMENTACIÓN (REGISTRO VIGENTE, REGISTRO NO VIGENTE): Cada servicio registrado debe mantener actualizada la documentación que fue aprobada en el proceso de registro. De acuerdo a lo establecido en el decreto Nº 19 de 2162, el cual establece los requisitos para el registro de cada tipo de servicio, la documentación puede corresponder a la patente comercial temporal o definitiva, certificado de primeros auxilios, certificados de exención, permiso de autoridad competente u otra. https://portalserviciosturisticos.sernatur.cl/", "Ultima Actualizacion del Dato": "Abril 2025" }, "geometry": { "type": "Point", "coordinates": [ -71.461446, -29.248658 ] } },
{ "type": "Feature", "properties": { "fid": 86, "Foto": "http://serviciosturisticos.sernatur.cl/folder/empresas/emp_76216809/inscripcion_11306/phpdGkctO2016042702425.jpg", "Nombre": "CAMPING LA TORRE", "Link Sernatur": "https://serviciosturisticos.sernatur.cl/6076-camping-la-torre", "Region": "Region de Coquimbo", "Comuna": "La Higuera", "Localidad": "Punta De Choros", "Direccion": "Goce singular Nº48, Punta de choros", "Telefono": "+56 9 74805551", "Email": "malcayaga@gmail.com", "Tipo": "Camping o recinto de campamento", "Servicio Cumple Inspeccion": "CUMPLE INSPECCIÓN", "Servicio Cumple Patente": "REGISTRO NO VIGENTE", "Sitio Web": "http://www.campinglatorre.cl/", "Y": "-29.249029895503416", "X": " -71.46908734755142", "Origen Dato": "Registro Nacional de Servicios Turisticos, SERNATUR", "Descripcion": "INSPECCIÓN (CUMPLE INSPECCION, NO INSPECCIONADO, NO CUMPLE INSPECCION): La etiqueta indica el resultado del proceso de inspección obligatorio para los servicios de alojamiento y turismo aventura. Su objetivo es determinar el cumplimiento de lo establecido en la ley de turismo y su reglamento (Decreto N° 19 del 12 de abril de 2018 del ministerio de Economía, Fomento y Turismo). ESTADO DE LA DOCUMENTACIÓN (REGISTRO VIGENTE, REGISTRO NO VIGENTE): Cada servicio registrado debe mantener actualizada la documentación que fue aprobada en el proceso de registro. De acuerdo a lo establecido en el decreto Nº 19 de 2163, el cual establece los requisitos para el registro de cada tipo de servicio, la documentación puede corresponder a la patente comercial temporal o definitiva, certificado de primeros auxilios, certificados de exención, permiso de autoridad competente u otra. https://portalserviciosturisticos.sernatur.cl/", "Ultima Actualizacion del Dato": "Abril 2025" }, "geometry": { "type": "Point", "coordinates": [ -71.469087347551422, -29.249029895503416 ] } },
{ "type": "Feature", "properties": { "fid": 87, "Foto": "http://serviciosturisticos.sernatur.cl/folder/empresas/emp_5023067/inscripcion_8323/phpXfSkx62013011709152.jpg", "Nombre": "CAMPING MEMO RUZ", "Link Sernatur": "https://serviciosturisticos.sernatur.cl/4802-camping-memo-ruz", "Region": "Region de Coquimbo", "Comuna": "La Higuera", "Localidad": "Punta De Choros", "Direccion": "Punta de choros NºS/N, Punta de choros", "Telefono": "(56) 995343644", "Email": "memoruz@gmail.com", "Tipo": "Camping o recinto de campamento", "Servicio Cumple Inspeccion": "CUMPLE INSPECCIÓN", "Servicio Cumple Patente": "REGISTRO NO VIGENTE", "Sitio Web": "http://www.memoruz.cl/", "Y": "-29.2413", "X": "-71.45046", "Origen Dato": "Registro Nacional de Servicios Turisticos, SERNATUR", "Descripcion": "INSPECCIÓN (CUMPLE INSPECCION, NO INSPECCIONADO, NO CUMPLE INSPECCION): La etiqueta indica el resultado del proceso de inspección obligatorio para los servicios de alojamiento y turismo aventura. Su objetivo es determinar el cumplimiento de lo establecido en la ley de turismo y su reglamento (Decreto N° 19 del 12 de abril de 2018 del ministerio de Economía, Fomento y Turismo). ESTADO DE LA DOCUMENTACIÓN (REGISTRO VIGENTE, REGISTRO NO VIGENTE): Cada servicio registrado debe mantener actualizada la documentación que fue aprobada en el proceso de registro. De acuerdo a lo establecido en el decreto Nº 19 de 2164, el cual establece los requisitos para el registro de cada tipo de servicio, la documentación puede corresponder a la patente comercial temporal o definitiva, certificado de primeros auxilios, certificados de exención, permiso de autoridad competente u otra. https://portalserviciosturisticos.sernatur.cl/", "Ultima Actualizacion del Dato": "Abril 2025" }, "geometry": { "type": "Point", "coordinates": [ -71.46491878838205, -29.245333004024566 ] } },
{ "type": "Feature", "properties": { "fid": 88, "Foto": "http://serviciosturisticos.sernatur.cl/folder/empresas/emp_5139181/inscripcion_14092/phpXzCXYP2016042705450.jpg", "Nombre": "CAMPING TITIN", "Link Sernatur": "https://serviciosturisticos.sernatur.cl/9134-camping-titin", "Region": "Region de Coquimbo", "Comuna": "La Higuera", "Localidad": "Punta De Choros", "Direccion": "Lado sur conaf NºS/N, Punta de choros", "Telefono": "+56 9 96631592", "Email": "campingtitin@hotmail.com", "Tipo": "Camping o recinto de campamento", "Servicio Cumple Inspeccion": "CUMPLE INSPECCIÓN", "Servicio Cumple Patente": "REGISTRO NO VIGENTE", "Sitio Web": null, "Y": "-29.24855", "X": "-71.46861", "Origen Dato": "Registro Nacional de Servicios Turisticos, SERNATUR", "Descripcion": "INSPECCIÓN (CUMPLE INSPECCION, NO INSPECCIONADO, NO CUMPLE INSPECCION): La etiqueta indica el resultado del proceso de inspección obligatorio para los servicios de alojamiento y turismo aventura. Su objetivo es determinar el cumplimiento de lo establecido en la ley de turismo y su reglamento (Decreto N° 19 del 12 de abril de 2018 del ministerio de Economía, Fomento y Turismo). ESTADO DE LA DOCUMENTACIÓN (REGISTRO VIGENTE, REGISTRO NO VIGENTE): Cada servicio registrado debe mantener actualizada la documentación que fue aprobada en el proceso de registro. De acuerdo a lo establecido en el decreto Nº 19 de 2165, el cual establece los requisitos para el registro de cada tipo de servicio, la documentación puede corresponder a la patente comercial temporal o definitiva, certificado de primeros auxilios, certificados de exención, permiso de autoridad competente u otra. https://portalserviciosturisticos.sernatur.cl/", "Ultima Actualizacion del Dato": "Abril 2025" }, "geometry": { "type": "Point", "coordinates": [ -71.46861, -29.24855 ] } },
{ "type": "Feature", "properties": { "fid": 89, "Foto": "http://serviciosturisticos.sernatur.cl/folder/empresas/emp_5139181/inscripcion_18135/phpO1Ng9v2017011109127.jpg", "Nombre": "CAMPING Y CABAÑAS TITIN", "Link Sernatur": "https://serviciosturisticos.sernatur.cl/15292-camping-y-cabanas-titin", "Region": "Region de Coquimbo", "Comuna": "La Higuera", "Localidad": "Punta De Choros", "Direccion": "Lado sur conaf NºS/N, Punta de choros", "Telefono": "+56 9 96631592", "Email": "campingtitin@hotmail.com", "Tipo": "Cabañas", "Servicio Cumple Inspeccion": "CUMPLE INSPECCIÓN", "Servicio Cumple Patente": "REGISTRO NO VIGENTE", "Sitio Web": null, "Y": "-29.24855", "X": "-71.46861", "Origen Dato": "Registro Nacional de Servicios Turisticos, SERNATUR", "Descripcion": "INSPECCIÓN (CUMPLE INSPECCION, NO INSPECCIONADO, NO CUMPLE INSPECCION): La etiqueta indica el resultado del proceso de inspección obligatorio para los servicios de alojamiento y turismo aventura. Su objetivo es determinar el cumplimiento de lo establecido en la ley de turismo y su reglamento (Decreto N° 19 del 12 de abril de 2018 del ministerio de Economía, Fomento y Turismo). ESTADO DE LA DOCUMENTACIÓN (REGISTRO VIGENTE, REGISTRO NO VIGENTE): Cada servicio registrado debe mantener actualizada la documentación que fue aprobada en el proceso de registro. De acuerdo a lo establecido en el decreto Nº 19 de 2166, el cual establece los requisitos para el registro de cada tipo de servicio, la documentación puede corresponder a la patente comercial temporal o definitiva, certificado de primeros auxilios, certificados de exención, permiso de autoridad competente u otra. https://portalserviciosturisticos.sernatur.cl/", "Ultima Actualizacion del Dato": "Abril 2025" }, "geometry": { "type": "Point", "coordinates": [ -71.46861, -29.24855 ] } },
{ "type": "Feature", "properties": { "fid": 90, "Foto": "http://serviciosturisticos.sernatur.cl/folder/empresas/emp_6303448/inscripcion_1238/phpcU4M2x2013012809155.jpg", "Nombre": "CAMPO LOS OLIVOS EL OASIS (LOS CHOROS)", "Link Sernatur": "https://serviciosturisticos.sernatur.cl/216-campo-los-olivos-el-oasis-los-choros", "Region": "Region de Coquimbo", "Comuna": "La Higuera", "Localidad": "Punta De Choros", "Direccion": "Hijuelas Nº2, Punta de choros", "Telefono": "+56 9 94442593", "Email": "anamaria.ossandon@gmail.com", "Tipo": "Camping o recinto de campamento", "Servicio Cumple Inspeccion": "CUMPLE INSPECCIÓN", "Servicio Cumple Patente": "REGISTRO NO VIGENTE", "Sitio Web": "http://www.cabanaseloasis.cl/", "Y": "-29.24329", "X": "-71.45971", "Origen Dato": "Registro Nacional de Servicios Turisticos, SERNATUR", "Descripcion": "INSPECCIÓN (CUMPLE INSPECCION, NO INSPECCIONADO, NO CUMPLE INSPECCION): La etiqueta indica el resultado del proceso de inspección obligatorio para los servicios de alojamiento y turismo aventura. Su objetivo es determinar el cumplimiento de lo establecido en la ley de turismo y su reglamento (Decreto N° 19 del 12 de abril de 2018 del ministerio de Economía, Fomento y Turismo). ESTADO DE LA DOCUMENTACIÓN (REGISTRO VIGENTE, REGISTRO NO VIGENTE): Cada servicio registrado debe mantener actualizada la documentación que fue aprobada en el proceso de registro. De acuerdo a lo establecido en el decreto Nº 19 de 2167, el cual establece los requisitos para el registro de cada tipo de servicio, la documentación puede corresponder a la patente comercial temporal o definitiva, certificado de primeros auxilios, certificados de exención, permiso de autoridad competente u otra. https://portalserviciosturisticos.sernatur.cl/", "Ultima Actualizacion del Dato": "Abril 2025" }, "geometry": { "type": "Point", "coordinates": [ -71.45971, -29.24329 ] } },
{ "type": "Feature", "properties": { "fid": 91, "Foto": "http://serviciosturisticos.sernatur.cl/folder/empresas/emp_6303448/inscripcion_6887/phpvLBfBl2013012809158.jpg", "Nombre": "CAMPO LOS OLIVOS EL OASIS (LOS CHOROS)", "Link Sernatur": "https://serviciosturisticos.sernatur.cl/3410-campo-los-olivos-el-oasis-los-choros", "Region": "Region de Coquimbo", "Comuna": "La Higuera", "Localidad": "Punta De Choros", "Direccion": "Hijuelas Nº2, Los choros", "Telefono": "+56 9 94442593", "Email": "anamaria.ossandon@gmail.com", "Tipo": "Hostal", "Servicio Cumple Inspeccion": "CUMPLE INSPECCIÓN", "Servicio Cumple Patente": "REGISTRO NO VIGENTE", "Sitio Web": "http://www.cabanaseloasis.cl/", "Y": "-29.24329", "X": "-71.45971", "Origen Dato": "Registro Nacional de Servicios Turisticos, SERNATUR", "Descripcion": "INSPECCIÓN (CUMPLE INSPECCION, NO INSPECCIONADO, NO CUMPLE INSPECCION): La etiqueta indica el resultado del proceso de inspección obligatorio para los servicios de alojamiento y turismo aventura. Su objetivo es determinar el cumplimiento de lo establecido en la ley de turismo y su reglamento (Decreto N° 19 del 12 de abril de 2018 del ministerio de Economía, Fomento y Turismo). ESTADO DE LA DOCUMENTACIÓN (REGISTRO VIGENTE, REGISTRO NO VIGENTE): Cada servicio registrado debe mantener actualizada la documentación que fue aprobada en el proceso de registro. De acuerdo a lo establecido en el decreto Nº 19 de 2168, el cual establece los requisitos para el registro de cada tipo de servicio, la documentación puede corresponder a la patente comercial temporal o definitiva, certificado de primeros auxilios, certificados de exención, permiso de autoridad competente u otra. https://portalserviciosturisticos.sernatur.cl/", "Ultima Actualizacion del Dato": "Abril 2025" }, "geometry": { "type": "Point", "coordinates": [ -71.45971, -29.24329 ] } },
{ "type": "Feature", "properties": { "fid": 92, "Foto": "http://serviciosturisticos.sernatur.cl/folder/empresas/emp_6303448/inscripcion_6886/phpBpxq502013012809115.jpg", "Nombre": "CAMPO LOS OLIVOS EL OASIS (LOS CHOROS)", "Link Sernatur": "https://serviciosturisticos.sernatur.cl/3411-campo-los-olivos-el-oasis-los-choros", "Region": "Region de Coquimbo", "Comuna": "La Higuera", "Localidad": "Punta De Choros", "Direccion": "Hijuelas Nº2, Los choros", "Telefono": "+56 9 94442593", "Email": "anamaria.ossandon@gmail.com", "Tipo": "Cabañas", "Servicio Cumple Inspeccion": "CUMPLE INSPECCIÓN", "Servicio Cumple Patente": "REGISTRO NO VIGENTE", "Sitio Web": "http://www.cabanaseloasis.cl/", "Y": "-29.24329", "X": "-71.45971", "Origen Dato": "Registro Nacional de Servicios Turisticos, SERNATUR", "Descripcion": "INSPECCIÓN (CUMPLE INSPECCION, NO INSPECCIONADO, NO CUMPLE INSPECCION): La etiqueta indica el resultado del proceso de inspección obligatorio para los servicios de alojamiento y turismo aventura. Su objetivo es determinar el cumplimiento de lo establecido en la ley de turismo y su reglamento (Decreto N° 19 del 12 de abril de 2018 del ministerio de Economía, Fomento y Turismo). ESTADO DE LA DOCUMENTACIÓN (REGISTRO VIGENTE, REGISTRO NO VIGENTE): Cada servicio registrado debe mantener actualizada la documentación que fue aprobada en el proceso de registro. De acuerdo a lo establecido en el decreto Nº 19 de 2169, el cual establece los requisitos para el registro de cada tipo de servicio, la documentación puede corresponder a la patente comercial temporal o definitiva, certificado de primeros auxilios, certificados de exención, permiso de autoridad competente u otra. https://portalserviciosturisticos.sernatur.cl/", "Ultima Actualizacion del Dato": "Abril 2025" }, "geometry": { "type": "Point", "coordinates": [ -71.45971, -29.24329 ] } },
{ "type": "Feature", "properties": { "fid": 93, "Foto": "http://serviciosturisticos.sernatur.cl/images/noaventura.jpg", "Nombre": "CHAMULLO III", "Link Sernatur": "https://serviciosturisticos.sernatur.cl/19648-chamullo-iii", "Region": "Region de Coquimbo", "Comuna": "La Higuera", "Localidad": "Punta De Choros", "Direccion": "Punta de choros NºS/N, Punta de choros", "Telefono": "+56 9", "Email": "chamullo2018@gmail.com", "Tipo": "Observación de flora y fauna", "Servicio Cumple Inspeccion": "CUMPLE INSPECCIÓN", "Servicio Cumple Patente": "REGISTRO NO VIGENTE", "Sitio Web": null, "Y": "-29.25045", "X": "-71.46983", "Origen Dato": "Registro Nacional de Servicios Turisticos, SERNATUR", "Descripcion": "INSPECCIÓN (CUMPLE INSPECCION, NO INSPECCIONADO, NO CUMPLE INSPECCION): La etiqueta indica el resultado del proceso de inspección obligatorio para los servicios de alojamiento y turismo aventura. Su objetivo es determinar el cumplimiento de lo establecido en la ley de turismo y su reglamento (Decreto N° 19 del 12 de abril de 2018 del ministerio de Economía, Fomento y Turismo). ESTADO DE LA DOCUMENTACIÓN (REGISTRO VIGENTE, REGISTRO NO VIGENTE): Cada servicio registrado debe mantener actualizada la documentación que fue aprobada en el proceso de registro. De acuerdo a lo establecido en el decreto Nº 19 de 2170, el cual establece los requisitos para el registro de cada tipo de servicio, la documentación puede corresponder a la patente comercial temporal o definitiva, certificado de primeros auxilios, certificados de exención, permiso de autoridad competente u otra. https://portalserviciosturisticos.sernatur.cl/", "Ultima Actualizacion del Dato": "Abril 2025" }, "geometry": { "type": "Point", "coordinates": [ -71.46767702330952, -29.246253780316824 ] } },
{ "type": "Feature", "properties": { "fid": 94, "Foto": "http://serviciosturisticos.sernatur.cl/folder/empresas/emp_10707201/inscripcion_35355/phpoTHz2M20181120041116.jpg", "Nombre": "Diamante Blanco", "Link Sernatur": "https://serviciosturisticos.sernatur.cl/19884-diamante-blanco", "Region": "Region de Coquimbo", "Comuna": "La Higuera", "Localidad": "Punta De Choros", "Direccion": "Punta de choros NºS/N, Punta de choros", "Telefono": "+56 954017559", "Email": "embarcaciondiamanteblanco@gmail.com", "Tipo": "Observación de flora y fauna", "Servicio Cumple Inspeccion": "CUMPLE INSPECCIÓN", "Servicio Cumple Patente": "REGISTRO NO VIGENTE", "Sitio Web": null, "Y": "-29.25045", "X": "-71.46984", "Origen Dato": "Registro Nacional de Servicios Turisticos, SERNATUR", "Descripcion": "INSPECCIÓN (CUMPLE INSPECCION, NO INSPECCIONADO, NO CUMPLE INSPECCION): La etiqueta indica el resultado del proceso de inspección obligatorio para los servicios de alojamiento y turismo aventura. Su objetivo es determinar el cumplimiento de lo establecido en la ley de turismo y su reglamento (Decreto N° 19 del 12 de abril de 2018 del ministerio de Economía, Fomento y Turismo). ESTADO DE LA DOCUMENTACIÓN (REGISTRO VIGENTE, REGISTRO NO VIGENTE): Cada servicio registrado debe mantener actualizada la documentación que fue aprobada en el proceso de registro. De acuerdo a lo establecido en el decreto Nº 19 de 2171, el cual establece los requisitos para el registro de cada tipo de servicio, la documentación puede corresponder a la patente comercial temporal o definitiva, certificado de primeros auxilios, certificados de exención, permiso de autoridad competente u otra. https://portalserviciosturisticos.sernatur.cl/", "Ultima Actualizacion del Dato": "Abril 2025" }, "geometry": { "type": "Point", "coordinates": [ -71.468319348092606, -29.246546167347894 ] } },
{ "type": "Feature", "properties": { "fid": 95, "Foto": "http://serviciosturisticos.sernatur.cl/folder/empresas/emp_10787641/inscripcion_34191/phpE7fjMp20181115111110.jpg", "Nombre": "DOMINIQUE", "Link Sernatur": "https://serviciosturisticos.sernatur.cl/19172-dominique", "Region": "Region de Coquimbo", "Comuna": "La Higuera", "Localidad": "Punta De Choros", "Direccion": "Punta de choros NºS/N, Punta de choros", "Telefono": "+56 998295639", "Email": "dominique18@gmail.com", "Tipo": "Paseos náuticos - Observación de flora y fauna", "Servicio Cumple Inspeccion": "CUMPLE INSPECCIÓN", "Servicio Cumple Patente": "REGISTRO NO VIGENTE", "Sitio Web": null, "Y": "-29.25045", "X": "-71.46985", "Origen Dato": "Registro Nacional de Servicios Turisticos, SERNATUR", "Descripcion": "INSPECCIÓN (CUMPLE INSPECCION, NO INSPECCIONADO, NO CUMPLE INSPECCION): La etiqueta indica el resultado del proceso de inspección obligatorio para los servicios de alojamiento y turismo aventura. Su objetivo es determinar el cumplimiento de lo establecido en la ley de turismo y su reglamento (Decreto N° 19 del 12 de abril de 2018 del ministerio de Economía, Fomento y Turismo). ESTADO DE LA DOCUMENTACIÓN (REGISTRO VIGENTE, REGISTRO NO VIGENTE): Cada servicio registrado debe mantener actualizada la documentación que fue aprobada en el proceso de registro. De acuerdo a lo establecido en el decreto Nº 19 de 2172, el cual establece los requisitos para el registro de cada tipo de servicio, la documentación puede corresponder a la patente comercial temporal o definitiva, certificado de primeros auxilios, certificados de exención, permiso de autoridad competente u otra. https://portalserviciosturisticos.sernatur.cl/", "Ultima Actualizacion del Dato": "Abril 2025" }, "geometry": { "type": "Point", "coordinates": [ -71.467221036800225, -29.246388340966224 ] } },
{ "type": "Feature", "properties": { "fid": 96, "Foto": "http://serviciosturisticos.sernatur.cl/folder/empresas/emp_76511544/inscripcion_36395/phpeVn5rV.jpeg", "Nombre": "DOMOS KUNZA KAMANCHACOS", "Link Sernatur": "https://serviciosturisticos.sernatur.cl/20530-domos-kunza-kamanchacos", "Region": "Region de Coquimbo", "Comuna": "La Higuera", "Localidad": "Punta De Choros", "Direccion": "Goce singular Nº108, Punta de choros", "Telefono": "(56) 968454729", "Email": "auro91@hotmail.com", "Tipo": "Cabañas", "Servicio Cumple Inspeccion": "CUMPLE INSPECCIÓN", "Servicio Cumple Patente": "REGISTRO NO VIGENTE", "Sitio Web": "http://www.domoskunzakamanchacos.cl/", "Y": "-29.2413", "X": "-71.45046", "Origen Dato": "Registro Nacional de Servicios Turisticos, SERNATUR", "Descripcion": "INSPECCIÓN (CUMPLE INSPECCION, NO INSPECCIONADO, NO CUMPLE INSPECCION): La etiqueta indica el resultado del proceso de inspección obligatorio para los servicios de alojamiento y turismo aventura. Su objetivo es determinar el cumplimiento de lo establecido en la ley de turismo y su reglamento (Decreto N° 19 del 12 de abril de 2018 del ministerio de Economía, Fomento y Turismo). ESTADO DE LA DOCUMENTACIÓN (REGISTRO VIGENTE, REGISTRO NO VIGENTE): Cada servicio registrado debe mantener actualizada la documentación que fue aprobada en el proceso de registro. De acuerdo a lo establecido en el decreto Nº 19 de 2174, el cual establece los requisitos para el registro de cada tipo de servicio, la documentación puede corresponder a la patente comercial temporal o definitiva, certificado de primeros auxilios, certificados de exención, permiso de autoridad competente u otra. https://portalserviciosturisticos.sernatur.cl/", "Ultima Actualizacion del Dato": "Abril 2025" }, "geometry": { "type": "Point", "coordinates": [ -71.45046, -29.2413 ] } },
{ "type": "Feature", "properties": { "fid": 97, "Foto": "http://serviciosturisticos.sernatur.cl/images/noaventura.jpg", "Nombre": "Duban Alexis", "Link Sernatur": "https://serviciosturisticos.sernatur.cl/19923-duban-alexis", "Region": "Region de Coquimbo", "Comuna": "La Higuera", "Localidad": "Punta De Choros", "Direccion": "Punta de choros NºS/N, Punta de choros", "Telefono": "+56 931015528", "Email": "embarcaciondubanalexis@gmail.com", "Tipo": "Paseos náuticos - Observación de flora y fauna", "Servicio Cumple Inspeccion": "CUMPLE INSPECCIÓN", "Servicio Cumple Patente": "REGISTRO NO VIGENTE", "Sitio Web": null, "Y": "-29.25045", "X": "-71.46985", "Origen Dato": "Registro Nacional de Servicios Turisticos, SERNATUR", "Descripcion": "INSPECCIÓN (CUMPLE INSPECCION, NO INSPECCIONADO, NO CUMPLE INSPECCION): La etiqueta indica el resultado del proceso de inspección obligatorio para los servicios de alojamiento y turismo aventura. Su objetivo es determinar el cumplimiento de lo establecido en la ley de turismo y su reglamento (Decreto N° 19 del 12 de abril de 2018 del ministerio de Economía, Fomento y Turismo). ESTADO DE LA DOCUMENTACIÓN (REGISTRO VIGENTE, REGISTRO NO VIGENTE): Cada servicio registrado debe mantener actualizada la documentación que fue aprobada en el proceso de registro. De acuerdo a lo establecido en el decreto Nº 19 de 2175, el cual establece los requisitos para el registro de cada tipo de servicio, la documentación puede corresponder a la patente comercial temporal o definitiva, certificado de primeros auxilios, certificados de exención, permiso de autoridad competente u otra. https://portalserviciosturisticos.sernatur.cl/", "Ultima Actualizacion del Dato": "Abril 2025" }, "geometry": { "type": "Point", "coordinates": [ -71.467699108025556, -29.246340137286428 ] } },
{ "type": "Feature", "properties": { "fid": 98, "Foto": "http://serviciosturisticos.sernatur.cl/folder/empresas/emp_5909129/inscripcion_33454/phpPX8s5S20181120041135.jpg", "Nombre": "EL MILTON", "Link Sernatur": "https://serviciosturisticos.sernatur.cl/18782-el-milton", "Region": "Region de Coquimbo", "Comuna": "La Higuera", "Localidad": "Punta De Choros", "Direccion": "Punta de choros NºS/N, Punta de choros", "Telefono": "+56 958908141", "Email": "embarcacionelmilton@gmail.com", "Tipo": "Paseos náuticos - Observación de flora y fauna", "Servicio Cumple Inspeccion": "CUMPLE INSPECCIÓN", "Servicio Cumple Patente": "REGISTRO NO VIGENTE", "Sitio Web": null, "Y": "-29.25045", "X": "-71.46987", "Origen Dato": "Registro Nacional de Servicios Turisticos, SERNATUR", "Descripcion": "INSPECCIÓN (CUMPLE INSPECCION, NO INSPECCIONADO, NO CUMPLE INSPECCION): La etiqueta indica el resultado del proceso de inspección obligatorio para los servicios de alojamiento y turismo aventura. Su objetivo es determinar el cumplimiento de lo establecido en la ley de turismo y su reglamento (Decreto N° 19 del 12 de abril de 2018 del ministerio de Economía, Fomento y Turismo). ESTADO DE LA DOCUMENTACIÓN (REGISTRO VIGENTE, REGISTRO NO VIGENTE): Cada servicio registrado debe mantener actualizada la documentación que fue aprobada en el proceso de registro. De acuerdo a lo establecido en el decreto Nº 19 de 2177, el cual establece los requisitos para el registro de cada tipo de servicio, la documentación puede corresponder a la patente comercial temporal o definitiva, certificado de primeros auxilios, certificados de exención, permiso de autoridad competente u otra. https://portalserviciosturisticos.sernatur.cl/", "Ultima Actualizacion del Dato": "Abril 2025" }, "geometry": { "type": "Point", "coordinates": [ -71.467978765805796, -29.246493134416156 ] } },
{ "type": "Feature", "properties": { "fid": 99, "Foto": "http://serviciosturisticos.sernatur.cl/images/noaventura.jpg", "Nombre": "FOREVER CRISTIAN JORDANO (OBS. FLORA Y FAUNA)", "Link Sernatur": "https://serviciosturisticos.sernatur.cl/7315-forever-cristian-jordano-obs-flora-y-fauna", "Region": "Region de Coquimbo", "Comuna": "La Higuera", "Localidad": "Punta De Choros", "Direccion": "Manzana j, sitio 88 NºS/N, Punta de choros", "Telefono": "+56 976143104", "Email": "christiancortescortes@gmail.com", "Tipo": "Observación de flora y fauna", "Servicio Cumple Inspeccion": "CUMPLE INSPECCIÓN", "Servicio Cumple Patente": "REGISTRO NO VIGENTE", "Sitio Web": null, "Y": "-29.25045", "X": "-71.46989", "Origen Dato": "Registro Nacional de Servicios Turisticos, SERNATUR", "Descripcion": "INSPECCIÓN (CUMPLE INSPECCION, NO INSPECCIONADO, NO CUMPLE INSPECCION): La etiqueta indica el resultado del proceso de inspección obligatorio para los servicios de alojamiento y turismo aventura. Su objetivo es determinar el cumplimiento de lo establecido en la ley de turismo y su reglamento (Decreto N° 19 del 12 de abril de 2018 del ministerio de Economía, Fomento y Turismo). ESTADO DE LA DOCUMENTACIÓN (REGISTRO VIGENTE, REGISTRO NO VIGENTE): Cada servicio registrado debe mantener actualizada la documentación que fue aprobada en el proceso de registro. De acuerdo a lo establecido en el decreto Nº 19 de 2179, el cual establece los requisitos para el registro de cada tipo de servicio, la documentación puede corresponder a la patente comercial temporal o definitiva, certificado de primeros auxilios, certificados de exención, permiso de autoridad competente u otra. https://portalserviciosturisticos.sernatur.cl/", "Ultima Actualizacion del Dato": "Abril 2025" }, "geometry": { "type": "Point", "coordinates": [ -71.468176329103201, -29.2462407058993 ] } },
{ "type": "Feature", "properties": { "fid": 100, "Foto": "http://serviciosturisticos.sernatur.cl/images/noaventura.jpg", "Nombre": "Jack Sparrow", "Link Sernatur": "https://serviciosturisticos.sernatur.cl/4491-jack-sparrow", "Region": "Region de Coquimbo", "Comuna": "La Higuera", "Localidad": "Punta De Choros", "Direccion": "Punta de choros NºS/N, Punta de choros", "Telefono": "(56) 975159710", "Email": "raulfloresflo@yahoo.cl", "Tipo": "Paseos náuticos - Observación de flora y fauna", "Servicio Cumple Inspeccion": "CUMPLE INSPECCIÓN", "Servicio Cumple Patente": "REGISTRO NO VIGENTE", "Sitio Web": null, "Y": "-29.25045", "X": "-71.46990", "Origen Dato": "Registro Nacional de Servicios Turisticos, SERNATUR", "Descripcion": "INSPECCIÓN (CUMPLE INSPECCION, NO INSPECCIONADO, NO CUMPLE INSPECCION): La etiqueta indica el resultado del proceso de inspección obligatorio para los servicios de alojamiento y turismo aventura. Su objetivo es determinar el cumplimiento de lo establecido en la ley de turismo y su reglamento (Decreto N° 19 del 12 de abril de 2018 del ministerio de Economía, Fomento y Turismo). ESTADO DE LA DOCUMENTACIÓN (REGISTRO VIGENTE, REGISTRO NO VIGENTE): Cada servicio registrado debe mantener actualizada la documentación que fue aprobada en el proceso de registro. De acuerdo a lo establecido en el decreto Nº 19 de 2180, el cual establece los requisitos para el registro de cada tipo de servicio, la documentación puede corresponder a la patente comercial temporal o definitiva, certificado de primeros auxilios, certificados de exención, permiso de autoridad competente u otra. https://portalserviciosturisticos.sernatur.cl/", "Ultima Actualizacion del Dato": "Abril 2025" }, "geometry": { "type": "Point", "coordinates": [ -71.468130753990337, -29.246650299060807 ] } },
{ "type": "Feature", "properties": { "fid": 101, "Foto": "http://serviciosturisticos.sernatur.cl/folder/empresas/emp_5904686/inscripcion_12338/phplZLNMo2017081102824.jpg", "Nombre": "KARLITA", "Link Sernatur": "https://serviciosturisticos.sernatur.cl/7033-karlita", "Region": "Region de Coquimbo", "Comuna": "La Higuera", "Localidad": "Punta De Choros", "Direccion": "Punta de choros NºS/N, Punta de choros", "Telefono": "+56 998184693", "Email": "karlitapuntadechoros@hotmail.com", "Tipo": "Paseos náuticos - Observación de flora y fauna", "Servicio Cumple Inspeccion": "CUMPLE INSPECCIÓN", "Servicio Cumple Patente": "REGISTRO NO VIGENTE", "Sitio Web": null, "Y": "-29.247170031094274", "X": " -71.46262814525119", "Origen Dato": "Registro Nacional de Servicios Turisticos, SERNATUR", "Descripcion": "INSPECCIÓN (CUMPLE INSPECCION, NO INSPECCIONADO, NO CUMPLE INSPECCION): La etiqueta indica el resultado del proceso de inspección obligatorio para los servicios de alojamiento y turismo aventura. Su objetivo es determinar el cumplimiento de lo establecido en la ley de turismo y su reglamento (Decreto N° 19 del 12 de abril de 2018 del ministerio de Economía, Fomento y Turismo). ESTADO DE LA DOCUMENTACIÓN (REGISTRO VIGENTE, REGISTRO NO VIGENTE): Cada servicio registrado debe mantener actualizada la documentación que fue aprobada en el proceso de registro. De acuerdo a lo establecido en el decreto Nº 19 de 2182, el cual establece los requisitos para el registro de cada tipo de servicio, la documentación puede corresponder a la patente comercial temporal o definitiva, certificado de primeros auxilios, certificados de exención, permiso de autoridad competente u otra. https://portalserviciosturisticos.sernatur.cl/", "Ultima Actualizacion del Dato": "Abril 2025" }, "geometry": { "type": "Point", "coordinates": [ -71.462628145251188, -29.247170031094274 ] } },
{ "type": "Feature", "properties": { "fid": 102, "Foto": "http://serviciosturisticos.sernatur.cl/folder/empresas/emp_8864453/inscripcion_8009/phpoqMLJd20181115111135.jpg", "Nombre": "KATHERINE", "Link Sernatur": "https://serviciosturisticos.sernatur.cl/4797-katherine", "Region": "Region de Coquimbo", "Comuna": "La Higuera", "Localidad": "Punta De Choros", "Direccion": "Punta de choros NºS/N, Punta de choros", "Telefono": "76378662", "Email": "fernandovergara1966@yahoo.cl", "Tipo": "Paseos náuticos - Observación de flora y fauna", "Servicio Cumple Inspeccion": "CUMPLE INSPECCIÓN", "Servicio Cumple Patente": "REGISTRO NO VIGENTE", "Sitio Web": null, "Y": "-29.25045", "X": "-71.46991", "Origen Dato": "Registro Nacional de Servicios Turisticos, SERNATUR", "Descripcion": "INSPECCIÓN (CUMPLE INSPECCION, NO INSPECCIONADO, NO CUMPLE INSPECCION): La etiqueta indica el resultado del proceso de inspección obligatorio para los servicios de alojamiento y turismo aventura. Su objetivo es determinar el cumplimiento de lo establecido en la ley de turismo y su reglamento (Decreto N° 19 del 12 de abril de 2018 del ministerio de Economía, Fomento y Turismo). ESTADO DE LA DOCUMENTACIÓN (REGISTRO VIGENTE, REGISTRO NO VIGENTE): Cada servicio registrado debe mantener actualizada la documentación que fue aprobada en el proceso de registro. De acuerdo a lo establecido en el decreto Nº 19 de 2184, el cual establece los requisitos para el registro de cada tipo de servicio, la documentación puede corresponder a la patente comercial temporal o definitiva, certificado de primeros auxilios, certificados de exención, permiso de autoridad competente u otra. https://portalserviciosturisticos.sernatur.cl/", "Ultima Actualizacion del Dato": "Abril 2025" }, "geometry": { "type": "Point", "coordinates": [ -71.467644359733711, -29.246544871445593 ] } },
{ "type": "Feature", "properties": { "fid": 103, "Foto": "http://serviciosturisticos.sernatur.cl/folder/empresas/emp_5474342/inscripcion_7197/phpGOlDM12016041512424.jpg", "Nombre": "LAS HUALAS", "Link Sernatur": "https://serviciosturisticos.sernatur.cl/3409-las-hualas", "Region": "Region de Coquimbo", "Comuna": "La Higuera", "Localidad": "Punta De Choros", "Direccion": "Punta de choros norte Nº86, Punta de choros", "Telefono": "(56) 985993304", "Email": "info@lashualas.cl", "Tipo": "Departamentos turísticos y/o ejecutivos", "Servicio Cumple Inspeccion": "CUMPLE INSPECCIÓN", "Servicio Cumple Patente": "REGISTRO NO VIGENTE", "Sitio Web": "http://www.lashualas.cl/", "Y": "-29.24024", "X": "-71.4604", "Origen Dato": "Registro Nacional de Servicios Turisticos, SERNATUR", "Descripcion": "INSPECCIÓN (CUMPLE INSPECCION, NO INSPECCIONADO, NO CUMPLE INSPECCION): La etiqueta indica el resultado del proceso de inspección obligatorio para los servicios de alojamiento y turismo aventura. Su objetivo es determinar el cumplimiento de lo establecido en la ley de turismo y su reglamento (Decreto N° 19 del 12 de abril de 2018 del ministerio de Economía, Fomento y Turismo). ESTADO DE LA DOCUMENTACIÓN (REGISTRO VIGENTE, REGISTRO NO VIGENTE): Cada servicio registrado debe mantener actualizada la documentación que fue aprobada en el proceso de registro. De acuerdo a lo establecido en el decreto Nº 19 de 2187, el cual establece los requisitos para el registro de cada tipo de servicio, la documentación puede corresponder a la patente comercial temporal o definitiva, certificado de primeros auxilios, certificados de exención, permiso de autoridad competente u otra. https://portalserviciosturisticos.sernatur.cl/", "Ultima Actualizacion del Dato": "Abril 2025" }, "geometry": { "type": "Point", "coordinates": [ -71.4604, -29.24024 ] } },
{ "type": "Feature", "properties": { "fid": 104, "Foto": "http://serviciosturisticos.sernatur.cl/images/noalojamiento.jpg", "Nombre": "LODGE PUNTA DE DOMOS", "Link Sernatur": "https://serviciosturisticos.sernatur.cl/9139-lodge-punta-de-domos", "Region": "Region de Coquimbo", "Comuna": "La Higuera", "Localidad": "Punta De Choros", "Direccion": "Sitio1 subdivision lote 9 punta de choros NºS/N, Punta de choros", "Telefono": "(56) 989843037", "Email": "puntadedomos@gmail.com", "Tipo": "Centro de turismo de naturaleza o lodge", "Servicio Cumple Inspeccion": "CUMPLE INSPECCIÓN", "Servicio Cumple Patente": "REGISTRO NO VIGENTE", "Sitio Web": "http://www.puntadedomos.cl/", "Y": "-29.24847", "X": "-71.46617", "Origen Dato": "Registro Nacional de Servicios Turisticos, SERNATUR", "Descripcion": "INSPECCIÓN (CUMPLE INSPECCION, NO INSPECCIONADO, NO CUMPLE INSPECCION): La etiqueta indica el resultado del proceso de inspección obligatorio para los servicios de alojamiento y turismo aventura. Su objetivo es determinar el cumplimiento de lo establecido en la ley de turismo y su reglamento (Decreto N° 19 del 12 de abril de 2018 del ministerio de Economía, Fomento y Turismo). ESTADO DE LA DOCUMENTACIÓN (REGISTRO VIGENTE, REGISTRO NO VIGENTE): Cada servicio registrado debe mantener actualizada la documentación que fue aprobada en el proceso de registro. De acuerdo a lo establecido en el decreto Nº 19 de 2188, el cual establece los requisitos para el registro de cada tipo de servicio, la documentación puede corresponder a la patente comercial temporal o definitiva, certificado de primeros auxilios, certificados de exención, permiso de autoridad competente u otra. https://portalserviciosturisticos.sernatur.cl/", "Ultima Actualizacion del Dato": "Abril 2025" }, "geometry": { "type": "Point", "coordinates": [ -71.46617, -29.24847 ] } },
{ "type": "Feature", "properties": { "fid": 105, "Foto": "http://serviciosturisticos.sernatur.cl/images/noaventura.jpg", "Nombre": "MARABU", "Link Sernatur": "https://serviciosturisticos.sernatur.cl/19828-marabu", "Region": "Region de Coquimbo", "Comuna": "La Higuera", "Localidad": "Punta De Choros", "Direccion": "Punta de choros  NºS/N, Punta de choros", "Telefono": "+56 9 89925519", "Email": "dcarvajal2012@yahoo.cl", "Tipo": "Observación de flora y fauna", "Servicio Cumple Inspeccion": "CUMPLE INSPECCIÓN", "Servicio Cumple Patente": "REGISTRO NO VIGENTE", "Sitio Web": null, "Y": "-29.25045", "X": "-71.46993", "Origen Dato": "Registro Nacional de Servicios Turisticos, SERNATUR", "Descripcion": "INSPECCIÓN (CUMPLE INSPECCION, NO INSPECCIONADO, NO CUMPLE INSPECCION): La etiqueta indica el resultado del proceso de inspección obligatorio para los servicios de alojamiento y turismo aventura. Su objetivo es determinar el cumplimiento de lo establecido en la ley de turismo y su reglamento (Decreto N° 19 del 12 de abril de 2018 del ministerio de Economía, Fomento y Turismo). ESTADO DE LA DOCUMENTACIÓN (REGISTRO VIGENTE, REGISTRO NO VIGENTE): Cada servicio registrado debe mantener actualizada la documentación que fue aprobada en el proceso de registro. De acuerdo a lo establecido en el decreto Nº 19 de 2189, el cual establece los requisitos para el registro de cada tipo de servicio, la documentación puede corresponder a la patente comercial temporal o definitiva, certificado de primeros auxilios, certificados de exención, permiso de autoridad competente u otra. https://portalserviciosturisticos.sernatur.cl/", "Ultima Actualizacion del Dato": "Abril 2025" }, "geometry": { "type": "Point", "coordinates": [ -71.46820069875254, -29.246414857432093 ] } },
{ "type": "Feature", "properties": { "fid": 106, "Foto": "http://serviciosturisticos.sernatur.cl/folder/empresas/emp_76108531/inscripcion_9236/phpYuKmkI2018051601548.jpg", "Nombre": "MAREA ALTA", "Link Sernatur": "https://serviciosturisticos.sernatur.cl/4828-marea-alta", "Region": "Region de Coquimbo", "Comuna": "La Higuera", "Localidad": "Punta De Choros", "Direccion": "Sitio 3, punta de choros NºS/N, Punta de choros", "Telefono": "81206250", "Email": "mare.alta.kiltra@gmail.com", "Tipo": "Canotaje", "Servicio Cumple Inspeccion": "CUMPLE INSPECCIÓN", "Servicio Cumple Patente": "REGISTRO NO VIGENTE", "Sitio Web": "http://www.marealta.cl/", "Y": "-29.2485737", "X": "-71.4666787", "Origen Dato": "Registro Nacional de Servicios Turisticos, SERNATUR", "Descripcion": "INSPECCIÓN (CUMPLE INSPECCION, NO INSPECCIONADO, NO CUMPLE INSPECCION): La etiqueta indica el resultado del proceso de inspección obligatorio para los servicios de alojamiento y turismo aventura. Su objetivo es determinar el cumplimiento de lo establecido en la ley de turismo y su reglamento (Decreto N° 19 del 12 de abril de 2018 del ministerio de Economía, Fomento y Turismo). ESTADO DE LA DOCUMENTACIÓN (REGISTRO VIGENTE, REGISTRO NO VIGENTE): Cada servicio registrado debe mantener actualizada la documentación que fue aprobada en el proceso de registro. De acuerdo a lo establecido en el decreto Nº 19 de 2190, el cual establece los requisitos para el registro de cada tipo de servicio, la documentación puede corresponder a la patente comercial temporal o definitiva, certificado de primeros auxilios, certificados de exención, permiso de autoridad competente u otra. https://portalserviciosturisticos.sernatur.cl/", "Ultima Actualizacion del Dato": "Abril 2025" }, "geometry": { "type": "Point", "coordinates": [ -71.4666787, -29.2485737 ] } },
{ "type": "Feature", "properties": { "fid": 107, "Foto": "http://serviciosturisticos.sernatur.cl/images/noaventura.jpg", "Nombre": "Matias Benjamin", "Link Sernatur": "https://serviciosturisticos.sernatur.cl/19921-matias-benjamin", "Region": "Region de Coquimbo", "Comuna": "La Higuera", "Localidad": "Punta De Choros", "Direccion": "Punta de choros NºS/N, Punta de choros", "Telefono": "+56 9 92979949", "Email": "juanverapuntachoros@gmail.com", "Tipo": "Paseos náuticos - Observación de flora y fauna", "Servicio Cumple Inspeccion": "CUMPLE INSPECCIÓN", "Servicio Cumple Patente": "REGISTRO NO VIGENTE", "Sitio Web": null, "Y": "-29.25045", "X": "-71.46987", "Origen Dato": "Registro Nacional de Servicios Turisticos, SERNATUR", "Descripcion": "INSPECCIÓN (CUMPLE INSPECCION, NO INSPECCIONADO, NO CUMPLE INSPECCION): La etiqueta indica el resultado del proceso de inspección obligatorio para los servicios de alojamiento y turismo aventura. Su objetivo es determinar el cumplimiento de lo establecido en la ley de turismo y su reglamento (Decreto N° 19 del 12 de abril de 2018 del ministerio de Economía, Fomento y Turismo). ESTADO DE LA DOCUMENTACIÓN (REGISTRO VIGENTE, REGISTRO NO VIGENTE): Cada servicio registrado debe mantener actualizada la documentación que fue aprobada en el proceso de registro. De acuerdo a lo establecido en el decreto Nº 19 de 2191, el cual establece los requisitos para el registro de cada tipo de servicio, la documentación puede corresponder a la patente comercial temporal o definitiva, certificado de primeros auxilios, certificados de exención, permiso de autoridad competente u otra. https://portalserviciosturisticos.sernatur.cl/", "Ultima Actualizacion del Dato": "Abril 2025" }, "geometry": { "type": "Point", "coordinates": [ -71.467969928344829, -29.246770629040174 ] } },
{ "type": "Feature", "properties": { "fid": 108, "Foto": "http://serviciosturisticos.sernatur.cl/folder/empresas/emp_5023067/inscripcion_9217/php0pPtZV2016042702440.jpg", "Nombre": "MEMO RUZ", "Link Sernatur": "https://serviciosturisticos.sernatur.cl/4806-memo-ruz", "Region": "Region de Coquimbo", "Comuna": "La Higuera", "Localidad": "Punta De Choros", "Direccion": "Punta de choros NºS/N, Punta de choros", "Telefono": "+56 9 95343644", "Email": "memoruz@gmail.com", "Tipo": "Departamentos turísticos y/o ejecutivos", "Servicio Cumple Inspeccion": "CUMPLE INSPECCIÓN", "Servicio Cumple Patente": "REGISTRO NO VIGENTE", "Sitio Web": "http://www.memoruz.cl/", "Y": "-29.2413", "X": "-71.45046", "Origen Dato": "Registro Nacional de Servicios Turisticos, SERNATUR", "Descripcion": "INSPECCIÓN (CUMPLE INSPECCION, NO INSPECCIONADO, NO CUMPLE INSPECCION): La etiqueta indica el resultado del proceso de inspección obligatorio para los servicios de alojamiento y turismo aventura. Su objetivo es determinar el cumplimiento de lo establecido en la ley de turismo y su reglamento (Decreto N° 19 del 12 de abril de 2018 del ministerio de Economía, Fomento y Turismo). ESTADO DE LA DOCUMENTACIÓN (REGISTRO VIGENTE, REGISTRO NO VIGENTE): Cada servicio registrado debe mantener actualizada la documentación que fue aprobada en el proceso de registro. De acuerdo a lo establecido en el decreto Nº 19 de 2193, el cual establece los requisitos para el registro de cada tipo de servicio, la documentación puede corresponder a la patente comercial temporal o definitiva, certificado de primeros auxilios, certificados de exención, permiso de autoridad competente u otra. https://portalserviciosturisticos.sernatur.cl/", "Ultima Actualizacion del Dato": "Abril 2025" }, "geometry": { "type": "Point", "coordinates": [ -71.465421507023237, -29.245922010193734 ] } },
{ "type": "Feature", "properties": { "fid": 109, "Foto": "http://serviciosturisticos.sernatur.cl/images/noaventura.jpg", "Nombre": "MI PAPI", "Link Sernatur": "https://serviciosturisticos.sernatur.cl/19502-mi-papi", "Region": "Region de Coquimbo", "Comuna": "La Higuera", "Localidad": "Punta De Choros", "Direccion": "Punta de choros NºS/N, Punta de choros", "Telefono": "+56 985693028", "Email": "jvergara.ps@gmail.com", "Tipo": "Paseos náuticos - Observación de flora y fauna", "Servicio Cumple Inspeccion": "CUMPLE INSPECCIÓN", "Servicio Cumple Patente": "REGISTRO NO VIGENTE", "Sitio Web": null, "Y": "-29.25045", "X": "-71.46988", "Origen Dato": "Registro Nacional de Servicios Turisticos, SERNATUR", "Descripcion": "INSPECCIÓN (CUMPLE INSPECCION, NO INSPECCIONADO, NO CUMPLE INSPECCION): La etiqueta indica el resultado del proceso de inspección obligatorio para los servicios de alojamiento y turismo aventura. Su objetivo es determinar el cumplimiento de lo establecido en la ley de turismo y su reglamento (Decreto N° 19 del 12 de abril de 2018 del ministerio de Economía, Fomento y Turismo). ESTADO DE LA DOCUMENTACIÓN (REGISTRO VIGENTE, REGISTRO NO VIGENTE): Cada servicio registrado debe mantener actualizada la documentación que fue aprobada en el proceso de registro. De acuerdo a lo establecido en el decreto Nº 19 de 2194, el cual establece los requisitos para el registro de cada tipo de servicio, la documentación puede corresponder a la patente comercial temporal o definitiva, certificado de primeros auxilios, certificados de exención, permiso de autoridad competente u otra. https://portalserviciosturisticos.sernatur.cl/", "Ultima Actualizacion del Dato": "Abril 2025" }, "geometry": { "type": "Point", "coordinates": [ -71.467928248087944, -29.246435022037659 ] } },
{ "type": "Feature", "properties": { "fid": 110, "Foto": "http://serviciosturisticos.sernatur.cl/images/noaventura.jpg", "Nombre": "ONASIS 2.0", "Link Sernatur": "https://serviciosturisticos.sernatur.cl/19681-onasis-20", "Region": "Region de Coquimbo", "Comuna": "La Higuera", "Localidad": "Punta De Choros", "Direccion": "Punta de choros NºS/N, Punta de choros", "Telefono": "+56 987874282", "Email": "yg.molina.vergara@gmail.com", "Tipo": "Observación de flora y fauna", "Servicio Cumple Inspeccion": "CUMPLE INSPECCIÓN", "Servicio Cumple Patente": "REGISTRO NO VIGENTE", "Sitio Web": null, "Y": "-29.25045", "X": "-71.46990", "Origen Dato": "Registro Nacional de Servicios Turisticos, SERNATUR", "Descripcion": "INSPECCIÓN (CUMPLE INSPECCION, NO INSPECCIONADO, NO CUMPLE INSPECCION): La etiqueta indica el resultado del proceso de inspección obligatorio para los servicios de alojamiento y turismo aventura. Su objetivo es determinar el cumplimiento de lo establecido en la ley de turismo y su reglamento (Decreto N° 19 del 12 de abril de 2018 del ministerio de Economía, Fomento y Turismo). ESTADO DE LA DOCUMENTACIÓN (REGISTRO VIGENTE, REGISTRO NO VIGENTE): Cada servicio registrado debe mantener actualizada la documentación que fue aprobada en el proceso de registro. De acuerdo a lo establecido en el decreto Nº 19 de 2196, el cual establece los requisitos para el registro de cada tipo de servicio, la documentación puede corresponder a la patente comercial temporal o definitiva, certificado de primeros auxilios, certificados de exención, permiso de autoridad competente u otra. https://portalserviciosturisticos.sernatur.cl/", "Ultima Actualizacion del Dato": "Abril 2025" }, "geometry": { "type": "Point", "coordinates": [ -71.468119183800013, -29.246531126100475 ] } },
{ "type": "Feature", "properties": { "fid": 111, "Foto": "http://serviciosturisticos.sernatur.cl/folder/empresas/emp_11510779/inscripcion_12755/phpm5jXJC20181120041119.jpg", "Nombre": "PAJARO ERRANTE", "Link Sernatur": "https://serviciosturisticos.sernatur.cl/7034-pajaro-errante", "Region": "Region de Coquimbo", "Comuna": "La Higuera", "Localidad": "Punta De Choros", "Direccion": "Pasaje 10, parte alta coquimbo Nº514, Punta de choros", "Telefono": "+56 949737171", "Email": "pajaroerrante2909@gmail.com", "Tipo": "Observación de flora y fauna", "Servicio Cumple Inspeccion": "CUMPLE INSPECCIÓN", "Servicio Cumple Patente": "REGISTRO NO VIGENTE", "Sitio Web": null, "Y": "-29.25045", "X": "-71.46991", "Origen Dato": "Registro Nacional de Servicios Turisticos, SERNATUR", "Descripcion": "INSPECCIÓN (CUMPLE INSPECCION, NO INSPECCIONADO, NO CUMPLE INSPECCION): La etiqueta indica el resultado del proceso de inspección obligatorio para los servicios de alojamiento y turismo aventura. Su objetivo es determinar el cumplimiento de lo establecido en la ley de turismo y su reglamento (Decreto N° 19 del 12 de abril de 2018 del ministerio de Economía, Fomento y Turismo). ESTADO DE LA DOCUMENTACIÓN (REGISTRO VIGENTE, REGISTRO NO VIGENTE): Cada servicio registrado debe mantener actualizada la documentación que fue aprobada en el proceso de registro. De acuerdo a lo establecido en el decreto Nº 19 de 2197, el cual establece los requisitos para el registro de cada tipo de servicio, la documentación puede corresponder a la patente comercial temporal o definitiva, certificado de primeros auxilios, certificados de exención, permiso de autoridad competente u otra. https://portalserviciosturisticos.sernatur.cl/", "Ultima Actualizacion del Dato": "Abril 2025" }, "geometry": { "type": "Point", "coordinates": [ -71.468080927114272, -29.246219948998348 ] } },
{ "type": "Feature", "properties": { "fid": 112, "Foto": "http://serviciosturisticos.sernatur.cl/folder/empresas/emp_10827186/inscripcion_34935/phpXgOXQr20181114041140.jpg", "Nombre": "RICHY II", "Link Sernatur": "https://serviciosturisticos.sernatur.cl/19624-richy-ii", "Region": "Region de Coquimbo", "Comuna": "La Higuera", "Localidad": "Punta De Choros", "Direccion": "Punta de choros NºS/N, Punta de choros", "Telefono": "+56 994316885", "Email": "g.bugueno07@gmail.com", "Tipo": "Observación de flora y fauna", "Servicio Cumple Inspeccion": "CUMPLE INSPECCIÓN", "Servicio Cumple Patente": "REGISTRO NO VIGENTE", "Sitio Web": null, "Y": "-29.25045", "X": "-71.46992", "Origen Dato": "Registro Nacional de Servicios Turisticos, SERNATUR", "Descripcion": "INSPECCIÓN (CUMPLE INSPECCION, NO INSPECCIONADO, NO CUMPLE INSPECCION): La etiqueta indica el resultado del proceso de inspección obligatorio para los servicios de alojamiento y turismo aventura. Su objetivo es determinar el cumplimiento de lo establecido en la ley de turismo y su reglamento (Decreto N° 19 del 12 de abril de 2018 del ministerio de Economía, Fomento y Turismo). ESTADO DE LA DOCUMENTACIÓN (REGISTRO VIGENTE, REGISTRO NO VIGENTE): Cada servicio registrado debe mantener actualizada la documentación que fue aprobada en el proceso de registro. De acuerdo a lo establecido en el decreto Nº 19 de 2198, el cual establece los requisitos para el registro de cada tipo de servicio, la documentación puede corresponder a la patente comercial temporal o definitiva, certificado de primeros auxilios, certificados de exención, permiso de autoridad competente u otra. https://portalserviciosturisticos.sernatur.cl/", "Ultima Actualizacion del Dato": "Abril 2025" }, "geometry": { "type": "Point", "coordinates": [ -71.468082963385783, -29.246315070412741 ] } },
{ "type": "Feature", "properties": { "fid": 113, "Foto": "http://serviciosturisticos.sernatur.cl/folder/empresas/emp_18264936/inscripcion_34961/phpfNLxy8.jpg", "Nombre": "SUNSET (OBSERVACION FLORA Y FAUNA)", "Link Sernatur": "https://serviciosturisticos.sernatur.cl/19639-sunset-observacion-flora-y-fauna", "Region": "Region de Coquimbo", "Comuna": "La Higuera", "Localidad": "Punta De Choros", "Direccion": "Punta de choros NºS/N, Punta de choros", "Telefono": "+56 958380952", "Email": "turbo2018@gmail.com", "Tipo": "Observación de flora y fauna", "Servicio Cumple Inspeccion": "CUMPLE INSPECCIÓN", "Servicio Cumple Patente": "REGISTRO NO VIGENTE", "Sitio Web": null, "Y": "-29.25045", "X": "-71.46993", "Origen Dato": "Registro Nacional de Servicios Turisticos, SERNATUR", "Descripcion": "INSPECCIÓN (CUMPLE INSPECCION, NO INSPECCIONADO, NO CUMPLE INSPECCION): La etiqueta indica el resultado del proceso de inspección obligatorio para los servicios de alojamiento y turismo aventura. Su objetivo es determinar el cumplimiento de lo establecido en la ley de turismo y su reglamento (Decreto N° 19 del 12 de abril de 2018 del ministerio de Economía, Fomento y Turismo). ESTADO DE LA DOCUMENTACIÓN (REGISTRO VIGENTE, REGISTRO NO VIGENTE): Cada servicio registrado debe mantener actualizada la documentación que fue aprobada en el proceso de registro. De acuerdo a lo establecido en el decreto Nº 19 de 2199, el cual establece los requisitos para el registro de cada tipo de servicio, la documentación puede corresponder a la patente comercial temporal o definitiva, certificado de primeros auxilios, certificados de exención, permiso de autoridad competente u otra. https://portalserviciosturisticos.sernatur.cl/", "Ultima Actualizacion del Dato": "Abril 2025" }, "geometry": { "type": "Point", "coordinates": [ -71.468199963999353, -29.246340701243554 ] } },
{ "type": "Feature", "properties": { "fid": 114, "Foto": "http://serviciosturisticos.sernatur.cl/folder/empresas/emp_10928204/inscripcion_29706/phpTQBrhG20181120041105.jpg", "Nombre": "TAOLIN 2", "Link Sernatur": "https://serviciosturisticos.sernatur.cl/16887-taolin-2", "Region": "Region de Coquimbo", "Comuna": "La Higuera", "Localidad": "Punta De Choros", "Direccion": "Manzana l sitio 2 NºS/N, Punta de choros", "Telefono": "+56 953581417", "Email": "gustavo.trigo86@hotmail.com", "Tipo": "Paseos náuticos - Observación de flora y fauna", "Servicio Cumple Inspeccion": "CUMPLE INSPECCIÓN", "Servicio Cumple Patente": "REGISTRO NO VIGENTE", "Sitio Web": null, "Y": "-29.25045", "X": "-71.46993", "Origen Dato": "Registro Nacional de Servicios Turisticos, SERNATUR", "Descripcion": "INSPECCIÓN (CUMPLE INSPECCION, NO INSPECCIONADO, NO CUMPLE INSPECCION): La etiqueta indica el resultado del proceso de inspección obligatorio para los servicios de alojamiento y turismo aventura. Su objetivo es determinar el cumplimiento de lo establecido en la ley de turismo y su reglamento (Decreto N° 19 del 12 de abril de 2018 del ministerio de Economía, Fomento y Turismo). ESTADO DE LA DOCUMENTACIÓN (REGISTRO VIGENTE, REGISTRO NO VIGENTE): Cada servicio registrado debe mantener actualizada la documentación que fue aprobada en el proceso de registro. De acuerdo a lo establecido en el decreto Nº 19 de 2200, el cual establece los requisitos para el registro de cada tipo de servicio, la documentación puede corresponder a la patente comercial temporal o definitiva, certificado de primeros auxilios, certificados de exención, permiso de autoridad competente u otra. https://portalserviciosturisticos.sernatur.cl/", "Ultima Actualizacion del Dato": "Abril 2025" }, "geometry": { "type": "Point", "coordinates": [ -71.467427657115579, -29.246126927681086 ] } },
{ "type": "Feature", "properties": { "fid": 115, "Foto": "http://serviciosturisticos.sernatur.cl/folder/empresas/emp_11380030/inscripcion_30280/phpTGB6JK.jpeg", "Nombre": "THOMAS ALEJANDRO", "Link Sernatur": "https://serviciosturisticos.sernatur.cl/16975-thomas-alejandro", "Region": "Region de Coquimbo", "Comuna": "La Higuera", "Localidad": "Punta De Choros", "Direccion": "Punta de choros NºS/N, Punta de choros", "Telefono": "+56 933908490", "Email": "thomasalejandro.registro@gmail.com", "Tipo": "Observación de flora y fauna", "Servicio Cumple Inspeccion": "CUMPLE INSPECCIÓN", "Servicio Cumple Patente": "REGISTRO NO VIGENTE", "Sitio Web": null, "Y": "-29.25045", "X": "-71.46993", "Origen Dato": "Registro Nacional de Servicios Turisticos, SERNATUR", "Descripcion": "INSPECCIÓN (CUMPLE INSPECCION, NO INSPECCIONADO, NO CUMPLE INSPECCION): La etiqueta indica el resultado del proceso de inspección obligatorio para los servicios de alojamiento y turismo aventura. Su objetivo es determinar el cumplimiento de lo establecido en la ley de turismo y su reglamento (Decreto N° 19 del 12 de abril de 2018 del ministerio de Economía, Fomento y Turismo). ESTADO DE LA DOCUMENTACIÓN (REGISTRO VIGENTE, REGISTRO NO VIGENTE): Cada servicio registrado debe mantener actualizada la documentación que fue aprobada en el proceso de registro. De acuerdo a lo establecido en el decreto Nº 19 de 2202, el cual establece los requisitos para el registro de cada tipo de servicio, la documentación puede corresponder a la patente comercial temporal o definitiva, certificado de primeros auxilios, certificados de exención, permiso de autoridad competente u otra. https://portalserviciosturisticos.sernatur.cl/", "Ultima Actualizacion del Dato": "Abril 2025" }, "geometry": { "type": "Point", "coordinates": [ -71.467598198708004, -29.246301151463534 ] } },
{ "type": "Feature", "properties": { "fid": 116, "Foto": "http://serviciosturisticos.sernatur.cl/folder/empresas/emp_13533591/inscripcion_12728/phpWcU5rb20181120041150.jpg", "Nombre": "TIME BANDIT", "Link Sernatur": "https://serviciosturisticos.sernatur.cl/7019-time-bandit", "Region": "Region de Coquimbo", "Comuna": "La Higuera", "Localidad": "Punta De Choros", "Direccion": "Punta de choros NºS/N, Punta de choros", "Telefono": "+56 994549592", "Email": "jalfarocollao@gmail.com", "Tipo": "Observación de flora y fauna", "Servicio Cumple Inspeccion": "CUMPLE INSPECCIÓN", "Servicio Cumple Patente": "REGISTRO NO VIGENTE", "Sitio Web": null, "Y": "-29.25045", "X": "-71.46993", "Origen Dato": "Registro Nacional de Servicios Turisticos, SERNATUR", "Descripcion": "INSPECCIÓN (CUMPLE INSPECCION, NO INSPECCIONADO, NO CUMPLE INSPECCION): La etiqueta indica el resultado del proceso de inspección obligatorio para los servicios de alojamiento y turismo aventura. Su objetivo es determinar el cumplimiento de lo establecido en la ley de turismo y su reglamento (Decreto N° 19 del 12 de abril de 2018 del ministerio de Economía, Fomento y Turismo). ESTADO DE LA DOCUMENTACIÓN (REGISTRO VIGENTE, REGISTRO NO VIGENTE): Cada servicio registrado debe mantener actualizada la documentación que fue aprobada en el proceso de registro. De acuerdo a lo establecido en el decreto Nº 19 de 2203, el cual establece los requisitos para el registro de cada tipo de servicio, la documentación puede corresponder a la patente comercial temporal o definitiva, certificado de primeros auxilios, certificados de exención, permiso de autoridad competente u otra. https://portalserviciosturisticos.sernatur.cl/", "Ultima Actualizacion del Dato": "Abril 2025" }, "geometry": { "type": "Point", "coordinates": [ -71.468007262633208, -29.246303115485411 ] } },
{ "type": "Feature", "properties": { "fid": 117, "Foto": "http://serviciosturisticos.sernatur.cl/images/noaventura.jpg", "Nombre": "BUCEO HUMBOLDT", "Link Sernatur": "https://serviciosturisticos.sernatur.cl/21401-buceo-humboldt", "Region": "Region de Coquimbo", "Comuna": "La Higuera", "Localidad": "Punta De Choros", "Direccion": "Calle unica NºS/N, Punta de choros", "Telefono": "+56 956191404", "Email": "buceo@refugiohumboldt.cl", "Tipo": "Buceo recreativo autónomo", "Servicio Cumple Inspeccion": "NO CUMPLE INSPECCIÓN", "Servicio Cumple Patente": "REGISTRO VIGENTE", "Sitio Web": null, "Y": "-29380243", "X": "-71331668", "Origen Dato": "Registro Nacional de Servicios Turisticos, SERNATUR", "Descripcion": "INSPECCIÓN (CUMPLE INSPECCION, NO INSPECCIONADO, NO CUMPLE INSPECCION): La etiqueta indica el resultado del proceso de inspección obligatorio para los servicios de alojamiento y turismo aventura. Su objetivo es determinar el cumplimiento de lo establecido en la ley de turismo y su reglamento (Decreto N° 19 del 12 de abril de 2018 del ministerio de Economía, Fomento y Turismo). ESTADO DE LA DOCUMENTACIÓN (REGISTRO VIGENTE, REGISTRO NO VIGENTE): Cada servicio registrado debe mantener actualizada la documentación que fue aprobada en el proceso de registro. De acuerdo a lo establecido en el decreto Nº 19 de 2204, el cual establece los requisitos para el registro de cada tipo de servicio, la documentación puede corresponder a la patente comercial temporal o definitiva, certificado de primeros auxilios, certificados de exención, permiso de autoridad competente u otra. https://portalserviciosturisticos.sernatur.cl/", "Ultima Actualizacion del Dato": "Abril 2025" }, "geometry": { "type": "Point", "coordinates": [ -71331668.0, -29380243.0 ] } },
{ "type": "Feature", "properties": { "fid": 118, "Foto": "http://serviciosturisticos.sernatur.cl/folder/empresas/emp_9118948/inscripcion_74883/phpf6oCRw.jpg", "Nombre": "Cabaña Los Delfines", "Link Sernatur": "https://serviciosturisticos.sernatur.cl/57135-cabana-los-delfines", "Region": "Region de Coquimbo", "Comuna": "La Higuera", "Localidad": "Punta De Choros", "Direccion": "Loteo punta choros mz j sitio Nº33, Punta de choros", "Telefono": "(56) 996382902", "Email": "cabanas_losdelfines@hotmail.com", "Tipo": "Cabañas", "Servicio Cumple Inspeccion": "NO CUMPLE INSPECCIÓN", "Servicio Cumple Patente": "REGISTRO NO VIGENTE", "Sitio Web": null, "Y": "-29.24640441406714", "X": " -71.46262913968839", "Origen Dato": "Registro Nacional de Servicios Turisticos, SERNATUR", "Descripcion": "INSPECCIÓN (CUMPLE INSPECCION, NO INSPECCIONADO, NO CUMPLE INSPECCION): La etiqueta indica el resultado del proceso de inspección obligatorio para los servicios de alojamiento y turismo aventura. Su objetivo es determinar el cumplimiento de lo establecido en la ley de turismo y su reglamento (Decreto N° 19 del 12 de abril de 2018 del ministerio de Economía, Fomento y Turismo). ESTADO DE LA DOCUMENTACIÓN (REGISTRO VIGENTE, REGISTRO NO VIGENTE): Cada servicio registrado debe mantener actualizada la documentación que fue aprobada en el proceso de registro. De acuerdo a lo establecido en el decreto Nº 19 de 2205, el cual establece los requisitos para el registro de cada tipo de servicio, la documentación puede corresponder a la patente comercial temporal o definitiva, certificado de primeros auxilios, certificados de exención, permiso de autoridad competente u otra. https://portalserviciosturisticos.sernatur.cl/", "Ultima Actualizacion del Dato": "Abril 2025" }, "geometry": { "type": "Point", "coordinates": [ -71.462629139688389, -29.24640441406714 ] } },
{ "type": "Feature", "properties": { "fid": 119, "Foto": "http://serviciosturisticos.sernatur.cl/images/noalojamiento.jpg", "Nombre": "CABAÑAS EL MIRADOR", "Link Sernatur": "https://serviciosturisticos.sernatur.cl/29684-cabanas-el-mirador", "Region": "Region de Coquimbo", "Comuna": "La Higuera", "Localidad": "Caleta Hornos", "Direccion": "Libertad Nº52, Caleta hornos", "Telefono": "(56) 997620699", "Email": "manuelmunoz.elmirador@gmail.com", "Tipo": "Cabañas", "Servicio Cumple Inspeccion": "NO CUMPLE INSPECCIÓN", "Servicio Cumple Patente": "REGISTRO NO VIGENTE", "Sitio Web": null, "Y": "-29.62276897170153", "X": " -71.28482988944147", "Origen Dato": "Registro Nacional de Servicios Turisticos, SERNATUR", "Descripcion": "INSPECCIÓN (CUMPLE INSPECCION, NO INSPECCIONADO, NO CUMPLE INSPECCION): La etiqueta indica el resultado del proceso de inspección obligatorio para los servicios de alojamiento y turismo aventura. Su objetivo es determinar el cumplimiento de lo establecido en la ley de turismo y su reglamento (Decreto N° 19 del 12 de abril de 2018 del ministerio de Economía, Fomento y Turismo). ESTADO DE LA DOCUMENTACIÓN (REGISTRO VIGENTE, REGISTRO NO VIGENTE): Cada servicio registrado debe mantener actualizada la documentación que fue aprobada en el proceso de registro. De acuerdo a lo establecido en el decreto Nº 19 de 2206, el cual establece los requisitos para el registro de cada tipo de servicio, la documentación puede corresponder a la patente comercial temporal o definitiva, certificado de primeros auxilios, certificados de exención, permiso de autoridad competente u otra. https://portalserviciosturisticos.sernatur.cl/", "Ultima Actualizacion del Dato": "Abril 2025" }, "geometry": { "type": "Point", "coordinates": [ -71.284829889441468, -29.622768971701529 ] } },
{ "type": "Feature", "properties": { "fid": 120, "Foto": "http://serviciosturisticos.sernatur.cl/folder/empresas/emp_76068116/inscripcion_3845/phpBdtpD12016042910414.jpg", "Nombre": "CAMPING HUMBOLDT", "Link Sernatur": "https://serviciosturisticos.sernatur.cl/2429-camping-humboldt", "Region": "Region de Coquimbo", "Comuna": "La Higuera", "Localidad": "Punta De Choros", "Direccion": "Punta de choros NºS/N, Punta de choros", "Telefono": "09-71390865", "Email": "javierdagonzalezk@hotmail.com", "Tipo": "Camping o recinto de campamento", "Servicio Cumple Inspeccion": "NO CUMPLE INSPECCIÓN", "Servicio Cumple Patente": "REGISTRO NO VIGENTE", "Sitio Web": "http://www.campinghumboldt.cl/", "Y": "-29.246707", "X": "-71.4687125", "Origen Dato": "Registro Nacional de Servicios Turisticos, SERNATUR", "Descripcion": "INSPECCIÓN (CUMPLE INSPECCION, NO INSPECCIONADO, NO CUMPLE INSPECCION): La etiqueta indica el resultado del proceso de inspección obligatorio para los servicios de alojamiento y turismo aventura. Su objetivo es determinar el cumplimiento de lo establecido en la ley de turismo y su reglamento (Decreto N° 19 del 12 de abril de 2018 del ministerio de Economía, Fomento y Turismo). ESTADO DE LA DOCUMENTACIÓN (REGISTRO VIGENTE, REGISTRO NO VIGENTE): Cada servicio registrado debe mantener actualizada la documentación que fue aprobada en el proceso de registro. De acuerdo a lo establecido en el decreto Nº 19 de 2207, el cual establece los requisitos para el registro de cada tipo de servicio, la documentación puede corresponder a la patente comercial temporal o definitiva, certificado de primeros auxilios, certificados de exención, permiso de autoridad competente u otra. https://portalserviciosturisticos.sernatur.cl/", "Ultima Actualizacion del Dato": "Abril 2025" }, "geometry": { "type": "Point", "coordinates": [ -71.4687125, -29.246707 ] } },
{ "type": "Feature", "properties": { "fid": 121, "Foto": "http://serviciosturisticos.sernatur.cl/images/noaventura.jpg", "Nombre": "DIVE CENTER MEMO RUZ", "Link Sernatur": "https://serviciosturisticos.sernatur.cl/4807-dive-center-memo-ruz", "Region": "Region de Coquimbo", "Comuna": "La Higuera", "Localidad": "Punta De Choros", "Direccion": "Punta de choros NºS/N, Punta de choros", "Telefono": "95343644", "Email": "memoruz@gmail.com", "Tipo": "Buceo recreativo autónomo", "Servicio Cumple Inspeccion": "NO CUMPLE INSPECCIÓN", "Servicio Cumple Patente": "REGISTRO NO VIGENTE", "Sitio Web": null, "Y": "-29.2413", "X": "-71.45046", "Origen Dato": "Registro Nacional de Servicios Turisticos, SERNATUR", "Descripcion": "INSPECCIÓN (CUMPLE INSPECCION, NO INSPECCIONADO, NO CUMPLE INSPECCION): La etiqueta indica el resultado del proceso de inspección obligatorio para los servicios de alojamiento y turismo aventura. Su objetivo es determinar el cumplimiento de lo establecido en la ley de turismo y su reglamento (Decreto N° 19 del 12 de abril de 2018 del ministerio de Economía, Fomento y Turismo). ESTADO DE LA DOCUMENTACIÓN (REGISTRO VIGENTE, REGISTRO NO VIGENTE): Cada servicio registrado debe mantener actualizada la documentación que fue aprobada en el proceso de registro. De acuerdo a lo establecido en el decreto Nº 19 de 2208, el cual establece los requisitos para el registro de cada tipo de servicio, la documentación puede corresponder a la patente comercial temporal o definitiva, certificado de primeros auxilios, certificados de exención, permiso de autoridad competente u otra. https://portalserviciosturisticos.sernatur.cl/", "Ultima Actualizacion del Dato": "Abril 2025" }, "geometry": { "type": "Point", "coordinates": [ -71.464896278592107, -29.244777762540252 ] } },
{ "type": "Feature", "properties": { "fid": 122, "Foto": "http://serviciosturisticos.sernatur.cl/images/noaventura.jpg", "Nombre": "TURISMO AZUL", "Link Sernatur": "https://serviciosturisticos.sernatur.cl/67882-turismo-azul", "Region": "Region de Coquimbo", "Comuna": "La Higuera", "Localidad": "Chungungo", "Direccion": "Arturo prat s/n Nº0, Chungungo", "Telefono": "(56) 958513802", "Email": "chungungoturismoazul@gmail.com", "Tipo": "Paseos náuticos", "Servicio Cumple Inspeccion": "NO CUMPLE INSPECCIÓN", "Servicio Cumple Patente": "REGISTRO NO VIGENTE", "Sitio Web": null, "Y": "-29.25045", "X": "-71.46993", "Origen Dato": "Registro Nacional de Servicios Turisticos, SERNATUR", "Descripcion": "INSPECCIÓN (CUMPLE INSPECCION, NO INSPECCIONADO, NO CUMPLE INSPECCION): La etiqueta indica el resultado del proceso de inspección obligatorio para los servicios de alojamiento y turismo aventura. Su objetivo es determinar el cumplimiento de lo establecido en la ley de turismo y su reglamento (Decreto N° 19 del 12 de abril de 2018 del ministerio de Economía, Fomento y Turismo). ESTADO DE LA DOCUMENTACIÓN (REGISTRO VIGENTE, REGISTRO NO VIGENTE): Cada servicio registrado debe mantener actualizada la documentación que fue aprobada en el proceso de registro. De acuerdo a lo establecido en el decreto Nº 19 de 2209, el cual establece los requisitos para el registro de cada tipo de servicio, la documentación puede corresponder a la patente comercial temporal o definitiva, certificado de primeros auxilios, certificados de exención, permiso de autoridad competente u otra. https://portalserviciosturisticos.sernatur.cl/", "Ultima Actualizacion del Dato": "Abril 2025" }, "geometry": { "type": "Point", "coordinates": [ -71.467936189956745, -29.246169213765008 ] } },
{ "type": "Feature", "properties": { "fid": 123, "Foto": "http://serviciosturisticos.sernatur.cl/images/noalojamiento.jpg", "Nombre": "AMANCAY", "Link Sernatur": "https://serviciosturisticos.sernatur.cl/65610-amancay", "Region": "Region de Coquimbo", "Comuna": "La Higuera", "Localidad": "La Higuera", "Direccion": "Pedro pablo muÑoz NºS/N, La higuera", "Telefono": "(56) 956296815", "Email": "villalobosvillalobos@gmail.com", "Tipo": "Cabañas", "Servicio Cumple Inspeccion": "NO INSPECCIONADO", "Servicio Cumple Patente": "REGISTRO NO VIGENTE", "Sitio Web": null, "Y": "-29.51470665925082", "X": " -71.20570612711637", "Origen Dato": "Registro Nacional de Servicios Turisticos, SERNATUR", "Descripcion": "INSPECCIÓN (CUMPLE INSPECCION, NO INSPECCIONADO, NO CUMPLE INSPECCION): La etiqueta indica el resultado del proceso de inspección obligatorio para los servicios de alojamiento y turismo aventura. Su objetivo es determinar el cumplimiento de lo establecido en la ley de turismo y su reglamento (Decreto N° 19 del 12 de abril de 2018 del ministerio de Economía, Fomento y Turismo). ESTADO DE LA DOCUMENTACIÓN (REGISTRO VIGENTE, REGISTRO NO VIGENTE): Cada servicio registrado debe mantener actualizada la documentación que fue aprobada en el proceso de registro. De acuerdo a lo establecido en el decreto Nº 19 de 2210, el cual establece los requisitos para el registro de cada tipo de servicio, la documentación puede corresponder a la patente comercial temporal o definitiva, certificado de primeros auxilios, certificados de exención, permiso de autoridad competente u otra. https://portalserviciosturisticos.sernatur.cl/", "Ultima Actualizacion del Dato": "Abril 2025" }, "geometry": { "type": "Point", "coordinates": [ -71.205706127116372, -29.51470665925082 ] } },
{ "type": "Feature", "properties": { "fid": 124, "Foto": "http://serviciosturisticos.sernatur.cl/images/notransporte.jpg", "Nombre": "Déjame Pensarlo", "Link Sernatur": "https://serviciosturisticos.sernatur.cl/71311-dejame-pensarlo", "Region": "Region de Coquimbo", "Comuna": "La Higuera", "Localidad": "Punta De Choros", "Direccion": "Punta de choros Nºs/n, Punta de choros", "Telefono": "(56) 963121174", "Email": "jtamayovergara@hotmail.com", "Tipo": "Transporte marítimo", "Servicio Cumple Inspeccion": null, "Servicio Cumple Patente": "REGISTRO VIGENTE", "Sitio Web": null, "Y": "-29.25045", "X": "-71.46993", "Origen Dato": "Registro Nacional de Servicios Turisticos, SERNATUR", "Descripcion": "INSPECCIÓN (CUMPLE INSPECCION, NO INSPECCIONADO, NO CUMPLE INSPECCION): La etiqueta indica el resultado del proceso de inspección obligatorio para los servicios de alojamiento y turismo aventura. Su objetivo es determinar el cumplimiento de lo establecido en la ley de turismo y su reglamento (Decreto N° 19 del 12 de abril de 2018 del ministerio de Economía, Fomento y Turismo). ESTADO DE LA DOCUMENTACIÓN (REGISTRO VIGENTE, REGISTRO NO VIGENTE): Cada servicio registrado debe mantener actualizada la documentación que fue aprobada en el proceso de registro. De acuerdo a lo establecido en el decreto Nº 19 de 2211, el cual establece los requisitos para el registro de cada tipo de servicio, la documentación puede corresponder a la patente comercial temporal o definitiva, certificado de primeros auxilios, certificados de exención, permiso de autoridad competente u otra. https://portalserviciosturisticos.sernatur.cl/", "Ultima Actualizacion del Dato": "Abril 2025" }, "geometry": { "type": "Point", "coordinates": [ -71.468305463864226, -29.246752116735657 ] } },
{ "type": "Feature", "properties": { "fid": 125, "Foto": "http://serviciosturisticos.sernatur.cl/images/notransporte.jpg", "Nombre": "El milton", "Link Sernatur": "https://serviciosturisticos.sernatur.cl/70867-el-milton", "Region": "Region de Coquimbo", "Comuna": "La Higuera", "Localidad": "Punta De Choros", "Direccion": "Av los aguirre NºS/n, Punta de choros", "Telefono": "(56) 942469456", "Email": "monserratcamilahuertatorres@gmail.com", "Tipo": "Transporte marítimo", "Servicio Cumple Inspeccion": null, "Servicio Cumple Patente": "REGISTRO VIGENTE", "Sitio Web": null, "Y": "-29.25046", "X": "-71.46994", "Origen Dato": "Registro Nacional de Servicios Turisticos, SERNATUR", "Descripcion": "INSPECCIÓN (CUMPLE INSPECCION, NO INSPECCIONADO, NO CUMPLE INSPECCION): La etiqueta indica el resultado del proceso de inspección obligatorio para los servicios de alojamiento y turismo aventura. Su objetivo es determinar el cumplimiento de lo establecido en la ley de turismo y su reglamento (Decreto N° 19 del 12 de abril de 2018 del ministerio de Economía, Fomento y Turismo). ESTADO DE LA DOCUMENTACIÓN (REGISTRO VIGENTE, REGISTRO NO VIGENTE): Cada servicio registrado debe mantener actualizada la documentación que fue aprobada en el proceso de registro. De acuerdo a lo establecido en el decreto Nº 19 de 2212, el cual establece los requisitos para el registro de cada tipo de servicio, la documentación puede corresponder a la patente comercial temporal o definitiva, certificado de primeros auxilios, certificados de exención, permiso de autoridad competente u otra. https://portalserviciosturisticos.sernatur.cl/", "Ultima Actualizacion del Dato": "Abril 2025" }, "geometry": { "type": "Point", "coordinates": [ -71.467516007211842, -29.246183482730402 ] } },
{ "type": "Feature", "properties": { "fid": 126, "Foto": "http://serviciosturisticos.sernatur.cl/folder/empresas/emp_21317138/inscripcion_78309/phpVF1hYW.jpg", "Nombre": "Gabriel Andres Aguilera Orellana", "Link Sernatur": "https://serviciosturisticos.sernatur.cl/60561-gabriel-andres-aguilera-orellana", "Region": "Region de Coquimbo", "Comuna": "La Higuera", "Localidad": "Caleta Hornos", "Direccion": null, "Telefono": "(56) 987450493", "Email": "aguilerandres34@gmail.com", "Tipo": "Especializado en turismo aventura", "Servicio Cumple Inspeccion": null, "Servicio Cumple Patente": "REGISTRO VIGENTE", "Sitio Web": null, "Y": "-29.621703628310353", "X": "-71.28707625226137", "Origen Dato": "Registro Nacional de Servicios Turisticos, SERNATUR", "Descripcion": "INSPECCIÓN (CUMPLE INSPECCION, NO INSPECCIONADO, NO CUMPLE INSPECCION): La etiqueta indica el resultado del proceso de inspección obligatorio para los servicios de alojamiento y turismo aventura. Su objetivo es determinar el cumplimiento de lo establecido en la ley de turismo y su reglamento (Decreto N° 19 del 12 de abril de 2018 del ministerio de Economía, Fomento y Turismo). ESTADO DE LA DOCUMENTACIÓN (REGISTRO VIGENTE, REGISTRO NO VIGENTE): Cada servicio registrado debe mantener actualizada la documentación que fue aprobada en el proceso de registro. De acuerdo a lo establecido en el decreto Nº 19 de 2213, el cual establece los requisitos para el registro de cada tipo de servicio, la documentación puede corresponder a la patente comercial temporal o definitiva, certificado de primeros auxilios, certificados de exención, permiso de autoridad competente u otra. https://portalserviciosturisticos.sernatur.cl/", "Ultima Actualizacion del Dato": "Abril 2025" }, "geometry": { "type": "Point", "coordinates": [ -71.287076252261372, -29.621703628310353 ] } },
{ "type": "Feature", "properties": { "fid": 127, "Foto": "http://serviciosturisticos.sernatur.cl/images/noalimentacion.jpg", "Nombre": "irma ester", "Link Sernatur": "https://serviciosturisticos.sernatur.cl/28120-irma-ester", "Region": "Region de Coquimbo", "Comuna": "La Higuera", "Localidad": "Chungungo", "Direccion": "Arturo prat NºS/n, Chungungo", "Telefono": "(09) 958513802", "Email": "maca_olivares1980@hotmail.com", "Tipo": "Restaurante", "Servicio Cumple Inspeccion": null, "Servicio Cumple Patente": "REGISTRO VIGENTE", "Sitio Web": null, "Y": "-29.447288265577257", "X": " -71.2993109345673", "Origen Dato": "Registro Nacional de Servicios Turisticos, SERNATUR", "Descripcion": "INSPECCIÓN (CUMPLE INSPECCION, NO INSPECCIONADO, NO CUMPLE INSPECCION): La etiqueta indica el resultado del proceso de inspección obligatorio para los servicios de alojamiento y turismo aventura. Su objetivo es determinar el cumplimiento de lo establecido en la ley de turismo y su reglamento (Decreto N° 19 del 12 de abril de 2018 del ministerio de Economía, Fomento y Turismo). ESTADO DE LA DOCUMENTACIÓN (REGISTRO VIGENTE, REGISTRO NO VIGENTE): Cada servicio registrado debe mantener actualizada la documentación que fue aprobada en el proceso de registro. De acuerdo a lo establecido en el decreto Nº 19 de 2214, el cual establece los requisitos para el registro de cada tipo de servicio, la documentación puede corresponder a la patente comercial temporal o definitiva, certificado de primeros auxilios, certificados de exención, permiso de autoridad competente u otra. https://portalserviciosturisticos.sernatur.cl/", "Ultima Actualizacion del Dato": "Abril 2025" }, "geometry": { "type": "Point", "coordinates": [ -71.299310934567302, -29.447288265577257 ] } },
{ "type": "Feature", "properties": { "fid": 128, "Foto": "http://serviciosturisticos.sernatur.cl/folder/empresas/emp_10082438/inscripcion_90416/phpIwgvy3.jpg", "Nombre": "Jessica Marlene Osorio González", "Link Sernatur": "https://serviciosturisticos.sernatur.cl/72669-jessica-marlene-osorio-gonzalez", "Region": "Region de Coquimbo", "Comuna": "La Higuera", "Localidad": "Punta De Choros", "Direccion": null, "Telefono": "(56) 976338275", "Email": "jessica.osorio58@gmail.com", "Tipo": "Local", "Servicio Cumple Inspeccion": null, "Servicio Cumple Patente": "REGISTRO VIGENTE", "Sitio Web": null, "Y": "-29.447288265577257", "X": " -71.2993109345673", "Origen Dato": "Registro Nacional de Servicios Turisticos, SERNATUR", "Descripcion": "INSPECCIÓN (CUMPLE INSPECCION, NO INSPECCIONADO, NO CUMPLE INSPECCION): La etiqueta indica el resultado del proceso de inspección obligatorio para los servicios de alojamiento y turismo aventura. Su objetivo es determinar el cumplimiento de lo establecido en la ley de turismo y su reglamento (Decreto N° 19 del 12 de abril de 2018 del ministerio de Economía, Fomento y Turismo). ESTADO DE LA DOCUMENTACIÓN (REGISTRO VIGENTE, REGISTRO NO VIGENTE): Cada servicio registrado debe mantener actualizada la documentación que fue aprobada en el proceso de registro. De acuerdo a lo establecido en el decreto Nº 19 de 2215, el cual establece los requisitos para el registro de cada tipo de servicio, la documentación puede corresponder a la patente comercial temporal o definitiva, certificado de primeros auxilios, certificados de exención, permiso de autoridad competente u otra. https://portalserviciosturisticos.sernatur.cl/", "Ultima Actualizacion del Dato": "Abril 2025" }, "geometry": { "type": "Point", "coordinates": [ -71.299310934567302, -29.447288265577257 ] } },
{ "type": "Feature", "properties": { "fid": 129, "Foto": "http://serviciosturisticos.sernatur.cl/images/notransporte.jpg", "Nombre": "Nicolás I", "Link Sernatur": "https://serviciosturisticos.sernatur.cl/71540-nicolas-i", "Region": "Region de Coquimbo", "Comuna": "La Higuera", "Localidad": "Punta De Choros", "Direccion": "Punta de choros s/n manzana l Nº7, Punta de choros", "Telefono": "(09) 945959620", "Email": "juliatamayo758@gmail.com", "Tipo": "Transporte marítimo", "Servicio Cumple Inspeccion": null, "Servicio Cumple Patente": "REGISTRO VIGENTE", "Sitio Web": null, "Y": "-29.447288265577257", "X": " -71.2993109345673", "Origen Dato": "Registro Nacional de Servicios Turisticos, SERNATUR", "Descripcion": "INSPECCIÓN (CUMPLE INSPECCION, NO INSPECCIONADO, NO CUMPLE INSPECCION): La etiqueta indica el resultado del proceso de inspección obligatorio para los servicios de alojamiento y turismo aventura. Su objetivo es determinar el cumplimiento de lo establecido en la ley de turismo y su reglamento (Decreto N° 19 del 12 de abril de 2018 del ministerio de Economía, Fomento y Turismo). ESTADO DE LA DOCUMENTACIÓN (REGISTRO VIGENTE, REGISTRO NO VIGENTE): Cada servicio registrado debe mantener actualizada la documentación que fue aprobada en el proceso de registro. De acuerdo a lo establecido en el decreto Nº 19 de 2216, el cual establece los requisitos para el registro de cada tipo de servicio, la documentación puede corresponder a la patente comercial temporal o definitiva, certificado de primeros auxilios, certificados de exención, permiso de autoridad competente u otra. https://portalserviciosturisticos.sernatur.cl/", "Ultima Actualizacion del Dato": "Abril 2025" }, "geometry": { "type": "Point", "coordinates": [ -71.299310934567302, -29.447288265577257 ] } },
{ "type": "Feature", "properties": { "fid": 130, "Foto": "http://serviciosturisticos.sernatur.cl/folder/empresas/emp_13655426/inscripcion_80231/phpXest74.jpeg", "Nombre": "Polo Sepulveda Molina", "Link Sernatur": "https://serviciosturisticos.sernatur.cl/62483-polo-sepulveda-molina", "Region": "Region de Coquimbo", "Comuna": "La Higuera", "Localidad": "Yerbas Buenas", "Direccion": null, "Telefono": "(56) 994160189", "Email": null, "Tipo": "Especializado en turismo aventura", "Servicio Cumple Inspeccion": null, "Servicio Cumple Patente": "REGISTRO VIGENTE", "Sitio Web": null, "Y": "-29.57363749698223", "X": "-71.29989098352594", "Origen Dato": "Registro Nacional de Servicios Turisticos, SERNATUR", "Descripcion": "INSPECCIÓN (CUMPLE INSPECCION, NO INSPECCIONADO, NO CUMPLE INSPECCION): La etiqueta indica el resultado del proceso de inspección obligatorio para los servicios de alojamiento y turismo aventura. Su objetivo es determinar el cumplimiento de lo establecido en la ley de turismo y su reglamento (Decreto N° 19 del 12 de abril de 2018 del ministerio de Economía, Fomento y Turismo). ESTADO DE LA DOCUMENTACIÓN (REGISTRO VIGENTE, REGISTRO NO VIGENTE): Cada servicio registrado debe mantener actualizada la documentación que fue aprobada en el proceso de registro. De acuerdo a lo establecido en el decreto Nº 19 de 2217, el cual establece los requisitos para el registro de cada tipo de servicio, la documentación puede corresponder a la patente comercial temporal o definitiva, certificado de primeros auxilios, certificados de exención, permiso de autoridad competente u otra. https://portalserviciosturisticos.sernatur.cl/", "Ultima Actualizacion del Dato": "Abril 2025" }, "geometry": { "type": "Point", "coordinates": [ -71.299890983525941, -29.573637496982229 ] } },
{ "type": "Feature", "properties": { "fid": 131, "Foto": "http://serviciosturisticos.sernatur.cl/images/noalimentacion.jpg", "Nombre": "RESTAURANT EL PINGUINO", "Link Sernatur": "https://serviciosturisticos.sernatur.cl/15653-restaurant-el-pinguino", "Region": "Region de Coquimbo", "Comuna": "La Higuera", "Localidad": "Punta De Choros", "Direccion": "Sitio 3, punta de choros NºS/N, Punta de choros", "Telefono": "(56) 981206250", "Email": "losdelabarra@gmail.com", "Tipo": "Restaurante", "Servicio Cumple Inspeccion": null, "Servicio Cumple Patente": "REGISTRO VIGENTE", "Sitio Web": null, "Y": "-29.2485737", "X": "-71.4666787", "Origen Dato": "Registro Nacional de Servicios Turisticos, SERNATUR", "Descripcion": "INSPECCIÓN (CUMPLE INSPECCION, NO INSPECCIONADO, NO CUMPLE INSPECCION): La etiqueta indica el resultado del proceso de inspección obligatorio para los servicios de alojamiento y turismo aventura. Su objetivo es determinar el cumplimiento de lo establecido en la ley de turismo y su reglamento (Decreto N° 19 del 12 de abril de 2018 del ministerio de Economía, Fomento y Turismo). ESTADO DE LA DOCUMENTACIÓN (REGISTRO VIGENTE, REGISTRO NO VIGENTE): Cada servicio registrado debe mantener actualizada la documentación que fue aprobada en el proceso de registro. De acuerdo a lo establecido en el decreto Nº 19 de 2218, el cual establece los requisitos para el registro de cada tipo de servicio, la documentación puede corresponder a la patente comercial temporal o definitiva, certificado de primeros auxilios, certificados de exención, permiso de autoridad competente u otra. https://portalserviciosturisticos.sernatur.cl/", "Ultima Actualizacion del Dato": "Abril 2025" }, "geometry": { "type": "Point", "coordinates": [ -71.4666787, -29.2485737 ] } },
{ "type": "Feature", "properties": { "fid": 132, "Foto": "http://serviciosturisticos.sernatur.cl/folder/empresas/emp_10790423/inscripcion_45621/phpA840T1.jpg", "Nombre": "Restaurante Rusticostero", "Link Sernatur": "https://serviciosturisticos.sernatur.cl/27868-restaurante-rusticostero", "Region": "Region de Coquimbo", "Comuna": "La Higuera", "Localidad": "Punta De Choros", "Direccion": "Manzana l sitio 2 Nº02, Punta de choros", "Telefono": "(56) 968364837", "Email": "domingarojassegura@gmail.com", "Tipo": "Restaurante", "Servicio Cumple Inspeccion": null, "Servicio Cumple Patente": "REGISTRO VIGENTE", "Sitio Web": null, "Y": "-29.24496856593729", "X": " -71.46098221244235", "Origen Dato": "Registro Nacional de Servicios Turisticos, SERNATUR", "Descripcion": "INSPECCIÓN (CUMPLE INSPECCION, NO INSPECCIONADO, NO CUMPLE INSPECCION): La etiqueta indica el resultado del proceso de inspección obligatorio para los servicios de alojamiento y turismo aventura. Su objetivo es determinar el cumplimiento de lo establecido en la ley de turismo y su reglamento (Decreto N° 19 del 12 de abril de 2018 del ministerio de Economía, Fomento y Turismo). ESTADO DE LA DOCUMENTACIÓN (REGISTRO VIGENTE, REGISTRO NO VIGENTE): Cada servicio registrado debe mantener actualizada la documentación que fue aprobada en el proceso de registro. De acuerdo a lo establecido en el decreto Nº 19 de 2219, el cual establece los requisitos para el registro de cada tipo de servicio, la documentación puede corresponder a la patente comercial temporal o definitiva, certificado de primeros auxilios, certificados de exención, permiso de autoridad competente u otra. https://portalserviciosturisticos.sernatur.cl/", "Ultima Actualizacion del Dato": "Abril 2025" }, "geometry": { "type": "Point", "coordinates": [ -71.460982212442346, -29.244968565937292 ] } },
{ "type": "Feature", "properties": { "fid": 133, "Foto": "http://serviciosturisticos.sernatur.cl/folder/empresas/emp_15052380/inscripcion_83324/phpyHYv1Z.jpg", "Nombre": "ROBINSON ELIAS VILLALOBOS VILLALOBOS", "Link Sernatur": "https://serviciosturisticos.sernatur.cl/65577-robinson-elias-villalobos-villalobos", "Region": "Region de Coquimbo", "Comuna": "La Higuera", "Localidad": "La Higuera", "Direccion": "Región de Coquimbo", "Telefono": "(56) 956296815", "Email": "villalobosvillalobos@gmail.com", "Tipo": "Especializado en turismo aventura", "Servicio Cumple Inspeccion": null, "Servicio Cumple Patente": "REGISTRO VIGENTE", "Sitio Web": null, "Y": "-29.511415716923914", "X": "-71.200687859987", "Origen Dato": "Registro Nacional de Servicios Turisticos, SERNATUR", "Descripcion": "INSPECCIÓN (CUMPLE INSPECCION, NO INSPECCIONADO, NO CUMPLE INSPECCION): La etiqueta indica el resultado del proceso de inspección obligatorio para los servicios de alojamiento y turismo aventura. Su objetivo es determinar el cumplimiento de lo establecido en la ley de turismo y su reglamento (Decreto N° 19 del 12 de abril de 2018 del ministerio de Economía, Fomento y Turismo). ESTADO DE LA DOCUMENTACIÓN (REGISTRO VIGENTE, REGISTRO NO VIGENTE): Cada servicio registrado debe mantener actualizada la documentación que fue aprobada en el proceso de registro. De acuerdo a lo establecido en el decreto Nº 19 de 2220, el cual establece los requisitos para el registro de cada tipo de servicio, la documentación puede corresponder a la patente comercial temporal o definitiva, certificado de primeros auxilios, certificados de exención, permiso de autoridad competente u otra. https://portalserviciosturisticos.sernatur.cl/", "Ultima Actualizacion del Dato": "Abril 2025" }, "geometry": { "type": "Point", "coordinates": [ -71.200687859986999, -29.511415716923914 ] } },
{ "type": "Feature", "properties": { "fid": 134, "Foto": "http://serviciosturisticos.sernatur.cl/folder/empresas/emp_19664605/inscripcion_89122/phpfrwlUm.jpeg", "Nombre": "Soledad Diaz", "Link Sernatur": "https://serviciosturisticos.sernatur.cl/71375-soledad-diaz", "Region": "Region de Coquimbo", "Comuna": "La Higuera", "Localidad": "Punta De Choros", "Direccion": "Región de Coquimbo", "Telefono": "(56) 965586510", "Email": "soledadiazp@gmail.com", "Tipo": "General", "Servicio Cumple Inspeccion": null, "Servicio Cumple Patente": "REGISTRO VIGENTE", "Sitio Web": null, "Y": "-29.247124368054187", "X": "-71.46183937392979", "Origen Dato": "Registro Nacional de Servicios Turisticos, SERNATUR", "Descripcion": "INSPECCIÓN (CUMPLE INSPECCION, NO INSPECCIONADO, NO CUMPLE INSPECCION): La etiqueta indica el resultado del proceso de inspección obligatorio para los servicios de alojamiento y turismo aventura. Su objetivo es determinar el cumplimiento de lo establecido en la ley de turismo y su reglamento (Decreto N° 19 del 12 de abril de 2018 del ministerio de Economía, Fomento y Turismo). ESTADO DE LA DOCUMENTACIÓN (REGISTRO VIGENTE, REGISTRO NO VIGENTE): Cada servicio registrado debe mantener actualizada la documentación que fue aprobada en el proceso de registro. De acuerdo a lo establecido en el decreto Nº 19 de 2221, el cual establece los requisitos para el registro de cada tipo de servicio, la documentación puede corresponder a la patente comercial temporal o definitiva, certificado de primeros auxilios, certificados de exención, permiso de autoridad competente u otra. https://portalserviciosturisticos.sernatur.cl/", "Ultima Actualizacion del Dato": "Abril 2025" }, "geometry": { "type": "Point", "coordinates": [ -71.461839373929791, -29.247124368054187 ] } },
{ "type": "Feature", "properties": { "fid": 135, "Foto": "http://serviciosturisticos.sernatur.cl/images/notransporte.jpg", "Nombre": "Tío Chelo", "Link Sernatur": "https://serviciosturisticos.sernatur.cl/71970-tio-chelo", "Region": "Region de Coquimbo", "Comuna": "La Higuera", "Localidad": "Punta De Choros", "Direccion": "Punta de choros s/n NºS/N, Punta de choros", "Telefono": "(56) 985922963", "Email": "mariaalejandrinarojas20@gmail.com", "Tipo": "Transporte marítimo", "Servicio Cumple Inspeccion": null, "Servicio Cumple Patente": "REGISTRO VIGENTE", "Sitio Web": null, "Y": "-29.447288265577257", "X": " -71.2993109345673", "Origen Dato": "Registro Nacional de Servicios Turisticos, SERNATUR", "Descripcion": "INSPECCIÓN (CUMPLE INSPECCION, NO INSPECCIONADO, NO CUMPLE INSPECCION): La etiqueta indica el resultado del proceso de inspección obligatorio para los servicios de alojamiento y turismo aventura. Su objetivo es determinar el cumplimiento de lo establecido en la ley de turismo y su reglamento (Decreto N° 19 del 12 de abril de 2018 del ministerio de Economía, Fomento y Turismo). ESTADO DE LA DOCUMENTACIÓN (REGISTRO VIGENTE, REGISTRO NO VIGENTE): Cada servicio registrado debe mantener actualizada la documentación que fue aprobada en el proceso de registro. De acuerdo a lo establecido en el decreto Nº 19 de 2222, el cual establece los requisitos para el registro de cada tipo de servicio, la documentación puede corresponder a la patente comercial temporal o definitiva, certificado de primeros auxilios, certificados de exención, permiso de autoridad competente u otra. https://portalserviciosturisticos.sernatur.cl/", "Ultima Actualizacion del Dato": "Abril 2025" }, "geometry": { "type": "Point", "coordinates": [ -71.299310934567302, -29.447288265577257 ] } },
{ "type": "Feature", "properties": { "fid": 136, "Foto": "http://serviciosturisticos.sernatur.cl/images/notransporte.jpg", "Nombre": "TITIN", "Link Sernatur": "https://serviciosturisticos.sernatur.cl/68463-titin", "Region": "Region de Coquimbo", "Comuna": "La Higuera", "Localidad": "Punta De Choros", "Direccion": "ViÑa del mar Nº2757, Punta de choros", "Telefono": "(56) 931851931", "Email": "linoamablevallecortes67@gmail.com", "Tipo": "Transporte marítimo", "Servicio Cumple Inspeccion": null, "Servicio Cumple Patente": "REGISTRO VIGENTE", "Sitio Web": null, "Y": "-29.447288265577257", "X": " -71.2993109345673", "Origen Dato": "Registro Nacional de Servicios Turisticos, SERNATUR", "Descripcion": "INSPECCIÓN (CUMPLE INSPECCION, NO INSPECCIONADO, NO CUMPLE INSPECCION): La etiqueta indica el resultado del proceso de inspección obligatorio para los servicios de alojamiento y turismo aventura. Su objetivo es determinar el cumplimiento de lo establecido en la ley de turismo y su reglamento (Decreto N° 19 del 12 de abril de 2018 del ministerio de Economía, Fomento y Turismo). ESTADO DE LA DOCUMENTACIÓN (REGISTRO VIGENTE, REGISTRO NO VIGENTE): Cada servicio registrado debe mantener actualizada la documentación que fue aprobada en el proceso de registro. De acuerdo a lo establecido en el decreto Nº 19 de 2223, el cual establece los requisitos para el registro de cada tipo de servicio, la documentación puede corresponder a la patente comercial temporal o definitiva, certificado de primeros auxilios, certificados de exención, permiso de autoridad competente u otra. https://portalserviciosturisticos.sernatur.cl/", "Ultima Actualizacion del Dato": "Abril 2025" }, "geometry": { "type": "Point", "coordinates": [ -71.299310934567302, -29.447288265577257 ] } },
{ "type": "Feature", "properties": { "fid": 137, "Foto": "http://serviciosturisticos.sernatur.cl/folder/empresas/emp_77825553/inscripcion_80291/php9ywPsy.png", "Nombre": "Turismo Humboldt", "Link Sernatur": "https://serviciosturisticos.sernatur.cl/62543-turismo-humboldt", "Region": "Region de Coquimbo", "Comuna": "La Higuera", "Localidad": "Caleta Hornos", "Direccion": "Av. viña del mar Nº3286, Caleta hornos", "Telefono": "(56) 996918033", "Email": "contacto@turismohumboldt.cl", "Tipo": "Receptivo y emisivo", "Servicio Cumple Inspeccion": null, "Servicio Cumple Patente": "REGISTRO VIGENTE", "Sitio Web": "http://www.turismohumboldt.cl/", "Y": "-29.62239260066333", "X": " -71.28984030344387", "Origen Dato": "Registro Nacional de Servicios Turisticos, SERNATUR", "Descripcion": "INSPECCIÓN (CUMPLE INSPECCION, NO INSPECCIONADO, NO CUMPLE INSPECCION): La etiqueta indica el resultado del proceso de inspección obligatorio para los servicios de alojamiento y turismo aventura. Su objetivo es determinar el cumplimiento de lo establecido en la ley de turismo y su reglamento (Decreto N° 19 del 12 de abril de 2018 del ministerio de Economía, Fomento y Turismo). ESTADO DE LA DOCUMENTACIÓN (REGISTRO VIGENTE, REGISTRO NO VIGENTE): Cada servicio registrado debe mantener actualizada la documentación que fue aprobada en el proceso de registro. De acuerdo a lo establecido en el decreto Nº 19 de 2224, el cual establece los requisitos para el registro de cada tipo de servicio, la documentación puede corresponder a la patente comercial temporal o definitiva, certificado de primeros auxilios, certificados de exención, permiso de autoridad competente u otra. https://portalserviciosturisticos.sernatur.cl/", "Ultima Actualizacion del Dato": "Abril 2025" }, "geometry": { "type": "Point", "coordinates": [ -71.289840303443867, -29.622392600663328 ] } },
{ "type": "Feature", "properties": { "fid": 138, "Foto": "http://serviciosturisticos.sernatur.cl/images/noguias.jpg", "Nombre": "Vilma Moya Rojas", "Link Sernatur": "https://serviciosturisticos.sernatur.cl/66861-vilma-moya-rojas", "Region": "Region de Coquimbo", "Comuna": "La Higuera", "Localidad": "Chungungo", "Direccion": null, "Telefono": "(56) 961720430", "Email": "vmoyar@outlook.com", "Tipo": "Local", "Servicio Cumple Inspeccion": null, "Servicio Cumple Patente": "REGISTRO VIGENTE", "Sitio Web": null, "Y": "-29.446005563452314", "X": " -71.29900551190497", "Origen Dato": "Registro Nacional de Servicios Turisticos, SERNATUR", "Descripcion": "INSPECCIÓN (CUMPLE INSPECCION, NO INSPECCIONADO, NO CUMPLE INSPECCION): La etiqueta indica el resultado del proceso de inspección obligatorio para los servicios de alojamiento y turismo aventura. Su objetivo es determinar el cumplimiento de lo establecido en la ley de turismo y su reglamento (Decreto N° 19 del 12 de abril de 2018 del ministerio de Economía, Fomento y Turismo). ESTADO DE LA DOCUMENTACIÓN (REGISTRO VIGENTE, REGISTRO NO VIGENTE): Cada servicio registrado debe mantener actualizada la documentación que fue aprobada en el proceso de registro. De acuerdo a lo establecido en el decreto Nº 19 de 2225, el cual establece los requisitos para el registro de cada tipo de servicio, la documentación puede corresponder a la patente comercial temporal o definitiva, certificado de primeros auxilios, certificados de exención, permiso de autoridad competente u otra. https://portalserviciosturisticos.sernatur.cl/", "Ultima Actualizacion del Dato": "Abril 2025" }, "geometry": { "type": "Point", "coordinates": [ -71.299005511904966, -29.446005563452314 ] } },
{ "type": "Feature", "properties": { "fid": 139, "Foto": "http://serviciosturisticos.sernatur.cl/images/noalimentacion.jpg", "Nombre": "Alto Aqui", "Link Sernatur": "https://serviciosturisticos.sernatur.cl/12627-alto-aqui", "Region": "Region de Coquimbo", "Comuna": "La Higuera", "Localidad": "Caleta Hornos", "Direccion": "Caleta los hornos NºS/N, Caleta hornos", "Telefono": "91989160", "Email": "suc.raquel.pasten@gmail.com", "Tipo": "Restaurante", "Servicio Cumple Inspeccion": null, "Servicio Cumple Patente": "REGISTRO NO VIGENTE", "Sitio Web": null, "Y": "-29.62195", "X": "-71.284469", "Origen Dato": "Registro Nacional de Servicios Turisticos, SERNATUR", "Descripcion": "INSPECCIÓN (CUMPLE INSPECCION, NO INSPECCIONADO, NO CUMPLE INSPECCION): La etiqueta indica el resultado del proceso de inspección obligatorio para los servicios de alojamiento y turismo aventura. Su objetivo es determinar el cumplimiento de lo establecido en la ley de turismo y su reglamento (Decreto N° 19 del 12 de abril de 2018 del ministerio de Economía, Fomento y Turismo). ESTADO DE LA DOCUMENTACIÓN (REGISTRO VIGENTE, REGISTRO NO VIGENTE): Cada servicio registrado debe mantener actualizada la documentación que fue aprobada en el proceso de registro. De acuerdo a lo establecido en el decreto Nº 19 de 2226, el cual establece los requisitos para el registro de cada tipo de servicio, la documentación puede corresponder a la patente comercial temporal o definitiva, certificado de primeros auxilios, certificados de exención, permiso de autoridad competente u otra. https://portalserviciosturisticos.sernatur.cl/", "Ultima Actualizacion del Dato": "Abril 2025" }, "geometry": { "type": "Point", "coordinates": [ -71.284469, -29.62195 ] } },
{ "type": "Feature", "properties": { "fid": 140, "Foto": "http://serviciosturisticos.sernatur.cl/folder/empresas/emp_10184042/inscripcion_84330/phpdUQw1G.jpeg", "Nombre": "ArteFlor Chile", "Link Sernatur": "https://serviciosturisticos.sernatur.cl/66583-arteflor-chile", "Region": "Region de Coquimbo", "Comuna": "La Higuera", "Localidad": "Chungungo", "Direccion": "Arturo prat s/n Nº0, Chungungo", "Telefono": "(56) 969194128", "Email": "emprendimientoarteflorchile@gmail.com", "Tipo": "Comida rápida", "Servicio Cumple Inspeccion": null, "Servicio Cumple Patente": "REGISTRO NO VIGENTE", "Sitio Web": null, "Y": "-29.451048590735876", "X": " -71.30071611048214", "Origen Dato": "Registro Nacional de Servicios Turisticos, SERNATUR", "Descripcion": "INSPECCIÓN (CUMPLE INSPECCION, NO INSPECCIONADO, NO CUMPLE INSPECCION): La etiqueta indica el resultado del proceso de inspección obligatorio para los servicios de alojamiento y turismo aventura. Su objetivo es determinar el cumplimiento de lo establecido en la ley de turismo y su reglamento (Decreto N° 19 del 12 de abril de 2018 del ministerio de Economía, Fomento y Turismo). ESTADO DE LA DOCUMENTACIÓN (REGISTRO VIGENTE, REGISTRO NO VIGENTE): Cada servicio registrado debe mantener actualizada la documentación que fue aprobada en el proceso de registro. De acuerdo a lo establecido en el decreto Nº 19 de 2227, el cual establece los requisitos para el registro de cada tipo de servicio, la documentación puede corresponder a la patente comercial temporal o definitiva, certificado de primeros auxilios, certificados de exención, permiso de autoridad competente u otra. https://portalserviciosturisticos.sernatur.cl/", "Ultima Actualizacion del Dato": "Abril 2025" }, "geometry": { "type": "Point", "coordinates": [ -71.300716110482142, -29.451048590735876 ] } },
{ "type": "Feature", "properties": { "fid": 141, "Foto": "http://serviciosturisticos.sernatur.cl/folder/empresas/emp_6122440/inscripcion_84343/phpvV3sTT.jpg", "Nombre": "Artesanías Gaspar Andrade", "Link Sernatur": "https://serviciosturisticos.sernatur.cl/66596-artesanias-gaspar-andrade", "Region": "Region de Coquimbo", "Comuna": "La Higuera", "Localidad": "Chungungo", "Direccion": "Arturo prat s/n Nº0, Chungungo", "Telefono": "(56) 985622026", "Email": "emprendimientoartesaniasga@gmail.com", "Tipo": "Artesanía tradicional y/o contemporánea", "Servicio Cumple Inspeccion": null, "Servicio Cumple Patente": "REGISTRO NO VIGENTE", "Sitio Web": null, "Y": "-29.446005563452314", "X": " -71.29900551190497", "Origen Dato": "Registro Nacional de Servicios Turisticos, SERNATUR", "Descripcion": "INSPECCIÓN (CUMPLE INSPECCION, NO INSPECCIONADO, NO CUMPLE INSPECCION): La etiqueta indica el resultado del proceso de inspección obligatorio para los servicios de alojamiento y turismo aventura. Su objetivo es determinar el cumplimiento de lo establecido en la ley de turismo y su reglamento (Decreto N° 19 del 12 de abril de 2018 del ministerio de Economía, Fomento y Turismo). ESTADO DE LA DOCUMENTACIÓN (REGISTRO VIGENTE, REGISTRO NO VIGENTE): Cada servicio registrado debe mantener actualizada la documentación que fue aprobada en el proceso de registro. De acuerdo a lo establecido en el decreto Nº 19 de 2228, el cual establece los requisitos para el registro de cada tipo de servicio, la documentación puede corresponder a la patente comercial temporal o definitiva, certificado de primeros auxilios, certificados de exención, permiso de autoridad competente u otra. https://portalserviciosturisticos.sernatur.cl/", "Ultima Actualizacion del Dato": "Abril 2025" }, "geometry": { "type": "Point", "coordinates": [ -71.299005511904966, -29.446005563452314 ] } },
{ "type": "Feature", "properties": { "fid": 142, "Foto": "http://serviciosturisticos.sernatur.cl/folder/empresas/emp_4415645/inscripcion_22461/phpkwDtrV.jpg", "Nombre": "Brisa Marina", "Link Sernatur": "https://serviciosturisticos.sernatur.cl/16499-brisa-marina", "Region": "Region de Coquimbo", "Comuna": "La Higuera", "Localidad": "Caleta Hornos", "Direccion": "Las añañucas Nºs/n, Caleta hornos", "Telefono": "(56) 984137889", "Email": "jaguilerahist@gmail.com", "Tipo": "Restaurante", "Servicio Cumple Inspeccion": null, "Servicio Cumple Patente": "REGISTRO NO VIGENTE", "Sitio Web": null, "Y": "-29.621457", "X": "-71.2885289", "Origen Dato": "Registro Nacional de Servicios Turisticos, SERNATUR", "Descripcion": "INSPECCIÓN (CUMPLE INSPECCION, NO INSPECCIONADO, NO CUMPLE INSPECCION): La etiqueta indica el resultado del proceso de inspección obligatorio para los servicios de alojamiento y turismo aventura. Su objetivo es determinar el cumplimiento de lo establecido en la ley de turismo y su reglamento (Decreto N° 19 del 12 de abril de 2018 del ministerio de Economía, Fomento y Turismo). ESTADO DE LA DOCUMENTACIÓN (REGISTRO VIGENTE, REGISTRO NO VIGENTE): Cada servicio registrado debe mantener actualizada la documentación que fue aprobada en el proceso de registro. De acuerdo a lo establecido en el decreto Nº 19 de 2229, el cual establece los requisitos para el registro de cada tipo de servicio, la documentación puede corresponder a la patente comercial temporal o definitiva, certificado de primeros auxilios, certificados de exención, permiso de autoridad competente u otra. https://portalserviciosturisticos.sernatur.cl/", "Ultima Actualizacion del Dato": "Abril 2025" }, "geometry": { "type": "Point", "coordinates": [ -71.287366832096183, -29.622045068261258 ] } },
{ "type": "Feature", "properties": { "fid": 144, "Foto": "http://serviciosturisticos.sernatur.cl/folder/empresas/emp_11346809/inscripcion_83676/phpGe4dmY.jpeg", "Nombre": "Conservas y Mermeladas AR", "Link Sernatur": "https://serviciosturisticos.sernatur.cl/65929-conservas-y-mermeladas-ar", "Region": "Region de Coquimbo", "Comuna": "La Higuera", "Localidad": "Chungungo", "Direccion": "Arturo prat s/n Nº0, Chungungo", "Telefono": "(56) 989765790", "Email": "emprendimientoconservasar@gmail.com", "Tipo": "Productos agroelaborados", "Servicio Cumple Inspeccion": null, "Servicio Cumple Patente": "REGISTRO NO VIGENTE", "Sitio Web": null, "Y": "-29.447752491424307", "X": "-71.29852553144096", "Origen Dato": "Registro Nacional de Servicios Turisticos, SERNATUR", "Descripcion": "INSPECCIÓN (CUMPLE INSPECCION, NO INSPECCIONADO, NO CUMPLE INSPECCION): La etiqueta indica el resultado del proceso de inspección obligatorio para los servicios de alojamiento y turismo aventura. Su objetivo es determinar el cumplimiento de lo establecido en la ley de turismo y su reglamento (Decreto N° 19 del 12 de abril de 2018 del ministerio de Economía, Fomento y Turismo). ESTADO DE LA DOCUMENTACIÓN (REGISTRO VIGENTE, REGISTRO NO VIGENTE): Cada servicio registrado debe mantener actualizada la documentación que fue aprobada en el proceso de registro. De acuerdo a lo establecido en el decreto Nº 19 de 2231, el cual establece los requisitos para el registro de cada tipo de servicio, la documentación puede corresponder a la patente comercial temporal o definitiva, certificado de primeros auxilios, certificados de exención, permiso de autoridad competente u otra. https://portalserviciosturisticos.sernatur.cl/", "Ultima Actualizacion del Dato": "Abril 2025" }, "geometry": { "type": "Point", "coordinates": [ -71.298525531440959, -29.447752491424307 ] } },
{ "type": "Feature", "properties": { "fid": 145, "Foto": "http://serviciosturisticos.sernatur.cl/images/notransporte.jpg", "Nombre": "CRISTIAN ALONSO", "Link Sernatur": "https://serviciosturisticos.sernatur.cl/52036-cristian-alonso", "Region": "Region de Coquimbo", "Comuna": "La Higuera", "Localidad": "Punta De Choros", "Direccion": "Punta de choros NºS/N, Punta de choros", "Telefono": "+56 974109789", "Email": "oscar.o.vergara@gmail.com", "Tipo": "Transporte marítimo", "Servicio Cumple Inspeccion": null, "Servicio Cumple Patente": "REGISTRO NO VIGENTE", "Sitio Web": null, "Y": "-29.447288265577257", "X": " -71.2993109345673", "Origen Dato": "Registro Nacional de Servicios Turisticos, SERNATUR", "Descripcion": "INSPECCIÓN (CUMPLE INSPECCION, NO INSPECCIONADO, NO CUMPLE INSPECCION): La etiqueta indica el resultado del proceso de inspección obligatorio para los servicios de alojamiento y turismo aventura. Su objetivo es determinar el cumplimiento de lo establecido en la ley de turismo y su reglamento (Decreto N° 19 del 12 de abril de 2018 del ministerio de Economía, Fomento y Turismo). ESTADO DE LA DOCUMENTACIÓN (REGISTRO VIGENTE, REGISTRO NO VIGENTE): Cada servicio registrado debe mantener actualizada la documentación que fue aprobada en el proceso de registro. De acuerdo a lo establecido en el decreto Nº 19 de 2232, el cual establece los requisitos para el registro de cada tipo de servicio, la documentación puede corresponder a la patente comercial temporal o definitiva, certificado de primeros auxilios, certificados de exención, permiso de autoridad competente u otra. https://portalserviciosturisticos.sernatur.cl/", "Ultima Actualizacion del Dato": "Abril 2025" }, "geometry": { "type": "Point", "coordinates": [ -71.299310934567302, -29.447288265577257 ] } },
{ "type": "Feature", "properties": { "fid": 146, "Foto": "http://serviciosturisticos.sernatur.cl/folder/empresas/emp_17998694/inscripcion_32702/phpNzIJur.jpg", "Nombre": "DALEIKA LA TITA", "Link Sernatur": "https://serviciosturisticos.sernatur.cl/18334-daleika-la-tita", "Region": "Region de Coquimbo", "Comuna": "La Higuera", "Localidad": "Caleta Hornos", "Direccion": "Ruta 5 norte Nº64, Caleta hornos", "Telefono": "(56) 962877982", "Email": "leidydm20@gmail.com", "Tipo": "Restaurante", "Servicio Cumple Inspeccion": null, "Servicio Cumple Patente": "REGISTRO NO VIGENTE", "Sitio Web": null, "Y": "-29.6222607", "X": "-71.2874853", "Origen Dato": "Registro Nacional de Servicios Turisticos, SERNATUR", "Descripcion": "INSPECCIÓN (CUMPLE INSPECCION, NO INSPECCIONADO, NO CUMPLE INSPECCION): La etiqueta indica el resultado del proceso de inspección obligatorio para los servicios de alojamiento y turismo aventura. Su objetivo es determinar el cumplimiento de lo establecido en la ley de turismo y su reglamento (Decreto N° 19 del 12 de abril de 2018 del ministerio de Economía, Fomento y Turismo). ESTADO DE LA DOCUMENTACIÓN (REGISTRO VIGENTE, REGISTRO NO VIGENTE): Cada servicio registrado debe mantener actualizada la documentación que fue aprobada en el proceso de registro. De acuerdo a lo establecido en el decreto Nº 19 de 2233, el cual establece los requisitos para el registro de cada tipo de servicio, la documentación puede corresponder a la patente comercial temporal o definitiva, certificado de primeros auxilios, certificados de exención, permiso de autoridad competente u otra. https://portalserviciosturisticos.sernatur.cl/", "Ultima Actualizacion del Dato": "Abril 2025" }, "geometry": { "type": "Point", "coordinates": [ -71.2874853, -29.6222607 ] } },
{ "type": "Feature", "properties": { "fid": 147, "Foto": "http://serviciosturisticos.sernatur.cl/images/noalimentacion.jpg", "Nombre": "DONDE LA PATTY", "Link Sernatur": "https://serviciosturisticos.sernatur.cl/12615-donde-la-patty", "Region": "Region de Coquimbo", "Comuna": "La Higuera", "Localidad": "Caleta Hornos", "Direccion": "Sector muelle Nºs/n, Caleta hornos", "Telefono": "+56 53493553", "Email": "patriciasusanatam502@gmail.com", "Tipo": "Restaurante", "Servicio Cumple Inspeccion": null, "Servicio Cumple Patente": "REGISTRO NO VIGENTE", "Sitio Web": null, "Y": "-29.978475", "X": "-71.290596", "Origen Dato": "Registro Nacional de Servicios Turisticos, SERNATUR", "Descripcion": "INSPECCIÓN (CUMPLE INSPECCION, NO INSPECCIONADO, NO CUMPLE INSPECCION): La etiqueta indica el resultado del proceso de inspección obligatorio para los servicios de alojamiento y turismo aventura. Su objetivo es determinar el cumplimiento de lo establecido en la ley de turismo y su reglamento (Decreto N° 19 del 12 de abril de 2018 del ministerio de Economía, Fomento y Turismo). ESTADO DE LA DOCUMENTACIÓN (REGISTRO VIGENTE, REGISTRO NO VIGENTE): Cada servicio registrado debe mantener actualizada la documentación que fue aprobada en el proceso de registro. De acuerdo a lo establecido en el decreto Nº 19 de 2234, el cual establece los requisitos para el registro de cada tipo de servicio, la documentación puede corresponder a la patente comercial temporal o definitiva, certificado de primeros auxilios, certificados de exención, permiso de autoridad competente u otra. https://portalserviciosturisticos.sernatur.cl/", "Ultima Actualizacion del Dato": "Abril 2025" }, "geometry": { "type": "Point", "coordinates": [ -71.290325882521145, -29.622628986293837 ] } },
{ "type": "Feature", "properties": { "fid": 148, "Foto": "http://serviciosturisticos.sernatur.cl/folder/empresas/emp_10512705/inscripcion_22596/phpCnESs8.jpg", "Nombre": "El Bajon", "Link Sernatur": "https://serviciosturisticos.sernatur.cl/12614-el-bajon", "Region": "Region de Coquimbo", "Comuna": "La Higuera", "Localidad": "Caleta Hornos", "Direccion": "Miraflores Nº12, Caleta hornos", "Telefono": "(56) 990148601", "Email": "luisacorrotearomero-1968@hotmail.com", "Tipo": "Comida rápida", "Servicio Cumple Inspeccion": null, "Servicio Cumple Patente": "REGISTRO NO VIGENTE", "Sitio Web": null, "Y": "-29.620918", "X": "-71.284905", "Origen Dato": "Registro Nacional de Servicios Turisticos, SERNATUR", "Descripcion": "INSPECCIÓN (CUMPLE INSPECCION, NO INSPECCIONADO, NO CUMPLE INSPECCION): La etiqueta indica el resultado del proceso de inspección obligatorio para los servicios de alojamiento y turismo aventura. Su objetivo es determinar el cumplimiento de lo establecido en la ley de turismo y su reglamento (Decreto N° 19 del 12 de abril de 2018 del ministerio de Economía, Fomento y Turismo). ESTADO DE LA DOCUMENTACIÓN (REGISTRO VIGENTE, REGISTRO NO VIGENTE): Cada servicio registrado debe mantener actualizada la documentación que fue aprobada en el proceso de registro. De acuerdo a lo establecido en el decreto Nº 19 de 2235, el cual establece los requisitos para el registro de cada tipo de servicio, la documentación puede corresponder a la patente comercial temporal o definitiva, certificado de primeros auxilios, certificados de exención, permiso de autoridad competente u otra. https://portalserviciosturisticos.sernatur.cl/", "Ultima Actualizacion del Dato": "Abril 2025" }, "geometry": { "type": "Point", "coordinates": [ -71.286868979169171, -29.620940509789904 ] } },
{ "type": "Feature", "properties": { "fid": 149, "Foto": "http://serviciosturisticos.sernatur.cl/folder/empresas/emp_15673220/inscripcion_84336/phpDAYTjE.jpg", "Nombre": "Escuela de Buceo Turismo Científico Chungungo", "Link Sernatur": "https://serviciosturisticos.sernatur.cl/66589-escuela-de-buceo-turismo-cientifico-chungungo", "Region": "Region de Coquimbo", "Comuna": "La Higuera", "Localidad": "Chungungo", "Direccion": "La dársena Nºs/n, Chungungo", "Telefono": "(56) 963093822", "Email": "emprendimientobuceochungungo@gmail.com", "Tipo": "Receptivo", "Servicio Cumple Inspeccion": null, "Servicio Cumple Patente": "REGISTRO NO VIGENTE", "Sitio Web": null, "Y": "-29.44606789169131", "X": " -71.29906745705972", "Origen Dato": "Registro Nacional de Servicios Turisticos, SERNATUR", "Descripcion": "INSPECCIÓN (CUMPLE INSPECCION, NO INSPECCIONADO, NO CUMPLE INSPECCION): La etiqueta indica el resultado del proceso de inspección obligatorio para los servicios de alojamiento y turismo aventura. Su objetivo es determinar el cumplimiento de lo establecido en la ley de turismo y su reglamento (Decreto N° 19 del 12 de abril de 2018 del ministerio de Economía, Fomento y Turismo). ESTADO DE LA DOCUMENTACIÓN (REGISTRO VIGENTE, REGISTRO NO VIGENTE): Cada servicio registrado debe mantener actualizada la documentación que fue aprobada en el proceso de registro. De acuerdo a lo establecido en el decreto Nº 19 de 2236, el cual establece los requisitos para el registro de cada tipo de servicio, la documentación puede corresponder a la patente comercial temporal o definitiva, certificado de primeros auxilios, certificados de exención, permiso de autoridad competente u otra. https://portalserviciosturisticos.sernatur.cl/", "Ultima Actualizacion del Dato": "Abril 2025" }, "geometry": { "type": "Point", "coordinates": [ -71.299067457059721, -29.44606789169131 ] } },
{ "type": "Feature", "properties": { "fid": 150, "Foto": "http://serviciosturisticos.sernatur.cl/folder/empresas/emp_11725682/inscripcion_87230/phpsT4hxd.jpg", "Nombre": "Esquina del Sabor Chungungo", "Link Sernatur": "https://serviciosturisticos.sernatur.cl/69483-esquina-del-sabor-chungungo", "Region": "Region de Coquimbo", "Comuna": "La Higuera", "Localidad": "Chungungo", "Direccion": "Arturo prat s/n Nº0, Chungungo", "Telefono": "(56) 972452471", "Email": "emprendimientoesquinasabor@gmail.com", "Tipo": "Comida rápida", "Servicio Cumple Inspeccion": null, "Servicio Cumple Patente": "REGISTRO NO VIGENTE", "Sitio Web": null, "Y": "-29.447717366389398", "X": " -71.29866854245009", "Origen Dato": "Registro Nacional de Servicios Turisticos, SERNATUR", "Descripcion": "INSPECCIÓN (CUMPLE INSPECCION, NO INSPECCIONADO, NO CUMPLE INSPECCION): La etiqueta indica el resultado del proceso de inspección obligatorio para los servicios de alojamiento y turismo aventura. Su objetivo es determinar el cumplimiento de lo establecido en la ley de turismo y su reglamento (Decreto N° 19 del 12 de abril de 2018 del ministerio de Economía, Fomento y Turismo). ESTADO DE LA DOCUMENTACIÓN (REGISTRO VIGENTE, REGISTRO NO VIGENTE): Cada servicio registrado debe mantener actualizada la documentación que fue aprobada en el proceso de registro. De acuerdo a lo establecido en el decreto Nº 19 de 2237, el cual establece los requisitos para el registro de cada tipo de servicio, la documentación puede corresponder a la patente comercial temporal o definitiva, certificado de primeros auxilios, certificados de exención, permiso de autoridad competente u otra. https://portalserviciosturisticos.sernatur.cl/", "Ultima Actualizacion del Dato": "Abril 2025" }, "geometry": { "type": "Point", "coordinates": [ -71.298668542450088, -29.447717366389398 ] } },
{ "type": "Feature", "properties": { "fid": 151, "Foto": "http://serviciosturisticos.sernatur.cl/folder/empresas/emp_15050652/inscripcion_78010/phpzmzwy1.jpeg", "Nombre": "Fas Creacion y Diversion", "Link Sernatur": "https://serviciosturisticos.sernatur.cl/60262-fas-creacion-y-diversion", "Region": "Region de Coquimbo", "Comuna": "La Higuera", "Localidad": "Chungungo", "Direccion": "Andacollo Nº11, Chungungo", "Telefono": "(56) 997269752", "Email": "chungunguina@gmail.com", "Tipo": "Souvenirs", "Servicio Cumple Inspeccion": null, "Servicio Cumple Patente": "REGISTRO NO VIGENTE", "Sitio Web": null, "Y": "-29.44606789169131", "X": " -71.29906745705972", "Origen Dato": "Registro Nacional de Servicios Turisticos, SERNATUR", "Descripcion": "INSPECCIÓN (CUMPLE INSPECCION, NO INSPECCIONADO, NO CUMPLE INSPECCION): La etiqueta indica el resultado del proceso de inspección obligatorio para los servicios de alojamiento y turismo aventura. Su objetivo es determinar el cumplimiento de lo establecido en la ley de turismo y su reglamento (Decreto N° 19 del 12 de abril de 2018 del ministerio de Economía, Fomento y Turismo). ESTADO DE LA DOCUMENTACIÓN (REGISTRO VIGENTE, REGISTRO NO VIGENTE): Cada servicio registrado debe mantener actualizada la documentación que fue aprobada en el proceso de registro. De acuerdo a lo establecido en el decreto Nº 19 de 2238, el cual establece los requisitos para el registro de cada tipo de servicio, la documentación puede corresponder a la patente comercial temporal o definitiva, certificado de primeros auxilios, certificados de exención, permiso de autoridad competente u otra. https://portalserviciosturisticos.sernatur.cl/", "Ultima Actualizacion del Dato": "Abril 2025" }, "geometry": { "type": "Point", "coordinates": [ -71.299067457059721, -29.44606789169131 ] } },
{ "type": "Feature", "properties": { "fid": 152, "Foto": "http://serviciosturisticos.sernatur.cl/folder/empresas/emp_13745580/inscripcion_87157/phpSmM8Gt.jpg", "Nombre": "Graciela y sus Sabores", "Link Sernatur": "https://serviciosturisticos.sernatur.cl/69410-graciela-y-sus-sabores", "Region": "Region de Coquimbo", "Comuna": "La Higuera", "Localidad": "Chungungo", "Direccion": "Arturo prat s/n Nº0, Chungungo", "Telefono": "(56) 940698693", "Email": "emprendimientogracielasabores@gmail.com", "Tipo": "Comida rápida", "Servicio Cumple Inspeccion": null, "Servicio Cumple Patente": "REGISTRO NO VIGENTE", "Sitio Web": null, "Y": "-29.44746411990227", "X": " -71.29892147736757", "Origen Dato": "Registro Nacional de Servicios Turisticos, SERNATUR", "Descripcion": "INSPECCIÓN (CUMPLE INSPECCION, NO INSPECCIONADO, NO CUMPLE INSPECCION): La etiqueta indica el resultado del proceso de inspección obligatorio para los servicios de alojamiento y turismo aventura. Su objetivo es determinar el cumplimiento de lo establecido en la ley de turismo y su reglamento (Decreto N° 19 del 12 de abril de 2018 del ministerio de Economía, Fomento y Turismo). ESTADO DE LA DOCUMENTACIÓN (REGISTRO VIGENTE, REGISTRO NO VIGENTE): Cada servicio registrado debe mantener actualizada la documentación que fue aprobada en el proceso de registro. De acuerdo a lo establecido en el decreto Nº 19 de 2240, el cual establece los requisitos para el registro de cada tipo de servicio, la documentación puede corresponder a la patente comercial temporal o definitiva, certificado de primeros auxilios, certificados de exención, permiso de autoridad competente u otra. https://portalserviciosturisticos.sernatur.cl/", "Ultima Actualizacion del Dato": "Abril 2025" }, "geometry": { "type": "Point", "coordinates": [ -71.298921477367571, -29.447464119902271 ] } },
{ "type": "Feature", "properties": { "fid": 153, "Foto": "http://serviciosturisticos.sernatur.cl/folder/empresas/emp_7507455/inscripcion_83614/phppAHY2a.jpeg", "Nombre": "Jacaeri", "Link Sernatur": "https://serviciosturisticos.sernatur.cl/65867-jacaeri", "Region": "Region de Coquimbo", "Comuna": "La Higuera", "Localidad": "Chungungo", "Direccion": "Arturo prat s/n Nº0, Chungungo", "Telefono": "(56) 971985424", "Email": "emprendimientojacaeri@gmail.com", "Tipo": "Manualidades", "Servicio Cumple Inspeccion": null, "Servicio Cumple Patente": "REGISTRO NO VIGENTE", "Sitio Web": null, "Y": "-29.447407589449522", "X": "-71.29900668696311", "Origen Dato": "Registro Nacional de Servicios Turisticos, SERNATUR", "Descripcion": "INSPECCIÓN (CUMPLE INSPECCION, NO INSPECCIONADO, NO CUMPLE INSPECCION): La etiqueta indica el resultado del proceso de inspección obligatorio para los servicios de alojamiento y turismo aventura. Su objetivo es determinar el cumplimiento de lo establecido en la ley de turismo y su reglamento (Decreto N° 19 del 12 de abril de 2018 del ministerio de Economía, Fomento y Turismo). ESTADO DE LA DOCUMENTACIÓN (REGISTRO VIGENTE, REGISTRO NO VIGENTE): Cada servicio registrado debe mantener actualizada la documentación que fue aprobada en el proceso de registro. De acuerdo a lo establecido en el decreto Nº 19 de 2241, el cual establece los requisitos para el registro de cada tipo de servicio, la documentación puede corresponder a la patente comercial temporal o definitiva, certificado de primeros auxilios, certificados de exención, permiso de autoridad competente u otra. https://portalserviciosturisticos.sernatur.cl/", "Ultima Actualizacion del Dato": "Abril 2025" }, "geometry": { "type": "Point", "coordinates": [ -71.299006686963111, -29.447407589449522 ] } },
{ "type": "Feature", "properties": { "fid": 154, "Foto": "http://serviciosturisticos.sernatur.cl/folder/empresas/emp_11470384/inscripcion_25272/phpoiPvbR2016060910636.jpg", "Nombre": "La Consentida", "Link Sernatur": "https://serviciosturisticos.sernatur.cl/14145-la-consentida", "Region": "Region de Coquimbo", "Comuna": "La Higuera", "Localidad": "La Higuera", "Direccion": "Gabriela mistral Nº112, La higuera", "Telefono": "985623239", "Email": "laconsentidarestaurant@gmail.com", "Tipo": "Restaurante", "Servicio Cumple Inspeccion": null, "Servicio Cumple Patente": "REGISTRO NO VIGENTE", "Sitio Web": null, "Y": "-29.327255", "X": "-70.910605", "Origen Dato": "Registro Nacional de Servicios Turisticos, SERNATUR", "Descripcion": "INSPECCIÓN (CUMPLE INSPECCION, NO INSPECCIONADO, NO CUMPLE INSPECCION): La etiqueta indica el resultado del proceso de inspección obligatorio para los servicios de alojamiento y turismo aventura. Su objetivo es determinar el cumplimiento de lo establecido en la ley de turismo y su reglamento (Decreto N° 19 del 12 de abril de 2018 del ministerio de Economía, Fomento y Turismo). ESTADO DE LA DOCUMENTACIÓN (REGISTRO VIGENTE, REGISTRO NO VIGENTE): Cada servicio registrado debe mantener actualizada la documentación que fue aprobada en el proceso de registro. De acuerdo a lo establecido en el decreto Nº 19 de 2242, el cual establece los requisitos para el registro de cada tipo de servicio, la documentación puede corresponder a la patente comercial temporal o definitiva, certificado de primeros auxilios, certificados de exención, permiso de autoridad competente u otra. https://portalserviciosturisticos.sernatur.cl/", "Ultima Actualizacion del Dato": "Abril 2025" }, "geometry": { "type": "Point", "coordinates": [ -71.201131355034875, -29.511452610788975 ] } },
{ "type": "Feature", "properties": { "fid": 155, "Foto": "http://serviciosturisticos.sernatur.cl/folder/empresas/emp_7951032/inscripcion_52191/phpk3nxh7.jpg", "Nombre": "La picá del muelle", "Link Sernatur": "https://serviciosturisticos.sernatur.cl/34438-la-pica-del-muelle", "Region": "Region de Coquimbo", "Comuna": "La Higuera", "Localidad": "Caleta Hornos", "Direccion": "Prat NºS/n, Caleta hornos", "Telefono": "(56) 973639836", "Email": "janetttirado58@gmail.com", "Tipo": "Restaurante", "Servicio Cumple Inspeccion": null, "Servicio Cumple Patente": "REGISTRO NO VIGENTE", "Sitio Web": null, "Y": "-29.622739864820392", "X": " -71.28955975896339", "Origen Dato": "Registro Nacional de Servicios Turisticos, SERNATUR", "Descripcion": "INSPECCIÓN (CUMPLE INSPECCION, NO INSPECCIONADO, NO CUMPLE INSPECCION): La etiqueta indica el resultado del proceso de inspección obligatorio para los servicios de alojamiento y turismo aventura. Su objetivo es determinar el cumplimiento de lo establecido en la ley de turismo y su reglamento (Decreto N° 19 del 12 de abril de 2018 del ministerio de Economía, Fomento y Turismo). ESTADO DE LA DOCUMENTACIÓN (REGISTRO VIGENTE, REGISTRO NO VIGENTE): Cada servicio registrado debe mantener actualizada la documentación que fue aprobada en el proceso de registro. De acuerdo a lo establecido en el decreto Nº 19 de 2243, el cual establece los requisitos para el registro de cada tipo de servicio, la documentación puede corresponder a la patente comercial temporal o definitiva, certificado de primeros auxilios, certificados de exención, permiso de autoridad competente u otra. https://portalserviciosturisticos.sernatur.cl/", "Ultima Actualizacion del Dato": "Abril 2025" }, "geometry": { "type": "Point", "coordinates": [ -71.289559758963392, -29.622739864820392 ] } },
{ "type": "Feature", "properties": { "fid": 156, "Foto": "http://serviciosturisticos.sernatur.cl/folder/empresas/emp_8973629/inscripcion_86476/phpDr7Y2y.jpg", "Nombre": "Las Nachitas", "Link Sernatur": "https://serviciosturisticos.sernatur.cl/68729-las-nachitas", "Region": "Region de Coquimbo", "Comuna": "La Higuera", "Localidad": "Chungungo", "Direccion": "Arturo prat s/n Nº0, Chungungo", "Telefono": "(56) 974871608", "Email": "emprendimientodeliciasnachita@gmail.com", "Tipo": "Comida rápida", "Servicio Cumple Inspeccion": null, "Servicio Cumple Patente": "REGISTRO NO VIGENTE", "Sitio Web": null, "Y": "-29.446005563452314", "X": " -71.29900551190497", "Origen Dato": "Registro Nacional de Servicios Turisticos, SERNATUR", "Descripcion": "INSPECCIÓN (CUMPLE INSPECCION, NO INSPECCIONADO, NO CUMPLE INSPECCION): La etiqueta indica el resultado del proceso de inspección obligatorio para los servicios de alojamiento y turismo aventura. Su objetivo es determinar el cumplimiento de lo establecido en la ley de turismo y su reglamento (Decreto N° 19 del 12 de abril de 2018 del ministerio de Economía, Fomento y Turismo). ESTADO DE LA DOCUMENTACIÓN (REGISTRO VIGENTE, REGISTRO NO VIGENTE): Cada servicio registrado debe mantener actualizada la documentación que fue aprobada en el proceso de registro. De acuerdo a lo establecido en el decreto Nº 19 de 2244, el cual establece los requisitos para el registro de cada tipo de servicio, la documentación puede corresponder a la patente comercial temporal o definitiva, certificado de primeros auxilios, certificados de exención, permiso de autoridad competente u otra. https://portalserviciosturisticos.sernatur.cl/", "Ultima Actualizacion del Dato": "Abril 2025" }, "geometry": { "type": "Point", "coordinates": [ -71.299005511904966, -29.446005563452314 ] } },
{ "type": "Feature", "properties": { "fid": 157, "Foto": "http://serviciosturisticos.sernatur.cl/folder/empresas/emp_13648976/inscripcion_86470/phpgPpOsS.jpg", "Nombre": "Los Gemelos", "Link Sernatur": "https://serviciosturisticos.sernatur.cl/68723-los-gemelos", "Region": "Region de Coquimbo", "Comuna": "La Higuera", "Localidad": "Chungungo", "Direccion": "Arturo prat s/n Nº0, Chungungo", "Telefono": "(56) 993229647", "Email": "emprendimientolosgemelos@gmail.com", "Tipo": "Comida rápida", "Servicio Cumple Inspeccion": null, "Servicio Cumple Patente": "REGISTRO NO VIGENTE", "Sitio Web": null, "Y": "-29.446005563452314", "X": " -71.29900551190497", "Origen Dato": "Registro Nacional de Servicios Turisticos, SERNATUR", "Descripcion": "INSPECCIÓN (CUMPLE INSPECCION, NO INSPECCIONADO, NO CUMPLE INSPECCION): La etiqueta indica el resultado del proceso de inspección obligatorio para los servicios de alojamiento y turismo aventura. Su objetivo es determinar el cumplimiento de lo establecido en la ley de turismo y su reglamento (Decreto N° 19 del 12 de abril de 2018 del ministerio de Economía, Fomento y Turismo). ESTADO DE LA DOCUMENTACIÓN (REGISTRO VIGENTE, REGISTRO NO VIGENTE): Cada servicio registrado debe mantener actualizada la documentación que fue aprobada en el proceso de registro. De acuerdo a lo establecido en el decreto Nº 19 de 2245, el cual establece los requisitos para el registro de cada tipo de servicio, la documentación puede corresponder a la patente comercial temporal o definitiva, certificado de primeros auxilios, certificados de exención, permiso de autoridad competente u otra. https://portalserviciosturisticos.sernatur.cl/", "Ultima Actualizacion del Dato": "Abril 2025" }, "geometry": { "type": "Point", "coordinates": [ -71.299005511904966, -29.446005563452314 ] } },
{ "type": "Feature", "properties": { "fid": 158, "Foto": "http://serviciosturisticos.sernatur.cl/folder/empresas/emp_9716906/inscripcion_87162/phpZcwhhz.png", "Nombre": "Luz de Luna Delicias", "Link Sernatur": "https://serviciosturisticos.sernatur.cl/69415-luz-de-luna-delicias", "Region": "Region de Coquimbo", "Comuna": "La Higuera", "Localidad": "Chungungo", "Direccion": "Arturo prat s/n Nº0, Chungungo", "Telefono": "(56) 965716890", "Email": "emprendimientoluzdeluna@gmail.com", "Tipo": "Comida rápida", "Servicio Cumple Inspeccion": null, "Servicio Cumple Patente": "REGISTRO NO VIGENTE", "Sitio Web": null, "Y": "-29.446005563452314", "X": " -71.29900551190497", "Origen Dato": "Registro Nacional de Servicios Turisticos, SERNATUR", "Descripcion": "INSPECCIÓN (CUMPLE INSPECCION, NO INSPECCIONADO, NO CUMPLE INSPECCION): La etiqueta indica el resultado del proceso de inspección obligatorio para los servicios de alojamiento y turismo aventura. Su objetivo es determinar el cumplimiento de lo establecido en la ley de turismo y su reglamento (Decreto N° 19 del 12 de abril de 2018 del ministerio de Economía, Fomento y Turismo). ESTADO DE LA DOCUMENTACIÓN (REGISTRO VIGENTE, REGISTRO NO VIGENTE): Cada servicio registrado debe mantener actualizada la documentación que fue aprobada en el proceso de registro. De acuerdo a lo establecido en el decreto Nº 19 de 2246, el cual establece los requisitos para el registro de cada tipo de servicio, la documentación puede corresponder a la patente comercial temporal o definitiva, certificado de primeros auxilios, certificados de exención, permiso de autoridad competente u otra. https://portalserviciosturisticos.sernatur.cl/", "Ultima Actualizacion del Dato": "Abril 2025" }, "geometry": { "type": "Point", "coordinates": [ -71.299005511904966, -29.446005563452314 ] } },
{ "type": "Feature", "properties": { "fid": 159, "Foto": "http://serviciosturisticos.sernatur.cl/images/noalimentacion.jpg", "Nombre": "Mamá Tila", "Link Sernatur": "https://serviciosturisticos.sernatur.cl/15748-mama-tila", "Region": "Region de Coquimbo", "Comuna": "La Higuera", "Localidad": "Punta De Choros", "Direccion": "Caleta los corrales s/n NºS/N, Punta de choros", "Telefono": "(56) 940213087", "Email": "Silviapinones5@gmail.com", "Tipo": "Restaurante", "Servicio Cumple Inspeccion": null, "Servicio Cumple Patente": "REGISTRO NO VIGENTE", "Sitio Web": null, "Y": "-29.25006872931785", "X": " -71.46192613984603", "Origen Dato": "Registro Nacional de Servicios Turisticos, SERNATUR", "Descripcion": "INSPECCIÓN (CUMPLE INSPECCION, NO INSPECCIONADO, NO CUMPLE INSPECCION): La etiqueta indica el resultado del proceso de inspección obligatorio para los servicios de alojamiento y turismo aventura. Su objetivo es determinar el cumplimiento de lo establecido en la ley de turismo y su reglamento (Decreto N° 19 del 12 de abril de 2018 del ministerio de Economía, Fomento y Turismo). ESTADO DE LA DOCUMENTACIÓN (REGISTRO VIGENTE, REGISTRO NO VIGENTE): Cada servicio registrado debe mantener actualizada la documentación que fue aprobada en el proceso de registro. De acuerdo a lo establecido en el decreto Nº 19 de 2247, el cual establece los requisitos para el registro de cada tipo de servicio, la documentación puede corresponder a la patente comercial temporal o definitiva, certificado de primeros auxilios, certificados de exención, permiso de autoridad competente u otra. https://portalserviciosturisticos.sernatur.cl/", "Ultima Actualizacion del Dato": "Abril 2025" }, "geometry": { "type": "Point", "coordinates": [ -71.461926139846028, -29.250068729317849 ] } },
{ "type": "Feature", "properties": { "fid": 160, "Foto": "http://serviciosturisticos.sernatur.cl/images/noartesania.jpg", "Nombre": "OLIVAS DE OLIVAREZ", "Link Sernatur": "https://serviciosturisticos.sernatur.cl/46097-olivas-de-olivarez", "Region": "Region de Coquimbo", "Comuna": "La Higuera", "Localidad": "Los Choros", "Direccion": "Parcela Nº281, Los choros", "Telefono": "(56) 985946524", "Email": "sergio-cuellar@hotmail.com", "Tipo": "Productos agroelaborados", "Servicio Cumple Inspeccion": null, "Servicio Cumple Patente": "REGISTRO NO VIGENTE", "Sitio Web": "http://www.olivasdeolivarez.cl/", "Y": "-29.29134037563288", "X": "-71.34280923010480", "Origen Dato": "Registro Nacional de Servicios Turisticos, SERNATUR", "Descripcion": "INSPECCIÓN (CUMPLE INSPECCION, NO INSPECCIONADO, NO CUMPLE INSPECCION): La etiqueta indica el resultado del proceso de inspección obligatorio para los servicios de alojamiento y turismo aventura. Su objetivo es determinar el cumplimiento de lo establecido en la ley de turismo y su reglamento (Decreto N° 19 del 12 de abril de 2018 del ministerio de Economía, Fomento y Turismo). ESTADO DE LA DOCUMENTACIÓN (REGISTRO VIGENTE, REGISTRO NO VIGENTE): Cada servicio registrado debe mantener actualizada la documentación que fue aprobada en el proceso de registro. De acuerdo a lo establecido en el decreto Nº 19 de 2248, el cual establece los requisitos para el registro de cada tipo de servicio, la documentación puede corresponder a la patente comercial temporal o definitiva, certificado de primeros auxilios, certificados de exención, permiso de autoridad competente u otra. https://portalserviciosturisticos.sernatur.cl/", "Ultima Actualizacion del Dato": "Abril 2025" }, "geometry": { "type": "Point", "coordinates": [ -71.342809230104805, -29.291340375632881 ] } },
{ "type": "Feature", "properties": { "fid": 161, "Foto": "http://serviciosturisticos.sernatur.cl/images/noalimentacion.jpg", "Nombre": "RESTAURANT CAMPO LOS OLIVOS EL OASIS", "Link Sernatur": "https://serviciosturisticos.sernatur.cl/61939-restaurant-campo-los-olivos-el-oasis", "Region": "Region de Coquimbo", "Comuna": "La Higuera", "Localidad": "Los Choros", "Direccion": "Hijuelas Nº2, Los choros", "Telefono": "(56) 994442593", "Email": "anamaria.ossandon@gmail.com", "Tipo": "Restaurante", "Servicio Cumple Inspeccion": null, "Servicio Cumple Patente": "REGISTRO NO VIGENTE", "Sitio Web": null, "Y": "-29.24329", "X": "-71.45971", "Origen Dato": "Registro Nacional de Servicios Turisticos, SERNATUR", "Descripcion": "INSPECCIÓN (CUMPLE INSPECCION, NO INSPECCIONADO, NO CUMPLE INSPECCION): La etiqueta indica el resultado del proceso de inspección obligatorio para los servicios de alojamiento y turismo aventura. Su objetivo es determinar el cumplimiento de lo establecido en la ley de turismo y su reglamento (Decreto N° 19 del 12 de abril de 2018 del ministerio de Economía, Fomento y Turismo). ESTADO DE LA DOCUMENTACIÓN (REGISTRO VIGENTE, REGISTRO NO VIGENTE): Cada servicio registrado debe mantener actualizada la documentación que fue aprobada en el proceso de registro. De acuerdo a lo establecido en el decreto Nº 19 de 2249, el cual establece los requisitos para el registro de cada tipo de servicio, la documentación puede corresponder a la patente comercial temporal o definitiva, certificado de primeros auxilios, certificados de exención, permiso de autoridad competente u otra. https://portalserviciosturisticos.sernatur.cl/", "Ultima Actualizacion del Dato": "Abril 2025" }, "geometry": { "type": "Point", "coordinates": [ -71.45971, -29.24329 ] } },
{ "type": "Feature", "properties": { "fid": 162, "Foto": "http://serviciosturisticos.sernatur.cl/images/noalimentacion.jpg", "Nombre": "RESTAURANT COSTA AZUL", "Link Sernatur": "https://serviciosturisticos.sernatur.cl/29683-restaurant-costa-azul", "Region": "Region de Coquimbo", "Comuna": "La Higuera", "Localidad": "Caleta Hornos", "Direccion": "Ruta 5 norte Nº68, Caleta hornos", "Telefono": "(56) 997620699", "Email": "manuelmunoz.elmirador@gmail.com", "Tipo": "Restaurante", "Servicio Cumple Inspeccion": null, "Servicio Cumple Patente": "REGISTRO NO VIGENTE", "Sitio Web": null, "Y": "-29.62181680831061", "X": " -71.2848336805497", "Origen Dato": "Registro Nacional de Servicios Turisticos, SERNATUR", "Descripcion": "INSPECCIÓN (CUMPLE INSPECCION, NO INSPECCIONADO, NO CUMPLE INSPECCION): La etiqueta indica el resultado del proceso de inspección obligatorio para los servicios de alojamiento y turismo aventura. Su objetivo es determinar el cumplimiento de lo establecido en la ley de turismo y su reglamento (Decreto N° 19 del 12 de abril de 2018 del ministerio de Economía, Fomento y Turismo). ESTADO DE LA DOCUMENTACIÓN (REGISTRO VIGENTE, REGISTRO NO VIGENTE): Cada servicio registrado debe mantener actualizada la documentación que fue aprobada en el proceso de registro. De acuerdo a lo establecido en el decreto Nº 19 de 2250, el cual establece los requisitos para el registro de cada tipo de servicio, la documentación puede corresponder a la patente comercial temporal o definitiva, certificado de primeros auxilios, certificados de exención, permiso de autoridad competente u otra. https://portalserviciosturisticos.sernatur.cl/", "Ultima Actualizacion del Dato": "Abril 2025" }, "geometry": { "type": "Point", "coordinates": [ -71.284833680549696, -29.621816808310609 ] } },
{ "type": "Feature", "properties": { "fid": 163, "Foto": "http://serviciosturisticos.sernatur.cl/images/noalimentacion.jpg", "Nombre": "RESTAURANT EL MIRADOR", "Link Sernatur": "https://serviciosturisticos.sernatur.cl/29631-restaurant-el-mirador", "Region": "Region de Coquimbo", "Comuna": "La Higuera", "Localidad": "Caleta Hornos", "Direccion": "Libertad Nº52, Caleta hornos", "Telefono": "(56) 976206996", "Email": "manuelmunoz.elmirador@gmail.com", "Tipo": "Restaurante", "Servicio Cumple Inspeccion": null, "Servicio Cumple Patente": "REGISTRO NO VIGENTE", "Sitio Web": null, "Y": "-29.621286064745536", "X": " -71.2861860273845", "Origen Dato": "Registro Nacional de Servicios Turisticos, SERNATUR", "Descripcion": "INSPECCIÓN (CUMPLE INSPECCION, NO INSPECCIONADO, NO CUMPLE INSPECCION): La etiqueta indica el resultado del proceso de inspección obligatorio para los servicios de alojamiento y turismo aventura. Su objetivo es determinar el cumplimiento de lo establecido en la ley de turismo y su reglamento (Decreto N° 19 del 12 de abril de 2018 del ministerio de Economía, Fomento y Turismo). ESTADO DE LA DOCUMENTACIÓN (REGISTRO VIGENTE, REGISTRO NO VIGENTE): Cada servicio registrado debe mantener actualizada la documentación que fue aprobada en el proceso de registro. De acuerdo a lo establecido en el decreto Nº 19 de 2251, el cual establece los requisitos para el registro de cada tipo de servicio, la documentación puede corresponder a la patente comercial temporal o definitiva, certificado de primeros auxilios, certificados de exención, permiso de autoridad competente u otra. https://portalserviciosturisticos.sernatur.cl/", "Ultima Actualizacion del Dato": "Abril 2025" }, "geometry": { "type": "Point", "coordinates": [ -71.286186027384502, -29.621286064745536 ] } },
{ "type": "Feature", "properties": { "fid": 164, "Foto": "http://serviciosturisticos.sernatur.cl/folder/empresas/emp_5495621/inscripcion_595/php5kGOmH2016052305547.jpg", "Nombre": "RESTAURANT ENTRE ROCAS", "Link Sernatur": "https://serviciosturisticos.sernatur.cl/39-restaurant-entre-rocas", "Region": "Region de Coquimbo", "Comuna": "La Higuera", "Localidad": "Caleta Hornos", "Direccion": "Caleta  los hornos NºS/N, Caleta hornos", "Telefono": "(09) 2816735", "Email": "albitacg56@hotmail.com", "Tipo": "Restaurante", "Servicio Cumple Inspeccion": null, "Servicio Cumple Patente": "REGISTRO NO VIGENTE", "Sitio Web": null, "Y": "-29.622476", "X": "-71.289851", "Origen Dato": "Registro Nacional de Servicios Turisticos, SERNATUR", "Descripcion": "INSPECCIÓN (CUMPLE INSPECCION, NO INSPECCIONADO, NO CUMPLE INSPECCION): La etiqueta indica el resultado del proceso de inspección obligatorio para los servicios de alojamiento y turismo aventura. Su objetivo es determinar el cumplimiento de lo establecido en la ley de turismo y su reglamento (Decreto N° 19 del 12 de abril de 2018 del ministerio de Economía, Fomento y Turismo). ESTADO DE LA DOCUMENTACIÓN (REGISTRO VIGENTE, REGISTRO NO VIGENTE): Cada servicio registrado debe mantener actualizada la documentación que fue aprobada en el proceso de registro. De acuerdo a lo establecido en el decreto Nº 19 de 2252, el cual establece los requisitos para el registro de cada tipo de servicio, la documentación puede corresponder a la patente comercial temporal o definitiva, certificado de primeros auxilios, certificados de exención, permiso de autoridad competente u otra. https://portalserviciosturisticos.sernatur.cl/", "Ultima Actualizacion del Dato": "Abril 2025" }, "geometry": { "type": "Point", "coordinates": [ -71.289851, -29.622476 ] } },
{ "type": "Feature", "properties": { "fid": 165, "Foto": "http://serviciosturisticos.sernatur.cl/images/noalimentacion.jpg", "Nombre": "RESTAURANT LOS TRONCOS", "Link Sernatur": "https://serviciosturisticos.sernatur.cl/21008-restaurant-los-troncos", "Region": "Region de Coquimbo", "Comuna": "La Higuera", "Localidad": "La Higuera", "Direccion": "San jose NºS/N, La higuera", "Telefono": "+56 983948293", "Email": "lostroncosretaurante@gmail.com", "Tipo": "Restaurante", "Servicio Cumple Inspeccion": null, "Servicio Cumple Patente": "REGISTRO NO VIGENTE", "Sitio Web": null, "Y": "-29.2910746", "X": "-71.3231026", "Origen Dato": "Registro Nacional de Servicios Turisticos, SERNATUR", "Descripcion": "INSPECCIÓN (CUMPLE INSPECCION, NO INSPECCIONADO, NO CUMPLE INSPECCION): La etiqueta indica el resultado del proceso de inspección obligatorio para los servicios de alojamiento y turismo aventura. Su objetivo es determinar el cumplimiento de lo establecido en la ley de turismo y su reglamento (Decreto N° 19 del 12 de abril de 2018 del ministerio de Economía, Fomento y Turismo). ESTADO DE LA DOCUMENTACIÓN (REGISTRO VIGENTE, REGISTRO NO VIGENTE): Cada servicio registrado debe mantener actualizada la documentación que fue aprobada en el proceso de registro. De acuerdo a lo establecido en el decreto Nº 19 de 2254, el cual establece los requisitos para el registro de cada tipo de servicio, la documentación puede corresponder a la patente comercial temporal o definitiva, certificado de primeros auxilios, certificados de exención, permiso de autoridad competente u otra. https://portalserviciosturisticos.sernatur.cl/", "Ultima Actualizacion del Dato": "Abril 2025" }, "geometry": { "type": "Point", "coordinates": [ -71.3231026, -29.2910746 ] } },
{ "type": "Feature", "properties": { "fid": 166, "Foto": "http://serviciosturisticos.sernatur.cl/images/noalimentacion.jpg", "Nombre": "RESTAURANT PUESTA DE SOL", "Link Sernatur": "https://serviciosturisticos.sernatur.cl/49-restaurant-puesta-de-sol", "Region": "Region de Coquimbo", "Comuna": "La Higuera", "Localidad": "Caleta Hornos", "Direccion": "Caleta hornos s/n NºSITIO 3, Caleta hornos", "Telefono": "(08) 3106801", "Email": "ccarvajal.20011@hotmail.cl", "Tipo": "Restaurante", "Servicio Cumple Inspeccion": null, "Servicio Cumple Patente": "REGISTRO NO VIGENTE", "Sitio Web": null, "Y": "-29.978475", "X": "-71.290596", "Origen Dato": "Registro Nacional de Servicios Turisticos, SERNATUR", "Descripcion": "INSPECCIÓN (CUMPLE INSPECCION, NO INSPECCIONADO, NO CUMPLE INSPECCION): La etiqueta indica el resultado del proceso de inspección obligatorio para los servicios de alojamiento y turismo aventura. Su objetivo es determinar el cumplimiento de lo establecido en la ley de turismo y su reglamento (Decreto N° 19 del 12 de abril de 2018 del ministerio de Economía, Fomento y Turismo). ESTADO DE LA DOCUMENTACIÓN (REGISTRO VIGENTE, REGISTRO NO VIGENTE): Cada servicio registrado debe mantener actualizada la documentación que fue aprobada en el proceso de registro. De acuerdo a lo establecido en el decreto Nº 19 de 2255, el cual establece los requisitos para el registro de cada tipo de servicio, la documentación puede corresponder a la patente comercial temporal o definitiva, certificado de primeros auxilios, certificados de exención, permiso de autoridad competente u otra. https://portalserviciosturisticos.sernatur.cl/", "Ultima Actualizacion del Dato": "Abril 2025" }, "geometry": { "type": "Point", "coordinates": [ -71.28839004058932, -29.622553015752914 ] } },
{ "type": "Feature", "properties": { "fid": 167, "Foto": "http://serviciosturisticos.sernatur.cl/images/noalimentacion.jpg", "Nombre": "Restaurante", "Link Sernatur": "https://serviciosturisticos.sernatur.cl/15756-restaurante-", "Region": "Region de Coquimbo", "Comuna": "La Higuera", "Localidad": "Punta De Choros", "Direccion": "Caleta los corrales NºS/N, Punta de choros", "Telefono": "991983329", "Email": "restaurantealicia.ecofuturo@gmail.com", "Tipo": "Restaurante", "Servicio Cumple Inspeccion": null, "Servicio Cumple Patente": "REGISTRO NO VIGENTE", "Sitio Web": null, "Y": "-29.24956", "X": "-71.462372", "Origen Dato": "Registro Nacional de Servicios Turisticos, SERNATUR", "Descripcion": "INSPECCIÓN (CUMPLE INSPECCION, NO INSPECCIONADO, NO CUMPLE INSPECCION): La etiqueta indica el resultado del proceso de inspección obligatorio para los servicios de alojamiento y turismo aventura. Su objetivo es determinar el cumplimiento de lo establecido en la ley de turismo y su reglamento (Decreto N° 19 del 12 de abril de 2018 del ministerio de Economía, Fomento y Turismo). ESTADO DE LA DOCUMENTACIÓN (REGISTRO VIGENTE, REGISTRO NO VIGENTE): Cada servicio registrado debe mantener actualizada la documentación que fue aprobada en el proceso de registro. De acuerdo a lo establecido en el decreto Nº 19 de 2256, el cual establece los requisitos para el registro de cada tipo de servicio, la documentación puede corresponder a la patente comercial temporal o definitiva, certificado de primeros auxilios, certificados de exención, permiso de autoridad competente u otra. https://portalserviciosturisticos.sernatur.cl/", "Ultima Actualizacion del Dato": "Abril 2025" }, "geometry": { "type": "Point", "coordinates": [ -71.462372, -29.24956 ] } },
{ "type": "Feature", "properties": { "fid": 168, "Foto": "http://serviciosturisticos.sernatur.cl/images/noalimentacion.jpg", "Nombre": "RESTAURANTE DONDE VALDEMAR", "Link Sernatur": "https://serviciosturisticos.sernatur.cl/34769-restaurante-donde-valdemar", "Region": "Region de Coquimbo", "Comuna": "La Higuera", "Localidad": "Caleta Hornos", "Direccion": "Arturo prat av principal Nº00, Caleta hornos", "Telefono": "(56) 995297725", "Email": "valdemar.restaurante@gmail.com", "Tipo": "Restaurante", "Servicio Cumple Inspeccion": null, "Servicio Cumple Patente": "REGISTRO NO VIGENTE", "Sitio Web": "https://dondevaldemar.wixsite.com/dondevaldemar", "Y": "-29.622580923339285", "X": " -71.28634474951987", "Origen Dato": "Registro Nacional de Servicios Turisticos, SERNATUR", "Descripcion": "INSPECCIÓN (CUMPLE INSPECCION, NO INSPECCIONADO, NO CUMPLE INSPECCION): La etiqueta indica el resultado del proceso de inspección obligatorio para los servicios de alojamiento y turismo aventura. Su objetivo es determinar el cumplimiento de lo establecido en la ley de turismo y su reglamento (Decreto N° 19 del 12 de abril de 2018 del ministerio de Economía, Fomento y Turismo). ESTADO DE LA DOCUMENTACIÓN (REGISTRO VIGENTE, REGISTRO NO VIGENTE): Cada servicio registrado debe mantener actualizada la documentación que fue aprobada en el proceso de registro. De acuerdo a lo establecido en el decreto Nº 19 de 2257, el cual establece los requisitos para el registro de cada tipo de servicio, la documentación puede corresponder a la patente comercial temporal o definitiva, certificado de primeros auxilios, certificados de exención, permiso de autoridad competente u otra. https://portalserviciosturisticos.sernatur.cl/", "Ultima Actualizacion del Dato": "Abril 2025" }, "geometry": { "type": "Point", "coordinates": [ -71.28634474951987, -29.622580923339285 ] } },
{ "type": "Feature", "properties": { "fid": 169, "Foto": "http://serviciosturisticos.sernatur.cl/images/noalimentacion.jpg", "Nombre": "RINCON PORTEÑO", "Link Sernatur": "https://serviciosturisticos.sernatur.cl/32-rincon-porteno", "Region": "Region de Coquimbo", "Comuna": "La Higuera", "Localidad": "Caleta Hornos", "Direccion": "Caleta hornos NºS/N, Caleta hornos", "Telefono": "+56 92657152", "Email": "rinconporteno@gmail.com", "Tipo": "Restaurante", "Servicio Cumple Inspeccion": null, "Servicio Cumple Patente": "REGISTRO NO VIGENTE", "Sitio Web": null, "Y": "-29.62498", "X": "-71.28741", "Origen Dato": "Registro Nacional de Servicios Turisticos, SERNATUR", "Descripcion": "INSPECCIÓN (CUMPLE INSPECCION, NO INSPECCIONADO, NO CUMPLE INSPECCION): La etiqueta indica el resultado del proceso de inspección obligatorio para los servicios de alojamiento y turismo aventura. Su objetivo es determinar el cumplimiento de lo establecido en la ley de turismo y su reglamento (Decreto N° 19 del 12 de abril de 2018 del ministerio de Economía, Fomento y Turismo). ESTADO DE LA DOCUMENTACIÓN (REGISTRO VIGENTE, REGISTRO NO VIGENTE): Cada servicio registrado debe mantener actualizada la documentación que fue aprobada en el proceso de registro. De acuerdo a lo establecido en el decreto Nº 19 de 2259, el cual establece los requisitos para el registro de cada tipo de servicio, la documentación puede corresponder a la patente comercial temporal o definitiva, certificado de primeros auxilios, certificados de exención, permiso de autoridad competente u otra. https://portalserviciosturisticos.sernatur.cl/", "Ultima Actualizacion del Dato": "Abril 2025" }, "geometry": { "type": "Point", "coordinates": [ -71.28741, -29.62498 ] } },
{ "type": "Feature", "properties": { "fid": 170, "Foto": "http://serviciosturisticos.sernatur.cl/images/noalimentacion.jpg", "Nombre": "Tata Ñato", "Link Sernatur": "https://serviciosturisticos.sernatur.cl/15746-tata-nato", "Region": "Region de Coquimbo", "Comuna": "La Higuera", "Localidad": "Punta De Choros", "Direccion": "Caleta los corrales s/n NºS/N, Punta de choros", "Telefono": "953111161", "Email": "georginavergarap@gmail.com", "Tipo": "Restaurante", "Servicio Cumple Inspeccion": null, "Servicio Cumple Patente": "REGISTRO NO VIGENTE", "Sitio Web": null, "Y": "-29.249555", "X": "-71.46238", "Origen Dato": "Registro Nacional de Servicios Turisticos, SERNATUR", "Descripcion": "INSPECCIÓN (CUMPLE INSPECCION, NO INSPECCIONADO, NO CUMPLE INSPECCION): La etiqueta indica el resultado del proceso de inspección obligatorio para los servicios de alojamiento y turismo aventura. Su objetivo es determinar el cumplimiento de lo establecido en la ley de turismo y su reglamento (Decreto N° 19 del 12 de abril de 2018 del ministerio de Economía, Fomento y Turismo). ESTADO DE LA DOCUMENTACIÓN (REGISTRO VIGENTE, REGISTRO NO VIGENTE): Cada servicio registrado debe mantener actualizada la documentación que fue aprobada en el proceso de registro. De acuerdo a lo establecido en el decreto Nº 19 de 2261, el cual establece los requisitos para el registro de cada tipo de servicio, la documentación puede corresponder a la patente comercial temporal o definitiva, certificado de primeros auxilios, certificados de exención, permiso de autoridad competente u otra. https://portalserviciosturisticos.sernatur.cl/", "Ultima Actualizacion del Dato": "Abril 2025" }, "geometry": { "type": "Point", "coordinates": [ -71.46238, -29.249555 ] } },
{ "type": "Feature", "properties": { "fid": 171, "Foto": "http://serviciosturisticos.sernatur.cl/images/notransporte.jpg", "Nombre": "TURISMO AZUL", "Link Sernatur": "https://serviciosturisticos.sernatur.cl/66845-turismo-azul", "Region": "Region de Coquimbo", "Comuna": "La Higuera", "Localidad": "Punta De Choros", "Direccion": "Arturo prat s/n Nº0, Chungungo", "Telefono": "(56) 958513802", "Email": null, "Tipo": "Transporte marítimo", "Servicio Cumple Inspeccion": null, "Servicio Cumple Patente": "REGISTRO NO VIGENTE", "Sitio Web": null, "Y": "-29.447288265577257", "X": " -71.2993109345673", "Origen Dato": "Registro Nacional de Servicios Turisticos, SERNATUR", "Descripcion": "INSPECCIÓN (CUMPLE INSPECCION, NO INSPECCIONADO, NO CUMPLE INSPECCION): La etiqueta indica el resultado del proceso de inspección obligatorio para los servicios de alojamiento y turismo aventura. Su objetivo es determinar el cumplimiento de lo establecido en la ley de turismo y su reglamento (Decreto N° 19 del 12 de abril de 2018 del ministerio de Economía, Fomento y Turismo). ESTADO DE LA DOCUMENTACIÓN (REGISTRO VIGENTE, REGISTRO NO VIGENTE): Cada servicio registrado debe mantener actualizada la documentación que fue aprobada en el proceso de registro. De acuerdo a lo establecido en el decreto Nº 19 de 2262, el cual establece los requisitos para el registro de cada tipo de servicio, la documentación puede corresponder a la patente comercial temporal o definitiva, certificado de primeros auxilios, certificados de exención, permiso de autoridad competente u otra. https://portalserviciosturisticos.sernatur.cl/", "Ultima Actualizacion del Dato": "Abril 2025" }, "geometry": { "type": "Point", "coordinates": [ -71.299310934567302, -29.447288265577257 ] } },
{ "type": "Feature", "properties": { "fid": 172, "Foto": null, "Nombre": "Restaurant Oceano", "Link Sernatur": null, "Region": "Region de Coquimbo", "Comuna": "La Higuera", "Localidad": "Caleta Hornos", "Direccion": null, "Telefono": "56933678272", "Email": null, "Tipo": "Restaurante", "Servicio Cumple Inspeccion": null, "Servicio Cumple Patente": null, "Sitio Web": null, "Y": "-29.622847335688693", "X": " -71.28919356579893", "Origen Dato": "Google Maps", "Descripcion": null, "Ultima Actualizacion del Dato": "Abril 2025" }, "geometry": { "type": "Point", "coordinates": [ -71.289193565798925, -29.622847335688693 ] } },
{ "type": "Feature", "properties": { "fid": 173, "Foto": null, "Nombre": "Restaurant Brisa Marina", "Link Sernatur": null, "Region": "Region de Coquimbo", "Comuna": "La Higuera", "Localidad": "Caleta Hornos", "Direccion": null, "Telefono": "+56984137889", "Email": null, "Tipo": "Restaurante", "Servicio Cumple Inspeccion": null, "Servicio Cumple Patente": null, "Sitio Web": null, "Y": "-29.621458002909353", "X": " -71.28541617459878", "Origen Dato": "Google Maps", "Descripcion": null, "Ultima Actualizacion del Dato": "Abril 2025" }, "geometry": { "type": "Point", "coordinates": [ -71.28541617459878, -29.621458002909353 ] } },
{ "type": "Feature", "properties": { "fid": 174, "Foto": null, "Nombre": "Cabañas Vitoco", "Link Sernatur": null, "Region": "Region de Coquimbo", "Comuna": "La Higuera", "Localidad": "Caleta Hornos", "Direccion": null, "Telefono": "+56920362534", "Email": null, "Tipo": "Cabañas", "Servicio Cumple Inspeccion": null, "Servicio Cumple Patente": null, "Sitio Web": null, "Y": "-29.623348028499198", "X": " -71.28567674128566", "Origen Dato": "Google Maps", "Descripcion": null, "Ultima Actualizacion del Dato": "Abril 2025" }, "geometry": { "type": "Point", "coordinates": [ -71.285676741285656, -29.623348028499198 ] } },
{ "type": "Feature", "properties": { "fid": 175, "Foto": null, "Nombre": "Camping Los Hornos", "Link Sernatur": null, "Region": "Region de Coquimbo", "Comuna": "La Higuera", "Localidad": "Caleta Hornos", "Direccion": null, "Telefono": "56995937842", "Email": null, "Tipo": "Camping o recinto de campamento", "Servicio Cumple Inspeccion": null, "Servicio Cumple Patente": null, "Sitio Web": null, "Y": "-29.62178586649134", "X": " -71.28690017902629", "Origen Dato": "Google Maps", "Descripcion": null, "Ultima Actualizacion del Dato": "Abril 2025" }, "geometry": { "type": "Point", "coordinates": [ -71.28690017902629, -29.62178586649134 ] } },
{ "type": "Feature", "properties": { "fid": 176, "Foto": null, "Nombre": "La Pica de Totoralillo Norte", "Link Sernatur": null, "Region": "Region de Coquimbo", "Comuna": "La Higuera", "Localidad": "Totoralillo Norte", "Direccion": null, "Telefono": null, "Email": null, "Tipo": "Restaurante", "Servicio Cumple Inspeccion": null, "Servicio Cumple Patente": null, "Sitio Web": null, "Y": "-29.492438182424575", "X": " -71.327307856717", "Origen Dato": "Google Maps", "Descripcion": null, "Ultima Actualizacion del Dato": "Abril 2025" }, "geometry": { "type": "Point", "coordinates": [ -71.327307856716999, -29.492438182424575 ] } },
{ "type": "Feature", "properties": { "fid": 177, "Foto": null, "Nombre": "Restaurante Mis Raices", "Link Sernatur": null, "Region": "Region de Coquimbo", "Comuna": "La Higuera", "Localidad": "Chungungo", "Direccion": null, "Telefono": null, "Email": null, "Tipo": "Restaurante", "Servicio Cumple Inspeccion": null, "Servicio Cumple Patente": null, "Sitio Web": null, "Y": "-29.448638109507066", "X": " -71.29907075886435", "Origen Dato": "Google Maps", "Descripcion": null, "Ultima Actualizacion del Dato": "Abril 2025" }, "geometry": { "type": "Point", "coordinates": [ -71.299070758864346, -29.448638109507066 ] } },
{ "type": "Feature", "properties": { "fid": 178, "Foto": null, "Nombre": "Cabañas Torres del Mar", "Link Sernatur": null, "Region": "Region de Coquimbo", "Comuna": "La Higuera", "Localidad": "Chungungo", "Direccion": null, "Telefono": null, "Email": null, "Tipo": "Cabañas", "Servicio Cumple Inspeccion": null, "Servicio Cumple Patente": null, "Sitio Web": null, "Y": "-29.44849603329625", "X": " -71.30005520593173", "Origen Dato": "Google Maps", "Descripcion": null, "Ultima Actualizacion del Dato": "Abril 2025" }, "geometry": { "type": "Point", "coordinates": [ -71.300055205931727, -29.448496033296252 ] } },
{ "type": "Feature", "properties": { "fid": 179, "Foto": null, "Nombre": "Alojamiento Terraza de Chungungo", "Link Sernatur": null, "Region": "Region de Coquimbo", "Comuna": "La Higuera", "Localidad": "Chungungo", "Direccion": null, "Telefono": null, "Email": null, "Tipo": "Cabañas", "Servicio Cumple Inspeccion": null, "Servicio Cumple Patente": null, "Sitio Web": null, "Y": "-29.44466940496965", "X": " -71.30109249330242", "Origen Dato": "Google Maps", "Descripcion": null, "Ultima Actualizacion del Dato": "Abril 2025" }, "geometry": { "type": "Point", "coordinates": [ -71.30109249330242, -29.444669404969648 ] } },
{ "type": "Feature", "properties": { "fid": 180, "Foto": null, "Nombre": "Cabañas Explora Norte", "Link Sernatur": null, "Region": "Region de Coquimbo", "Comuna": "La Higuera", "Localidad": "Los Choros", "Direccion": null, "Telefono": "+56945702666", "Email": null, "Tipo": "Cabañas", "Servicio Cumple Inspeccion": null, "Servicio Cumple Patente": null, "Sitio Web": null, "Y": "-29.272036708232488", "X": " -71.37316074906084", "Origen Dato": "Google Maps", "Descripcion": null, "Ultima Actualizacion del Dato": "Abril 2025" }, "geometry": { "type": "Point", "coordinates": [ -71.373160749060844, -29.272036708232488 ] } },
{ "type": "Feature", "properties": { "fid": 181, "Foto": null, "Nombre": "Lodge Malezas del Desierto", "Link Sernatur": null, "Region": "Region de Coquimbo", "Comuna": "La Higuera", "Localidad": "Los Choros", "Direccion": null, "Telefono": "+56997062731", "Email": null, "Tipo": "Hotel", "Servicio Cumple Inspeccion": null, "Servicio Cumple Patente": null, "Sitio Web": null, "Y": "-29.268615702140902", "X": " -71.37982040614743", "Origen Dato": "Google Maps", "Descripcion": null, "Ultima Actualizacion del Dato": "Abril 2025" }, "geometry": { "type": "Point", "coordinates": [ -71.379820406147431, -29.268615702140902 ] } },
{ "type": "Feature", "properties": { "fid": 182, "Foto": null, "Nombre": "Piuke Mapu", "Link Sernatur": null, "Region": "Region de Coquimbo", "Comuna": "La Higuera", "Localidad": "Los Choros", "Direccion": null, "Telefono": "+56974300861", "Email": null, "Tipo": "Camping o recinto de campamento", "Servicio Cumple Inspeccion": null, "Servicio Cumple Patente": null, "Sitio Web": null, "Y": "-29.266973133747314", "X": " -71.37570185860508", "Origen Dato": "Google Maps", "Descripcion": null, "Ultima Actualizacion del Dato": "Abril 2025" }, "geometry": { "type": "Point", "coordinates": [ -71.375701858605083, -29.266973133747314 ] } },
{ "type": "Feature", "properties": { "fid": 183, "Foto": null, "Nombre": "Cabañas Paraiso Playero", "Link Sernatur": null, "Region": "Region de Coquimbo", "Comuna": "La Higuera", "Localidad": "Los Choros", "Direccion": null, "Telefono": "+56940614805", "Email": null, "Tipo": "Cabañas", "Servicio Cumple Inspeccion": null, "Servicio Cumple Patente": null, "Sitio Web": null, "Y": "-29.287665988210808", "X": " -71.3637409385815", "Origen Dato": "Google Maps", "Descripcion": null, "Ultima Actualizacion del Dato": "Abril 2025" }, "geometry": { "type": "Point", "coordinates": [ -71.3637409385815, -29.287665988210808 ] } },
{ "type": "Feature", "properties": { "fid": 184, "Foto": null, "Nombre": "Cabañas Llanos de los Choros", "Link Sernatur": null, "Region": "Region de Coquimbo", "Comuna": "La Higuera", "Localidad": "Los Choros", "Direccion": null, "Telefono": "+56999193924", "Email": null, "Tipo": "Cabañas", "Servicio Cumple Inspeccion": null, "Servicio Cumple Patente": null, "Sitio Web": null, "Y": "-29.292971291059", "X": " -71.36632186316946", "Origen Dato": "Google Maps", "Descripcion": null, "Ultima Actualizacion del Dato": "Abril 2025" }, "geometry": { "type": "Point", "coordinates": [ -71.36632186316946, -29.292971291059001 ] } },
{ "type": "Feature", "properties": { "fid": 185, "Foto": null, "Nombre": "Almacen y Cabañas Andrea", "Link Sernatur": null, "Region": "Region de Coquimbo", "Comuna": "La Higuera", "Localidad": "Los Choros", "Direccion": null, "Telefono": "+56959049723", "Email": null, "Tipo": "Cabañas", "Servicio Cumple Inspeccion": null, "Servicio Cumple Patente": null, "Sitio Web": null, "Y": "-29.295326634419858", "X": " -71.35967626414603", "Origen Dato": "Google Maps", "Descripcion": null, "Ultima Actualizacion del Dato": "Abril 2025" }, "geometry": { "type": "Point", "coordinates": [ -71.359676264146032, -29.295326634419858 ] } },
{ "type": "Feature", "properties": { "fid": 186, "Foto": null, "Nombre": "Domos del LLano", "Link Sernatur": null, "Region": "Region de Coquimbo", "Comuna": "La Higuera", "Localidad": "Los Choros", "Direccion": null, "Telefono": "+56958238868", "Email": "catalina.paz.gajardo@gmail.com", "Tipo": "Hotel", "Servicio Cumple Inspeccion": null, "Servicio Cumple Patente": null, "Sitio Web": "https://www.facebook.com/domosdelllano/", "Y": "-29.296125781510572", "X": " -71.3574529470689", "Origen Dato": "Google Maps", "Descripcion": null, "Ultima Actualizacion del Dato": "Abril 2025" }, "geometry": { "type": "Point", "coordinates": [ -71.357452947068893, -29.296125781510572 ] } },
{ "type": "Feature", "properties": { "fid": 187, "Foto": null, "Nombre": "Anturay", "Link Sernatur": null, "Region": "Region de Coquimbo", "Comuna": "La Higuera", "Localidad": "Los Choros", "Direccion": null, "Telefono": "+56987243415", "Email": null, "Tipo": "Restaurante", "Servicio Cumple Inspeccion": null, "Servicio Cumple Patente": null, "Sitio Web": null, "Y": "-29.300396062816684", "X": " -71.3645590006988", "Origen Dato": "Google Maps", "Descripcion": null, "Ultima Actualizacion del Dato": "Abril 2025" }, "geometry": { "type": "Point", "coordinates": [ -71.364559000698804, -29.300396062816684 ] } },
{ "type": "Feature", "properties": { "fid": 188, "Foto": null, "Nombre": "Camping Refugio Humedal", "Link Sernatur": null, "Region": "Region de Coquimbo", "Comuna": "La Higuera", "Localidad": "Los Choros", "Direccion": "Ruta D 116, Km. 17.000 Parcela 8, 1740000 La Higuera, Coquimbo", "Telefono": "+56994731783", "Email": null, "Tipo": "Camping o recinto de campamento", "Servicio Cumple Inspeccion": null, "Servicio Cumple Patente": null, "Sitio Web": null, "Y": "-29.30026246297547", "X": " -71.36042429092313", "Origen Dato": "Google Maps", "Descripcion": null, "Ultima Actualizacion del Dato": "Abril 2025" }, "geometry": { "type": "Point", "coordinates": [ -71.360424290923135, -29.300262462975471 ] } },
{ "type": "Feature", "properties": { "fid": 189, "Foto": null, "Nombre": "Cabañas Los Choros", "Link Sernatur": null, "Region": "Region de Coquimbo", "Comuna": "La Higuera", "Localidad": "Los Choros", "Direccion": null, "Telefono": "+56997633978", "Email": null, "Tipo": "Cabañas", "Servicio Cumple Inspeccion": null, "Servicio Cumple Patente": null, "Sitio Web": null, "Y": "-29.2882745459616", "X": " -71.33651698121223", "Origen Dato": "Google Maps", "Descripcion": null, "Ultima Actualizacion del Dato": "Abril 2025" }, "geometry": { "type": "Point", "coordinates": [ -71.336516981212228, -29.288274545961599 ] } },
{ "type": "Feature", "properties": { "fid": 190, "Foto": null, "Nombre": "Apart Hotel Santa Maria", "Link Sernatur": null, "Region": "Region de Coquimbo", "Comuna": "La Higuera", "Localidad": "Los Choros", "Direccion": "OLIVARERA DEL PACIFICO, LOTE 543, Choros Bajos, La Higuera, Coquimbo", "Telefono": "+56993274530", "Email": null, "Tipo": "Apart Hotel", "Servicio Cumple Inspeccion": null, "Servicio Cumple Patente": null, "Sitio Web": null, "Y": "-29.28703181421434", "X": " -71.3304179306972", "Origen Dato": "Google Maps", "Descripcion": null, "Ultima Actualizacion del Dato": "Abril 2025" }, "geometry": { "type": "Point", "coordinates": [ -71.330417930697195, -29.287031814214341 ] } },
{ "type": "Feature", "properties": { "fid": 191, "Foto": null, "Nombre": "Hostal Portal Los Delfines", "Link Sernatur": null, "Region": "Region de Coquimbo", "Comuna": "La Higuera", "Localidad": "Los Choros", "Direccion": null, "Telefono": null, "Email": null, "Tipo": "Hostal", "Servicio Cumple Inspeccion": null, "Servicio Cumple Patente": null, "Sitio Web": null, "Y": "-29.286429784037647", "X": " -71.32414985619005", "Origen Dato": "Google Maps", "Descripcion": null, "Ultima Actualizacion del Dato": "Abril 2025" }, "geometry": { "type": "Point", "coordinates": [ -71.324149856190047, -29.286429784037647 ] } },
{ "type": "Feature", "properties": { "fid": 192, "Foto": null, "Nombre": "Cafe Las Pirkas", "Link Sernatur": null, "Region": "Region de Coquimbo", "Comuna": "La Higuera", "Localidad": "Los Choros", "Direccion": null, "Telefono": "+56977028044", "Email": null, "Tipo": "Restaurante", "Servicio Cumple Inspeccion": null, "Servicio Cumple Patente": null, "Sitio Web": null, "Y": "-29.290997842401698", "X": " -71.30968383221976", "Origen Dato": "Google Maps", "Descripcion": null, "Ultima Actualizacion del Dato": "Abril 2025" }, "geometry": { "type": "Point", "coordinates": [ -71.309683832219761, -29.290997842401698 ] } },
{ "type": "Feature", "properties": { "fid": 193, "Foto": null, "Nombre": "Cabañas Renacer", "Link Sernatur": null, "Region": "Region de Coquimbo", "Comuna": "La Higuera", "Localidad": "Los Choros", "Direccion": null, "Telefono": "+56942847823", "Email": null, "Tipo": "Cabañas", "Servicio Cumple Inspeccion": null, "Servicio Cumple Patente": null, "Sitio Web": null, "Y": "-29.29119763686832", "X": " -71.30524731597797", "Origen Dato": "Google Maps", "Descripcion": null, "Ultima Actualizacion del Dato": "Abril 2025" }, "geometry": { "type": "Point", "coordinates": [ -71.305247315977965, -29.291197636868318 ] } },
{ "type": "Feature", "properties": { "fid": 194, "Foto": null, "Nombre": "Chululos Sleep Home", "Link Sernatur": null, "Region": "Region de Coquimbo", "Comuna": "La Higuera", "Localidad": "Los Choros", "Direccion": null, "Telefono": null, "Email": null, "Tipo": "Hostal", "Servicio Cumple Inspeccion": null, "Servicio Cumple Patente": null, "Sitio Web": null, "Y": "-29.289185859651763", "X": " -71.30902295400236", "Origen Dato": "Google Maps", "Descripcion": null, "Ultima Actualizacion del Dato": "Abril 2025" }, "geometry": { "type": "Point", "coordinates": [ -71.309022954002359, -29.289185859651763 ] } },
{ "type": "Feature", "properties": { "fid": 195, "Foto": null, "Nombre": "Cabañas Lagaranita", "Link Sernatur": null, "Region": "Region de Coquimbo", "Comuna": "La Higuera", "Localidad": "Los Choros", "Direccion": null, "Telefono": "+56973892221", "Email": null, "Tipo": "Cabañas", "Servicio Cumple Inspeccion": null, "Servicio Cumple Patente": null, "Sitio Web": null, "Y": "-29.288996831837427", "X": " -71.30944576473831", "Origen Dato": "Google Maps", "Descripcion": null, "Ultima Actualizacion del Dato": "Abril 2025" }, "geometry": { "type": "Point", "coordinates": [ -71.309445764738314, -29.288996831837427 ] } },
{ "type": "Feature", "properties": { "fid": 196, "Foto": null, "Nombre": "Refugio El Tatan", "Link Sernatur": null, "Region": "Region de Coquimbo", "Comuna": "La Higuera", "Localidad": "Los Choros", "Direccion": null, "Telefono": "+56964814492", "Email": null, "Tipo": "Camping o recinto de campamento", "Servicio Cumple Inspeccion": null, "Servicio Cumple Patente": null, "Sitio Web": null, "Y": "-29.295171013769934", "X": " -71.31714337770299", "Origen Dato": "Google Maps", "Descripcion": null, "Ultima Actualizacion del Dato": "Abril 2025" }, "geometry": { "type": "Point", "coordinates": [ -71.31714337770299, -29.295171013769934 ] } },
{ "type": "Feature", "properties": { "fid": 197, "Foto": null, "Nombre": "Cabañas y Camping El Huerto de Abel", "Link Sernatur": null, "Region": "Region de Coquimbo", "Comuna": "La Higuera", "Localidad": "Los Choros", "Direccion": null, "Telefono": "+56985993776", "Email": null, "Tipo": "Cabañas", "Servicio Cumple Inspeccion": null, "Servicio Cumple Patente": null, "Sitio Web": null, "Y": "-29.294705470016762", "X": " -71.30481936215402", "Origen Dato": "Google Maps", "Descripcion": null, "Ultima Actualizacion del Dato": "Abril 2025" }, "geometry": { "type": "Point", "coordinates": [ -71.304819362154021, -29.294705470016762 ] } },
{ "type": "Feature", "properties": { "fid": 198, "Foto": null, "Nombre": "Cabañas Olas del Desierto", "Link Sernatur": null, "Region": "Region de Coquimbo", "Comuna": "La Higuera", "Localidad": "Los Choros", "Direccion": null, "Telefono": null, "Email": null, "Tipo": "Cabañas", "Servicio Cumple Inspeccion": null, "Servicio Cumple Patente": null, "Sitio Web": null, "Y": "-29.301558003879716", "X": " -71.3683376490976", "Origen Dato": "Google Maps", "Descripcion": null, "Ultima Actualizacion del Dato": "Abril 2025" }, "geometry": { "type": "Point", "coordinates": [ -71.368337649097597, -29.301558003879716 ] } },
{ "type": "Feature", "properties": { "fid": 199, "Foto": null, "Nombre": "Casa Zero", "Link Sernatur": null, "Region": "Region de Coquimbo", "Comuna": "La Higuera", "Localidad": "Los Choros", "Direccion": null, "Telefono": "+56983072980", "Email": null, "Tipo": "Cabañas", "Servicio Cumple Inspeccion": null, "Servicio Cumple Patente": null, "Sitio Web": null, "Y": "-29.292410125083173", "X": " -71.37877402265276", "Origen Dato": "Google Maps", "Descripcion": null, "Ultima Actualizacion del Dato": "Abril 2025" }, "geometry": { "type": "Point", "coordinates": [ -71.378774022652763, -29.292410125083173 ] } },
{ "type": "Feature", "properties": { "fid": 200, "Foto": null, "Nombre": "Cabaña Ecodunamar", "Link Sernatur": null, "Region": "Region de Coquimbo", "Comuna": "La Higuera", "Localidad": "Los Choros", "Direccion": null, "Telefono": "+56983405912", "Email": null, "Tipo": "Cabañas", "Servicio Cumple Inspeccion": null, "Servicio Cumple Patente": null, "Sitio Web": null, "Y": "-29.290135274742735", "X": " -71.3819566076878", "Origen Dato": "Google Maps", "Descripcion": null, "Ultima Actualizacion del Dato": "Abril 2025" }, "geometry": { "type": "Point", "coordinates": [ -71.381956607687798, -29.290135274742735 ] } },
{ "type": "Feature", "properties": { "fid": 201, "Foto": null, "Nombre": "Comida al paso Los Naufragos", "Link Sernatur": null, "Region": "Region de Coquimbo", "Comuna": "La Higuera", "Localidad": "Los Choros", "Direccion": null, "Telefono": "+56990535995", "Email": null, "Tipo": "Restaurante", "Servicio Cumple Inspeccion": null, "Servicio Cumple Patente": null, "Sitio Web": null, "Y": "-29.284588944709146", "X": " -71.38351214720505", "Origen Dato": "Google Maps", "Descripcion": null, "Ultima Actualizacion del Dato": "Abril 2025" }, "geometry": { "type": "Point", "coordinates": [ -71.383512147205053, -29.284588944709146 ] } },
{ "type": "Feature", "properties": { "fid": 202, "Foto": null, "Nombre": "Cabañas Tres Islas", "Link Sernatur": null, "Region": "Region de Coquimbo", "Comuna": "La Higuera", "Localidad": "Punta de Choros", "Direccion": null, "Telefono": "+56955261393", "Email": null, "Tipo": "Cabañas", "Servicio Cumple Inspeccion": null, "Servicio Cumple Patente": null, "Sitio Web": null, "Y": "-29.2554689299061", "X": " -71.42013692745951", "Origen Dato": "Google Maps", "Descripcion": null, "Ultima Actualizacion del Dato": "Abril 2025" }, "geometry": { "type": "Point", "coordinates": [ -71.420136927459509, -29.255468929906101 ] } },
{ "type": "Feature", "properties": { "fid": 203, "Foto": null, "Nombre": "Camping Punta Lodge", "Link Sernatur": null, "Region": "Region de Coquimbo", "Comuna": "La Higuera", "Localidad": "Punta de Choros", "Direccion": "Sector el faro Punta de Choros", "Telefono": "+56996991923", "Email": null, "Tipo": "Camping o recinto de campamento", "Servicio Cumple Inspeccion": null, "Servicio Cumple Patente": null, "Sitio Web": "https://www.puntalodge.cl/", "Y": "-29.253262552914347", "X": " -71.45801254808119", "Origen Dato": "Google Maps", "Descripcion": null, "Ultima Actualizacion del Dato": "Abril 2025" }, "geometry": { "type": "Point", "coordinates": [ -71.458012548081186, -29.253262552914347 ] } },
{ "type": "Feature", "properties": { "fid": 204, "Foto": null, "Nombre": "Restaurant Costa Bahia", "Link Sernatur": null, "Region": "Region de Coquimbo", "Comuna": "La Higuera", "Localidad": "Punta de Choros", "Direccion": null, "Telefono": "+56982659697", "Email": null, "Tipo": "Restaurante", "Servicio Cumple Inspeccion": null, "Servicio Cumple Patente": null, "Sitio Web": null, "Y": "-29.248619621460474", "X": " -71.46285210009482", "Origen Dato": "Google Maps", "Descripcion": null, "Ultima Actualizacion del Dato": "Abril 2025" }, "geometry": { "type": "Point", "coordinates": [ -71.462852100094821, -29.248619621460474 ] } },
{ "type": "Feature", "properties": { "fid": 205, "Foto": null, "Nombre": "Refugio del Archipielago", "Link Sernatur": null, "Region": "Region de Coquimbo", "Comuna": "La Higuera", "Localidad": "Punta de Choros", "Direccion": null, "Telefono": "+56930674231", "Email": null, "Tipo": "Departamentos turísticos y/o ejecutivos", "Servicio Cumple Inspeccion": null, "Servicio Cumple Patente": null, "Sitio Web": "https://refugiodelarchipie.wixsite.com/refugio-del-archipie", "Y": "-29.24779336451603", "X": " -71.46296729527721", "Origen Dato": "Google Maps", "Descripcion": null, "Ultima Actualizacion del Dato": "Abril 2025" }, "geometry": { "type": "Point", "coordinates": [ -71.46296729527721, -29.247793364516031 ] } },
{ "type": "Feature", "properties": { "fid": 206, "Foto": null, "Nombre": "Restaurant Tio Hernan", "Link Sernatur": null, "Region": "Region de Coquimbo", "Comuna": "La Higuera", "Localidad": "Punta de Choros", "Direccion": null, "Telefono": null, "Email": null, "Tipo": "Restaurante", "Servicio Cumple Inspeccion": null, "Servicio Cumple Patente": null, "Sitio Web": null, "Y": "-29.24776707011384", "X": " -71.46234361265707", "Origen Dato": "Google Maps", "Descripcion": null, "Ultima Actualizacion del Dato": "Abril 2025" }, "geometry": { "type": "Point", "coordinates": [ -71.462343612657065, -29.247767070113841 ] } },
{ "type": "Feature", "properties": { "fid": 207, "Foto": null, "Nombre": "Cabañas Bahia Esmeralda", "Link Sernatur": null, "Region": "Region de Coquimbo", "Comuna": "La Higuera", "Localidad": "Punta de Choros", "Direccion": null, "Telefono": "+56995363306", "Email": null, "Tipo": "Cabañas", "Servicio Cumple Inspeccion": null, "Servicio Cumple Patente": null, "Sitio Web": null, "Y": "-29.24735187620525", "X": " -71.46256278874337", "Origen Dato": "Google Maps", "Descripcion": null, "Ultima Actualizacion del Dato": "Abril 2025" }, "geometry": { "type": "Point", "coordinates": [ -71.462562788743369, -29.247351876205251 ] } },
{ "type": "Feature", "properties": { "fid": 208, "Foto": null, "Nombre": "Cabañas Amarilis", "Link Sernatur": null, "Region": "Region de Coquimbo", "Comuna": "La Higuera", "Localidad": "Punta de Choros", "Direccion": null, "Telefono": "+56994475200", "Email": "contacto@ananucas.cl", "Tipo": "Cabañas", "Servicio Cumple Inspeccion": null, "Servicio Cumple Patente": null, "Sitio Web": "http://www.ananucas.cl/", "Y": "-29.247474269353244", "X": " -71.46206879453644", "Origen Dato": "Google Maps", "Descripcion": null, "Ultima Actualizacion del Dato": "Abril 2025" }, "geometry": { "type": "Point", "coordinates": [ -71.462068794536435, -29.247474269353244 ] } },
{ "type": "Feature", "properties": { "fid": 209, "Foto": null, "Nombre": "Restaurant Chatito Nias", "Link Sernatur": null, "Region": "Region de Coquimbo", "Comuna": "La Higuera", "Localidad": "Punta de Choros", "Direccion": null, "Telefono": null, "Email": null, "Tipo": "Restaurante", "Servicio Cumple Inspeccion": null, "Servicio Cumple Patente": null, "Sitio Web": null, "Y": "-29.24828871180874", "X": " -71.46225207367921", "Origen Dato": "Google Maps", "Descripcion": null, "Ultima Actualizacion del Dato": "Abril 2025" }, "geometry": { "type": "Point", "coordinates": [ -71.46225207367921, -29.24828871180874 ] } },
{ "type": "Feature", "properties": { "fid": 210, "Foto": null, "Nombre": "Cabañas Turismo Punta de Choros", "Link Sernatur": null, "Region": "Region de Coquimbo", "Comuna": "La Higuera", "Localidad": "Punta de Choros", "Direccion": null, "Telefono": "+56994519487", "Email": "willyturismo@gmail.com", "Tipo": "Cabañas", "Servicio Cumple Inspeccion": null, "Servicio Cumple Patente": null, "Sitio Web": "https://turismopuntadechoros.cl/", "Y": "-29.24810128518856", "X": " -71.46251936571485", "Origen Dato": "Google Maps", "Descripcion": null, "Ultima Actualizacion del Dato": "Abril 2025" }, "geometry": { "type": "Point", "coordinates": [ -71.462519365714854, -29.248101285188561 ] } },
{ "type": "Feature", "properties": { "fid": 211, "Foto": null, "Nombre": "Cabañas Casa Azul", "Link Sernatur": null, "Region": "Region de Coquimbo", "Comuna": "La Higuera", "Localidad": "Punta de Choros", "Direccion": null, "Telefono": "+56989113544", "Email": null, "Tipo": "Cabañas", "Servicio Cumple Inspeccion": null, "Servicio Cumple Patente": null, "Sitio Web": null, "Y": "-29.245803827009937", "X": " -71.4624573811457", "Origen Dato": "Google Maps", "Descripcion": null, "Ultima Actualizacion del Dato": "Abril 2025" }, "geometry": { "type": "Point", "coordinates": [ -71.462457381145697, -29.245803827009937 ] } },
{ "type": "Feature", "properties": { "fid": 212, "Foto": null, "Nombre": "El Refugio del Pescador", "Link Sernatur": null, "Region": "Region de Coquimbo", "Comuna": "La Higuera", "Localidad": "Punta de Choros", "Direccion": null, "Telefono": null, "Email": null, "Tipo": "Restaurante", "Servicio Cumple Inspeccion": null, "Servicio Cumple Patente": null, "Sitio Web": null, "Y": "-29.24498191323881", "X": " -71.46220764783308", "Origen Dato": "Google Maps", "Descripcion": null, "Ultima Actualizacion del Dato": "Abril 2025" }, "geometry": { "type": "Point", "coordinates": [ -71.462207647833083, -29.24498191323881 ] } },
{ "type": "Feature", "properties": { "fid": 213, "Foto": null, "Nombre": "Tio Dogui Camping y Tour Navegacion", "Link Sernatur": null, "Region": "Region de Coquimbo", "Comuna": "La Higuera", "Localidad": "Punta de Choros", "Direccion": null, "Telefono": "+56985862017", "Email": null, "Tipo": "Camping o recinto de campamento", "Servicio Cumple Inspeccion": null, "Servicio Cumple Patente": null, "Sitio Web": null, "Y": "-29.244731417640327", "X": " -71.46179240639229", "Origen Dato": "Google Maps", "Descripcion": null, "Ultima Actualizacion del Dato": "Abril 2025" }, "geometry": { "type": "Point", "coordinates": [ -71.461792406392291, -29.244731417640327 ] } },
{ "type": "Feature", "properties": { "fid": 214, "Foto": null, "Nombre": "Cabañas Isla Damas", "Link Sernatur": null, "Region": "Region de Coquimbo", "Comuna": "La Higuera", "Localidad": "Punta de Choros", "Direccion": null, "Telefono": "+56989113544", "Email": null, "Tipo": "Cabañas", "Servicio Cumple Inspeccion": null, "Servicio Cumple Patente": null, "Sitio Web": null, "Y": "-29.244064701615862", "X": " -71.46121046604424", "Origen Dato": "Google Maps", "Descripcion": null, "Ultima Actualizacion del Dato": "Abril 2025" }, "geometry": { "type": "Point", "coordinates": [ -71.461210466044236, -29.244064701615862 ] } },
{ "type": "Feature", "properties": { "fid": 215, "Foto": null, "Nombre": "Cabañas Geochoros", "Link Sernatur": null, "Region": "Region de Coquimbo", "Comuna": "La Higuera", "Localidad": "Punta de Choros", "Direccion": null, "Telefono": "+56994203517", "Email": null, "Tipo": "Cabañas", "Servicio Cumple Inspeccion": null, "Servicio Cumple Patente": null, "Sitio Web": null, "Y": "-29.243975893782654", "X": " -71.46045752996721", "Origen Dato": "Google Maps", "Descripcion": null, "Ultima Actualizacion del Dato": "Abril 2025" }, "geometry": { "type": "Point", "coordinates": [ -71.460457529967215, -29.243975893782654 ] } },
{ "type": "Feature", "properties": { "fid": 216, "Foto": null, "Nombre": "Cabañas El Pino", "Link Sernatur": null, "Region": "Region de Coquimbo", "Comuna": "La Higuera", "Localidad": "Punta de Choros", "Direccion": null, "Telefono": null, "Email": null, "Tipo": "Cabañas", "Servicio Cumple Inspeccion": null, "Servicio Cumple Patente": null, "Sitio Web": null, "Y": "-29.242855221489982", "X": " -71.46134679004845", "Origen Dato": "Google Maps", "Descripcion": null, "Ultima Actualizacion del Dato": "Abril 2025" }, "geometry": { "type": "Point", "coordinates": [ -71.461346790048452, -29.242855221489982 ] } },
{ "type": "Feature", "properties": { "fid": 217, "Foto": null, "Nombre": "Restaurant Hidalgo", "Link Sernatur": null, "Region": "Region de Coquimbo", "Comuna": "La Higuera", "Localidad": "Punta de Choros", "Direccion": null, "Telefono": null, "Email": null, "Tipo": "Restaurante", "Servicio Cumple Inspeccion": null, "Servicio Cumple Patente": null, "Sitio Web": null, "Y": "-29.24875146447087", "X": " -71.46175364865515", "Origen Dato": "Google Maps", "Descripcion": null, "Ultima Actualizacion del Dato": "Abril 2025" }, "geometry": { "type": "Point", "coordinates": [ -71.461753648655147, -29.248751464470871 ] } },
{ "type": "Feature", "properties": { "fid": 218, "Foto": null, "Nombre": "Camping Lolo Aguirre", "Link Sernatur": null, "Region": "Region de Coquimbo", "Comuna": "La Higuera", "Localidad": "Punta de Choros", "Direccion": null, "Telefono": "+56992705472", "Email": null, "Tipo": "Camping o recinto de campamento", "Servicio Cumple Inspeccion": null, "Servicio Cumple Patente": null, "Sitio Web": null, "Y": "-29.248134309698496", "X": " -71.46130158654206", "Origen Dato": "Google Maps", "Descripcion": null, "Ultima Actualizacion del Dato": "Abril 2025" }, "geometry": { "type": "Point", "coordinates": [ -71.461301586542064, -29.248134309698496 ] } },
{ "type": "Feature", "properties": { "fid": 219, "Foto": null, "Nombre": "Cabañas La Quelita", "Link Sernatur": null, "Region": "Region de Coquimbo", "Comuna": "La Higuera", "Localidad": "Punta de Choros", "Direccion": null, "Telefono": "+56974187025", "Email": null, "Tipo": "Cabañas", "Servicio Cumple Inspeccion": null, "Servicio Cumple Patente": null, "Sitio Web": null, "Y": "-29.243885278627356", "X": " -71.4601090276899", "Origen Dato": "Google Maps", "Descripcion": null, "Ultima Actualizacion del Dato": "Abril 2025" }, "geometry": { "type": "Point", "coordinates": [ -71.460109027689896, -29.243885278627356 ] } },
{ "type": "Feature", "properties": { "fid": 220, "Foto": null, "Nombre": "Cabañas Miraflores", "Link Sernatur": null, "Region": "Region de Coquimbo", "Comuna": "La Higuera", "Localidad": "Punta de Choros", "Direccion": null, "Telefono": "+56999090274", "Email": null, "Tipo": "Cabañas", "Servicio Cumple Inspeccion": null, "Servicio Cumple Patente": null, "Sitio Web": null, "Y": "-29.241954221557794", "X": " -71.46101888318591", "Origen Dato": "Google Maps", "Descripcion": null, "Ultima Actualizacion del Dato": "Abril 2025" }, "geometry": { "type": "Point", "coordinates": [ -71.461018883185915, -29.241954221557794 ] } },
{ "type": "Feature", "properties": { "fid": 221, "Foto": null, "Nombre": "Refugio Humboldt", "Link Sernatur": null, "Region": "Region de Coquimbo", "Comuna": "La Higuera", "Localidad": "Punta de Choros", "Direccion": null, "Telefono": "+56956191404", "Email": "info@refugiohumboldt.cl", "Tipo": "Cabañas", "Servicio Cumple Inspeccion": null, "Servicio Cumple Patente": null, "Sitio Web": "https://www.refugiohumboldt.cl/", "Y": "-29.248722299396057", "X": " -71.46343505207531", "Origen Dato": "Google Maps", "Descripcion": null, "Ultima Actualizacion del Dato": "Abril 2025" }, "geometry": { "type": "Point", "coordinates": [ -71.463435052075312, -29.248722299396057 ] } },
{ "type": "Feature", "properties": { "fid": 222, "Foto": null, "Nombre": "Restaurant El Barco", "Link Sernatur": null, "Region": "Region de Coquimbo", "Comuna": "La Higuera", "Localidad": "Punta de Choros", "Direccion": null, "Telefono": "+56985606846", "Email": null, "Tipo": "Restaurante", "Servicio Cumple Inspeccion": null, "Servicio Cumple Patente": null, "Sitio Web": null, "Y": "-29.248298184448522", "X": " -71.4675849518506", "Origen Dato": "Google Maps", "Descripcion": null, "Ultima Actualizacion del Dato": "Abril 2025" }, "geometry": { "type": "Point", "coordinates": [ -71.467584951850597, -29.248298184448522 ] } },
{ "type": "Feature", "properties": { "fid": 223, "Foto": null, "Nombre": "El Rincon de Aroncito", "Link Sernatur": null, "Region": "Region de Coquimbo", "Comuna": "La Higuera", "Localidad": "Punta de Choros", "Direccion": null, "Telefono": null, "Email": null, "Tipo": "Restaurante", "Servicio Cumple Inspeccion": null, "Servicio Cumple Patente": null, "Sitio Web": null, "Y": "-29.246728784887974", "X": " -71.46766027785964", "Origen Dato": "Google Maps", "Descripcion": null, "Ultima Actualizacion del Dato": "Abril 2025" }, "geometry": { "type": "Point", "coordinates": [ -71.467660277859636, -29.246728784887974 ] } },
{ "type": "Feature", "properties": { "fid": 224, "Foto": null, "Nombre": "Local Tio Chelo", "Link Sernatur": null, "Region": "Region de Coquimbo", "Comuna": "La Higuera", "Localidad": "Punta de Choros", "Direccion": null, "Telefono": "+56985922963", "Email": null, "Tipo": "Picada", "Servicio Cumple Inspeccion": null, "Servicio Cumple Patente": null, "Sitio Web": null, "Y": "-29.246932753001275", "X": " -71.46795749755589", "Origen Dato": "Google Maps", "Descripcion": null, "Ultima Actualizacion del Dato": "Abril 2025" }, "geometry": { "type": "Point", "coordinates": [ -71.467957497555886, -29.246932753001275 ] } },
{ "type": "Feature", "properties": { "fid": 225, "Foto": null, "Nombre": "Hogar Magico Punta de Choros", "Link Sernatur": null, "Region": "Region de Coquimbo", "Comuna": "La Higuera", "Localidad": "Punta de Choros", "Direccion": null, "Telefono": null, "Email": null, "Tipo": "Cabañas", "Servicio Cumple Inspeccion": null, "Servicio Cumple Patente": null, "Sitio Web": null, "Y": "-29.225175441710512", "X": " -71.46339553346942", "Origen Dato": "Google Maps", "Descripcion": null, "Ultima Actualizacion del Dato": "Abril 2025" }, "geometry": { "type": "Point", "coordinates": [ -71.463395533469424, -29.225175441710512 ] } },
{ "type": "Feature", "properties": { "fid": 226, "Foto": null, "Nombre": "Entre Dunas y Caracolas", "Link Sernatur": null, "Region": "Region de Coquimbo", "Comuna": "La Higuera", "Localidad": "Punta de Choros", "Direccion": null, "Telefono": "+56968751186", "Email": "reservas@dunasycaracolas.com", "Tipo": "Cabañas", "Servicio Cumple Inspeccion": null, "Servicio Cumple Patente": null, "Sitio Web": "http://www.dunasycaracolas.com/", "Y": "-29.2226705069908", "X": " -71.46236715239982", "Origen Dato": "Google Maps", "Descripcion": null, "Ultima Actualizacion del Dato": "Abril 2025" }, "geometry": { "type": "Point", "coordinates": [ -71.462367152399821, -29.222670506990799 ] } },
{ "type": "Feature", "properties": { "fid": 227, "Foto": null, "Nombre": "Refugios del Mar", "Link Sernatur": null, "Region": "Region de Coquimbo", "Comuna": "La Higuera", "Localidad": "Punta de Choros", "Direccion": null, "Telefono": "+56981812092", "Email": "reservas@refugiosdelmar.com", "Tipo": "Cabañas", "Servicio Cumple Inspeccion": null, "Servicio Cumple Patente": null, "Sitio Web": "https://refugiosdelmar.com/reserva-online/", "Y": "-29.217626710719262", "X": " -71.46772805985941", "Origen Dato": "Google Maps", "Descripcion": null, "Ultima Actualizacion del Dato": "Abril 2025" }, "geometry": { "type": "Point", "coordinates": [ -71.467728059859411, -29.217626710719262 ] } },
{ "type": "Feature", "properties": { "fid": 228, "Foto": null, "Nombre": "Punta de Choros Lodge", "Link Sernatur": null, "Region": "Region de Coquimbo", "Comuna": "La Higuera", "Localidad": "Punta de Choros", "Direccion": null, "Telefono": "+56992218917", "Email": "puntadechoroslodge@gmail.com", "Tipo": "Cabañas", "Servicio Cumple Inspeccion": null, "Servicio Cumple Patente": null, "Sitio Web": "https://puntadechoroslodge.cl/", "Y": "-29.21558053907956", "X": " -71.47082725886635", "Origen Dato": "Google Maps", "Descripcion": null, "Ultima Actualizacion del Dato": "Abril 2025" }, "geometry": { "type": "Point", "coordinates": [ -71.47082725886635, -29.215580539079561 ] } },
{ "type": "Feature", "properties": { "fid": 229, "Foto": null, "Nombre": "Lodge Capt Jack", "Link Sernatur": null, "Region": "Region de Coquimbo", "Comuna": "La Higuera", "Localidad": "Punta de Choros", "Direccion": null, "Telefono": "+56985094811", "Email": null, "Tipo": "Cabañas", "Servicio Cumple Inspeccion": null, "Servicio Cumple Patente": null, "Sitio Web": "https://captjack.cl/", "Y": "-29.213782896546384", "X": " -71.47202121185597", "Origen Dato": "Google Maps", "Descripcion": null, "Ultima Actualizacion del Dato": "Abril 2025" }, "geometry": { "type": "Point", "coordinates": [ -71.472021211855974, -29.213782896546384 ] } },
{ "type": "Feature", "properties": { "fid": 230, "Foto": null, "Nombre": "Camping Changos", "Link Sernatur": null, "Region": "Region de Coquimbo", "Comuna": "La Higuera", "Localidad": "Punta de Choros", "Direccion": null, "Telefono": "+56992737946", "Email": null, "Tipo": "Camping o recinto de campamento", "Servicio Cumple Inspeccion": null, "Servicio Cumple Patente": null, "Sitio Web": null, "Y": "-29.209843374514794", "X": " -71.47802845359705", "Origen Dato": "Google Maps", "Descripcion": null, "Ultima Actualizacion del Dato": "Abril 2025" }, "geometry": { "type": "Point", "coordinates": [ -71.478028453597048, -29.209843374514794 ] } },
{ "type": "Feature", "properties": { "fid": 231, "Foto": null, "Nombre": "Cabañas Las Dunas Playa La Ventana", "Link Sernatur": null, "Region": "Region de Coquimbo", "Comuna": "La Higuera", "Localidad": "Punta de Choros", "Direccion": null, "Telefono": "+56997888765", "Email": null, "Tipo": "Cabañas", "Servicio Cumple Inspeccion": null, "Servicio Cumple Patente": null, "Sitio Web": "https://instagram.com/lasdunasdeplayalaventana", "Y": "-29.20808110073948", "X": " -71.479940738867", "Origen Dato": "Google Maps", "Descripcion": null, "Ultima Actualizacion del Dato": "Abril 2025" }, "geometry": { "type": "Point", "coordinates": [ -71.479940738867001, -29.208081100739481 ] } },
{ "type": "Feature", "properties": { "fid": 232, "Foto": null, "Nombre": "TamboCamp", "Link Sernatur": null, "Region": "Region de Coquimbo", "Comuna": "La Higuera", "Localidad": "Punta de Choros", "Direccion": null, "Telefono": "+56973898173", "Email": "contacto@tambocamp.cl", "Tipo": "Camping o recinto de campamento", "Servicio Cumple Inspeccion": null, "Servicio Cumple Patente": null, "Sitio Web": "https://www.tambocamp.cl/", "Y": "-29.20688395862697", "X": " -71.48240264485212", "Origen Dato": "Google Maps", "Descripcion": null, "Ultima Actualizacion del Dato": "Abril 2025" }, "geometry": { "type": "Point", "coordinates": [ -71.482402644852115, -29.206883958626971 ] } },
{ "type": "Feature", "properties": { "fid": 233, "Foto": null, "Nombre": "Camping El Apolillado", "Link Sernatur": null, "Region": "Region de Coquimbo", "Comuna": "La Higuera", "Localidad": "Punta de Choros", "Direccion": null, "Telefono": "+56 9 71386047", "Email": "campingelapolillado@gmail.com", "Tipo": "Camping o recinto de campamento", "Servicio Cumple Inspeccion": null, "Servicio Cumple Patente": null, "Sitio Web": "https://www.elapolillado.com/", "Y": "-29.183386567898587", "X": " -71.49002051605875", "Origen Dato": "Google Maps", "Descripcion": null, "Ultima Actualizacion del Dato": "Abril 2025" }, "geometry": { "type": "Point", "coordinates": [ -71.490020516058749, -29.183386567898587 ] } },
{ "type": "Feature", "properties": { "fid": 234, "Foto": null, "Nombre": "El Rancho Grande", "Link Sernatur": null, "Region": "Region de Coquimbo", "Comuna": "La Higuera", "Localidad": "El Trapinche", "Direccion": null, "Telefono": "+56988691924", "Email": null, "Tipo": "Restaurante", "Servicio Cumple Inspeccion": null, "Servicio Cumple Patente": null, "Sitio Web": null, "Y": "-29.37154292342347", "X": " -71.11698124854655", "Origen Dato": "Google Maps", "Descripcion": null, "Ultima Actualizacion del Dato": "Abril 2025" }, "geometry": { "type": "Point", "coordinates": [ -71.116981248546551, -29.371542923423469 ] } },
{ "type": "Feature", "properties": { "fid": 235, "Foto": null, "Nombre": "Eben-Ezer Restaurante", "Link Sernatur": null, "Region": "Region de Coquimbo", "Comuna": "La Higuera", "Localidad": "El Trapinche", "Direccion": null, "Telefono": null, "Email": null, "Tipo": "Picada", "Servicio Cumple Inspeccion": null, "Servicio Cumple Patente": null, "Sitio Web": null, "Y": "-29.376787909123756", "X": " -71.10789084629714", "Origen Dato": "Google Maps", "Descripcion": null, "Ultima Actualizacion del Dato": "Abril 2025" }, "geometry": { "type": "Point", "coordinates": [ -71.107890846297138, -29.376787909123756 ] } },
{ "type": "Feature", "properties": { "fid": 236, "Foto": null, "Nombre": "La Fortaleza", "Link Sernatur": null, "Region": "Region de Coquimbo", "Comuna": "La Higuera", "Localidad": "El Trapinche", "Direccion": null, "Telefono": null, "Email": null, "Tipo": "Picada", "Servicio Cumple Inspeccion": null, "Servicio Cumple Patente": null, "Sitio Web": null, "Y": "-29.37695439646513", "X": " -71.1070229975227", "Origen Dato": "Google Maps", "Descripcion": null, "Ultima Actualizacion del Dato": "Abril 2025" }, "geometry": { "type": "Point", "coordinates": [ -71.107022997522705, -29.376954396465131 ] } },
{ "type": "Feature", "properties": { "fid": 237, "Foto": null, "Nombre": "Sabor Trapichano", "Link Sernatur": null, "Region": "Region de Coquimbo", "Comuna": "La Higuera", "Localidad": "El Trapinche", "Direccion": null, "Telefono": null, "Email": null, "Tipo": "Picada", "Servicio Cumple Inspeccion": null, "Servicio Cumple Patente": null, "Sitio Web": null, "Y": "-29.377836458418127", "X": " -71.11375927784499", "Origen Dato": "Google Maps", "Descripcion": null, "Ultima Actualizacion del Dato": "Abril 2025" }, "geometry": { "type": "Point", "coordinates": [ -71.113759277844991, -29.377836458418127 ] } },
{ "type": "Feature", "properties": { "fid": 238, "Foto": null, "Nombre": "MiraMar", "Link Sernatur": null, "Region": "Region de Coquimbo", "Comuna": "La Higuera", "Localidad": "Caleta Hornos", "Direccion": null, "Telefono": "+56985883710", "Email": null, "Tipo": "Restaurante", "Servicio Cumple Inspeccion": null, "Servicio Cumple Patente": null, "Sitio Web": null, "Y": "-29.62694938468345", "X": " -71.27870052051016", "Origen Dato": "Google Maps", "Descripcion": null, "Ultima Actualizacion del Dato": "Abril 2025" }, "geometry": { "type": "Point", "coordinates": [ -71.278700520510156, -29.626949384683449 ] } },
{ "type": "Feature", "properties": { "fid": 239, "Foto": null, "Nombre": "Posada Patty", "Link Sernatur": null, "Region": "Coquimbo", "Comuna": "La Higuera", "Localidad": "El Trapinche", "Direccion": "Ruta 5 Norte, Sector El trapinche", "Telefono": null, "Email": null, "Tipo": "Restaurante", "Servicio Cumple Inspeccion": null, "Servicio Cumple Patente": null, "Sitio Web": null, "Y": null, "X": null, "Origen Dato": "Google Maps", "Descripcion": null, "Ultima Actualizacion del Dato": "Abril 2025" }, "geometry": { "type": "Point", "coordinates": [ -71.142751692607845, -29.368156651030606 ] } }
]
}
